{"region_data":{"countryId":"3865483","adminCode1":"07","countryName":"Argentina","fclName":"country, state, region,...","countryCode":"AR","lng":"-58.45","fcodeName":"first-order administrative division","toponymName":"Ciudad Autónoma de Buenos Aires","fcl":"A","name":"Buenos Aires F.D.","fcode":"ADM1","geonameId":3433955,"lat":"-34.6","adminName1":"Buenos Aires F.D.","population":2776138},"country_data":{"ISO":"AR","ISO3":"ARG","ISO_Numeric":"032","fips":"AR","country":"Argentina","capital":"Buenos Aires","area":"2766890","Population":"41343201","Continent":"SA","tld":".ar","CurrencyCode":"ARS","CurrencyName":"Peso","Phone":"54","Postal_Code_Format":"@####@@@","Postal_Code_Regex":"^([A-Z]\\d{4}[A-Z]{3})$","Languages":"es-AR,en,it,de,fr,gn","geonameid":"3865483","neighbours":"CL,BO,UY,PY,BR","EquivalentFipsCode":""},"cities":[{"geonameid":"3427408","name":"Villa Lugano","asciiname":"Villa Lugano","alternatenames":["Villa Lugano"],"latitude":"-34.67907","longitude":"-58.47263","feature_class":"P","feature_code":"PPLX","country_code":"AR","cc2":"","admin1_code":"07","admin2_code":"","admin3_code":"","admin4_code":"","population":"114000","elevation":"","dem":"19","timezone":"America/Argentina/Buenos_Aires","modification_date":"2013-05-01"},{"geonameid":"3429576","name":"Retiro","asciiname":"Retiro","alternatenames":["Retiras","Retiro","lei di luo","retiro","Ретиро","Ретіро","レティーロ","雷蒂罗"],"latitude":"-34.58333","longitude":"-58.38333","feature_class":"P","feature_code":"PPLX","country_code":"AR","cc2":"","admin1_code":"07","admin2_code":"","admin3_code":"","admin4_code":"","population":"38635","elevation":"","dem":"7","timezone":"America/Argentina/Buenos_Aires","modification_date":"2012-01-18"},{"geonameid":"3435356","name":"Colegiales","asciiname":"Colegiales","alternatenames":["Colegiales"],"latitude":"-34.57365","longitude":"-58.44924","feature_class":"P","feature_code":"PPLX","country_code":"AR","cc2":"","admin1_code":"07","admin2_code":"","admin3_code":"","admin4_code":"","population":"57000","elevation":"","dem":"27","timezone":"America/Argentina/Buenos_Aires","modification_date":"2010-11-28"},{"geonameid":"3435910","name":"Buenos Aires","asciiname":"Buenos Aires","alternatenames":["BUE","Baires","Bonaero","Bonaeropolis","Bonaëropolis","Bos Aires","Bouenos Aires","Bouonezar","Bouonézâr","Buehnos Ajres","Buehnos-Ajres","Buehnos-Ajres osh","Buenos Aires","Buenos Airės","Buenos Ajres","Buenos Ayres","Buenos-Aires","Buenos-Ajres","Buenos-Ayres","Buenos-Aýres","Buenosairesa","Buénos Ayrés","Bwenoze","Bwènozè","Búenos Aíres","Ciudad Autonoma de Buenos Aires","Ciudad Autónoma de Buenos Aires","Ciudad de La Santisima Trinidad y Puerto de Santa Maria del Buen Ayre","Ciudad de La Santísima Trinidad y Puerto de Santa María del Buen Ayre","Gorad Buehnas-Ajrehs","Lungsod ng Buenos Aires","Santa Maria del Buen Ayre","Santa María del Buen Ayre","bawnosxires","bu yi nuo si ai li si","bu'enosa a'iresa","buenos-airesi","buenosaires","buenoseuaileseu","buenosuairesu","buraenosa a'iresa","buyenosa a'iresa","bwyns ayrs","bwynws ayrs","bwynws ayrys","byu'enosa erisa","byunas airis","byunas ayels","bywns ayrs","puvenas airis","Μπουένος ΄Aιρες","Μπουένος Άιρες","Буенос Аирес","Буенос Айрес","Буенос Аірес","Буенос Ајрес","Буенос-Аирес","Буенос-Айрес","Буэнос Айрес","Буэнос-Айрес","Буэнос-Айрес ош","Горад Буэнас-Айрэс","Բուենոս Այրես","בואנוס איירס","בוענאס איירעס","بوئنوس آیرس","بوينس آيرس","بوينوس ايريس","بۆینس ئایرس","بیونس آئرس","बुएनोस आइरेस","ब्युएनॉस एरीस","বুয়েনোস আইরেস","বুৱেনোস আইরেস","புவெனஸ் ஐரிஸ்","ಬ್ಯೂನಸ್ ಐರಿಸ್","ബ്യൂണസ് അയേഴ്സ്","บัวโนสไอเรส","པུ་ཨེ་ནོ་སི་ཨས་རི་སི།","ဗျူနိုအေးရိစ်မြို့","ბუენოს-აირესი","ብዌኖስ አይሬስ","ブエノスアイレス","布宜諾斯艾利斯","布宜诺斯艾利斯","부에노스아이레스"],"latitude":"-34.61315","longitude":"-58.37723","feature_class":"P","feature_code":"PPLC","country_code":"AR","cc2":"","admin1_code":"07","admin2_code":"","admin3_code":"","admin4_code":"","population":"13076300","elevation":"","dem":"31","timezone":"America/Argentina/Buenos_Aires","modification_date":"2015-06-03"},{"geonameid":"6693230","name":"Villa Santa Rita","asciiname":"Villa Santa Rita","alternatenames":[""],"latitude":"-34.61082","longitude":"-58.481","feature_class":"P","feature_code":"PPLX","country_code":"AR","cc2":"","admin1_code":"07","admin2_code":"","admin3_code":"","admin4_code":"","population":"34000","elevation":"","dem":"25","timezone":"America/Argentina/Buenos_Aires","modification_date":"2010-11-28"}]}