{"region_data":{"countryId":"3865483","adminCode1":"19","countryName":"Argentina","fclName":"country, state, region,...","countryCode":"AR","lng":"-66","fcodeName":"first-order administrative division","toponymName":"Provincia de San Luis","fcl":"A","numberOfChildren":9,"name":"Provincia de San Luis","fcode":"ADM1","geonameId":3837029,"lat":"-34","adminName1":"San Luis","population":367933},"country_data":{"ISO":"AR","ISO3":"ARG","ISO_Numeric":"032","fips":"AR","country":"Argentina","capital":"Buenos Aires","area":"2766890","Population":"41343201","Continent":"SA","tld":".ar","CurrencyCode":"ARS","CurrencyName":"Peso","Phone":"54","Postal_Code_Format":"@####@@@","Postal_Code_Regex":"^([A-Z]\\d{4}[A-Z]{3})$","Languages":"es-AR,en,it,de,fr,gn","geonameid":"3865483","neighbours":"CL,BO,UY,PY,BR","EquivalentFipsCode":""},"cities":[{"geonameid":"3832731","name":"Villa General Roca","asciiname":"Villa General Roca","alternatenames":["General Roca","Villa General Roca"],"latitude":"-32.66535","longitude":"-66.45052","feature_class":"P","feature_code":"PPLA2","country_code":"AR","cc2":"","admin1_code":"19","admin2_code":"","admin3_code":"","admin4_code":"","population":"196","elevation":"","dem":"650","timezone":"America/Argentina/San_Luis","modification_date":"2014-03-07"},{"geonameid":"3833424","name":"Unión","asciiname":"Union","alternatenames":["Union","Unión"],"latitude":"-35.15282","longitude":"-65.94602","feature_class":"P","feature_code":"PPL","country_code":"AR","cc2":"","admin1_code":"19","admin2_code":"","admin3_code":"","admin4_code":"","population":"2341","elevation":"","dem":"378","timezone":"America/Argentina/San_Luis","modification_date":"2012-01-18"},{"geonameid":"3834397","name":"Tilisarao","asciiname":"Tilisarao","alternatenames":["Tilisarao"],"latitude":"-32.73292","longitude":"-65.29109","feature_class":"P","feature_code":"PPL","country_code":"AR","cc2":"","admin1_code":"19","admin2_code":"","admin3_code":"","admin4_code":"","population":"5478","elevation":"","dem":"752","timezone":"America/Argentina/San_Luis","modification_date":"2012-02-02"},{"geonameid":"3835941","name":"Santa Rosa del Conlara","asciiname":"Santa Rosa del Conlara","alternatenames":["Santa Rosa","Santa Rosa del Conlara"],"latitude":"-32.34286","longitude":"-65.20323","feature_class":"P","feature_code":"PPLA2","country_code":"AR","cc2":"","admin1_code":"19","admin2_code":"","admin3_code":"","admin4_code":"","population":"4489","elevation":"","dem":"591","timezone":"America/Argentina/San_Luis","modification_date":"2014-03-07"},{"geonameid":"3837056","name":"San Luis","asciiname":"San Luis","alternatenames":["Ciudad de San Luis","LUQ","San Luis","San Luisas","San-Luis","Sanctus Ludovicus","san lwyys","san-luisi","sanlu-iseu","sheng lu yi si","Сан Луис","Сан-Луис","Сан-Луїс","סן לואיס","سان لوئیس","სან-ლუისი","サン・ルイス","聖路易斯","산루이스"],"latitude":"-33.29501","longitude":"-66.33563","feature_class":"P","feature_code":"PPLA","country_code":"AR","cc2":"","admin1_code":"19","admin2_code":"","admin3_code":"","admin4_code":"","population":"183982","elevation":"","dem":"729","timezone":"America/Argentina/San_Luis","modification_date":"2012-01-18"},{"geonameid":"3837624","name":"San Francisco del Monte de Oro","asciiname":"San Francisco del Monte de Oro","alternatenames":["San Francisco","San Francisco del Monte de Oro"],"latitude":"-32.59825","longitude":"-66.12539","feature_class":"P","feature_code":"PPLA2","country_code":"AR","cc2":"","admin1_code":"19","admin2_code":"","admin3_code":"","admin4_code":"","population":"3295","elevation":"","dem":"792","timezone":"America/Argentina/San_Luis","modification_date":"2014-03-07"},{"geonameid":"3843407","name":"Naschel","asciiname":"Naschel","alternatenames":[""],"latitude":"-32.91656","longitude":"-65.37535","feature_class":"P","feature_code":"PPL","country_code":"AR","cc2":"","admin1_code":"19","admin2_code":"","admin3_code":"","admin4_code":"","population":"3157","elevation":"","dem":"867","timezone":"America/Argentina/San_Luis","modification_date":"2010-08-04"},{"geonameid":"3844377","name":"Merlo","asciiname":"Merlo","alternatenames":["Merlo","RLO","Villa de Merlo"],"latitude":"-32.34288","longitude":"-65.01396","feature_class":"P","feature_code":"PPL","country_code":"AR","cc2":"","admin1_code":"19","admin2_code":"74049","admin3_code":"","admin4_code":"","population":"11159","elevation":"","dem":"863","timezone":"America/Argentina/San_Luis","modification_date":"2015-06-07"},{"geonameid":"3845398","name":"Luján","asciiname":"Lujan","alternatenames":["Lujan","Luján"],"latitude":"-32.3757","longitude":"-65.9296","feature_class":"P","feature_code":"PPL","country_code":"AR","cc2":"","admin1_code":"19","admin2_code":"","admin3_code":"","admin4_code":"","population":"1896","elevation":"","dem":"616","timezone":"America/Argentina/San_Luis","modification_date":"2012-02-02"},{"geonameid":"3846914","name":"Libertador General San Martín","asciiname":"Libertador General San Martin","alternatenames":["Libertador General San Martin","Libertador General San Martín","San Martin","San Martín"],"latitude":"-32.41074","longitude":"-65.67586","feature_class":"P","feature_code":"PPLA2","country_code":"AR","cc2":"","admin1_code":"19","admin2_code":"","admin3_code":"","admin4_code":"","population":"0","elevation":"","dem":"944","timezone":"America/Argentina/San_Luis","modification_date":"2014-03-07"},{"geonameid":"3847482","name":"La Toma","asciiname":"La Toma","alternatenames":["Cuatro de Junio","La Toma"],"latitude":"-33.05258","longitude":"-65.62385","feature_class":"P","feature_code":"PPLA2","country_code":"AR","cc2":"","admin1_code":"19","admin2_code":"","admin3_code":"","admin4_code":"","population":"6663","elevation":"","dem":"897","timezone":"America/Argentina/San_Luis","modification_date":"2014-03-07"},{"geonameid":"3853330","name":"Justo Daract","asciiname":"Justo Daract","alternatenames":["Justo Daract","Justo Daraet"],"latitude":"-33.8594","longitude":"-65.18277","feature_class":"P","feature_code":"PPL","country_code":"AR","cc2":"","admin1_code":"19","admin2_code":"","admin3_code":"","admin4_code":"","population":"9680","elevation":"","dem":"421","timezone":"America/Argentina/San_Luis","modification_date":"2012-01-18"},{"geonameid":"3860431","name":"Concarán","asciiname":"Concaran","alternatenames":["Concaran","Concarán","Concoran","Dolores","Villa Dolores"],"latitude":"-32.56009","longitude":"-65.2427","feature_class":"P","feature_code":"PPLA2","country_code":"AR","cc2":"","admin1_code":"19","admin2_code":"","admin3_code":"","admin4_code":"","population":"4530","elevation":"","dem":"673","timezone":"America/Argentina/San_Luis","modification_date":"2014-03-07"},{"geonameid":"3862832","name":"Candelaria","asciiname":"Candelaria","alternatenames":["Candelaria"],"latitude":"-32.06036","longitude":"-65.82477","feature_class":"P","feature_code":"PPL","country_code":"AR","cc2":"","admin1_code":"19","admin2_code":"","admin3_code":"","admin4_code":"","population":"2269","elevation":"","dem":"410","timezone":"America/Argentina/San_Luis","modification_date":"2012-02-02"},{"geonameid":"3863814","name":"Buena Esperanza","asciiname":"Buena Esperanza","alternatenames":["B. Esperanza","Buena Esperanza"],"latitude":"-34.75647","longitude":"-65.25379","feature_class":"P","feature_code":"PPLA2","country_code":"AR","cc2":"","admin1_code":"19","admin2_code":"","admin3_code":"","admin4_code":"","population":"2531","elevation":"","dem":"323","timezone":"America/Argentina/San_Luis","modification_date":"2014-03-07"},{"geonameid":"7116866","name":"Villa Mercedes","asciiname":"Villa Mercedes","alternatenames":["VME","Vila Mersedes","Vilja Mersedesas","mei sai de si zhen","wyya mrsds","Виља Мерседес","وییا مرسدس","ビジャ・メルセデス","梅塞德斯鎮"],"latitude":"-33.67571","longitude":"-65.45783","feature_class":"P","feature_code":"PPL","country_code":"AR","cc2":"","admin1_code":"19","admin2_code":"","admin3_code":"","admin4_code":"","population":"96781","elevation":"","dem":"516","timezone":"America/Argentina/San_Luis","modification_date":"2010-05-31"},{"geonameid":"7284819","name":"La Punta","asciiname":"La Punta","alternatenames":[""],"latitude":"-33.18368","longitude":"-66.3127","feature_class":"P","feature_code":"PPLL","country_code":"AR","cc2":"","admin1_code":"19","admin2_code":"","admin3_code":"","admin4_code":"","population":"15000","elevation":"700","dem":"814","timezone":"America/Argentina/San_Luis","modification_date":"2010-03-31"}]}