{"region_data":{"countryId":"3865483","adminCode1":"16","countryName":"Argentina","fclName":"country, state, region,...","countryCode":"AR","lng":"-67","fcodeName":"first-order administrative division","toponymName":"Provincia de Río Negro","fcl":"A","numberOfChildren":13,"name":"Rio Negro","fcode":"ADM1","geonameId":3838830,"lat":"-40","adminName1":"Rio Negro","population":552822},"country_data":{"ISO":"AR","ISO3":"ARG","ISO_Numeric":"032","fips":"AR","country":"Argentina","capital":"Buenos Aires","area":"2766890","Population":"41343201","Continent":"SA","tld":".ar","CurrencyCode":"ARS","CurrencyName":"Peso","Phone":"54","Postal_Code_Format":"@####@@@","Postal_Code_Regex":"^([A-Z]\\d{4}[A-Z]{3})$","Languages":"es-AR,en,it,de,fr,gn","geonameid":"3865483","neighbours":"CL,BO,UY,PY,BR","EquivalentFipsCode":""},"cities":[{"geonameid":"3832647","name":"Villa Regina","asciiname":"Villa Regina","alternatenames":["Villa Regina"],"latitude":"-39.1","longitude":"-67.06667","feature_class":"P","feature_code":"PPL","country_code":"AR","cc2":"","admin1_code":"16","admin2_code":"","admin3_code":"","admin4_code":"","population":"31209","elevation":"","dem":"201","timezone":"America/Argentina/Salta","modification_date":"2012-01-18"},{"geonameid":"3832899","name":"Viedma","asciiname":"Viedma","alternatenames":["V'edma","V'edmae","VDM","Vedma","Viedma","beiyd ma","bie de ma","biedeuma","biedoma","viedma","wydma","wyydmh","Βιέδμα","Виедма","Вьедмæ","Вьедма","Вєдма","ויידמה","ویدما","เบียดมา","ვიედმა","ビエドマ","別德馬","비에드마"],"latitude":"-40.81345","longitude":"-62.99668","feature_class":"P","feature_code":"PPLA","country_code":"AR","cc2":"","admin1_code":"16","admin2_code":"","admin3_code":"","admin4_code":"","population":"48940","elevation":"","dem":"8","timezone":"America/Argentina/Salta","modification_date":"2012-01-18"},{"geonameid":"3833283","name":"Valcheta","asciiname":"Valcheta","alternatenames":["VCF","Valcheta"],"latitude":"-40.7","longitude":"-66.15","feature_class":"P","feature_code":"PPLA2","country_code":"AR","cc2":"","admin1_code":"16","admin2_code":"","admin3_code":"","admin4_code":"","population":"3596","elevation":"","dem":"185","timezone":"America/Argentina/Salta","modification_date":"2014-03-07"},{"geonameid":"3835297","name":"Sierra Grande","asciiname":"Sierra Grande","alternatenames":["SGV","Sierra Grande"],"latitude":"-41.60603","longitude":"-65.35574","feature_class":"P","feature_code":"PPL","country_code":"AR","cc2":"","admin1_code":"16","admin2_code":"","admin3_code":"","admin4_code":"","population":"6978","elevation":"","dem":"245","timezone":"America/Argentina/Salta","modification_date":"2012-05-06"},{"geonameid":"3835304","name":"Sierra Colorada","asciiname":"Sierra Colorada","alternatenames":["Sierra Colorada","Sierra Colorado"],"latitude":"-40.58487","longitude":"-67.75674","feature_class":"P","feature_code":"PPLA2","country_code":"AR","cc2":"","admin1_code":"16","admin2_code":"","admin3_code":"","admin4_code":"","population":"1374","elevation":"","dem":"656","timezone":"America/Argentina/Salta","modification_date":"2014-03-07"},{"geonameid":"3837980","name":"San Antonio Oeste","asciiname":"San Antonio Oeste","alternatenames":["OES","Puerto San Antonio Oeste","San Antonijo Oeste","San Antonijo Oestė","San Antonio Oeste","xi sheng an dong ni ao","西圣安东尼奥"],"latitude":"-40.73193","longitude":"-64.94769","feature_class":"P","feature_code":"PPLA2","country_code":"AR","cc2":"","admin1_code":"16","admin2_code":"","admin3_code":"","admin4_code":"","population":"16966","elevation":"","dem":"12","timezone":"America/Argentina/Salta","modification_date":"2014-03-07"},{"geonameid":"3838879","name":"Río Colorado","asciiname":"Rio Colorado","alternatenames":["Rio Colorado","Río Colorado"],"latitude":"-38.99397","longitude":"-64.09295","feature_class":"P","feature_code":"PPLA2","country_code":"AR","cc2":"","admin1_code":"16","admin2_code":"","admin3_code":"","admin4_code":"","population":"0","elevation":"","dem":"81","timezone":"America/Argentina/Salta","modification_date":"2014-03-07"},{"geonameid":"3841143","name":"Pilcaniyeu","asciiname":"Pilcaniyeu","alternatenames":["Estancia Pilcaniyeu","Pilcaniyeu"],"latitude":"-41.11881","longitude":"-70.72914","feature_class":"P","feature_code":"PPLA2","country_code":"AR","cc2":"","admin1_code":"16","admin2_code":"","admin3_code":"","admin4_code":"","population":"1467","elevation":"","dem":"987","timezone":"America/Argentina/Salta","modification_date":"2014-03-07"},{"geonameid":"3842990","name":"Ñorquinco","asciiname":"Norquinco","alternatenames":["Norquinco","Ñorquinco"],"latitude":"-41.85072","longitude":"-70.90173","feature_class":"P","feature_code":"PPLA2","country_code":"AR","cc2":"","admin1_code":"16","admin2_code":"","admin3_code":"","admin4_code":"","population":"0","elevation":"","dem":"876","timezone":"America/Argentina/Salta","modification_date":"2014-03-07"},{"geonameid":"3844933","name":"Maquinchao","asciiname":"Maquinchao","alternatenames":["MQD","Maquinchao"],"latitude":"-41.25","longitude":"-68.73333","feature_class":"P","feature_code":"PPLA2","country_code":"AR","cc2":"","admin1_code":"16","admin2_code":"","admin3_code":"","admin4_code":"","population":"2195","elevation":"","dem":"898","timezone":"America/Argentina/Salta","modification_date":"2014-03-07"},{"geonameid":"3845251","name":"Mainque","asciiname":"Mainque","alternatenames":["Mainque"],"latitude":"-39.06667","longitude":"-67.3","feature_class":"P","feature_code":"PPL","country_code":"AR","cc2":"","admin1_code":"16","admin2_code":"","admin3_code":"","admin4_code":"","population":"2658","elevation":"","dem":"218","timezone":"America/Argentina/Salta","modification_date":"2012-02-02"},{"geonameid":"3845977","name":"Los Menucos","asciiname":"Los Menucos","alternatenames":["LMD","Los Menucos"],"latitude":"-40.84402","longitude":"-68.08718","feature_class":"P","feature_code":"PPL","country_code":"AR","cc2":"","admin1_code":"16","admin2_code":"","admin3_code":"","admin4_code":"","population":"2689","elevation":"","dem":"791","timezone":"America/Argentina/Salta","modification_date":"2012-02-02"},{"geonameid":"3850005","name":"Lamarque","asciiname":"Lamarque","alternatenames":["Lamarque"],"latitude":"-39.42304","longitude":"-65.70208","feature_class":"P","feature_code":"PPL","country_code":"AR","cc2":"","admin1_code":"16","admin2_code":"","admin3_code":"","admin4_code":"","population":"7819","elevation":"","dem":"128","timezone":"America/Argentina/Salta","modification_date":"2012-02-02"},{"geonameid":"3853782","name":"Ingeniero Luis A. Huergo","asciiname":"Ingeniero Luis A. Huergo","alternatenames":["Ingeniero Huergo","Ingeniero L.A. Huergo","Ingeniero Luis A. Huergo"],"latitude":"-39.08333","longitude":"-67.23333","feature_class":"P","feature_code":"PPL","country_code":"AR","cc2":"AR","admin1_code":"16","admin2_code":"","admin3_code":"","admin4_code":"","population":"6483","elevation":"","dem":"215","timezone":"America/Argentina/Salta","modification_date":"2012-01-18"},{"geonameid":"3853786","name":"Ingeniero Jacobacci","asciiname":"Ingeniero Jacobacci","alternatenames":["IGB","Ingeniero Jacobacci"],"latitude":"-41.3292","longitude":"-69.55015","feature_class":"P","feature_code":"PPL","country_code":"AR","cc2":"","admin1_code":"16","admin2_code":"","admin3_code":"","admin4_code":"","population":"5785","elevation":"","dem":"872","timezone":"America/Argentina/Salta","modification_date":"2014-06-28"},{"geonameid":"3855065","name":"General Roca","asciiname":"General Roca","alternatenames":["Cheneral Roka","Fuerte General Roca","GNR","General Roca","Kheneral'","khnral rwka","luo ka jiang jun zhen","Хенераль","خنرال روکا","羅卡將軍鎮"],"latitude":"-39.03333","longitude":"-67.58333","feature_class":"P","feature_code":"PPL","country_code":"AR","cc2":"","admin1_code":"16","admin2_code":"62042","admin3_code":"","admin4_code":"","population":"73212","elevation":"","dem":"237","timezone":"America/Argentina/Salta","modification_date":"2015-04-22"},{"geonameid":"3855114","name":"General Fernández Oro","asciiname":"General Fernandez Oro","alternatenames":["General Fernandez Oro","General Fernández Oro"],"latitude":"-38.95297","longitude":"-67.92489","feature_class":"P","feature_code":"PPL","country_code":"AR","cc2":"","admin1_code":"16","admin2_code":"","admin3_code":"","admin4_code":"","population":"6813","elevation":"","dem":"258","timezone":"America/Argentina/Salta","modification_date":"2012-02-02"},{"geonameid":"3855117","name":"General Enrique Godoy","asciiname":"General Enrique Godoy","alternatenames":["General E. Godoy","General Enrique Godoy","Godoy"],"latitude":"-39.08333","longitude":"-67.15","feature_class":"P","feature_code":"PPL","country_code":"AR","cc2":"AR","admin1_code":"16","admin2_code":"","admin3_code":"","admin4_code":"","population":"3823","elevation":"","dem":"209","timezone":"America/Argentina/Salta","modification_date":"2012-01-18"},{"geonameid":"3855121","name":"General Conesa","asciiname":"General Conesa","alternatenames":["Conesa","General Conesa"],"latitude":"-40.1","longitude":"-64.43333","feature_class":"P","feature_code":"PPLA2","country_code":"AR","cc2":"","admin1_code":"16","admin2_code":"","admin3_code":"","admin4_code":"","population":"5595","elevation":"","dem":"58","timezone":"America/Argentina/Salta","modification_date":"2014-03-07"},{"geonameid":"3855368","name":"Fray Luis Beltrán","asciiname":"Fray Luis Beltran","alternatenames":["Fray L. Beltran","Fray L. Beltrán","Fray Luis Beltran","Fray Luis Beltrán","Luis Beltran","Luis Beltrán"],"latitude":"-39.31667","longitude":"-65.76667","feature_class":"P","feature_code":"PPL","country_code":"AR","cc2":"AR","admin1_code":"16","admin2_code":"","admin3_code":"","admin4_code":"","population":"6401","elevation":"","dem":"135","timezone":"America/Argentina/Salta","modification_date":"2012-01-18"},{"geonameid":"3858242","name":"El Cuy","asciiname":"El Cuy","alternatenames":["El Cuy"],"latitude":"-39.92685","longitude":"-68.34208","feature_class":"P","feature_code":"PPLA2","country_code":"AR","cc2":"","admin1_code":"16","admin2_code":"62035","admin3_code":"","admin4_code":"","population":"0","elevation":"","dem":"717","timezone":"America/Argentina/Salta","modification_date":"2015-04-22"},{"geonameid":"3858765","name":"El Bolsón","asciiname":"El Bolson","alternatenames":["EHL","El Bolson","El Bolsonas","El Bolsón","ai er bo er song","אל בולסון","埃爾博爾松"],"latitude":"-41.96051","longitude":"-71.53336","feature_class":"P","feature_code":"PPL","country_code":"AR","cc2":"","admin1_code":"16","admin2_code":"","admin3_code":"","admin4_code":"","population":"15537","elevation":"","dem":"320","timezone":"America/Argentina/Salta","modification_date":"2013-04-12"},{"geonameid":"3859521","name":"Darwin","asciiname":"Darwin","alternatenames":["Darwin"],"latitude":"-39.2","longitude":"-65.76667","feature_class":"P","feature_code":"PPL","country_code":"AR","cc2":"","admin1_code":"16","admin2_code":"","admin3_code":"","admin4_code":"","population":"1052","elevation":"","dem":"137","timezone":"America/Argentina/Salta","modification_date":"2012-05-06"},{"geonameid":"3860206","name":"Coronel Belisle","asciiname":"Coronel Belisle","alternatenames":["Coronel Belisle"],"latitude":"-39.18333","longitude":"-65.98333","feature_class":"P","feature_code":"PPL","country_code":"AR","cc2":"","admin1_code":"16","admin2_code":"","admin3_code":"","admin4_code":"","population":"1841","elevation":"","dem":"156","timezone":"America/Argentina/Salta","modification_date":"2012-05-06"},{"geonameid":"3860319","name":"Contraalmirante Cordero","asciiname":"Contraalmirante Cordero","alternatenames":["Contraalmirante Cordero","Contralmirante Cordero"],"latitude":"-38.72423","longitude":"-68.15284","feature_class":"P","feature_code":"PPL","country_code":"AR","cc2":"","admin1_code":"16","admin2_code":"","admin3_code":"","admin4_code":"","population":"2782","elevation":"","dem":"303","timezone":"America/Argentina/Salta","modification_date":"2012-01-18"},{"geonameid":"3860475","name":"Comallo","asciiname":"Comallo","alternatenames":["Comallo"],"latitude":"-41.02993","longitude":"-70.26784","feature_class":"P","feature_code":"PPL","country_code":"AR","cc2":"","admin1_code":"16","admin2_code":"","admin3_code":"","admin4_code":"","population":"1306","elevation":"","dem":"772","timezone":"America/Argentina/Salta","modification_date":"2012-01-18"},{"geonameid":"3861056","name":"Cipolletti","asciiname":"Cipolletti","alternatenames":["CPZ","Chipolletti","Cipoletis","Cipoletti","Cipolleti","Cipolletti","sypwyty","xi bo lie di","Čipoletis","Чиполлетти","Чіполлетті","سیپویتی","西波列蒂"],"latitude":"-38.93392","longitude":"-67.99032","feature_class":"P","feature_code":"PPL","country_code":"AR","cc2":"","admin1_code":"16","admin2_code":"","admin3_code":"","admin4_code":"","population":"75078","elevation":"","dem":"267","timezone":"America/Argentina/Salta","modification_date":"2013-09-21"},{"geonameid":"3861061","name":"Cinco Saltos","asciiname":"Cinco Saltos","alternatenames":["Cinco Saltos"],"latitude":"-38.82225","longitude":"-68.06293","feature_class":"P","feature_code":"PPL","country_code":"AR","cc2":"","admin1_code":"16","admin2_code":"","admin3_code":"","admin4_code":"","population":"19819","elevation":"","dem":"288","timezone":"America/Argentina/Salta","modification_date":"2012-01-18"},{"geonameid":"3861329","name":"Choele Choel","asciiname":"Choele Choel","alternatenames":["C. Choel","Choele Choel"],"latitude":"-39.26667","longitude":"-65.68333","feature_class":"P","feature_code":"PPLA2","country_code":"AR","cc2":"","admin1_code":"16","admin2_code":"","admin3_code":"","admin4_code":"","population":"9791","elevation":"","dem":"131","timezone":"America/Argentina/Salta","modification_date":"2014-03-07"},{"geonameid":"3861405","name":"Chimpay","asciiname":"Chimpay","alternatenames":["Chimpay"],"latitude":"-39.16482","longitude":"-66.14236","feature_class":"P","feature_code":"PPL","country_code":"AR","cc2":"","admin1_code":"16","admin2_code":"","admin3_code":"","admin4_code":"","population":"3905","elevation":"","dem":"158","timezone":"America/Argentina/Salta","modification_date":"2012-02-02"},{"geonameid":"3861528","name":"Chichinales","asciiname":"Chichinales","alternatenames":["Chichinales","Chinchinales"],"latitude":"-39.11505","longitude":"-66.92714","feature_class":"P","feature_code":"PPL","country_code":"AR","cc2":"","admin1_code":"16","admin2_code":"","admin3_code":"","admin4_code":"","population":"4060","elevation":"","dem":"197","timezone":"America/Argentina/Salta","modification_date":"2012-01-18"},{"geonameid":"3861966","name":"Cervantes","asciiname":"Cervantes","alternatenames":["Cervantes"],"latitude":"-39.05","longitude":"-67.38333","feature_class":"P","feature_code":"PPL","country_code":"AR","cc2":"","admin1_code":"16","admin2_code":"","admin3_code":"","admin4_code":"","population":"5173","elevation":"","dem":"222","timezone":"America/Argentina/Salta","modification_date":"2012-02-02"},{"geonameid":"3862254","name":"Catriel","asciiname":"Catriel","alternatenames":["Catriel"],"latitude":"-37.87907","longitude":"-67.7956","feature_class":"P","feature_code":"PPL","country_code":"AR","cc2":"","admin1_code":"16","admin2_code":"","admin3_code":"","admin4_code":"","population":"15169","elevation":"","dem":"323","timezone":"America/Argentina/Salta","modification_date":"2012-01-18"},{"geonameid":"3866242","name":"Allen","asciiname":"Allen","alternatenames":["Allen","LLZ"],"latitude":"-38.97736","longitude":"-67.82714","feature_class":"P","feature_code":"PPL","country_code":"AR","cc2":"","admin1_code":"16","admin2_code":"","admin3_code":"","admin4_code":"","population":"26083","elevation":"","dem":"258","timezone":"America/Argentina/Salta","modification_date":"2013-09-21"},{"geonameid":"7647007","name":"San Carlos de Bariloche","asciiname":"San Carlos de Bariloche","alternatenames":["BRC","Bariloche","San Carlos de Bariloche","San Karlos de Bariloce","San Karlos de Bariloche","San Karlos de Bariločė","San-Karlos-de-Bariloche","barylwchh","barylwtshy","bʼrylwzh","sankaleulloseudebalilloche","sheng ka luo si-de ba li luo qie","Сан Карлос де Барилоче","Сан-Карлос-де-Барилоче","Сан-Карлос-де-Барілоче","בארילוצה","باريلوتشي","باریلوچه","باریلۆچی","サン・カルロス・デ・バリローチェ","圣卡洛斯-德巴里洛切","산카를로스데바릴로체"],"latitude":"-41.14557","longitude":"-71.30822","feature_class":"P","feature_code":"PPLA3","country_code":"AR","cc2":"","admin1_code":"16","admin2_code":"62021","admin3_code":"3837856","admin4_code":"","population":"95394","elevation":"","dem":"839","timezone":"America/Argentina/Salta","modification_date":"2015-04-22"}]}