{"region_data":{"countryId":"3865483","adminCode1":"15","countryName":"Argentina","fclName":"country, state, region,...","countryCode":"AR","lng":"-70","fcodeName":"first-order administrative division","toponymName":"Provincia del Neuquén","fcl":"A","numberOfChildren":16,"name":"Neuquen","fcode":"ADM1","geonameId":3843122,"lat":"-39","adminName1":"Neuquen","population":474155},"country_data":{"ISO":"AR","ISO3":"ARG","ISO_Numeric":"032","fips":"AR","country":"Argentina","capital":"Buenos Aires","area":"2766890","Population":"41343201","Continent":"SA","tld":".ar","CurrencyCode":"ARS","CurrencyName":"Peso","Phone":"54","Postal_Code_Format":"@####@@@","Postal_Code_Regex":"^([A-Z]\\d{4}[A-Z]{3})$","Languages":"es-AR,en,it,de,fr,gn","geonameid":"3865483","neighbours":"CL,BO,UY,PY,BR","EquivalentFipsCode":""},"cities":[{"geonameid":"3832132","name":"Zapala","asciiname":"Zapala","alternatenames":["APZ","Sapala","Zapala","sa pa la","sapala","Сапала","ساپالا","薩帕拉"],"latitude":"-38.89916","longitude":"-70.05442","feature_class":"P","feature_code":"PPLA2","country_code":"AR","cc2":"","admin1_code":"15","admin2_code":"58112","admin3_code":"","admin4_code":"","population":"31534","elevation":"","dem":"1015","timezone":"America/Argentina/Salta","modification_date":"2015-04-22"},{"geonameid":"3832518","name":"Vista Alegre","asciiname":"Vista Alegre","alternatenames":["Colonia Vista Alegre","Vista Alegre"],"latitude":"-38.75","longitude":"-68.18333","feature_class":"P","feature_code":"PPL","country_code":"AR","cc2":"AR","admin1_code":"15","admin2_code":"","admin3_code":"","admin4_code":"","population":"2857","elevation":"","dem":"336","timezone":"America/Argentina/Salta","modification_date":"2012-01-18"},{"geonameid":"3832711","name":"Villa La Angostura","asciiname":"Villa La Angostura","alternatenames":["Vilja La Angostura","Villa La Angostura","Villa la Angostura","la an ge si tu la zhen","ויזה לה אנגוסטורה","拉安戈斯圖拉鎮"],"latitude":"-40.76173","longitude":"-71.64631","feature_class":"P","feature_code":"PPL","country_code":"AR","cc2":"","admin1_code":"15","admin2_code":"","admin3_code":"","admin4_code":"","population":"7526","elevation":"","dem":"796","timezone":"America/Argentina/Salta","modification_date":"2011-12-23"},{"geonameid":"3835372","name":"Senillosa","asciiname":"Senillosa","alternatenames":[""],"latitude":"-39","longitude":"-68.41667","feature_class":"P","feature_code":"PPL","country_code":"AR","cc2":"","admin1_code":"15","admin2_code":"","admin3_code":"","admin4_code":"","population":"6394","elevation":"","dem":"290","timezone":"America/Argentina/Salta","modification_date":"2010-06-01"},{"geonameid":"3836951","name":"San Martín de los Andes","asciiname":"San Martin de los Andes","alternatenames":["Andu San Martinas","Andų San Martinas","CPC","San Martin de Los Andes","San Martin de los Andes","San Martín de Los Andes","San Martín de los Andes","San-Martin-De-Los-Andes","sheng ma ding de luo si an di si","Сан-Мартин-Де-Лос-Андес","סן מרטין דה לוס אנדס","聖馬丁德洛斯安第斯"],"latitude":"-40.15789","longitude":"-71.35337","feature_class":"P","feature_code":"PPL","country_code":"AR","cc2":"","admin1_code":"15","admin2_code":"58056","admin3_code":"","admin4_code":"","population":"23519","elevation":"","dem":"651","timezone":"America/Argentina/Salta","modification_date":"2015-04-22"},{"geonameid":"3840885","name":"Plottier","asciiname":"Plottier","alternatenames":["Plottier"],"latitude":"-38.96667","longitude":"-68.23333","feature_class":"P","feature_code":"PPL","country_code":"AR","cc2":"","admin1_code":"15","admin2_code":"","admin3_code":"","admin4_code":"","population":"25186","elevation":"","dem":"279","timezone":"America/Argentina/Salta","modification_date":"2012-01-18"},{"geonameid":"3840896","name":"Plaza Huincul","asciiname":"Plaza Huincul","alternatenames":["Plaza Huincul"],"latitude":"-38.92598","longitude":"-69.20863","feature_class":"P","feature_code":"PPL","country_code":"AR","cc2":"","admin1_code":"15","admin2_code":"","admin3_code":"","admin4_code":"","population":"12273","elevation":"","dem":"600","timezone":"America/Argentina/Salta","modification_date":"2012-02-02"},{"geonameid":"3841232","name":"Piedra del Águila","asciiname":"Piedra del Aguila","alternatenames":["Piedra de Aguila","Piedra del Aguila","Piedra del Águila"],"latitude":"-40.04811","longitude":"-70.0741","feature_class":"P","feature_code":"PPLA2","country_code":"AR","cc2":"","admin1_code":"15","admin2_code":"","admin3_code":"","admin4_code":"","population":"3372","elevation":"","dem":"505","timezone":"America/Argentina/Salta","modification_date":"2014-03-07"},{"geonameid":"3841301","name":"Picún Leufú","asciiname":"Picun Leufu","alternatenames":[""],"latitude":"-39.52351","longitude":"-69.27966","feature_class":"P","feature_code":"PPLA2","country_code":"AR","cc2":"","admin1_code":"15","admin2_code":"58098","admin3_code":"","admin4_code":"","population":"3222","elevation":"","dem":"386","timezone":"America/Argentina/Salta","modification_date":"2015-04-22"},{"geonameid":"3843123","name":"Neuquén","asciiname":"Neuquen","alternatenames":["Ciudad de Neuquen","Ciudad de Neuquén","Gorad Neuken","NQN","Nequen","Neuken","Neukenas","Neuquen","Neuquén","Vila de Neuquen","Vila de Neuquén","ne-uken","nei wu ken","neuken","nywkn","nywkwyn","Горад Неўкен","Неукен","נאוקן","نئوکن","نیوکوئن","ნეუკენი","ネウケン","内乌肯","네우켄"],"latitude":"-38.95161","longitude":"-68.0591","feature_class":"P","feature_code":"PPLA","country_code":"AR","cc2":"","admin1_code":"15","admin2_code":"","admin3_code":"","admin4_code":"","population":"242092","elevation":"","dem":"281","timezone":"America/Argentina/Salta","modification_date":"2012-01-18"},{"geonameid":"3844832","name":"Mariano Moreno","asciiname":"Mariano Moreno","alternatenames":["Covunco","Covunco Centro","M. Moreno","Mariano Moreno"],"latitude":"-38.75029","longitude":"-70.02367","feature_class":"P","feature_code":"PPL","country_code":"AR","cc2":"","admin1_code":"15","admin2_code":"","admin3_code":"","admin4_code":"","population":"2225","elevation":"","dem":"773","timezone":"America/Argentina/Salta","modification_date":"2012-01-18"},{"geonameid":"3846634","name":"Loncopué","asciiname":"Loncopue","alternatenames":["Loncopue","Loncopué"],"latitude":"-38.07284","longitude":"-70.61609","feature_class":"P","feature_code":"PPLA2","country_code":"AR","cc2":"","admin1_code":"15","admin2_code":"58063","admin3_code":"","admin4_code":"","population":"4323","elevation":"","dem":"963","timezone":"America/Argentina/Salta","modification_date":"2015-04-22"},{"geonameid":"3847971","name":"Las Ovejas","asciiname":"Las Ovejas","alternatenames":["Las Ovejas"],"latitude":"-36.98881","longitude":"-70.74991","feature_class":"P","feature_code":"PPL","country_code":"AR","cc2":"","admin1_code":"15","admin2_code":"","admin3_code":"","admin4_code":"","population":"1312","elevation":"","dem":"1264","timezone":"America/Argentina/Salta","modification_date":"2012-01-18"},{"geonameid":"3848216","name":"Las Lajas","asciiname":"Las Lajas","alternatenames":["Las Lajas"],"latitude":"-38.52322","longitude":"-70.36745","feature_class":"P","feature_code":"PPLA2","country_code":"AR","cc2":"","admin1_code":"15","admin2_code":"","admin3_code":"","admin4_code":"","population":"4673","elevation":"","dem":"718","timezone":"America/Argentina/Salta","modification_date":"2014-03-07"},{"geonameid":"3848538","name":"Las Coloradas","asciiname":"Las Coloradas","alternatenames":["Las Coloradas"],"latitude":"-39.55534","longitude":"-70.59491","feature_class":"P","feature_code":"PPLA2","country_code":"AR","cc2":"","admin1_code":"15","admin2_code":"","admin3_code":"","admin4_code":"","population":"0","elevation":"","dem":"913","timezone":"America/Argentina/Salta","modification_date":"2014-03-07"},{"geonameid":"3853350","name":"Junín de los Andes","asciiname":"Junin de los Andes","alternatenames":["Junin de los Andes","Junín de los Andes"],"latitude":"-39.95043","longitude":"-71.06936","feature_class":"P","feature_code":"PPLA2","country_code":"AR","cc2":"","admin1_code":"15","admin2_code":"","admin3_code":"","admin4_code":"","population":"10592","elevation":"","dem":"779","timezone":"America/Argentina/Salta","modification_date":"2014-03-07"},{"geonameid":"3857879","name":"El Huecú","asciiname":"El Huecu","alternatenames":["El Huecu","El Huecú"],"latitude":"-37.64522","longitude":"-70.58006","feature_class":"P","feature_code":"PPLA2","country_code":"AR","cc2":"","admin1_code":"15","admin2_code":"","admin3_code":"","admin4_code":"","population":"1399","elevation":"","dem":"1224","timezone":"America/Argentina/Salta","modification_date":"2014-03-07"},{"geonameid":"3859552","name":"Cutral-Có","asciiname":"Cutral-Co","alternatenames":["CUT","Cutrai-Co","Cutrai-Có","Cutral-Co","Cutral-Có","Eva Peron","Eva Perón"],"latitude":"-38.93424","longitude":"-69.23052","feature_class":"P","feature_code":"PPL","country_code":"AR","cc2":"","admin1_code":"15","admin2_code":"","admin3_code":"","admin4_code":"","population":"47380","elevation":"","dem":"613","timezone":"America/Argentina/Salta","modification_date":"2013-05-04"},{"geonameid":"3861262","name":"Chos Malal","asciiname":"Chos Malal","alternatenames":["Chos Malal","HOS"],"latitude":"-37.37809","longitude":"-70.27085","feature_class":"P","feature_code":"PPLA2","country_code":"AR","cc2":"","admin1_code":"15","admin2_code":"","admin3_code":"","admin4_code":"","population":"11721","elevation":"","dem":"858","timezone":"America/Argentina/Salta","modification_date":"2014-03-07"},{"geonameid":"3862144","name":"Centenario","asciiname":"Centenario","alternatenames":["Centenario","Colonia Centenario"],"latitude":"-38.82955","longitude":"-68.1318","feature_class":"P","feature_code":"PPL","country_code":"AR","cc2":"","admin1_code":"15","admin2_code":"","admin3_code":"","admin4_code":"","population":"28956","elevation":"","dem":"292","timezone":"America/Argentina/Salta","modification_date":"2012-05-20"},{"geonameid":"3863663","name":"Buta Ranquil","asciiname":"Buta Ranquil","alternatenames":["Buta Ranquil"],"latitude":"-37.05222","longitude":"-69.87713","feature_class":"P","feature_code":"PPLA2","country_code":"AR","cc2":"","admin1_code":"15","admin2_code":"","admin3_code":"","admin4_code":"","population":"2221","elevation":"","dem":"1152","timezone":"America/Argentina/Salta","modification_date":"2014-03-07"},{"geonameid":"3864729","name":"Barrancas","asciiname":"Barrancas","alternatenames":["Barrancas"],"latitude":"-36.81667","longitude":"-69.91667","feature_class":"P","feature_code":"PPL","country_code":"AR","cc2":"","admin1_code":"15","admin2_code":"","admin3_code":"","admin4_code":"","population":"1098","elevation":"","dem":"1123","timezone":"America/Argentina/Salta","modification_date":"2012-01-18"},{"geonameid":"3865776","name":"Añelo","asciiname":"Anelo","alternatenames":["Anelo","Añelo"],"latitude":"-38.35441","longitude":"-68.7884","feature_class":"P","feature_code":"PPLA2","country_code":"AR","cc2":"","admin1_code":"15","admin2_code":"58014","admin3_code":"","admin4_code":"","population":"1742","elevation":"","dem":"403","timezone":"America/Argentina/Salta","modification_date":"2015-04-22"},{"geonameid":"3865803","name":"Andacollo","asciiname":"Andacollo","alternatenames":["Andacollo"],"latitude":"-37.17945","longitude":"-70.66912","feature_class":"P","feature_code":"PPLA2","country_code":"AR","cc2":"","admin1_code":"15","admin2_code":"","admin3_code":"","admin4_code":"","population":"2627","elevation":"","dem":"1096","timezone":"America/Argentina/Salta","modification_date":"2014-03-07"},{"geonameid":"3866000","name":"Aluminé","asciiname":"Alumine","alternatenames":["Alumine","Aluminé","Rucachoroi"],"latitude":"-39.23686","longitude":"-70.9197","feature_class":"P","feature_code":"PPLA2","country_code":"AR","cc2":"","admin1_code":"15","admin2_code":"58007","admin3_code":"","admin4_code":"","population":"3720","elevation":"","dem":"937","timezone":"America/Argentina/Salta","modification_date":"2015-04-22"}]}