{"region_data":{"countryId":"3865483","adminCode1":"02","countryName":"Argentina","fclName":"country, state, region,...","countryCode":"AR","lng":"-67","fcodeName":"first-order administrative division","toponymName":"Provincia de Catamarca","fcl":"A","numberOfChildren":16,"name":"Provincia de Catamarca","fcode":"ADM1","geonameId":3862286,"lat":"-27","adminName1":"Catamarca","population":334568},"country_data":{"ISO":"AR","ISO3":"ARG","ISO_Numeric":"032","fips":"AR","country":"Argentina","capital":"Buenos Aires","area":"2766890","Population":"41343201","Continent":"SA","tld":".ar","CurrencyCode":"ARS","CurrencyName":"Peso","Phone":"54","Postal_Code_Format":"@####@@@","Postal_Code_Regex":"^([A-Z]\\d{4}[A-Z]{3})$","Languages":"es-AR,en,it,de,fr,gn","geonameid":"3865483","neighbours":"CL,BO,UY,PY,BR","EquivalentFipsCode":""},"cities":[{"geonameid":"3834361","name":"Tinogasta","asciiname":"Tinogasta","alternatenames":["Tinogasta"],"latitude":"-28.06319","longitude":"-67.56488","feature_class":"P","feature_code":"PPLA2","country_code":"AR","cc2":"","admin1_code":"02","admin2_code":"","admin3_code":"","admin4_code":"","population":"14509","elevation":"","dem":"1212","timezone":"America/Argentina/Catamarca","modification_date":"2014-03-07"},{"geonameid":"3835611","name":"Saujil","asciiname":"Saujil","alternatenames":["Saujil"],"latitude":"-28.17442","longitude":"-66.21177","feature_class":"P","feature_code":"PPLA2","country_code":"AR","cc2":"","admin1_code":"02","admin2_code":"10084","admin3_code":"","admin4_code":"","population":"0","elevation":"","dem":"895","timezone":"America/Argentina/Catamarca","modification_date":"2015-04-22"},{"geonameid":"3836142","name":"Santa María","asciiname":"Santa Maria","alternatenames":["Santa Maria","Santa María"],"latitude":"-26.69547","longitude":"-66.04732","feature_class":"P","feature_code":"PPLA2","country_code":"AR","cc2":"","admin1_code":"02","admin2_code":"","admin3_code":"","admin4_code":"","population":"0","elevation":"","dem":"1885","timezone":"America/Argentina/Catamarca","modification_date":"2014-03-07"},{"geonameid":"3837373","name":"San José","asciiname":"San Jose","alternatenames":["Piedra Blanca","San Jose","San Jose de Fray Mamerto Esquiu","San José","San José de Fray Mamerto Esquiú"],"latitude":"-28.38333","longitude":"-65.7","feature_class":"P","feature_code":"PPLA2","country_code":"AR","cc2":"","admin1_code":"02","admin2_code":"10063","admin3_code":"","admin4_code":"","population":"0","elevation":"","dem":"584","timezone":"America/Argentina/Catamarca","modification_date":"2015-04-22"},{"geonameid":"3837506","name":"San Isidro","asciiname":"San Isidro","alternatenames":["San Isidro"],"latitude":"-28.46265","longitude":"-65.72585","feature_class":"P","feature_code":"PPLA2","country_code":"AR","cc2":"","admin1_code":"02","admin2_code":"","admin3_code":"","admin4_code":"","population":"0","elevation":"","dem":"518","timezone":"America/Argentina/Catamarca","modification_date":"2014-03-07"},{"geonameid":"3837702","name":"San Fernando del Valle de Catamarca","asciiname":"San Fernando del Valle de Catamarca","alternatenames":["CTC","Catamarca","Katamarka","San Fernando del Vale de Katamarka","San Fernando del Valle de Catamarca","San-Fernando-del'-Vaje-de-Katamarka","San-Fernando-del'-Val'e-de-Katamarka","San-Fernando-del'-Valle-de-Katamarkae","ka ta ma ka","qtmrqh","san frnandw dyl wyla dy katamarka","san frnandwdl wlh dkatamarka","sanpeleunandodelbayedekatamaleuka","Катамарка","Сан Фернандо дел Вале де Катамарка","Сан-Фернандо-дель-Вайє-де-Катамарка","Сан-Фернандо-дель-Валле-де-Катамаркæ","Сан-Фернандо-дель-Валье-де-Катамарка","קטמרקה","سان فرناندو دیل ویلا دی کاتامارکا","سان فرناندودل وله دکاتامارکا","სან-ფერნანდო-დელ-ვალე-დე-კატამარკა","サン・フェルナンド・デル・バジェ・デ・カタマルカ","卡塔马卡","산페르난도델바예데카타마르카"],"latitude":"-28.46957","longitude":"-65.78524","feature_class":"P","feature_code":"PPLA","country_code":"AR","cc2":"","admin1_code":"02","admin2_code":"","admin3_code":"","admin4_code":"","population":"188812","elevation":"","dem":"545","timezone":"America/Argentina/Catamarca","modification_date":"2012-01-18"},{"geonameid":"3838054","name":"San Antonio","asciiname":"San Antonio","alternatenames":["San Antonio","San Antonio de la Paz"],"latitude":"-28.93313","longitude":"-65.09745","feature_class":"P","feature_code":"PPLA2","country_code":"AR","cc2":"","admin1_code":"02","admin2_code":"10070","admin3_code":"","admin4_code":"","population":"0","elevation":"","dem":"273","timezone":"America/Argentina/Catamarca","modification_date":"2015-04-22"},{"geonameid":"3839263","name":"Recreo","asciiname":"Recreo","alternatenames":["Recreo","Rekreo","rekureo","Рекрео","レクレオ"],"latitude":"-29.28184","longitude":"-65.06096","feature_class":"P","feature_code":"PPL","country_code":"AR","cc2":"","admin1_code":"02","admin2_code":"","admin3_code":"","admin4_code":"","population":"14204","elevation":"","dem":"216","timezone":"America/Argentina/Catamarca","modification_date":"2012-01-18"},{"geonameid":"3840159","name":"Puerta de Corral Quemado","asciiname":"Puerta de Corral Quemado","alternatenames":["Puerta","Puerta de Corral Quemado"],"latitude":"-27.23","longitude":"-66.93635","feature_class":"P","feature_code":"PPL","country_code":"AR","cc2":"","admin1_code":"02","admin2_code":"","admin3_code":"","admin4_code":"","population":"1634","elevation":"","dem":"1884","timezone":"America/Argentina/Catamarca","modification_date":"2012-01-18"},{"geonameid":"3840809","name":"Pomán","asciiname":"Poman","alternatenames":["Peman","Poman","Pomán"],"latitude":"-28.39455","longitude":"-66.22052","feature_class":"P","feature_code":"PPL","country_code":"AR","cc2":"","admin1_code":"02","admin2_code":"10084","admin3_code":"","admin4_code":"","population":"3387","elevation":"","dem":"1167","timezone":"America/Argentina/Catamarca","modification_date":"2015-04-22"},{"geonameid":"3843504","name":"Mutquín","asciiname":"Mutquin","alternatenames":["Mudquin","Mutquin","Mutquín"],"latitude":"-28.32104","longitude":"-66.14253","feature_class":"P","feature_code":"PPL","country_code":"AR","cc2":"","admin1_code":"02","admin2_code":"","admin3_code":"","admin4_code":"","population":"1207","elevation":"","dem":"1681","timezone":"America/Argentina/Catamarca","modification_date":"2012-01-18"},{"geonameid":"3845490","name":"Los Varela","asciiname":"Los Varela","alternatenames":["Los Varela","Varela"],"latitude":"-27.95482","longitude":"-65.8655","feature_class":"P","feature_code":"PPL","country_code":"AR","cc2":"","admin1_code":"02","admin2_code":"","admin3_code":"","admin4_code":"","population":"1908","elevation":"","dem":"1178","timezone":"America/Argentina/Catamarca","modification_date":"2012-01-18"},{"geonameid":"3846514","name":"Los Altos","asciiname":"Los Altos","alternatenames":["Altos","Los Altos"],"latitude":"-28.04845","longitude":"-65.49945","feature_class":"P","feature_code":"PPL","country_code":"AR","cc2":"","admin1_code":"02","admin2_code":"","admin3_code":"","admin4_code":"","population":"6421","elevation":"","dem":"499","timezone":"America/Argentina/Catamarca","modification_date":"2012-01-18"},{"geonameid":"3846616","name":"Londres","asciiname":"Londres","alternatenames":["Londres"],"latitude":"-27.71439","longitude":"-67.13349","feature_class":"P","feature_code":"PPL","country_code":"AR","cc2":"","admin1_code":"02","admin2_code":"","admin3_code":"","admin4_code":"","population":"2627","elevation":"","dem":"1222","timezone":"America/Argentina/Catamarca","modification_date":"2012-02-02"},{"geonameid":"3849196","name":"La Puerta de San José","asciiname":"La Puerta de San Jose","alternatenames":[""],"latitude":"-27.55","longitude":"-67.01667","feature_class":"P","feature_code":"PPL","country_code":"AR","cc2":"","admin1_code":"02","admin2_code":"","admin3_code":"","admin4_code":"","population":"1073","elevation":"","dem":"1434","timezone":"America/Argentina/Catamarca","modification_date":"2010-06-01"},{"geonameid":"3849206","name":"La Puerta","asciiname":"La Puerta","alternatenames":["La Puerta"],"latitude":"-28.17036","longitude":"-65.79015","feature_class":"P","feature_code":"PPLA2","country_code":"AR","cc2":"","admin1_code":"02","admin2_code":"","admin3_code":"","admin4_code":"","population":"0","elevation":"","dem":"892","timezone":"America/Argentina/Catamarca","modification_date":"2014-03-07"},{"geonameid":"3849916","name":"La Merced","asciiname":"La Merced","alternatenames":["La Merced","Merced"],"latitude":"-28.15195","longitude":"-65.66029","feature_class":"P","feature_code":"PPLA2","country_code":"AR","cc2":"","admin1_code":"02","admin2_code":"","admin3_code":"","admin4_code":"","population":"0","elevation":"","dem":"887","timezone":"America/Argentina/Catamarca","modification_date":"2014-03-07"},{"geonameid":"3853935","name":"Icaño","asciiname":"Icano","alternatenames":["Icano","Icaño"],"latitude":"-28.91934","longitude":"-65.32817","feature_class":"P","feature_code":"PPL","country_code":"AR","cc2":"","admin1_code":"02","admin2_code":"","admin3_code":"","admin4_code":"","population":"6857","elevation":"","dem":"358","timezone":"America/Argentina/Catamarca","modification_date":"2012-02-02"},{"geonameid":"3853981","name":"Huillapima","asciiname":"Huillapima","alternatenames":["Huillapima"],"latitude":"-28.72533","longitude":"-65.9787","feature_class":"P","feature_code":"PPL","country_code":"AR","cc2":"","admin1_code":"02","admin2_code":"","admin3_code":"","admin4_code":"","population":"7779","elevation":"","dem":"467","timezone":"America/Argentina/Catamarca","modification_date":"2012-02-02"},{"geonameid":"3854102","name":"Hualfín","asciiname":"Hualfin","alternatenames":["Hualfin","Hualfín"],"latitude":"-27.22896","longitude":"-66.83131","feature_class":"P","feature_code":"PPL","country_code":"AR","cc2":"","admin1_code":"02","admin2_code":"","admin3_code":"","admin4_code":"","population":"2304","elevation":"","dem":"1842","timezone":"America/Argentina/Catamarca","modification_date":"2012-01-18"},{"geonameid":"3855588","name":"Fiambalá","asciiname":"Fiambala","alternatenames":["Fiambala","Fiambalá"],"latitude":"-27.68705","longitude":"-67.6149","feature_class":"P","feature_code":"PPL","country_code":"AR","cc2":"","admin1_code":"02","admin2_code":"","admin3_code":"","admin4_code":"","population":"8061","elevation":"","dem":"1521","timezone":"America/Argentina/Catamarca","modification_date":"2012-02-02"},{"geonameid":"3855933","name":"Esquiú","asciiname":"Esquiu","alternatenames":["Esquiu","Esquiú"],"latitude":"-29.38173","longitude":"-65.29099","feature_class":"P","feature_code":"PPLA2","country_code":"AR","cc2":"","admin1_code":"02","admin2_code":"","admin3_code":"","admin4_code":"","population":"0","elevation":"","dem":"242","timezone":"America/Argentina/Catamarca","modification_date":"2014-03-07"},{"geonameid":"3856776","name":"El Rodeo","asciiname":"El Rodeo","alternatenames":["El Rodeo","Rodeo"],"latitude":"-28.21518","longitude":"-65.8742","feature_class":"P","feature_code":"PPL","country_code":"AR","cc2":"","admin1_code":"02","admin2_code":"","admin3_code":"","admin4_code":"","population":"1083","elevation":"","dem":"1296","timezone":"America/Argentina/Catamarca","modification_date":"2012-01-18"},{"geonameid":"3858935","name":"El Alto","asciiname":"El Alto","alternatenames":["El Alto","Villa El Alto"],"latitude":"-28.31123","longitude":"-65.36397","feature_class":"P","feature_code":"PPLA2","country_code":"AR","cc2":"","admin1_code":"02","admin2_code":"10056","admin3_code":"","admin4_code":"","population":"0","elevation":"","dem":"977","timezone":"America/Argentina/Catamarca","modification_date":"2015-04-22"},{"geonameid":"3861217","name":"Chumbicha","asciiname":"Chumbicha","alternatenames":["Chumbicha"],"latitude":"-28.8543","longitude":"-66.235","feature_class":"P","feature_code":"PPLA2","country_code":"AR","cc2":"","admin1_code":"02","admin2_code":"","admin3_code":"","admin4_code":"","population":"0","elevation":"","dem":"427","timezone":"America/Argentina/Catamarca","modification_date":"2014-03-07"},{"geonameid":"3862772","name":"Capayán","asciiname":"Capayan","alternatenames":[""],"latitude":"-28.76105","longitude":"-66.05025","feature_class":"P","feature_code":"PPL","country_code":"AR","cc2":"","admin1_code":"02","admin2_code":"10042","admin3_code":"","admin4_code":"","population":"6358","elevation":"","dem":"445","timezone":"America/Argentina/Catamarca","modification_date":"2015-04-22"},{"geonameid":"3864430","name":"Belén","asciiname":"Belen","alternatenames":["Belen","Belén"],"latitude":"-27.65103","longitude":"-67.02869","feature_class":"P","feature_code":"PPLA2","country_code":"AR","cc2":"","admin1_code":"02","admin2_code":"","admin3_code":"","admin4_code":"","population":"0","elevation":"","dem":"1262","timezone":"America/Argentina/Catamarca","modification_date":"2014-03-07"},{"geonameid":"3864862","name":"Bañado de Ovanta","asciiname":"Banado de Ovanta","alternatenames":["Banado","Banado de Ovanta","Bañado","Bañado de Ovanta"],"latitude":"-28.10564","longitude":"-65.31884","feature_class":"P","feature_code":"PPLA2","country_code":"AR","cc2":"","admin1_code":"02","admin2_code":"","admin3_code":"","admin4_code":"","population":"0","elevation":"","dem":"474","timezone":"America/Argentina/Catamarca","modification_date":"2014-03-07"},{"geonameid":"3865662","name":"Antofagasta de la Sierra","asciiname":"Antofagasta de la Sierra","alternatenames":[""],"latitude":"-26.0594","longitude":"-67.40636","feature_class":"P","feature_code":"PPLA2","country_code":"AR","cc2":"","admin1_code":"02","admin2_code":"10028","admin3_code":"","admin4_code":"","population":"500","elevation":"","dem":"3368","timezone":"America/Argentina/Catamarca","modification_date":"2015-04-22"},{"geonameid":"3865802","name":"Andalgalá","asciiname":"Andalgala","alternatenames":["Andalgala","Andalgalá"],"latitude":"-27.60012","longitude":"-66.31794","feature_class":"P","feature_code":"PPLA2","country_code":"AR","cc2":"","admin1_code":"02","admin2_code":"10021","admin3_code":"","admin4_code":"","population":"14068","elevation":"","dem":"1020","timezone":"America/Argentina/Catamarca","modification_date":"2015-04-22"},{"geonameid":"3865830","name":"Ancasti","asciiname":"Ancasti","alternatenames":["Ancasti"],"latitude":"-28.81247","longitude":"-65.50145","feature_class":"P","feature_code":"PPLA2","country_code":"AR","cc2":"","admin1_code":"02","admin2_code":"10014","admin3_code":"","admin4_code":"","population":"3082","elevation":"","dem":"883","timezone":"America/Argentina/Catamarca","modification_date":"2015-04-22"}]}