{"region_data":{"countryId":"3865483","adminCode1":"24","countryName":"Argentina","fclName":"country, state, region,...","countryCode":"AR","lng":"-65.5","fcodeName":"first-order administrative division","toponymName":"Provincia de Tucumán","fcl":"A","numberOfChildren":18,"name":"Provincia de Tucumán","fcode":"ADM1","geonameId":3833578,"lat":"-27","adminName1":"Tucumán","population":1338523},"country_data":{"ISO":"AR","ISO3":"ARG","ISO_Numeric":"032","fips":"AR","country":"Argentina","capital":"Buenos Aires","area":"2766890","Population":"41343201","Continent":"SA","tld":".ar","CurrencyCode":"ARS","CurrencyName":"Peso","Phone":"54","Postal_Code_Format":"@####@@@","Postal_Code_Regex":"^([A-Z]\\d{4}[A-Z]{3})$","Languages":"es-AR,en,it,de,fr,gn","geonameid":"3865483","neighbours":"CL,BO,UY,PY,BR","EquivalentFipsCode":""},"cities":[{"geonameid":"3832260","name":"Yerba Buena","asciiname":"Yerba Buena","alternatenames":["Yerba Buena"],"latitude":"-26.81667","longitude":"-65.31667","feature_class":"P","feature_code":"PPLA2","country_code":"AR","cc2":"","admin1_code":"24","admin2_code":"","admin3_code":"","admin4_code":"","population":"50783","elevation":"","dem":"515","timezone":"America/Argentina/Tucuman","modification_date":"2014-03-07"},{"geonameid":"3833947","name":"Trancas","asciiname":"Trancas","alternatenames":["Trancas"],"latitude":"-26.21575","longitude":"-65.28492","feature_class":"P","feature_code":"PPLA2","country_code":"AR","cc2":"","admin1_code":"24","admin2_code":"90112","admin3_code":"","admin4_code":"","population":"6658","elevation":"","dem":"780","timezone":"America/Argentina/Tucuman","modification_date":"2015-04-22"},{"geonameid":"3834813","name":"Tafí Viejo","asciiname":"Tafi Viejo","alternatenames":["Tafi","Tafi Viejo","Tafí","Tafí Viejo"],"latitude":"-26.73201","longitude":"-65.25921","feature_class":"P","feature_code":"PPLA2","country_code":"AR","cc2":"","admin1_code":"24","admin2_code":"","admin3_code":"","admin4_code":"","population":"48459","elevation":"","dem":"629","timezone":"America/Argentina/Tucuman","modification_date":"2014-03-07"},{"geonameid":"3834814","name":"Tafí del Valle","asciiname":"Tafi del Valle","alternatenames":["Tafi","Tafi del Valle","Tafí","Tafí del Valle"],"latitude":"-26.85275","longitude":"-65.70983","feature_class":"P","feature_code":"PPLA2","country_code":"AR","cc2":"","admin1_code":"24","admin2_code":"","admin3_code":"","admin4_code":"","population":"4028","elevation":"","dem":"2000","timezone":"America/Argentina/Tucuman","modification_date":"2014-03-07"},{"geonameid":"3835238","name":"Simoca","asciiname":"Simoca","alternatenames":["Simoca"],"latitude":"-27.26272","longitude":"-65.35647","feature_class":"P","feature_code":"PPLA2","country_code":"AR","cc2":"","admin1_code":"24","admin2_code":"","admin3_code":"","admin4_code":"","population":"7939","elevation":"","dem":"325","timezone":"America/Argentina/Tucuman","modification_date":"2014-03-07"},{"geonameid":"3836873","name":"San Miguel de Tucumán","asciiname":"San Miguel de Tucuman","alternatenames":["Gorad San-Migel'-deh-Tukuman","San Migel de Tukuman","San Miguel de Tucuman","San Miguel de Tucumán","San Minkel nte Toukouman","San-Migel'-de-Tukuman","Sanctus Michael Tucumanensis","TUC","Tucuman","Tucumán","Tukuman","Tukumanas","san mi kelde tu ku man","san mygwyyl dy twkwman","sanmigeldetukuman","santyagw dwtwkwman","sheng mi ge er-de tu ku man","Σαν Μιγκέλ ντε Τουκουμάν","Горад Сан-Мігель-дэ-Тукуман","Сан Мигел де Тукуман","Сан-Мигель-де-Тукуман","Сан-Міґель-де-Тукуман","Тукуман","טוקומאן","سان میگوئیل دی توکومان","سانتیاگو دوتوکومان","ซานมีเกลเดตูกูมัน","სან-მიგელ-დე-ტუკუმანი","サン・ミゲル・デ・トゥクマン","圣米格尔-德图库曼","산미겔데투쿠만"],"latitude":"-26.82414","longitude":"-65.2226","feature_class":"P","feature_code":"PPLA","country_code":"AR","cc2":"","admin1_code":"24","admin2_code":"","admin3_code":"","admin4_code":"","population":"781023","elevation":"","dem":"452","timezone":"America/Argentina/Tucuman","modification_date":"2012-01-18"},{"geonameid":"3843803","name":"Monteros","asciiname":"Monteros","alternatenames":[""],"latitude":"-27.16741","longitude":"-65.49832","feature_class":"P","feature_code":"PPLA2","country_code":"AR","cc2":"","admin1_code":"24","admin2_code":"90070","admin3_code":"","admin4_code":"","population":"23771","elevation":"","dem":"360","timezone":"America/Argentina/Tucuman","modification_date":"2015-04-22"},{"geonameid":"3845391","name":"San Isidro de Lules","asciiname":"San Isidro de Lules","alternatenames":["Lules","San Isidro de Lules"],"latitude":"-26.9277","longitude":"-65.33869","feature_class":"P","feature_code":"PPLA2","country_code":"AR","cc2":"","admin1_code":"24","admin2_code":"","admin3_code":"","admin4_code":"","population":"0","elevation":"","dem":"418","timezone":"America/Argentina/Tucuman","modification_date":"2014-03-07"},{"geonameid":"3851985","name":"La Cocha","asciiname":"La Cocha","alternatenames":["La Cocha"],"latitude":"-27.77729","longitude":"-65.57035","feature_class":"P","feature_code":"PPLA2","country_code":"AR","cc2":"","admin1_code":"24","admin2_code":"","admin3_code":"","admin4_code":"","population":"7066","elevation":"","dem":"445","timezone":"America/Argentina/Tucuman","modification_date":"2014-03-07"},{"geonameid":"3854724","name":"Graneros","asciiname":"Graneros","alternatenames":["Graneros"],"latitude":"-27.64934","longitude":"-65.4383","feature_class":"P","feature_code":"PPLA2","country_code":"AR","cc2":"","admin1_code":"24","admin2_code":"90035","admin3_code":"","admin4_code":"","population":"5263","elevation":"","dem":"326","timezone":"America/Argentina/Tucuman","modification_date":"2015-04-22"},{"geonameid":"3855666","name":"Famaillá","asciiname":"Famailla","alternatenames":["Famailla","Famaillá"],"latitude":"-27.05413","longitude":"-65.40329","feature_class":"P","feature_code":"PPLA2","country_code":"AR","cc2":"","admin1_code":"24","admin2_code":"90028","admin3_code":"","admin4_code":"","population":"30951","elevation":"","dem":"368","timezone":"America/Argentina/Tucuman","modification_date":"2015-04-22"},{"geonameid":"3860427","name":"Concepción","asciiname":"Concepcion","alternatenames":["Concepcion","Concepción"],"latitude":"-27.34127","longitude":"-65.59636","feature_class":"P","feature_code":"PPLA2","country_code":"AR","cc2":"","admin1_code":"24","admin2_code":"90021","admin3_code":"","admin4_code":"","population":"0","elevation":"","dem":"374","timezone":"America/Argentina/Tucuman","modification_date":"2015-04-22"},{"geonameid":"3863701","name":"Burruyacú","asciiname":"Burruyacu","alternatenames":["Burruyaco","Burruyacu","Burruyacú"],"latitude":"-26.49918","longitude":"-64.74206","feature_class":"P","feature_code":"PPLA2","country_code":"AR","cc2":"","admin1_code":"24","admin2_code":"90007","admin3_code":"","admin4_code":"","population":"2037","elevation":"","dem":"526","timezone":"America/Argentina/Tucuman","modification_date":"2015-04-22"},{"geonameid":"3864375","name":"Bella Vista","asciiname":"Bella Vista","alternatenames":["Bella Vista"],"latitude":"-27.03424","longitude":"-65.30196","feature_class":"P","feature_code":"PPLA2","country_code":"AR","cc2":"","admin1_code":"24","admin2_code":"90056","admin3_code":"","admin4_code":"","population":"15126","elevation":"","dem":"366","timezone":"America/Argentina/Tucuman","modification_date":"2015-04-22"},{"geonameid":"3864851","name":"Banda del Río Salí","asciiname":"Banda del Rio Sali","alternatenames":["Banda del Rio Sali","Banda del Río Salí"],"latitude":"-26.83333","longitude":"-65.16667","feature_class":"P","feature_code":"PPLA2","country_code":"AR","cc2":"","admin1_code":"24","admin2_code":"","admin3_code":"","admin4_code":"","population":"0","elevation":"","dem":"431","timezone":"America/Argentina/Tucuman","modification_date":"2014-03-07"},{"geonameid":"3866367","name":"Alderetes","asciiname":"Alderetes","alternatenames":["Alderetes"],"latitude":"-26.81667","longitude":"-65.13333","feature_class":"P","feature_code":"PPL","country_code":"AR","cc2":"","admin1_code":"24","admin2_code":"","admin3_code":"","admin4_code":"","population":"38466","elevation":"","dem":"454","timezone":"America/Argentina/Tucuman","modification_date":"2012-01-18"},{"geonameid":"3866496","name":"Aguilares","asciiname":"Aguilares","alternatenames":["Aguilares"],"latitude":"-27.4338","longitude":"-65.61427","feature_class":"P","feature_code":"PPLA2","country_code":"AR","cc2":"","admin1_code":"24","admin2_code":"","admin3_code":"","admin4_code":"","population":"32494","elevation":"","dem":"375","timezone":"America/Argentina/Tucuman","modification_date":"2014-03-07"}]}