{"region_data":{"countryId":"3865483","adminCode1":"03","countryName":"Argentina","fclName":"country, state, region,...","countryCode":"AR","lng":"-60.5","fcodeName":"first-order administrative division","toponymName":"Provincia del Chaco","fcl":"A","numberOfChildren":25,"name":"Chaco","fcode":"ADM1","geonameId":3861887,"lat":"-26.33333","adminName1":"Chaco","population":984446},"country_data":{"ISO":"AR","ISO3":"ARG","ISO_Numeric":"032","fips":"AR","country":"Argentina","capital":"Buenos Aires","area":"2766890","Population":"41343201","Continent":"SA","tld":".ar","CurrencyCode":"ARS","CurrencyName":"Peso","Phone":"54","Postal_Code_Format":"@####@@@","Postal_Code_Regex":"^([A-Z]\\d{4}[A-Z]{3})$","Languages":"es-AR,en,it,de,fr,gn","geonameid":"3865483","neighbours":"CL,BO,UY,PY,BR","EquivalentFipsCode":""},"cities":[{"geonameid":"3429577","name":"Resistencia","asciiname":"Resistencia","alternatenames":["Ciudad de Resistencia","RES","Resistancia","Resistencia","Resistenseje","Resistensija","Resistensėjė","Resistentia","Resistência","lei xi si teng xi ya","lesiseutensia","reshisutenshia","rsystnsyh","rysystyna","rzystnsya","Ресистенсия","Ресистенсија","Ресістенсія","רסיסטנסיה","رزیستنسیا","ریسیستینا","რესისტენსია","レシステンシア","雷西斯滕西亚","레시스텐시아"],"latitude":"-27.46056","longitude":"-58.98389","feature_class":"P","feature_code":"PPLA","country_code":"AR","cc2":"","admin1_code":"03","admin2_code":"","admin3_code":"","admin4_code":"","population":"387158","elevation":"","dem":"56","timezone":"America/Argentina/Cordoba","modification_date":"2012-01-18"},{"geonameid":"3429713","name":"Puerto Vilelas","asciiname":"Puerto Vilelas","alternatenames":["Puerto Vilelas"],"latitude":"-27.51414","longitude":"-58.93906","feature_class":"P","feature_code":"PPL","country_code":"AR","cc2":"","admin1_code":"03","admin2_code":"","admin3_code":"","admin4_code":"","population":"8455","elevation":"","dem":"52","timezone":"America/Argentina/Cordoba","modification_date":"2012-02-02"},{"geonameid":"3429721","name":"Puerto Tirol","asciiname":"Puerto Tirol","alternatenames":["Puerto Tirol"],"latitude":"-27.37218","longitude":"-59.08206","feature_class":"P","feature_code":"PPLA2","country_code":"AR","cc2":"","admin1_code":"03","admin2_code":"","admin3_code":"","admin4_code":"","population":"9767","elevation":"","dem":"54","timezone":"America/Argentina/Cordoba","modification_date":"2014-03-07"},{"geonameid":"3429801","name":"Puerto Bermejo","asciiname":"Puerto Bermejo","alternatenames":["Bermejo","Puerto Bermejo"],"latitude":"-26.93173","longitude":"-58.50538","feature_class":"P","feature_code":"PPL","country_code":"AR","cc2":"","admin1_code":"03","admin2_code":"","admin3_code":"","admin4_code":"","population":"1832","elevation":"","dem":"55","timezone":"America/Argentina/Cordoba","modification_date":"2012-01-18"},{"geonameid":"3429864","name":"Presidencia Roca","asciiname":"Presidencia Roca","alternatenames":["Presidencia Roca","Presidente Roca"],"latitude":"-26.1409","longitude":"-59.59541","feature_class":"P","feature_code":"PPL","country_code":"AR","cc2":"","admin1_code":"03","admin2_code":"","admin3_code":"","admin4_code":"","population":"4987","elevation":"","dem":"91","timezone":"America/Argentina/Cordoba","modification_date":"2012-01-18"},{"geonameid":"3429866","name":"Presidencia de la Plaza","asciiname":"Presidencia de la Plaza","alternatenames":["Presidencia de la Plaza","Presidente de la Plaza","Puerto de la Plaza"],"latitude":"-27.00147","longitude":"-59.84243","feature_class":"P","feature_code":"PPLA2","country_code":"AR","cc2":"","admin1_code":"03","admin2_code":"22119","admin3_code":"","admin4_code":"","population":"12231","elevation":"","dem":"76","timezone":"America/Argentina/Cordoba","modification_date":"2015-04-22"},{"geonameid":"3430180","name":"Pampa del Indio","asciiname":"Pampa del Indio","alternatenames":["Pampa del Indio"],"latitude":"-26.06468","longitude":"-59.91898","feature_class":"P","feature_code":"PPL","country_code":"AR","cc2":"","admin1_code":"03","admin2_code":"","admin3_code":"","admin4_code":"","population":"11588","elevation":"","dem":"96","timezone":"America/Argentina/Cordoba","modification_date":"2012-02-02"},{"geonameid":"3430182","name":"Pampa Almirón","asciiname":"Pampa Almiron","alternatenames":["Pampa Almiron","Pampa Almirón"],"latitude":"-26.7","longitude":"-59.13333","feature_class":"P","feature_code":"PPL","country_code":"AR","cc2":"","admin1_code":"03","admin2_code":"","admin3_code":"","admin4_code":"","population":"1747","elevation":"","dem":"68","timezone":"America/Argentina/Cordoba","modification_date":"2012-02-02"},{"geonameid":"3430857","name":"Margarita Belén","asciiname":"Margarita Belen","alternatenames":["M. Belen","M. Belén","Margarita BeTen","Margarita BeTén","Margarita Belen","Margarita Belén"],"latitude":"-27.2616","longitude":"-58.97219","feature_class":"P","feature_code":"PPLA2","country_code":"AR","cc2":"","admin1_code":"03","admin2_code":"","admin3_code":"","admin4_code":"","population":"5547","elevation":"","dem":"58","timezone":"America/Argentina/Cordoba","modification_date":"2014-03-07"},{"geonameid":"3430943","name":"Makallé","asciiname":"Makalle","alternatenames":["Makalle","Makallé"],"latitude":"-27.20687","longitude":"-59.28696","feature_class":"P","feature_code":"PPLA2","country_code":"AR","cc2":"","admin1_code":"03","admin2_code":"","admin3_code":"","admin4_code":"","population":"4994","elevation":"","dem":"67","timezone":"America/Argentina/Cordoba","modification_date":"2014-03-07"},{"geonameid":"3431460","name":"La Verde","asciiname":"La Verde","alternatenames":["La Verde"],"latitude":"-27.12634","longitude":"-59.37352","feature_class":"P","feature_code":"PPL","country_code":"AR","cc2":"","admin1_code":"03","admin2_code":"","admin3_code":"","admin4_code":"","population":"2995","elevation":"","dem":"67","timezone":"America/Argentina/Cordoba","modification_date":"2012-02-02"},{"geonameid":"3431777","name":"Las Garcitas","asciiname":"Las Garcitas","alternatenames":["Colonia Las Garcitas","Las Garcitas"],"latitude":"-26.58333","longitude":"-59.8","feature_class":"P","feature_code":"PPL","country_code":"AR","cc2":"AR","admin1_code":"03","admin2_code":"","admin3_code":"","admin4_code":"","population":"4244","elevation":"","dem":"86","timezone":"America/Argentina/Cordoba","modification_date":"2012-01-18"},{"geonameid":"3432122","name":"Lapachito","asciiname":"Lapachito","alternatenames":["Lapachito"],"latitude":"-27.15997","longitude":"-59.38605","feature_class":"P","feature_code":"PPL","country_code":"AR","cc2":"","admin1_code":"03","admin2_code":"","admin3_code":"","admin4_code":"","population":"1448","elevation":"","dem":"66","timezone":"America/Argentina/Cordoba","modification_date":"2012-02-02"},{"geonameid":"3432355","name":"La Leonesa","asciiname":"La Leonesa","alternatenames":["La Leonesa"],"latitude":"-27.03786","longitude":"-58.70347","feature_class":"P","feature_code":"PPLA2","country_code":"AR","cc2":"","admin1_code":"03","admin2_code":"","admin3_code":"","admin4_code":"","population":"10067","elevation":"","dem":"60","timezone":"America/Argentina/Cordoba","modification_date":"2014-03-07"},{"geonameid":"3432466","name":"Laguna Limpia","asciiname":"Laguna Limpia","alternatenames":["Laguna Limpia"],"latitude":"-26.49565","longitude":"-59.68083","feature_class":"P","feature_code":"PPL","country_code":"AR","cc2":"","admin1_code":"03","admin2_code":"","admin3_code":"","admin4_code":"","population":"1594","elevation":"","dem":"86","timezone":"America/Argentina/Cordoba","modification_date":"2012-02-02"},{"geonameid":"3432653","name":"La Escondida","asciiname":"La Escondida","alternatenames":["Desvio La Escondida","La Escondida"],"latitude":"-27.10724","longitude":"-59.44784","feature_class":"P","feature_code":"PPL","country_code":"AR","cc2":"","admin1_code":"03","admin2_code":"","admin3_code":"","admin4_code":"","population":"3948","elevation":"","dem":"67","timezone":"America/Argentina/Cordoba","modification_date":"2012-01-18"},{"geonameid":"3432707","name":"La Eduvigis","asciiname":"La Eduvigis","alternatenames":["La Eduvigis"],"latitude":"-26.85545","longitude":"-59.06842","feature_class":"P","feature_code":"PPL","country_code":"AR","cc2":"","admin1_code":"03","admin2_code":"","admin3_code":"","admin4_code":"","population":"3816","elevation":"","dem":"70","timezone":"America/Argentina/Cordoba","modification_date":"2012-02-02"},{"geonameid":"3433773","name":"General Vedia","asciiname":"General Vedia","alternatenames":["General Vedia","General Verde"],"latitude":"-26.93382","longitude":"-58.6604","feature_class":"P","feature_code":"PPL","country_code":"AR","cc2":"","admin1_code":"03","admin2_code":"","admin3_code":"","admin4_code":"","population":"3513","elevation":"","dem":"58","timezone":"America/Argentina/Cordoba","modification_date":"2012-01-18"},{"geonameid":"3433803","name":"General José de San Martín","asciiname":"General Jose de San Martin","alternatenames":["Colonia Zapallar","El Zapallar","General Jose de San Martin","General José de San Martín","General San Martin","General San Martín","Zapallar"],"latitude":"-26.53743","longitude":"-59.34158","feature_class":"P","feature_code":"PPLA2","country_code":"AR","cc2":"","admin1_code":"03","admin2_code":"","admin3_code":"","admin4_code":"","population":"31758","elevation":"","dem":"81","timezone":"America/Argentina/Cordoba","modification_date":"2014-03-07"},{"geonameid":"3433901","name":"Fontana","asciiname":"Fontana","alternatenames":["Fontana"],"latitude":"-27.41813","longitude":"-59.02392","feature_class":"P","feature_code":"PPL","country_code":"AR","cc2":"","admin1_code":"03","admin2_code":"","admin3_code":"","admin4_code":"","population":"26745","elevation":"","dem":"54","timezone":"America/Argentina/Cordoba","modification_date":"2012-02-02"},{"geonameid":"3435196","name":"Coté-Lai","asciiname":"Cote-Lai","alternatenames":[""],"latitude":"-27.5","longitude":"-59.6","feature_class":"P","feature_code":"PPL","country_code":"AR","cc2":"","admin1_code":"03","admin2_code":"","admin3_code":"","admin4_code":"","population":"1650","elevation":"","dem":"65","timezone":"America/Argentina/Cordoba","modification_date":"2010-06-01"},{"geonameid":"3435295","name":"Colonias Unidas","asciiname":"Colonias Unidas","alternatenames":["Colonia Unidas","Colonias Unidas"],"latitude":"-26.69825","longitude":"-59.63154","feature_class":"P","feature_code":"PPL","country_code":"AR","cc2":"","admin1_code":"03","admin2_code":"","admin3_code":"","admin4_code":"","population":"4093","elevation":"","dem":"83","timezone":"America/Argentina/Cordoba","modification_date":"2012-01-18"},{"geonameid":"3435330","name":"Colonia Elisa","asciiname":"Colonia Elisa","alternatenames":["Colonia Elisa"],"latitude":"-26.93041","longitude":"-59.51861","feature_class":"P","feature_code":"PPLA2","country_code":"AR","cc2":"","admin1_code":"03","admin2_code":"","admin3_code":"","admin4_code":"","population":"4570","elevation":"","dem":"72","timezone":"America/Argentina/Cordoba","modification_date":"2014-03-07"},{"geonameid":"3435340","name":"Colonia Benítez","asciiname":"Colonia Benitez","alternatenames":["Benitez","Benítez","Colonia Benitez","Colonia Benítez"],"latitude":"-27.33099","longitude":"-58.94622","feature_class":"P","feature_code":"PPL","country_code":"AR","cc2":"","admin1_code":"03","admin2_code":"","admin3_code":"","admin4_code":"","population":"3584","elevation":"","dem":"54","timezone":"America/Argentina/Cordoba","modification_date":"2012-01-18"},{"geonameid":"3435399","name":"Ciervo Petiso","asciiname":"Ciervo Petiso","alternatenames":["Ciervo Petiso","Ciervo Petizo"],"latitude":"-26.58041","longitude":"-59.63094","feature_class":"P","feature_code":"PPL","country_code":"AR","cc2":"","admin1_code":"03","admin2_code":"","admin3_code":"","admin4_code":"","population":"1055","elevation":"","dem":"88","timezone":"America/Argentina/Cordoba","modification_date":"2012-01-18"},{"geonameid":"3435453","name":"Charadai","asciiname":"Charadai","alternatenames":["Charadai","Charaday"],"latitude":"-27.63333","longitude":"-59.9","feature_class":"P","feature_code":"PPLA2","country_code":"AR","cc2":"","admin1_code":"03","admin2_code":"","admin3_code":"","admin4_code":"","population":"2538","elevation":"","dem":"67","timezone":"America/Argentina/Cordoba","modification_date":"2014-03-07"},{"geonameid":"3435688","name":"Capitán Solari","asciiname":"Capitan Solari","alternatenames":["Capitan Solari","Capitán Solari"],"latitude":"-26.80215","longitude":"-59.56089","feature_class":"P","feature_code":"PPL","country_code":"AR","cc2":"","admin1_code":"03","admin2_code":"","admin3_code":"","admin4_code":"","population":"2123","elevation":"","dem":"80","timezone":"America/Argentina/Cordoba","modification_date":"2012-02-02"},{"geonameid":"3436100","name":"Basail","asciiname":"Basail","alternatenames":["Basail"],"latitude":"-27.86667","longitude":"-59.3","feature_class":"P","feature_code":"PPL","country_code":"AR","cc2":"","admin1_code":"03","admin2_code":"","admin3_code":"","admin4_code":"","population":"3652","elevation":"","dem":"57","timezone":"America/Argentina/Cordoba","modification_date":"2012-02-02"},{"geonameid":"3436124","name":"Barranqueras","asciiname":"Barranqueras","alternatenames":["Barranqueras"],"latitude":"-27.48132","longitude":"-58.93925","feature_class":"P","feature_code":"PPL","country_code":"AR","cc2":"","admin1_code":"03","admin2_code":"22140","admin3_code":"","admin4_code":"","population":"50823","elevation":"","dem":"41","timezone":"America/Argentina/Cordoba","modification_date":"2015-06-24"},{"geonameid":"3832797","name":"Villa Berthet","asciiname":"Villa Berthet","alternatenames":["Villa Berthet"],"latitude":"-27.29174","longitude":"-60.41263","feature_class":"P","feature_code":"PPLA2","country_code":"AR","cc2":"","admin1_code":"03","admin2_code":"","admin3_code":"","admin4_code":"","population":"12029","elevation":"","dem":"83","timezone":"America/Argentina/Cordoba","modification_date":"2014-03-07"},{"geonameid":"3832811","name":"Villa Ángela","asciiname":"Villa Angela","alternatenames":["Villa Angela","Villa Ángela"],"latitude":"-27.57383","longitude":"-60.71526","feature_class":"P","feature_code":"PPLA2","country_code":"AR","cc2":"","admin1_code":"03","admin2_code":"","admin3_code":"","admin4_code":"","population":"43511","elevation":"","dem":"79","timezone":"America/Argentina/Cordoba","modification_date":"2014-03-07"},{"geonameid":"3833794","name":"Tres Isletas","asciiname":"Tres Isletas","alternatenames":["Tres Isletas"],"latitude":"-26.34067","longitude":"-60.43207","feature_class":"P","feature_code":"PPLA2","country_code":"AR","cc2":"","admin1_code":"03","admin2_code":"","admin3_code":"","admin4_code":"","population":"24747","elevation":"","dem":"102","timezone":"America/Argentina/Cordoba","modification_date":"2014-03-07"},{"geonameid":"3834843","name":"Taco Pozo","asciiname":"Taco Pozo","alternatenames":["Taco Pozo"],"latitude":"-25.61667","longitude":"-63.28333","feature_class":"P","feature_code":"PPL","country_code":"AR","cc2":"","admin1_code":"03","admin2_code":"","admin3_code":"","admin4_code":"","population":"8470","elevation":"","dem":"261","timezone":"America/Argentina/Cordoba","modification_date":"2012-02-02"},{"geonameid":"3835921","name":"Santa Sylvina","asciiname":"Santa Sylvina","alternatenames":["Santa Silvina","Santa Sylvina"],"latitude":"-27.83261","longitude":"-61.13747","feature_class":"P","feature_code":"PPLA2","country_code":"AR","cc2":"","admin1_code":"03","admin2_code":"","admin3_code":"","admin4_code":"","population":"9040","elevation":"","dem":"77","timezone":"America/Argentina/Cordoba","modification_date":"2014-03-07"},{"geonameid":"3837943","name":"San Bernardo","asciiname":"San Bernardo","alternatenames":["San Bernardo"],"latitude":"-27.28782","longitude":"-60.71252","feature_class":"P","feature_code":"PPLA2","country_code":"AR","cc2":"","admin1_code":"03","admin2_code":"","admin3_code":"","admin4_code":"","population":"11101","elevation":"","dem":"88","timezone":"America/Argentina/Cordoba","modification_date":"2014-03-07"},{"geonameid":"3838194","name":"Samuhú","asciiname":"Samuhu","alternatenames":["Samuhi","Samuhu","Samuhú"],"latitude":"-27.52116","longitude":"-60.39167","feature_class":"P","feature_code":"PPL","country_code":"AR","cc2":"","admin1_code":"03","admin2_code":"","admin3_code":"","admin4_code":"","population":"2223","elevation":"","dem":"75","timezone":"America/Argentina/Cordoba","modification_date":"2012-01-18"},{"geonameid":"3839490","name":"Quitilipi","asciiname":"Quitilipi","alternatenames":["Quitilipi"],"latitude":"-26.86913","longitude":"-60.21683","feature_class":"P","feature_code":"PPLA2","country_code":"AR","cc2":"","admin1_code":"03","admin2_code":"22133","admin3_code":"","admin4_code":"","population":"32083","elevation":"","dem":"88","timezone":"America/Argentina/Cordoba","modification_date":"2015-04-22"},{"geonameid":"3840300","name":"Presidencia Roque Sáenz Peña","asciiname":"Presidencia Roque Saenz Pena","alternatenames":["Presidencia Roque Saenz Pena","Presidencia Roque Sáenz Peña","Presidensija Roke Saens Penja","Presidente Roque Saenz Pena","Presidente Roque Sáenz Peña","Roque Saenz Pena","Roque Sáenz Peña","SZQ","luo ke sa en si pei ni ya zong tong cheng","rwkh saynz pnya","روکه سائنز پنیا","羅克薩恩斯培尼亞總統城"],"latitude":"-26.78522","longitude":"-60.43876","feature_class":"P","feature_code":"PPLA2","country_code":"AR","cc2":"","admin1_code":"03","admin2_code":"","admin3_code":"","admin4_code":"","population":"81879","elevation":"","dem":"97","timezone":"America/Argentina/Cordoba","modification_date":"2014-03-07"},{"geonameid":"3842142","name":"Pampa del Infierno","asciiname":"Pampa del Infierno","alternatenames":["Pampa del Infierno"],"latitude":"-26.50517","longitude":"-61.17436","feature_class":"P","feature_code":"PPLA2","country_code":"AR","cc2":"","admin1_code":"03","admin2_code":"","admin3_code":"","admin4_code":"","population":"8176","elevation":"","dem":"126","timezone":"America/Argentina/Cordoba","modification_date":"2014-03-07"},{"geonameid":"3843436","name":"Napenay","asciiname":"Napenay","alternatenames":["Napenay"],"latitude":"-26.73333","longitude":"-60.61667","feature_class":"P","feature_code":"PPL","country_code":"AR","cc2":"","admin1_code":"03","admin2_code":"","admin3_code":"","admin4_code":"","population":"3056","elevation":"","dem":"97","timezone":"America/Argentina/Cordoba","modification_date":"2012-02-02"},{"geonameid":"3845330","name":"Machagai","asciiname":"Machagai","alternatenames":["Machagai"],"latitude":"-26.92614","longitude":"-60.04955","feature_class":"P","feature_code":"PPLA2","country_code":"AR","cc2":"","admin1_code":"03","admin2_code":"","admin3_code":"","admin4_code":"","population":"28070","elevation":"","dem":"90","timezone":"America/Argentina/Cordoba","modification_date":"2014-03-07"},{"geonameid":"3846175","name":"Los Frentones","asciiname":"Los Frentones","alternatenames":["Los Frentones","Los Frontones"],"latitude":"-26.4077","longitude":"-61.41367","feature_class":"P","feature_code":"PPL","country_code":"AR","cc2":"","admin1_code":"03","admin2_code":"","admin3_code":"","admin4_code":"","population":"6610","elevation":"","dem":"136","timezone":"America/Argentina/Cordoba","modification_date":"2012-01-18"},{"geonameid":"3847516","name":"La Tigra","asciiname":"La Tigra","alternatenames":[""],"latitude":"-27.10996","longitude":"-60.58719","feature_class":"P","feature_code":"PPL","country_code":"AR","cc2":"","admin1_code":"03","admin2_code":"","admin3_code":"","admin4_code":"","population":"4505","elevation":"","dem":"93","timezone":"America/Argentina/Cordoba","modification_date":"2011-04-19"},{"geonameid":"3848687","name":"Las Breñas","asciiname":"Las Brenas","alternatenames":["Las Brenas","Las Breñas"],"latitude":"-27.08966","longitude":"-61.08161","feature_class":"P","feature_code":"PPLA2","country_code":"AR","cc2":"","admin1_code":"03","admin2_code":"","admin3_code":"","admin4_code":"","population":"26955","elevation":"","dem":"104","timezone":"America/Argentina/Cordoba","modification_date":"2014-03-07"},{"geonameid":"3851993","name":"La Clotilde","asciiname":"La Clotilde","alternatenames":["La Clotilde"],"latitude":"-27.13333","longitude":"-60.66667","feature_class":"P","feature_code":"PPL","country_code":"AR","cc2":"","admin1_code":"03","admin2_code":"","admin3_code":"","admin4_code":"","population":"3625","elevation":"","dem":"94","timezone":"America/Argentina/Cordoba","modification_date":"2012-05-06"},{"geonameid":"3854336","name":"Hermoso Campo","asciiname":"Hermoso Campo","alternatenames":["Hermoso Campo"],"latitude":"-27.60816","longitude":"-61.34441","feature_class":"P","feature_code":"PPLA2","country_code":"AR","cc2":"","admin1_code":"03","admin2_code":"","admin3_code":"","admin4_code":"","population":"7435","elevation":"","dem":"86","timezone":"America/Argentina/Cordoba","modification_date":"2014-03-07"},{"geonameid":"3855074","name":"General Pinedo","asciiname":"General Pinedo","alternatenames":["General Pinedo"],"latitude":"-27.31667","longitude":"-61.28333","feature_class":"P","feature_code":"PPLA2","country_code":"AR","cc2":"","admin1_code":"03","admin2_code":"","admin3_code":"","admin4_code":"","population":"15741","elevation":"","dem":"95","timezone":"America/Argentina/Cordoba","modification_date":"2014-03-07"},{"geonameid":"3855237","name":"Gancedo","asciiname":"Gancedo","alternatenames":["Gancedo"],"latitude":"-27.49038","longitude":"-61.67571","feature_class":"P","feature_code":"PPL","country_code":"AR","cc2":"","admin1_code":"03","admin2_code":"","admin3_code":"","admin4_code":"","population":"3737","elevation":"","dem":"105","timezone":"America/Argentina/Cordoba","modification_date":"2012-02-02"},{"geonameid":"3859974","name":"Corzuela","asciiname":"Corzuela","alternatenames":["Corzuela"],"latitude":"-26.95374","longitude":"-60.96928","feature_class":"P","feature_code":"PPLA2","country_code":"AR","cc2":"","admin1_code":"03","admin2_code":"","admin3_code":"","admin4_code":"","population":"10470","elevation":"","dem":"106","timezone":"America/Argentina/Cordoba","modification_date":"2014-03-07"},{"geonameid":"3860197","name":"Coronel Du Graty","asciiname":"Coronel Du Graty","alternatenames":["Coronel Du Graty"],"latitude":"-27.68038","longitude":"-60.91462","feature_class":"P","feature_code":"PPL","country_code":"AR","cc2":"","admin1_code":"03","admin2_code":"","admin3_code":"","admin4_code":"","population":"9140","elevation":"","dem":"82","timezone":"America/Argentina/Cordoba","modification_date":"2012-01-18"},{"geonameid":"3860419","name":"Concepción del Bermejo","asciiname":"Concepcion del Bermejo","alternatenames":["Concepcion del Bermejo","Concepción del Bermejo"],"latitude":"-26.59926","longitude":"-60.94617","feature_class":"P","feature_code":"PPL","country_code":"AR","cc2":"","admin1_code":"03","admin2_code":"","admin3_code":"","admin4_code":"","population":"5830","elevation":"","dem":"113","timezone":"America/Argentina/Cordoba","modification_date":"2012-02-02"},{"geonameid":"3861297","name":"Chorotis","asciiname":"Chorotis","alternatenames":["Chorotis"],"latitude":"-27.91578","longitude":"-61.39982","feature_class":"P","feature_code":"PPL","country_code":"AR","cc2":"","admin1_code":"03","admin2_code":"","admin3_code":"","admin4_code":"","population":"1445","elevation":"","dem":"76","timezone":"America/Argentina/Cordoba","modification_date":"2012-01-18"},{"geonameid":"3861678","name":"Charata","asciiname":"Charata","alternatenames":["CNT","Charata","Charatas"],"latitude":"-27.21438","longitude":"-61.18795","feature_class":"P","feature_code":"PPLA2","country_code":"AR","cc2":"","admin1_code":"03","admin2_code":"","admin3_code":"","admin4_code":"","population":"27813","elevation":"","dem":"98","timezone":"America/Argentina/Cordoba","modification_date":"2014-03-07"},{"geonameid":"3862320","name":"Castelli","asciiname":"Castelli","alternatenames":["Castelli","Colonia Castelli","J.J. Castelli","Juan Jose Castelli","Juan José Castelli"],"latitude":"-25.94679","longitude":"-60.61947","feature_class":"P","feature_code":"PPLA2","country_code":"AR","cc2":"","admin1_code":"03","admin2_code":"","admin3_code":"","admin4_code":"","population":"36588","elevation":"","dem":"113","timezone":"America/Argentina/Cordoba","modification_date":"2014-03-07"},{"geonameid":"3863095","name":"Campo Largo","asciiname":"Campo Largo","alternatenames":["Campo Largo"],"latitude":"-26.80077","longitude":"-60.84215","feature_class":"P","feature_code":"PPLA2","country_code":"AR","cc2":"","admin1_code":"03","admin2_code":"","admin3_code":"","admin4_code":"","population":"10743","elevation":"","dem":"106","timezone":"America/Argentina/Cordoba","modification_date":"2014-03-07"},{"geonameid":"3865186","name":"Aviá Terai","asciiname":"Avia Terai","alternatenames":["Avia Terai","Aviá Terai"],"latitude":"-26.68532","longitude":"-60.7292","feature_class":"P","feature_code":"PPL","country_code":"AR","cc2":"","admin1_code":"03","admin2_code":"","admin3_code":"","admin4_code":"","population":"6821","elevation":"","dem":"103","timezone":"America/Argentina/Cordoba","modification_date":"2012-02-02"}]}