{"region_data":{"countryId":"3865483","adminCode1":"10","countryName":"Argentina","fclName":"country, state, region,...","countryCode":"AR","lng":"-66","fcodeName":"first-order administrative division","toponymName":"Provincia de Jujuy","fcl":"A","numberOfChildren":16,"name":"Provincia de Jujuy","fcode":"ADM1","geonameId":3853404,"lat":"-23","adminName1":"Jujuy","population":611888},"country_data":{"ISO":"AR","ISO3":"ARG","ISO_Numeric":"032","fips":"AR","country":"Argentina","capital":"Buenos Aires","area":"2766890","Population":"41343201","Continent":"SA","tld":".ar","CurrencyCode":"ARS","CurrencyName":"Peso","Phone":"54","Postal_Code_Format":"@####@@@","Postal_Code_Regex":"^([A-Z]\\d{4}[A-Z]{3})$","Languages":"es-AR,en,it,de,fr,gn","geonameid":"3865483","neighbours":"CL,BO,UY,PY,BR","EquivalentFipsCode":""},"cities":[{"geonameid":"3832189","name":"Yuto","asciiname":"Yuto","alternatenames":[""],"latitude":"-23.64342","longitude":"-64.47194","feature_class":"P","feature_code":"PPL","country_code":"AR","cc2":"","admin1_code":"10","admin2_code":"","admin3_code":"","admin4_code":"","population":"7732","elevation":"","dem":"355","timezone":"America/Argentina/Jujuy","modification_date":"2011-04-19"},{"geonameid":"3833219","name":"Valle Grande","asciiname":"Valle Grande","alternatenames":[""],"latitude":"-23.47735","longitude":"-64.9425","feature_class":"P","feature_code":"PPLA2","country_code":"AR","cc2":"","admin1_code":"10","admin2_code":"38105","admin3_code":"","admin4_code":"","population":"0","elevation":"","dem":"1693","timezone":"America/Argentina/Jujuy","modification_date":"2015-04-22"},{"geonameid":"3833549","name":"Tumbaya","asciiname":"Tumbaya","alternatenames":["Tumbaya"],"latitude":"-23.85626","longitude":"-65.45741","feature_class":"P","feature_code":"PPLA2","country_code":"AR","cc2":"","admin1_code":"10","admin2_code":"38098","admin3_code":"","admin4_code":"","population":"0","elevation":"","dem":"2205","timezone":"America/Argentina/Jujuy","modification_date":"2015-04-22"},{"geonameid":"3834403","name":"Tilcara","asciiname":"Tilcara","alternatenames":["Tilcara"],"latitude":"-23.57757","longitude":"-65.3509","feature_class":"P","feature_code":"PPLA2","country_code":"AR","cc2":"","admin1_code":"10","admin2_code":"38094","admin3_code":"","admin4_code":"","population":"5640","elevation":"","dem":"3180","timezone":"America/Argentina/Jujuy","modification_date":"2015-04-22"},{"geonameid":"3834893","name":"Susques","asciiname":"Susques","alternatenames":[""],"latitude":"-23.39864","longitude":"-66.36701","feature_class":"P","feature_code":"PPLA2","country_code":"AR","cc2":"","admin1_code":"10","admin2_code":"38084","admin3_code":"","admin4_code":"","population":"0","elevation":"","dem":"3605","timezone":"America/Argentina/Salta","modification_date":"2015-04-22"},{"geonameid":"3836407","name":"Santa Clara","asciiname":"Santa Clara","alternatenames":["Santa Clara"],"latitude":"-24.30921","longitude":"-64.66253","feature_class":"P","feature_code":"PPLA2","country_code":"AR","cc2":"","admin1_code":"10","admin2_code":"","admin3_code":"","admin4_code":"","population":"4883","elevation":"","dem":"573","timezone":"America/Argentina/Jujuy","modification_date":"2014-03-07"},{"geonameid":"3836450","name":"Santa Catalina","asciiname":"Santa Catalina","alternatenames":["Santa Catalina"],"latitude":"-21.94467","longitude":"-66.05219","feature_class":"P","feature_code":"PPLA2","country_code":"AR","cc2":"","admin1_code":"10","admin2_code":"38077","admin3_code":"","admin4_code":"","population":"0","elevation":"","dem":"3801","timezone":"America/Argentina/Jujuy","modification_date":"2015-04-22"},{"geonameid":"3836564","name":"San Salvador de Jujuy","asciiname":"San Salvador de Jujuy","alternatenames":["Gorad San-Sal'vador-deh-Zhuzhuj","JUJ","Jujuy","Khukhuj","San Sal'vador de Khukhuj","San Sal'vador de Zhuzhuj","San Salvador de Chuchujus","San Salvador de Jujuy","San Salvador de Khukhuj","San-Sal'vador-de-Zhuzhuj","Sanctus Salvator Soteriae","san salwadwr dh khwkhwyy","san-salvador-de-khukhui","sansalbadoleudehuhu-i","sheng sa er wa duo-de hu hu yi","sn slbdwr dh hwhwy","Горад Сан-Сальвадор-дэ-Жужуй","Сан Салвадор де Хухуй","Сан Салвадор де Хухуј","Сан Сальвадор де Жужуй","Сан Сальвадор де Хухуй","Сан-Сальвадор-де-Жужуй","Хухуй","סן סלבדור דה חוחוי","سان سالوادور ده خوخوئی","سان سلوادور دی جوجوئے","სან-სალვადორ-დე-ხუხუი","サン・サルバドール・デ・フフイ","圣萨尔瓦多-德胡胡伊","산살바도르데후후이"],"latitude":"-24.19457","longitude":"-65.29712","feature_class":"P","feature_code":"PPLA","country_code":"AR","cc2":"","admin1_code":"10","admin2_code":"","admin3_code":"","admin4_code":"","population":"305891","elevation":"","dem":"1260","timezone":"America/Argentina/Jujuy","modification_date":"2012-11-27"},{"geonameid":"3836772","name":"San Pedro","asciiname":"San Pedro","alternatenames":["San Pedro"],"latitude":"-24.23127","longitude":"-64.86614","feature_class":"P","feature_code":"PPLA2","country_code":"AR","cc2":"","admin1_code":"10","admin2_code":"38063","admin3_code":"","admin4_code":"","population":"58430","elevation":"","dem":"587","timezone":"America/Argentina/Jujuy","modification_date":"2015-04-22"},{"geonameid":"3838064","name":"San Antonio","asciiname":"San Antonio","alternatenames":["San Antonio"],"latitude":"-24.36753","longitude":"-65.33471","feature_class":"P","feature_code":"PPLA2","country_code":"AR","cc2":"","admin1_code":"10","admin2_code":"38056","admin3_code":"","admin4_code":"","population":"0","elevation":"","dem":"1350","timezone":"America/Argentina/Jujuy","modification_date":"2015-04-22"},{"geonameid":"3839023","name":"Rinconada","asciiname":"Rinconada","alternatenames":["Rinconada"],"latitude":"-22.44083","longitude":"-66.16779","feature_class":"P","feature_code":"PPLA2","country_code":"AR","cc2":"","admin1_code":"10","admin2_code":"","admin3_code":"","admin4_code":"","population":"0","elevation":"","dem":"3915","timezone":"America/Argentina/Jujuy","modification_date":"2014-03-07"},{"geonameid":"3842190","name":"Palpalá","asciiname":"Palpala","alternatenames":["Palpala","Palpalá"],"latitude":"-24.25647","longitude":"-65.21163","feature_class":"P","feature_code":"PPLA2","country_code":"AR","cc2":"","admin1_code":"10","admin2_code":"","admin3_code":"","admin4_code":"","population":"48199","elevation":"","dem":"1126","timezone":"America/Argentina/Jujuy","modification_date":"2014-03-07"},{"geonameid":"3842268","name":"Palma Sola","asciiname":"Palma Sola","alternatenames":["Palma Sola","Palma Sota"],"latitude":"-23.96336","longitude":"-64.29872","feature_class":"P","feature_code":"PPL","country_code":"AR","cc2":"","admin1_code":"10","admin2_code":"","admin3_code":"","admin4_code":"","population":"5318","elevation":"","dem":"664","timezone":"America/Argentina/Jujuy","modification_date":"2012-01-18"},{"geonameid":"3845254","name":"Maimará","asciiname":"Maimara","alternatenames":["Maimara","Maimará"],"latitude":"-23.62392","longitude":"-65.40797","feature_class":"P","feature_code":"PPL","country_code":"AR","cc2":"","admin1_code":"10","admin2_code":"","admin3_code":"","admin4_code":"","population":"2470","elevation":"","dem":"2397","timezone":"America/Argentina/Jujuy","modification_date":"2012-02-02"},{"geonameid":"3846915","name":"Libertador General San Martín","asciiname":"Libertador General San Martin","alternatenames":["General San Martin","Ledesma","Libertador General San Martin","Libertador General San Martín"],"latitude":"-23.80644","longitude":"-64.78757","feature_class":"P","feature_code":"PPLA2","country_code":"AR","cc2":"","admin1_code":"10","admin2_code":"","admin3_code":"","admin4_code":"","population":"49267","elevation":"","dem":"485","timezone":"America/Argentina/Jujuy","modification_date":"2014-03-07"},{"geonameid":"3849140","name":"La Quiaca","asciiname":"La Quiaca","alternatenames":["La Quiaca"],"latitude":"-22.10236","longitude":"-65.59299","feature_class":"P","feature_code":"PPLA2","country_code":"AR","cc2":"","admin1_code":"10","admin2_code":"","admin3_code":"","admin4_code":"","population":"14751","elevation":"","dem":"3451","timezone":"America/Argentina/Jujuy","modification_date":"2014-03-07"},{"geonameid":"3849924","name":"La Mendieta","asciiname":"La Mendieta","alternatenames":["La Mendieta"],"latitude":"-24.31187","longitude":"-64.96377","feature_class":"P","feature_code":"PPL","country_code":"AR","cc2":"","admin1_code":"10","admin2_code":"","admin3_code":"","admin4_code":"","population":"3812","elevation":"","dem":"735","timezone":"America/Argentina/Jujuy","modification_date":"2012-05-06"},{"geonameid":"3853767","name":"Ingenio La Esperanza","asciiname":"Ingenio La Esperanza","alternatenames":["Ingenio La Esperanza","La Esperanza"],"latitude":"-24.22554","longitude":"-64.83896","feature_class":"P","feature_code":"PPL","country_code":"AR","cc2":"","admin1_code":"10","admin2_code":"","admin3_code":"","admin4_code":"","population":"5002","elevation":"","dem":"557","timezone":"America/Argentina/Jujuy","modification_date":"2012-01-18"},{"geonameid":"3853967","name":"Humahuaca","asciiname":"Humahuaca","alternatenames":["Humahuaca"],"latitude":"-23.20544","longitude":"-65.35048","feature_class":"P","feature_code":"PPLA2","country_code":"AR","cc2":"","admin1_code":"10","admin2_code":"38028","admin3_code":"","admin4_code":"","population":"11369","elevation":"","dem":"2970","timezone":"America/Argentina/Jujuy","modification_date":"2015-04-22"},{"geonameid":"3855394","name":"Fraile Pintado","asciiname":"Fraile Pintado","alternatenames":["Fraile Pintado"],"latitude":"-23.94079","longitude":"-64.79943","feature_class":"P","feature_code":"PPL","country_code":"AR","cc2":"","admin1_code":"10","admin2_code":"","admin3_code":"","admin4_code":"","population":"13682","elevation":"","dem":"463","timezone":"America/Argentina/Jujuy","modification_date":"2012-02-02"},{"geonameid":"3858590","name":"El Carmen","asciiname":"El Carmen","alternatenames":["Carmen","El Carmen"],"latitude":"-24.38682","longitude":"-65.26177","feature_class":"P","feature_code":"PPLA2","country_code":"AR","cc2":"","admin1_code":"10","admin2_code":"38014","admin3_code":"","admin4_code":"","population":"0","elevation":"","dem":"1178","timezone":"America/Argentina/Jujuy","modification_date":"2015-04-22"},{"geonameid":"3859000","name":"El Aguilar","asciiname":"El Aguilar","alternatenames":["Aguilar","El Aguilar"],"latitude":"-23.22582","longitude":"-65.69213","feature_class":"P","feature_code":"PPL","country_code":"AR","cc2":"","admin1_code":"10","admin2_code":"","admin3_code":"","admin4_code":"","population":"3655","elevation":"","dem":"4040","timezone":"America/Argentina/Jujuy","modification_date":"2012-01-18"},{"geonameid":"3863366","name":"Calilegua","asciiname":"Calilegua","alternatenames":["Calilegua"],"latitude":"-23.77368","longitude":"-64.77002","feature_class":"P","feature_code":"PPL","country_code":"AR","cc2":"","admin1_code":"10","admin2_code":"","admin3_code":"","admin4_code":"","population":"5174","elevation":"","dem":"468","timezone":"America/Argentina/Jujuy","modification_date":"2012-02-02"},{"geonameid":"3863491","name":"Caimancito","asciiname":"Caimancito","alternatenames":["Caimancito"],"latitude":"-23.74069","longitude":"-64.5937","feature_class":"P","feature_code":"PPL","country_code":"AR","cc2":"","admin1_code":"10","admin2_code":"","admin3_code":"","admin4_code":"","population":"5403","elevation":"","dem":"375","timezone":"America/Argentina/Jujuy","modification_date":"2012-02-02"},{"geonameid":"3867009","name":"Abra Pampa","asciiname":"Abra Pampa","alternatenames":["Abra Pampa"],"latitude":"-22.72049","longitude":"-65.69697","feature_class":"P","feature_code":"PPLA2","country_code":"AR","cc2":"","admin1_code":"10","admin2_code":"","admin3_code":"","admin4_code":"","population":"9425","elevation":"","dem":"3487","timezone":"America/Argentina/Jujuy","modification_date":"2014-03-07"}]}