{"region_data":{"countryId":"3865483","adminCode1":"20","countryName":"Argentina","fclName":"country, state, region,...","countryCode":"AR","lng":"-70","fcodeName":"first-order administrative division","toponymName":"Provincia de Santa Cruz","fcl":"A","numberOfChildren":7,"name":"Santa Cruz","fcode":"ADM1","geonameId":3836350,"lat":"-49","adminName1":"Santa Cruz","population":196958},"country_data":{"ISO":"AR","ISO3":"ARG","ISO_Numeric":"032","fips":"AR","country":"Argentina","capital":"Buenos Aires","area":"2766890","Population":"41343201","Continent":"SA","tld":".ar","CurrencyCode":"ARS","CurrencyName":"Peso","Phone":"54","Postal_Code_Format":"@####@@@","Postal_Code_Regex":"^([A-Z]\\d{4}[A-Z]{3})$","Languages":"es-AR,en,it,de,fr,gn","geonameid":"3865483","neighbours":"CL,BO,UY,PY,BR","EquivalentFipsCode":""},"cities":[{"geonameid":"3832376","name":"Yacimiento Río Turbio","asciiname":"Yacimiento Rio Turbio","alternatenames":["Rio Turbio","Río Turbio","Yacimiento Rio Turbio","Yacimiento Río Turbio","Yacimientos de Rio Turbio","Yacimientos de Río Turbio"],"latitude":"-51.57321","longitude":"-72.3508","feature_class":"P","feature_code":"PPL","country_code":"AR","cc2":"","admin1_code":"20","admin2_code":"","admin3_code":"","admin4_code":"","population":"6650","elevation":"","dem":"573","timezone":"America/Argentina/Rio_Gallegos","modification_date":"2013-08-13"},{"geonameid":"3833094","name":"28 de Noviembre","asciiname":"28 de Noviembre","alternatenames":["28 de Noviembre","Veintiocho de Noviembre"],"latitude":"-51.5839","longitude":"-72.21382","feature_class":"P","feature_code":"PPL","country_code":"AR","cc2":"AR","admin1_code":"20","admin2_code":"","admin3_code":"","admin4_code":"","population":"4686","elevation":"","dem":"227","timezone":"America/Argentina/Rio_Gallegos","modification_date":"2013-05-09"},{"geonameid":"3838859","name":"Río Gallegos","asciiname":"Rio Gallegos","alternatenames":["Gallegos","Puerto Gallegos","Puerto Rio Gallegos","Puerto Río Gallegos","RGL","Rio Galegos","Rio Galjegosas","Rio Gallegos","Rio-Gal'egos","Río Gallegos","li ao jia ye ge si","liogayegoseu","rio-galiegosi","ryw galygws","ryw gzgws","rywgalgws","Рио Галегос","Рио-Гальегос","Ріо-Гальєгос","ריו גזגוס","ریو گالیگوس","ریوگالگوس","რიო-გალიეგოსი","リオ・ガジェゴス","里奥加耶戈斯","리오가예고스"],"latitude":"-51.62261","longitude":"-69.21813","feature_class":"P","feature_code":"PPLA","country_code":"AR","cc2":"","admin1_code":"20","admin2_code":"","admin3_code":"","admin4_code":"","population":"85700","elevation":"","dem":"15","timezone":"America/Argentina/Rio_Gallegos","modification_date":"2012-01-18"},{"geonameid":"3840076","name":"Puerto Santa Cruz","asciiname":"Puerto Santa Cruz","alternatenames":["Puerto Santa Cruz","Santa Cruz"],"latitude":"-50.0191","longitude":"-68.52321","feature_class":"P","feature_code":"PPLA2","country_code":"AR","cc2":"","admin1_code":"20","admin2_code":"","admin3_code":"","admin4_code":"","population":"3397","elevation":"","dem":"17","timezone":"America/Argentina/Rio_Gallegos","modification_date":"2014-03-07"},{"geonameid":"3840082","name":"San Julián","asciiname":"San Julian","alternatenames":["Puerto San Julian","Puerto San Julián","San Julian","San Julián","ULA"],"latitude":"-49.30554","longitude":"-67.72743","feature_class":"P","feature_code":"PPLA2","country_code":"AR","cc2":"","admin1_code":"20","admin2_code":"","admin3_code":"","admin4_code":"","population":"6143","elevation":"","dem":"20","timezone":"America/Argentina/Rio_Gallegos","modification_date":"2014-03-07"},{"geonameid":"3840104","name":"Puerto Deseado","asciiname":"Puerto Deseado","alternatenames":["Deseado","PUD","Puerto Deseadas","Puerto Deseado"],"latitude":"-47.75034","longitude":"-65.89382","feature_class":"P","feature_code":"PPLA2","country_code":"AR","cc2":"","admin1_code":"20","admin2_code":"","admin3_code":"","admin4_code":"","population":"10237","elevation":"","dem":"31","timezone":"America/Argentina/Rio_Gallegos","modification_date":"2014-03-07"},{"geonameid":"3841309","name":"Pico Truncado","asciiname":"Pico Truncado","alternatenames":["Pico Troncado","Pico Truncado"],"latitude":"-46.7949","longitude":"-67.95731","feature_class":"P","feature_code":"PPL","country_code":"AR","cc2":"","admin1_code":"20","admin2_code":"","admin3_code":"","admin4_code":"","population":"14985","elevation":"","dem":"286","timezone":"America/Argentina/Rio_Gallegos","modification_date":"2012-01-18"},{"geonameid":"3841475","name":"Perito Moreno","asciiname":"Perito Moreno","alternatenames":["Lago Buenos Aires","PMQ","Perito Moreno","Rio Fenix","Río Fénix","Перито Морено"],"latitude":"-46.58995","longitude":"-70.92975","feature_class":"P","feature_code":"PPLA2","country_code":"AR","cc2":"","admin1_code":"20","admin2_code":"","admin3_code":"","admin4_code":"","population":"3588","elevation":"","dem":"390","timezone":"America/Argentina/Rio_Gallegos","modification_date":"2014-03-07"},{"geonameid":"3846484","name":"Los Antiguos","asciiname":"Los Antiguos","alternatenames":["Los Antiguos"],"latitude":"-46.54972","longitude":"-71.63086","feature_class":"P","feature_code":"PPL","country_code":"AR","cc2":"","admin1_code":"20","admin2_code":"","admin3_code":"","admin4_code":"","population":"2047","elevation":"","dem":"218","timezone":"America/Argentina/Rio_Gallegos","modification_date":"2012-02-02"},{"geonameid":"3848353","name":"Las Heras","asciiname":"Las Heras","alternatenames":["Colonia Las Heras","LHS","Las Heras"],"latitude":"-46.54186","longitude":"-68.93593","feature_class":"P","feature_code":"PPL","country_code":"AR","cc2":"","admin1_code":"20","admin2_code":"","admin3_code":"","admin4_code":"","population":"9303","elevation":"","dem":"336","timezone":"America/Argentina/Rio_Gallegos","modification_date":"2012-01-18"},{"geonameid":"3854981","name":"Gobernador Gregores","asciiname":"Gobernador Gregores","alternatenames":["Canadon Leon","Cañadón León","GGS","Gobernador Gregores"],"latitude":"-48.75057","longitude":"-70.24741","feature_class":"P","feature_code":"PPLA2","country_code":"AR","cc2":"","admin1_code":"20","admin2_code":"","admin3_code":"","admin4_code":"","population":"0","elevation":"","dem":"289","timezone":"America/Argentina/Rio_Gallegos","modification_date":"2014-03-07"},{"geonameid":"3858677","name":"El Calafate","asciiname":"El Calafate","alternatenames":["Calafate","Caserio de Calafates","Caserío de Calafates","Ehl' Kalafate","El Calafate","El Kalafate","El Kalafatė","El'-Kalafate","FTE","Lago Argentino","Pueblo Calafate","ai er ka la fa te","karafate","Ель-Калафате","Эль Калафате","エル・カラファテ","カラファテ","埃尔卡拉法特"],"latitude":"-50.34075","longitude":"-72.27682","feature_class":"P","feature_code":"PPL","country_code":"AR","cc2":"AR","admin1_code":"20","admin2_code":"","admin3_code":"","admin4_code":"","population":"8000","elevation":"","dem":"205","timezone":"America/Argentina/Rio_Gallegos","modification_date":"2011-03-01"},{"geonameid":"3860466","name":"Comandante Luis Piedra Buena","asciiname":"Comandante Luis Piedra Buena","alternatenames":["Casa de Piedra","Comandante L. Piedrabuena","Comandante Luis Piedra Buena","El Paso","Piedra Buena"],"latitude":"-49.98513","longitude":"-68.91467","feature_class":"P","feature_code":"PPL","country_code":"AR","cc2":"","admin1_code":"20","admin2_code":"","admin3_code":"","admin4_code":"","population":"4176","elevation":"","dem":"12","timezone":"America/Argentina/Rio_Gallegos","modification_date":"2012-01-18"},{"geonameid":"3863379","name":"Caleta Olivia","asciiname":"Caleta Olivia","alternatenames":["CVI","Caleta Olivia","Kaleta Olivija","Kaleta-Olivija","ka lai ta ao li wei ya","kalta awlywya","Калета-Оливия","کالتا اولیویا","卡萊塔奧利維亞"],"latitude":"-46.43929","longitude":"-67.52814","feature_class":"P","feature_code":"PPL","country_code":"AR","cc2":"","admin1_code":"20","admin2_code":"","admin3_code":"","admin4_code":"","population":"36077","elevation":"","dem":"17","timezone":"America/Argentina/Rio_Gallegos","modification_date":"2013-10-22"},{"geonameid":"8521759","name":"Río Turbio","asciiname":"Rio Turbio","alternatenames":["RYO","Rio Turbio","Río Turbio"],"latitude":"-51.53587","longitude":"-72.33673","feature_class":"P","feature_code":"PPL","country_code":"AR","cc2":"","admin1_code":"20","admin2_code":"","admin3_code":"","admin4_code":"","population":"6650","elevation":"","dem":"324","timezone":"America/Argentina/Rio_Gallegos","modification_date":"2013-08-13"}]}