{"region_data":{"countryId":"3865483","adminCode1":"13","countryName":"Argentina","fclName":"country, state, region,...","countryCode":"AR","lng":"-68.5","fcodeName":"first-order administrative division","toponymName":"Provincia de Mendoza","fcl":"A","numberOfChildren":18,"name":"Mendoza","fcode":"ADM1","geonameId":3844419,"lat":"-34.5","adminName1":"Mendoza","population":1579651},"country_data":{"ISO":"AR","ISO3":"ARG","ISO_Numeric":"032","fips":"AR","country":"Argentina","capital":"Buenos Aires","area":"2766890","Population":"41343201","Continent":"SA","tld":".ar","CurrencyCode":"ARS","CurrencyName":"Peso","Phone":"54","Postal_Code_Format":"@####@@@","Postal_Code_Regex":"^([A-Z]\\d{4}[A-Z]{3})$","Languages":"es-AR,en,it,de,fr,gn","geonameid":"3865483","neighbours":"CL,BO,UY,PY,BR","EquivalentFipsCode":""},"cities":[{"geonameid":"3832661","name":"Villa Nueva","asciiname":"Villa Nueva","alternatenames":["Guaymallen","Guaymallén","Villa Nueva","Villa Nueva de Guaymallen","Villa Nueva de Guaymallén"],"latitude":"-32.89722","longitude":"-68.78038","feature_class":"P","feature_code":"PPLA2","country_code":"AR","cc2":"","admin1_code":"13","admin2_code":"","admin3_code":"","admin4_code":"","population":"0","elevation":"","dem":"719","timezone":"America/Argentina/Mendoza","modification_date":"2014-03-07"},{"geonameid":"3833512","name":"Tupungato","asciiname":"Tupungato","alternatenames":["Tupungata","Tupungato","Villa Tupungato"],"latitude":"-33.37146","longitude":"-69.14845","feature_class":"P","feature_code":"PPLA2","country_code":"AR","cc2":"","admin1_code":"13","admin2_code":"50126","admin3_code":"","admin4_code":"","population":"0","elevation":"","dem":"1077","timezone":"America/Argentina/Mendoza","modification_date":"2015-04-22"},{"geonameid":"3833520","name":"Tunuyán","asciiname":"Tunuyan","alternatenames":["Tunuyan","Tunuyán"],"latitude":"-33.57653","longitude":"-69.01538","feature_class":"P","feature_code":"PPLA2","country_code":"AR","cc2":"","admin1_code":"13","admin2_code":"","admin3_code":"","admin4_code":"","population":"0","elevation":"","dem":"883","timezone":"America/Argentina/Mendoza","modification_date":"2014-03-07"},{"geonameid":"3835995","name":"Santa Rosa","asciiname":"Santa Rosa","alternatenames":["Santa Rosa","Santa-Rosa","Villa Santa Rosa","Санта-Роса"],"latitude":"-33.25407","longitude":"-68.14937","feature_class":"P","feature_code":"PPLA2","country_code":"AR","cc2":"","admin1_code":"13","admin2_code":"","admin3_code":"","admin4_code":"","population":"0","elevation":"","dem":"610","timezone":"America/Argentina/Mendoza","modification_date":"2014-03-07"},{"geonameid":"3836669","name":"San Rafael","asciiname":"San Rafael","alternatenames":["AFA","San Rafael","San Rafaelis","San-Rafaehl'","San-Rafael'","san rafayl","sheng la fei er","Сан Рафаел","Сан-Рафаель","Сан-Рафаэль","سان رافائل","聖拉斐爾"],"latitude":"-34.61772","longitude":"-68.33007","feature_class":"P","feature_code":"PPLA2","country_code":"AR","cc2":"","admin1_code":"13","admin2_code":"","admin3_code":"","admin4_code":"","population":"109163","elevation":"","dem":"702","timezone":"America/Argentina/Mendoza","modification_date":"2014-03-07"},{"geonameid":"3836992","name":"San Martín","asciiname":"San Martin","alternatenames":["General San Martin","General San Martín","San Martin","San Martín"],"latitude":"-33.08103","longitude":"-68.46814","feature_class":"P","feature_code":"PPLA2","country_code":"AR","cc2":"","admin1_code":"13","admin2_code":"","admin3_code":"","admin4_code":"","population":"82549","elevation":"","dem":"661","timezone":"America/Argentina/Mendoza","modification_date":"2014-03-07"},{"geonameid":"3838759","name":"Rivadavia","asciiname":"Rivadavia","alternatenames":["Rivadavia"],"latitude":"-33.19051","longitude":"-68.46081","feature_class":"P","feature_code":"PPLA2","country_code":"AR","cc2":"","admin1_code":"13","admin2_code":"50084","admin3_code":"","admin4_code":"","population":"0","elevation":"","dem":"667","timezone":"America/Argentina/Mendoza","modification_date":"2015-04-22"},{"geonameid":"3844421","name":"Mendoza","asciiname":"Mendoza","alternatenames":["MDZ","Mendosa","Mendoza","Мендоса"],"latitude":"-32.89084","longitude":"-68.82717","feature_class":"P","feature_code":"PPLA","country_code":"AR","cc2":"","admin1_code":"13","admin2_code":"","admin3_code":"","admin4_code":"","population":"876884","elevation":"","dem":"746","timezone":"America/Argentina/Mendoza","modification_date":"2014-07-16"},{"geonameid":"3845181","name":"Malargüe","asciiname":"Malargue","alternatenames":["LGS","Malargue","Malarguee","Malargüe","Villa Malargue","Villa Malargüe"],"latitude":"-35.47545","longitude":"-69.58427","feature_class":"P","feature_code":"PPLA2","country_code":"AR","cc2":"","admin1_code":"13","admin2_code":"","admin3_code":"","admin4_code":"","population":"0","elevation":"","dem":"1421","timezone":"America/Argentina/Mendoza","modification_date":"2014-03-07"},{"geonameid":"3845247","name":"Maipú","asciiname":"Maipu","alternatenames":["Maipu","Maipú"],"latitude":"-32.97963","longitude":"-68.78461","feature_class":"P","feature_code":"PPLA2","country_code":"AR","cc2":"","admin1_code":"13","admin2_code":"50070","admin3_code":"","admin4_code":"","population":"0","elevation":"","dem":"813","timezone":"America/Argentina/Mendoza","modification_date":"2015-04-22"},{"geonameid":"3845393","name":"Luján de Cuyo","asciiname":"Lujan de Cuyo","alternatenames":["Lujan","Lujan de Cuyo","Luján","Luján de Cuyo"],"latitude":"-33.03547","longitude":"-68.87782","feature_class":"P","feature_code":"PPLA2","country_code":"AR","cc2":"","admin1_code":"13","admin2_code":"","admin3_code":"","admin4_code":"","population":"0","elevation":"","dem":"955","timezone":"America/Argentina/Mendoza","modification_date":"2014-03-07"},{"geonameid":"3848354","name":"Las Heras","asciiname":"Las Heras","alternatenames":["Las Heras"],"latitude":"-32.85273","longitude":"-68.82837","feature_class":"P","feature_code":"PPLA2","country_code":"AR","cc2":"","admin1_code":"13","admin2_code":"","admin3_code":"","admin4_code":"","population":"0","elevation":"","dem":"723","timezone":"America/Argentina/Mendoza","modification_date":"2014-03-07"},{"geonameid":"3849516","name":"La Paz","asciiname":"La Paz","alternatenames":["La Paz"],"latitude":"-33.46091","longitude":"-67.54956","feature_class":"P","feature_code":"PPLA2","country_code":"AR","cc2":"","admin1_code":"13","admin2_code":"","admin3_code":"","admin4_code":"","population":"0","elevation":"","dem":"510","timezone":"America/Argentina/Mendoza","modification_date":"2014-03-07"},{"geonameid":"3851913","name":"La Consulta","asciiname":"La Consulta","alternatenames":["La Consulata","La Consulta"],"latitude":"-33.73579","longitude":"-69.12181","feature_class":"P","feature_code":"PPLA2","country_code":"AR","cc2":"","admin1_code":"13","admin2_code":"","admin3_code":"","admin4_code":"","population":"0","elevation":"","dem":"1025","timezone":"America/Argentina/Mendoza","modification_date":"2014-03-07"},{"geonameid":"3853355","name":"Junín","asciiname":"Junin","alternatenames":["Junin","Junín","Villa Junin","Villa Junín"],"latitude":"-33.14765","longitude":"-68.47899","feature_class":"P","feature_code":"PPLA2","country_code":"AR","cc2":"","admin1_code":"13","admin2_code":"50035","admin3_code":"","admin4_code":"","population":"0","elevation":"","dem":"669","timezone":"America/Argentina/Mendoza","modification_date":"2015-04-22"},{"geonameid":"3854964","name":"Godoy Cruz","asciiname":"Godoy Cruz","alternatenames":["Goday Cruz","Godoy Cruz"],"latitude":"-32.92863","longitude":"-68.8351","feature_class":"P","feature_code":"PPLA2","country_code":"AR","cc2":"","admin1_code":"13","admin2_code":"50021","admin3_code":"","admin4_code":"","population":"0","elevation":"","dem":"809","timezone":"America/Argentina/Mendoza","modification_date":"2015-04-22"},{"geonameid":"3855100","name":"General Lavalle","asciiname":"General Lavalle","alternatenames":["General Lavalle","Lavalle","Tulumaya","Villa Tulumaya"],"latitude":"-32.72218","longitude":"-68.59137","feature_class":"P","feature_code":"PPLA2","country_code":"AR","cc2":"","admin1_code":"13","admin2_code":"","admin3_code":"","admin4_code":"","population":"0","elevation":"","dem":"609","timezone":"America/Argentina/Mendoza","modification_date":"2014-03-07"},{"geonameid":"3855139","name":"General Alvear","asciiname":"General Alvear","alternatenames":["Colonia de General Alvear","General Alvear"],"latitude":"-34.97696","longitude":"-67.69116","feature_class":"P","feature_code":"PPLA2","country_code":"AR","cc2":"","admin1_code":"13","admin2_code":"","admin3_code":"","admin4_code":"","population":"0","elevation":"","dem":"478","timezone":"America/Argentina/Mendoza","modification_date":"2014-03-07"}]}