{"region_data":{"countryId":"3865483","adminCode1":"06","countryName":"Argentina","fclName":"country, state, region,...","countryCode":"AR","lng":"-58","fcodeName":"first-order administrative division","toponymName":"Provincia de Corrientes","fcl":"A","numberOfChildren":25,"name":"Corrientes","fcode":"ADM1","geonameId":3435214,"lat":"-29","adminName1":"Corrientes","population":930991},"country_data":{"ISO":"AR","ISO3":"ARG","ISO_Numeric":"032","fips":"AR","country":"Argentina","capital":"Buenos Aires","area":"2766890","Population":"41343201","Continent":"SA","tld":".ar","CurrencyCode":"ARS","CurrencyName":"Peso","Phone":"54","Postal_Code_Format":"@####@@@","Postal_Code_Regex":"^([A-Z]\\d{4}[A-Z]{3})$","Languages":"es-AR,en,it,de,fr,gn","geonameid":"3865483","neighbours":"CL,BO,UY,PY,BR","EquivalentFipsCode":""},"cities":[{"geonameid":"3427273","name":"Yataity Calle","asciiname":"Yataity Calle","alternatenames":["Yataity Calle","Yatayti Calle","Yataytí Calle"],"latitude":"-29.01913","longitude":"-58.90846","feature_class":"P","feature_code":"PPL","country_code":"AR","cc2":"","admin1_code":"06","admin2_code":"","admin3_code":"","admin4_code":"","population":"2114","elevation":"","dem":"72","timezone":"America/Argentina/Cordoba","modification_date":"2012-01-18"},{"geonameid":"3427279","name":"Yapeyú","asciiname":"Yapeyu","alternatenames":["San Martin","Yapeyu","Yapeyú"],"latitude":"-29.46914","longitude":"-56.81841","feature_class":"P","feature_code":"PPL","country_code":"AR","cc2":"","admin1_code":"06","admin2_code":"","admin3_code":"","admin4_code":"","population":"2124","elevation":"","dem":"64","timezone":"America/Argentina/Cordoba","modification_date":"2012-01-18"},{"geonameid":"3428023","name":"Sauce","asciiname":"Sauce","alternatenames":["Sauce"],"latitude":"-30.08671","longitude":"-58.78777","feature_class":"P","feature_code":"PPLA2","country_code":"AR","cc2":"","admin1_code":"06","admin2_code":"18175","admin3_code":"","admin4_code":"","population":"0","elevation":"","dem":"71","timezone":"America/Argentina/Cordoba","modification_date":"2015-04-22"},{"geonameid":"3428071","name":"Santo Tomé","asciiname":"Santo Tome","alternatenames":["Santo Tome","Santo Tomé"],"latitude":"-28.54939","longitude":"-56.04077","feature_class":"P","feature_code":"PPLA2","country_code":"AR","cc2":"","admin1_code":"06","admin2_code":"","admin3_code":"","admin4_code":"","population":"22634","elevation":"","dem":"81","timezone":"America/Argentina/Cordoba","modification_date":"2014-03-07"},{"geonameid":"3428182","name":"Santa Rosa","asciiname":"Santa Rosa","alternatenames":["Colonia Santa Rosa","Colonia Tabay","Santa Rosa","Santa-Rosa","Санта-Роса"],"latitude":"-28.26318","longitude":"-58.11891","feature_class":"P","feature_code":"PPL","country_code":"AR","cc2":"","admin1_code":"06","admin2_code":"","admin3_code":"","admin4_code":"","population":"8330","elevation":"","dem":"79","timezone":"America/Argentina/Cordoba","modification_date":"2012-01-18"},{"geonameid":"3428287","name":"Santa Lucía","asciiname":"Santa Lucia","alternatenames":["Santa Lucia","Santa Lucía"],"latitude":"-28.98746","longitude":"-59.10287","feature_class":"P","feature_code":"PPLA2","country_code":"AR","cc2":"","admin1_code":"06","admin2_code":"","admin3_code":"","admin4_code":"","population":"14056","elevation":"","dem":"54","timezone":"America/Argentina/Cordoba","modification_date":"2014-03-07"},{"geonameid":"3428492","name":"San Roque","asciiname":"San Roque","alternatenames":[""],"latitude":"-28.57457","longitude":"-58.70817","feature_class":"P","feature_code":"PPLA2","country_code":"AR","cc2":"","admin1_code":"06","admin2_code":"18161","admin3_code":"","admin4_code":"","population":"0","elevation":"","dem":"64","timezone":"America/Argentina/Cordoba","modification_date":"2015-04-22"},{"geonameid":"3428644","name":"San Miguel","asciiname":"San Miguel","alternatenames":["San Miguel"],"latitude":"-27.99585","longitude":"-57.58964","feature_class":"P","feature_code":"PPLA2","country_code":"AR","cc2":"","admin1_code":"06","admin2_code":"18154","admin3_code":"","admin4_code":"","population":"7396","elevation":"","dem":"80","timezone":"America/Argentina/Cordoba","modification_date":"2015-04-22"},{"geonameid":"3428708","name":"San Luis del Palmar","asciiname":"San Luis del Palmar","alternatenames":["San Luis del Palmar"],"latitude":"-27.5079","longitude":"-58.55454","feature_class":"P","feature_code":"PPLA2","country_code":"AR","cc2":"","admin1_code":"06","admin2_code":"","admin3_code":"","admin4_code":"","population":"15347","elevation":"","dem":"62","timezone":"America/Argentina/Cordoba","modification_date":"2014-03-07"},{"geonameid":"3428759","name":"San Lorenzo","asciiname":"San Lorenzo","alternatenames":[""],"latitude":"-28.13306","longitude":"-58.76733","feature_class":"P","feature_code":"PPL","country_code":"AR","cc2":"","admin1_code":"06","admin2_code":"","admin3_code":"","admin4_code":"","population":"47626","elevation":"","dem":"64","timezone":"America/Argentina/Cordoba","modification_date":"2011-04-19"},{"geonameid":"3429157","name":"San Cosme","asciiname":"San Cosme","alternatenames":[""],"latitude":"-27.37123","longitude":"-58.51214","feature_class":"P","feature_code":"PPLA2","country_code":"AR","cc2":"","admin1_code":"06","admin2_code":"18133","admin3_code":"","admin4_code":"","population":"4429","elevation":"","dem":"72","timezone":"America/Argentina/Cordoba","modification_date":"2015-04-22"},{"geonameid":"3429210","name":"San Carlos","asciiname":"San Carlos","alternatenames":[""],"latitude":"-27.74586","longitude":"-55.89731","feature_class":"P","feature_code":"PPL","country_code":"AR","cc2":"","admin1_code":"06","admin2_code":"","admin3_code":"","admin4_code":"","population":"3350","elevation":"","dem":"205","timezone":"America/Argentina/Cordoba","modification_date":"2011-04-19"},{"geonameid":"3429403","name":"Saladas","asciiname":"Saladas","alternatenames":[""],"latitude":"-28.25384","longitude":"-58.62591","feature_class":"P","feature_code":"PPLA2","country_code":"AR","cc2":"","admin1_code":"06","admin2_code":"18126","admin3_code":"","admin4_code":"","population":"18349","elevation":"","dem":"75","timezone":"America/Argentina/Cordoba","modification_date":"2015-04-22"},{"geonameid":"3429560","name":"Riachuelo","asciiname":"Riachuelo","alternatenames":[""],"latitude":"-27.57754","longitude":"-58.73945","feature_class":"P","feature_code":"PPL","country_code":"AR","cc2":"","admin1_code":"06","admin2_code":"","admin3_code":"","admin4_code":"","population":"3668","elevation":"","dem":"61","timezone":"America/Argentina/Cordoba","modification_date":"2011-04-19"},{"geonameid":"3429820","name":"Pueblo Libertador","asciiname":"Pueblo Libertador","alternatenames":["Colonia Bahia de Astrada","Colonia Bahía de Astrada","Colonia Beron de Astrada","Colonia Berón de Astrada","Pueblo Libertador"],"latitude":"-30.22087","longitude":"-59.38981","feature_class":"P","feature_code":"PPL","country_code":"AR","cc2":"","admin1_code":"06","admin2_code":"","admin3_code":"","admin4_code":"","population":"3973","elevation":"","dem":"38","timezone":"America/Argentina/Cordoba","modification_date":"2012-01-18"},{"geonameid":"3430029","name":"Perugorría","asciiname":"Perugorria","alternatenames":["Perrugorria","Perrugorría","Perugorria","Perugorría","Perugurria"],"latitude":"-29.34132","longitude":"-58.61059","feature_class":"P","feature_code":"PPL","country_code":"AR","cc2":"","admin1_code":"06","admin2_code":"","admin3_code":"","admin4_code":"","population":"5685","elevation":"","dem":"64","timezone":"America/Argentina/Cordoba","modification_date":"2012-01-18"},{"geonameid":"3430064","name":"Pedro R. Fernández","asciiname":"Pedro R. Fernandez","alternatenames":["Manuel F. Mantilla","Morro Furo Mantilla","Pedro R. Fernandez","Pedro R. Fernández","San Diego"],"latitude":"-28.75097","longitude":"-58.65583","feature_class":"P","feature_code":"PPL","country_code":"AR","cc2":"","admin1_code":"06","admin2_code":"","admin3_code":"","admin4_code":"","population":"2058","elevation":"","dem":"73","timezone":"America/Argentina/Cordoba","modification_date":"2012-01-18"},{"geonameid":"3430104","name":"Paso de los Libres","asciiname":"Paso de los Libres","alternatenames":["AOL","Paso de los Libres"],"latitude":"-29.71251","longitude":"-57.08771","feature_class":"P","feature_code":"PPLA2","country_code":"AR","cc2":"","admin1_code":"06","admin2_code":"18119","admin3_code":"","admin4_code":"","population":"43805","elevation":"","dem":"73","timezone":"America/Argentina/Cordoba","modification_date":"2015-04-22"},{"geonameid":"3430105","name":"Paso de la Patria","asciiname":"Paso de la Patria","alternatenames":[""],"latitude":"-27.31676","longitude":"-58.57197","feature_class":"P","feature_code":"PPL","country_code":"AR","cc2":"","admin1_code":"06","admin2_code":"","admin3_code":"","admin4_code":"","population":"5818","elevation":"","dem":"56","timezone":"America/Argentina/Cordoba","modification_date":"2011-04-19"},{"geonameid":"3430219","name":"Palmar Grande","asciiname":"Palmar Grande","alternatenames":[""],"latitude":"-27.94195","longitude":"-57.90057","feature_class":"P","feature_code":"PPL","country_code":"AR","cc2":"","admin1_code":"06","admin2_code":"","admin3_code":"","admin4_code":"","population":"1672","elevation":"","dem":"75","timezone":"America/Argentina/Cordoba","modification_date":"2011-04-19"},{"geonameid":"3430383","name":"Nueve de Julio","asciiname":"Nueve de Julio","alternatenames":["9 de Julio","Nueve de Julio"],"latitude":"-28.84051","longitude":"-58.8265","feature_class":"P","feature_code":"PPL","country_code":"AR","cc2":"","admin1_code":"06","admin2_code":"","admin3_code":"","admin4_code":"","population":"2671","elevation":"","dem":"74","timezone":"America/Argentina/Cordoba","modification_date":"2012-01-18"},{"geonameid":"3430402","name":"Nuestra Señora del Rosario de Caa Catí","asciiname":"Nuestra Senora del Rosario de Caa Cati","alternatenames":["Caa Cati","Caa Catí","General Paz","Nuestra Senora del Rosario de Caa Cati","Nuestra Señora del Rosario de Caa Catí"],"latitude":"-27.75072","longitude":"-57.62073","feature_class":"P","feature_code":"PPLA2","country_code":"AR","cc2":"","admin1_code":"06","admin2_code":"","admin3_code":"","admin4_code":"","population":"7573","elevation":"","dem":"77","timezone":"America/Argentina/Cordoba","modification_date":"2014-03-07"},{"geonameid":"3430598","name":"Monte Caseros","asciiname":"Monte Caseros","alternatenames":["MCS","Monte Caseros"],"latitude":"-30.25359","longitude":"-57.63626","feature_class":"P","feature_code":"PPLA2","country_code":"AR","cc2":"","admin1_code":"06","admin2_code":"18112","admin3_code":"","admin4_code":"","population":"24671","elevation":"","dem":"53","timezone":"America/Argentina/Cordoba","modification_date":"2015-04-22"},{"geonameid":"3430648","name":"Mocoretá","asciiname":"Mocoreta","alternatenames":[""],"latitude":"-30.61891","longitude":"-57.96344","feature_class":"P","feature_code":"PPL","country_code":"AR","cc2":"","admin1_code":"06","admin2_code":"","admin3_code":"","admin4_code":"","population":"6088","elevation":"","dem":"52","timezone":"America/Argentina/Cordoba","modification_date":"2011-04-19"},{"geonameid":"3430709","name":"Mercedes","asciiname":"Mercedes","alternatenames":["MDX","Mercedes","Mersedes","Мерседес"],"latitude":"-29.18416","longitude":"-58.07519","feature_class":"P","feature_code":"PPLA2","country_code":"AR","cc2":"","admin1_code":"06","admin2_code":"18105","admin3_code":"","admin4_code":"","population":"30649","elevation":"","dem":"96","timezone":"America/Argentina/Cordoba","modification_date":"2015-06-15"},{"geonameid":"3430760","name":"Mburucuyá","asciiname":"Mburucuya","alternatenames":["Mburucuya","Mburucuyá"],"latitude":"-28.04532","longitude":"-58.22835","feature_class":"P","feature_code":"PPLA2","country_code":"AR","cc2":"","admin1_code":"06","admin2_code":"18098","admin3_code":"","admin4_code":"","population":"9012","elevation":"","dem":"79","timezone":"America/Argentina/Cordoba","modification_date":"2015-04-22"},{"geonameid":"3430836","name":"Mariano I. Loza","asciiname":"Mariano I. Loza","alternatenames":["Justino Solari","Mariano I. Loza","Solari"],"latitude":"-29.37667","longitude":"-58.19436","feature_class":"P","feature_code":"PPL","country_code":"AR","cc2":"","admin1_code":"06","admin2_code":"","admin3_code":"","admin4_code":"","population":"2015","elevation":"","dem":"122","timezone":"America/Argentina/Cordoba","modification_date":"2012-01-18"},{"geonameid":"3431244","name":"Loreto","asciiname":"Loreto","alternatenames":[""],"latitude":"-27.76834","longitude":"-57.27531","feature_class":"P","feature_code":"PPL","country_code":"AR","cc2":"","admin1_code":"06","admin2_code":"","admin3_code":"","admin4_code":"","population":"2856","elevation":"","dem":"79","timezone":"America/Argentina/Cordoba","modification_date":"2011-04-19"},{"geonameid":"3431272","name":"Lomas de Vallejos","asciiname":"Lomas de Vallejos","alternatenames":[""],"latitude":"-27.73501","longitude":"-57.9185","feature_class":"P","feature_code":"PPL","country_code":"AR","cc2":"","admin1_code":"06","admin2_code":"","admin3_code":"","admin4_code":"","population":"1415","elevation":"","dem":"71","timezone":"America/Argentina/Cordoba","modification_date":"2011-04-19"},{"geonameid":"3431367","name":"Libertad","asciiname":"Libertad","alternatenames":["Colonia Libertad","Libertad"],"latitude":"-30.043","longitude":"-57.8202","feature_class":"P","feature_code":"PPL","country_code":"AR","cc2":"","admin1_code":"06","admin2_code":"","admin3_code":"","admin4_code":"","population":"1438","elevation":"","dem":"85","timezone":"America/Argentina/Cordoba","modification_date":"2012-01-18"},{"geonameid":"3432760","name":"La Cruz","asciiname":"La Cruz","alternatenames":["La Cruz"],"latitude":"-29.17443","longitude":"-56.64326","feature_class":"P","feature_code":"PPLA2","country_code":"AR","cc2":"","admin1_code":"06","admin2_code":"","admin3_code":"","admin4_code":"","population":"8591","elevation":"","dem":"69","timezone":"America/Argentina/Cordoba","modification_date":"2014-03-07"},{"geonameid":"3433291","name":"Juan Pujol","asciiname":"Juan Pujol","alternatenames":[""],"latitude":"-30.41873","longitude":"-57.85612","feature_class":"P","feature_code":"PPL","country_code":"AR","cc2":"","admin1_code":"06","admin2_code":"","admin3_code":"","admin4_code":"","population":"1487","elevation":"","dem":"63","timezone":"America/Argentina/Cordoba","modification_date":"2011-04-19"},{"geonameid":"3433360","name":"Ituzaingó","asciiname":"Ituzaingo","alternatenames":["Ituzaingo","Ituzaingó"],"latitude":"-27.58162","longitude":"-56.68231","feature_class":"P","feature_code":"PPLA2","country_code":"AR","cc2":"","admin1_code":"06","admin2_code":"","admin3_code":"","admin4_code":"","population":"0","elevation":"","dem":"78","timezone":"America/Argentina/Cordoba","modification_date":"2014-03-07"},{"geonameid":"3433363","name":"Itatí","asciiname":"Itati","alternatenames":["Itati","Itatí"],"latitude":"-27.27043","longitude":"-58.24458","feature_class":"P","feature_code":"PPLA2","country_code":"AR","cc2":"","admin1_code":"06","admin2_code":"18077","admin3_code":"","admin4_code":"","population":"7902","elevation":"","dem":"65","timezone":"America/Argentina/Cordoba","modification_date":"2015-04-22"},{"geonameid":"3433373","name":"Itá Ibaté","asciiname":"Ita Ibate","alternatenames":["Ita Ibate","Italbate","Ite-Ibata","Itá Ibaté","Ité-Ibata"],"latitude":"-27.42573","longitude":"-57.33758","feature_class":"P","feature_code":"PPL","country_code":"AR","cc2":"","admin1_code":"06","admin2_code":"","admin3_code":"","admin4_code":"","population":"4115","elevation":"","dem":"75","timezone":"America/Argentina/Cordoba","modification_date":"2012-01-18"},{"geonameid":"3433575","name":"Herlitzka","asciiname":"Herlitzka","alternatenames":[""],"latitude":"-27.56516","longitude":"-58.25557","feature_class":"P","feature_code":"PPL","country_code":"AR","cc2":"","admin1_code":"06","admin2_code":"","admin3_code":"","admin4_code":"","population":"1166","elevation":"","dem":"66","timezone":"America/Argentina/Cordoba","modification_date":"2011-04-19"},{"geonameid":"3433715","name":"Goya","asciiname":"Goya","alternatenames":["Goja","Gojja","Goya","OYA","Гойя"],"latitude":"-29.14395","longitude":"-59.2651","feature_class":"P","feature_code":"PPLA2","country_code":"AR","cc2":"","admin1_code":"06","admin2_code":"18070","admin3_code":"","admin4_code":"","population":"70245","elevation":"","dem":"27","timezone":"America/Argentina/Cordoba","modification_date":"2015-06-24"},{"geonameid":"3433751","name":"Gobernador Juan E. Martínez","asciiname":"Gobernador Juan E. Martinez","alternatenames":["Gobernador J.F. Martinez","Gobernador J.F. Martínez","Gobernador Juan E. Martinez","Gobernador Juan E. Martínez","Gobernador Martinez","Gobernador Martínez","Golfo Martinez","Yatay"],"latitude":"-28.91705","longitude":"-58.93292","feature_class":"P","feature_code":"PPL","country_code":"AR","cc2":"","admin1_code":"06","admin2_code":"","admin3_code":"","admin4_code":"","population":"3529","elevation":"","dem":"64","timezone":"America/Argentina/Cordoba","modification_date":"2012-01-18"},{"geonameid":"3433753","name":"Gobernador Ingeniero Valentín Virasoro","asciiname":"Gobernador Ingeniero Valentin Virasoro","alternatenames":["Gobernador Ingeniero Valentin Virasoro","Gobernador Ingeniero Valentín Virasoro","Vuelta del Ombu","Vuelta del Ombú"],"latitude":"-28.05","longitude":"-56.03333","feature_class":"P","feature_code":"PPLA2","country_code":"AR","cc2":"","admin1_code":"06","admin2_code":"","admin3_code":"","admin4_code":"","population":"28756","elevation":"","dem":"133","timezone":"America/Argentina/Cordoba","modification_date":"2014-03-07"},{"geonameid":"3433842","name":"Garruchos","asciiname":"Garruchos","alternatenames":[""],"latitude":"-28.18514","longitude":"-55.63947","feature_class":"P","feature_code":"PPL","country_code":"AR","cc2":"","admin1_code":"06","admin2_code":"","admin3_code":"","admin4_code":"","population":"1152","elevation":"","dem":"80","timezone":"America/Argentina/Cordoba","modification_date":"2011-04-19"},{"geonameid":"3433944","name":"Felipe Yofré","asciiname":"Felipe Yofre","alternatenames":["Felipe Yofre","Felipe Yofré","Yofre","Yofré"],"latitude":"-29.10226","longitude":"-58.33772","feature_class":"P","feature_code":"PPL","country_code":"AR","cc2":"","admin1_code":"06","admin2_code":"","admin3_code":"","admin4_code":"","population":"1947","elevation":"","dem":"72","timezone":"America/Argentina/Cordoba","modification_date":"2012-01-18"},{"geonameid":"3434095","name":"Esquina","asciiname":"Esquina","alternatenames":["Esquina"],"latitude":"-30.01444","longitude":"-59.52719","feature_class":"P","feature_code":"PPLA2","country_code":"AR","cc2":"","admin1_code":"06","admin2_code":"18049","admin3_code":"","admin4_code":"","population":"26399","elevation":"","dem":"44","timezone":"America/Argentina/Cordoba","modification_date":"2015-04-22"},{"geonameid":"3434154","name":"Empedrado","asciiname":"Empedrado","alternatenames":["Empedrado"],"latitude":"-27.95125","longitude":"-58.80542","feature_class":"P","feature_code":"PPLA2","country_code":"AR","cc2":"","admin1_code":"06","admin2_code":"18042","admin3_code":"","admin4_code":"","population":"0","elevation":"","dem":"76","timezone":"America/Argentina/Cordoba","modification_date":"2015-04-22"},{"geonameid":"3435103","name":"Curuzú Cuatiá","asciiname":"Curuzu Cuatia","alternatenames":["Curuzu Cuatia","Curuzú Cuatiá","Kurusu Kuatia","Kurusu Kuatija","UZU","ku lu su kua di ya","kwrwsw kwatya","کوروسو کواتیا","庫魯蘇夸蒂亞"],"latitude":"-29.79171","longitude":"-58.0546","feature_class":"P","feature_code":"PPLA2","country_code":"AR","cc2":"","admin1_code":"06","admin2_code":"","admin3_code":"","admin4_code":"","population":"36390","elevation":"","dem":"79","timezone":"America/Argentina/Cordoba","modification_date":"2014-03-07"},{"geonameid":"3435178","name":"Cruz de los Milagros","asciiname":"Cruz de los Milagros","alternatenames":[""],"latitude":"-28.83646","longitude":"-59.00476","feature_class":"P","feature_code":"PPL","country_code":"AR","cc2":"","admin1_code":"06","admin2_code":"","admin3_code":"","admin4_code":"","population":"1768","elevation":"","dem":"59","timezone":"America/Argentina/Cordoba","modification_date":"2011-04-19"},{"geonameid":"3435217","name":"Corrientes","asciiname":"Corrientes","alternatenames":["CNQ","Ciudad de Corrientes","Corrientes","Gorad Karyentehs","Korientes","Korientesas","Korijentes","Korrientes","Taragui","ke lian te si","kolienteseu","korientesu","kwrynts","kwryynts","qwryynts","Горад Карыентэс","Кориентес","Коријентес","Корриентес","Коррієнтес","קוריינטס","كوريينتس","کوریئنتس","کورینتس","კორიენტესი","コリエンテス","科连特斯","코리엔테스"],"latitude":"-27.4806","longitude":"-58.8341","feature_class":"P","feature_code":"PPLA","country_code":"AR","cc2":"","admin1_code":"06","admin2_code":"","admin3_code":"","admin4_code":"","population":"339067","elevation":"","dem":"63","timezone":"America/Argentina/Cordoba","modification_date":"2012-01-18"},{"geonameid":"3435273","name":"Concepción","asciiname":"Concepcion","alternatenames":["Concepcion","Concepción"],"latitude":"-28.39175","longitude":"-57.88777","feature_class":"P","feature_code":"PPLA2","country_code":"AR","cc2":"","admin1_code":"06","admin2_code":"18028","admin3_code":"","admin4_code":"","population":"4800","elevation":"","dem":"67","timezone":"America/Argentina/Cordoba","modification_date":"2015-04-22"},{"geonameid":"3435444","name":"Chavarría","asciiname":"Chavarria","alternatenames":["Chavarria","Chavarría"],"latitude":"-28.95489","longitude":"-58.57277","feature_class":"P","feature_code":"PPL","country_code":"AR","cc2":"","admin1_code":"06","admin2_code":"","admin3_code":"","admin4_code":"","population":"2337","elevation":"","dem":"64","timezone":"America/Argentina/Cordoba","modification_date":"2012-02-02"},{"geonameid":"3435988","name":"Bonpland","asciiname":"Bonpland","alternatenames":["Bompland","Bonpland"],"latitude":"-29.81708","longitude":"-57.42974","feature_class":"P","feature_code":"PPL","country_code":"AR","cc2":"","admin1_code":"06","admin2_code":"18119","admin3_code":"","admin4_code":"","population":"1063","elevation":"","dem":"75","timezone":"America/Argentina/Cordoba","modification_date":"2015-06-15"},{"geonameid":"3436029","name":"Berón de Astrada","asciiname":"Beron de Astrada","alternatenames":[""],"latitude":"-27.55067","longitude":"-57.5346","feature_class":"P","feature_code":"PPLA2","country_code":"AR","cc2":"","admin1_code":"06","admin2_code":"18014","admin3_code":"","admin4_code":"","population":"0","elevation":"","dem":"79","timezone":"America/Argentina/Cordoba","modification_date":"2015-04-22"},{"geonameid":"3436062","name":"Bella Vista","asciiname":"Bella Vista","alternatenames":[""],"latitude":"-28.50918","longitude":"-59.04009","feature_class":"P","feature_code":"PPLA2","country_code":"AR","cc2":"","admin1_code":"06","admin2_code":"18007","admin3_code":"","admin4_code":"","population":"0","elevation":"","dem":"68","timezone":"America/Argentina/Cordoba","modification_date":"2015-04-22"},{"geonameid":"3436370","name":"Alvear","asciiname":"Alvear","alternatenames":["Alvear"],"latitude":"-29.09683","longitude":"-56.55043","feature_class":"P","feature_code":"PPLA2","country_code":"AR","cc2":"","admin1_code":"06","admin2_code":"","admin3_code":"","admin4_code":"","population":"7917","elevation":"","dem":"65","timezone":"America/Argentina/Cordoba","modification_date":"2014-03-07"}]}