{"region_data":{"countryId":"3865483","adminCode1":"17","countryName":"Argentina","fclName":"country, state, region,...","countryCode":"AR","lng":"-65.43457","fcodeName":"first-order administrative division","toponymName":"Provincia de Salta","fcl":"A","numberOfChildren":22,"name":"Salta","fcode":"ADM1","geonameId":3838231,"lat":"-24.75806","adminName1":"Salta","population":1079051},"country_data":{"ISO":"AR","ISO3":"ARG","ISO_Numeric":"032","fips":"AR","country":"Argentina","capital":"Buenos Aires","area":"2766890","Population":"41343201","Continent":"SA","tld":".ar","CurrencyCode":"ARS","CurrencyName":"Peso","Phone":"54","Postal_Code_Format":"@####@@@","Postal_Code_Regex":"^([A-Z]\\d{4}[A-Z]{3})$","Languages":"es-AR,en,it,de,fr,gn","geonameid":"3865483","neighbours":"CL,BO,UY,PY,BR","EquivalentFipsCode":""},"cities":[{"geonameid":"3834601","name":"Tartagal","asciiname":"Tartagal","alternatenames":["TTG","Tartagal","Tartagalis","ta ta jia er","tartagal","tartghal","Тартагал","تارتاگال","تارتغال","塔塔加爾"],"latitude":"-22.51637","longitude":"-63.80131","feature_class":"P","feature_code":"PPLA2","country_code":"AR","cc2":"","admin1_code":"17","admin2_code":"","admin3_code":"","admin4_code":"","population":"60819","elevation":"","dem":"499","timezone":"America/Argentina/Salta","modification_date":"2014-03-07"},{"geonameid":"3835880","name":"Santa Victoria","asciiname":"Santa Victoria","alternatenames":[""],"latitude":"-22.25","longitude":"-64.96667","feature_class":"P","feature_code":"PPLA2","country_code":"AR","cc2":"","admin1_code":"17","admin2_code":"66161","admin3_code":"","admin4_code":"","population":"0","elevation":"","dem":"2378","timezone":"America/Argentina/Salta","modification_date":"2015-04-22"},{"geonameid":"3835937","name":"Santa Rosa de Tastil","asciiname":"Santa Rosa de Tastil","alternatenames":["Santa Rosa de Tastil","Tastil"],"latitude":"-24.45166","longitude":"-65.97452","feature_class":"P","feature_code":"PPL","country_code":"AR","cc2":"","admin1_code":"17","admin2_code":"","admin3_code":"","admin4_code":"","population":"2000","elevation":"","dem":"3220","timezone":"America/Argentina/Salta","modification_date":"2012-01-18"},{"geonameid":"3836620","name":"San Ramón de la Nueva Orán","asciiname":"San Ramon de la Nueva Oran","alternatenames":["ORA","Oran","Orán","San Ramon de la Nueva Oran","San Ramón de la Nueva Orán"],"latitude":"-23.13705","longitude":"-64.32426","feature_class":"P","feature_code":"PPL","country_code":"AR","cc2":"","admin1_code":"17","admin2_code":"","admin3_code":"","admin4_code":"","population":"74059","elevation":"","dem":"358","timezone":"America/Argentina/Salta","modification_date":"2015-06-03"},{"geonameid":"3837899","name":"San Carlos","asciiname":"San Carlos","alternatenames":["San Carlos"],"latitude":"-25.88618","longitude":"-65.92941","feature_class":"P","feature_code":"PPLA2","country_code":"AR","cc2":"","admin1_code":"17","admin2_code":"66154","admin3_code":"","admin4_code":"","population":"0","elevation":"","dem":"1630","timezone":"America/Argentina/Salta","modification_date":"2015-04-22"},{"geonameid":"3837985","name":"San Antonio de los Cobres","asciiname":"San Antonio de los Cobres","alternatenames":["San Antonio de los Cobres"],"latitude":"-24.21804","longitude":"-66.31877","feature_class":"P","feature_code":"PPLA2","country_code":"AR","cc2":"","admin1_code":"17","admin2_code":"","admin3_code":"","admin4_code":"","population":"4000","elevation":"","dem":"3754","timezone":"America/Argentina/Salta","modification_date":"2014-03-07"},{"geonameid":"3838233","name":"Salta","asciiname":"Salta","alternatenames":["Ciudad de Salta","Gorad Sal'ta","SLA","Sal'ta","Salta","Salta llaqta","sa er ta","salta","saruta","slth","Σάλτα","Горад Сальта","Салта","Сальта","סלטה","سالتا","სალტა","サルタ","萨尔塔","살타"],"latitude":"-24.7859","longitude":"-65.41166","feature_class":"P","feature_code":"PPLA","country_code":"AR","cc2":"","admin1_code":"17","admin2_code":"","admin3_code":"","admin4_code":"","population":"512686","elevation":"","dem":"1183","timezone":"America/Argentina/Salta","modification_date":"2012-01-18"},{"geonameid":"3838561","name":"Rosario de Lerma","asciiname":"Rosario de Lerma","alternatenames":["Rosario de Lerma"],"latitude":"-24.98206","longitude":"-65.57891","feature_class":"P","feature_code":"PPLA2","country_code":"AR","cc2":"","admin1_code":"17","admin2_code":"","admin3_code":"","admin4_code":"","population":"0","elevation":"","dem":"1328","timezone":"America/Argentina/Salta","modification_date":"2014-03-07"},{"geonameid":"3838564","name":"Rosario de la Frontera","asciiname":"Rosario de la Frontera","alternatenames":["Rosario de la Frontera"],"latitude":"-25.79693","longitude":"-64.97094","feature_class":"P","feature_code":"PPLA2","country_code":"AR","cc2":"","admin1_code":"17","admin2_code":"66140","admin3_code":"","admin4_code":"","population":"0","elevation":"","dem":"787","timezone":"America/Argentina/Salta","modification_date":"2015-04-22"},{"geonameid":"3838762","name":"Rivadavia","asciiname":"Rivadavia","alternatenames":["Rivadavia"],"latitude":"-24.18832","longitude":"-62.89021","feature_class":"P","feature_code":"PPLA2","country_code":"AR","cc2":"","admin1_code":"17","admin2_code":"","admin3_code":"","admin4_code":"","population":"0","elevation":"","dem":"210","timezone":"America/Argentina/Salta","modification_date":"2014-03-07"},{"geonameid":"3843994","name":"Molinos","asciiname":"Molinos","alternatenames":["Molinos"],"latitude":"-25.4395","longitude":"-66.29126","feature_class":"P","feature_code":"PPLA2","country_code":"AR","cc2":"","admin1_code":"17","admin2_code":"66119","admin3_code":"","admin4_code":"","population":"0","elevation":"","dem":"2042","timezone":"America/Argentina/Salta","modification_date":"2015-04-22"},{"geonameid":"3844298","name":"Metán","asciiname":"Metan","alternatenames":["Metan","Metán"],"latitude":"-25.49905","longitude":"-64.97388","feature_class":"P","feature_code":"PPLA2","country_code":"AR","cc2":"","admin1_code":"17","admin2_code":"66112","admin3_code":"","admin4_code":"","population":"0","elevation":"","dem":"860","timezone":"America/Argentina/Salta","modification_date":"2015-04-22"},{"geonameid":"3847195","name":"La Viña","asciiname":"La Vina","alternatenames":["La Vina","La Viña"],"latitude":"-25.46642","longitude":"-65.5663","feature_class":"P","feature_code":"PPLA2","country_code":"AR","cc2":"","admin1_code":"17","admin2_code":"66098","admin3_code":"","admin4_code":"","population":"0","elevation":"","dem":"1193","timezone":"America/Argentina/Salta","modification_date":"2015-04-22"},{"geonameid":"3848209","name":"Las Lajitas","asciiname":"Las Lajitas","alternatenames":["Las Lajitas"],"latitude":"-24.68333","longitude":"-64.25","feature_class":"P","feature_code":"PPL","country_code":"AR","cc2":"","admin1_code":"17","admin2_code":"","admin3_code":"","admin4_code":"","population":"9151","elevation":"","dem":"499","timezone":"America/Argentina/Salta","modification_date":"2012-01-18"},{"geonameid":"3849375","name":"La Poma","asciiname":"La Poma","alternatenames":["La Poma","Poma"],"latitude":"-24.72196","longitude":"-66.20106","feature_class":"P","feature_code":"PPLA2","country_code":"AR","cc2":"","admin1_code":"17","admin2_code":"","admin3_code":"","admin4_code":"","population":"0","elevation":"","dem":"3016","timezone":"America/Argentina/Salta","modification_date":"2014-03-07"},{"geonameid":"3852317","name":"La Candelaria","asciiname":"La Candelaria","alternatenames":["Candelaria","La Candelaria"],"latitude":"-26.12708","longitude":"-65.0496","feature_class":"P","feature_code":"PPLA2","country_code":"AR","cc2":"","admin1_code":"17","admin2_code":"","admin3_code":"","admin4_code":"","population":"0","elevation":"","dem":"1042","timezone":"America/Argentina/Salta","modification_date":"2014-03-07"},{"geonameid":"3852393","name":"La Caldera","asciiname":"La Caldera","alternatenames":["Caldera","La Caldera"],"latitude":"-24.60159","longitude":"-65.38098","feature_class":"P","feature_code":"PPLA2","country_code":"AR","cc2":"","admin1_code":"17","admin2_code":"","admin3_code":"","admin4_code":"","population":"0","elevation":"","dem":"1389","timezone":"America/Argentina/Salta","modification_date":"2014-03-07"},{"geonameid":"3853491","name":"Joaquín V. González","asciiname":"Joaquin V. Gonzalez","alternatenames":["J.V. Gonzalez","J.V. González","Joaquin V. Gonzalez","Joaquín V. González"],"latitude":"-25.08333","longitude":"-64.18333","feature_class":"P","feature_code":"PPLA2","country_code":"AR","cc2":"","admin1_code":"17","admin2_code":"","admin3_code":"","admin4_code":"","population":"19185","elevation":"","dem":"400","timezone":"America/Argentina/Salta","modification_date":"2014-03-07"},{"geonameid":"3853699","name":"Iruya","asciiname":"Iruya","alternatenames":["Iruya"],"latitude":"-22.76667","longitude":"-65.23333","feature_class":"P","feature_code":"PPLA2","country_code":"AR","cc2":"","admin1_code":"17","admin2_code":"","admin3_code":"","admin4_code":"","population":"0","elevation":"","dem":"2810","timezone":"America/Argentina/Salta","modification_date":"2014-03-07"},{"geonameid":"3854677","name":"Guachipas","asciiname":"Guachipas","alternatenames":["Guachipas"],"latitude":"-25.52031","longitude":"-65.50937","feature_class":"P","feature_code":"PPLA2","country_code":"AR","cc2":"","admin1_code":"17","admin2_code":"66063","admin3_code":"","admin4_code":"","population":"0","elevation":"","dem":"1096","timezone":"America/Argentina/Salta","modification_date":"2015-04-22"},{"geonameid":"3855090","name":"General Martín Miguel de Güemes","asciiname":"General Martin Miguel de Gueemes","alternatenames":["General Guemes","General Güemes","General Martin M. de Guemes","General Martin Miguel de Guemes","General Martín M. de Güemes","General Martín Miguel de Güemes","Guemes","Güemes"],"latitude":"-24.67034","longitude":"-65.04765","feature_class":"P","feature_code":"PPLA2","country_code":"AR","cc2":"","admin1_code":"17","admin2_code":"66049","admin3_code":"","admin4_code":"","population":"0","elevation":"","dem":"742","timezone":"America/Argentina/Salta","modification_date":"2015-04-22"},{"geonameid":"3855116","name":"General Enrique Mosconi","asciiname":"General Enrique Mosconi","alternatenames":["Ciro Echesortu","General Enrique Mosconi","General Mosconi","Vespucio"],"latitude":"-22.59588","longitude":"-63.81255","feature_class":"P","feature_code":"PPL","country_code":"AR","cc2":"","admin1_code":"17","admin2_code":"","admin3_code":"","admin4_code":"","population":"19811","elevation":"","dem":"481","timezone":"America/Argentina/Salta","modification_date":"2012-01-18"},{"geonameid":"3856231","name":"Embarcación","asciiname":"Embarcacion","alternatenames":["Embarcacion","Embarcación","ZAI"],"latitude":"-23.21003","longitude":"-64.09965","feature_class":"P","feature_code":"PPL","country_code":"AR","cc2":"","admin1_code":"17","admin2_code":"66056","admin3_code":"","admin4_code":"","population":"23961","elevation":"","dem":"292","timezone":"America/Argentina/Salta","modification_date":"2015-05-23"},{"geonameid":"3857012","name":"El Quebrachal","asciiname":"El Quebrachal","alternatenames":["El Quebrachal"],"latitude":"-25.28333","longitude":"-64.06667","feature_class":"P","feature_code":"PPL","country_code":"AR","cc2":"","admin1_code":"17","admin2_code":"","admin3_code":"","admin4_code":"","population":"10243","elevation":"","dem":"355","timezone":"America/Argentina/Salta","modification_date":"2012-02-02"},{"geonameid":"3857974","name":"El Galpón","asciiname":"El Galpon","alternatenames":["El Galpon","El Galpón"],"latitude":"-25.38069","longitude":"-64.65259","feature_class":"P","feature_code":"PPL","country_code":"AR","cc2":"","admin1_code":"17","admin2_code":"","admin3_code":"","admin4_code":"","population":"8357","elevation":"","dem":"527","timezone":"America/Argentina/Salta","modification_date":"2012-02-02"},{"geonameid":"3858553","name":"El Carril","asciiname":"El Carril","alternatenames":["Carril","El Carril"],"latitude":"-25.0741","longitude":"-65.49174","feature_class":"P","feature_code":"PPL","country_code":"AR","cc2":"","admin1_code":"17","admin2_code":"","admin3_code":"","admin4_code":"","population":"9780","elevation":"","dem":"1168","timezone":"America/Argentina/Salta","modification_date":"2012-01-18"},{"geonameid":"3861494","name":"Chicoana","asciiname":"Chicoana","alternatenames":["Chicoana"],"latitude":"-25.10088","longitude":"-65.5331","feature_class":"P","feature_code":"PPLA2","country_code":"AR","cc2":"","admin1_code":"17","admin2_code":"66042","admin3_code":"","admin4_code":"","population":"8468","elevation":"","dem":"1238","timezone":"America/Argentina/Salta","modification_date":"2015-04-22"},{"geonameid":"3862086","name":"Cerrillos","asciiname":"Cerrillos","alternatenames":["Cerrillos"],"latitude":"-24.89833","longitude":"-65.48706","feature_class":"P","feature_code":"PPLA2","country_code":"AR","cc2":"","admin1_code":"17","admin2_code":"66035","admin3_code":"","admin4_code":"","population":"0","elevation":"","dem":"1256","timezone":"America/Argentina/Salta","modification_date":"2015-04-22"},{"geonameid":"3863050","name":"Campo Quijano","asciiname":"Campo Quijano","alternatenames":["Campo Quijano","Quijana","Quijano"],"latitude":"-24.90982","longitude":"-65.63656","feature_class":"P","feature_code":"PPL","country_code":"AR","cc2":"","admin1_code":"17","admin2_code":"","admin3_code":"","admin4_code":"","population":"5000","elevation":"","dem":"1501","timezone":"America/Argentina/Salta","modification_date":"2012-01-18"},{"geonameid":"3863503","name":"Cafayate","asciiname":"Cafayate","alternatenames":["Cafayate","Cafayete","Kafajat","Кафайат"],"latitude":"-26.07286","longitude":"-65.97766","feature_class":"P","feature_code":"PPL","country_code":"AR","cc2":"AR","admin1_code":"17","admin2_code":"66021","admin3_code":"","admin4_code":"","population":"11785","elevation":"","dem":"1625","timezone":"America/Argentina/Salta","modification_date":"2015-04-22"},{"geonameid":"3863557","name":"Cachí","asciiname":"Cachi","alternatenames":["Cachi","Cachí"],"latitude":"-25.12033","longitude":"-66.16519","feature_class":"P","feature_code":"PPLA2","country_code":"AR","cc2":"","admin1_code":"17","admin2_code":"66014","admin3_code":"","admin4_code":"","population":"2189","elevation":"","dem":"2355","timezone":"America/Argentina/Salta","modification_date":"2015-04-22"},{"geonameid":"3865605","name":"Apolinario Saravia","asciiname":"Apolinario Saravia","alternatenames":["Apolinario Saravia"],"latitude":"-24.43276","longitude":"-63.99535","feature_class":"P","feature_code":"PPL","country_code":"AR","cc2":"","admin1_code":"17","admin2_code":"","admin3_code":"","admin4_code":"","population":"8595","elevation":"","dem":"361","timezone":"America/Argentina/Salta","modification_date":"2012-02-02"}]}