{"region_data":{"countryId":"3865483","adminCode1":"12","countryName":"Argentina","fclName":"country, state, region,...","countryCode":"AR","lng":"-67","fcodeName":"first-order administrative division","toponymName":"Provincia de La Rioja","fcl":"A","numberOfChildren":18,"name":"Provincia de La Rioja","fcode":"ADM1","geonameId":3848949,"lat":"-29.58333","adminName1":"La Rioja","population":289983},"country_data":{"ISO":"AR","ISO3":"ARG","ISO_Numeric":"032","fips":"AR","country":"Argentina","capital":"Buenos Aires","area":"2766890","Population":"41343201","Continent":"SA","tld":".ar","CurrencyCode":"ARS","CurrencyName":"Peso","Phone":"54","Postal_Code_Format":"@####@@@","Postal_Code_Regex":"^([A-Z]\\d{4}[A-Z]{3})$","Languages":"es-AR,en,it,de,fr,gn","geonameid":"3865483","neighbours":"CL,BO,UY,PY,BR","EquivalentFipsCode":""},"cities":[{"geonameid":"3832560","name":"Vinchina","asciiname":"Vinchina","alternatenames":[""],"latitude":"-28.75964","longitude":"-68.20692","feature_class":"P","feature_code":"PPLA2","country_code":"AR","cc2":"","admin1_code":"12","admin2_code":"","admin3_code":"","admin4_code":"","population":"2834","elevation":"","dem":"1460","timezone":"America/Argentina/La_Rioja","modification_date":"2014-03-07"},{"geonameid":"3832606","name":"Villa Unión","asciiname":"Villa Union","alternatenames":["Villa Union","Villa Unión"],"latitude":"-29.31595","longitude":"-68.22658","feature_class":"P","feature_code":"PPLA2","country_code":"AR","cc2":"","admin1_code":"12","admin2_code":"","admin3_code":"","admin4_code":"","population":"0","elevation":"","dem":"1154","timezone":"America/Argentina/La_Rioja","modification_date":"2014-03-07"},{"geonameid":"3832785","name":"Villa Castelli","asciiname":"Villa Castelli","alternatenames":[""],"latitude":"-29.00295","longitude":"-68.21277","feature_class":"P","feature_code":"PPLA2","country_code":"AR","cc2":"","admin1_code":"12","admin2_code":"","admin3_code":"","admin4_code":"","population":"0","elevation":"","dem":"1300","timezone":"America/Argentina/La_Rioja","modification_date":"2014-03-07"},{"geonameid":"3832795","name":"Villa Bustos","asciiname":"Villa Bustos","alternatenames":["Sanagasta","Villa Bustos"],"latitude":"-29.28483","longitude":"-67.03308","feature_class":"P","feature_code":"PPL","country_code":"AR","cc2":"","admin1_code":"12","admin2_code":"","admin3_code":"","admin4_code":"","population":"2165","elevation":"","dem":"1150","timezone":"America/Argentina/La_Rioja","modification_date":"2013-05-24"},{"geonameid":"3833451","name":"Ulapes","asciiname":"Ulapes","alternatenames":["Ulapes"],"latitude":"-31.57362","longitude":"-66.2365","feature_class":"P","feature_code":"PPLA2","country_code":"AR","cc2":"","admin1_code":"12","admin2_code":"","admin3_code":"","admin4_code":"","population":"0","elevation":"","dem":"411","timezone":"America/Argentina/La_Rioja","modification_date":"2014-03-07"},{"geonameid":"3834718","name":"Tama","asciiname":"Tama","alternatenames":["Rosario del Tama","Tama"],"latitude":"-30.50798","longitude":"-66.5298","feature_class":"P","feature_code":"PPLA2","country_code":"AR","cc2":"","admin1_code":"12","admin2_code":"","admin3_code":"","admin4_code":"","population":"0","elevation":"","dem":"654","timezone":"America/Argentina/La_Rioja","modification_date":"2014-03-07"},{"geonameid":"3836845","name":"Sañogasta","asciiname":"Sanogasta","alternatenames":["Sanogasta","Sañogasta"],"latitude":"-29.0952","longitude":"-67.11586","feature_class":"P","feature_code":"PPLA2","country_code":"AR","cc2":"","admin1_code":"12","admin2_code":"","admin3_code":"","admin4_code":"","population":"0","elevation":"","dem":"2012","timezone":"America/Argentina/La_Rioja","modification_date":"2014-03-07"},{"geonameid":"3837919","name":"San Blas de los Sauces","asciiname":"San Blas de los Sauces","alternatenames":["San Blas","San Blas de los Sauces"],"latitude":"-28.41051","longitude":"-67.09341","feature_class":"P","feature_code":"PPLA2","country_code":"AR","cc2":"","admin1_code":"12","admin2_code":"46119","admin3_code":"","admin4_code":"","population":"0","elevation":"","dem":"1022","timezone":"America/Argentina/La_Rioja","modification_date":"2015-04-22"},{"geonameid":"3841769","name":"Patquía","asciiname":"Patquia","alternatenames":["Patquia","Patquía"],"latitude":"-30.04681","longitude":"-66.88231","feature_class":"P","feature_code":"PPLA2","country_code":"AR","cc2":"","admin1_code":"12","admin2_code":"","admin3_code":"","admin4_code":"","population":"0","elevation":"","dem":"435","timezone":"America/Argentina/La_Rioja","modification_date":"2014-03-07"},{"geonameid":"3842632","name":"Olta","asciiname":"Olta","alternatenames":["Olta"],"latitude":"-30.63117","longitude":"-66.263","feature_class":"P","feature_code":"PPLA2","country_code":"AR","cc2":"","admin1_code":"12","admin2_code":"","admin3_code":"","admin4_code":"","population":"0","elevation":"","dem":"520","timezone":"America/Argentina/La_Rioja","modification_date":"2014-03-07"},{"geonameid":"3844263","name":"Milagro","asciiname":"Milagro","alternatenames":["El Milagro","Milagro"],"latitude":"-31.00326","longitude":"-66.00098","feature_class":"P","feature_code":"PPLA2","country_code":"AR","cc2":"","admin1_code":"12","admin2_code":"","admin3_code":"","admin4_code":"","population":"0","elevation":"","dem":"377","timezone":"America/Argentina/La_Rioja","modification_date":"2014-03-07"},{"geonameid":"3845185","name":"Malanzán","asciiname":"Malanzan","alternatenames":["Malanzan","Malanzán"],"latitude":"-30.80394","longitude":"-66.60908","feature_class":"P","feature_code":"PPLA2","country_code":"AR","cc2":"","admin1_code":"12","admin2_code":"46070","admin3_code":"","admin4_code":"","population":"0","elevation":"","dem":"889","timezone":"America/Argentina/La_Rioja","modification_date":"2015-04-22"},{"geonameid":"3848950","name":"La Rioja","asciiname":"La Rioja","alternatenames":["Ciudad de La Rioja","Gorad La-Ryjokha","IRJ","La Riocha","La Rioja","La Rioja llaqta","La Riokha","La-Riokha","Larjoha","Rioja","Riokha","la li ao ha","la rywja","la rywkha  arzhantyn","la-riokha","lalioha","lh rywhh","Горад Ла-Рыёха","Ла Риоха","Ла-Риоха","Ла-Ріоха","Риоха","לה ריוחה","لا ریؤجا","لا ریوخا، آرژانتین","ლა-რიოხა","ラ・リオハ","拉里奧哈","라리오하"],"latitude":"-29.41105","longitude":"-66.85067","feature_class":"P","feature_code":"PPLA","country_code":"AR","cc2":"","admin1_code":"12","admin2_code":"","admin3_code":"","admin4_code":"","population":"162620","elevation":"","dem":"502","timezone":"America/Argentina/La_Rioja","modification_date":"2012-01-18"},{"geonameid":"3855661","name":"Famatina","asciiname":"Famatina","alternatenames":["Famatina"],"latitude":"-28.92322","longitude":"-67.52253","feature_class":"P","feature_code":"PPLA2","country_code":"AR","cc2":"","admin1_code":"12","admin2_code":"46049","admin3_code":"","admin4_code":"","population":"0","elevation":"","dem":"1567","timezone":"America/Argentina/La_Rioja","modification_date":"2015-04-22"},{"geonameid":"3861445","name":"Chilecito","asciiname":"Chilecito","alternatenames":["Chilecito"],"latitude":"-29.16195","longitude":"-67.4974","feature_class":"P","feature_code":"PPLA2","country_code":"AR","cc2":"","admin1_code":"12","admin2_code":"46042","admin3_code":"","admin4_code":"","population":"42248","elevation":"","dem":"1125","timezone":"America/Argentina/La_Rioja","modification_date":"2015-04-22"},{"geonameid":"3861570","name":"Chepes","asciiname":"Chepes","alternatenames":[""],"latitude":"-31.35","longitude":"-66.6","feature_class":"P","feature_code":"PPLA2","country_code":"AR","cc2":"","admin1_code":"12","admin2_code":"","admin3_code":"","admin4_code":"","population":"0","elevation":"","dem":"644","timezone":"America/Argentina/La_Rioja","modification_date":"2014-03-07"},{"geonameid":"3861824","name":"Chamical","asciiname":"Chamical","alternatenames":["Chamical","Gobernador Gordillo"],"latitude":"-30.36002","longitude":"-66.31399","feature_class":"P","feature_code":"PPLA2","country_code":"AR","cc2":"","admin1_code":"12","admin2_code":"","admin3_code":"","admin4_code":"","population":"13383","elevation":"","dem":"473","timezone":"America/Argentina/La_Rioja","modification_date":"2014-03-07"},{"geonameid":"3862293","name":"Castro Barros","asciiname":"Castro Barros","alternatenames":["Castro Barros"],"latitude":"-30.57952","longitude":"-65.72696","feature_class":"P","feature_code":"PPL","country_code":"AR","cc2":"","admin1_code":"12","admin2_code":"","admin3_code":"","admin4_code":"","population":"4322","elevation":"","dem":"236","timezone":"America/Argentina/La_Rioja","modification_date":"2012-01-18"},{"geonameid":"3865579","name":"Arauco","asciiname":"Arauco","alternatenames":["Arauca","Arauco"],"latitude":"-28.5805","longitude":"-66.79438","feature_class":"P","feature_code":"PPL","country_code":"AR","cc2":"","admin1_code":"12","admin2_code":"46007","admin3_code":"","admin4_code":"","population":"13720","elevation":"","dem":"820","timezone":"America/Argentina/La_Rioja","modification_date":"2015-04-22"},{"geonameid":"3865876","name":"Aminga","asciiname":"Aminga","alternatenames":["Aminga"],"latitude":"-28.8426","longitude":"-66.94546","feature_class":"P","feature_code":"PPLA2","country_code":"AR","cc2":"","admin1_code":"12","admin2_code":"","admin3_code":"","admin4_code":"","population":"0","elevation":"","dem":"1388","timezone":"America/Argentina/La_Rioja","modification_date":"2014-03-07"},{"geonameid":"3866465","name":"Aimogasta","asciiname":"Aimogasta","alternatenames":["Aimogasta"],"latitude":"-28.56091","longitude":"-66.80588","feature_class":"P","feature_code":"PPLA2","country_code":"AR","cc2":"","admin1_code":"12","admin2_code":"","admin3_code":"","admin4_code":"","population":"0","elevation":"","dem":"846","timezone":"America/Argentina/La_Rioja","modification_date":"2014-03-07"}]}