{"region_data":{"countryId":"3865483","adminCode1":"08","countryName":"Argentina","fclName":"country, state, region,...","countryCode":"AR","lng":"-59","fcodeName":"first-order administrative division","toponymName":"Provincia de Entre Ríos","fcl":"A","numberOfChildren":17,"name":"Entre Rios","fcode":"ADM1","geonameId":3434137,"lat":"-32","adminName1":"Entre Rios","population":1158147},"country_data":{"ISO":"AR","ISO3":"ARG","ISO_Numeric":"032","fips":"AR","country":"Argentina","capital":"Buenos Aires","area":"2766890","Population":"41343201","Continent":"SA","tld":".ar","CurrencyCode":"ARS","CurrencyName":"Peso","Phone":"54","Postal_Code_Format":"@####@@@","Postal_Code_Regex":"^([A-Z]\\d{4}[A-Z]{3})$","Languages":"es-AR,en,it,de,fr,gn","geonameid":"3865483","neighbours":"CL,BO,UY,PY,BR","EquivalentFipsCode":""},"cities":[{"geonameid":"3427386","name":"Villa Paranacito","asciiname":"Villa Paranacito","alternatenames":["Paranacito","Villa Paranacito"],"latitude":"-33.72207","longitude":"-58.65798","feature_class":"P","feature_code":"PPLA2","country_code":"AR","cc2":"","admin1_code":"08","admin2_code":"","admin3_code":"","admin4_code":"","population":"3988","elevation":"","dem":"7","timezone":"America/Argentina/Cordoba","modification_date":"2014-03-07"},{"geonameid":"3427399","name":"Villa María Grande","asciiname":"Villa Maria Grande","alternatenames":["Maria Grande","María Grande","Villa Maria Grande","Villa María Grande"],"latitude":"-31.66565","longitude":"-59.90182","feature_class":"P","feature_code":"PPL","country_code":"AR","cc2":"","admin1_code":"08","admin2_code":"","admin3_code":"","admin4_code":"","population":"7101","elevation":"","dem":"94","timezone":"America/Argentina/Cordoba","modification_date":"2012-01-18"},{"geonameid":"3427404","name":"Villa Mantero","asciiname":"Villa Mantero","alternatenames":["Mantero","Villa Mantero"],"latitude":"-32.39727","longitude":"-58.74596","feature_class":"P","feature_code":"PPL","country_code":"AR","cc2":"","admin1_code":"08","admin2_code":"","admin3_code":"","admin4_code":"","population":"1526","elevation":"","dem":"46","timezone":"America/Argentina/Cordoba","modification_date":"2012-01-18"},{"geonameid":"3427420","name":"Villa Hernandarias","asciiname":"Villa Hernandarias","alternatenames":["Hernandarias","Villa Hernandarias"],"latitude":"-31.23101","longitude":"-59.985","feature_class":"P","feature_code":"PPL","country_code":"AR","cc2":"","admin1_code":"08","admin2_code":"","admin3_code":"","admin4_code":"","population":"5375","elevation":"","dem":"55","timezone":"America/Argentina/Cordoba","modification_date":"2012-01-18"},{"geonameid":"3427428","name":"Villaguay","asciiname":"Villaguay","alternatenames":["Villaguay"],"latitude":"-31.8653","longitude":"-59.02689","feature_class":"P","feature_code":"PPLA2","country_code":"AR","cc2":"","admin1_code":"08","admin2_code":"30113","admin3_code":"","admin4_code":"","population":"32027","elevation":"","dem":"50","timezone":"America/Argentina/Cordoba","modification_date":"2015-04-22"},{"geonameid":"3427443","name":"Villa Elisa","asciiname":"Villa Elisa","alternatenames":["Villa Elisa"],"latitude":"-32.1632","longitude":"-58.40082","feature_class":"P","feature_code":"PPL","country_code":"AR","cc2":"","admin1_code":"08","admin2_code":"","admin3_code":"","admin4_code":"","population":"9334","elevation":"","dem":"57","timezone":"America/Argentina/Cordoba","modification_date":"2012-01-18"},{"geonameid":"3427454","name":"Villa del Rosario","asciiname":"Villa del Rosario","alternatenames":["Villa Rosario","Villa del Rosario"],"latitude":"-30.79567","longitude":"-57.91257","feature_class":"P","feature_code":"PPL","country_code":"AR","cc2":"","admin1_code":"08","admin2_code":"","admin3_code":"","admin4_code":"","population":"3488","elevation":"","dem":"69","timezone":"America/Argentina/Cordoba","modification_date":"2012-01-18"},{"geonameid":"3427582","name":"Urdinarrain","asciiname":"Urdinarrain","alternatenames":["Urdinarrain"],"latitude":"-32.68573","longitude":"-58.89323","feature_class":"P","feature_code":"PPL","country_code":"AR","cc2":"","admin1_code":"08","admin2_code":"","admin3_code":"","admin4_code":"","population":"7992","elevation":"","dem":"68","timezone":"America/Argentina/Cordoba","modification_date":"2012-01-18"},{"geonameid":"3427593","name":"Ubajay","asciiname":"Ubajay","alternatenames":["Ubajay"],"latitude":"-31.79358","longitude":"-58.3135","feature_class":"P","feature_code":"PPL","country_code":"AR","cc2":"","admin1_code":"08","admin2_code":"","admin3_code":"","admin4_code":"","population":"2334","elevation":"","dem":"54","timezone":"America/Argentina/Cordoba","modification_date":"2012-02-02"},{"geonameid":"3427885","name":"Tabossi","asciiname":"Tabossi","alternatenames":["Tabossi","Tobosy"],"latitude":"-31.80135","longitude":"-59.93477","feature_class":"P","feature_code":"PPL","country_code":"AR","cc2":"","admin1_code":"08","admin2_code":"","admin3_code":"","admin4_code":"","population":"1333","elevation":"","dem":"100","timezone":"America/Argentina/Cordoba","modification_date":"2012-01-18"},{"geonameid":"3427994","name":"Sauce de Luna","asciiname":"Sauce de Luna","alternatenames":["Sauce de Luna"],"latitude":"-31.23794","longitude":"-59.21872","feature_class":"P","feature_code":"PPL","country_code":"AR","cc2":"","admin1_code":"08","admin2_code":"","admin3_code":"","admin4_code":"","population":"2901","elevation":"","dem":"76","timezone":"America/Argentina/Cordoba","modification_date":"2012-02-02"},{"geonameid":"3428359","name":"Santa Elena","asciiname":"Santa Elena","alternatenames":["Santa Elena"],"latitude":"-30.94768","longitude":"-59.78696","feature_class":"P","feature_code":"PPL","country_code":"AR","cc2":"","admin1_code":"08","admin2_code":"","admin3_code":"","admin4_code":"","population":"18410","elevation":"","dem":"66","timezone":"America/Argentina/Cordoba","modification_date":"2012-01-18"},{"geonameid":"3428424","name":"Santa Anita","asciiname":"Santa Anita","alternatenames":["Aldea Santa Anita","Santa Anita"],"latitude":"-32.17476","longitude":"-58.78622","feature_class":"P","feature_code":"PPL","country_code":"AR","cc2":"","admin1_code":"08","admin2_code":"","admin3_code":"","admin4_code":"","population":"1254","elevation":"","dem":"67","timezone":"America/Argentina/Cordoba","modification_date":"2012-01-18"},{"geonameid":"3428453","name":"Santa Ana","asciiname":"Santa Ana","alternatenames":["Santa Ana"],"latitude":"-30.90004","longitude":"-57.93162","feature_class":"P","feature_code":"PPL","country_code":"AR","cc2":"","admin1_code":"08","admin2_code":"","admin3_code":"","admin4_code":"","population":"2059","elevation":"","dem":"50","timezone":"America/Argentina/Cordoba","modification_date":"2012-02-02"},{"geonameid":"3428481","name":"San Salvador","asciiname":"San Salvador","alternatenames":["San Salvador"],"latitude":"-31.62487","longitude":"-58.50524","feature_class":"P","feature_code":"PPLA2","country_code":"AR","cc2":"","admin1_code":"08","admin2_code":"","admin3_code":"","admin4_code":"","population":"11626","elevation":"","dem":"75","timezone":"America/Argentina/Cordoba","modification_date":"2014-03-07"},{"geonameid":"3428776","name":"San Justo","asciiname":"San Justo","alternatenames":["San Justo","Villa San Justo"],"latitude":"-32.44654","longitude":"-58.43569","feature_class":"P","feature_code":"PPL","country_code":"AR","cc2":"","admin1_code":"08","admin2_code":"","admin3_code":"","admin4_code":"","population":"1473","elevation":"","dem":"44","timezone":"America/Argentina/Cordoba","modification_date":"2012-01-18"},{"geonameid":"3428858","name":"San José de Feliciano","asciiname":"San Jose de Feliciano","alternatenames":["San Jose de Feliciano","San José de Feliciano"],"latitude":"-30.38452","longitude":"-58.75167","feature_class":"P","feature_code":"PPLA2","country_code":"AR","cc2":"","admin1_code":"08","admin2_code":"","admin3_code":"","admin4_code":"","population":"11137","elevation":"","dem":"68","timezone":"America/Argentina/Cordoba","modification_date":"2014-03-07"},{"geonameid":"3429024","name":"San Gustavo","asciiname":"San Gustavo","alternatenames":[""],"latitude":"-30.68961","longitude":"-59.3984","feature_class":"P","feature_code":"PPL","country_code":"AR","cc2":"","admin1_code":"08","admin2_code":"","admin3_code":"","admin4_code":"","population":"1307","elevation":"","dem":"56","timezone":"America/Argentina/Cordoba","modification_date":"2011-04-19"},{"geonameid":"3429439","name":"Rosario del Tala","asciiname":"Rosario del Tala","alternatenames":["Rosario Tala","Rosario de Tala","Rosario del Tala","Tala"],"latitude":"-32.30286","longitude":"-59.14545","feature_class":"P","feature_code":"PPLA2","country_code":"AR","cc2":"","admin1_code":"08","admin2_code":"","admin3_code":"","admin4_code":"","population":"13807","elevation":"","dem":"39","timezone":"America/Argentina/Cordoba","modification_date":"2014-03-07"},{"geonameid":"3429710","name":"Puerto Yeruá","asciiname":"Puerto Yerua","alternatenames":["Puerto Yerua","Puerto Yeruá","Punta Yerua"],"latitude":"-31.53713","longitude":"-58.01527","feature_class":"P","feature_code":"PPL","country_code":"AR","cc2":"","admin1_code":"08","admin2_code":"","admin3_code":"","admin4_code":"","population":"1541","elevation":"","dem":"26","timezone":"America/Argentina/Cordoba","modification_date":"2012-01-18"},{"geonameid":"3429778","name":"Puerto Ibicuy","asciiname":"Puerto Ibicuy","alternatenames":["Puerto Ibicuy","Punta Ibicuy"],"latitude":"-33.73333","longitude":"-59.18333","feature_class":"P","feature_code":"PPL","country_code":"AR","cc2":"AR","admin1_code":"08","admin2_code":"","admin3_code":"","admin4_code":"","population":"4477","elevation":"","dem":"3","timezone":"America/Argentina/Cordoba","modification_date":"2012-01-18"},{"geonameid":"3429843","name":"Pronunciamiento","asciiname":"Pronunciamiento","alternatenames":["Pronunciamiento"],"latitude":"-32.34617","longitude":"-58.43287","feature_class":"P","feature_code":"PPL","country_code":"AR","cc2":"","admin1_code":"08","admin2_code":"","admin3_code":"","admin4_code":"","population":"1301","elevation":"","dem":"47","timezone":"America/Argentina/Cordoba","modification_date":"2012-02-02"},{"geonameid":"3429996","name":"Piedras Blancas","asciiname":"Piedras Blancas","alternatenames":[""],"latitude":"-31.18623","longitude":"-59.95957","feature_class":"P","feature_code":"PPL","country_code":"AR","cc2":"","admin1_code":"08","admin2_code":"","admin3_code":"","admin4_code":"","population":"1714","elevation":"","dem":"46","timezone":"America/Argentina/Cordoba","modification_date":"2011-04-19"},{"geonameid":"3430415","name":"Nogoyá","asciiname":"Nogoya","alternatenames":["Nogoya","Nogoyá"],"latitude":"-32.39387","longitude":"-59.78953","feature_class":"P","feature_code":"PPLA2","country_code":"AR","cc2":"","admin1_code":"08","admin2_code":"30077","admin3_code":"","admin4_code":"","population":"0","elevation":"","dem":"50","timezone":"America/Argentina/Cordoba","modification_date":"2015-04-22"},{"geonameid":"3430968","name":"Maciá","asciiname":"Macia","alternatenames":["Macia","Maciá"],"latitude":"-32.1722","longitude":"-59.39947","feature_class":"P","feature_code":"PPL","country_code":"AR","cc2":"","admin1_code":"08","admin2_code":"","admin3_code":"","admin4_code":"","population":"5806","elevation":"","dem":"76","timezone":"America/Argentina/Cordoba","modification_date":"2012-02-02"},{"geonameid":"3431005","name":"Lucas González","asciiname":"Lucas Gonzalez","alternatenames":["L. Gonzalez","L. González","Lucas Gonzalez","Lucas González"],"latitude":"-32.3843","longitude":"-59.53013","feature_class":"P","feature_code":"PPL","country_code":"AR","cc2":"","admin1_code":"08","admin2_code":"","admin3_code":"","admin4_code":"","population":"4466","elevation":"","dem":"94","timezone":"America/Argentina/Cordoba","modification_date":"2012-01-18"},{"geonameid":"3431184","name":"Los Conquistadores","asciiname":"Los Conquistadores","alternatenames":[""],"latitude":"-30.5908","longitude":"-58.46773","feature_class":"P","feature_code":"PPL","country_code":"AR","cc2":"","admin1_code":"08","admin2_code":"","admin3_code":"","admin4_code":"","population":"1214","elevation":"","dem":"75","timezone":"America/Argentina/Cordoba","modification_date":"2011-04-19"},{"geonameid":"3431188","name":"Los Charrúas","asciiname":"Los Charruas","alternatenames":["Los Charruas","Los Charrúas"],"latitude":"-31.17548","longitude":"-58.18774","feature_class":"P","feature_code":"PPL","country_code":"AR","cc2":"","admin1_code":"08","admin2_code":"","admin3_code":"","admin4_code":"","population":"3414","elevation":"","dem":"72","timezone":"America/Argentina/Cordoba","modification_date":"2012-02-02"},{"geonameid":"3431916","name":"Larroque","asciiname":"Larroque","alternatenames":["Larrogue","Larroque","Villa Larroque"],"latitude":"-33.03595","longitude":"-59.00125","feature_class":"P","feature_code":"PPL","country_code":"AR","cc2":"","admin1_code":"08","admin2_code":"","admin3_code":"","admin4_code":"","population":"6200","elevation":"","dem":"54","timezone":"America/Argentina/Cordoba","modification_date":"2012-01-18"},{"geonameid":"3432079","name":"La Paz","asciiname":"La Paz","alternatenames":["La Paz"],"latitude":"-30.74485","longitude":"-59.64566","feature_class":"P","feature_code":"PPLA2","country_code":"AR","cc2":"","admin1_code":"08","admin2_code":"30070","admin3_code":"","admin4_code":"","population":"24716","elevation":"","dem":"56","timezone":"America/Argentina/Cordoba","modification_date":"2015-04-22"},{"geonameid":"3432768","name":"La Criolla","asciiname":"La Criolla","alternatenames":[""],"latitude":"-31.26904","longitude":"-58.10558","feature_class":"P","feature_code":"PPL","country_code":"AR","cc2":"","admin1_code":"08","admin2_code":"","admin3_code":"","admin4_code":"","population":"1852","elevation":"","dem":"55","timezone":"America/Argentina/Cordoba","modification_date":"2011-11-05"},{"geonameid":"3433564","name":"Herrera","asciiname":"Herrera","alternatenames":["Herrera","Villa San Miguel"],"latitude":"-32.43516","longitude":"-58.62462","feature_class":"P","feature_code":"PPL","country_code":"AR","cc2":"","admin1_code":"08","admin2_code":"","admin3_code":"","admin4_code":"","population":"1587","elevation":"","dem":"51","timezone":"America/Argentina/Cordoba","modification_date":"2012-01-18"},{"geonameid":"3433580","name":"Hasenkamp","asciiname":"Hasenkamp","alternatenames":["Hasenkamp"],"latitude":"-31.51226","longitude":"-59.83545","feature_class":"P","feature_code":"PPL","country_code":"AR","cc2":"","admin1_code":"08","admin2_code":"","admin3_code":"","admin4_code":"","population":"4413","elevation":"","dem":"90","timezone":"America/Argentina/Cordoba","modification_date":"2012-02-02"},{"geonameid":"3433658","name":"Gualeguaychú","asciiname":"Gualeguaychu","alternatenames":["GHU","Gualeguaicu","Gualeguaiču","Gualeguajchu","Gualeguaychu","Gualeguaychú","gua lai gua yi qiu","gwalgwaychw","Гуалегуайчу","گوالگوایچو","瓜萊瓜伊丘"],"latitude":"-33.00937","longitude":"-58.51722","feature_class":"P","feature_code":"PPLA2","country_code":"AR","cc2":"","admin1_code":"08","admin2_code":"","admin3_code":"","admin4_code":"","population":"78676","elevation":"","dem":"14","timezone":"America/Argentina/Cordoba","modification_date":"2014-03-07"},{"geonameid":"3433663","name":"Gualeguay","asciiname":"Gualeguay","alternatenames":["Gualeguay"],"latitude":"-33.14156","longitude":"-59.30966","feature_class":"P","feature_code":"PPLA2","country_code":"AR","cc2":"","admin1_code":"08","admin2_code":"30049","admin3_code":"","admin4_code":"","population":"33120","elevation":"","dem":"14","timezone":"America/Argentina/Cordoba","modification_date":"2015-04-22"},{"geonameid":"3433747","name":"Gobernador Mansilla","asciiname":"Gobernador Mansilla","alternatenames":["Gobernador Mansilla","Mansilla"],"latitude":"-32.54453","longitude":"-59.3548","feature_class":"P","feature_code":"PPL","country_code":"AR","cc2":"","admin1_code":"08","admin2_code":"","admin3_code":"","admin4_code":"","population":"2264","elevation":"","dem":"50","timezone":"America/Argentina/Cordoba","modification_date":"2012-01-18"},{"geonameid":"3433809","name":"General Galarza","asciiname":"General Galarza","alternatenames":["Galarza","General Galarza"],"latitude":"-32.72034","longitude":"-59.39615","feature_class":"P","feature_code":"PPL","country_code":"AR","cc2":"","admin1_code":"08","admin2_code":"","admin3_code":"","admin4_code":"","population":"4150","elevation":"","dem":"54","timezone":"America/Argentina/Cordoba","modification_date":"2012-01-18"},{"geonameid":"3433815","name":"General Campos","asciiname":"General Campos","alternatenames":["Campos","Colonia General Campos","General Campos"],"latitude":"-31.52311","longitude":"-58.4049","feature_class":"P","feature_code":"PPL","country_code":"AR","cc2":"","admin1_code":"08","admin2_code":"","admin3_code":"","admin4_code":"","population":"2982","elevation":"","dem":"65","timezone":"America/Argentina/Cordoba","modification_date":"2012-01-18"},{"geonameid":"3433956","name":"Federal","asciiname":"Federal","alternatenames":["Federal","Villa Federal"],"latitude":"-30.95465","longitude":"-58.78326","feature_class":"P","feature_code":"PPLA2","country_code":"AR","cc2":"","admin1_code":"08","admin2_code":"","admin3_code":"","admin4_code":"","population":"16333","elevation":"","dem":"67","timezone":"America/Argentina/Cordoba","modification_date":"2014-03-07"},{"geonameid":"3433959","name":"Federación","asciiname":"Federacion","alternatenames":["Federacion","Federación"],"latitude":"-31.00621","longitude":"-57.89962","feature_class":"P","feature_code":"PPLA2","country_code":"AR","cc2":"","admin1_code":"08","admin2_code":"","admin3_code":"","admin4_code":"","population":"13789","elevation":"","dem":"46","timezone":"America/Argentina/Cordoba","modification_date":"2014-03-07"},{"geonameid":"3435030","name":"Domínguez","asciiname":"Dominguez","alternatenames":["Colonia Clara","Dominguez","Domínguez","Villa Dominguez","Villa Domínguez"],"latitude":"-31.9871","longitude":"-58.96197","feature_class":"P","feature_code":"PPL","country_code":"AR","cc2":"","admin1_code":"08","admin2_code":"","admin3_code":"","admin4_code":"","population":"1925","elevation":"","dem":"59","timezone":"America/Argentina/Cordoba","modification_date":"2012-01-18"},{"geonameid":"3435258","name":"Conscripto Bernardi","asciiname":"Conscripto Bernardi","alternatenames":["Conscripto Bernardi","Kilometro 101","Kilómetro 101"],"latitude":"-31.04837","longitude":"-59.08435","feature_class":"P","feature_code":"PPL","country_code":"AR","cc2":"","admin1_code":"08","admin2_code":"","admin3_code":"","admin4_code":"","population":"1464","elevation":"","dem":"70","timezone":"America/Argentina/Cordoba","modification_date":"2012-01-18"},{"geonameid":"3435261","name":"Concordia","asciiname":"Concordia","alternatenames":["COC","Concordia","Konkordija","kang ke di ya","konkorudia","kwnkwrdya","Конкордия","Конкордија","کونکوردیا","コンコルディア","康科迪亚"],"latitude":"-31.39296","longitude":"-58.02089","feature_class":"P","feature_code":"PPLA2","country_code":"AR","cc2":"","admin1_code":"08","admin2_code":"","admin3_code":"","admin4_code":"","population":"145210","elevation":"","dem":"30","timezone":"America/Argentina/Cordoba","modification_date":"2014-03-07"},{"geonameid":"3435264","name":"Concepción del Uruguay","asciiname":"Concepcion del Uruguay","alternatenames":["Concepcion del Uruguay","Concepción del Uruguay","Konseps'jon-del'-Urugvaj","Konseps'on-del'-Urugvaj","Konsepsion del Urugvajus","knspsywn dl awrwgway","wu la gui he pan kang sai pu xi weng","Консепсьйон-дель-Уругвай","Консепсьон-дель-Уругвай","کنسپسیون دل اوروگوای","乌拉圭河畔康塞普西翁"],"latitude":"-32.48249","longitude":"-58.23722","feature_class":"P","feature_code":"PPLA2","country_code":"AR","cc2":"","admin1_code":"08","admin2_code":"","admin3_code":"","admin4_code":"","population":"67895","elevation":"","dem":"16","timezone":"America/Argentina/Cordoba","modification_date":"2014-03-07"},{"geonameid":"3435331","name":"Colonia Elía","asciiname":"Colonia Elia","alternatenames":[""],"latitude":"-32.66625","longitude":"-58.32148","feature_class":"P","feature_code":"PPL","country_code":"AR","cc2":"","admin1_code":"08","admin2_code":"","admin3_code":"","admin4_code":"","population":"1620","elevation":"","dem":"35","timezone":"America/Argentina/Cordoba","modification_date":"2011-04-19"},{"geonameid":"3435352","name":"Colón","asciiname":"Colon","alternatenames":["Colon","Colón"],"latitude":"-32.22337","longitude":"-58.14341","feature_class":"P","feature_code":"PPLA2","country_code":"AR","cc2":"","admin1_code":"08","admin2_code":"","admin3_code":"","admin4_code":"","population":"0","elevation":"","dem":"26","timezone":"America/Argentina/Cordoba","modification_date":"2014-03-07"},{"geonameid":"3435486","name":"Chajarí","asciiname":"Chajari","alternatenames":["Chajari","Chajarí"],"latitude":"-30.75048","longitude":"-57.97962","feature_class":"P","feature_code":"PPL","country_code":"AR","cc2":"","admin1_code":"08","admin2_code":"","admin3_code":"","admin4_code":"","population":"30655","elevation":"","dem":"58","timezone":"America/Argentina/Cordoba","modification_date":"2012-01-18"},{"geonameid":"3435570","name":"Ceibas","asciiname":"Ceibas","alternatenames":["Ceibas"],"latitude":"-33.43333","longitude":"-58.75","feature_class":"P","feature_code":"PPL","country_code":"AR","cc2":"","admin1_code":"08","admin2_code":"","admin3_code":"","admin4_code":"","population":"1405","elevation":"","dem":"7","timezone":"America/Argentina/Cordoba","modification_date":"2012-01-18"},{"geonameid":"3435612","name":"Caseros","asciiname":"Caseros","alternatenames":["Caseros","Colonia Caseros"],"latitude":"-32.46325","longitude":"-58.47872","feature_class":"P","feature_code":"PPL","country_code":"AR","cc2":"","admin1_code":"08","admin2_code":"","admin3_code":"","admin4_code":"","population":"2109","elevation":"","dem":"51","timezone":"America/Argentina/Cordoba","modification_date":"2012-01-18"},{"geonameid":"3435966","name":"Bovril","asciiname":"Bovril","alternatenames":["Bovril"],"latitude":"-31.34311","longitude":"-59.44512","feature_class":"P","feature_code":"PPL","country_code":"AR","cc2":"","admin1_code":"08","admin2_code":"","admin3_code":"","admin4_code":"","population":"7977","elevation":"","dem":"81","timezone":"America/Argentina/Cordoba","modification_date":"2012-01-18"},{"geonameid":"3436433","name":"Aldea San Antonio","asciiname":"Aldea San Antonio","alternatenames":["Aldea San Antonio","San Antonio"],"latitude":"-32.62376","longitude":"-58.70333","feature_class":"P","feature_code":"PPL","country_code":"AR","cc2":"","admin1_code":"08","admin2_code":"","admin3_code":"","admin4_code":"","population":"1127","elevation":"","dem":"39","timezone":"America/Argentina/Cordoba","modification_date":"2012-01-18"},{"geonameid":"3832603","name":"Villa Urquiza","asciiname":"Villa Urquiza","alternatenames":["Villa Urquiza"],"latitude":"-31.64731","longitude":"-60.3748","feature_class":"P","feature_code":"PPL","country_code":"AR","cc2":"","admin1_code":"08","admin2_code":"","admin3_code":"","admin4_code":"","population":"1566","elevation":"","dem":"61","timezone":"America/Argentina/Cordoba","modification_date":"2012-02-02"},{"geonameid":"3832934","name":"Victoria","asciiname":"Victoria","alternatenames":["Viktorija","Виктория"],"latitude":"-32.61841","longitude":"-60.15478","feature_class":"P","feature_code":"PPL","country_code":"AR","cc2":"","admin1_code":"08","admin2_code":"30105","admin3_code":"","admin4_code":"","population":"25139","elevation":"","dem":"52","timezone":"America/Argentina/Cordoba","modification_date":"2015-04-22"},{"geonameid":"3832959","name":"Viale","asciiname":"Viale","alternatenames":["Viale"],"latitude":"-31.86782","longitude":"-60.00722","feature_class":"P","feature_code":"PPL","country_code":"AR","cc2":"","admin1_code":"08","admin2_code":"","admin3_code":"","admin4_code":"","population":"8939","elevation":"","dem":"71","timezone":"America/Argentina/Cordoba","modification_date":"2012-02-02"},{"geonameid":"3835402","name":"Seguí","asciiname":"Segui","alternatenames":["Segui","Seguí"],"latitude":"-31.95642","longitude":"-60.12488","feature_class":"P","feature_code":"PPL","country_code":"AR","cc2":"","admin1_code":"08","admin2_code":"","admin3_code":"","admin4_code":"","population":"3646","elevation":"","dem":"102","timezone":"America/Argentina/Cordoba","modification_date":"2012-02-02"},{"geonameid":"3837956","name":"San Benito","asciiname":"San Benito","alternatenames":["San Benito"],"latitude":"-31.78371","longitude":"-60.44156","feature_class":"P","feature_code":"PPL","country_code":"AR","cc2":"","admin1_code":"08","admin2_code":"","admin3_code":"","admin4_code":"","population":"6771","elevation":"","dem":"61","timezone":"America/Argentina/Cordoba","modification_date":"2012-02-02"},{"geonameid":"3841956","name":"Paraná","asciiname":"Parana","alternatenames":["Cittae de Parana","PRA","Parana","Paranà","Paraná","ba la na","palana","parana","prnh","Çittæ de Paraná","Παρανά","Парана","פרנה","پارانا","პარანა","パラナ","巴拉那","파라나"],"latitude":"-31.73197","longitude":"-60.5238","feature_class":"P","feature_code":"PPLA","country_code":"AR","cc2":"","admin1_code":"08","admin2_code":"","admin3_code":"","admin4_code":"","population":"262295","elevation":"","dem":"60","timezone":"America/Argentina/Cordoba","modification_date":"2012-01-18"},{"geonameid":"3842559","name":"Oro Verde","asciiname":"Oro Verde","alternatenames":["Oro Verde"],"latitude":"-31.82508","longitude":"-60.51749","feature_class":"P","feature_code":"PPL","country_code":"AR","cc2":"","admin1_code":"08","admin2_code":"","admin3_code":"","admin4_code":"","population":"2548","elevation":"","dem":"86","timezone":"America/Argentina/Cordoba","modification_date":"2012-02-02"},{"geonameid":"3854334","name":"Hernández","asciiname":"Hernandez","alternatenames":[""],"latitude":"-32.3373","longitude":"-60.0216","feature_class":"P","feature_code":"PPL","country_code":"AR","cc2":"","admin1_code":"08","admin2_code":"","admin3_code":"","admin4_code":"","population":"1801","elevation":"","dem":"100","timezone":"America/Argentina/Cordoba","modification_date":"2011-04-19"},{"geonameid":"3855067","name":"General Ramírez","asciiname":"General Ramirez","alternatenames":["General Ramirez","General Ramírez","Ramirez","Ramírez","Villa Ramirez","Villa Ramírez"],"latitude":"-32.17601","longitude":"-60.20079","feature_class":"P","feature_code":"PPL","country_code":"AR","cc2":"","admin1_code":"08","admin2_code":"","admin3_code":"","admin4_code":"","population":"8614","elevation":"","dem":"117","timezone":"America/Argentina/Cordoba","modification_date":"2012-01-18"},{"geonameid":"3859384","name":"Diamante","asciiname":"Diamante","alternatenames":["Diamante"],"latitude":"-32.06641","longitude":"-60.63837","feature_class":"P","feature_code":"PPLA2","country_code":"AR","cc2":"","admin1_code":"08","admin2_code":"","admin3_code":"","admin4_code":"","population":"19545","elevation":"","dem":"71","timezone":"America/Argentina/Cordoba","modification_date":"2014-03-07"},{"geonameid":"3859904","name":"Crespo","asciiname":"Crespo","alternatenames":["Crespo"],"latitude":"-32.02873","longitude":"-60.30658","feature_class":"P","feature_code":"PPL","country_code":"AR","cc2":"","admin1_code":"08","admin2_code":"","admin3_code":"","admin4_code":"","population":"18296","elevation":"","dem":"109","timezone":"America/Argentina/Cordoba","modification_date":"2012-01-18"},{"geonameid":"3865585","name":"Aranguren","asciiname":"Aranguren","alternatenames":["Aranguren"],"latitude":"-32.24252","longitude":"-60.16107","feature_class":"P","feature_code":"PPL","country_code":"AR","cc2":"","admin1_code":"08","admin2_code":"","admin3_code":"","admin4_code":"","population":"1581","elevation":"","dem":"114","timezone":"America/Argentina/Cordoba","modification_date":"2012-01-18"}]}