{"region_data":{"countryId":"3865483","adminCode1":"09","countryName":"Argentina","fclName":"country, state, region,...","countryCode":"AR","lng":"-60","fcodeName":"first-order administrative division","toponymName":"Provincia de Formosa","fcl":"A","numberOfChildren":9,"name":"Formosa","fcode":"ADM1","geonameId":3433896,"lat":"-25","adminName1":"Formosa","population":486559},"country_data":{"ISO":"AR","ISO3":"ARG","ISO_Numeric":"032","fips":"AR","country":"Argentina","capital":"Buenos Aires","area":"2766890","Population":"41343201","Continent":"SA","tld":".ar","CurrencyCode":"ARS","CurrencyName":"Peso","Phone":"54","Postal_Code_Format":"@####@@@","Postal_Code_Regex":"^([A-Z]\\d{4}[A-Z]{3})$","Languages":"es-AR,en,it,de,fr,gn","geonameid":"3865483","neighbours":"CL,BO,UY,PY,BR","EquivalentFipsCode":""},"cities":[{"geonameid":"3427439","name":"Villa Escolar","asciiname":"Villa Escolar","alternatenames":["Villa Escobar Navegacion Rio Bermejo","Villa Escobar Navegación Río Bermejo","Villa Escolar"],"latitude":"-26.62209","longitude":"-58.67134","feature_class":"P","feature_code":"PPL","country_code":"AR","cc2":"","admin1_code":"09","admin2_code":"","admin3_code":"","admin4_code":"","population":"1261","elevation":"","dem":"69","timezone":"America/Argentina/Cordoba","modification_date":"2012-01-18"},{"geonameid":"3429054","name":"San Francisco de Laishí","asciiname":"San Francisco de Laishi","alternatenames":["La Mision","La Mision San Francisco de Laishi","La Misión","La Misión San Francisco de Laishi","Mision San Francisco de Laishi","Misión San Francisco de Laishi","San Francisco de Laishi","San Francisco de Laishí"],"latitude":"-26.24262","longitude":"-58.63039","feature_class":"P","feature_code":"PPLA2","country_code":"AR","cc2":"","admin1_code":"09","admin2_code":"","admin3_code":"","admin4_code":"","population":"4384","elevation":"","dem":"73","timezone":"America/Argentina/Cordoba","modification_date":"2014-03-07"},{"geonameid":"3429567","name":"Riacho Eh-Eh","asciiname":"Riacho Eh-Eh","alternatenames":["Riacho Eh-Eh","Riacho He He"],"latitude":"-25.36209","longitude":"-58.2775","feature_class":"P","feature_code":"PPL","country_code":"AR","cc2":"","admin1_code":"09","admin2_code":"","admin3_code":"","admin4_code":"","population":"3566","elevation":"","dem":"78","timezone":"America/Argentina/Cordoba","modification_date":"2012-01-18"},{"geonameid":"3429949","name":"Pirané","asciiname":"Pirane","alternatenames":["Pirane","Pirané"],"latitude":"-25.73239","longitude":"-59.10879","feature_class":"P","feature_code":"PPLA2","country_code":"AR","cc2":"","admin1_code":"09","admin2_code":"34056","admin3_code":"","admin4_code":"","population":"19124","elevation":"","dem":"86","timezone":"America/Argentina/Cordoba","modification_date":"2015-04-22"},{"geonameid":"3430186","name":"Palo Santo","asciiname":"Palo Santo","alternatenames":[""],"latitude":"-25.56332","longitude":"-59.33781","feature_class":"P","feature_code":"PPL","country_code":"AR","cc2":"","admin1_code":"09","admin2_code":"","admin3_code":"","admin4_code":"","population":"5324","elevation":"","dem":"90","timezone":"America/Argentina/Cordoba","modification_date":"2011-04-19"},{"geonameid":"3432463","name":"Laguna Naick-Neck","asciiname":"Laguna Naick-Neck","alternatenames":["Laguna Naick-Neck","Laguna Naineck"],"latitude":"-25.24769","longitude":"-58.09383","feature_class":"P","feature_code":"PPL","country_code":"AR","cc2":"","admin1_code":"09","admin2_code":"","admin3_code":"","admin4_code":"","population":"2115","elevation":"","dem":"78","timezone":"America/Argentina/Cordoba","modification_date":"2012-01-18"},{"geonameid":"3433513","name":"Ibarreta","asciiname":"Ibarreta","alternatenames":["Ibarreta"],"latitude":"-25.21438","longitude":"-59.85851","feature_class":"P","feature_code":"PPL","country_code":"AR","cc2":"","admin1_code":"09","admin2_code":"","admin3_code":"","admin4_code":"","population":"8687","elevation":"","dem":"107","timezone":"America/Argentina/Cordoba","modification_date":"2012-02-02"},{"geonameid":"3433567","name":"Herradura","asciiname":"Herradura","alternatenames":["Colonia Herradura","Herradura"],"latitude":"-26.48705","longitude":"-58.31198","feature_class":"P","feature_code":"PPL","country_code":"AR","cc2":"","admin1_code":"09","admin2_code":"","admin3_code":"","admin4_code":"","population":"2333","elevation":"","dem":"64","timezone":"America/Argentina/Cordoba","modification_date":"2012-01-18"},{"geonameid":"3433899","name":"Formosa","asciiname":"Formosa","alternatenames":["Ciudad de Formosa","FMA","Formosa","Formoza","farmwsa","forumosa","fu mo sa","fwrmwza","poleumosa","pormosa","pwrmwsh","Формоза","Формоса","פורמוסה","فارموسا","فورموزا","ფორმოსა","フォルモーサ","福莫萨","포르모사"],"latitude":"-26.17753","longitude":"-58.17814","feature_class":"P","feature_code":"PPLA","country_code":"AR","cc2":"","admin1_code":"09","admin2_code":"","admin3_code":"","admin4_code":"","population":"221383","elevation":"","dem":"70","timezone":"America/Argentina/Cordoba","modification_date":"2012-01-18"},{"geonameid":"3434108","name":"Espinillo","asciiname":"Espinillo","alternatenames":[""],"latitude":"-24.98132","longitude":"-58.5521","feature_class":"P","feature_code":"PPLA2","country_code":"AR","cc2":"","admin1_code":"09","admin2_code":"","admin3_code":"","admin4_code":"","population":"0","elevation":"","dem":"92","timezone":"America/Argentina/Cordoba","modification_date":"2014-03-07"},{"geonameid":"3434731","name":"El Colorado","asciiname":"El Colorado","alternatenames":["El Colorado"],"latitude":"-26.30808","longitude":"-59.37291","feature_class":"P","feature_code":"PPL","country_code":"AR","cc2":"","admin1_code":"09","admin2_code":"","admin3_code":"","admin4_code":"","population":"12780","elevation":"","dem":"86","timezone":"America/Argentina/Cordoba","modification_date":"2012-02-02"},{"geonameid":"3435283","name":"Comandante Fontana","asciiname":"Comandante Fontana","alternatenames":["Comandante Fontana"],"latitude":"-25.33453","longitude":"-59.68212","feature_class":"P","feature_code":"PPLA2","country_code":"AR","cc2":"","admin1_code":"09","admin2_code":"","admin3_code":"","admin4_code":"","population":"5655","elevation":"","dem":"103","timezone":"America/Argentina/Cordoba","modification_date":"2014-03-07"},{"geonameid":"3435364","name":"Clorinda","asciiname":"Clorinda","alternatenames":["CLX","Clorinda","Klorinda","Клоринда"],"latitude":"-25.28481","longitude":"-57.71851","feature_class":"P","feature_code":"PPLA2","country_code":"AR","cc2":"","admin1_code":"09","admin2_code":"","admin3_code":"","admin4_code":"","population":"15000","elevation":"","dem":"66","timezone":"America/Argentina/Cordoba","modification_date":"2014-03-07"},{"geonameid":"3840432","name":"Pozo del Tigre","asciiname":"Pozo del Tigre","alternatenames":["Pozo del Tigre"],"latitude":"-24.89682","longitude":"-60.32359","feature_class":"P","feature_code":"PPL","country_code":"AR","cc2":"","admin1_code":"09","admin2_code":"","admin3_code":"","admin4_code":"","population":"3948","elevation":"","dem":"127","timezone":"America/Argentina/Cordoba","modification_date":"2012-02-02"},{"geonameid":"3848164","name":"Las Lomitas","asciiname":"Las Lomitas","alternatenames":["LLS","Las Lomitas"],"latitude":"-24.70955","longitude":"-60.59303","feature_class":"P","feature_code":"PPL","country_code":"AR","cc2":"","admin1_code":"09","admin2_code":"","admin3_code":"","admin4_code":"","population":"10354","elevation":"","dem":"134","timezone":"America/Argentina/Cordoba","modification_date":"2012-02-02"},{"geonameid":"3850888","name":"Laguna Yema","asciiname":"Laguna Yema","alternatenames":["Laguna Yema"],"latitude":"-24.25391","longitude":"-61.24466","feature_class":"P","feature_code":"PPLA2","country_code":"AR","cc2":"","admin1_code":"09","admin2_code":"","admin3_code":"","admin4_code":"","population":"2744","elevation":"","dem":"162","timezone":"America/Argentina/Cordoba","modification_date":"2014-03-07"},{"geonameid":"3853788","name":"Ingeniero Guillermo N. Juárez","asciiname":"Ingeniero Guillermo N. Juarez","alternatenames":["Guillermo N. Juarez","Guillermo N. Juárez","Ingeniero G.N. Juarez","Ingeniero G.N. Juárez","Ingeniero Guillermo N. Juarez","Ingeniero Guillermo N. Juárez","Ingeniero Juarez"],"latitude":"-23.9","longitude":"-61.85","feature_class":"P","feature_code":"PPLA2","country_code":"AR","cc2":"","admin1_code":"09","admin2_code":"","admin3_code":"","admin4_code":"","population":"10357","elevation":"","dem":"185","timezone":"America/Argentina/Cordoba","modification_date":"2014-03-07"},{"geonameid":"3855115","name":"General Enrique Mosconi","asciiname":"General Enrique Mosconi","alternatenames":[""],"latitude":"-23.21667","longitude":"-62.3","feature_class":"P","feature_code":"PPLA2","country_code":"AR","cc2":"","admin1_code":"09","admin2_code":"","admin3_code":"","admin4_code":"","population":"1279","elevation":"","dem":"208","timezone":"America/Argentina/Cordoba","modification_date":"2014-03-07"},{"geonameid":"3855763","name":"Estanislao del Campo","asciiname":"Estanislao del Campo","alternatenames":["Estancia del Campo","Estanislao del Campo"],"latitude":"-25.05504","longitude":"-60.09218","feature_class":"P","feature_code":"PPL","country_code":"AR","cc2":"","admin1_code":"09","admin2_code":"","admin3_code":"","admin4_code":"","population":"4055","elevation":"","dem":"115","timezone":"America/Argentina/Cordoba","modification_date":"2012-01-18"}]}