{"region_data":{"countryId":"3865483","adminCode1":"22","countryName":"Argentina","fclName":"country, state, region,...","countryCode":"AR","lng":"-63.5","fcodeName":"first-order administrative division","toponymName":"Provincia de Santiago del Estero","fcl":"A","numberOfChildren":27,"name":"Santiago del Estero","fcode":"ADM1","geonameId":3835868,"lat":"-28","adminName1":"Santiago del Estero","population":804457},"country_data":{"ISO":"AR","ISO3":"ARG","ISO_Numeric":"032","fips":"AR","country":"Argentina","capital":"Buenos Aires","area":"2766890","Population":"41343201","Continent":"SA","tld":".ar","CurrencyCode":"ARS","CurrencyName":"Peso","Phone":"54","Postal_Code_Format":"@####@@@","Postal_Code_Regex":"^([A-Z]\\d{4}[A-Z]{3})$","Languages":"es-AR,en,it,de,fr,gn","geonameid":"3865483","neighbours":"CL,BO,UY,PY,BR","EquivalentFipsCode":""},"cities":[{"geonameid":"3832605","name":"Villa Unión","asciiname":"Villa Union","alternatenames":["Union","Unión","Villa Union","Villa Unión"],"latitude":"-29.41347","longitude":"-62.78822","feature_class":"P","feature_code":"PPLA2","country_code":"AR","cc2":"","admin1_code":"22","admin2_code":"","admin3_code":"","admin4_code":"","population":"0","elevation":"","dem":"87","timezone":"America/Argentina/Cordoba","modification_date":"2014-03-07"},{"geonameid":"3832658","name":"Villa Ojo de Agua","asciiname":"Villa Ojo de Agua","alternatenames":["Ojo de Agua","Villa Ojo de Agua"],"latitude":"-29.50003","longitude":"-63.69377","feature_class":"P","feature_code":"PPLA2","country_code":"AR","cc2":"","admin1_code":"22","admin2_code":"","admin3_code":"","admin4_code":"","population":"5832","elevation":"","dem":"531","timezone":"America/Argentina/Cordoba","modification_date":"2014-03-07"},{"geonameid":"3832733","name":"Villa General Mitre","asciiname":"Villa General Mitre","alternatenames":["General Mitre","Pinto","Villa General Mitre"],"latitude":"-29.1431","longitude":"-62.65248","feature_class":"P","feature_code":"PPL","country_code":"AR","cc2":"","admin1_code":"22","admin2_code":"","admin3_code":"","admin4_code":"","population":"3605","elevation":"","dem":"90","timezone":"America/Argentina/Cordoba","modification_date":"2012-01-18"},{"geonameid":"3832805","name":"Villa Atamisqui","asciiname":"Villa Atamisqui","alternatenames":["Atamisqui","Villa Atamisqui"],"latitude":"-28.49609","longitude":"-63.81609","feature_class":"P","feature_code":"PPLA2","country_code":"AR","cc2":"","admin1_code":"22","admin2_code":"","admin3_code":"","admin4_code":"","population":"2683","elevation":"","dem":"124","timezone":"America/Argentina/Cordoba","modification_date":"2014-03-07"},{"geonameid":"3834352","name":"Tintina","asciiname":"Tintina","alternatenames":["Tintina"],"latitude":"-27.03333","longitude":"-62.71667","feature_class":"P","feature_code":"PPL","country_code":"AR","cc2":"","admin1_code":"22","admin2_code":"","admin3_code":"","admin4_code":"","population":"3868","elevation":"","dem":"166","timezone":"America/Argentina/Cordoba","modification_date":"2012-01-18"},{"geonameid":"3834502","name":"Termas de Río Hondo","asciiname":"Termas de Rio Hondo","alternatenames":["Banos","Baños","Las Termas","Las Termas de Rio Hondo","Las Termas de Río Hondo","Termas de Rio Hondo","Termas de Río Hondo","Termas del Rio Hondo","Termas del Río Hondo"],"latitude":"-27.49362","longitude":"-64.85972","feature_class":"P","feature_code":"PPLA2","country_code":"AR","cc2":"","admin1_code":"22","admin2_code":"","admin3_code":"","admin4_code":"","population":"27838","elevation":"","dem":"260","timezone":"America/Argentina/Cordoba","modification_date":"2014-12-21"},{"geonameid":"3834961","name":"Suncho Corral","asciiname":"Suncho Corral","alternatenames":["Suncha Corral","Suncho Corral"],"latitude":"-27.93357","longitude":"-63.42938","feature_class":"P","feature_code":"PPLA2","country_code":"AR","cc2":"","admin1_code":"22","admin2_code":"","admin3_code":"","admin4_code":"","population":"6087","elevation":"","dem":"135","timezone":"America/Argentina/Cordoba","modification_date":"2014-03-07"},{"geonameid":"3834985","name":"Sumampa","asciiname":"Sumampa","alternatenames":["Sumampa"],"latitude":"-29.3847","longitude":"-63.46907","feature_class":"P","feature_code":"PPLA2","country_code":"AR","cc2":"","admin1_code":"22","admin2_code":"","admin3_code":"","admin4_code":"","population":"4812","elevation":"","dem":"243","timezone":"America/Argentina/Cordoba","modification_date":"2014-03-07"},{"geonameid":"3835388","name":"Selva","asciiname":"Selva","alternatenames":["Selva"],"latitude":"-29.76776","longitude":"-62.0477","feature_class":"P","feature_code":"PPLA2","country_code":"AR","cc2":"","admin1_code":"22","admin2_code":"","admin3_code":"","admin4_code":"","population":"0","elevation":"","dem":"88","timezone":"America/Argentina/Cordoba","modification_date":"2014-03-07"},{"geonameid":"3835869","name":"Santiago del Estero","asciiname":"Santiago del Estero","alternatenames":["Ciudad de Santiago del Estero","Gorad Santjaga-dehl'-Ehstehra","Provincia de Santiago del Estero","Província de Santiago del Estero","SDE","Sanctus Iacobus ad Uligines","Sant'jago-del'-Ehstero","Sant'jago-del'-Estero","Santiago del Estero","Santijago del Estero","Santjago del Esteras","Santjago del Estero","san teiy ko del xe s te ro","san tyagw dyl astyrw","santiagodel-eseutelo","santyagw dl astrw","sheng de ya ge-de er ai si te luo","Горад Сантяга-дэль-Эстэра","Сантијаго дел Естеро","Сантьяго-дель-Естеро","Сантьяго-дель-Эстеро","Сантяго дел Естеро","סנטיאגו דל אסטרו","سان تیاگو دیل استیرو","سانتیاگو دل استرو","ซานเตียโกเดลเอสเตโร","სანტიაგო-დელ-ესტერო","サンティアゴ・デル・エステロ","圣地亚哥-德尔埃斯特罗","산티아고델에스테로"],"latitude":"-27.79511","longitude":"-64.26149","feature_class":"P","feature_code":"PPLA","country_code":"AR","cc2":"","admin1_code":"22","admin2_code":"","admin3_code":"","admin4_code":"","population":"354692","elevation":"","dem":"188","timezone":"America/Argentina/Cordoba","modification_date":"2012-01-18"},{"geonameid":"3836769","name":"San Pedro","asciiname":"San Pedro","alternatenames":["San Pedro"],"latitude":"-27.95386","longitude":"-65.16651","feature_class":"P","feature_code":"PPLA2","country_code":"AR","cc2":"","admin1_code":"22","admin2_code":"86084","admin3_code":"","admin4_code":"","population":"1715","elevation":"","dem":"382","timezone":"America/Argentina/Catamarca","modification_date":"2015-04-22"},{"geonameid":"3839565","name":"Quimilí","asciiname":"Quimili","alternatenames":["Quimili","Quimilí"],"latitude":"-27.63333","longitude":"-62.41667","feature_class":"P","feature_code":"PPLA2","country_code":"AR","cc2":"","admin1_code":"22","admin2_code":"","admin3_code":"","admin4_code":"","population":"10959","elevation":"","dem":"135","timezone":"America/Argentina/Cordoba","modification_date":"2014-03-07"},{"geonameid":"3840395","name":"Pozo Hondo","asciiname":"Pozo Hondo","alternatenames":["Pozo Hondo"],"latitude":"-27.16607","longitude":"-64.49","feature_class":"P","feature_code":"PPLA2","country_code":"AR","cc2":"","admin1_code":"22","admin2_code":"","admin3_code":"","admin4_code":"","population":"0","elevation":"","dem":"266","timezone":"America/Argentina/Cordoba","modification_date":"2014-03-07"},{"geonameid":"3842140","name":"Pampa de los Guanacos","asciiname":"Pampa de los Guanacos","alternatenames":["Kilometro 325","Kilómetro 325","Pampa de los Guanacos"],"latitude":"-26.23333","longitude":"-61.85","feature_class":"P","feature_code":"PPL","country_code":"AR","cc2":"AR","admin1_code":"22","admin2_code":"","admin3_code":"","admin4_code":"","population":"4393","elevation":"","dem":"161","timezone":"America/Argentina/Cordoba","modification_date":"2012-01-18"},{"geonameid":"3842907","name":"Nueva Esperanza","asciiname":"Nueva Esperanza","alternatenames":["Nueva Esperanza"],"latitude":"-26.19907","longitude":"-64.23792","feature_class":"P","feature_code":"PPLA2","country_code":"AR","cc2":"","admin1_code":"22","admin2_code":"86133","admin3_code":"","admin4_code":"","population":"0","elevation":"","dem":"324","timezone":"America/Argentina/Cordoba","modification_date":"2015-04-22"},{"geonameid":"3843819","name":"Monte Quemado Airport","asciiname":"Monte Quemado Airport","alternatenames":["Aeropuerto de Monte Quemado","Monte Quemado"],"latitude":"-25.80565","longitude":"-62.83019","feature_class":"P","feature_code":"PPLA2","country_code":"AR","cc2":"","admin1_code":"22","admin2_code":"86056","admin3_code":"","admin4_code":"","population":"0","elevation":"","dem":"224","timezone":"America/Argentina/Cordoba","modification_date":"2015-04-22"},{"geonameid":"3845549","name":"Los Telares","asciiname":"Los Telares","alternatenames":["Los Telares"],"latitude":"-28.98479","longitude":"-63.44889","feature_class":"P","feature_code":"PPLA2","country_code":"AR","cc2":"","admin1_code":"22","admin2_code":"","admin3_code":"","admin4_code":"","population":"2032","elevation":"","dem":"107","timezone":"America/Argentina/Cordoba","modification_date":"2014-03-07"},{"geonameid":"3846080","name":"Los Juríes","asciiname":"Los Juries","alternatenames":["Los Juries","Los Juríes"],"latitude":"-28.46539","longitude":"-62.10862","feature_class":"P","feature_code":"PPL","country_code":"AR","cc2":"","admin1_code":"22","admin2_code":"","admin3_code":"","admin4_code":"","population":"3212","elevation":"","dem":"93","timezone":"America/Argentina/Cordoba","modification_date":"2012-02-02"},{"geonameid":"3852341","name":"La Cañada","asciiname":"La Canada","alternatenames":["La Canada","La Cañada"],"latitude":"-27.70826","longitude":"-63.77366","feature_class":"P","feature_code":"PPLA2","country_code":"AR","cc2":"","admin1_code":"22","admin2_code":"86070","admin3_code":"","admin4_code":"","population":"0","elevation":"","dem":"156","timezone":"America/Argentina/Cordoba","modification_date":"2015-04-22"},{"geonameid":"3852629","name":"La Banda","asciiname":"La Banda","alternatenames":["La Banda"],"latitude":"-27.73348","longitude":"-64.24278","feature_class":"P","feature_code":"PPLA2","country_code":"AR","cc2":"","admin1_code":"22","admin2_code":"","admin3_code":"","admin4_code":"","population":"0","elevation":"","dem":"193","timezone":"America/Argentina/Cordoba","modification_date":"2014-03-07"},{"geonameid":"3854325","name":"Herrera","asciiname":"Herrera","alternatenames":[""],"latitude":"-28.48094","longitude":"-63.06779","feature_class":"P","feature_code":"PPLA2","country_code":"AR","cc2":"","admin1_code":"22","admin2_code":"","admin3_code":"","admin4_code":"","population":"0","elevation":"","dem":"111","timezone":"America/Argentina/Cordoba","modification_date":"2014-03-07"},{"geonameid":"3855199","name":"Garza","asciiname":"Garza","alternatenames":["Garsa","Garza"],"latitude":"-28.15321","longitude":"-63.53935","feature_class":"P","feature_code":"PPLA2","country_code":"AR","cc2":"","admin1_code":"22","admin2_code":"","admin3_code":"","admin4_code":"","population":"0","elevation":"","dem":"130","timezone":"America/Argentina/Cordoba","modification_date":"2014-03-07"},{"geonameid":"3855353","name":"Frías","asciiname":"Frias","alternatenames":["Frias","Frías"],"latitude":"-28.63593","longitude":"-65.13102","feature_class":"P","feature_code":"PPLA2","country_code":"AR","cc2":"","admin1_code":"22","admin2_code":"","admin3_code":"","admin4_code":"","population":"0","elevation":"","dem":"334","timezone":"America/Argentina/Cordoba","modification_date":"2014-03-07"},{"geonameid":"3855607","name":"Fernández","asciiname":"Fernandez","alternatenames":["Fernandez","Fernández"],"latitude":"-27.92037","longitude":"-63.89349","feature_class":"P","feature_code":"PPLA2","country_code":"AR","cc2":"","admin1_code":"22","admin2_code":"","admin3_code":"","admin4_code":"","population":"0","elevation":"","dem":"155","timezone":"America/Argentina/Cordoba","modification_date":"2014-03-07"},{"geonameid":"3856618","name":"El Simbolar","asciiname":"El Simbolar","alternatenames":["El Simbolar","Simbolar"],"latitude":"-27.97167","longitude":"-64.89544","feature_class":"P","feature_code":"PPLA3","country_code":"AR","cc2":"","admin1_code":"22","admin2_code":"86084","admin3_code":"","admin4_code":"","population":"0","elevation":"","dem":"507","timezone":"America/Argentina/Cordoba","modification_date":"2015-04-22"},{"geonameid":"3857887","name":"El Hoyo","asciiname":"El Hoyo","alternatenames":["El Hoyo","Hoyo"],"latitude":"-27.02872","longitude":"-63.23197","feature_class":"P","feature_code":"PPL","country_code":"AR","cc2":"","admin1_code":"22","admin2_code":"","admin3_code":"","admin4_code":"","population":"2162","elevation":"","dem":"176","timezone":"America/Argentina/Cordoba","modification_date":"2012-01-18"},{"geonameid":"3860791","name":"Colonia Dora","asciiname":"Colonia Dora","alternatenames":["Colonia Dora"],"latitude":"-28.6","longitude":"-62.95","feature_class":"P","feature_code":"PPL","country_code":"AR","cc2":"","admin1_code":"22","admin2_code":"","admin3_code":"","admin4_code":"","population":"2406","elevation":"","dem":"107","timezone":"America/Argentina/Cordoba","modification_date":"2012-02-02"},{"geonameid":"3861002","name":"Clodomira","asciiname":"Clodomira","alternatenames":["Clodomira"],"latitude":"-27.5744","longitude":"-64.13108","feature_class":"P","feature_code":"PPL","country_code":"AR","cc2":"","admin1_code":"22","admin2_code":"","admin3_code":"","admin4_code":"","population":"9043","elevation":"","dem":"180","timezone":"America/Argentina/Cordoba","modification_date":"2012-02-02"},{"geonameid":"3863136","name":"Campo Gallo","asciiname":"Campo Gallo","alternatenames":["Campo Gallo"],"latitude":"-26.58333","longitude":"-62.85","feature_class":"P","feature_code":"PPLA2","country_code":"AR","cc2":"","admin1_code":"22","admin2_code":"","admin3_code":"","admin4_code":"","population":"5455","elevation":"","dem":"194","timezone":"America/Argentina/Cordoba","modification_date":"2014-03-07"},{"geonameid":"3863841","name":"Brea Pozo","asciiname":"Brea Pozo","alternatenames":["Brea Pozo"],"latitude":"-28.24382","longitude":"-63.95091","feature_class":"P","feature_code":"PPLA2","country_code":"AR","cc2":"","admin1_code":"22","admin2_code":"","admin3_code":"","admin4_code":"","population":"0","elevation":"","dem":"143","timezone":"America/Argentina/Cordoba","modification_date":"2014-03-07"},{"geonameid":"3864328","name":"Beltrán","asciiname":"Beltran","alternatenames":["Beltran","Beltrán"],"latitude":"-27.82913","longitude":"-64.06098","feature_class":"P","feature_code":"PPL","country_code":"AR","cc2":"","admin1_code":"22","admin2_code":"","admin3_code":"","admin4_code":"","population":"5321","elevation":"","dem":"172","timezone":"America/Argentina/Cordoba","modification_date":"2012-01-18"},{"geonameid":"3864847","name":"Bandera","asciiname":"Bandera","alternatenames":["Bandera"],"latitude":"-28.8884","longitude":"-62.266","feature_class":"P","feature_code":"PPLA2","country_code":"AR","cc2":"","admin1_code":"22","admin2_code":"","admin3_code":"","admin4_code":"","population":"0","elevation":"","dem":"97","timezone":"America/Argentina/Cordoba","modification_date":"2014-03-07"},{"geonameid":"3865443","name":"Arraga","asciiname":"Arraga","alternatenames":["Arraga"],"latitude":"-28.04978","longitude":"-64.22254","feature_class":"P","feature_code":"PPLA2","country_code":"AR","cc2":"","admin1_code":"22","admin2_code":"","admin3_code":"","admin4_code":"","population":"0","elevation":"","dem":"169","timezone":"America/Argentina/Cordoba","modification_date":"2014-03-07"},{"geonameid":"3865840","name":"Añatuya","asciiname":"Anatuya","alternatenames":["Anatuya","Añatuya","Unatuya","Uñatuya"],"latitude":"-28.46064","longitude":"-62.83472","feature_class":"P","feature_code":"PPLA2","country_code":"AR","cc2":"","admin1_code":"22","admin2_code":"","admin3_code":"","admin4_code":"","population":"20261","elevation":"","dem":"111","timezone":"America/Argentina/Cordoba","modification_date":"2014-03-07"}]}