{"region_data":{"countryId":"3865483","adminCode1":"18","countryName":"Argentina","fclName":"country, state, region,...","countryCode":"AR","lng":"-69","fcodeName":"first-order administrative division","toponymName":"Provincia de San Juan","fcl":"A","numberOfChildren":19,"name":"Provincia de San Juan","fcode":"ADM1","geonameId":3837152,"lat":"-31","adminName1":"San Juan","population":620023},"country_data":{"ISO":"AR","ISO3":"ARG","ISO_Numeric":"032","fips":"AR","country":"Argentina","capital":"Buenos Aires","area":"2766890","Population":"41343201","Continent":"SA","tld":".ar","CurrencyCode":"ARS","CurrencyName":"Peso","Phone":"54","Postal_Code_Format":"@####@@@","Postal_Code_Regex":"^([A-Z]\\d{4}[A-Z]{3})$","Languages":"es-AR,en,it,de,fr,gn","geonameid":"3865483","neighbours":"CL,BO,UY,PY,BR","EquivalentFipsCode":""},"cities":[{"geonameid":"3832080","name":"Villa Basilio Nievas","asciiname":"Villa Basilio Nievas","alternatenames":["Villa Basilio Nievas","Zonda"],"latitude":"-31.55","longitude":"-68.73333","feature_class":"P","feature_code":"PPLA2","country_code":"AR","cc2":"","admin1_code":"18","admin2_code":"70133","admin3_code":"","admin4_code":"","population":"4038","elevation":"","dem":"776","timezone":"America/Argentina/San_Juan","modification_date":"2015-05-01"},{"geonameid":"3832622","name":"Villa Santa Rosa","asciiname":"Villa Santa Rosa","alternatenames":[""],"latitude":"-31.74434","longitude":"-68.31411","feature_class":"P","feature_code":"PPLA2","country_code":"AR","cc2":"","admin1_code":"18","admin2_code":"","admin3_code":"","admin4_code":"","population":"0","elevation":"","dem":"572","timezone":"America/Argentina/San_Juan","modification_date":"2014-03-07"},{"geonameid":"3832627","name":"Villa San Isidro","asciiname":"Villa San Isidro","alternatenames":["San Isidro","Villa San Isidro"],"latitude":"-31.4868","longitude":"-68.32543","feature_class":"P","feature_code":"PPLA2","country_code":"AR","cc2":"","admin1_code":"18","admin2_code":"","admin3_code":"","admin4_code":"","population":"0","elevation":"","dem":"591","timezone":"America/Argentina/San_Juan","modification_date":"2014-03-07"},{"geonameid":"3832653","name":"Villa Paula de Sarmiento","asciiname":"Villa Paula de Sarmiento","alternatenames":["Paula A. de Sarmiento","Villa Paula de Sarmiento"],"latitude":"-31.4933","longitude":"-68.53838","feature_class":"P","feature_code":"PPL","country_code":"AR","cc2":"","admin1_code":"18","admin2_code":"","admin3_code":"","admin4_code":"","population":"19092","elevation":"","dem":"646","timezone":"America/Argentina/San_Juan","modification_date":"2012-01-18"},{"geonameid":"3832681","name":"Villa Media Agua","asciiname":"Villa Media Agua","alternatenames":["Media Agua","Villa Media Agua"],"latitude":"-31.98267","longitude":"-68.42394","feature_class":"P","feature_code":"PPLA2","country_code":"AR","cc2":"","admin1_code":"18","admin2_code":"","admin3_code":"","admin4_code":"","population":"0","elevation":"","dem":"553","timezone":"America/Argentina/San_Juan","modification_date":"2014-03-07"},{"geonameid":"3832712","name":"Villa Krause","asciiname":"Villa Krause","alternatenames":["Villa Krause","Villa Krausse"],"latitude":"-31.56667","longitude":"-68.53333","feature_class":"P","feature_code":"PPLA2","country_code":"AR","cc2":"","admin1_code":"18","admin2_code":"","admin3_code":"","admin4_code":"","population":"0","elevation":"","dem":"634","timezone":"America/Argentina/San_Juan","modification_date":"2014-03-07"},{"geonameid":"3832764","name":"Villa del Salvador","asciiname":"Villa del Salvador","alternatenames":[""],"latitude":"-31.44155","longitude":"-68.39745","feature_class":"P","feature_code":"PPLA2","country_code":"AR","cc2":"","admin1_code":"18","admin2_code":"","admin3_code":"","admin4_code":"","population":"0","elevation":"","dem":"602","timezone":"America/Argentina/San_Juan","modification_date":"2014-03-07"},{"geonameid":"3832822","name":"Villa Aberastain","asciiname":"Villa Aberastain","alternatenames":["Aberastain","Villa Aberastain"],"latitude":"-31.65","longitude":"-68.58333","feature_class":"P","feature_code":"PPLA2","country_code":"AR","cc2":"","admin1_code":"18","admin2_code":"","admin3_code":"","admin4_code":"","population":"0","elevation":"","dem":"619","timezone":"America/Argentina/San_Juan","modification_date":"2014-03-07"},{"geonameid":"3834704","name":"Tamberías","asciiname":"Tamberias","alternatenames":["Tamberia","Tamberias","Tambería","Tamberías"],"latitude":"-31.46646","longitude":"-69.4255","feature_class":"P","feature_code":"PPLA2","country_code":"AR","cc2":"","admin1_code":"18","admin2_code":"","admin3_code":"","admin4_code":"","population":"0","elevation":"","dem":"1473","timezone":"America/Argentina/San_Juan","modification_date":"2014-03-07"},{"geonameid":"3836194","name":"Santa Lucía","asciiname":"Santa Lucia","alternatenames":["Santa Lucia","Santa Lucía"],"latitude":"-31.53987","longitude":"-68.49503","feature_class":"P","feature_code":"PPLA2","country_code":"AR","cc2":"","admin1_code":"18","admin2_code":"70098","admin3_code":"","admin4_code":"","population":"43565","elevation":"","dem":"620","timezone":"America/Argentina/San_Juan","modification_date":"2015-04-22"},{"geonameid":"3836993","name":"San Martín","asciiname":"San Martin","alternatenames":["San Martin","San Martín"],"latitude":"-31.42957","longitude":"-68.50065","feature_class":"P","feature_code":"PPLA2","country_code":"AR","cc2":"","admin1_code":"18","admin2_code":"70091","admin3_code":"","admin4_code":"","population":"10140","elevation":"","dem":"625","timezone":"America/Argentina/San_Juan","modification_date":"2015-04-22"},{"geonameid":"3837213","name":"San Juan","asciiname":"San Juan","alternatenames":["Ciudad de San Juan","Gorad San-Khuan","San Chuanas","San Juan","San Juan de la Frontera","San Khuan","San-Khuan","Sanctus Ioannes a Cuio","UAQ","san jwan","san khwan  alarjntyn","san khwan  arzhantyn","san-khuani","sanfuan","sanhuan","sheng hu an","Горад Сан-Хуан","Сан Хуан","Сан-Хуан","סן חואן","سان جوآن","سان خوآن، آرژانتین","سان خوان، الأرجنتين","სან-ხუანი","サンフアン","圣胡安","산후안"],"latitude":"-31.5375","longitude":"-68.53639","feature_class":"P","feature_code":"PPLA","country_code":"AR","cc2":"","admin1_code":"18","admin2_code":"","admin3_code":"","admin4_code":"","population":"447048","elevation":"","dem":"649","timezone":"America/Argentina/San_Juan","modification_date":"2012-01-18"},{"geonameid":"3837240","name":"San José de Jáchal","asciiname":"San Jose de Jachal","alternatenames":["Jachal","Jáchal","San Jose de Jachal","San José de Jáchal"],"latitude":"-30.24057","longitude":"-68.74693","feature_class":"P","feature_code":"PPLA2","country_code":"AR","cc2":"","admin1_code":"18","admin2_code":"","admin3_code":"","admin4_code":"","population":"21018","elevation":"","dem":"1176","timezone":"America/Argentina/San_Juan","modification_date":"2014-03-07"},{"geonameid":"3838158","name":"San Agustín de Valle Fértil","asciiname":"San Agustin de Valle Fertil","alternatenames":["San Agustin","San Agustin de Valle Fertil","San Agustín","San Agustín de Valle Fértil","Villa San Agustin","Villa San Agustín"],"latitude":"-30.63353","longitude":"-67.46821","feature_class":"P","feature_code":"PPLA2","country_code":"AR","cc2":"","admin1_code":"18","admin2_code":"","admin3_code":"","admin4_code":"","population":"6864","elevation":"","dem":"856","timezone":"America/Argentina/San_Juan","modification_date":"2014-03-07"},{"geonameid":"3838703","name":"Rodeo","asciiname":"Rodeo","alternatenames":[""],"latitude":"-30.21186","longitude":"-69.13661","feature_class":"P","feature_code":"PPLA2","country_code":"AR","cc2":"","admin1_code":"18","admin2_code":"","admin3_code":"","admin4_code":"","population":"0","elevation":"","dem":"1617","timezone":"America/Argentina/San_Juan","modification_date":"2014-03-07"},{"geonameid":"3838760","name":"Rivadavia","asciiname":"Rivadavia","alternatenames":["Rivadavia"],"latitude":"-31.55389","longitude":"-68.6525","feature_class":"P","feature_code":"PPLA2","country_code":"AR","cc2":"","admin1_code":"18","admin2_code":"70084","admin3_code":"","admin4_code":"","population":"0","elevation":"","dem":"734","timezone":"America/Argentina/San_Juan","modification_date":"2015-04-22"},{"geonameid":"3840860","name":"Pocito","asciiname":"Pocito","alternatenames":["Pocito"],"latitude":"-31.68333","longitude":"-68.58333","feature_class":"P","feature_code":"PPL","country_code":"AR","cc2":"","admin1_code":"18","admin2_code":"70070","admin3_code":"","admin4_code":"","population":"40969","elevation":"","dem":"608","timezone":"America/Argentina/San_Juan","modification_date":"2015-04-22"},{"geonameid":"3842882","name":"Nueve de Julio","asciiname":"Nueve de Julio","alternatenames":["9 de Julio","Nueve de Julio"],"latitude":"-31.66914","longitude":"-68.39023","feature_class":"P","feature_code":"PPLA2","country_code":"AR","cc2":"","admin1_code":"18","admin2_code":"70063","admin3_code":"","admin4_code":"","population":"7652","elevation":"","dem":"578","timezone":"America/Argentina/San_Juan","modification_date":"2015-04-22"},{"geonameid":"3861416","name":"Chimbas","asciiname":"Chimbas","alternatenames":["Chimbas"],"latitude":"-31.48333","longitude":"-68.53333","feature_class":"P","feature_code":"PPLA2","country_code":"AR","cc2":"","admin1_code":"18","admin2_code":"70042","admin3_code":"","admin4_code":"","population":"73829","elevation":"","dem":"642","timezone":"America/Argentina/San_Juan","modification_date":"2015-04-22"},{"geonameid":"3862240","name":"Caucete","asciiname":"Caucete","alternatenames":["Caucete","Villa Colon","Villa Colón"],"latitude":"-31.65179","longitude":"-68.28105","feature_class":"P","feature_code":"PPLA2","country_code":"AR","cc2":"","admin1_code":"18","admin2_code":"","admin3_code":"","admin4_code":"","population":"33609","elevation":"","dem":"578","timezone":"America/Argentina/San_Juan","modification_date":"2014-03-07"},{"geonameid":"3863362","name":"Calingasta","asciiname":"Calingasta","alternatenames":["Calingasta"],"latitude":"-31.33084","longitude":"-69.40783","feature_class":"P","feature_code":"PPL","country_code":"AR","cc2":"","admin1_code":"18","admin2_code":"","admin3_code":"","admin4_code":"","population":"8176","elevation":"","dem":"1409","timezone":"America/Argentina/San_Juan","modification_date":"2012-02-02"},{"geonameid":"3866425","name":"Albardón","asciiname":"Albardon","alternatenames":["Albardon","Albardón"],"latitude":"-31.43722","longitude":"-68.52556","feature_class":"P","feature_code":"PPL","country_code":"AR","cc2":"","admin1_code":"18","admin2_code":"70007","admin3_code":"","admin4_code":"","population":"20413","elevation":"","dem":"641","timezone":"America/Argentina/San_Juan","modification_date":"2015-04-22"}]}