{"region_data":{"adminCode1":"00","lng":"-63.06667","geonameId":3573420,"toponymName":"North Hill Village","countryId":"3573511","fcl":"P","population":0,"countryCode":"AI","name":"North Hill Village","fclName":"city, village,...","countryName":"Anguilla","fcodeName":"populated place","adminName1":"","lat":"18.2","fcode":"PPL"},"country_data":{"ISO":"AI","ISO3":"AIA","ISO_Numeric":"660","fips":"AV","country":"Anguilla","capital":"The Valley","area":"102","Population":"13254","Continent":"NA","tld":".ai","CurrencyCode":"XCD","CurrencyName":"Dollar","Phone":"+1-264","Postal_Code_Format":"","Postal_Code_Regex":"","Languages":"en-AI","geonameid":"3573511","neighbours":"","EquivalentFipsCode":""},"cities":[{"geonameid":"3573374","name":"The Valley","asciiname":"The Valley","alternatenames":["De Balei","El Valle","Gorad Vali","La-Valo","The Valley","Vali","Valis","Valley","Valli","bare","d wly","deobaelli","dy wyly","hwwʼly","shan gu shi","vali","Δε Βάλεϊ","Вали","Валли","Валлі","Горад Валі","הוואלי","د ولی","دی ویلی","เดอะแวลลีย์","ვალი","バレー","山谷市","더밸리"],"latitude":"18.21704","longitude":"-63.05783","feature_class":"P","feature_code":"PPLC","country_code":"AI","cc2":"","admin1_code":"00","admin2_code":"","admin3_code":"","admin4_code":"","population":"2035","elevation":"7","dem":"19","timezone":"America/Anguilla","modification_date":"2013-02-02"},{"geonameid":"3573378","name":"The Farrington","asciiname":"The Farrington","alternatenames":["The Farrington"],"latitude":"18.2","longitude":"-63.03333","feature_class":"P","feature_code":"PPL","country_code":"AI","cc2":"","admin1_code":"00","admin2_code":"","admin3_code":"","admin4_code":"","population":"1199","elevation":"","dem":"-9999","timezone":"America/Anguilla","modification_date":"2013-02-02"},{"geonameid":"3573380","name":"Stoney Ground","asciiname":"Stoney Ground","alternatenames":["Stoney Ground"],"latitude":"18.21667","longitude":"-63.03333","feature_class":"P","feature_code":"PPL","country_code":"AI","cc2":"","admin1_code":"00","admin2_code":"","admin3_code":"","admin4_code":"","population":"1545","elevation":"","dem":"18","timezone":"America/Anguilla","modification_date":"2013-02-02"},{"geonameid":"3573456","name":"Island Harbour","asciiname":"Island Harbour","alternatenames":[""],"latitude":"18.25601","longitude":"-63.0102","feature_class":"P","feature_code":"PPL","country_code":"AI","cc2":"","admin1_code":"00","admin2_code":"","admin3_code":"","admin4_code":"","population":"1114","elevation":"","dem":"11","timezone":"America/Anguilla","modification_date":"2013-02-02"},{"geonameid":"3573466","name":"George Hill","asciiname":"George Hill","alternatenames":["George Hill"],"latitude":"18.2","longitude":"-63.06667","feature_class":"P","feature_code":"PPL","country_code":"AI","cc2":"","admin1_code":"00","admin2_code":"","admin3_code":"","admin4_code":"","population":"1135","elevation":"","dem":"36","timezone":"America/Anguilla","modification_date":"2013-02-02"}]}