{"region_data":{"countryId":"3351879","adminCode1":"19","countryName":"Angola","fclName":"country, state, region,...","countryCode":"AO","lng":"13.82743","fcodeName":"first-order administrative division","toponymName":"Bengo Province","fcl":"A","numberOfChildren":8,"name":"Bengo Province","fcode":"ADM1","geonameId":2243598,"lat":"-8.97504","adminName1":"Bengo","population":351579},"country_data":{"ISO":"AO","ISO3":"AGO","ISO_Numeric":"024","fips":"AO","country":"Angola","capital":"Luanda","area":"1246700","Population":"13068161","Continent":"AF","tld":".ao","CurrencyCode":"AOA","CurrencyName":"Kwanza","Phone":"244","Postal_Code_Format":"","Postal_Code_Regex":"","Languages":"pt-AO","geonameid":"3351879","neighbours":"CD,NA,ZM,CG","EquivalentFipsCode":""},"cities":[{"geonameid":"2242001","name":"Caxito","asciiname":"Caxito","alternatenames":["Caxito","Kashito","Kaxito","Кашито"],"latitude":"-8.57848","longitude":"13.66425","feature_class":"P","feature_code":"PPLA","country_code":"AO","cc2":"","admin1_code":"19","admin2_code":"","admin3_code":"","admin4_code":"","population":"28224","elevation":"","dem":"20","timezone":"Africa/Luanda","modification_date":"2011-10-28"}]}