{"region_data":{"countryId":"3351879","adminCode1":"01","countryName":"Angola","fclName":"country, state, region,...","countryCode":"AO","lng":"13.92825","fcodeName":"first-order administrative division","toponymName":"Benguela","fcl":"A","numberOfChildren":9,"name":"Benguela","fcode":"ADM1","geonameId":3351660,"lat":"-12.854","adminName1":"Benguela","population":2036662},"country_data":{"ISO":"AO","ISO3":"AGO","ISO_Numeric":"024","fips":"AO","country":"Angola","capital":"Luanda","area":"1246700","Population":"13068161","Continent":"AF","tld":".ao","CurrencyCode":"AOA","CurrencyName":"Kwanza","Phone":"244","Postal_Code_Format":"","Postal_Code_Regex":"","Languages":"pt-AO","geonameid":"3351879","neighbours":"CD,NA,ZM,CG","EquivalentFipsCode":""},"cities":[{"geonameid":"3347939","name":"Lobito","asciiname":"Lobito","alternatenames":["LLT","Lobitas","Lobito","Lobitu","Lubitu","lbytw  angwla","lobitu","luo bi tuo","robito","Лобито","Лобиту","Лобіту","لبیتو، آنگولا","ロビト","洛比托","로비투"],"latitude":"-12.3644","longitude":"13.53601","feature_class":"P","feature_code":"PPL","country_code":"AO","cc2":"","admin1_code":"01","admin2_code":"","admin3_code":"","admin4_code":"","population":"207932","elevation":"","dem":"4","timezone":"Africa/Luanda","modification_date":"2013-06-09"},{"geonameid":"3350246","name":"Catumbela","asciiname":"Catumbela","alternatenames":["Asseiceira","CBT","Catumbela","Catumbella","Katumbela","Катумбела"],"latitude":"-12.43002","longitude":"13.54677","feature_class":"P","feature_code":"PPL","country_code":"AO","cc2":"","admin1_code":"01","admin2_code":"","admin3_code":"","admin4_code":"","population":"16977","elevation":"","dem":"12","timezone":"Africa/Luanda","modification_date":"2013-11-08"},{"geonameid":"3351663","name":"Benguela","asciiname":"Benguela","alternatenames":["BUG","Bengela","Benguela","Benguella","Sao Felipe de Benguela","São Félipe de Benguela","ben ji la","Бенгела","本吉拉"],"latitude":"-12.57626","longitude":"13.40547","feature_class":"P","feature_code":"PPLA","country_code":"AO","cc2":"","admin1_code":"01","admin2_code":"","admin3_code":"","admin4_code":"","population":"151226","elevation":"","dem":"11","timezone":"Africa/Luanda","modification_date":"2011-10-28"}]}