{"region_data":{"countryId":"3351879","adminCode1":"05","countryName":"Angola","fclName":"country, state, region,...","countryCode":"AO","lng":"14.8887","fcodeName":"first-order administrative division","toponymName":"Cuanza Norte Province","fcl":"A","numberOfChildren":9,"name":"Cuanza Norte Province","fcode":"ADM1","geonameId":2241660,"lat":"-8.91136","adminName1":"Cuanza Norte","population":402357},"country_data":{"ISO":"AO","ISO3":"AGO","ISO_Numeric":"024","fips":"AO","country":"Angola","capital":"Luanda","area":"1246700","Population":"13068161","Continent":"AF","tld":".ao","CurrencyCode":"AOA","CurrencyName":"Kwanza","Phone":"244","Postal_Code_Format":"","Postal_Code_Regex":"","Languages":"pt-AO","geonameid":"3351879","neighbours":"CD,NA,ZM,CG","EquivalentFipsCode":""},"cities":[{"geonameid":"2239076","name":"N’dalatando","asciiname":"N'dalatando","alternatenames":["Dalatando","N'dalatando","Ndalatanda","N’dalatando","Salazar","Vila Salazar","Villa Salazar"],"latitude":"-9.29782","longitude":"14.91162","feature_class":"P","feature_code":"PPLA","country_code":"AO","cc2":"","admin1_code":"05","admin2_code":"","admin3_code":"","admin4_code":"","population":"383100","elevation":"","dem":"795","timezone":"Africa/Luanda","modification_date":"2013-08-02"},{"geonameid":"2242885","name":"Camabatela","asciiname":"Camabatela","alternatenames":["Ambaca","Camabatela","Kamabatela","Камабатела"],"latitude":"-8.18812","longitude":"15.37495","feature_class":"P","feature_code":"PPL","country_code":"AO","cc2":"","admin1_code":"05","admin2_code":"","admin3_code":"","admin4_code":"","population":"12837","elevation":"","dem":"1237","timezone":"Africa/Luanda","modification_date":"2012-01-17"}]}