{"region_data":{"countryId":"3351879","adminCode1":"07","countryName":"Angola","fclName":"country, state, region,...","countryCode":"AO","lng":"15.43526","fcodeName":"first-order administrative division","toponymName":"Cunene Province","fcl":"A","numberOfChildren":6,"name":"Cunene Province","fcode":"ADM1","geonameId":3349096,"lat":"-16.51009","adminName1":"Cunene","population":965288},"country_data":{"ISO":"AO","ISO3":"AGO","ISO_Numeric":"024","fips":"AO","country":"Angola","capital":"Luanda","area":"1246700","Population":"13068161","Continent":"AF","tld":".ao","CurrencyCode":"AOA","CurrencyName":"Kwanza","Phone":"244","Postal_Code_Format":"","Postal_Code_Regex":"","Languages":"pt-AO","geonameid":"3351879","neighbours":"CD,NA,ZM,CG","EquivalentFipsCode":""},"cities":[{"geonameid":"3346821","name":"Ondjiva","asciiname":"Ondjiva","alternatenames":["N'Giva","N'Jiva","N’Giva","N’Jiva","Ondjiva","Ondyiva","Ondzhiva","Ongiva","Onjiva","Pereira d'Eca","Pereira de Eca","Pereira d’Eca","VPE","Vila Pereira d'Eca","Vila Pereira de Eca","Vila Pereira de Eco","Vila Pereira de Eça","Vila Pereira d’Eça","Онджива"],"latitude":"-17.06667","longitude":"15.73333","feature_class":"P","feature_code":"PPLA","country_code":"AO","cc2":"","admin1_code":"07","admin2_code":"","admin3_code":"","admin4_code":"","population":"10169","elevation":"","dem":"1113","timezone":"Africa/Luanda","modification_date":"2012-01-17"}]}