{"region_data":{"countryId":"3351879","adminCode1":"08","countryName":"Angola","fclName":"country, state, region,...","countryCode":"AO","lng":"15.66667","fcodeName":"first-order administrative division","toponymName":"Huambo","fcl":"A","numberOfChildren":11,"name":"Huambo","fcode":"ADM1","geonameId":3348310,"lat":"-12.5","adminName1":"Huambo","population":1896147},"country_data":{"ISO":"AO","ISO3":"AGO","ISO_Numeric":"024","fips":"AO","country":"Angola","capital":"Luanda","area":"1246700","Population":"13068161","Continent":"AF","tld":".ao","CurrencyCode":"AOA","CurrencyName":"Kwanza","Phone":"244","Postal_Code_Format":"","Postal_Code_Regex":"","Languages":"pt-AO","geonameid":"3351879","neighbours":"CD,NA,ZM,CG","EquivalentFipsCode":""},"cities":[{"geonameid":"3347853","name":"Longonjo","asciiname":"Longonjo","alternatenames":["Congonjo","Logonzhu","Longonjo","Логонжу"],"latitude":"-12.90667","longitude":"15.25333","feature_class":"P","feature_code":"PPL","country_code":"AO","cc2":"","admin1_code":"08","admin2_code":"","admin3_code":"","admin4_code":"","population":"24346","elevation":"","dem":"1424","timezone":"Africa/Luanda","modification_date":"2012-01-17"},{"geonameid":"3348313","name":"Huambo","asciiname":"Huambo","alternatenames":["Huambas","Huambo","Huamdo","Khuambo","NOV","Nova Lisboa","Uambo","hu'ambo","hwambw  angwla","uambo","uanbo","wambu","wan bo","Вилояти Ҳвамбо","Уамбо","Хуамбо","هوامبو، آنگولا","ਹੁਆਂਬੋ","วัมบู","ウアンボ","万博","우암보"],"latitude":"-12.77611","longitude":"15.73917","feature_class":"P","feature_code":"PPLA","country_code":"AO","cc2":"","admin1_code":"08","admin2_code":"","admin3_code":"","admin4_code":"","population":"226145","elevation":"","dem":"1716","timezone":"Africa/Luanda","modification_date":"2013-06-04"},{"geonameid":"3351500","name":"Caála","asciiname":"Caala","alternatenames":["Caala","Cahala","Caála","Kaala","Kaale","Robert Williams","Roberto Williams","Vila Robert Williams","Каале"],"latitude":"-12.8525","longitude":"15.56056","feature_class":"P","feature_code":"PPL","country_code":"AO","cc2":"","admin1_code":"08","admin2_code":"","admin3_code":"","admin4_code":"","population":"21205","elevation":"","dem":"1742","timezone":"Africa/Luanda","modification_date":"2012-01-17"},{"geonameid":"9376229","name":"Chela","asciiname":"Chela","alternatenames":[""],"latitude":"-12.30261","longitude":"15.43358","feature_class":"P","feature_code":"PPL","country_code":"AO","cc2":"","admin1_code":"08","admin2_code":"3347879","admin3_code":"","admin4_code":"","population":"5811","elevation":"","dem":"1655","timezone":"Africa/Luanda","modification_date":"2014-08-15"},{"geonameid":"9383266","name":"Chinjenje","asciiname":"Chinjenje","alternatenames":[""],"latitude":"-12.93244","longitude":"14.99238","feature_class":"P","feature_code":"PPLA2","country_code":"AO","cc2":"","admin1_code":"08","admin2_code":"","admin3_code":"","admin4_code":"","population":"0","elevation":"","dem":"1860","timezone":"Africa/Luanda","modification_date":"2014-08-16"}]}