{"region_data":{"countryId":"3351879","adminCode1":"04","countryName":"Angola","fclName":"country, state, region,...","countryCode":"AO","lng":"19.3832","fcodeName":"first-order administrative division","toponymName":"Kuando Kubango","fcl":"A","numberOfChildren":8,"name":"Kuando Kubango","fcode":"ADM1","geonameId":876337,"lat":"-15.94761","adminName1":"Cuando Cubango","population":130000},"country_data":{"ISO":"AO","ISO3":"AGO","ISO_Numeric":"024","fips":"AO","country":"Angola","capital":"Luanda","area":"1246700","Population":"13068161","Continent":"AF","tld":".ao","CurrencyCode":"AOA","CurrencyName":"Kwanza","Phone":"244","Postal_Code_Format":"","Postal_Code_Regex":"","Languages":"pt-AO","geonameid":"3351879","neighbours":"CD,NA,ZM,CG","EquivalentFipsCode":""},"cities":[{"geonameid":"3347353","name":"Menongue","asciiname":"Menongue","alternatenames":["Menonge","SPP","Serpa Pinto","Vila Serpa Pinto","Менонге"],"latitude":"-14.6585","longitude":"17.69099","feature_class":"P","feature_code":"PPLA","country_code":"AO","cc2":"AO","admin1_code":"04","admin2_code":"","admin3_code":"","admin4_code":"","population":"32203","elevation":"","dem":"1355","timezone":"Africa/Luanda","modification_date":"2014-06-23"}]}