{"region_data":{"countryId":"3351879","adminCode1":"06","countryName":"Angola","fclName":"country, state, region,...","countryCode":"AO","lng":"15.03197","fcodeName":"first-order administrative division","toponymName":"Kwanza Sul","fcl":"A","numberOfChildren":12,"name":"Kwanza Sul","fcode":"ADM1","geonameId":3349234,"lat":"-10.82696","adminName1":"Cuanza Sul","population":653121},"country_data":{"ISO":"AO","ISO3":"AGO","ISO_Numeric":"024","fips":"AO","country":"Angola","capital":"Luanda","area":"1246700","Population":"13068161","Continent":"AF","tld":".ao","CurrencyCode":"AOA","CurrencyName":"Kwanza","Phone":"244","Postal_Code_Format":"","Postal_Code_Regex":"","Languages":"pt-AO","geonameid":"3351879","neighbours":"CD,NA,ZM,CG","EquivalentFipsCode":""},"cities":[{"geonameid":"3345497","name":"Uacu Cungo","asciiname":"Uacu Cungo","alternatenames":["CEO","Santa Comba","Santa Comba Dao","Santa Comba Dão","Uacu Cungo","Vaku Kungu","Vila de Santa Comba Dao","Vila de Santa Comba Dão","Waco-Kungo","Waku-Kungo","Ваку Кунгу"],"latitude":"-11.35669","longitude":"15.11719","feature_class":"P","feature_code":"PPL","country_code":"AO","cc2":"","admin1_code":"06","admin2_code":"","admin3_code":"","admin4_code":"","population":"10970","elevation":"","dem":"1304","timezone":"Africa/Luanda","modification_date":"2015-04-24"},{"geonameid":"3346015","name":"Sumbe","asciiname":"Sumbe","alternatenames":["Angungescapolo","NDD","Ngunza","Nova Redonda","Nova Redondo","Novo Redondo","Sumbe","Сумбе"],"latitude":"-11.20605","longitude":"13.84371","feature_class":"P","feature_code":"PPLA","country_code":"AO","cc2":"","admin1_code":"06","admin2_code":"","admin3_code":"","admin4_code":"","population":"33277","elevation":"","dem":"10","timezone":"Africa/Luanda","modification_date":"2012-01-17"},{"geonameid":"3346598","name":"Quibala","asciiname":"Quibala","alternatenames":["Kibala","Quibala","Кибала"],"latitude":"-10.73366","longitude":"14.97995","feature_class":"P","feature_code":"PPL","country_code":"AO","cc2":"","admin1_code":"06","admin2_code":"","admin3_code":"","admin4_code":"","population":"8915","elevation":"","dem":"1284","timezone":"Africa/Luanda","modification_date":"2012-01-17"}]}