{"region_data":{"countryId":"3351879","adminCode1":"20","countryName":"Angola","fclName":"country, state, region,...","countryCode":"AO","lng":"13.33924","fcodeName":"first-order administrative division","toponymName":"Luanda Province","fcl":"A","numberOfChildren":3,"name":"Luanda Province","fcode":"ADM1","geonameId":2240444,"lat":"-8.91666","adminName1":"Luanda","population":6542942},"country_data":{"ISO":"AO","ISO3":"AGO","ISO_Numeric":"024","fips":"AO","country":"Angola","capital":"Luanda","area":"1246700","Population":"13068161","Continent":"AF","tld":".ao","CurrencyCode":"AOA","CurrencyName":"Kwanza","Phone":"244","Postal_Code_Format":"","Postal_Code_Regex":"","Languages":"pt-AO","geonameid":"3351879","neighbours":"CD,NA,ZM,CG","EquivalentFipsCode":""},"cities":[{"geonameid":"2240449","name":"Luanda","asciiname":"Luanda","alternatenames":["Gorad Luanda","LAD","Loanda","Louanda","Louanta","Luand","Luanda","Luandae","Luando","Lwanda","Lúanda","Saint Paul de Loanda","Sao Paolo de Loanda","Sao Paulo da Assuncao de Luanda","Sao Paulo de Loanda","Sao Paulo de Luanda","St Paul de Loanda","São Paolo de Loanda","São Paulo da Assunção de Luanda","São Paulo de Loanda","São Paulo de Luanda","lu'anda","luanda","luo an da","luvanta","luxanda","luyanda","lwanda","ruanda","Λουάντα","Горад Луанда","Луандæ","Луанда","Լուանդա","לואנדה","לואנדע","لوآندا","لواندا","لونڈا","लुआंडा","लुआण्डा","লুয়ান্ডা","ਲੁਆਂਦਾ","லுவாண்டா","ลูอันดา","ལའུན་ཌ།","ლუანდა","ሏንዳ","ルアンダ","罗安达","루안다"],"latitude":"-8.83682","longitude":"13.23432","feature_class":"P","feature_code":"PPLC","country_code":"AO","cc2":"","admin1_code":"20","admin2_code":"","admin3_code":"","admin4_code":"","population":"2776168","elevation":"","dem":"73","timezone":"Africa/Luanda","modification_date":"2014-10-08"}]}