{"region_data":{"countryId":"3351879","adminCode1":"17","countryName":"Angola","fclName":"country, state, region,...","countryCode":"AO","lng":"19.64852","fcodeName":"first-order administrative division","toponymName":"Lunda Norte Province","fcl":"A","numberOfChildren":9,"name":"Lunda Norte Province","fcode":"ADM1","geonameId":145702,"lat":"-8.63543","adminName1":"Lunda Norte","population":799950},"country_data":{"ISO":"AO","ISO3":"AGO","ISO_Numeric":"024","fips":"AO","country":"Angola","capital":"Luanda","area":"1246700","Population":"13068161","Continent":"AF","tld":".ao","CurrencyCode":"AOA","CurrencyName":"Kwanza","Phone":"244","Postal_Code_Format":"","Postal_Code_Regex":"","Languages":"pt-AO","geonameid":"3351879","neighbours":"CD,NA,ZM,CG","EquivalentFipsCode":""},"cities":[{"geonameid":"145724","name":"Lucapa","asciiname":"Lucapa","alternatenames":["LBZ","Lucapa","Lukapa","Лукапа"],"latitude":"-8.41915","longitude":"20.74466","feature_class":"P","feature_code":"PPLA","country_code":"AO","cc2":"","admin1_code":"17","admin2_code":"","admin3_code":"","admin4_code":"","population":"20115","elevation":"","dem":"955","timezone":"Africa/Luanda","modification_date":"2012-01-17"}]}