{"region_data":{"countryId":"3351879","adminCode1":"18","countryName":"Angola","fclName":"country, state, region,...","countryCode":"AO","lng":"20.62489","fcodeName":"first-order administrative division","toponymName":"Lunda Sul","fcl":"A","numberOfChildren":4,"name":"Lunda Sul","fcode":"ADM1","geonameId":145701,"lat":"-10.25918","adminName1":"Lunda Sul","population":516077},"country_data":{"ISO":"AO","ISO3":"AGO","ISO_Numeric":"024","fips":"AO","country":"Angola","capital":"Luanda","area":"1246700","Population":"13068161","Continent":"AF","tld":".ao","CurrencyCode":"AOA","CurrencyName":"Kwanza","Phone":"244","Postal_Code_Format":"","Postal_Code_Regex":"","Languages":"pt-AO","geonameid":"3351879","neighbours":"CD,NA,ZM,CG","EquivalentFipsCode":""},"cities":[{"geonameid":"145531","name":"Saurimo","asciiname":"Saurimo","alternatenames":["Henrique de Carvalho","Saurimo","Saurimu","VHC","Vila Henrique de Carvalho","Сауримо"],"latitude":"-9.66078","longitude":"20.39155","feature_class":"P","feature_code":"PPLA","country_code":"AO","cc2":"","admin1_code":"18","admin2_code":"","admin3_code":"","admin4_code":"","population":"40498","elevation":"","dem":"1071","timezone":"Africa/Luanda","modification_date":"2012-01-17"},{"geonameid":"876485","name":"Cazaji","asciiname":"Cazaji","alternatenames":["Cazage","Cazaje","Cazaji","Kazagi"],"latitude":"-11.06715","longitude":"20.70148","feature_class":"P","feature_code":"PPL","country_code":"AO","cc2":"","admin1_code":"18","admin2_code":"","admin3_code":"","admin4_code":"","population":"4764","elevation":"","dem":"1188","timezone":"Africa/Luanda","modification_date":"2012-01-17"}]}