{"region_data":{"countryId":"3351879","adminCode1":"12","countryName":"Angola","fclName":"country, state, region,...","countryCode":"AO","lng":"16.82553","fcodeName":"first-order administrative division","toponymName":"Malanje Province","fcl":"A","numberOfChildren":14,"name":"Malanje Province","fcode":"ADM1","geonameId":2239858,"lat":"-9.67548","adminName1":"Malanje","population":968135},"country_data":{"ISO":"AO","ISO3":"AGO","ISO_Numeric":"024","fips":"AO","country":"Angola","capital":"Luanda","area":"1246700","Population":"13068161","Continent":"AF","tld":".ao","CurrencyCode":"AOA","CurrencyName":"Kwanza","Phone":"244","Postal_Code_Format":"","Postal_Code_Regex":"","Languages":"pt-AO","geonameid":"3351879","neighbours":"CD,NA,ZM,CG","EquivalentFipsCode":""},"cities":[{"geonameid":"2239862","name":"Malanje","asciiname":"Malanje","alternatenames":["MEG","Malandje","Malange","Malanje","Malanzhe","Маланже"],"latitude":"-9.54015","longitude":"16.34096","feature_class":"P","feature_code":"PPLA","country_code":"AO","cc2":"","admin1_code":"12","admin2_code":"2239859","admin3_code":"","admin4_code":"","population":"87046","elevation":"","dem":"1134","timezone":"Africa/Luanda","modification_date":"2014-06-23"}]}