{"region_data":{"countryId":"3351879","adminCode1":"02","countryName":"Angola","fclName":"country, state, region,...","countryCode":"AO","lng":"17.3031","fcodeName":"first-order administrative division","toponymName":"Província do Bié","fcl":"A","numberOfChildren":11,"name":"Província do Bié","fcode":"ADM1","geonameId":3351640,"lat":"-12.34989","adminName1":"Bié","population":1338923},"country_data":{"ISO":"AO","ISO3":"AGO","ISO_Numeric":"024","fips":"AO","country":"Angola","capital":"Luanda","area":"1246700","Population":"13068161","Continent":"AF","tld":".ao","CurrencyCode":"AOA","CurrencyName":"Kwanza","Phone":"244","Postal_Code_Format":"","Postal_Code_Regex":"","Languages":"pt-AO","geonameid":"3351879","neighbours":"CD,NA,ZM,CG","EquivalentFipsCode":""},"cities":[{"geonameid":"3348078","name":"Cuito","asciiname":"Cuito","alternatenames":["Bie","Bihe","Bihé","Bié","Cuito","Kuito","SVP","Silva Porto","Vila Salva Porto","Куито"],"latitude":"-12.38333","longitude":"16.93333","feature_class":"P","feature_code":"PPLA","country_code":"AO","cc2":"","admin1_code":"02","admin2_code":"","admin3_code":"","admin4_code":"","population":"113624","elevation":"","dem":"1715","timezone":"Africa/Luanda","modification_date":"2013-06-04"},{"geonameid":"3349580","name":"Chissamba","asciiname":"Chissamba","alternatenames":["Chissamba"],"latitude":"-12.16667","longitude":"17.33333","feature_class":"P","feature_code":"PPL","country_code":"AO","cc2":"","admin1_code":"02","admin2_code":"","admin3_code":"","admin4_code":"","population":"7677","elevation":"","dem":"1404","timezone":"Africa/Luanda","modification_date":"2014-04-06"},{"geonameid":"3350372","name":"Catabola","asciiname":"Catabola","alternatenames":["Catabola","Katabola","Катабола"],"latitude":"-12.15","longitude":"17.28333","feature_class":"P","feature_code":"PPL","country_code":"AO","cc2":"","admin1_code":"02","admin2_code":"","admin3_code":"","admin4_code":"","population":"18855","elevation":"","dem":"1531","timezone":"Africa/Luanda","modification_date":"2013-06-04"},{"geonameid":"3351014","name":"Camacupa","asciiname":"Camacupa","alternatenames":["Camacupa","General Machado","General Machado Villa","General Mathado","Kamakupa","Machado","Vila General Machado","Камакупа"],"latitude":"-12.01667","longitude":"17.48333","feature_class":"P","feature_code":"PPL","country_code":"AO","cc2":"","admin1_code":"02","admin2_code":"","admin3_code":"","admin4_code":"","population":"19150","elevation":"","dem":"1473","timezone":"Africa/Luanda","modification_date":"2012-01-17"}]}