{"region_data":{"countryId":"3351879","adminCode1":"16","countryName":"Angola","fclName":"country, state, region,...","countryCode":"AO","lng":"13.51966","fcodeName":"first-order administrative division","toponymName":"Zaire","fcl":"A","numberOfChildren":6,"name":"Zaire","fcode":"ADM1","geonameId":2236355,"lat":"-6.58717","adminName1":"Zaire","population":567225},"country_data":{"ISO":"AO","ISO3":"AGO","ISO_Numeric":"024","fips":"AO","country":"Angola","capital":"Luanda","area":"1246700","Population":"13068161","Continent":"AF","tld":".ao","CurrencyCode":"AOA","CurrencyName":"Kwanza","Phone":"244","Postal_Code_Format":"","Postal_Code_Regex":"","Languages":"pt-AO","geonameid":"3351879","neighbours":"CD,NA,ZM,CG","EquivalentFipsCode":""},"cities":[{"geonameid":"2236967","name":"Soio","asciiname":"Soio","alternatenames":["Saint Antonio do Zaire","San Antonio","Santo Antoni","Santo Antonio do Zaire","Santo António do Zaire","Santo-Antonio","Santo-António","Sao Antonio","Sazaire","Soio","Soju","Soyo","São Antônio","Сойу"],"latitude":"-6.1349","longitude":"12.36894","feature_class":"P","feature_code":"PPL","country_code":"AO","cc2":"","admin1_code":"16","admin2_code":"","admin3_code":"","admin4_code":"","population":"67491","elevation":"","dem":"10","timezone":"Africa/Luanda","modification_date":"2012-01-17"},{"geonameid":"2239001","name":"Nzeto","asciiname":"Nzeto","alternatenames":["Ambrisette","Ambrizete","Ambrizette","Nzeto","Нзето"],"latitude":"-7.23116","longitude":"12.8666","feature_class":"P","feature_code":"PPL","country_code":"AO","cc2":"","admin1_code":"16","admin2_code":"","admin3_code":"","admin4_code":"","population":"18352","elevation":"","dem":"19","timezone":"Africa/Luanda","modification_date":"2012-02-01"},{"geonameid":"2239520","name":"Mbanza Congo","asciiname":"Mbanza Congo","alternatenames":["Mbanza Congo","Mbanza Kongo","San Salvador","Sao Salvador","Sao Salvador do Congo","São Salvador","São Salvador do Congo"],"latitude":"-6.26703","longitude":"14.2401","feature_class":"P","feature_code":"PPLA","country_code":"AO","cc2":"","admin1_code":"16","admin2_code":"","admin3_code":"","admin4_code":"","population":"24220","elevation":"","dem":"544","timezone":"Africa/Luanda","modification_date":"2012-01-17"}]}