{"region_data":{"countryId":"783754","adminCode1":"48","countryName":"Albania","fclName":"country, state, region,...","countryCode":"AL","lng":"19.86667","fcodeName":"first-order administrative division","toponymName":"Qarku i Lezhës","fcl":"A","numberOfChildren":3,"name":"Qarku i Lezhës","fcode":"ADM1","geonameId":3344949,"lat":"41.8","adminName1":"Lezhë","population":134027},"country_data":{"ISO":"AL","ISO3":"ALB","ISO_Numeric":"008","fips":"AL","country":"Albania","capital":"Tirana","area":"28748","Population":"2986952","Continent":"EU","tld":".al","CurrencyCode":"ALL","CurrencyName":"Lek","Phone":"355","Postal_Code_Format":"","Postal_Code_Regex":"","Languages":"sq,el","geonameid":"783754","neighbours":"MK,GR,ME,RS,XK","EquivalentFipsCode":""},"cities":[{"geonameid":"781690","name":"Shëngjin","asciiname":"Shengjin","alternatenames":["Shen Gjini","Shengin","Shengjin","Shingjin","Shingjini","Shëngjin","Шенгин"],"latitude":"41.92611","longitude":"20.18833","feature_class":"P","feature_code":"PPLA3","country_code":"AL","cc2":"AL","admin1_code":"48","admin2_code":"12","admin3_code":"","admin4_code":"","population":"0","elevation":"","dem":"916","timezone":"Europe/Tirane","modification_date":"2012-06-11"},{"geonameid":"782131","name":"Orosh","asciiname":"Orosh","alternatenames":["Orosh","Oroshi"],"latitude":"41.83333","longitude":"20.08333","feature_class":"P","feature_code":"PPLA3","country_code":"AL","cc2":"AL","admin1_code":"48","admin2_code":"16","admin3_code":"","admin4_code":"","population":"0","elevation":"","dem":"746","timezone":"Europe/Tirane","modification_date":"2012-06-12"},{"geonameid":"782632","name":"Kurbnesh","asciiname":"Kurbnesh","alternatenames":["Kurbnesh","Kurbnesha","Kurbneshi","Курбнеш"],"latitude":"41.77972","longitude":"20.08361","feature_class":"P","feature_code":"PPL","country_code":"AL","cc2":"","admin1_code":"48","admin2_code":"","admin3_code":"","admin4_code":"","population":"1429","elevation":"","dem":"745","timezone":"Europe/Tirane","modification_date":"2012-01-19"},{"geonameid":"782672","name":"Kthella e Epërme","asciiname":"Kthella e Eperme","alternatenames":["Kethella e Eper","Ktelle e eper","Ktellë e eper","Kthella Eper","Kthella Epër","Kthella e Eperme","Kthella e Epërme","Kthella e eper","Kthella e epër","Kthelle e Eper","Kthelle e Eperme","Kthelle e Siperme","Kthellë e Epër","Kthellë e Epërme","Kthellë e Sipërme"],"latitude":"41.81194","longitude":"20.05889","feature_class":"P","feature_code":"PPLA3","country_code":"AL","cc2":"AL","admin1_code":"48","admin2_code":"16","admin3_code":"","admin4_code":"","population":"0","elevation":"","dem":"600","timezone":"Europe/Tirane","modification_date":"2012-06-11"},{"geonameid":"783590","name":"Blinisht","asciiname":"Blinisht","alternatenames":["Blinisht","Blinishti"],"latitude":"41.86139","longitude":"20","feature_class":"P","feature_code":"PPLA3","country_code":"AL","cc2":"AL","admin1_code":"48","admin2_code":"12","admin3_code":"","admin4_code":"","population":"0","elevation":"","dem":"342","timezone":"Europe/Tirane","modification_date":"2012-06-11"},{"geonameid":"3183646","name":"Zejmen","asciiname":"Zejmen","alternatenames":["Zejmani","Zejmen","Zejmeni","Zojmen","Zojmendi"],"latitude":"41.70778","longitude":"19.68917","feature_class":"P","feature_code":"PPLA3","country_code":"AL","cc2":"AL","admin1_code":"48","admin2_code":"12","admin3_code":"","admin4_code":"","population":"0","elevation":"","dem":"8","timezone":"Europe/Tirane","modification_date":"2012-06-11"},{"geonameid":"3183820","name":"Ungrej","asciiname":"Ungrej","alternatenames":["Ungrei","Ungrej","Ungreji"],"latitude":"41.87528","longitude":"19.79472","feature_class":"P","feature_code":"PPLA3","country_code":"AL","cc2":"AL","admin1_code":"48","admin2_code":"12","admin3_code":"","admin4_code":"","population":"0","elevation":"","dem":"253","timezone":"Europe/Tirane","modification_date":"2012-06-11"},{"geonameid":"3184129","name":"Shënkoll","asciiname":"Shenkoll","alternatenames":["Shenkoll","Shenkolle","Shenkolli","Shinkolli","Shënkoll","Shënkolli","Shënkollë","Snkoli"],"latitude":"41.69083","longitude":"19.65333","feature_class":"P","feature_code":"PPLA3","country_code":"AL","cc2":"AL","admin1_code":"48","admin2_code":"12","admin3_code":"","admin4_code":"","population":"0","elevation":"","dem":"6","timezone":"Europe/Tirane","modification_date":"2012-06-11"},{"geonameid":"3184191","name":"Selitë","asciiname":"Selite","alternatenames":["Selit e Kece","Selit e Keće","Selita","Selite","Selite e Keqe","Selite-Delbinishtaj","Selitë","Selitë e Keqe"],"latitude":"41.63528","longitude":"19.755","feature_class":"P","feature_code":"PPLA3","country_code":"AL","cc2":"AL","admin1_code":"48","admin2_code":"16","admin3_code":"","admin4_code":"","population":"0","elevation":"","dem":"637","timezone":"Europe/Tirane","modification_date":"2012-06-12"},{"geonameid":"3184238","name":"Rubik","asciiname":"Rubik","alternatenames":["Rrubig","Rrubigu","Rrumbiku","Rubig","Rubik","Rubiku","Рубик"],"latitude":"41.77444","longitude":"19.78611","feature_class":"P","feature_code":"PPLA3","country_code":"AL","cc2":"","admin1_code":"48","admin2_code":"16","admin3_code":"","admin4_code":"","population":"2332","elevation":"","dem":"79","timezone":"Europe/Tirane","modification_date":"2012-06-12"},{"geonameid":"3184264","name":"Rrëshen","asciiname":"Rreshen","alternatenames":["Reshen","Resheni","Rreshen","Rresheni","Rrshen","Rrsheni","Rrëshen","Rshen","Rsheni","Rëshen","Rëshëni","Решен"],"latitude":"41.7675","longitude":"19.87556","feature_class":"P","feature_code":"PPLA2","country_code":"AL","cc2":"","admin1_code":"48","admin2_code":"16","admin3_code":"","admin4_code":"","population":"10064","elevation":"","dem":"94","timezone":"Europe/Tirane","modification_date":"2012-06-12"},{"geonameid":"3184702","name":"Milot","asciiname":"Milot","alternatenames":["Milet","Miljoti","Milot","Miloti","Милет"],"latitude":"41.68389","longitude":"19.71556","feature_class":"P","feature_code":"PPLA3","country_code":"AL","cc2":"","admin1_code":"48","admin2_code":"35","admin3_code":"","admin4_code":"","population":"2157","elevation":"","dem":"23","timezone":"Europe/Tirane","modification_date":"2012-06-11"},{"geonameid":"3184806","name":"Mamurras","asciiname":"Mamurras","alternatenames":["Mamuras","Mamurasi","Mamuraz","Mamurras","Mamurrasi","Murrizaj","Мамуррас"],"latitude":"41.5775","longitude":"19.69222","feature_class":"P","feature_code":"PPLA3","country_code":"AL","cc2":"","admin1_code":"48","admin2_code":"35","admin3_code":"","admin4_code":"","population":"8282","elevation":"","dem":"25","timezone":"Europe/Tirane","modification_date":"2012-06-11"},{"geonameid":"3184935","name":"Lezhë","asciiname":"Lezhe","alternatenames":["Alessio","Lesh","Leshe","Leshi","Leze","Lezh","Lezha","Lezhe","Lezhë","Ležė","Lisi","Ljes","Ljesh","Lješ","Lyesh","lai shen","lejeo","lzhh","Љеш","Леж","Лежа","لژه","لژہ","莱什","레저"],"latitude":"41.78361","longitude":"19.64361","feature_class":"P","feature_code":"PPLA","country_code":"AL","cc2":"","admin1_code":"48","admin2_code":"","admin3_code":"","admin4_code":"","population":"18695","elevation":"","dem":"7","timezone":"Europe/Tirane","modification_date":"2012-01-19"},{"geonameid":"3185012","name":"Laç","asciiname":"Lac","alternatenames":["Lac","Laci","Lak","Latsch","Laç","Laçi","Лак"],"latitude":"41.63556","longitude":"19.71306","feature_class":"P","feature_code":"PPLA2","country_code":"AL","cc2":"","admin1_code":"48","admin2_code":"35","admin3_code":"","admin4_code":"","population":"24825","elevation":"","dem":"33","timezone":"Europe/Tirane","modification_date":"2012-06-11"},{"geonameid":"3185148","name":"Kolç","asciiname":"Kolc","alternatenames":["Kolc","Kolc-Logorec","Kolc-Logoreci","Kolci","Koljs","Kolsh","Kolç","Kolç-Logorec","Kolç-Logoreci","Kolçi","Logoreci"],"latitude":"41.78667","longitude":"19.67611","feature_class":"P","feature_code":"PPLA3","country_code":"AL","cc2":"AL","admin1_code":"48","admin2_code":"12","admin3_code":"","admin4_code":"","population":"0","elevation":"","dem":"35","timezone":"Europe/Tirane","modification_date":"2012-06-11"},{"geonameid":"3185289","name":"Kallmeti i Madh","asciiname":"Kallmeti i Madh","alternatenames":["Calmeti","Kallheti i Math","Kallmet","Kallmet i Madh","Kallmet i Math","Kallmeti","Kallmeti i Madh","Kallmeti i Math","Kalmet"],"latitude":"41.84889","longitude":"19.68694","feature_class":"P","feature_code":"PPLA3","country_code":"AL","cc2":"AL","admin1_code":"48","admin2_code":"12","admin3_code":"","admin4_code":"","population":"0","elevation":"","dem":"61","timezone":"Europe/Tirane","modification_date":"2012-06-11"},{"geonameid":"3185320","name":"Kaçinar","asciiname":"Kacinar","alternatenames":["Kacinar","Kacinari","Kaçinar","Kisha e-Simonit"],"latitude":"41.89333","longitude":"19.89861","feature_class":"P","feature_code":"PPLA3","country_code":"AL","cc2":"AL","admin1_code":"48","admin2_code":"16","admin3_code":"","admin4_code":"","population":"0","elevation":"","dem":"430","timezone":"Europe/Tirane","modification_date":"2012-06-11"},{"geonameid":"3185637","name":"Fushëkuqe","asciiname":"Fushekuqe","alternatenames":["Fush-Kuqe","Fusha e Kuge","Fusha e Kuqe","Fushe-Kuqja","Fushekuqe","Fushekuqeja","Fushë-Kuqja","Fushëkuqe","Fushëkuqeja"],"latitude":"41.65028","longitude":"19.62","feature_class":"P","feature_code":"PPLA3","country_code":"AL","cc2":"AL","admin1_code":"48","admin2_code":"35","admin3_code":"","admin4_code":"","population":"0","elevation":"","dem":"-2","timezone":"Europe/Tirane","modification_date":"2012-06-11"},{"geonameid":"3185847","name":"Dajç","asciiname":"Dajc","alternatenames":["Dajc","Dajci","Dajç"],"latitude":"41.91556","longitude":"19.60444","feature_class":"P","feature_code":"PPLA3","country_code":"AL","cc2":"AL","admin1_code":"48","admin2_code":"12","admin3_code":"","admin4_code":"","population":"0","elevation":"","dem":"18","timezone":"Europe/Tirane","modification_date":"2012-06-11"},{"geonameid":"3315384","name":"Balldreni i Ri","asciiname":"Balldreni i Ri","alternatenames":["Balldran","Balldren i Ri","Balldreni","Balldreni i Ri"],"latitude":"41.81917","longitude":"19.64028","feature_class":"P","feature_code":"PPLA3","country_code":"AL","cc2":"AL","admin1_code":"48","admin2_code":"12","admin3_code":"","admin4_code":"","population":"0","elevation":"","dem":"22","timezone":"Europe/Tirane","modification_date":"2012-06-11"}]}