{"region_data":{"countryId":"783754","adminCode1":"42","countryName":"Albania","fclName":"country, state, region,...","countryCode":"AL","lng":"19.61667","fcodeName":"first-order administrative division","toponymName":"Qarku i Durrësit","fcl":"A","numberOfChildren":2,"name":"Qarku i Durrësit","fcode":"ADM1","geonameId":3344947,"lat":"41.48333","adminName1":"Durrës","population":262785},"country_data":{"ISO":"AL","ISO3":"ALB","ISO_Numeric":"008","fips":"AL","country":"Albania","capital":"Tirana","area":"28748","Population":"2986952","Continent":"EU","tld":".al","CurrencyCode":"ALL","CurrencyName":"Lek","Phone":"355","Postal_Code_Format":"","Postal_Code_Regex":"","Languages":"sq,el","geonameid":"783754","neighbours":"MK,GR,ME,RS,XK","EquivalentFipsCode":""},"cities":[{"geonameid":"3183684","name":"Xhafzotaj","asciiname":"Xhafzotaj","alternatenames":["Dzevzotaj","Xhafe Zotaj","Xhaftozaj","Xhafzotaj","Xhafë Zotaj","Xhavzotaj","Xherezotaj","Xherëzotaj"],"latitude":"41.34444","longitude":"19.5475","feature_class":"P","feature_code":"PPLA3","country_code":"AL","cc2":"AL","admin1_code":"42","admin2_code":"03","admin3_code":"","admin4_code":"","population":"0","elevation":"","dem":"19","timezone":"Europe/Tirane","modification_date":"2012-06-01"},{"geonameid":"3183881","name":"Thumanë","asciiname":"Thumane","alternatenames":["Thumana","Thumane","Thumani","Thumanë","Tuman"],"latitude":"41.5475","longitude":"19.67778","feature_class":"P","feature_code":"PPLA3","country_code":"AL","cc2":"AL","admin1_code":"42","admin2_code":"10","admin3_code":"","admin4_code":"","population":"0","elevation":"","dem":"14","timezone":"Europe/Tirane","modification_date":"2012-06-01"},{"geonameid":"3183945","name":"Sukth","asciiname":"Sukth","alternatenames":["Sucsi","Sukf","Sukth","Sukth i Vjeter","Sukth i Vjetër","Sukthi"],"latitude":"41.38056","longitude":"19.53778","feature_class":"P","feature_code":"PPLA3","country_code":"AL","cc2":"AL","admin1_code":"42","admin2_code":"03","admin3_code":"","admin4_code":"","population":"0","elevation":"","dem":"13","timezone":"Europe/Tirane","modification_date":"2012-06-01"},{"geonameid":"3184099","name":"Shijak","asciiname":"Shijak","alternatenames":["Bazar Sciak","San Giacomo","Shejak","Shejaku","Shijak","Shijaku","Shjak","Shyaku","Shëjaku","Sjak","Šjak","Шияку"],"latitude":"41.34556","longitude":"19.56722","feature_class":"P","feature_code":"PPLA3","country_code":"AL","cc2":"","admin1_code":"42","admin2_code":"03","admin3_code":"","admin4_code":"","population":"14138","elevation":"","dem":"34","timezone":"Europe/Tirane","modification_date":"2012-06-01"},{"geonameid":"3184271","name":"Rrashbull","asciiname":"Rrashbull","alternatenames":["Rashbulle","Rezbul","Režbul","Rrashbull","Rrashbulle","Rrashbulli","Rrashbulli Arapaj","Rrashbullë"],"latitude":"41.32278","longitude":"19.51028","feature_class":"P","feature_code":"PPLA3","country_code":"AL","cc2":"AL","admin1_code":"42","admin2_code":"03","admin3_code":"","admin4_code":"","population":"0","elevation":"","dem":"31","timezone":"Europe/Tirane","modification_date":"2012-06-01"},{"geonameid":"3184594","name":"Nikël","asciiname":"Nikel","alternatenames":["Menga","Menikll","Meniklli","Monikelj","Monikle","Moniklë","Mënikll","Mëniklli","Nikel","Nikla","Niklla","Niklle","Nikllë","Nikël"],"latitude":"41.44417","longitude":"19.74833","feature_class":"P","feature_code":"PPLA3","country_code":"AL","cc2":"AL","admin1_code":"42","admin2_code":"10","admin3_code":"","admin4_code":"","population":"0","elevation":"","dem":"59","timezone":"Europe/Tirane","modification_date":"2012-06-01"},{"geonameid":"3184801","name":"Manzë","asciiname":"Manze","alternatenames":["Manes","Manesi","Manez","Maneza","Maneze","Mansmins","Mansmyns","Manxit","Manza","Manze","Manzë","Manës","Manësi","Manëz","Manëza","Manëzë"],"latitude":"41.42861","longitude":"19.59306","feature_class":"P","feature_code":"PPLA3","country_code":"AL","cc2":"AL","admin1_code":"42","admin2_code":"03","admin3_code":"","admin4_code":"","population":"0","elevation":"","dem":"49","timezone":"Europe/Tirane","modification_date":"2012-06-01"},{"geonameid":"3184808","name":"Maminas","asciiname":"Maminas","alternatenames":["Maminas","Maminasi","Meminas","Meminasi","Meminosi","Veminasi"],"latitude":"41.37917","longitude":"19.6075","feature_class":"P","feature_code":"PPLA3","country_code":"AL","cc2":"AL","admin1_code":"42","admin2_code":"03","admin3_code":"","admin4_code":"","population":"0","elevation":"","dem":"44","timezone":"Europe/Tirane","modification_date":"2012-06-01"},{"geonameid":"3185082","name":"Krujë","asciiname":"Kruje","alternatenames":["Akcehisar","Akçehisar","Croia","Cruja","Krna","Kroia","Kroja","Kroya","Kroïa","Krue","Krueja","Kruja","Kruje","Krujë","Круе"],"latitude":"41.50917","longitude":"19.79278","feature_class":"P","feature_code":"PPLA2","country_code":"AL","cc2":"","admin1_code":"42","admin2_code":"10","admin3_code":"","admin4_code":"","population":"21286","elevation":"","dem":"509","timezone":"Europe/Tirane","modification_date":"2012-06-01"},{"geonameid":"3185218","name":"Katundi i Ri","asciiname":"Katundi i Ri","alternatenames":["Katund i Ri","Katundi","Katundi i Ri"],"latitude":"41.40306","longitude":"19.51806","feature_class":"P","feature_code":"PPLA3","country_code":"AL","cc2":"AL","admin1_code":"42","admin2_code":"03","admin3_code":"","admin4_code":"","population":"0","elevation":"","dem":"7","timezone":"Europe/Tirane","modification_date":"2012-06-01"},{"geonameid":"3185351","name":"Ishëm","asciiname":"Ishem","alternatenames":["Ishem","Ishm","Ishmi","Ishëm"],"latitude":"41.54528","longitude":"19.6","feature_class":"P","feature_code":"PPLA3","country_code":"AL","cc2":"AL","admin1_code":"42","admin2_code":"03","admin3_code":"","admin4_code":"","population":"0","elevation":"","dem":"27","timezone":"Europe/Tirane","modification_date":"2012-06-01"},{"geonameid":"3185398","name":"Hasan","asciiname":"Hasan","alternatenames":["Hasan","Hasanaj","Hasani"],"latitude":"41.48278","longitude":"19.69972","feature_class":"P","feature_code":"PPLA3","country_code":"AL","cc2":"AL","admin1_code":"42","admin2_code":"10","admin3_code":"","admin4_code":"","population":"0","elevation":"","dem":"18","timezone":"Europe/Tirane","modification_date":"2012-06-01"},{"geonameid":"3185580","name":"Gjepalaj","asciiname":"Gjepalaj","alternatenames":["Depale","Gjepalaj","Gjepale","Gjepalie","Gjopalaj","Ðepale"],"latitude":"41.33306","longitude":"19.57806","feature_class":"P","feature_code":"PPLA3","country_code":"AL","cc2":"AL","admin1_code":"42","admin2_code":"03","admin3_code":"","admin4_code":"","population":"0","elevation":"","dem":"69","timezone":"Europe/Tirane","modification_date":"2012-06-01"},{"geonameid":"3185638","name":"Fushë-Krujë","asciiname":"Fushe-Kruje","alternatenames":["Fus e Krujs","Fush' e Krujes","Fush-Kruja","Fusha-Kruja","Fushe Kruja","Fushe e Krujes","Fushe-Kruje","Fushë Kruja","Fushë e Krujës","Fushë-Krujë","Fush’ e Krujës","Fuš e Krujs","Teke Fuscia Crujs","Фуша-Круя"],"latitude":"41.47833","longitude":"19.71778","feature_class":"P","feature_code":"PPLA3","country_code":"AL","cc2":"","admin1_code":"42","admin2_code":"10","admin3_code":"","admin4_code":"","population":"10458","elevation":"","dem":"24","timezone":"Europe/Tirane","modification_date":"2012-06-01"},{"geonameid":"3185728","name":"Durrës","asciiname":"Durres","alternatenames":["Drac","Drach","Drač","Duraso","Durazo","Durazzo","Durazzu","Dures","Duresi","Duresis","Durrazo","Durres","Durresa","Durresi","Durrsi","Durrës","Durrësi","Durts","Durus","Durz","Durësi","Dyrrachio","Dyrrachium","Dyrrakhion","Dyrrhachium","Epidamnos","Gorad Durehs","dou la si","do~urasu","draj","dras","duleoseu","duresi","durres","dwrs","Δυρράχιο","Горад Дурэс","Драч","Дуррес","Дуръс","דורס","دراج","دراس","ดูร์เรส","დურესი","ドゥラス","都拉斯","두러스"],"latitude":"41.32306","longitude":"19.44139","feature_class":"P","feature_code":"PPLA","country_code":"AL","cc2":"","admin1_code":"42","admin2_code":"","admin3_code":"","admin4_code":"","population":"122034","elevation":"","dem":"13","timezone":"Europe/Tirane","modification_date":"2012-01-19"},{"geonameid":"3185862","name":"Cudhi Zall","asciiname":"Cudhi Zall","alternatenames":["Cedhin","Cedhini","Cudhi Zall","Cudhija","Cudhin","Cudhini","Cudhuni","Cuvija","Çedhini"],"latitude":"41.50944","longitude":"19.84583","feature_class":"P","feature_code":"PPLA3","country_code":"AL","cc2":"AL","admin1_code":"42","admin2_code":"10","admin3_code":"","admin4_code":"","population":"0","elevation":"","dem":"746","timezone":"Europe/Tirane","modification_date":"2012-06-01"},{"geonameid":"3185963","name":"Bubq","asciiname":"Bubq","alternatenames":["Bubc","Bubesi","Bubge","Bubgë","Bubq","Bubqe","Bubqi","Bubqë","Bubsi","Bubësi","Bubć"],"latitude":"41.47417","longitude":"19.65167","feature_class":"P","feature_code":"PPLA3","country_code":"AL","cc2":"AL","admin1_code":"42","admin2_code":"10","admin3_code":"","admin4_code":"","population":"0","elevation":"","dem":"28","timezone":"Europe/Tirane","modification_date":"2012-06-01"}]}