{"region_data":{"countryId":"783754","adminCode1":"46","countryName":"Albania","fclName":"country, state, region,...","countryCode":"AL","lng":"20.66667","fcodeName":"first-order administrative division","toponymName":"Qarku i Korçës","fcl":"A","numberOfChildren":4,"name":"Qarku i Korçës","fcode":"ADM1","geonameId":865734,"lat":"40.61667","adminName1":"Korçë","population":220357},"country_data":{"ISO":"AL","ISO3":"ALB","ISO_Numeric":"008","fips":"AL","country":"Albania","capital":"Tirana","area":"28748","Population":"2986952","Continent":"EU","tld":".al","CurrencyCode":"ALL","CurrencyName":"Lek","Phone":"355","Postal_Code_Format":"","Postal_Code_Regex":"","Languages":"sq,el","geonameid":"783754","neighbours":"MK,GR,ME,RS,XK","EquivalentFipsCode":""},"cities":[{"geonameid":"781061","name":"Buçimas","asciiname":"Bucimas","alternatenames":["Bucimas","Bucimasi","Buçimas","Buçimasi","Starova","Starove","Starovë"],"latitude":"40.89139","longitude":"20.68139","feature_class":"P","feature_code":"PPLA3","country_code":"AL","cc2":"AL","admin1_code":"46","admin2_code":"18","admin3_code":"","admin4_code":"","population":"0","elevation":"","dem":"703","timezone":"Europe/Tirane","modification_date":"2012-06-11"},{"geonameid":"781176","name":"Vreshtas","asciiname":"Vreshtas","alternatenames":["Vreshtas","Vreshtasi"],"latitude":"40.79694","longitude":"20.77694","feature_class":"P","feature_code":"PPLA3","country_code":"AL","cc2":"AL","admin1_code":"46","admin2_code":"09","admin3_code":"","admin4_code":"","population":"0","elevation":"","dem":"818","timezone":"Europe/Tirane","modification_date":"2012-06-10"},{"geonameid":"781182","name":"Voskopojë","asciiname":"Voskopoje","alternatenames":["Moscopole","Moskhopolis","Moskopole","Voskopoi","Voskopoj","Voskopoja","Voskopoje","Voskopojë"],"latitude":"40.63306","longitude":"20.58889","feature_class":"P","feature_code":"PPLA3","country_code":"AL","cc2":"AL","admin1_code":"46","admin2_code":"09","admin3_code":"","admin4_code":"","population":"0","elevation":"","dem":"1199","timezone":"Europe/Tirane","modification_date":"2012-06-10"},{"geonameid":"781185","name":"Voskop","asciiname":"Voskop","alternatenames":["Voskop","Voskopi"],"latitude":"40.61194","longitude":"20.69028","feature_class":"P","feature_code":"PPLA3","country_code":"AL","cc2":"AL","admin1_code":"46","admin2_code":"09","admin3_code":"","admin4_code":"","population":"0","elevation":"","dem":"893","timezone":"Europe/Tirane","modification_date":"2012-06-10"},{"geonameid":"781212","name":"Vithkuq","asciiname":"Vithkuq","alternatenames":["Vithkuq","Vithkuqi"],"latitude":"40.525","longitude":"20.5825","feature_class":"P","feature_code":"PPLA3","country_code":"AL","cc2":"AL","admin1_code":"46","admin2_code":"09","admin3_code":"","admin4_code":"","population":"0","elevation":"","dem":"1253","timezone":"Europe/Tirane","modification_date":"2012-06-10"},{"geonameid":"781280","name":"Velçan","asciiname":"Velcan","alternatenames":["Velcan","Velcan Mokra","Velcan Mokrra","Velcan i Mokres","Velcan i Mokrres","Velcani","Velcani i Mokres","Velçan","Velçan i Mokrrës","Velçan i Mokrës","Velçani","Velçani i Mokrës"],"latitude":"40.95472","longitude":"20.46222","feature_class":"P","feature_code":"PPLA3","country_code":"AL","cc2":"AL","admin1_code":"46","admin2_code":"18","admin3_code":"","admin4_code":"","population":"0","elevation":"","dem":"1023","timezone":"Europe/Tirane","modification_date":"2012-06-11"},{"geonameid":"781335","name":"Udënisht","asciiname":"Udenisht","alternatenames":["Hodonishta","Hodonishti","Hodonista","Hodoništa","Hudenisht","Hudenishta","Hudenishti","Hudënishta","Udenisht","Udenishte","Udenishti","Udënisht","Udënishtë"],"latitude":"40.96333","longitude":"20.63917","feature_class":"P","feature_code":"PPLA3","country_code":"AL","cc2":"AL","admin1_code":"46","admin2_code":"18","admin3_code":"","admin4_code":"","population":"0","elevation":"","dem":"743","timezone":"Europe/Tirane","modification_date":"2012-06-11"},{"geonameid":"781382","name":"Trebinjë","asciiname":"Trebinje","alternatenames":["Trebinja","Trebinje","Trebinjë"],"latitude":"40.91333","longitude":"20.55306","feature_class":"P","feature_code":"PPLA3","country_code":"AL","cc2":"AL","admin1_code":"46","admin2_code":"18","admin3_code":"","admin4_code":"","population":"0","elevation":"","dem":"898","timezone":"Europe/Tirane","modification_date":"2012-06-11"},{"geonameid":"781924","name":"Proptisht","asciiname":"Proptisht","alternatenames":["Propishte","Propishtë","Proptisht","Proptishta","Proptishte","Proptishti","Proptishtë"],"latitude":"40.98611","longitude":"20.5025","feature_class":"P","feature_code":"PPLA3","country_code":"AL","cc2":"AL","admin1_code":"46","admin2_code":"18","admin3_code":"","admin4_code":"","population":"0","elevation":"","dem":"600","timezone":"Europe/Tirane","modification_date":"2012-06-11"},{"geonameid":"781927","name":"Progër","asciiname":"Proger","alternatenames":["Proger","Progeri","Progri","Progër","Progëri"],"latitude":"40.69417","longitude":"20.94028","feature_class":"P","feature_code":"PPLA3","country_code":"AL","cc2":"AL","admin1_code":"46","admin2_code":"31","admin3_code":"","admin4_code":"","population":"0","elevation":"","dem":"842","timezone":"Europe/Tirane","modification_date":"2012-06-09"},{"geonameid":"781986","name":"Pojan","asciiname":"Pojan","alternatenames":["Poiani","Pojan","Pojani"],"latitude":"40.72583","longitude":"20.8375","feature_class":"P","feature_code":"PPLA3","country_code":"AL","cc2":"","admin1_code":"46","admin2_code":"09","admin3_code":"","admin4_code":"","population":"0","elevation":"","dem":"823","timezone":"Europe/Tirane","modification_date":"2012-06-10"},{"geonameid":"781988","name":"Pogradec","asciiname":"Pogradec","alternatenames":["Pogradec","Pogradeci","Pogradecis","Pogradets","bo ge la de ci","pogeuladecheu","pwgradts","pwgrdz","Πόγραδετς","Поградец","פוגרדץ","پوگرادتس","波格拉德茨","포그라데츠"],"latitude":"40.9025","longitude":"20.6525","feature_class":"P","feature_code":"PPLA2","country_code":"AL","cc2":"AL","admin1_code":"46","admin2_code":"18","admin3_code":"","admin4_code":"","population":"0","elevation":"","dem":"702","timezone":"Europe/Tirane","modification_date":"2012-06-11"},{"geonameid":"782037","name":"Pirg","asciiname":"Pirg","alternatenames":["Pirg","Pirgu","Pirk"],"latitude":"40.785","longitude":"20.70611","feature_class":"P","feature_code":"PPLA3","country_code":"AL","cc2":"AL","admin1_code":"46","admin2_code":"09","admin3_code":"","admin4_code":"","population":"0","elevation":"","dem":"871","timezone":"Europe/Tirane","modification_date":"2012-06-10"},{"geonameid":"782163","name":"Novoselë","asciiname":"Novosele","alternatenames":["Navosele","Novasela","Novosela","Novosele","Novoselë","Piskal-Novosele","Piskal-Novoselë"],"latitude":"40.76139","longitude":"20.69833","feature_class":"P","feature_code":"PPLA3","country_code":"AL","cc2":"AL","admin1_code":"46","admin2_code":"08","admin3_code":"","admin4_code":"","population":"0","elevation":"","dem":"936","timezone":"Europe/Tirane","modification_date":"2012-06-10"},{"geonameid":"782250","name":"Mollas","asciiname":"Mollas","alternatenames":["Mollas","Mollasi"],"latitude":"40.42556","longitude":"20.67444","feature_class":"P","feature_code":"PPLA3","country_code":"AL","cc2":"AL","admin1_code":"46","admin2_code":"08","admin3_code":"","admin4_code":"","population":"0","elevation":"","dem":"969","timezone":"Europe/Tirane","modification_date":"2012-06-10"},{"geonameid":"782253","name":"Mollaj","asciiname":"Mollaj","alternatenames":["Dooran","Dvoran","Dvorani","Mollaj","Tepexhik"],"latitude":"40.56028","longitude":"20.74028","feature_class":"P","feature_code":"PPLA3","country_code":"AL","cc2":"AL","admin1_code":"46","admin2_code":"09","admin3_code":"","admin4_code":"","population":"0","elevation":"","dem":"893","timezone":"Europe/Tirane","modification_date":"2012-06-10"},{"geonameid":"782270","name":"Miras","asciiname":"Miras","alternatenames":["Bozhigra","Bozhigrad","Bozhigradi","Bozhigrat","Bozigrad","Miras","Mirasi"],"latitude":"40.50917","longitude":"20.92833","feature_class":"P","feature_code":"PPLA3","country_code":"AL","cc2":"AL","admin1_code":"46","admin2_code":"31","admin3_code":"","admin4_code":"","population":"0","elevation":"","dem":"967","timezone":"Europe/Tirane","modification_date":"2012-06-09"},{"geonameid":"782393","name":"Maliq","asciiname":"Maliq","alternatenames":["Malik","Maliq","Maliqi","Малик"],"latitude":"40.70583","longitude":"20.69972","feature_class":"P","feature_code":"PPLA3","country_code":"AL","cc2":"","admin1_code":"46","admin2_code":"09","admin3_code":"","admin4_code":"","population":"3735","elevation":"","dem":"844","timezone":"Europe/Tirane","modification_date":"2012-06-10"},{"geonameid":"782500","name":"Liqenas","asciiname":"Liqenas","alternatenames":["Liqenas","Liqenasi","Postec","Pushteci","Pustec","Pusteci"],"latitude":"40.78667","longitude":"20.90222","feature_class":"P","feature_code":"PPLA3","country_code":"AL","cc2":"AL","admin1_code":"46","admin2_code":"09","admin3_code":"","admin4_code":"","population":"0","elevation":"","dem":"861","timezone":"Europe/Tirane","modification_date":"2012-06-10"},{"geonameid":"782522","name":"Libonik","asciiname":"Libonik","alternatenames":["Libonik","Liboniku","Libovnik"],"latitude":"40.70444","longitude":"20.70861","feature_class":"P","feature_code":"PPLA3","country_code":"AL","cc2":"AL","admin1_code":"46","admin2_code":"09","admin3_code":"","admin4_code":"","population":"0","elevation":"","dem":"832","timezone":"Europe/Tirane","modification_date":"2012-06-10"},{"geonameid":"782535","name":"Leskovik","asciiname":"Leskovik","alternatenames":["Leskovik","Leskoviku","Leskoviqi","Liascovik","Liascovitsi","Liaskoviki","Ljakovici","Лесковик"],"latitude":"40.15139","longitude":"20.59722","feature_class":"P","feature_code":"PPLA3","country_code":"AL","cc2":"","admin1_code":"46","admin2_code":"08","admin3_code":"","admin4_code":"","population":"2655","elevation":"","dem":"909","timezone":"Europe/Tirane","modification_date":"2012-06-10"},{"geonameid":"782576","name":"Lekas","asciiname":"Lekas","alternatenames":["Lekas","Lekasi"],"latitude":"40.60222","longitude":"20.5125","feature_class":"P","feature_code":"PPLA3","country_code":"AL","cc2":"","admin1_code":"46","admin2_code":"09","admin3_code":"","admin4_code":"","population":"0","elevation":"","dem":"1010","timezone":"Europe/Tirane","modification_date":"2012-06-10"},{"geonameid":"782756","name":"Korçë","asciiname":"Korce","alternatenames":["Corce","Corcë","Coritsa","Coritza","Coriza","Corizza","Corriza","Ghiortsa Corcia","Goerice","Gorica","Goritsa","Görice","Korca","Korce","Korcha","Korche","Korcza","Korica","Korice","Koritsa","Koritza","Korrca","Korrce","Korrça","Korrçë","Korytsa","Korça","Korçë","Korčė","Körice","ke er cha","koleucheo","korucha","kwrchh","qwrzh","Κορυτσά","Горица","Корча","קורצה","کورچه","کورچہ","コルチャ","科尔察","코르처"],"latitude":"40.61861","longitude":"20.78083","feature_class":"P","feature_code":"PPLA","country_code":"AL","cc2":"","admin1_code":"46","admin2_code":"09","admin3_code":"","admin4_code":"","population":"58259","elevation":"","dem":"869","timezone":"Europe/Tirane","modification_date":"2012-11-26"},{"geonameid":"782980","name":"Hoçisht","asciiname":"Hocisht","alternatenames":["Hochishte","Hocisht","Hocishte","Hocishti","Hocishtit","Hoçisht","Hoçishti","Hoçishtë"],"latitude":"40.60833","longitude":"20.91417","feature_class":"P","feature_code":"PPLA3","country_code":"AL","cc2":"AL","admin1_code":"46","admin2_code":"31","admin3_code":"","admin4_code":"","population":"0","elevation":"","dem":"919","timezone":"Europe/Tirane","modification_date":"2012-06-09"},{"geonameid":"783259","name":"Ersekë","asciiname":"Erseke","alternatenames":["Colonia","Ehrseka","Erseg Giatseg","Ersek","Erseka","Erseke","Ersekë","Kolonija","Kolonije","Kolonijë","Kolonja","Kolonje","Kolonjë","Эрсека"],"latitude":"40.33778","longitude":"20.67889","feature_class":"P","feature_code":"PPLA2","country_code":"AL","cc2":"","admin1_code":"46","admin2_code":"08","admin3_code":"","admin4_code":"","population":"7890","elevation":"","dem":"1021","timezone":"Europe/Tirane","modification_date":"2012-06-10"},{"geonameid":"783300","name":"Drenovë","asciiname":"Drenove","alternatenames":["Drenova","Drenove","Drenovo","Drenovë"],"latitude":"40.58333","longitude":"20.79222","feature_class":"P","feature_code":"PPLA3","country_code":"AL","cc2":"AL","admin1_code":"46","admin2_code":"09","admin3_code":"","admin4_code":"","population":"0","elevation":"","dem":"954","timezone":"Europe/Tirane","modification_date":"2012-06-10"},{"geonameid":"783343","name":"Dishnicë","asciiname":"Dishnice","alternatenames":["Deshnica","Dishnica","Dishnice","Dishnicë","Tishnica"],"latitude":"40.65139","longitude":"20.81361","feature_class":"P","feature_code":"PPLA3","country_code":"AL","cc2":"AL","admin1_code":"46","admin2_code":"","admin3_code":"","admin4_code":"","population":"0","elevation":"","dem":"877","timezone":"Europe/Tirane","modification_date":"2012-06-06"},{"geonameid":"783412","name":"Çlirim","asciiname":"Clirim","alternatenames":["Clirim","Clirimi","Shenmertir","Shënmërtir","Çlirim","Çlirimi"],"latitude":"40.4175","longitude":"20.55028","feature_class":"P","feature_code":"PPLA3","country_code":"AL","cc2":"AL","admin1_code":"46","admin2_code":"08","admin3_code":"","admin4_code":"","population":"0","elevation":"","dem":"1148","timezone":"Europe/Tirane","modification_date":"2012-06-10"},{"geonameid":"783446","name":"Cerava","asciiname":"Cerava","alternatenames":["Cerav","Cerava","Cerave","Cerrava","Cerrave","Çëravë","Çërrava","Çërravë"],"latitude":"40.85139","longitude":"20.725","feature_class":"P","feature_code":"PPLA3","country_code":"AL","cc2":"","admin1_code":"46","admin2_code":"18","admin3_code":"","admin4_code":"","population":"0","elevation":"","dem":"805","timezone":"Europe/Tirane","modification_date":"2012-06-11"},{"geonameid":"783606","name":"Bilisht","asciiname":"Bilisht","alternatenames":["Biclishta","Biglista","Biklishta","Biklista","Bilisht","Bilishta","Bilishte","Bilishti","Bilishtë","Bilisthi","Viglista","Βίγλιστα","Μπίγλιστα","Билишта","Билишти"],"latitude":"40.6275","longitude":"20.99","feature_class":"P","feature_code":"PPLA3","country_code":"AL","cc2":"","admin1_code":"46","admin2_code":"31","admin3_code":"","admin4_code":"","population":"7114","elevation":"","dem":"926","timezone":"Europe/Tirane","modification_date":"2014-08-25"},{"geonameid":"783629","name":"Dardhas","asciiname":"Dardhas","alternatenames":["Beragozhd","Beragozhda","Beragozhde","Beragozhdi","Beragozhdë","Bragozhati","Bragozhde","Bragozhdë","Bëragozhda","Dardhas","Dardhasi"],"latitude":"40.84583","longitude":"20.65722","feature_class":"P","feature_code":"PPLA3","country_code":"AL","cc2":"AL","admin1_code":"46","admin2_code":"18","admin3_code":"","admin4_code":"","population":"0","elevation":"","dem":"967","timezone":"Europe/Tirane","modification_date":"2012-06-11"},{"geonameid":"783669","name":"Barmash","asciiname":"Barmash","alternatenames":["Barmash","Barmashi"],"latitude":"40.27778","longitude":"20.61833","feature_class":"P","feature_code":"PPLA3","country_code":"AL","cc2":"AL","admin1_code":"46","admin2_code":"08","admin3_code":"","admin4_code":"","population":"0","elevation":"","dem":"879","timezone":"Europe/Tirane","modification_date":"2012-06-10"},{"geonameid":"865079","name":"Moglicë","asciiname":"Moglice","alternatenames":["Moglica","Moglice","Moglicë"],"latitude":"40.71806","longitude":"20.43806","feature_class":"P","feature_code":"PPLA3","country_code":"AL","cc2":"AL","admin1_code":"46","admin2_code":"09","admin3_code":"","admin4_code":"","population":"0","elevation":"","dem":"1112","timezone":"Europe/Tirane","modification_date":"2012-06-10"}]}