{"region_data":{"countryId":"783754","adminCode1":"41","countryName":"Albania","fclName":"country, state, region,...","countryCode":"AL","lng":"20.23333","fcodeName":"first-order administrative division","toponymName":"Qarku i Dibrës","fcl":"A","numberOfChildren":3,"name":"Qarku i Dibrës","fcode":"ADM1","geonameId":865731,"lat":"41.6","adminName1":"Dibër","population":137047},"country_data":{"ISO":"AL","ISO3":"ALB","ISO_Numeric":"008","fips":"AL","country":"Albania","capital":"Tirana","area":"28748","Population":"2986952","Continent":"EU","tld":".al","CurrencyCode":"ALL","CurrencyName":"Lek","Phone":"355","Postal_Code_Format":"","Postal_Code_Regex":"","Languages":"sq,el","geonameid":"783754","neighbours":"MK,GR,ME,RS,XK","EquivalentFipsCode":""},"cities":[{"geonameid":"781110","name":"Zerqan","asciiname":"Zerqan","alternatenames":["Arta","Zergjan","Zergjani","Zerqan","Zerqani","Zrkjan"],"latitude":"41.50222","longitude":"20.36056","feature_class":"P","feature_code":"PPLA3","country_code":"AL","cc2":"AL","admin1_code":"41","admin2_code":"29","admin3_code":"","admin4_code":"","population":"0","elevation":"","dem":"725","timezone":"Europe/Tirane","modification_date":"2012-06-02"},{"geonameid":"781139","name":"Zall-Reç","asciiname":"Zall-Rec","alternatenames":["Rec","Reci","Reç","Reçi","Zali","Zall","Zall-Rec","Zall-Reci","Zall-Reç","Zall-Reçi","Zalli"],"latitude":"41.87611","longitude":"20.32","feature_class":"P","feature_code":"PPLA3","country_code":"AL","cc2":"AL","admin1_code":"41","admin2_code":"02","admin3_code":"","admin4_code":"","population":"0","elevation":"","dem":"488","timezone":"Europe/Tirane","modification_date":"2012-06-02"},{"geonameid":"781144","name":"Zall-Dardhë","asciiname":"Zall-Dardhe","alternatenames":["Zali","Zall i Dardhes","Zall i Dardhës","Zall-Dardha","Zall-Dardhe","Zall-Dardhë","Zalli i Dardes","Zalli i Dardhes","Zalli i Dardhës"],"latitude":"41.80667","longitude":"20.33611","feature_class":"P","feature_code":"PPLA3","country_code":"AL","cc2":"AL","admin1_code":"41","admin2_code":"02","admin3_code":"","admin4_code":"","population":"0","elevation":"","dem":"397","timezone":"Europe/Tirane","modification_date":"2012-06-02"},{"geonameid":"781158","name":"Xibër-Murrizë","asciiname":"Xiber-Murrize","alternatenames":["Murrize","Murrizë","Xiber","Xiber-Muriza","Xiber-Murize","Xiber-Murr","Xiber-Murriz","Xiber-Murriza","Xiber-Murrize","Xiber-Murrizia","Xiberr-Murrize","Xibri","Xibër","Xibër-Murizë","Xibër-Murr","Xibër-Murriz","Xibër-Murriza","Xibër-Murrizia","Xibër-Murrizë","Xibërr-Murrizë","Ziber-Murize","Zibër-Murizë"],"latitude":"41.45472","longitude":"20.02556","feature_class":"P","feature_code":"PPLA3","country_code":"AL","cc2":"AL","admin1_code":"41","admin2_code":"15","admin3_code":"","admin4_code":"","population":"0","elevation":"","dem":"842","timezone":"Europe/Tirane","modification_date":"2012-06-02"},{"geonameid":"781379","name":"Trebisht-Muçinë","asciiname":"Trebisht-Mucine","alternatenames":["Trebisht-Mucina","Trebisht-Mucine","Trebisht-Muçina","Trebisht-Muçinë"],"latitude":"41.41111","longitude":"20.53556","feature_class":"P","feature_code":"PPLA3","country_code":"AL","cc2":"AL","admin1_code":"41","admin2_code":"29","admin3_code":"","admin4_code":"","population":"0","elevation":"","dem":"790","timezone":"Europe/Tirane","modification_date":"2012-06-02"},{"geonameid":"781415","name":"Tomin","asciiname":"Tomin","alternatenames":["Tomin","Tomini","Tonun","Tumini"],"latitude":"41.69083","longitude":"20.42167","feature_class":"P","feature_code":"PPLA3","country_code":"AL","cc2":"AL","admin1_code":"41","admin2_code":"02","admin3_code":"","admin4_code":"","population":"0","elevation":"","dem":"686","timezone":"Europe/Tirane","modification_date":"2012-06-02"},{"geonameid":"781487","name":"Suç","asciiname":"Suc","alternatenames":["Suc","Suci","Suç","Suçi"],"latitude":"41.57694","longitude":"20.05139","feature_class":"P","feature_code":"PPLA3","country_code":"AL","cc2":"AL","admin1_code":"41","admin2_code":"15","admin3_code":"","admin4_code":"","population":"0","elevation":"","dem":"281","timezone":"Europe/Tirane","modification_date":"2012-06-02"},{"geonameid":"781563","name":"Sllovë","asciiname":"Sllove","alternatenames":["Slleva","Sllova","Sllove","Sllovë"],"latitude":"41.80111","longitude":"20.40833","feature_class":"P","feature_code":"PPLA3","country_code":"AL","cc2":"AL","admin1_code":"41","admin2_code":"02","admin3_code":"","admin4_code":"","population":"0","elevation":"","dem":"914","timezone":"Europe/Tirane","modification_date":"2012-06-02"},{"geonameid":"781601","name":"Shupenzë","asciiname":"Shupenze","alternatenames":["Sciupentse","Shepenze","Shtepenz","Shtupenza","Shtëpenz","Shupenz","Shupenza","Shupenze","Shupenzë","Shëpenzë"],"latitude":"41.53","longitude":"20.42361","feature_class":"P","feature_code":"PPLA3","country_code":"AL","cc2":"AL","admin1_code":"41","admin2_code":"29","admin3_code":"","admin4_code":"","population":"0","elevation":"","dem":"499","timezone":"Europe/Tirane","modification_date":"2012-06-02"},{"geonameid":"781740","name":"Selishtë","asciiname":"Selishte","alternatenames":["Selishta","Selishta e Poshtme","Selishte","Selishtë"],"latitude":"41.6275","longitude":"20.27917","feature_class":"P","feature_code":"PPLA3","country_code":"AL","cc2":"AL","admin1_code":"41","admin2_code":"02","admin3_code":"","admin4_code":"","population":"0","elevation":"","dem":"743","timezone":"Europe/Tirane","modification_date":"2012-06-02"},{"geonameid":"781778","name":"Rukaj","asciiname":"Rukaj","alternatenames":["Rukaj"],"latitude":"41.68361","longitude":"20.01917","feature_class":"P","feature_code":"PPLA3","country_code":"AL","cc2":"","admin1_code":"41","admin2_code":"15","admin3_code":"","admin4_code":"","population":"0","elevation":"","dem":"332","timezone":"Europe/Tirane","modification_date":"2012-06-02"},{"geonameid":"782061","name":"Peshkopi","asciiname":"Peshkopi","alternatenames":["Dibra","Dibre","Dibrë","Episkopi","Peshkepija","Peshkepije","Peshkopeja","Peshkopi","Peshkopia","Peshkopie","Peshkopija","Peshkopije","Peshkopië","Peshkopla","Peshkëpijë","Peskopia","Peskopija","Peškopija","Piscopeia","Pishcopeja","Pishkopeja","pei shen ke bi","peshukopi","pesyukopi","pshkwpy","pshkwpya","Επισκοπή","Пешкопеја","Пешкопи","Пешкопия","Пишкопеја","Պեշկոպիա","پشکوپی","پشکوپیا","ペシュコピ","佩什科比","페슈코피"],"latitude":"41.685","longitude":"20.42889","feature_class":"P","feature_code":"PPLA","country_code":"AL","cc2":"","admin1_code":"41","admin2_code":"","admin3_code":"","admin4_code":"","population":"14848","elevation":"","dem":"660","timezone":"Europe/Tirane","modification_date":"2012-01-19"},{"geonameid":"782117","name":"Ostreni i Math","asciiname":"Ostreni i Math","alternatenames":["Ostren","Ostren i Madh","Ostren i Math","Ostren i madhe","Ostren i madhë","Ostreni","Ostreni i Madh","Ostreni i Math","Ostrenimaze","Pljakoni i Mal"],"latitude":"41.43083","longitude":"20.45556","feature_class":"P","feature_code":"PPLA3","country_code":"AL","cc2":"AL","admin1_code":"41","admin2_code":"29","admin3_code":"","admin4_code":"","population":"0","elevation":"","dem":"927","timezone":"Europe/Tirane","modification_date":"2012-06-02"},{"geonameid":"782321","name":"Melan","asciiname":"Melan","alternatenames":["Melan","Melani"],"latitude":"41.65417","longitude":"20.46528","feature_class":"P","feature_code":"PPLA3","country_code":"AL","cc2":"AL","admin1_code":"41","admin2_code":"02","admin3_code":"","admin4_code":"","population":"0","elevation":"","dem":"812","timezone":"Europe/Tirane","modification_date":"2012-06-02"},{"geonameid":"782355","name":"Martanesh","asciiname":"Martanesh","alternatenames":["Kaptina","Martaneshi"],"latitude":"41.4","longitude":"20.2","feature_class":"P","feature_code":"PPLA3","country_code":"AL","cc2":"AL","admin1_code":"41","admin2_code":"29","admin3_code":"","admin4_code":"","population":"0","elevation":"","dem":"905","timezone":"Europe/Tirane","modification_date":"2012-06-02"},{"geonameid":"782372","name":"Maqellarë","asciiname":"Maqellare","alternatenames":["Magellara","Magellare","Magellarë","Makelare","Makelari","Maqellara","Maqellare","Maqellari","Maqellarë","Maqllara","Макеларе","Макелари"],"latitude":"41.58889","longitude":"20.48306","feature_class":"P","feature_code":"PPLA3","country_code":"AL","cc2":"AL","admin1_code":"41","admin2_code":"02","admin3_code":"","admin4_code":"","population":"0","elevation":"","dem":"617","timezone":"Europe/Tirane","modification_date":"2012-06-02"},{"geonameid":"782423","name":"Macukull","asciiname":"Macukull","alternatenames":["Macuklli","Macukuli","Macukull","Macukulli"],"latitude":"41.68861","longitude":"20.11028","feature_class":"P","feature_code":"PPLA3","country_code":"AL","cc2":"AL","admin1_code":"41","admin2_code":"02","admin3_code":"","admin4_code":"","population":"0","elevation":"","dem":"1062","timezone":"Europe/Tirane","modification_date":"2012-06-02"},{"geonameid":"782498","name":"Lis","asciiname":"Lis","alternatenames":["Lis","Lisa","Lise","Lisi","Lisë"],"latitude":"41.6275","longitude":"20.08528","feature_class":"P","feature_code":"PPLA3","country_code":"AL","cc2":"AL","admin1_code":"41","admin2_code":"15","admin3_code":"","admin4_code":"","population":"0","elevation":"","dem":"491","timezone":"Europe/Tirane","modification_date":"2012-06-02"},{"geonameid":"782806","name":"Klos","asciiname":"Klos","alternatenames":["Dullinjasi","Klos","Klosi","Клос"],"latitude":"41.50694","longitude":"20.08667","feature_class":"P","feature_code":"PPLA3","country_code":"AL","cc2":"","admin1_code":"41","admin2_code":"15","admin3_code":"","admin4_code":"","population":"683","elevation":"","dem":"257","timezone":"Europe/Tirane","modification_date":"2012-06-02"},{"geonameid":"782856","name":"Kastriot","asciiname":"Kastriot","alternatenames":["Kastriot","Kastriota","Kastrioti"],"latitude":"41.72944","longitude":"20.37722","feature_class":"P","feature_code":"PPLA3","country_code":"AL","cc2":"AL","admin1_code":"41","admin2_code":"02","admin3_code":"","admin4_code":"","population":"0","elevation":"","dem":"562","timezone":"Europe/Tirane","modification_date":"2012-06-02"},{"geonameid":"783135","name":"Gjorica e Sipërme","asciiname":"Gjorica e Siperme","alternatenames":["Gjorica","Gjorica e Eperme","Gjorica e Epërme","Gjorica e Siperme","Gjorica e Sipërme","Gjorice","Gjorice e Eper","Gjorice e Eperme","Gjorice e Siperme","Gjoricë","Gjoricë e Epër","Gjoricë e Epërme","Gjoricë e Sipërme","Gorice","Goricë"],"latitude":"41.53444","longitude":"20.45","feature_class":"P","feature_code":"PPLA3","country_code":"AL","cc2":"AL","admin1_code":"41","admin2_code":"29","admin3_code":"","admin4_code":"","population":"0","elevation":"","dem":"462","timezone":"Europe/Tirane","modification_date":"2012-06-02"},{"geonameid":"783205","name":"Fushë-Muhurr","asciiname":"Fushe-Muhurr","alternatenames":["Fush-Muhur","Fushe-Muhri","Fushe-Muhur","Fushe-Muhuri","Fushe-Muhurr","Fushe-Muhurri","Fushe-Mukheri","Fushe-Mukhuri","Fushë-Muhri","Fushë-Muhur","Fushë-Muhuri","Fushë-Muhurr","Fushë-Muhurri","Muherr","Muhur","Muhuri","Muhurr","Mukur"],"latitude":"41.67972","longitude":"20.33139","feature_class":"P","feature_code":"PPLA3","country_code":"AL","cc2":"AL","admin1_code":"41","admin2_code":"02","admin3_code":"","admin4_code":"","population":"0","elevation":"","dem":"411","timezone":"Europe/Tirane","modification_date":"2012-06-02"},{"geonameid":"783207","name":"Fushë-Lurë","asciiname":"Fushe-Lure","alternatenames":["Fush' e Lures","Fusha Lures","Fusha Lurës","Fusha e Lures","Fusha e Lurës","Fushe-Lura","Fushe-Lure","Fushë-Lura","Fushë-Lurë","Fush’ e Lurës","Lure e eper","Lurë e epër"],"latitude":"41.80611","longitude":"20.23194","feature_class":"P","feature_code":"PPLA3","country_code":"AL","cc2":"AL","admin1_code":"41","admin2_code":"02","admin3_code":"","admin4_code":"","population":"0","elevation":"","dem":"1065","timezone":"Europe/Tirane","modification_date":"2012-06-02"},{"geonameid":"783210","name":"Fushë-Çidhnë","asciiname":"Fushe-Cidhne","alternatenames":["Fush' e Alijajt","Fusha Ali","Fusha Alijaj","Fushaj","Fushe Alija","Fushe-Alia","Fushe-Alie","Fushe-Cidhen","Fushe-Cidhna","Fushe-Cidhne","Fushë-Alia","Fushë-Alië","Fushë-Çidhna","Fushë-Çidhnë","Fushë-Çidhën","Fush’ e Alijajt"],"latitude":"41.76056","longitude":"20.34111","feature_class":"P","feature_code":"PPLA3","country_code":"AL","cc2":"AL","admin1_code":"41","admin2_code":"02","admin3_code":"","admin4_code":"","population":"0","elevation":"","dem":"401","timezone":"Europe/Tirane","modification_date":"2012-06-02"},{"geonameid":"783212","name":"Fushë-Bulqizë","asciiname":"Fushe-Bulqize","alternatenames":["Bulqize Fusha","Bulqizë Fusha","Fushaj","Fushe-Bulqiza","Fushe-Bulqize","Fushë-Bulqiza","Fushë-Bulqizë"],"latitude":"41.52194","longitude":"20.28222","feature_class":"P","feature_code":"PPLA3","country_code":"AL","cc2":"AL","admin1_code":"41","admin2_code":"29","admin3_code":"","admin4_code":"","population":"0","elevation":"","dem":"678","timezone":"Europe/Tirane","modification_date":"2012-06-02"},{"geonameid":"783370","name":"Derjan","asciiname":"Derjan","alternatenames":["Derjan","Derjani"],"latitude":"41.67361","longitude":"20.05833","feature_class":"P","feature_code":"PPLA3","country_code":"AL","cc2":"AL","admin1_code":"41","admin2_code":"15","admin3_code":"","admin4_code":"","population":"0","elevation":"","dem":"477","timezone":"Europe/Tirane","modification_date":"2012-06-02"},{"geonameid":"783493","name":"Burrel","asciiname":"Burrel","alternatenames":["Burela","Burele","Bureli","Burelë","Burrel","Burrel'","Burrele","Burreli","Burrelë","Буррель"],"latitude":"41.61028","longitude":"20.00889","feature_class":"P","feature_code":"PPLA2","country_code":"AL","cc2":"","admin1_code":"41","admin2_code":"15","admin3_code":"","admin4_code":"","population":"15405","elevation":"","dem":"315","timezone":"Europe/Tirane","modification_date":"2012-06-02"},{"geonameid":"783508","name":"Bulqizë","asciiname":"Bulqize","alternatenames":["Bul'kiza","Bulkiza","Bulqiza","Bulqize","Bulqizë","Bulquize","Булькиза"],"latitude":"41.49167","longitude":"20.22194","feature_class":"P","feature_code":"PPLA2","country_code":"AL","cc2":"","admin1_code":"41","admin2_code":"29","admin3_code":"","admin4_code":"","population":"11212","elevation":"","dem":"775","timezone":"Europe/Tirane","modification_date":"2013-03-15"},{"geonameid":"783739","name":"Arras","asciiname":"Arras","alternatenames":["Arras","Arrasi"],"latitude":"41.73583","longitude":"20.32417","feature_class":"P","feature_code":"PPLA3","country_code":"AL","cc2":"AL","admin1_code":"41","admin2_code":"02","admin3_code":"","admin4_code":"","population":"0","elevation":"","dem":"417","timezone":"Europe/Tirane","modification_date":"2012-06-02"},{"geonameid":"3183824","name":"Ulëz","asciiname":"Ulez","alternatenames":["Ulez","Uleza","Ulza","Ulze","Ulzë","Ulëz","Ulëza"],"latitude":"41.68278","longitude":"19.89333","feature_class":"P","feature_code":"PPLA3","country_code":"AL","cc2":"AL","admin1_code":"41","admin2_code":"15","admin3_code":"","admin4_code":"","population":"4","elevation":"","dem":"162","timezone":"Europe/Tirane","modification_date":"2012-06-02"},{"geonameid":"3185140","name":"Kombësi","asciiname":"Kombesi","alternatenames":["Kombesi","Kombesia","Kombesit","Kombësi","Kombësia","Komesi","Komesia","Komsi","Komësi","Komësia"],"latitude":"41.58167","longitude":"19.98556","feature_class":"P","feature_code":"PPLA3","country_code":"AL","cc2":"AL","admin1_code":"41","admin2_code":"15","admin3_code":"","admin4_code":"","population":"0","elevation":"","dem":"317","timezone":"Europe/Tirane","modification_date":"2012-06-02"},{"geonameid":"3185426","name":"Gurra e Vogël","asciiname":"Gurra e Vogel","alternatenames":["Gura Vogel","Gura Vogël","Gurr' e Vogel","Gurra Vogel","Gurra e Vogel","Gurra e Vogël","Gurre e Vogel","Gurrë e Vogël","Gurr’ e Vogel"],"latitude":"41.53611","longitude":"19.99083","feature_class":"P","feature_code":"PPLA3","country_code":"AL","cc2":"AL","admin1_code":"41","admin2_code":"15","admin3_code":"","admin4_code":"","population":"0","elevation":"","dem":"512","timezone":"Europe/Tirane","modification_date":"2012-06-02"},{"geonameid":"3186103","name":"Baz","asciiname":"Baz","alternatenames":["Baz","Baza","Baze","Bazi","Bazja","Bazje","Bazjë","Bazë"],"latitude":"41.63194","longitude":"19.92917","feature_class":"P","feature_code":"PPLA3","country_code":"AL","cc2":"AL","admin1_code":"41","admin2_code":"15","admin3_code":"","admin4_code":"","population":"0","elevation":"","dem":"319","timezone":"Europe/Tirane","modification_date":"2012-06-02"}]}