{"region_data":{"countryId":"783754","adminCode1":"43","countryName":"Albania","fclName":"country, state, region,...","countryCode":"AL","lng":"20.2","fcodeName":"first-order administrative division","toponymName":"Qarku i Elbasanit","fcl":"A","numberOfChildren":4,"name":"Qarku i Elbasanit","fcode":"ADM1","geonameId":865732,"lat":"41.06667","adminName1":"Elbasan","population":295827},"country_data":{"ISO":"AL","ISO3":"ALB","ISO_Numeric":"008","fips":"AL","country":"Albania","capital":"Tirana","area":"28748","Population":"2986952","Continent":"EU","tld":".al","CurrencyCode":"ALL","CurrencyName":"Lek","Phone":"355","Postal_Code_Format":"","Postal_Code_Regex":"","Languages":"sq,el","geonameid":"783754","neighbours":"MK,GR,ME,RS,XK","EquivalentFipsCode":""},"cities":[{"geonameid":"781127","name":"Zavalinë","asciiname":"Zavaline","alternatenames":["Zavalin","Zavalina","Zavaline","Zavalinë"],"latitude":"40.98083","longitude":"20.28083","feature_class":"P","feature_code":"PPLA3","country_code":"AL","cc2":"AL","admin1_code":"43","admin2_code":"04","admin3_code":"","admin4_code":"","population":"0","elevation":"","dem":"844","timezone":"Europe/Tirane","modification_date":"2012-05-31"},{"geonameid":"781343","name":"Tunjë","asciiname":"Tunje","alternatenames":["Tune","Tunia","Tunja","Tunje","Tunjë"],"latitude":"40.83417","longitude":"20.11194","feature_class":"P","feature_code":"PPLA3","country_code":"AL","cc2":"AL","admin1_code":"43","admin2_code":"07","admin3_code":"","admin4_code":"","population":"0","elevation":"","dem":"597","timezone":"Europe/Tirane","modification_date":"2012-05-31"},{"geonameid":"781376","name":"Tregan","asciiname":"Tregan","alternatenames":["Tregan","Tregani"],"latitude":"41.02472","longitude":"20.07833","feature_class":"P","feature_code":"PPLA3","country_code":"AL","cc2":"AL","admin1_code":"43","admin2_code":"04","admin3_code":"","admin4_code":"","population":"0","elevation":"","dem":"259","timezone":"Europe/Tirane","modification_date":"2012-05-31"},{"geonameid":"781472","name":"Sult","asciiname":"Sult","alternatenames":["Sul","Suli","Sult","Sulta","Sulte","Sulti","Sultë"],"latitude":"40.88472","longitude":"20.09944","feature_class":"P","feature_code":"PPLA3","country_code":"AL","cc2":"AL","admin1_code":"43","admin2_code":"07","admin3_code":"","admin4_code":"","population":"0","elevation":"","dem":"439","timezone":"Europe/Tirane","modification_date":"2012-05-31"},{"geonameid":"781506","name":"Stravaj","asciiname":"Stravaj","alternatenames":["Lira","Stovanit","Stravaj","Stravaje","Stravaji","Stravan","Stravani","Strevan"],"latitude":"41.00528","longitude":"20.42306","feature_class":"P","feature_code":"PPLA3","country_code":"AL","cc2":"AL","admin1_code":"43","admin2_code":"13","admin3_code":"","admin4_code":"","population":"0","elevation":"","dem":"729","timezone":"Europe/Tirane","modification_date":"2012-06-01"},{"geonameid":"781521","name":"Steblevë","asciiname":"Stebleve","alternatenames":["Slinza","Stebilova","Steblev","Stebleva","Stebleve","Steblevë","Stebljeva","Stebllova","Sterbleva","Stërbleva","Šlinza"],"latitude":"41.33722","longitude":"20.47","feature_class":"P","feature_code":"PPLA3","country_code":"AL","cc2":"AL","admin1_code":"43","admin2_code":"13","admin3_code":"","admin4_code":"","population":"0","elevation":"","dem":"1148","timezone":"Europe/Tirane","modification_date":"2012-06-01"},{"geonameid":"781580","name":"Skënderbegas","asciiname":"Skenderbegas","alternatenames":["Shemberdhej i Poshtem","Shemberdhenj i Poshtem","Shemberthej i Poshtem","Shemerdhej i Poshtme","Shemerdhenj i Poshtem","Shemerdhenj i Poshtëm","Shenmerllag","Shëmberdhej i Poshtëm","Shëmberdhenj i Poshtëm","Shëmbërthej i Poshtëm","Shëmerdhej i Poshtme","Shënmerllag","Skenderbegas","Skenderbegasi","Skënderbegas","Skënderbegasi"],"latitude":"40.77611","longitude":"20.24056","feature_class":"P","feature_code":"PPLA3","country_code":"AL","cc2":"AL","admin1_code":"43","admin2_code":"07","admin3_code":"","admin4_code":"","population":"0","elevation":"","dem":"521","timezone":"Europe/Tirane","modification_date":"2012-05-31"},{"geonameid":"781599","name":"Shushicë","asciiname":"Shushice","alternatenames":["Scuscitsa","Shushica","Shushice","Shushicë"],"latitude":"41.0975","longitude":"20.14833","feature_class":"P","feature_code":"PPLA3","country_code":"AL","cc2":"AL","admin1_code":"43","admin2_code":"04","admin3_code":"","admin4_code":"","population":"0","elevation":"","dem":"199","timezone":"Europe/Tirane","modification_date":"2012-05-31"},{"geonameid":"781667","name":"Shirgjan","asciiname":"Shirgjan","alternatenames":["Shirgjan","Shirgjani"],"latitude":"41.05194","longitude":"20.05333","feature_class":"P","feature_code":"PPLA3","country_code":"AL","cc2":"AL","admin1_code":"43","admin2_code":"04","admin3_code":"","admin4_code":"","population":"0","elevation":"","dem":"124","timezone":"Europe/Tirane","modification_date":"2012-05-31"},{"geonameid":"781795","name":"Rajcë","asciiname":"Rajce","alternatenames":["Raica","Rajca","Rajce","Rajcë","Rrajca","Rrajce","Rrajcë","Sula"],"latitude":"41.09028","longitude":"20.57639","feature_class":"P","feature_code":"PPLA3","country_code":"AL","cc2":"AL","admin1_code":"43","admin2_code":"13","admin3_code":"","admin4_code":"","population":"0","elevation":"","dem":"694","timezone":"Europe/Tirane","modification_date":"2012-06-01"},{"geonameid":"781862","name":"Qukës-Skënderbe","asciiname":"Qukes-Skenderbe","alternatenames":["Qukes-Skenderbe","Qukes-Skenderbej","Qukes-Skenderbeu","Qukës-Skënderbe","Qukës-Skënderbej","Qukës-Skënderbeu"],"latitude":"41.08389","longitude":"20.43806","feature_class":"P","feature_code":"PPLA3","country_code":"AL","cc2":"AL","admin1_code":"43","admin2_code":"13","admin3_code":"","admin4_code":"","population":"0","elevation":"","dem":"556","timezone":"Europe/Tirane","modification_date":"2012-06-01"},{"geonameid":"781919","name":"Përrenjas-Fshat","asciiname":"Perrenjas-Fshat","alternatenames":["Perrenjas-Fshat","Prrenjas-Fshat","Prrenjasi","Përrenjas-Fshat"],"latitude":"41.06667","longitude":"20.53528","feature_class":"P","feature_code":"PPL","country_code":"AL","cc2":"","admin1_code":"43","admin2_code":"","admin3_code":"","admin4_code":"","population":"4015","elevation":"","dem":"586","timezone":"Europe/Tirane","modification_date":"2012-01-19"},{"geonameid":"781920","name":"Përrenjas","asciiname":"Perrenjas","alternatenames":["Fshat Perrenjasi","Fshat Përrenjasi","Perren'jas","Perrenjas","Perrenjasi","Perrenjes","Prenjas","Prenjasi","Prenjesi","Prenjs","Prenjësi","Prrenjas","Prrenjasi","Përrenjas","Përrenjasi","Përrenjës","Перреньяс"],"latitude":"41.07306","longitude":"20.54889","feature_class":"P","feature_code":"PPLA3","country_code":"AL","cc2":"AL","admin1_code":"43","admin2_code":"13","admin3_code":"","admin4_code":"","population":"0","elevation":"","dem":"591","timezone":"Europe/Tirane","modification_date":"2012-06-01"},{"geonameid":"781962","name":"Poroçan","asciiname":"Porocan","alternatenames":["Porocan","Porocani","Poroçan","Poroçani"],"latitude":"40.94194","longitude":"20.29861","feature_class":"P","feature_code":"PPLA3","country_code":"AL","cc2":"AL","admin1_code":"43","admin2_code":"07","admin3_code":"","admin4_code":"","population":"0","elevation":"","dem":"770","timezone":"Europe/Tirane","modification_date":"2012-05-31"},{"geonameid":"781974","name":"Polis-Gostimë","asciiname":"Polis-Gostime","alternatenames":["Polis","Polis i-Madh","Polis-Gostime","Polis-Gostimë","Polisi","Polisi Mazi","Xhamia e Siperme","Xhamia e Sipërme"],"latitude":"41.13333","longitude":"20.25833","feature_class":"P","feature_code":"PPLA3","country_code":"AL","cc2":"AL","admin1_code":"43","admin2_code":"13","admin3_code":"","admin4_code":"","population":"0","elevation":"","dem":"574","timezone":"Europe/Tirane","modification_date":"2012-06-01"},{"geonameid":"782035","name":"Pishaj","asciiname":"Pishaj","alternatenames":["Pishaj"],"latitude":"40.88111","longitude":"20.18278","feature_class":"P","feature_code":"PPLA3","country_code":"AL","cc2":"","admin1_code":"43","admin2_code":"07","admin3_code":"","admin4_code":"","population":"0","elevation":"","dem":"193","timezone":"Europe/Tirane","modification_date":"2012-05-31"},{"geonameid":"782140","name":"Orenjë","asciiname":"Orenje","alternatenames":["Oreja","Orenja","Orenje","Orenjë","Orhenja","Orhenje","Orhenjë"],"latitude":"41.28472","longitude":"20.21194","feature_class":"P","feature_code":"PPLA3","country_code":"AL","cc2":"AL","admin1_code":"43","admin2_code":"13","admin3_code":"","admin4_code":"","population":"0","elevation":"","dem":"802","timezone":"Europe/Tirane","modification_date":"2012-06-01"},{"geonameid":"782248","name":"Mollas","asciiname":"Mollas","alternatenames":["Maulas","Mollas","Mollasi","Motas"],"latitude":"40.92694","longitude":"20.00361","feature_class":"P","feature_code":"PPLA3","country_code":"AL","cc2":"AL","admin1_code":"43","admin2_code":"04","admin3_code":"","admin4_code":"","population":"0","elevation":"","dem":"110","timezone":"Europe/Tirane","modification_date":"2012-05-31"},{"geonameid":"782443","name":"Lunik","asciiname":"Lunik","alternatenames":["Ljumnik","Lumnik","Lunik","Lunike","Luniku","Lunikë"],"latitude":"41.28917","longitude":"20.32361","feature_class":"P","feature_code":"PPLA3","country_code":"AL","cc2":"AL","admin1_code":"43","admin2_code":"13","admin3_code":"","admin4_code":"","population":"0","elevation":"","dem":"668","timezone":"Europe/Tirane","modification_date":"2012-06-01"},{"geonameid":"782519","name":"Librazhd","asciiname":"Librazhd","alternatenames":["Labrazhd","Libohov","Libohovo","Libokhovon","Libradzh","Librash","Librazdi","Librazhd","Librazhdi","Librazhet","Libraždi","Либрадж"],"latitude":"41.17944","longitude":"20.315","feature_class":"P","feature_code":"PPLA2","country_code":"AL","cc2":"AL","admin1_code":"43","admin2_code":"13","admin3_code":"","admin4_code":"","population":"0","elevation":"","dem":"251","timezone":"Europe/Tirane","modification_date":"2012-06-01"},{"geonameid":"782560","name":"Lenias","asciiname":"Lenias","alternatenames":["Lenias","Leniasi","Lenie","Schinapremtja","Scinapremte","Shenapremte","Shenapremtja","Shenaprende","Shenepremte","Shenepremtja","Shenpremtja","Shinapremta","Shinapremte","Shinepremtja","Shënapremte","Shënapremtja","Shënepremtja","Shëneprëmte","Shënpremtja"],"latitude":"40.76667","longitude":"20.39139","feature_class":"P","feature_code":"PPLA3","country_code":"AL","cc2":"AL","admin1_code":"43","admin2_code":"07","admin3_code":"","admin4_code":"","population":"0","elevation":"","dem":"986","timezone":"Europe/Tirane","modification_date":"2012-05-31"},{"geonameid":"782611","name":"Labinot-Mal","asciiname":"Labinot-Mal","alternatenames":["Labinot","Labinot e-siperm","Labinot e-sipërm","Labinot i Siperm","Labinot i Sipërm","Labinot-Mal","Labinoti i Siperm","Labinoti i Sipërm","Labinoti i siperme","Labinoti i sipermë","Labinoti-Mal","Labinotie i Siperme","Labinotie i Sipermë","Ljabinoti sipermi"],"latitude":"41.20083","longitude":"20.15222","feature_class":"P","feature_code":"PPLA3","country_code":"AL","cc2":"AL","admin1_code":"43","admin2_code":"04","admin3_code":"","admin4_code":"","population":"0","elevation":"","dem":"823","timezone":"Europe/Tirane","modification_date":"2012-05-31"},{"geonameid":"782612","name":"Labinot-Fushë","asciiname":"Labinot-Fushe","alternatenames":["Labinot","Labinot i Poshtem","Labinot i Poshtëm","Labinot-Fushe","Labinot-Fushë","Labinoti","Labinoti i Poshtem","Labinoti-Fushe","Labinoti-Fushë"],"latitude":"41.14056","longitude":"20.14611","feature_class":"P","feature_code":"PPLA3","country_code":"AL","cc2":"AL","admin1_code":"43","admin2_code":"04","admin3_code":"","admin4_code":"","population":"0","elevation":"","dem":"165","timezone":"Europe/Tirane","modification_date":"2012-05-31"},{"geonameid":"782622","name":"Kushovë","asciiname":"Kushove","alternatenames":["Kushova","Kushove","Kushovë","Shaltura"],"latitude":"40.78889","longitude":"20.18889","feature_class":"P","feature_code":"PPLA3","country_code":"AL","cc2":"AL","admin1_code":"43","admin2_code":"07","admin3_code":"","admin4_code":"","population":"0","elevation":"","dem":"306","timezone":"Europe/Tirane","modification_date":"2012-05-31"},{"geonameid":"782658","name":"Kukur","asciiname":"Kukur","alternatenames":["Kuker","Kukeri","Kukur","Kukuri","Kukër","Kukëri"],"latitude":"40.86778","longitude":"20.36361","feature_class":"P","feature_code":"PPLA3","country_code":"AL","cc2":"AL","admin1_code":"43","admin2_code":"07","admin3_code":"","admin4_code":"","population":"0","elevation":"","dem":"797","timezone":"Europe/Tirane","modification_date":"2012-05-31"},{"geonameid":"782791","name":"Kodovjat","asciiname":"Kodovjat","alternatenames":["Kodoviati","Kodovjat","Kodovjati","Lidaj"],"latitude":"40.80556","longitude":"20.25111","feature_class":"P","feature_code":"PPLA3","country_code":"AL","cc2":"AL","admin1_code":"43","admin2_code":"07","admin3_code":"","admin4_code":"","population":"0","elevation":"","dem":"276","timezone":"Europe/Tirane","modification_date":"2012-05-31"},{"geonameid":"782807","name":"Klos","asciiname":"Klos","alternatenames":["Klos","Klosi","Клос"],"latitude":"40.94611","longitude":"20.00972","feature_class":"P","feature_code":"PPLA3","country_code":"AL","cc2":"AL","admin1_code":"43","admin2_code":"04","admin3_code":"","admin4_code":"","population":"0","elevation":"","dem":"109","timezone":"Europe/Tirane","modification_date":"2012-05-31"},{"geonameid":"782963","name":"Hotolisht","asciiname":"Hotolisht","alternatenames":["Baldreti","Hodolishti","Hotolisht","Hotolishta","Hotolishti","Kotolishta","Otolisht"],"latitude":"41.15667","longitude":"20.39722","feature_class":"P","feature_code":"PPLA3","country_code":"AL","cc2":"AL","admin1_code":"43","admin2_code":"13","admin3_code":"","admin4_code":"","population":"0","elevation":"","dem":"656","timezone":"Europe/Tirane","modification_date":"2012-06-01"},{"geonameid":"783059","name":"Gramsh","asciiname":"Gramsh","alternatenames":["Gramish","Gramsci","Gramsh","Gramshi","Грамш"],"latitude":"40.86972","longitude":"20.18444","feature_class":"P","feature_code":"PPLA2","country_code":"AL","cc2":"","admin1_code":"43","admin2_code":"07","admin3_code":"","admin4_code":"","population":"11556","elevation":"","dem":"200","timezone":"Europe/Tirane","modification_date":"2012-05-31"},{"geonameid":"783086","name":"Gostimë","asciiname":"Gostime","alternatenames":["Gostim-Mal","Gostim-Mali","Gostima","Gostime","Gostime-Mal","Gostimë","Gostimë-Mal"],"latitude":"41.14556","longitude":"20.24","feature_class":"P","feature_code":"PPLA3","country_code":"AL","cc2":"AL","admin1_code":"43","admin2_code":"04","admin3_code":"","admin4_code":"","population":"0","elevation":"","dem":"309","timezone":"Europe/Tirane","modification_date":"2012-05-31"},{"geonameid":"783156","name":"Gjinar","asciiname":"Gjinar","alternatenames":["Giniari","Gjinar","Gjinari"],"latitude":"41.0225","longitude":"20.18889","feature_class":"P","feature_code":"PPLA3","country_code":"AL","cc2":"AL","admin1_code":"43","admin2_code":"04","admin3_code":"","admin4_code":"","population":"0","elevation":"","dem":"764","timezone":"Europe/Tirane","modification_date":"2012-05-31"},{"geonameid":"783163","name":"Gjergjan","asciiname":"Gjergjan","alternatenames":["Gjergjan","Gjergjani","Gjergjenj"],"latitude":"41.04306","longitude":"20.02972","feature_class":"P","feature_code":"PPLA3","country_code":"AL","cc2":"AL","admin1_code":"43","admin2_code":"04","admin3_code":"","admin4_code":"","population":"0","elevation":"","dem":"134","timezone":"Europe/Tirane","modification_date":"2012-05-31"},{"geonameid":"783263","name":"Elbasan","asciiname":"Elbasan","alternatenames":["Ehl'basan","Elbasan","Elbasani","Elbassan","Эльбасан"],"latitude":"41.1125","longitude":"20.08222","feature_class":"P","feature_code":"PPLA","country_code":"AL","cc2":"","admin1_code":"43","admin2_code":"","admin3_code":"","admin4_code":"","population":"100903","elevation":"","dem":"128","timezone":"Europe/Tirane","modification_date":"2012-01-19"},{"geonameid":"783560","name":"Bradashesh","asciiname":"Bradashesh","alternatenames":["Bradashesh","Bradasheshi","Bradosheshi"],"latitude":"41.105","longitude":"20.0225","feature_class":"P","feature_code":"PPLA3","country_code":"AL","cc2":"AL","admin1_code":"43","admin2_code":"04","admin3_code":"","admin4_code":"","population":"0","elevation":"","dem":"112","timezone":"Europe/Tirane","modification_date":"2012-05-31"},{"geonameid":"832209","name":"Librazhd-Qendër","asciiname":"Librazhd-Qender","alternatenames":["Hala","Librazhd Qendre","Librazhd Qëndre","Librazhd-Qender","Librazhd-Qendër"],"latitude":"41.19694","longitude":"20.33556","feature_class":"P","feature_code":"PPLA3","country_code":"AL","cc2":"","admin1_code":"43","admin2_code":"13","admin3_code":"","admin4_code":"","population":"12691","elevation":"","dem":"554","timezone":"Europe/Tirane","modification_date":"2012-06-01"},{"geonameid":"834294","name":"Funarë","asciiname":"Funare","alternatenames":["Funar","Funari"],"latitude":"41.19639","longitude":"20.05972","feature_class":"P","feature_code":"PPLA3","country_code":"AL","cc2":"AL","admin1_code":"43","admin2_code":"04","admin3_code":"","admin4_code":"","population":"0","elevation":"","dem":"729","timezone":"Europe/Tirane","modification_date":"2012-05-31"},{"geonameid":"3184101","name":"Shezë","asciiname":"Sheze","alternatenames":["Seza","Sheza","Sheze","Sheze e Madhe","Shezë","Shezë e Madhe","Ujeza"],"latitude":"41.02417","longitude":"19.81611","feature_class":"P","feature_code":"PPLA3","country_code":"AL","cc2":"AL","admin1_code":"43","admin2_code":"38","admin3_code":"","admin4_code":"","population":"0","elevation":"","dem":"46","timezone":"Europe/Tirane","modification_date":"2012-06-01"},{"geonameid":"3184167","name":"Shalës","asciiname":"Shales","alternatenames":["Scials","Shales","Shalesi","Shalës","Shalësi"],"latitude":"40.99861","longitude":"19.94778","feature_class":"P","feature_code":"PPLA3","country_code":"AL","cc2":"AL","admin1_code":"43","admin2_code":"04","admin3_code":"","admin4_code":"","population":"0","elevation":"","dem":"122","timezone":"Europe/Tirane","modification_date":"2012-05-31"},{"geonameid":"3184276","name":"Rrasa e Sipërme","asciiname":"Rrasa e Siperme","alternatenames":["Rasa e Siperme","Rasa e Sipërme","Rrasa e Siperme","Rrasa e Sipërme","Rrase e Siperme","Rrasë e Sipërme"],"latitude":"40.96778","longitude":"19.82111","feature_class":"P","feature_code":"PPLA3","country_code":"AL","cc2":"AL","admin1_code":"43","admin2_code":"04","admin3_code":"","admin4_code":"","population":"0","elevation":"","dem":"153","timezone":"Europe/Tirane","modification_date":"2012-05-31"},{"geonameid":"3184484","name":"Përparim","asciiname":"Perparim","alternatenames":["Perparim","Perparimi","Përparim"],"latitude":"41.05","longitude":"19.79917","feature_class":"P","feature_code":"PPLA3","country_code":"AL","cc2":"AL","admin1_code":"43","admin2_code":"38","admin3_code":"","admin4_code":"","population":"0","elevation":"","dem":"88","timezone":"Europe/Tirane","modification_date":"2012-06-01"},{"geonameid":"3184497","name":"Peqin","asciiname":"Peqin","alternatenames":["Pecin","Pekin","Pekini","Pekinj","Peqin","Peqini","Peqinj","Пекин"],"latitude":"41.04611","longitude":"19.75111","feature_class":"P","feature_code":"PPLA2","country_code":"AL","cc2":"","admin1_code":"43","admin2_code":"38","admin3_code":"","admin4_code":"","population":"7513","elevation":"","dem":"52","timezone":"Europe/Tirane","modification_date":"2012-06-01"},{"geonameid":"3184538","name":"Papër","asciiname":"Paper","alternatenames":["Kulej-Paper","Kulej-Paperi","Kulej-Papër","Kulej-Papëri","Kull' e Paprit","Kulla Paprit","Kull’ e Paprit","Paper","Paperi","Papri","Papër","Papëri"],"latitude":"41.05167","longitude":"19.96083","feature_class":"P","feature_code":"PPLA3","country_code":"AL","cc2":"AL","admin1_code":"43","admin2_code":"04","admin3_code":"","admin4_code":"","population":"0","elevation":"","dem":"85","timezone":"Europe/Tirane","modification_date":"2012-05-31"},{"geonameid":"3184562","name":"Pajovë","asciiname":"Pajove","alternatenames":["Pajova","Pajove","Pajovë","Perpajsi"],"latitude":"41.05472","longitude":"19.8375","feature_class":"P","feature_code":"PPLA3","country_code":"AL","cc2":"AL","admin1_code":"43","admin2_code":"38","admin3_code":"","admin4_code":"","population":"0","elevation":"","dem":"63","timezone":"Europe/Tirane","modification_date":"2012-06-01"},{"geonameid":"3185246","name":"Karinë","asciiname":"Karine","alternatenames":["Karina","Karina Kosenj","Karine","Karinë"],"latitude":"41.06306","longitude":"19.71611","feature_class":"P","feature_code":"PPLA3","country_code":"AL","cc2":"AL","admin1_code":"43","admin2_code":"38","admin3_code":"","admin4_code":"","population":"0","elevation":"","dem":"31","timezone":"Europe/Tirane","modification_date":"2012-06-01"},{"geonameid":"3185315","name":"Kajan","asciiname":"Kajan","alternatenames":["Kajan","Kajani","Shkembi","Shkëmbi"],"latitude":"40.91417","longitude":"19.88944","feature_class":"P","feature_code":"PPLA3","country_code":"AL","cc2":"AL","admin1_code":"43","admin2_code":"04","admin3_code":"","admin4_code":"","population":"0","elevation":"","dem":"173","timezone":"Europe/Tirane","modification_date":"2012-05-31"},{"geonameid":"3185469","name":"Grekan","asciiname":"Grekan","alternatenames":["Grekan","Grekani"],"latitude":"40.92944","longitude":"19.9475","feature_class":"P","feature_code":"PPLA3","country_code":"AL","cc2":"AL","admin1_code":"43","admin2_code":"04","admin3_code":"","admin4_code":"","population":"0","elevation":"","dem":"158","timezone":"Europe/Tirane","modification_date":"2012-05-31"},{"geonameid":"3185491","name":"Gracen","asciiname":"Gracen","alternatenames":["Gracen","Graceni","Grrecen","Grreceni"],"latitude":"41.15194","longitude":"19.96361","feature_class":"P","feature_code":"PPLA3","country_code":"AL","cc2":"AL","admin1_code":"43","admin2_code":"04","admin3_code":"3185492","admin4_code":"","population":"0","elevation":"","dem":"763","timezone":"Europe/Tirane","modification_date":"2012-05-31"},{"geonameid":"3185567","name":"Gjoçaj","asciiname":"Gjocaj","alternatenames":["Djocaj","Gjocaj","Gjocej","Gjoçaj","Ðjocaj"],"latitude":"41.02556","longitude":"19.72389","feature_class":"P","feature_code":"PPLA3","country_code":"AL","cc2":"AL","admin1_code":"43","admin2_code":"38","admin3_code":"","admin4_code":"","population":"0","elevation":"","dem":"33","timezone":"Europe/Tirane","modification_date":"2012-06-01"},{"geonameid":"3185897","name":"Cërrik","asciiname":"Cerrik","alternatenames":["Cerrik","Cerriku","Cërrik","Valasi","Церрик"],"latitude":"41.03167","longitude":"19.97583","feature_class":"P","feature_code":"PPLA3","country_code":"AL","cc2":"","admin1_code":"43","admin2_code":"04","admin3_code":"","admin4_code":"","population":"14269","elevation":"","dem":"77","timezone":"Europe/Tirane","modification_date":"2012-05-31"},{"geonameid":"3186093","name":"Belsh","asciiname":"Belsh","alternatenames":["Belesh","Beleshi","Beleshit","Belsh","Belshi","Belësh","Belëshi","Belëshit"],"latitude":"40.975","longitude":"19.88194","feature_class":"P","feature_code":"PPLA3","country_code":"AL","cc2":"AL","admin1_code":"43","admin2_code":"04","admin3_code":"","admin4_code":"","population":"0","elevation":"","dem":"217","timezone":"Europe/Tirane","modification_date":"2012-05-31"},{"geonameid":"3343744","name":"Fierzë","asciiname":"Fierze","alternatenames":["Fierza","Fierze","Fierzë","Фиерза"],"latitude":"40.92056","longitude":"19.84694","feature_class":"P","feature_code":"PPLA3","country_code":"AL","cc2":"AL","admin1_code":"43","admin2_code":"04","admin3_code":"","admin4_code":"","population":"0","elevation":"","dem":"178","timezone":"Europe/Tirane","modification_date":"2012-05-31"}]}