{"region_data":{"countryId":"783754","adminCode1":"51","countryName":"Albania","fclName":"country, state, region,...","countryCode":"AL","lng":"19.8","fcodeName":"first-order administrative division","toponymName":"Qarku i Vlorës","fcl":"A","numberOfChildren":3,"name":"Qarku i Vlorës","fcode":"ADM1","geonameId":3344952,"lat":"40.16667","adminName1":"Vlorë","population":0},"country_data":{"ISO":"AL","ISO3":"ALB","ISO_Numeric":"008","fips":"AL","country":"Albania","capital":"Tirana","area":"28748","Population":"2986952","Continent":"EU","tld":".al","CurrencyCode":"ALL","CurrencyName":"Lek","Phone":"355","Postal_Code_Format":"","Postal_Code_Regex":"","Languages":"sq,el","geonameid":"783754","neighbours":"MK,GR,ME,RS,XK","EquivalentFipsCode":""},"cities":[{"geonameid":"363200","name":"Xarrë","asciiname":"Xarre","alternatenames":["Cara","Qare","Qarë","Xara","Xare","Xarja","Xarra","Xarre","Xarrë","Xarë"],"latitude":"39.72833","longitude":"20.05444","feature_class":"P","feature_code":"PPLA3","country_code":"AL","cc2":"AL","admin1_code":"51","admin2_code":"20","admin3_code":"","admin4_code":"","population":"0","elevation":"","dem":"8","timezone":"Europe/Tirane","modification_date":"2012-06-14"},{"geonameid":"363243","name":"Sarandë","asciiname":"Sarande","alternatenames":["Agioi","Agioi Saranta","Ayii Saranda","Hagios Saranta","Onchesmus","Porto Edda","Santa Quaranta","Santi Quaranta","Saranda","Sarande","Sarandë","Sarandė","Saranta","Zogaj","sa lan da","salandeo","saranda","sarandh","srndh","Άγιοι Σαράντα","Саранда","סרנדה","سارانده","ساراندہ","サランダ","萨兰达","사란더"],"latitude":"39.87556","longitude":"20.00528","feature_class":"P","feature_code":"PPLA2","country_code":"AL","cc2":"","admin1_code":"51","admin2_code":"20","admin3_code":"","admin4_code":"","population":"15147","elevation":"","dem":"32","timezone":"Europe/Tirane","modification_date":"2012-06-14"},{"geonameid":"363285","name":"Mesopotam","asciiname":"Mesopotam","alternatenames":["Mesapotami","Mesopotam","Mesopotam i Poshter","Mesopotam i Poshtër","Mesopotami","Mesopotamo","Mesopótamo"],"latitude":"39.91028","longitude":"20.09222","feature_class":"P","feature_code":"PPLA3","country_code":"AL","cc2":"AL","admin1_code":"51","admin2_code":"30","admin3_code":"","admin4_code":"","population":"0","elevation":"","dem":"47","timezone":"Europe/Tirane","modification_date":"2012-06-14"},{"geonameid":"363288","name":"Markat","asciiname":"Markat","alternatenames":["Markat","Markati"],"latitude":"39.73278","longitude":"20.19528","feature_class":"P","feature_code":"PPLA3","country_code":"AL","cc2":"AL","admin1_code":"51","admin2_code":"20","admin3_code":"","admin4_code":"","population":"0","elevation":"","dem":"472","timezone":"Europe/Tirane","modification_date":"2012-06-14"},{"geonameid":"363298","name":"Livadhja","asciiname":"Livadhja","alternatenames":["Hoxha","Hoxhaj","Hoxhe","Hoxhë","Livadh","Livadhe","Livadhja","Livadhjaja","Livadhjaje","Livadhjajë","Livadhje"],"latitude":"39.78917","longitude":"20.12194","feature_class":"P","feature_code":"PPLA3","country_code":"AL","cc2":"AL","admin1_code":"51","admin2_code":"20","admin3_code":"","admin4_code":"","population":"0","elevation":"","dem":"35","timezone":"Europe/Tirane","modification_date":"2012-06-14"},{"geonameid":"363320","name":"Konispol","asciiname":"Konispol","alternatenames":["Conispolis","Konispoje","Konispol","Konispol'","Konispoli","Konispolis","Конисполь"],"latitude":"39.65889","longitude":"20.18139","feature_class":"P","feature_code":"PPLA3","country_code":"AL","cc2":"","admin1_code":"51","admin2_code":"20","admin3_code":"","admin4_code":"","population":"1349","elevation":"","dem":"382","timezone":"Europe/Tirane","modification_date":"2012-06-14"},{"geonameid":"363363","name":"Finiq","asciiname":"Finiq","alternatenames":["Eniki","Fenichi","Finik","Finiq","Finiqi","Firiq"],"latitude":"39.90639","longitude":"20.05833","feature_class":"P","feature_code":"PPLA3","country_code":"AL","cc2":"AL","admin1_code":"51","admin2_code":"30","admin3_code":"","admin4_code":"","population":"0","elevation":"","dem":"37","timezone":"Europe/Tirane","modification_date":"2012-06-14"},{"geonameid":"363380","name":"Dhivër","asciiname":"Dhiver","alternatenames":["Dhiver","Dhivre","Dhivri","Dhivrë","Dhivër","Kallarati","Kulurat","Kulurica"],"latitude":"39.83611","longitude":"20.16861","feature_class":"P","feature_code":"PPLA3","country_code":"AL","cc2":"AL","admin1_code":"51","admin2_code":"20","admin3_code":"","admin4_code":"","population":"0","elevation":"","dem":"382","timezone":"Europe/Tirane","modification_date":"2012-06-14"},{"geonameid":"363383","name":"Delvinë","asciiname":"Delvine","alternatenames":["Del'vina","Delvina","Delvine","Delvino","Delvinon","Delvinë","Zelvinou","Дельвина"],"latitude":"39.95111","longitude":"20.09778","feature_class":"P","feature_code":"PPLA2","country_code":"AL","cc2":"","admin1_code":"51","admin2_code":"30","admin3_code":"","admin4_code":"","population":"3916","elevation":"","dem":"200","timezone":"Europe/Tirane","modification_date":"2012-06-14"},{"geonameid":"363409","name":"Aliko","asciiname":"Aliko","alternatenames":["Alicu","Alikaj","Aliko","Alikoja","Alikoje","Alikojë","Alikon"],"latitude":"39.85861","longitude":"20.07917","feature_class":"P","feature_code":"PPLA3","country_code":"AL","cc2":"AL","admin1_code":"51","admin2_code":"20","admin3_code":"","admin4_code":"","population":"0","elevation":"","dem":"33","timezone":"Europe/Tirane","modification_date":"2012-06-14"},{"geonameid":"781260","name":"Vergo","asciiname":"Vergo","alternatenames":["Vergo","Vergoja","Vergoje","Vergojë"],"latitude":"40.00667","longitude":"20.00889","feature_class":"P","feature_code":"PPLA3","country_code":"AL","cc2":"AL","admin1_code":"51","admin2_code":"30","admin3_code":"","admin4_code":"","population":"0","elevation":"","dem":"234","timezone":"Europe/Tirane","modification_date":"2012-06-14"},{"geonameid":"2525810","name":"Lukovë","asciiname":"Lukove","alternatenames":["Lucova","Lukova","Lukove","Lukovo","Lukovë"],"latitude":"39.99222","longitude":"19.91389","feature_class":"P","feature_code":"PPLA3","country_code":"AL","cc2":"AL","admin1_code":"51","admin2_code":"20","admin3_code":"","admin4_code":"","population":"0","elevation":"","dem":"229","timezone":"Europe/Tirane","modification_date":"2012-06-14"},{"geonameid":"3183700","name":"Vranisht","asciiname":"Vranisht","alternatenames":["Vranisht","Vranishta","Vranishte","Vranishti","Vranishtë"],"latitude":"40.20972","longitude":"19.69083","feature_class":"P","feature_code":"PPLA3","country_code":"AL","cc2":"AL","admin1_code":"51","admin2_code":"27","admin3_code":"","admin4_code":"","population":"0","elevation":"","dem":"327","timezone":"Europe/Tirane","modification_date":"2012-06-14"},{"geonameid":"3183719","name":"Vlorë","asciiname":"Vlore","alternatenames":["Au'lon","Au’lon","Avlon","Avlona","Avlonas","Avlonya","Vallona","Valona","Vl'ora","Vliore","Vliorė","Vljora","Vlona","Vlone","Vlonë","Vlora","Vlore","Vlorë","Vlyora","Vļora","Wlora","beulloleo","fa luo la","flwrh","vurora","wlo rex","wlwrh","Αυλώνας","Валона","Вльора","Влёра","Վլորա","ולורה","فلوره","ولوره","ولورہ","วโลเรอ","ヴロラ","发罗拉","블로러"],"latitude":"40.46667","longitude":"19.48972","feature_class":"P","feature_code":"PPLA","country_code":"AL","cc2":"","admin1_code":"51","admin2_code":"","admin3_code":"","admin4_code":"","population":"89546","elevation":"","dem":"2","timezone":"Europe/Tirane","modification_date":"2012-01-19"},{"geonameid":"3184177","name":"Sevaster","asciiname":"Sevaster","alternatenames":["Kudhes","Kudhës","Sevaster","Sevaster Cuds","Sevaster-Kudhes","Sevasteri","Stevaster","Stevaster Kudhes","Stevaster Kuls","Sëvastër-Kudhës"],"latitude":"40.39639","longitude":"19.72972","feature_class":"P","feature_code":"PPLA3","country_code":"AL","cc2":"AL","admin1_code":"51","admin2_code":"27","admin3_code":"","admin4_code":"","population":"0","elevation":"","dem":"339","timezone":"Europe/Tirane","modification_date":"2012-06-14"},{"geonameid":"3184197","name":"Selenicë","asciiname":"Selenice","alternatenames":["Selenic","Selenica","Selenice","Selenicë","Selenitsa","Selenitza","Seleniza","Selenizza","Селеница"],"latitude":"40.53056","longitude":"19.63583","feature_class":"P","feature_code":"PPLA3","country_code":"AL","cc2":"","admin1_code":"51","admin2_code":"27","admin3_code":"","admin4_code":"","population":"6912","elevation":"","dem":"73","timezone":"Europe/Tirane","modification_date":"2014-08-25"},{"geonameid":"3184575","name":"Orikum","asciiname":"Orikum","alternatenames":["Orik","Oriku","Orikum","Orikumi","Орикум"],"latitude":"40.32528","longitude":"19.47139","feature_class":"P","feature_code":"PPLA3","country_code":"AL","cc2":"","admin1_code":"51","admin2_code":"27","admin3_code":"","admin4_code":"","population":"2604","elevation":"","dem":"7","timezone":"Europe/Tirane","modification_date":"2012-06-14"},{"geonameid":"3184588","name":"Novoselë","asciiname":"Novosele","alternatenames":["Novosel","Novosela","Novosele","Novoselj","Novosella","Novoselë"],"latitude":"40.625","longitude":"19.46694","feature_class":"P","feature_code":"PPLA3","country_code":"AL","cc2":"AL","admin1_code":"51","admin2_code":"27","admin3_code":"","admin4_code":"","population":"0","elevation":"","dem":"6","timezone":"Europe/Tirane","modification_date":"2012-06-14"},{"geonameid":"3185113","name":"Kotë","asciiname":"Kote","alternatenames":["Kota","Kote","Kotta","Kotë"],"latitude":"40.38944","longitude":"19.60222","feature_class":"P","feature_code":"PPLA3","country_code":"AL","cc2":"AL","admin1_code":"51","admin2_code":"27","admin3_code":"","admin4_code":"","population":"0","elevation":"","dem":"82","timezone":"Europe/Tirane","modification_date":"2012-06-14"},{"geonameid":"3185377","name":"Himarë","asciiname":"Himare","alternatenames":["Chimara","Cimarre","Himara","Himare","Himarë","Imara","Kheimara","Khimara","Химара"],"latitude":"40.10167","longitude":"19.74472","feature_class":"P","feature_code":"PPLA3","country_code":"AL","cc2":"","admin1_code":"51","admin2_code":"27","admin3_code":"","admin4_code":"","population":"4596","elevation":"","dem":"3","timezone":"Europe/Tirane","modification_date":"2012-06-14"},{"geonameid":"3185989","name":"Brataj","asciiname":"Brataj","alternatenames":["Brataj","Bratraj"],"latitude":"40.26778","longitude":"19.66917","feature_class":"P","feature_code":"PPLA3","country_code":"AL","cc2":"AL","admin1_code":"51","admin2_code":"27","admin3_code":"","admin4_code":"","population":"0","elevation":"","dem":"257","timezone":"Europe/Tirane","modification_date":"2012-06-14"},{"geonameid":"3186184","name":"Armen","asciiname":"Armen","alternatenames":["Armen","Armeni"],"latitude":"40.53639","longitude":"19.59611","feature_class":"P","feature_code":"PPLA3","country_code":"AL","cc2":"AL","admin1_code":"51","admin2_code":"27","admin3_code":"","admin4_code":"","population":"0","elevation":"","dem":"53","timezone":"Europe/Tirane","modification_date":"2012-06-14"},{"geonameid":"3344005","name":"Vllahinë","asciiname":"Vllahine","alternatenames":["Vllahina","Vllahine","Vllahinë"],"latitude":"40.45694","longitude":"19.64361","feature_class":"P","feature_code":"PPLA3","country_code":"AL","cc2":"AL","admin1_code":"51","admin2_code":"27","admin3_code":"","admin4_code":"","population":"0","elevation":"","dem":"121","timezone":"Europe/Tirane","modification_date":"2012-06-14"}]}