{"region_data":{"countryId":"783754","adminCode1":"49","countryName":"Albania","fclName":"country, state, region,...","countryCode":"AL","lng":"19.75","fcodeName":"first-order administrative division","toponymName":"Qarku i Shkodrës","fcl":"A","numberOfChildren":3,"name":"Qarku i Shkodrës","fcode":"ADM1","geonameId":3344950,"lat":"42.18333","adminName1":"Shkodër","population":0},"country_data":{"ISO":"AL","ISO3":"ALB","ISO_Numeric":"008","fips":"AL","country":"Albania","capital":"Tirana","area":"28748","Population":"2986952","Continent":"EU","tld":".al","CurrencyCode":"ALL","CurrencyName":"Lek","Phone":"355","Postal_Code_Format":"","Postal_Code_Regex":"","Languages":"sq,el","geonameid":"783754","neighbours":"MK,GR,ME,RS,XK","EquivalentFipsCode":""},"cities":[{"geonameid":"781903","name":"Qafëmal","asciiname":"Qafemal","alternatenames":["Chafamalit","Qaf Mal","Qaf Mali","Qafa e Malit","Qafamal","Qafe Mali","Qafe e Malit","Qafemal","Qafë Mali","Qafë e Malit","Qafëmal"],"latitude":"42.09333","longitude":"20.09056","feature_class":"P","feature_code":"PPLA3","country_code":"AL","cc2":"AL","admin1_code":"49","admin2_code":"19","admin3_code":"","admin4_code":"","population":"0","elevation":"","dem":"754","timezone":"Europe/Tirane","modification_date":"2012-06-12"},{"geonameid":"782953","name":"Iballë","asciiname":"Iballe","alternatenames":["Ibalja","Iballe","Iballja","Iballje","Iballjë","Iballë","Jballje"],"latitude":"42.1875","longitude":"20.0025","feature_class":"P","feature_code":"PPLA3","country_code":"AL","cc2":"AL","admin1_code":"49","admin2_code":"19","admin3_code":"","admin4_code":"","population":"0","elevation":"","dem":"765","timezone":"Europe/Tirane","modification_date":"2012-06-12"},{"geonameid":"783170","name":"Gjegjan","asciiname":"Gjegjan","alternatenames":["Gjegjan","Gjegjani","Zhezhan"],"latitude":"41.93778","longitude":"20.01111","feature_class":"P","feature_code":"PPLA3","country_code":"AL","cc2":"AL","admin1_code":"49","admin2_code":"19","admin3_code":"","admin4_code":"","population":"0","elevation":"","dem":"369","timezone":"Europe/Tirane","modification_date":"2012-06-12"},{"geonameid":"783214","name":"Fushë-Arrëz","asciiname":"Fushe-Arrez","alternatenames":["Arres","Arrës","Arsi","Arst","Fusha e Arezit","Fusha e Arrezit","Fusha e Arrëzit","Fusha e Arsit","Fusha e Arëzit","Fusha-Arres","Fusha-e-Arresit","Fushe Arrezi","Fushe e Arrezit","Fushe-Ares","Fushe-Aresi","Fushe-Arezi","Fushe-Arezit","Fushe-Arresi","Fushe-Arrez","Fushë e Arrëzit","Fushë-Arrësi","Fushë-Arrëz","Fushë-Arëzi","Fushë-Arëzit","Фуша-Аррес"],"latitude":"42.06222","longitude":"20.01667","feature_class":"P","feature_code":"PPLA3","country_code":"AL","cc2":"","admin1_code":"49","admin2_code":"19","admin3_code":"","admin4_code":"","population":"2438","elevation":"","dem":"533","timezone":"Europe/Tirane","modification_date":"2012-06-12"},{"geonameid":"783247","name":"Fierzë","asciiname":"Fierze","alternatenames":["Fiera","Fierza","Fierze","Fierzë","Firez","Firza","Firëz","Фиерза"],"latitude":"42.26056","longitude":"20.01694","feature_class":"P","feature_code":"PPLA3","country_code":"AL","cc2":"AL","admin1_code":"49","admin2_code":"19","admin3_code":"","admin4_code":"","population":"0","elevation":"","dem":"303","timezone":"Europe/Tirane","modification_date":"2012-06-12"},{"geonameid":"783593","name":"Blerim","asciiname":"Blerim","alternatenames":["Blerim","Sakat","Sakat-Kullumbri","Sakati"],"latitude":"42.16056","longitude":"20.19194","feature_class":"P","feature_code":"PPLA3","country_code":"AL","cc2":"AL","admin1_code":"49","admin2_code":"19","admin3_code":"","admin4_code":"","population":"0","elevation":"","dem":"608","timezone":"Europe/Tirane","modification_date":"2012-06-12"},{"geonameid":"3183691","name":"Vukatanë","asciiname":"Vukatane","alternatenames":["Vukatan","Vukatana","Vukatane","Vukatanë"],"latitude":"42.02806","longitude":"19.54778","feature_class":"P","feature_code":"PPL","country_code":"AL","cc2":"AL","admin1_code":"49","admin2_code":"","admin3_code":"","admin4_code":"","population":"1113","elevation":"11","dem":"11","timezone":"Europe/Tirane","modification_date":"2013-02-07"},{"geonameid":"3183765","name":"Velipojë","asciiname":"Velipoje","alternatenames":["Qerret","Velipoja","Velipoje","Velipojë","Velipolja"],"latitude":"41.87833","longitude":"19.40556","feature_class":"P","feature_code":"PPLA3","country_code":"AL","cc2":"AL","admin1_code":"49","admin2_code":"21","admin3_code":"","admin4_code":"","population":"0","elevation":"","dem":"1","timezone":"Europe/Tirane","modification_date":"2012-06-12"},{"geonameid":"3184081","name":"Shkodër","asciiname":"Shkoder","alternatenames":["Iskodra","Scutari","Shkoder","Shkodra","Shkodër","Skadar","Skodra","Szkodra","sqwdr","İşkodra","Škodra","Скадар","Шкодер","Шкодра","שקודר"],"latitude":"42.06828","longitude":"19.51258","feature_class":"P","feature_code":"PPLA","country_code":"AL","cc2":"","admin1_code":"49","admin2_code":"21","admin3_code":"","admin4_code":"","population":"88245","elevation":"","dem":"12","timezone":"Europe/Tirane","modification_date":"2013-01-03"},{"geonameid":"3184172","name":"Nicaj-Shalë","asciiname":"Nicaj-Shale","alternatenames":["Nicaj","Nicaj-Shalaj","Nicaj-Shale","Nicaj-Shalë","Shale","Shalë"],"latitude":"42.29944","longitude":"19.805","feature_class":"P","feature_code":"PPLA3","country_code":"AL","cc2":"AL","admin1_code":"49","admin2_code":"21","admin3_code":"","admin4_code":"","population":"0","elevation":"","dem":"633","timezone":"Europe/Tirane","modification_date":"2012-06-12"},{"geonameid":"3184283","name":"Rrapë","asciiname":"Rrape","alternatenames":["Rapje","Rrapa","Rrapaj","Rrape","Rrapja","Rrapë","Rrype","Rrypë"],"latitude":"42.04444","longitude":"19.97056","feature_class":"P","feature_code":"PPLA3","country_code":"AL","cc2":"AL","admin1_code":"49","admin2_code":"19","admin3_code":"","admin4_code":"","population":"0","elevation":"","dem":"792","timezone":"Europe/Tirane","modification_date":"2012-06-12"},{"geonameid":"3184362","name":"Qerret","asciiname":"Qerret","alternatenames":["Cereti-eper","Qereti i Eperme","Qereti i Epërmë","Qerret","Qerret i Eper","Qerret i Eperm","Qerret i Epër","Qerret i Epërm","Qerret i Madh","Qerret-ieperme","Qerreti","Qerreti i Eperme","Qerreti i Epërmë","Qerreti i Madh","Qerreti i-eper","Qerreti i-epër","Čereti-eper"],"latitude":"42.05306","longitude":"19.83722","feature_class":"P","feature_code":"PPLA3","country_code":"AL","cc2":"AL","admin1_code":"49","admin2_code":"19","admin3_code":"","admin4_code":"","population":"0","elevation":"","dem":"652","timezone":"Europe/Tirane","modification_date":"2012-06-12"},{"geonameid":"3184374","name":"Qelëz","asciiname":"Qelez","alternatenames":["Lellza","Qelez","Qeleza","Qellza","Qellze","Qellzë","Qelza","Qelze","Qelzë","Qelëz","Qelëza"],"latitude":"42.08972","longitude":"19.895","feature_class":"P","feature_code":"PPLA3","country_code":"AL","cc2":"AL","admin1_code":"49","admin2_code":"19","admin3_code":"","admin4_code":"","population":"0","elevation":"","dem":"234","timezone":"Europe/Tirane","modification_date":"2012-06-12"},{"geonameid":"3184388","name":"Pukë","asciiname":"Puke","alternatenames":["Puca","Puka","Puka Katund","Puke","Pukë","Пука"],"latitude":"42.04444","longitude":"19.89972","feature_class":"P","feature_code":"PPLA2","country_code":"AL","cc2":"","admin1_code":"49","admin2_code":"19","admin3_code":"","admin4_code":"","population":"6495","elevation":"","dem":"799","timezone":"Europe/Tirane","modification_date":"2012-06-12"},{"geonameid":"3184600","name":"Nicaj-Shosh","asciiname":"Nicaj-Shosh","alternatenames":["Nicaj-Shosh","Nikaj"],"latitude":"42.24444","longitude":"19.75806","feature_class":"P","feature_code":"PPLA3","country_code":"AL","cc2":"AL","admin1_code":"49","admin2_code":"21","admin3_code":"","admin4_code":"","population":"0","elevation":"","dem":"776","timezone":"Europe/Tirane","modification_date":"2012-06-12"},{"geonameid":"3185063","name":"Kuç","asciiname":"Kuc","alternatenames":["Kuc","Kuci","Kuç","Kuçi"],"latitude":"42.03972","longitude":"19.52528","feature_class":"P","feature_code":"PPLA3","country_code":"AL","cc2":"AL","admin1_code":"49","admin2_code":"36","admin3_code":"","admin4_code":"","population":"0","elevation":"","dem":"9","timezone":"Europe/Tirane","modification_date":"2012-06-12"},{"geonameid":"3185133","name":"Koplik","asciiname":"Koplik","alternatenames":["Koplik","Koplik Poster","Koplik Pošter","Koplik i Poshtem","Koplik i Poshtëm","Kopliku","Kopliku i Poshtem","Kopliku i Poshtëm","Kopliku-e Poshtem","Kopliku-e Poshtëm","Коплик"],"latitude":"42.21361","longitude":"19.43639","feature_class":"P","feature_code":"PPLA2","country_code":"AL","cc2":"","admin1_code":"49","admin2_code":"36","admin3_code":"","admin4_code":"","population":"4078","elevation":"","dem":"63","timezone":"Europe/Tirane","modification_date":"2012-06-12"},{"geonameid":"3185223","name":"Kastrat","asciiname":"Kastrat","alternatenames":["Kastrat","Kastrati","Vukpalaj","Vukpalaj-Kastrat"],"latitude":"42.3525","longitude":"19.48917","feature_class":"P","feature_code":"PPLA3","country_code":"AL","cc2":"AL","admin1_code":"49","admin2_code":"36","admin3_code":"","admin4_code":"","population":"0","elevation":"","dem":"752","timezone":"Europe/Tirane","modification_date":"2012-06-12"},{"geonameid":"3185370","name":"Hot","asciiname":"Hot","alternatenames":["Hot","Hoti"],"latitude":"42.36194","longitude":"19.44417","feature_class":"P","feature_code":"PPLA3","country_code":"AL","cc2":"AL","admin1_code":"49","admin2_code":"36","admin3_code":"","admin4_code":"","population":"0","elevation":"","dem":"91","timezone":"Europe/Tirane","modification_date":"2012-06-12"},{"geonameid":"3185412","name":"Hajmel","asciiname":"Hajmel","alternatenames":["Ajmeli","Guragi","Hajmel","Hajmeli","Hajmelj"],"latitude":"41.95306","longitude":"19.63778","feature_class":"P","feature_code":"PPLA3","country_code":"AL","cc2":"AL","admin1_code":"49","admin2_code":"21","admin3_code":"","admin4_code":"","population":"0","elevation":"","dem":"46","timezone":"Europe/Tirane","modification_date":"2012-06-12"},{"geonameid":"3185431","name":"Guri i Zi","asciiname":"Guri i Zi","alternatenames":["Gur i Zi","Guri i Zi"],"latitude":"42.045","longitude":"19.57472","feature_class":"P","feature_code":"PPLA3","country_code":"AL","cc2":"AL","admin1_code":"49","admin2_code":"21","admin3_code":"","admin4_code":"","population":"0","elevation":"","dem":"30","timezone":"Europe/Tirane","modification_date":"2012-06-12"},{"geonameid":"3185449","name":"Gruemirë","asciiname":"Gruemire","alternatenames":["Gruemira","Gruemire","Gruemirë"],"latitude":"42.15917","longitude":"19.51889","feature_class":"P","feature_code":"PPLA3","country_code":"AL","cc2":"AL","admin1_code":"49","admin2_code":"36","admin3_code":"","admin4_code":"","population":"0","elevation":"","dem":"85","timezone":"Europe/Tirane","modification_date":"2012-06-12"},{"geonameid":"3185823","name":"Vau i Dejës","asciiname":"Vau i Dejes","alternatenames":["Dejas","Vai Dejes","Vai Dejës","Vau Dejes","Vau Dejës","Vau i Dejes","Vau i Dejës"],"latitude":"42.01","longitude":"19.62472","feature_class":"P","feature_code":"PPLA3","country_code":"AL","cc2":"AL","admin1_code":"49","admin2_code":"21","admin3_code":"","admin4_code":"","population":"0","elevation":"","dem":"30","timezone":"Europe/Tirane","modification_date":"2012-06-12"},{"geonameid":"3185846","name":"Dajç","asciiname":"Dajc","alternatenames":["Dajc","Dajci","Dajç","Dajçi"],"latitude":"41.99167","longitude":"19.41056","feature_class":"P","feature_code":"PPLA3","country_code":"AL","cc2":"AL","admin1_code":"49","admin2_code":"21","admin3_code":"","admin4_code":"","population":"0","elevation":"","dem":"8","timezone":"Europe/Tirane","modification_date":"2012-06-12"},{"geonameid":"3185937","name":"Bushat","asciiname":"Bushat","alternatenames":["Busciala","Bushat","Bushati"],"latitude":"42.11944","longitude":"19.89972","feature_class":"P","feature_code":"PPLA3","country_code":"AL","cc2":"AL","admin1_code":"49","admin2_code":"21","admin3_code":"","admin4_code":"","population":"0","elevation":"","dem":"423","timezone":"Europe/Tirane","modification_date":"2012-06-12"},{"geonameid":"3186082","name":"Bërdica e Madhe","asciiname":"Berdica e Madhe","alternatenames":["Berdica e Madhe","Berdice","Berdice e Madhe","Bërdica e Madhe","Bërdicë","Bërdicë e Madhe"],"latitude":"42.01528","longitude":"19.48167","feature_class":"P","feature_code":"PPLA3","country_code":"AL","cc2":"AL","admin1_code":"49","admin2_code":"21","admin3_code":"","admin4_code":"","population":"0","elevation":"","dem":"11","timezone":"Europe/Tirane","modification_date":"2012-06-12"},{"geonameid":"3343340","name":"Grudë-Fushë","asciiname":"Grude-Fushe","alternatenames":["Grude-Fusha","Grude-Fushe","Grudë-Fusha","Grudë-Fushë"],"latitude":"42.16222","longitude":"19.49667","feature_class":"P","feature_code":"PPLA3","country_code":"AL","cc2":"AL","admin1_code":"49","admin2_code":"36","admin3_code":"","admin4_code":"","population":"0","elevation":"","dem":"66","timezone":"Europe/Tirane","modification_date":"2012-06-12"}]}