{"region_data":{"countryId":"3041565","adminCode1":"07","countryName":"Andorra","fclName":"country, state, region,...","countryCode":"AD","lng":"1.49414","fcodeName":"first-order administrative division","toponymName":"Andorra la Vella","fcl":"A","name":"Andorra la Vella","fcode":"ADM1","geonameId":3041566,"lat":"42.5045","adminName1":"Andorra la Vella","population":24211},"country_data":{"ISO":"AD","ISO3":"AND","ISO_Numeric":"020","fips":"AN","country":"Andorra","capital":"Andorra la Vella","area":"468","Population":"84000","Continent":"EU","tld":".ad","CurrencyCode":"EUR","CurrencyName":"Euro","Phone":"376","Postal_Code_Format":"AD###","Postal_Code_Regex":"^(?:AD)*(\\d{3})$","Languages":"ca","geonameid":"3041565","neighbours":"ES,FR","EquivalentFipsCode":""},"cities":[{"geonameid":"3041563","name":"Andorra la Vella","asciiname":"Andorra la Vella","alternatenames":["ALV","Ando-la-Vyey","Andora","Andora la Vela","Andora la Velja","Andora lja Vehl'ja","Andoro Malnova","Andorra","Andorra Tuan","Andorra a Vella","Andorra la Biella","Andorra la Vella","Andorra la Vielha","Andorra-a-Velha","Andorra-la-Vel'ja","Andorra-la-Vielye","Andorre-la-Vieille","Andò-la-Vyèy","Andòrra la Vièlha","an dao er cheng","andolalabeya","andwra la fyla","Ανδόρρα","Андора ла Веля","Андора ла Веља","Андора ля Вэлья","Андорра-ла-Велья","אנדורה לה וולה","أندورا لا فيلا","አንዶራ ላ ቬላ","アンドラ・ラ・ヴェリャ","安道爾城","안도라라베야"],"latitude":"42.50779","longitude":"1.52109","feature_class":"P","feature_code":"PPLC","country_code":"AD","cc2":"","admin1_code":"07","admin2_code":"","admin3_code":"","admin4_code":"","population":"20430","elevation":"","dem":"1037","timezone":"Europe/Andorra","modification_date":"2010-05-30"}]}