{"region_data":{"countryId":"3041565","adminCode1":"02","countryName":"Andorra","fclName":"country, state, region,...","countryCode":"AD","lng":"1.65833","fcodeName":"first-order administrative division","toponymName":"Canillo","fcl":"A","name":"Canillo","fcode":"ADM1","geonameId":3041203,"lat":"42.58333","adminName1":"Canillo","population":5067},"country_data":{"ISO":"AD","ISO3":"AND","ISO_Numeric":"020","fips":"AN","country":"Andorra","capital":"Andorra la Vella","area":"468","Population":"84000","Continent":"EU","tld":".ad","CurrencyCode":"EUR","CurrencyName":"Euro","Phone":"376","Postal_Code_Format":"AD###","Postal_Code_Regex":"^(?:AD)*(\\d{3})$","Languages":"ca","geonameid":"3041565","neighbours":"ES,FR","EquivalentFipsCode":""},"cities":[{"geonameid":"3039154","name":"El Tarter","asciiname":"El Tarter","alternatenames":["Ehl Tarter","Эл Тартер"],"latitude":"42.57952","longitude":"1.65362","feature_class":"P","feature_code":"PPL","country_code":"AD","cc2":"","admin1_code":"02","admin2_code":"","admin3_code":"","admin4_code":"","population":"1052","elevation":"","dem":"1721","timezone":"Europe/Andorra","modification_date":"2012-11-03"},{"geonameid":"3041204","name":"Canillo","asciiname":"Canillo","alternatenames":["Canillo","Kanil'o","ka ni e","kaniryo jiao qu","Канильо","カニーリョ教区","卡尼略"],"latitude":"42.5676","longitude":"1.59756","feature_class":"P","feature_code":"PPLA","country_code":"AD","cc2":"","admin1_code":"02","admin2_code":"","admin3_code":"","admin4_code":"","population":"3292","elevation":"","dem":"1561","timezone":"Europe/Andorra","modification_date":"2012-12-24"}]}