{"region_data":{"countryId":"3041565","adminCode1":"08","countryName":"Andorra","fclName":"country, state, region,...","countryCode":"AD","lng":"1.56667","fcodeName":"first-order administrative division","toponymName":"Escaldes-Engordany","fcl":"A","name":"Escaldes-Engordany","fcode":"ADM1","geonameId":3338529,"lat":"42.5","adminName1":"Escaldes-Engordany","population":16391},"country_data":{"ISO":"AD","ISO3":"AND","ISO_Numeric":"020","fips":"AN","country":"Andorra","capital":"Andorra la Vella","area":"468","Population":"84000","Continent":"EU","tld":".ad","CurrencyCode":"EUR","CurrencyName":"Euro","Phone":"376","Postal_Code_Format":"AD###","Postal_Code_Regex":"^(?:AD)*(\\d{3})$","Languages":"ca","geonameid":"3041565","neighbours":"ES,FR","EquivalentFipsCode":""},"cities":[{"geonameid":"3040051","name":"les Escaldes","asciiname":"les Escaldes","alternatenames":["Ehskal'des-Ehndzhordani","Escaldes","Escaldes-Engordany","Les Escaldes","esukarudesu=engorudani jiao qu","lai sai si ka er de-en ge er da","Эскальдес-Энджордани","エスカルデス＝エンゴルダニ教区","萊塞斯卡爾德-恩戈爾達","萊塞斯卡爾德－恩戈爾達"],"latitude":"42.50729","longitude":"1.53414","feature_class":"P","feature_code":"PPLA","country_code":"AD","cc2":"","admin1_code":"08","admin2_code":"","admin3_code":"","admin4_code":"","population":"15853","elevation":"","dem":"1033","timezone":"Europe/Andorra","modification_date":"2008-10-15"}]}