{"region_data":{"countryId":"3041565","adminCode1":"04","countryName":"Andorra","fclName":"country, state, region,...","countryCode":"AD","lng":"1.48333","fcodeName":"first-order administrative division","toponymName":"La Massana","fcl":"A","name":"La Massana","fcode":"ADM1","geonameId":3040131,"lat":"42.55417","adminName1":"La Massana","population":8953},"country_data":{"ISO":"AD","ISO3":"AND","ISO_Numeric":"020","fips":"AN","country":"Andorra","capital":"Andorra la Vella","area":"468","Population":"84000","Continent":"EU","tld":".ad","CurrencyCode":"EUR","CurrencyName":"Euro","Phone":"376","Postal_Code_Format":"AD###","Postal_Code_Regex":"^(?:AD)*(\\d{3})$","Languages":"ca","geonameid":"3041565","neighbours":"ES,FR","EquivalentFipsCode":""},"cities":[{"geonameid":"3040132","name":"la Massana","asciiname":"la Massana","alternatenames":["La Macana","La Massana","La Maçana","La-Massana","la Massana","ma sa na","Ла-Массана","ラ・マサナ教区","马萨纳"],"latitude":"42.54499","longitude":"1.51483","feature_class":"P","feature_code":"PPLA","country_code":"AD","cc2":"","admin1_code":"04","admin2_code":"","admin3_code":"","admin4_code":"","population":"7211","elevation":"","dem":"1245","timezone":"Europe/Andorra","modification_date":"2008-10-15"},{"geonameid":"3041519","name":"Arinsal","asciiname":"Arinsal","alternatenames":["Arinsal","Аринсал"],"latitude":"42.57205","longitude":"1.48453","feature_class":"P","feature_code":"PPL","country_code":"AD","cc2":"","admin1_code":"04","admin2_code":"","admin3_code":"","admin4_code":"","population":"1419","elevation":"","dem":"1465","timezone":"Europe/Andorra","modification_date":"2010-01-29"}]}