{"region_data":{"countryId":"3041565","adminCode1":"06","countryName":"Andorra","fclName":"country, state, region,...","countryCode":"AD","lng":"1.48247","fcodeName":"first-order administrative division","toponymName":"Sant Julià de Lòria","fcl":"A","name":"Sant Julià de Loria","fcode":"ADM1","geonameId":3039162,"lat":"42.46247","adminName1":"Sant Julià de Loria","population":9448},"country_data":{"ISO":"AD","ISO3":"AND","ISO_Numeric":"020","fips":"AN","country":"Andorra","capital":"Andorra la Vella","area":"468","Population":"84000","Continent":"EU","tld":".ad","CurrencyCode":"EUR","CurrencyName":"Euro","Phone":"376","Postal_Code_Format":"AD###","Postal_Code_Regex":"^(?:AD)*(\\d{3})$","Languages":"ca","geonameid":"3041565","neighbours":"ES,FR","EquivalentFipsCode":""},"cities":[{"geonameid":"3039163","name":"Sant Julià de Lòria","asciiname":"Sant Julia de Loria","alternatenames":["San Julia","San Julià","Sant Julia de Loria","Sant Julià de Lòria","Sant-Zhulija-de-Lorija","sheng hu li ya-de luo li ya","Сант-Жулия-де-Лория","サン・ジュリア・デ・ロリア教区","圣胡利娅-德洛里亚","圣胡利娅－德洛里亚"],"latitude":"42.46372","longitude":"1.49129","feature_class":"P","feature_code":"PPLA","country_code":"AD","cc2":"","admin1_code":"06","admin2_code":"","admin3_code":"","admin4_code":"","population":"8022","elevation":"","dem":"921","timezone":"Europe/Andorra","modification_date":"2013-11-23"}]}