{"region_data":{"adminCode1":"30","lng":"67","geonameId":1147288,"toponymName":"Balkh","countryId":"1149361","fcl":"A","population":1245100,"numberOfChildren":20,"countryCode":"AF","name":"Balkh","fclName":"country, state, region,...","countryName":"Afghanistan","fcodeName":"first-order administrative division","adminName1":"Balkh","lat":"36.75","fcode":"ADM1"},"country_data":{"ISO":"AF","ISO3":"AFG","ISO_Numeric":"004","fips":"AF","country":"Afghanistan","capital":"Kabul","area":"647500","Population":"29121286","Continent":"AS","tld":".af","CurrencyCode":"AFN","CurrencyName":"Afghani","Phone":"93","Postal_Code_Format":"","Postal_Code_Regex":"","Languages":"fa-AF,ps,uz-AF,tk","geonameid":"1149361","neighbours":"TM,CN,IR,TJ,PK,UZ","EquivalentFipsCode":""},"cities":[{"geonameid":"1120501","name":"Āq Kupruk","asciiname":"Aq Kupruk","alternatenames":["Ak Kuprak","Ak Kupruk","Aq Kubruk","Aq Kupruk","Keshendah","Keshende","Keshendeh","Keshindeh","Keshīndeh","aq kbrk","aq kprk","Āq Kubruk","Āq Kupruk","آق کبرک","آق کپرک"],"latitude":"36.08352","longitude":"66.84029","feature_class":"P","feature_code":"PPLA2","country_code":"AF","cc2":"","admin1_code":"30","admin2_code":"","admin3_code":"","admin4_code":"","population":"0","elevation":"","dem":"719","timezone":"Asia/Kabul","modification_date":"2012-02-28"},{"geonameid":"1129636","name":"Qarchī Gak","asciiname":"Qarchi Gak","alternatenames":["Qarchi Gak","Qarchī Gak","qrchy gk","قرچی گک"],"latitude":"37.03999","longitude":"66.78891","feature_class":"P","feature_code":"PPL","country_code":"AF","cc2":"","admin1_code":"30","admin2_code":"","admin3_code":"","admin4_code":"","population":"8942","elevation":"","dem":"306","timezone":"Asia/Kabul","modification_date":"2012-01-16"},{"geonameid":"1133616","name":"Mazār-e Sharīf","asciiname":"Mazar-e Sharif","alternatenames":["Masar-e Scharif","Mazar-e Sarif","Mazar-e Sharif","Mazar-e Šarif","Mazar-e-Sharif","Mazar-i Szarif","Mazar-i-Sharif","Mazare Srif","Mazari Sharif","Mazari-Sharif","Mazār-e Sharīf","Mazār-e Šarīf","Mazār-i-Sharīf","Mazāre S̄rīf","majaleu-isyalipeu","mazarisharifu","mzar shryf","Мазари-Шариф","مزار شريف","مزار شریف","マザーリシャリーフ","마자르이샤리프"],"latitude":"36.70904","longitude":"67.11087","feature_class":"P","feature_code":"PPLA","country_code":"AF","cc2":"","admin1_code":"30","admin2_code":"","admin3_code":"","admin4_code":"","population":"303282","elevation":"","dem":"361","timezone":"Asia/Kabul","modification_date":"2012-01-16"},{"geonameid":"1136575","name":"Khulm","asciiname":"Khulm","alternatenames":["Bazar-e Khulm","Bāzār-e Khulm","Kholm","Khulm","Tashkurgan","Tashkurghan","Tashqorghan","Tashqurghan","Tāshkurghān","Tāshqorghān","Tāshqurghān","bazar khlm","khlm","tashqrghan","Ташкурган","بازار خلم","تاشقرغان","خلم"],"latitude":"36.69736","longitude":"67.69826","feature_class":"P","feature_code":"PPLA2","country_code":"AF","cc2":"","admin1_code":"30","admin2_code":"","admin3_code":"","admin4_code":"","population":"64933","elevation":"","dem":"445","timezone":"Asia/Kabul","modification_date":"2012-02-28"},{"geonameid":"1142776","name":"Dowlatābād","asciiname":"Dowlatabad","alternatenames":["Daulatabad","Daulatābād","Davletabad","Dawlatabad","Dawlatābād","Dowlatabad","Dowlatābād","dwlt abad","Даулатабад","دولت آباد"],"latitude":"36.98821","longitude":"66.82069","feature_class":"P","feature_code":"PPLA2","country_code":"AF","cc2":"","admin1_code":"30","admin2_code":"","admin3_code":"","admin4_code":"","population":"0","elevation":"","dem":"312","timezone":"Asia/Kabul","modification_date":"2013-10-04"},{"geonameid":"1143630","name":"Dehdādī","asciiname":"Dehdadi","alternatenames":["Chahar Sarakah-ye Dehdadi","Chahār Sarakah-ye Dehdādī","Dehdadi","Dehdādī","Dekhdadi","chhar srkh dhdady","dhdady","Дехдади","دهدادی","چهار سرکه دهدادی"],"latitude":"36.66319","longitude":"66.99339","feature_class":"P","feature_code":"PPLA2","country_code":"AF","cc2":"","admin1_code":"30","admin2_code":"","admin3_code":"","admin4_code":"","population":"0","elevation":"","dem":"398","timezone":"Asia/Kabul","modification_date":"2013-11-07"},{"geonameid":"1145128","name":"Chimtāl","asciiname":"Chimtal","alternatenames":["Ahan Qal`eh","Cemtal","Cemtāl","Chemtal","Chemtāl","Chimtal","Chimtal'","Chimtāl","chmtal","chmtl","Āhan Qal‘eh","Чимталь","چمتال","چمتل"],"latitude":"36.67818","longitude":"66.80325","feature_class":"P","feature_code":"PPLA2","country_code":"AF","cc2":"","admin1_code":"30","admin2_code":"","admin3_code":"","admin4_code":"","population":"0","elevation":"","dem":"355","timezone":"Asia/Kabul","modification_date":"2012-02-28"},{"geonameid":"1147290","name":"Balkh","asciiname":"Balkh","alternatenames":["Bactra","Bactresh","Bakhtar","Balch","Balchas","Balh","Balhika","Balj","Balkh","Balx","Bamik","Bazirabad","Belh","Belx","Bkahdi","Bākhtar","Daerah Balkh","Quan Balkh","Quận Balkh","Vazirabad","Zariaspa","ba er he","balheu","barufu","blkh","Ζαρίασπα","Балх","Вазирабад","Բալխ","بلخ","বাল্‌খ","ബൽഖ്","バルフ","巴尔赫","발흐"],"latitude":"36.75635","longitude":"66.8972","feature_class":"P","feature_code":"PPLA2","country_code":"AF","cc2":"","admin1_code":"30","admin2_code":"","admin3_code":"","admin4_code":"","population":"114883","elevation":"","dem":"348","timezone":"Asia/Kabul","modification_date":"2014-11-21"},{"geonameid":"1427089","name":"Qaranghū Tōghaī","asciiname":"Qaranghu Toghai","alternatenames":["Karankutugay","Qaranghu Toghai","Qaranghū Tōghaī","Qaryah-ye Qaran Toghai","Qaryah-ye Qaran Tōghaī","qrnghw twghy","qryh qrn twghy","قرنغو توغی","قريه قرن توغی"],"latitude":"37.21528","longitude":"67.63972","feature_class":"P","feature_code":"PPLA2","country_code":"AF","cc2":"","admin1_code":"30","admin2_code":"","admin3_code":"","admin4_code":"","population":"0","elevation":"","dem":"301","timezone":"Asia/Kabul","modification_date":"2012-02-28"},{"geonameid":"1465349","name":"Lab-Sar","asciiname":"Lab-Sar","alternatenames":[""],"latitude":"36.02634","longitude":"66.83799","feature_class":"P","feature_code":"PPL","country_code":"AF","cc2":"","admin1_code":"30","admin2_code":"","admin3_code":"","admin4_code":"","population":"1068","elevation":"","dem":"1011","timezone":"Asia/Kabul","modification_date":"2012-02-29"}]}