{"region_data":{"adminCode1":"41","lng":"66.25","geonameId":6957553,"toponymName":"Daykundi Province","countryId":"1149361","fcl":"A","population":440000,"numberOfChildren":9,"countryCode":"AF","name":"Daykundi","fclName":"country, state, region,...","countryName":"Afghanistan","fcodeName":"first-order administrative division","adminName1":"Daykundi","lat":"33.75","fcode":"ADM1"},"country_data":{"ISO":"AF","ISO3":"AFG","ISO_Numeric":"004","fips":"AF","country":"Afghanistan","capital":"Kabul","area":"647500","Population":"29121286","Continent":"AS","tld":".af","CurrencyCode":"AFN","CurrencyName":"Afghani","Phone":"93","Postal_Code_Format":"","Postal_Code_Regex":"","Languages":"fa-AF,ps,uz-AF,tk","geonameid":"1149361","neighbours":"TM,CN,IR,TJ,PK,UZ","EquivalentFipsCode":""},"cities":[{"geonameid":"1126796","name":"Sar-e Tayghān","asciiname":"Sar-e Tayghan","alternatenames":["Sar Teghan","Sar-e Tayghan","Sar-e Tayghān","Saṟ Tēghān","sr tyghan","سر تیغان"],"latitude":"33.50998","longitude":"65.67632","feature_class":"P","feature_code":"PPLA2","country_code":"AF","cc2":"","admin1_code":"41","admin2_code":"","admin3_code":"","admin4_code":"","population":"0","elevation":"","dem":"1423","timezone":"Asia/Kabul","modification_date":"2012-02-28"},{"geonameid":"1129013","name":"Quchanghī","asciiname":"Quchanghi","alternatenames":["Kuchangi","Qocanghi","Qocangli","Qochanghi","Qochanghī","Qochangi","Qochangī","Qočanghi","Quchanghi","Quchanghī","Qōchanghī","qchnghy","qwchnghy","قوچنغی","قچنغی"],"latitude":"34.06183","longitude":"66.27801","feature_class":"P","feature_code":"PPLA2","country_code":"AF","cc2":"","admin1_code":"41","admin2_code":"","admin3_code":"","admin4_code":"","population":"0","elevation":"","dem":"2456","timezone":"Asia/Kabul","modification_date":"2012-02-28"},{"geonameid":"1131833","name":"Nīlī","asciiname":"Nili","alternatenames":["Nili","Nīlī","Qaryah-e Nili","Qaryah-e Nīlī","nyly","نیلی"],"latitude":"33.72178","longitude":"66.13023","feature_class":"P","feature_code":"PPLA","country_code":"AF","cc2":"","admin1_code":"41","admin2_code":"","admin3_code":"","admin4_code":"","population":"0","elevation":"2022","dem":"2069","timezone":"Asia/Kabul","modification_date":"2014-01-15"},{"geonameid":"1138714","name":"Kajrān","asciiname":"Kajran","alternatenames":["Kadzhiran","Kajiran","Kajran","Kajrān","Kajīrān","kjran","Каджиран","کجران"],"latitude":"33.20357","longitude":"65.47311","feature_class":"P","feature_code":"PPLA2","country_code":"AF","cc2":"","admin1_code":"41","admin2_code":"","admin3_code":"","admin4_code":"","population":"0","elevation":"","dem":"1364","timezone":"Asia/Kabul","modification_date":"2012-02-28"},{"geonameid":"1348242","name":"Khadīr","asciiname":"Khadir","alternatenames":["Khadir","Khadīr","khdyr","خدیر"],"latitude":"33.92232","longitude":"65.93398","feature_class":"P","feature_code":"PPLA2","country_code":"AF","cc2":"","admin1_code":"41","admin2_code":"","admin3_code":"","admin4_code":"","population":"0","elevation":"","dem":"2462","timezone":"Asia/Kabul","modification_date":"2012-02-28"},{"geonameid":"1448087","name":"Chowṉêy","asciiname":"Chowney","alternatenames":["Cawnay","Chawnay","Chowney","Chowṉêy","Čawnay","چوڼۍ"],"latitude":"33.38278","longitude":"66.27233","feature_class":"P","feature_code":"PPLA2","country_code":"AF","cc2":"","admin1_code":"41","admin2_code":"","admin3_code":"","admin4_code":"","population":"0","elevation":"","dem":"1347","timezone":"Asia/Kabul","modification_date":"2012-02-28"}]}