{"region_data":{"adminCode1":"06","lng":"62.5","geonameId":1142263,"toponymName":"Farāh","countryId":"1149361","fcl":"A","population":470939,"numberOfChildren":11,"countryCode":"AF","name":"Farah","fclName":"country, state, region,...","countryName":"Afghanistan","fcodeName":"first-order administrative division","adminName1":"Farah","lat":"32.5","fcode":"ADM1"},"country_data":{"ISO":"AF","ISO3":"AFG","ISO_Numeric":"004","fips":"AF","country":"Afghanistan","capital":"Kabul","area":"647500","Population":"29121286","Continent":"AS","tld":".af","CurrencyCode":"AFN","CurrencyName":"Afghani","Phone":"93","Postal_Code_Format":"","Postal_Code_Regex":"","Languages":"fa-AF,ps,uz-AF,tk","geonameid":"1149361","neighbours":"TM,CN,IR,TJ,PK,UZ","EquivalentFipsCode":""},"cities":[{"geonameid":"1123666","name":"Markaz-e Ḩukūmat-e Sulţān-e Bakwāh","asciiname":"Markaz-e Hukumat-e Sultan-e Bakwah","alternatenames":["Bakva","Bakvā","Bakwah","Bakwāh","Markaz-e Hokumat-e Soltan-e Bakva","Markaz-e Hukumat-e Sultan-e Bakwa","Markaz-e Hukumat-e Sultan-e Bakwah","Markaz-e Ḩokūmat-e Solţān-e Bakvā","Markaz-e Ḩukūmat-e Sulţān-e Bakwā","Markaz-e Ḩukūmat-e Sulţān-e Bakwāh","Markaze Hokumate Sultane Bakwa","Markazi-Khukumati-Sultani-Bakva","Maṟkaze Ḩokūmate Sulṯāne Bakwā","Soltan Bakvah","Soltan-e Bakva","Solţān Bakvāh","Solţān-e Bakvā","Sultan Bakhwa","Sultan Bakwa","Sultan-e Bakwah","Sultane Bakwa","Sultān Bakhwa","Sultān Bakwa","Sulţān-e Bakwāh","Sulţāne Bakwā","mrkz hkwmt sltan bkwa","mrkz hkwmt sltan bkwah","sltan bkwah","سلطان بکواه","مرکز حکومت سلطان بکوا","مرکز حکومت سلطان بکواه"],"latitude":"32.24139","longitude":"62.94936","feature_class":"P","feature_code":"PPLA2","country_code":"AF","cc2":"","admin1_code":"06","admin2_code":"","admin3_code":"","admin4_code":"","population":"0","elevation":"","dem":"724","timezone":"Asia/Kabul","modification_date":"2012-02-28"},{"geonameid":"1129932","name":"Qal‘ah-ye Kuhnah","asciiname":"Qal`ah-ye Kuhnah","alternatenames":["Qal`a-i- Kuhna","Qal`ah-ye Kuhnah","Qal`eh-ye Kohneh","Qal‘a-i- Kuhna","Qal‘ah-ye Kuhnah","Qal‘eh-ye Kohneh","قلعۀ کهنه"],"latitude":"32.61591","longitude":"63.66681","feature_class":"P","feature_code":"PPLA2","country_code":"AF","cc2":"","admin1_code":"06","admin2_code":"","admin3_code":"","admin4_code":"","population":"0","elevation":"","dem":"1429","timezone":"Asia/Kabul","modification_date":"2012-02-28"},{"geonameid":"1134724","name":"Lāsh-e Juwayn","asciiname":"Lash-e Juwayn","alternatenames":["Jawain","Joveyn","Juwain","Juwayn","Juwāin","Lase Jowayn","Lash","Lash Jovayn","Lash-e Joveyn","Lash-e Joway","Lash-e Juwayn","Laso-joayn","Lāsh","Lāsh Jovayn","Lāsh-e Joveyn","Lāsh-e Joway","Lāsh-e Juwayn","Lās̄e Jowayn","Lās̄o-joayn","jwyn","lash jwy","lashi chwyn","جوين","لاش جوی","لاشِ چوين"],"latitude":"31.71382","longitude":"61.62272","feature_class":"P","feature_code":"PPLA2","country_code":"AF","cc2":"","admin1_code":"06","admin2_code":"","admin3_code":"","admin4_code":"","population":"0","elevation":"","dem":"513","timezone":"Asia/Kabul","modification_date":"2012-02-28"},{"geonameid":"1142264","name":"Farah","asciiname":"Farah","alternatenames":["FAH","Farah","Farahas","Farakh","Farâh","Farāh","Ferah","fa la","faraha","frah","pala","Фарах","فراه","फ़राह","法拉","파라"],"latitude":"32.37451","longitude":"62.11638","feature_class":"P","feature_code":"PPLA","country_code":"AF","cc2":"","admin1_code":"06","admin2_code":"","admin3_code":"","admin4_code":"","population":"43561","elevation":"","dem":"662","timezone":"Asia/Kabul","modification_date":"2013-09-21"},{"geonameid":"1142852","name":"Dū Qal‘ah","asciiname":"Du Qal`ah","alternatenames":["Do Qal`eh","Do Qal‘eh","Doqal`a","Du Qal`ah","Dū Qal‘ah","Kala-i-Kah","Kala-i-Kāh","Qal`ah-ye Kah","Qal`eh Kah","Qal`eh-ye Ka","Qala-i-Kah","Qala-i-Kāh","Qal‘ah-ye Kāh","Qal‘eh Kāh","Qal‘eh-ye Kā","دو قلعه","قلعه کاه","Ḏoqal‘a"],"latitude":"32.14237","longitude":"61.4469","feature_class":"P","feature_code":"PPLA2","country_code":"AF","cc2":"","admin1_code":"06","admin2_code":"","admin3_code":"","admin4_code":"","population":"0","elevation":"","dem":"557","timezone":"Asia/Kabul","modification_date":"2012-02-28"},{"geonameid":"1143816","name":"Dasht-e Qal‘ah","asciiname":"Dasht-e Qal`ah","alternatenames":["Dasht-e Qal`ah","Dasht-e Qal`eh","Dasht-e Qal‘ah","Dasht-e Qal‘eh","Daste Qal`a","دشت قلعه","Ḏas̄te Qal‘a"],"latitude":"33.02978","longitude":"63.8395","feature_class":"P","feature_code":"PPLA2","country_code":"AF","cc2":"","admin1_code":"06","admin2_code":"","admin3_code":"","admin4_code":"","population":"0","elevation":"","dem":"1718","timezone":"Asia/Kabul","modification_date":"2012-02-28"},{"geonameid":"1148709","name":"Anār Darah","asciiname":"Anar Darah","alternatenames":["Anar Dara","Anar Darah","Anar Darrah","Anar Darreh","Anardara","Anardarra","Anār Darah","Anār Darrah","Anār Darreh","Anārdarra","Saykh Abad","Shaykh Abad","Shaykh Ābād","S̄aykh Ābāḏ","anar drh","shykh abad","Анар Дара","انار دره","شیخ آباد"],"latitude":"32.7587","longitude":"61.65397","feature_class":"P","feature_code":"PPLA2","country_code":"AF","cc2":"","admin1_code":"06","admin2_code":"","admin3_code":"","admin4_code":"","population":"10023","elevation":"","dem":"778","timezone":"Asia/Kabul","modification_date":"2012-02-28"},{"geonameid":"1437312","name":"Kushkak","asciiname":"Kushkak","alternatenames":["Kushkak","Kuskak","Kuškak","Kūshkak","kshkk","کشکک"],"latitude":"32.28991","longitude":"61.52194","feature_class":"P","feature_code":"PPLA2","country_code":"AF","cc2":"","admin1_code":"06","admin2_code":"","admin3_code":"","admin4_code":"","population":"0","elevation":"","dem":"612","timezone":"Asia/Kabul","modification_date":"2012-02-28"}]}