{"region_data":{"adminCode1":"11","lng":"62","geonameId":1140025,"toponymName":"Herāt","countryId":"1149361","fcl":"A","population":1382139,"numberOfChildren":16,"countryCode":"AF","name":"Herat","fclName":"country, state, region,...","countryName":"Afghanistan","fcodeName":"first-order administrative division","adminName1":"Herat","lat":"34.5","fcode":"ADM1"},"country_data":{"ISO":"AF","ISO3":"AFG","ISO_Numeric":"004","fips":"AF","country":"Afghanistan","capital":"Kabul","area":"647500","Population":"29121286","Continent":"AS","tld":".af","CurrencyCode":"AFN","CurrencyName":"Afghani","Phone":"93","Postal_Code_Format":"","Postal_Code_Regex":"","Languages":"fa-AF,ps,uz-AF,tk","geonameid":"1149361","neighbours":"TM,CN,IR,TJ,PK,UZ","EquivalentFipsCode":""},"cities":[{"geonameid":"1120483","name":"Kuhsān","asciiname":"Kuhsan","alternatenames":["Kohistan","Kohsan","Kohsān","Koshan","Kuhestan","Kuhsan","Kuhsān","Kōhistān","Kūhestān","khsan","kwhstan","Кошан","کهسان","کوهستان"],"latitude":"34.65389","longitude":"61.19778","feature_class":"P","feature_code":"PPLA2","country_code":"AF","cc2":"","admin1_code":"11","admin2_code":"","admin3_code":"","admin4_code":"","population":"12087","elevation":"","dem":"740","timezone":"Asia/Kabul","modification_date":"2012-05-05"},{"geonameid":"1120711","name":"Zindah Jān","asciiname":"Zindah Jan","alternatenames":["Fusanj","Fushanj","Fus̄anj","Fūshanj","Zendajan","Zendeh Jan","Zendeh Jān","Zenḏajān","Zindah Jan","Zindah Jān","Zindajan","Zindajān","zndh jan","زنده جان"],"latitude":"34.34264","longitude":"61.74675","feature_class":"P","feature_code":"PPLA2","country_code":"AF","cc2":"","admin1_code":"11","admin2_code":"","admin3_code":"","admin4_code":"","population":"10104","elevation":"","dem":"834","timezone":"Asia/Kabul","modification_date":"2012-02-28"},{"geonameid":"1122408","name":"Tīr Pul","asciiname":"Tir Pul","alternatenames":["Tir Pol","Tir Pul","Tirpul","Tīr Pol","Tīr Pul","tyr pl","تیر پل"],"latitude":"34.59431","longitude":"61.26895","feature_class":"P","feature_code":"PPL","country_code":"AF","cc2":"","admin1_code":"11","admin2_code":"","admin3_code":"","admin4_code":"","population":"6979","elevation":"","dem":"751","timezone":"Asia/Kabul","modification_date":"2012-01-16"},{"geonameid":"1125155","name":"Shīnḏanḏ","asciiname":"Shindand","alternatenames":["Asfazar","Asfazār","Sabzavar","Sabzavār","Sabzawar","Sabzevar","Sabzevār","Shindand","Shīndand","Shīnḏanḏ","Sindand","shyndnd","Šīndand","Шинданд","شيندند","شیندند","شینډنډ"],"latitude":"33.30294","longitude":"62.1474","feature_class":"P","feature_code":"PPLA2","country_code":"AF","cc2":"","admin1_code":"11","admin2_code":"","admin3_code":"","admin4_code":"","population":"29264","elevation":"","dem":"1071","timezone":"Asia/Kabul","modification_date":"2012-02-28"},{"geonameid":"1128310","name":"Rabāţ-e Sangī-ye Pā’īn","asciiname":"Rabat-e Sangi-ye Pa'in","alternatenames":["Rabat-e Sangi","Rabat-e Sangi-ye Pa'in","Rabat-i-Sangi-Pa'in","Rabati-Sangiyi-Pain","Rabāţ-e Sangī","Rabāţ-e Sangī-ye Pā’īn","Rabāṯ-i-Sangi-Pā’īn","Robat-e Sangi-ye Pa'in","Robāţ-e Sangī-ye Pā’īn","rbat sngy","rbat sngy payyn","رباط سنگی","رباط سنگی پائین"],"latitude":"34.79951","longitude":"62.13917","feature_class":"P","feature_code":"PPLA2","country_code":"AF","cc2":"","admin1_code":"11","admin2_code":"","admin3_code":"","admin4_code":"","population":"0","elevation":"","dem":"1192","timezone":"Asia/Kabul","modification_date":"2012-02-28"},{"geonameid":"1129678","name":"Qarah Bāgh","asciiname":"Qarah Bagh","alternatenames":["Karabagh","Karabāgh","Kharabagh","Qara Baqh","Qarabagh","Qarabāgh","Qarah Bagh","Qarah Bāgh","Qareh Bagh","Qareh Bāgh","Qaṟa Bāqh","qrh bagh","قره باغ"],"latitude":"34.94023","longitude":"61.77589","feature_class":"P","feature_code":"PPLA2","country_code":"AF","cc2":"","admin1_code":"11","admin2_code":"","admin3_code":"","admin4_code":"","population":"12412","elevation":"","dem":"952","timezone":"Asia/Kabul","modification_date":"2012-02-28"},{"geonameid":"1131406","name":"Qaryeh-ye Owbeh","asciiname":"Qaryeh-ye Owbeh","alternatenames":["Caharmahale Obe","Cahāṟmahale Ōbē","Chahar Mahall-e Obeh","Chahār Maḩall-e Obeh","Obe","Obeh","Owbey","Owbi","Owbī","Qaryeh-ye Owbeh","awbh","Ōbêh","Ōbē","اوبه"],"latitude":"34.36972","longitude":"63.17639","feature_class":"P","feature_code":"PPLA2","country_code":"AF","cc2":"","admin1_code":"11","admin2_code":"","admin3_code":"","admin4_code":"","population":"0","elevation":"","dem":"1287","timezone":"Asia/Kabul","modification_date":"2012-02-28"},{"geonameid":"1135158","name":"Kushk","asciiname":"Kushk","alternatenames":["Kushk","Kusk","Kus̄k","Kūshk","kshk","Кушк","کشک"],"latitude":"33.29565","longitude":"61.95221","feature_class":"P","feature_code":"PPL","country_code":"AF","cc2":"","admin1_code":"11","admin2_code":"","admin3_code":"","admin4_code":"","population":"16952","elevation":"","dem":"1115","timezone":"Asia/Kabul","modification_date":"2012-01-16"},{"geonameid":"1135625","name":"Kushk-e Kuhnah","asciiname":"Kushk-e Kuhnah","alternatenames":["Koshk","Koshk-e Kohneh","Kushk","Kushk-e Kuhnah","Kusk","Kusk-i-Kohna","Kuske Kuhna","Kus̄k-i-Kohna","Kus̄ke Kuhna","kshk khnh","کشک کهنه"],"latitude":"34.8711","longitude":"62.54762","feature_class":"P","feature_code":"PPLA2","country_code":"AF","cc2":"","admin1_code":"11","admin2_code":"","admin3_code":"","admin4_code":"","population":"0","elevation":"","dem":"1076","timezone":"Asia/Kabul","modification_date":"2012-02-28"},{"geonameid":"1137807","name":"Karukh","asciiname":"Karukh","alternatenames":["Karokh","Karrukh","Karukh","Kaṟukh","krkh","کرخ"],"latitude":"34.48108","longitude":"62.5863","feature_class":"P","feature_code":"PPLA2","country_code":"AF","cc2":"","admin1_code":"11","admin2_code":"","admin3_code":"","admin4_code":"","population":"17484","elevation":"","dem":"1340","timezone":"Asia/Kabul","modification_date":"2012-02-28"},{"geonameid":"1140026","name":"Herāt","asciiname":"Herat","alternatenames":["Gerat","Gorad Gerat","HEA","Herat","Herāt","Hérat","Kherat","Shahr-e Herat","Shahr-e Herāt","he la te","herato","hrat","Герат","Горад Герат","Херат","هراة","هرات","ヘラート","赫拉特"],"latitude":"34.34817","longitude":"62.19967","feature_class":"P","feature_code":"PPLA","country_code":"AF","cc2":"","admin1_code":"11","admin2_code":"","admin3_code":"","admin4_code":"","population":"272806","elevation":"","dem":"927","timezone":"Asia/Kabul","modification_date":"2013-05-18"},{"geonameid":"1140605","name":"Guz̄arah","asciiname":"Guzarah","alternatenames":["Gozara","Gozareh","Goz̄areh","Goz̄aṟa","Guzarah","Guz̄arah","gdhrh","گذره"],"latitude":"34.21223","longitude":"62.21235","feature_class":"P","feature_code":"PPLA2","country_code":"AF","cc2":"","admin1_code":"11","admin2_code":"","admin3_code":"","admin4_code":"","population":"0","elevation":"","dem":"983","timezone":"Asia/Kabul","modification_date":"2012-02-28"},{"geonameid":"1140970","name":"Ghōriyān","asciiname":"Ghoriyan","alternatenames":["Ghorian","Ghoriyan","Ghoriān","Ghoryan","Ghurian","Ghuriyan","Ghuryan","Ghōriyān","Ghōṟyān","Ghūriyān","Ghūryān","Ghūrīān","Gorian","ghwryan","غوریان"],"latitude":"34.3448","longitude":"61.49321","feature_class":"P","feature_code":"PPLA2","country_code":"AF","cc2":"","admin1_code":"11","admin2_code":"","admin3_code":"","admin4_code":"","population":"0","elevation":"","dem":"796","timezone":"Asia/Kabul","modification_date":"2012-05-05"},{"geonameid":"1142234","name":"Qal‘ah-ye Fārsī","asciiname":"Qal`ah-ye Farsi","alternatenames":["Farsi","Farsī","Kalafarsi","Qal`a Farsi","Qal`a-i-Farsi","Qal`ah-ye Farsi","Qal`eh Farsi","Qal`eh-ye Farsi","Qal‘a Fāṟsi","Qal‘a-i-Fāṟsi","Qal‘ah-ye Farsī","Qal‘ah-ye Fārsī","Qal‘eh Fāṟsi","Qal‘eh-ye Farsī","قلعۀ فارسی","قلعۀ فرسی"],"latitude":"33.78529","longitude":"63.24735","feature_class":"P","feature_code":"PPLA2","country_code":"AF","cc2":"","admin1_code":"11","admin2_code":"","admin3_code":"","admin4_code":"","population":"0","elevation":"","dem":"2286","timezone":"Asia/Kabul","modification_date":"2012-02-28"},{"geonameid":"1142404","name":"Kafir Qala","asciiname":"Kafir Qala","alternatenames":["Eslam Qal`eh","Eslamqal`a","Eslamqal‘a","Eslām Qal‘eh","Islam Kala","Islam Killa","Islam Qal`ah","Islam Qala","Islām Kala","Islām Qala","Islām Qal‘ah","Kafar Qal`eh","Kafir Kala","Kafir Qala","Kāfar Qal‘eh"],"latitude":"34.66667","longitude":"61.06667","feature_class":"P","feature_code":"PPL","country_code":"AF","cc2":"","admin1_code":"11","admin2_code":"","admin3_code":"","admin4_code":"","population":"18086","elevation":"","dem":"726","timezone":"Asia/Kabul","modification_date":"2012-01-16"},{"geonameid":"1142517","name":"Injīl","asciiname":"Injil","alternatenames":["Enjeel","Enjil","Enjīl","Injil","Injīl","anjyl","انجيل"],"latitude":"34.30157","longitude":"62.2465","feature_class":"P","feature_code":"PPLA2","country_code":"AF","cc2":"","admin1_code":"11","admin2_code":"","admin3_code":"","admin4_code":"","population":"0","elevation":"","dem":"937","timezone":"Asia/Kabul","modification_date":"2012-02-28"},{"geonameid":"1145007","name":"Chisht-e Sharīf","asciiname":"Chisht-e Sharif","alternatenames":["Ceste Sarif","Ces̄te S̄aṟīf","Chesht-e Sharif","Chesht-e Sharīf","Chest-e Sharif","Chisht-e Sharif","Chisht-e Sharīf","Chusht-e Sharif","Chusht-e Sharīf","Khvajeh Chesht","Khvājeh Chesht","Khwaja Chist","Qaryeh-ye Chest-e Sharif","Qaryeh-ye Chest-e Sharīf","chsht shryf","چشت شریف"],"latitude":"34.34731","longitude":"63.73966","feature_class":"P","feature_code":"PPLA2","country_code":"AF","cc2":"","admin1_code":"11","admin2_code":"","admin3_code":"","admin4_code":"","population":"0","elevation":"","dem":"1572","timezone":"Asia/Kabul","modification_date":"2012-02-28"},{"geonameid":"1145866","name":"Chahār Burj","asciiname":"Chahar Burj","alternatenames":["Car Burj","Chahar Borj","Chahar Burj","Chahar Burjak","Chahār Borj","Chahār Burj","Chahār Burjak","Char Burj","Charburdzh","Chār Burj","chhar brj","Čār Burj","چهار برج"],"latitude":"34.24475","longitude":"62.19165","feature_class":"P","feature_code":"PPL","country_code":"AF","cc2":"","admin1_code":"11","admin2_code":"","admin3_code":"","admin4_code":"","population":"11935","elevation":"","dem":"943","timezone":"Asia/Kabul","modification_date":"2012-01-16"},{"geonameid":"1149379","name":"Adraskan","asciiname":"Adraskan","alternatenames":["Adraskan","Adraskand","Adreskan","Adriskan","Aḏṟeskan","Gala","Gala Adraskan","Kala Adraskan","Kala Adrāskan","Qal`eh Adraskand","Qala Adraskan","Qala Adrāskān","Qal‘eh Adraskand","adrskn","ادرسکن"],"latitude":"33.64573","longitude":"62.26959","feature_class":"P","feature_code":"PPLA2","country_code":"AF","cc2":"","admin1_code":"11","admin2_code":"","admin3_code":"","admin4_code":"","population":"0","elevation":"","dem":"1352","timezone":"Asia/Kabul","modification_date":"2012-05-05"}]}