{"region_data":{"adminCode1":"23","lng":"65.75","geonameId":1138335,"toponymName":"Kandahār","countryId":"1149361","fcl":"A","population":1665487,"numberOfChildren":18,"countryCode":"AF","name":"Kandahār","fclName":"country, state, region,...","countryName":"Afghanistan","fcodeName":"first-order administrative division","adminName1":"Kandahār","lat":"31","fcode":"ADM1"},"country_data":{"ISO":"AF","ISO3":"AFG","ISO_Numeric":"004","fips":"AF","country":"Afghanistan","capital":"Kabul","area":"647500","Population":"29121286","Continent":"AS","tld":".af","CurrencyCode":"AFN","CurrencyName":"Afghani","Phone":"93","Postal_Code_Format":"","Postal_Code_Regex":"","Languages":"fa-AF,ps,uz-AF,tk","geonameid":"1149361","neighbours":"TM,CN,IR,TJ,PK,UZ","EquivalentFipsCode":""},"cities":[{"geonameid":"1120627","name":"Zīārat-e Shāh Maqşūd","asciiname":"Ziarat-e Shah Maqsud","alternatenames":["Sah Agha","Shab Maqsud","Shah Agha","Shah Maksud","Shah Maqsud","Shakhaga","Shāb Maqsūd","Shāh Maqsūd","Shāh Āghā","Ziarat Shah Maqsud","Ziarat-Shakh-Maksud","Ziarat-e Shah Maqsud","Ziārat Shāh Maqsūd","Zyarate Sah Maqsud","Zyārate Šāh Maqsūd","Zīārat-e Shāh Maqşūd","shah agha","zyart shah mqswd","Šah Āghā","زيارتٔ شاه مقصود","زیارت شاه مقصود","شاه آغا"],"latitude":"31.9848","longitude":"65.4736","feature_class":"P","feature_code":"PPLA2","country_code":"AF","cc2":"","admin1_code":"23","admin2_code":"","admin3_code":"","admin4_code":"","population":"0","elevation":"","dem":"1577","timezone":"Asia/Kabul","modification_date":"2012-02-28"},{"geonameid":"1121045","name":"Zamtō Kêlay","asciiname":"Zamto Kelay","alternatenames":["Zamto","Zamto Kalay","Zamto Kelay","Zamtukalay","Zamtō","Zamtō Kêlay","zmtw","zmtw kly","زمتو","زمتو کلی"],"latitude":"32.3726","longitude":"66.17708","feature_class":"P","feature_code":"PPLA2","country_code":"AF","cc2":"","admin1_code":"23","admin2_code":"","admin3_code":"","admin4_code":"","population":"0","elevation":"","dem":"1925","timezone":"Asia/Kabul","modification_date":"2012-02-28"},{"geonameid":"1123906","name":"Spīn Bōldak","asciiname":"Spin Boldak","alternatenames":["Spin Baldak","Spin Boldak","Spin Buldak","Spīn Baldak","Spīn Bōldak","Spīn Būldak","spyn bwldk","سپین بولدک"],"latitude":"31.00575","longitude":"66.40001","feature_class":"P","feature_code":"PPLA2","country_code":"AF","cc2":"","admin1_code":"23","admin2_code":"","admin3_code":"","admin4_code":"","population":"0","elevation":"","dem":"1218","timezone":"Asia/Kabul","modification_date":"2012-02-28"},{"geonameid":"1130997","name":"Pāshmūl","asciiname":"Pashmul","alternatenames":["Pashmol","Pashmul","Pasmul","Pašmūl","Pāshmūl","pashmwl","pshmwl","پاشمول","پشمول"],"latitude":"31.5572","longitude":"65.4343","feature_class":"P","feature_code":"PPLA2","country_code":"AF","cc2":"","admin1_code":"23","admin2_code":"","admin3_code":"","admin4_code":"","population":"0","elevation":"","dem":"946","timezone":"Asia/Kabul","modification_date":"2012-02-28"},{"geonameid":"1136442","name":"Khūgyāṉī","asciiname":"Khugyani","alternatenames":["Khug'yani","Khugyani","Khug’yani","Khukyani","Khūgyānī","Khūgyāṉi","Khūgyāṉī","Khūkyānī","khwgyany","خوگیانی","خوگیاڼی"],"latitude":"31.56267","longitude":"66.5814","feature_class":"P","feature_code":"PPLA2","country_code":"AF","cc2":"","admin1_code":"23","admin2_code":"","admin3_code":"","admin4_code":"","population":"0","elevation":"","dem":"1311","timezone":"Asia/Kabul","modification_date":"2012-02-28"},{"geonameid":"1137745","name":"Kishk-e Nakhūd","asciiname":"Kishk-e Nakhud","alternatenames":["Kashk-e Nokhowd","Keshk-e Nakhud","Keshk-e Nakhūd","Keskenakhud","Keškenakhud","Kishk-e Nakhud","Kishk-e Nakhūd","Kishkinakhud","Kishkinakhūd","Kuchki-Nalud","Kushk-e Nakhud","Kushk-e Nakhūd","Kuske Nakhud","Kus̄ke Nakhuḏ","kshk nkhwd","کشک نخود"],"latitude":"31.62519","longitude":"65.05511","feature_class":"P","feature_code":"PPLA2","country_code":"AF","cc2":"","admin1_code":"23","admin2_code":"","admin3_code":"","admin4_code":"","population":"0","elevation":"","dem":"944","timezone":"Asia/Kabul","modification_date":"2012-02-01"},{"geonameid":"1138336","name":"Kandahār","asciiname":"Kandahar","alternatenames":["Candahar","Gorad Kandagar","KDH","Kandagar","Kandahar","Kandaharo","Kandahār","Kandehar","Kandhar","Qandahar","Qandahār","Qanḏahāṟ","kan da ha","kandaharu","kndhar","qndhar","qndhʼr","Горад Кандагар","Кандагар","קנדהאר","قندهار","كندهار","カンダハール","坎大哈"],"latitude":"31.61332","longitude":"65.71013","feature_class":"P","feature_code":"PPLA","country_code":"AF","cc2":"","admin1_code":"23","admin2_code":"","admin3_code":"","admin4_code":"","population":"391190","elevation":"","dem":"1007","timezone":"Asia/Kabul","modification_date":"2014-02-28"},{"geonameid":"1143255","name":"Dê Nārkhēl Kêlay","asciiname":"De Narkhel Kelay","alternatenames":["De Narkhel Kalay","De Narkhel Kelay","De Narkheyl Kalay","De Nārkheyl Kalay","Dinarkhil","Dê Nārkhēl Kêlay","Dīnārkhīl","Narkheyl'kalay","Narkheyl’kalay","d nar khyl kly","dynarkhyl","د نار خيل كلی","د نارخېل کلی","دينارخيل","Ḏe Nāṟkhēl Kalay"],"latitude":"32.43205","longitude":"65.63484","feature_class":"P","feature_code":"PPLA2","country_code":"AF","cc2":"","admin1_code":"23","admin2_code":"","admin3_code":"","admin4_code":"","population":"0","elevation":"","dem":"1478","timezone":"Asia/Kabul","modification_date":"2012-02-28"},{"geonameid":"1145124","name":"Chinār","asciiname":"Chinar","alternatenames":["Cenar","Chenar","Chenār","Chinar","Chinār","Chīnār","chnar","chynar","Čenār","چنار","چینار"],"latitude":"32.01583","longitude":"65.10721","feature_class":"P","feature_code":"PPLA2","country_code":"AF","cc2":"","admin1_code":"23","admin2_code":"","admin3_code":"","admin4_code":"","population":"0","elevation":"","dem":"1132","timezone":"Asia/Kabul","modification_date":"2012-02-28"},{"geonameid":"1148792","name":"Amānzī","asciiname":"Amanzi","alternatenames":["Amanzai","Amanzey","Amanzi","Amin Za'i","Amin Za’ī","Amānzaī","Amānzey","Amānzi","Amānzī","amanzy","amn zyy","امانزی","امن زئی"],"latitude":"30.21144","longitude":"66.04765","feature_class":"P","feature_code":"PPLA2","country_code":"AF","cc2":"","admin1_code":"23","admin2_code":"","admin3_code":"","admin4_code":"","population":"0","elevation":"","dem":"993","timezone":"Asia/Kabul","modification_date":"2012-02-28"},{"geonameid":"1453777","name":"Babasakhib","asciiname":"Babasakhib","alternatenames":["Baba Saheb","Baba Sahib","Babasakhib","Bābā Şāḩeb","Bābā Şāḩib","baba sahb","بابا صاحب"],"latitude":"31.66144","longitude":"65.66098","feature_class":"P","feature_code":"PPLA2","country_code":"AF","cc2":"","admin1_code":"23","admin2_code":"","admin3_code":"","admin4_code":"","population":"0","elevation":"","dem":"1014","timezone":"Asia/Kabul","modification_date":"2012-02-28"}]}