{"region_data":{"adminCode1":"24","lng":"68.75","geonameId":1135690,"toponymName":"Kunduz","countryId":"1149361","fcl":"A","population":718823,"numberOfChildren":9,"countryCode":"AF","name":"Kunduz","fclName":"country, state, region,...","countryName":"Afghanistan","fcodeName":"first-order administrative division","adminName1":"Kunduz","lat":"36.75","fcode":"ADM1"},"country_data":{"ISO":"AF","ISO3":"AFG","ISO_Numeric":"004","fips":"AF","country":"Afghanistan","capital":"Kabul","area":"647500","Population":"29121286","Continent":"AS","tld":".af","CurrencyCode":"AFN","CurrencyName":"Afghani","Phone":"93","Postal_Code_Format":"","Postal_Code_Regex":"","Languages":"fa-AF,ps,uz-AF,tk","geonameid":"1149361","neighbours":"TM,CN,IR,TJ,PK,UZ","EquivalentFipsCode":""},"cities":[{"geonameid":"1129648","name":"Qarāwul","asciiname":"Qarawul","alternatenames":["Hazrat Imam","Hazrat Imam Saiyid","Hazrat Imām","Karaul","Qaravol","Qarawul","Qarāvol","Qarāwul","Qaṟāwul","qrawl","قراول"],"latitude":"37.21959","longitude":"68.7802","feature_class":"P","feature_code":"PPL","country_code":"AF","cc2":"","admin1_code":"24","admin2_code":"","admin3_code":"","admin4_code":"","population":"24544","elevation":"","dem":"337","timezone":"Asia/Kabul","modification_date":"2013-09-05"},{"geonameid":"1135689","name":"Kunduz","asciiname":"Kunduz","alternatenames":["Kondoz","Konduz","Kondūz","Kundus","Kunduz","Kundūz","Qonduz","Qondūz","Qunduz","Qunḏūz","Shahr-e Qondoz","UND","kndwz","kndz","kundo~uzu zhou","kundujeu ju","qndz","Кундуз","قندز","كندز","کندوز","クンドゥズ州","쿤두즈 주"],"latitude":"36.72895","longitude":"68.857","feature_class":"P","feature_code":"PPLA","country_code":"AF","cc2":"","admin1_code":"24","admin2_code":"","admin3_code":"","admin4_code":"","population":"161902","elevation":"","dem":"402","timezone":"Asia/Kabul","modification_date":"2014-02-28"},{"geonameid":"1137168","name":"Khanabad","asciiname":"Khanabad","alternatenames":["Khanabad","Khānābād","khan abad","Ханабад","خان آباد"],"latitude":"36.6825","longitude":"69.11556","feature_class":"P","feature_code":"PPL","country_code":"AF","cc2":"","admin1_code":"24","admin2_code":"","admin3_code":"","admin4_code":"","population":"71531","elevation":"","dem":"503","timezone":"Asia/Kabul","modification_date":"2009-03-03"},{"geonameid":"1142545","name":"Imām Şāḩib","asciiname":"Imam Sahib","alternatenames":["Emam Saheb","Emām Şāḩeb","Hazrat","Imam Saheb","Imam Sahib","Imamsakhib","Imām Sāẖeb","Imām Şāḩib","Khwaja","Khwaja Imam Saiyid","Khwaja Iman Saiyid","Khwāja Imām Saiyid","Khwāja Imān Saiyid","amam sahb","امام صاحب"],"latitude":"37.18897","longitude":"68.93644","feature_class":"P","feature_code":"PPLA2","country_code":"AF","cc2":"","admin1_code":"24","admin2_code":"","admin3_code":"","admin4_code":"","population":"9659","elevation":"","dem":"358","timezone":"Asia/Kabul","modification_date":"2012-02-28"},{"geonameid":"1143838","name":"Dasht-e Archī","asciiname":"Dasht-e Archi","alternatenames":[""],"latitude":"37.13333","longitude":"69.16667","feature_class":"P","feature_code":"PPL","country_code":"AF","cc2":"","admin1_code":"24","admin2_code":"","admin3_code":"","admin4_code":"","population":"8263","elevation":"","dem":"379","timezone":"Asia/Kabul","modification_date":"2006-01-27"},{"geonameid":"1145364","name":"Dowr-e Rabāţ","asciiname":"Dowr-e Rabat","alternatenames":["Cardara","Chahar Darreh","Chahār Darreh","Char Darah","Char Darreh","Chār Darah","Chār Darreh","Cāṟḏaṟa","Davri-Rabat","Dawr-i-Rabat","Dawṟ-i-Ṟabāṯ","Dowr-e Rabat","Dowr-e Rabāţ","Ribat","Ribāt","char drh","dwr rbat","Даври-Рабат","دور رباط","دورٔ رباط","چار دره"],"latitude":"36.69132","longitude":"68.79093","feature_class":"P","feature_code":"PPLA2","country_code":"AF","cc2":"","admin1_code":"24","admin2_code":"","admin3_code":"","admin4_code":"","population":"0","elevation":"","dem":"390","timezone":"Asia/Kabul","modification_date":"2012-02-28"},{"geonameid":"1467976","name":"Aliabad","asciiname":"Aliabad","alternatenames":["Aliabad","`Ali Abad","`Aliabad","Алиабад","علی آباد","‘Alī Ābād","‘Alīābād"],"latitude":"36.52115","longitude":"68.89985","feature_class":"P","feature_code":"PPLA2","country_code":"AF","cc2":"","admin1_code":"24","admin2_code":"","admin3_code":"","admin4_code":"","population":"0","elevation":"","dem":"426","timezone":"Asia/Kabul","modification_date":"2012-02-29"}]}