{"region_data":{"adminCode1":"18","lng":"70.41667","geonameId":1132366,"toponymName":"Nangarhār","countryId":"1149361","fcl":"A","population":1538444,"numberOfChildren":23,"countryCode":"AF","name":"Nangarhār","fclName":"country, state, region,...","countryName":"Afghanistan","fcodeName":"first-order administrative division","adminName1":"Nangarhār","lat":"34.33333","fcode":"ADM1"},"country_data":{"ISO":"AF","ISO3":"AFG","ISO_Numeric":"004","fips":"AF","country":"Afghanistan","capital":"Kabul","area":"647500","Population":"29121286","Continent":"AS","tld":".af","CurrencyCode":"AFN","CurrencyName":"Afghani","Phone":"93","Postal_Code_Format":"","Postal_Code_Regex":"","Languages":"fa-AF,ps,uz-AF,tk","geonameid":"1149361","neighbours":"TM,CN,IR,TJ,PK,UZ","EquivalentFipsCode":""},"cities":[{"geonameid":"1124973","name":"Sheywah","asciiname":"Sheywah","alternatenames":["Kuz Konar","Kūz Konar","Sewa","Sheva","Shewa","Shewah","Sheywah","Shiveh","Shēwah","Shīveh","S̲h̲ēwah","shywh","Šēwa","شيوه","ښېوه"],"latitude":"34.57169","longitude":"70.58859","feature_class":"P","feature_code":"PPLA2","country_code":"AF","cc2":"","admin1_code":"18","admin2_code":"","admin3_code":"","admin4_code":"","population":"0","elevation":"","dem":"602","timezone":"Asia/Kabul","modification_date":"2012-02-28"},{"geonameid":"1127667","name":"Sangar Sarāy","asciiname":"Sangar Saray","alternatenames":["Sang-i-Sarai","Sang-i-Sarāi","Sangar","Sangar Sarai","Sangar Saray","Sangar Sarāy","Sangar Sarāī","Sangarsaray","sngr sray","سنگر سرای"],"latitude":"34.40744","longitude":"70.63937","feature_class":"P","feature_code":"PPLA2","country_code":"AF","cc2":"","admin1_code":"18","admin2_code":"","admin3_code":"","admin4_code":"","population":"0","elevation":"","dem":"517","timezone":"Asia/Kabul","modification_date":"2012-02-28"},{"geonameid":"1130132","name":"Qal‘ah-ye Shāhī","asciiname":"Qal`ah-ye Shahi","alternatenames":["Kalashakhi","Qal`a Sahi","Qal`ah-ye Shahi","Qal`eh-ye Shahi","Qalla-ISahi","Qalła-IŠāhi","Qal‘a S̄āhi","Qal‘a Šāhi","Qal‘ah-ye Shāhī","Qal‘eh-ye Shāhī","قلعۀ شاهی"],"latitude":"34.64921","longitude":"70.5914","feature_class":"P","feature_code":"PPLA2","country_code":"AF","cc2":"","admin1_code":"18","admin2_code":"","admin3_code":"","admin4_code":"","population":"0","elevation":"","dem":"894","timezone":"Asia/Kabul","modification_date":"2012-02-28"},{"geonameid":"1134074","name":"Māmā Khēl","asciiname":"Mama Khel","alternatenames":["Hashem Kheyl","Hasim Khel","Hāsim Khel","Mama Khel","Mamakheyl","Mamakheyl'","Mamakheyl’","Māmā Khēl","Māmākheyl","Sheyrzad","Sheyrzād","mama khyl","ماما خيل","ماما خېل"],"latitude":"34.24494","longitude":"69.9968","feature_class":"P","feature_code":"PPLA2","country_code":"AF","cc2":"","admin1_code":"18","admin2_code":"","admin3_code":"","admin4_code":"","population":"0","elevation":"","dem":"1531","timezone":"Asia/Kabul","modification_date":"2012-02-28"},{"geonameid":"1135514","name":"Kōṯowāl","asciiname":"Kotowal","alternatenames":["Kotaval'","Kotaval’","Kotawal","Kotowal","Kowtawal","Kowtawāl","Kōtawāl","Kōṯowāl","kwtwal","کوتوال","کوټوال"],"latitude":"34.10319","longitude":"70.46073","feature_class":"P","feature_code":"PPLA2","country_code":"AF","cc2":"","admin1_code":"18","admin2_code":"","admin3_code":"","admin4_code":"","population":"0","elevation":"","dem":"1464","timezone":"Asia/Kabul","modification_date":"2012-02-28"},{"geonameid":"1137548","name":"Kaz̲h̲ah","asciiname":"Kazhah","alternatenames":["Kaga","Kagd","Kaza","Kazhah","Kaz̲h̲ah","Kaža","Khazha","Khowgiani","Khowgīānī","Nawe Kaza","Nawē Kaža","kzhh","كژه","کږه"],"latitude":"34.24088","longitude":"70.18274","feature_class":"P","feature_code":"PPLA2","country_code":"AF","cc2":"","admin1_code":"18","admin2_code":"","admin3_code":"","admin4_code":"","population":"0","elevation":"","dem":"1276","timezone":"Asia/Kabul","modification_date":"2012-02-28"},{"geonameid":"1138801","name":"Kai","asciiname":"Kai","alternatenames":["Ka'i","Kahi","Kahī","Kai","Ka’i","Kāhī","Kā’ī","kayy","khy","کائی","کهی"],"latitude":"34.12819","longitude":"70.71828","feature_class":"P","feature_code":"PPLA2","country_code":"AF","cc2":"","admin1_code":"18","admin2_code":"","admin3_code":"","admin4_code":"","population":"0","elevation":"","dem":"945","timezone":"Asia/Kabul","modification_date":"2012-02-28"},{"geonameid":"1139715","name":"Jalālābād","asciiname":"Jalalabad","alternatenames":["Djelalabad","Dschalalabad","Dzalalabad","Dzhalalabad","Dzhelalabad","Dżalalabad","Jalakot","Jalal-Kut","Jalalabad","Jalalkoat","Jalalkot","Jalālkot","Jalālābād","Jelalabad","Tarun City","jalalabada","jlal abad","Джалалабад","جلال آباد","جلال‌آباد","জালালাবাদ"],"latitude":"34.42647","longitude":"70.45153","feature_class":"P","feature_code":"PPLA","country_code":"AF","cc2":"","admin1_code":"18","admin2_code":"","admin3_code":"","admin4_code":"","population":"200331","elevation":"","dem":"575","timezone":"Asia/Kabul","modification_date":"2012-01-16"},{"geonameid":"1140435","name":"Khafizan","asciiname":"Khafizan","alternatenames":["Hafezan","Hafizan","Khafizan","hafzan","حافظان","Ḩāfez̧ān","Ḩāfiz̧ān"],"latitude":"34.28665","longitude":"70.37247","feature_class":"P","feature_code":"PPLA2","country_code":"AF","cc2":"","admin1_code":"18","admin2_code":"","admin3_code":"","admin4_code":"","population":"0","elevation":"","dem":"909","timezone":"Asia/Kabul","modification_date":"2012-02-28"},{"geonameid":"1140614","name":"Gōshtah","asciiname":"Goshtah","alternatenames":["Goshta","Goshtah","Goshteh","Gosta","Gowshtah","Gošta","Gōshtah","gwshth","گوشته"],"latitude":"34.35822","longitude":"70.76264","feature_class":"P","feature_code":"PPLA2","country_code":"AF","cc2":"","admin1_code":"18","admin2_code":"","admin3_code":"","admin4_code":"","population":"0","elevation":"","dem":"483","timezone":"Asia/Kabul","modification_date":"2012-02-28"},{"geonameid":"1146822","name":"Bāsawul","asciiname":"Basawul","alternatenames":["Basavul'","Basavul’","Basawul","Basowl","Bāsawul","Bāsowl","Mohmand Darrah","baswl","باسول"],"latitude":"34.24749","longitude":"70.87218","feature_class":"P","feature_code":"PPLA2","country_code":"AF","cc2":"","admin1_code":"18","admin2_code":"","admin3_code":"","admin4_code":"","population":"6835","elevation":"","dem":"464","timezone":"Asia/Kabul","modification_date":"2012-02-28"},{"geonameid":"1149348","name":"Pachīr wa Āgām","asciiname":"Pachir wa Agam","alternatenames":["Agam","Agām","Pachier Agam","Pachir Agam","Pachir Aw Agam","Pachir wa Agam","Pachiro Agam","Pachiro Agām","Pachīer Agam","Pachīr Aw Āgām","Pachīr wa Āgām","Pachīr Āgām","Pachīrō Agām","Paciro Agam","Pačīro Agām","agam","pchyr w agam","pchyrw agam","اگام","پچير و آگام","پچیرو اگام"],"latitude":"34.20011","longitude":"70.27806","feature_class":"P","feature_code":"PPLA2","country_code":"AF","cc2":"","admin1_code":"18","admin2_code":"","admin3_code":"","admin4_code":"","population":"0","elevation":"","dem":"1241","timezone":"Asia/Kabul","modification_date":"2012-05-05"},{"geonameid":"1453103","name":"Sulţānpūr-e ‘Ulyā","asciiname":"Sultanpur-e `Ulya","alternatenames":["Soltanpur-e `Olya","Soltānpūr-e ‘Olyā","Sultan Pur","Sultanpur-e `Ulya","Sultanpure `Ulya","Sultanpuri-Ulia","Sulţān Pūr","Sulţānpūr-e ‘Ulyā","Sūltānpūṟe ‘Ulyā","sltan pwr","سلطان پور","سلطانپور علیا","سلطانپورٔ علیا"],"latitude":"34.41204","longitude":"70.29634","feature_class":"P","feature_code":"PPLA2","country_code":"AF","cc2":"","admin1_code":"18","admin2_code":"","admin3_code":"","admin4_code":"","population":"0","elevation":"","dem":"696","timezone":"Asia/Kabul","modification_date":"2012-02-28"},{"geonameid":"1469706","name":"Markaz-e Woluswalī-ye Āchīn","asciiname":"Markaz-e Woluswali-ye Achin","alternatenames":["Achin","Achin-Ulusvali","Acin Oluswali","Markaz-e Woluswali-ye Achin","Markaz-e Woluswalī-ye Āchīn","achyn","Āchīn","Āčīn Oluswāli","آچين"],"latitude":"34.12583","longitude":"70.70778","feature_class":"P","feature_code":"PPL","country_code":"AF","cc2":"","admin1_code":"18","admin2_code":"","admin3_code":"","admin4_code":"","population":"15098","elevation":"","dem":"972","timezone":"Asia/Kabul","modification_date":"2010-08-10"}]}