{"region_data":{"adminCode1":"42","lng":"69.98291","geonameId":6957555,"toponymName":"Panjshir","countryId":"1149361","fcl":"A","population":146100,"numberOfChildren":7,"countryCode":"AF","name":"Panjshir","fclName":"country, state, region,...","countryName":"Afghanistan","fcodeName":"first-order administrative division","adminName1":"Panjshir","lat":"35.40248","fcode":"ADM1"},"country_data":{"ISO":"AF","ISO3":"AFG","ISO_Numeric":"004","fips":"AF","country":"Afghanistan","capital":"Kabul","area":"647500","Population":"29121286","Continent":"AS","tld":".af","CurrencyCode":"AFN","CurrencyName":"Afghani","Phone":"93","Postal_Code_Format":"","Postal_Code_Regex":"","Languages":"fa-AF,ps,uz-AF,tk","geonameid":"1149361","neighbours":"TM,CN,IR,TJ,PK,UZ","EquivalentFipsCode":""},"cities":[{"geonameid":"1132127","name":"Now Dahānak","asciiname":"Now Dahanak","alternatenames":["Navadanak","Naw Danak","Nawdanak","Nawdānak","Now Dahanak","Now Dahānak","Now Danak","Now Dānak","Nāw Dānak","nw dank","nw dhank","نو دانک","نو دهانک"],"latitude":"35.62398","longitude":"70.00511","feature_class":"P","feature_code":"PPLA2","country_code":"AF","cc2":"","admin1_code":"42","admin2_code":"","admin3_code":"","admin4_code":"","population":"0","elevation":"","dem":"2629","timezone":"Asia/Kabul","modification_date":"2012-02-28"},{"geonameid":"1136737","name":"Khinj","asciiname":"Khinj","alternatenames":["Khenj","Khindzh","Khinj","khnj","Хиндж","خنج"],"latitude":"35.42898","longitude":"69.73482","feature_class":"P","feature_code":"PPLA2","country_code":"AF","cc2":"","admin1_code":"42","admin2_code":"","admin3_code":"","admin4_code":"","population":"0","elevation":"","dem":"2225","timezone":"Asia/Kabul","modification_date":"2012-02-28"},{"geonameid":"1148695","name":"’Unābah","asciiname":"'Unabah","alternatenames":["'Unabah","Anava","Anawa","Anawah","anawh","Ānāwa","Ānāwah","آناوه","عنابه","’Unābah"],"latitude":"35.23251","longitude":"69.37719","feature_class":"P","feature_code":"PPLA2","country_code":"AF","cc2":"","admin1_code":"42","admin2_code":"","admin3_code":"","admin4_code":"","population":"0","elevation":"","dem":"1770","timezone":"Asia/Kabul","modification_date":"2012-05-05"},{"geonameid":"1429434","name":"Bāzārak","asciiname":"Bazarak","alternatenames":["Bazarak","Bāzārak","bazark","Базарак","بازارك","بازارک"],"latitude":"35.31292","longitude":"69.51519","feature_class":"P","feature_code":"PPLA","country_code":"AF","cc2":"","admin1_code":"42","admin2_code":"","admin3_code":"","admin4_code":"","population":"65000","elevation":"","dem":"1965","timezone":"Asia/Kabul","modification_date":"2013-08-02"},{"geonameid":"1429521","name":"Kirāmān","asciiname":"Kiraman","alternatenames":["Keraman","Kerāmān","Kiraman","Kirāmān","kraman","Кираман","کرامان"],"latitude":"35.2973","longitude":"69.68125","feature_class":"P","feature_code":"PPLA2","country_code":"AF","cc2":"","admin1_code":"42","admin2_code":"","admin3_code":"","admin4_code":"","population":"0","elevation":"","dem":"2527","timezone":"Asia/Kabul","modification_date":"2012-02-28"}]}