{"region_data":{"adminCode1":"40","lng":"68.91667","geonameId":1131054,"toponymName":"Parwān","countryId":"1149361","fcl":"A","population":786152,"numberOfChildren":11,"countryCode":"AF","name":"Parwān","fclName":"country, state, region,...","countryName":"Afghanistan","fcodeName":"first-order administrative division","adminName1":"Parvān","lat":"35","fcode":"ADM1"},"country_data":{"ISO":"AF","ISO3":"AFG","ISO_Numeric":"004","fips":"AF","country":"Afghanistan","capital":"Kabul","area":"647500","Population":"29121286","Continent":"AS","tld":".af","CurrencyCode":"AFN","CurrencyName":"Afghani","Phone":"93","Postal_Code_Format":"","Postal_Code_Regex":"","Languages":"fa-AF,ps,uz-AF,tk","geonameid":"1149361","neighbours":"TM,CN,IR,TJ,PK,UZ","EquivalentFipsCode":""},"cities":[{"geonameid":"1124621","name":"Siyāhgird","asciiname":"Siyahgird","alternatenames":["Siah Gerd","Siah Gird","Siakhgird","Siyahgird","Siyāhgird","Siāh Gird","Syahgerd","Syāhgerd","Sīāh Gerd","syah grd","سیاه گرد"],"latitude":"35.00553","longitude":"68.85578","feature_class":"P","feature_code":"PPLA2","country_code":"AF","cc2":"","admin1_code":"40","admin2_code":"","admin3_code":"","admin4_code":"","population":"0","elevation":"","dem":"1878","timezone":"Asia/Kabul","modification_date":"2012-05-05"},{"geonameid":"1125362","name":"Qāshqāl","asciiname":"Qashqal","alternatenames":["Kakshal","Kashkal'","Kashkal’","Qaqshal","Qaryah-ye Qashqal","Qaryah-ye Qāshqāl","Qashqal","Qasqal","Qāqshāl","Qāshqāl","Qāšqal","Senwari","Shenvari","Shenvārī","Shenwari","Shenwārī","Shinvari","Shinwari","Shinwārī","Sinwar","S̄inwāṟ","qashqal","qryh qashqal","shnwary","Šenwāri","شنواری","قاشقال","قريه قاشقال"],"latitude":"35.03975","longitude":"69.00685","feature_class":"P","feature_code":"PPLA2","country_code":"AF","cc2":"","admin1_code":"40","admin2_code":"","admin3_code":"","admin4_code":"","population":"0","elevation":"","dem":"1733","timezone":"Asia/Kabul","modification_date":"2012-02-28"},{"geonameid":"1139807","name":"Jabal os Saraj","asciiname":"Jabal os Saraj","alternatenames":["Djabal-ul-Seradj","Dzhabal'-Ussaradzh","Dzhabal’-Ussaradzh","Jabal Saraj","Jabal os Saraj","Jabal os Sarāj","Jabal us Siraj","Jabal us Sirāj","Jabal-us-Sirai","Jabalussaraj","Jabalussaṟāj","Jabl-us-Seraj","Jabl-us-Siraj","Jabul Saraj","Jibal-as-Seraj","Parwan","jbl alsraj","جبل السراج"],"latitude":"35.11833","longitude":"69.23778","feature_class":"P","feature_code":"PPL","country_code":"AF","cc2":"","admin1_code":"40","admin2_code":"","admin3_code":"","admin4_code":"","population":"15032","elevation":"","dem":"1612","timezone":"Asia/Kabul","modification_date":"2010-03-29"},{"geonameid":"1144185","name":"Ḏanḏar","asciiname":"Dandar","alternatenames":["Dandar","Qaryah-ye Dandar","Qaryah-ye Danḏar","dndar","دندار","قريه دنډر","ډنډر","Ḏanḏar"],"latitude":"34.79095","longitude":"69.47504","feature_class":"P","feature_code":"PPLA2","country_code":"AF","cc2":"","admin1_code":"40","admin2_code":"","admin3_code":"","admin4_code":"","population":"0","elevation":"","dem":"1724","timezone":"Asia/Kabul","modification_date":"2012-02-28"},{"geonameid":"1145352","name":"Charikar","asciiname":"Charikar","alternatenames":["Caharikar","Carikar","Chaharikar","Chahārīkār","Chairkar","Charekar","Charikar","Chāirkār","Chārīkār","Cāṟikāṟ","charykar","Čahārikār","Чарикар","چاريكار"],"latitude":"35.01361","longitude":"69.17139","feature_class":"P","feature_code":"PPLA","country_code":"AF","cc2":"","admin1_code":"40","admin2_code":"","admin3_code":"","admin4_code":"","population":"53676","elevation":"","dem":"1554","timezone":"Asia/Kabul","modification_date":"2010-01-29"},{"geonameid":"1349513","name":"Ghulām ‘Alī","asciiname":"Ghulam `Ali","alternatenames":["Gholam `Ali","Gholām ‘Alī","Ghulam `Ali","Ghulām ‘Alī","Gulyamali","Qaryah-ye Shahr-e Now Ghulam 'Ali","Qaryah-ye Shahr-e Now Ghulām ’Alī","Vulusvaliyi-Bagram","Woluswali-i-Bagram","Woluswali-ye Bagram","Woluswālī-i-Bagṟām","Woluswālī-ye Bagrām","wlswaly bgram","غلام علی","قريه شهر نو غلام علی","ولسوالی بگرام"],"latitude":"34.95076","longitude":"69.2287","feature_class":"P","feature_code":"PPLA2","country_code":"AF","cc2":"","admin1_code":"40","admin2_code":"","admin3_code":"","admin4_code":"","population":"0","elevation":"","dem":"1489","timezone":"Asia/Kabul","modification_date":"2012-02-28"},{"geonameid":"1423264","name":"Bāgh-e Maīdān","asciiname":"Bagh-e Maidan","alternatenames":["Bagh-e Maidan","Bagh-e Meydan","Bagh-e Meydān","Baghe Maydan","Bagi-Maydan","Bāgh-e Maīdān","Bāghe Mayḏān","bagh mydan","bgh mydan","باغ میدان","بغ ميدان"],"latitude":"35.22156","longitude":"69.21397","feature_class":"P","feature_code":"PPLA2","country_code":"AF","cc2":"","admin1_code":"40","admin2_code":"","admin3_code":"","admin4_code":"","population":"0","elevation":"","dem":"1988","timezone":"Asia/Kabul","modification_date":"2012-02-28"},{"geonameid":"1423451","name":"Ibrāhīm Khān","asciiname":"Ibrahim Khan","alternatenames":["Ebrahimkhan","Ebrāhīmkhān","Ibrahim Khan","Ibrakhimkhan","Ibrāhīm Khān","Qaryah-ye Ibrahim Khel","Qaryah-ye Ibrāhīm Khēl","abrahym khan","ابراهيم خان","ابراهیم خان","قريه ابراهيم خېل"],"latitude":"35.05352","longitude":"69.25654","feature_class":"P","feature_code":"PPLA2","country_code":"AF","cc2":"","admin1_code":"40","admin2_code":"","admin3_code":"","admin4_code":"","population":"0","elevation":"","dem":"1491","timezone":"Asia/Kabul","modification_date":"2012-02-28"},{"geonameid":"1455430","name":"Dahan-e Jarf","asciiname":"Dahan-e Jarf","alternatenames":["Dahan-e Jarf","Dakhani-Dzharf","dhn jrf","دهن جرف"],"latitude":"34.92891","longitude":"68.46273","feature_class":"P","feature_code":"PPLA2","country_code":"AF","cc2":"","admin1_code":"40","admin2_code":"","admin3_code":"","admin4_code":"","population":"0","elevation":"","dem":"2306","timezone":"Asia/Kabul","modification_date":"2012-05-06"}]}