{"region_data":{"adminCode1":"38","lng":"70.83333","geonameId":1444363,"toponymName":"Velāyat-e Nūrestān","countryId":"1149361","fcl":"A","population":130000,"numberOfChildren":8,"countryCode":"AF","name":"Velāyat-e Nūrestān","fclName":"country, state, region,...","countryName":"Afghanistan","fcodeName":"first-order administrative division","adminName1":"Nūrestān","lat":"35.3","fcode":"ADM1"},"country_data":{"ISO":"AF","ISO3":"AFG","ISO_Numeric":"004","fips":"AF","country":"Afghanistan","capital":"Kabul","area":"647500","Population":"29121286","Continent":"AS","tld":".af","CurrencyCode":"AFN","CurrencyName":"Afghani","Phone":"93","Postal_Code_Format":"","Postal_Code_Regex":"","Languages":"fa-AF,ps,uz-AF,tk","geonameid":"1149361","neighbours":"TM,CN,IR,TJ,PK,UZ","EquivalentFipsCode":""},"cities":[{"geonameid":"1130469","name":"Pārūn","asciiname":"Parun","alternatenames":["Parun","Poruns","Prasun","Prasungul","Prasûn","Puruns","Pārūn","parwn","prns","پارون","پرنس"],"latitude":"35.42064","longitude":"70.92261","feature_class":"P","feature_code":"PPLA","country_code":"AF","cc2":"","admin1_code":"38","admin2_code":"7054028","admin3_code":"","admin4_code":"","population":"1000","elevation":"","dem":"2756","timezone":"Asia/Kabul","modification_date":"2014-01-08"},{"geonameid":"1133987","name":"Mandōl","asciiname":"Mandol","alternatenames":["Mandol","Mandul","Mandōl","Mandūl","Manḏōl","Mundol","Mundol'","Mundol’","Mundul","Mundūl","Munḏōl","mndwl","مندول","منډول"],"latitude":"35.28403","longitude":"70.17017","feature_class":"P","feature_code":"PPLA2","country_code":"AF","cc2":"","admin1_code":"38","admin2_code":"","admin3_code":"","admin4_code":"","population":"0","elevation":"","dem":"2003","timezone":"Asia/Kabul","modification_date":"2012-05-05"},{"geonameid":"1146979","name":"Barg-e Matāl","asciiname":"Barg-e Matal","alternatenames":["Barg-e Matal","Barg-e Matāl","Barg-e Maṯāl","Barge Matal","Bargi-Matal'","Bargi-Matal’","Baṟge Matāl","Bragamata","Bragamatal","Lutdeh","brg mtal","برگ متال"],"latitude":"35.67283","longitude":"71.34339","feature_class":"P","feature_code":"PPLA2","country_code":"AF","cc2":"","admin1_code":"38","admin2_code":"","admin3_code":"","admin4_code":"","population":"0","elevation":"","dem":"2077","timezone":"Asia/Kabul","modification_date":"2012-02-28"}]}