{"region_data":{"adminCode1":"05","lng":"67.25","geonameId":1147239,"toponymName":"Wilāyat-e Bāmyān","countryId":"1149361","fcl":"A","population":484648,"numberOfChildren":8,"countryCode":"AF","name":"Wilāyat-e Bāmyān","fclName":"country, state, region,...","countryName":"Afghanistan","fcodeName":"first-order administrative division","adminName1":"Bāmīān","lat":"34.75","fcode":"ADM1"},"country_data":{"ISO":"AF","ISO3":"AFG","ISO_Numeric":"004","fips":"AF","country":"Afghanistan","capital":"Kabul","area":"647500","Population":"29121286","Continent":"AS","tld":".af","CurrencyCode":"AFN","CurrencyName":"Afghani","Phone":"93","Postal_Code_Format":"","Postal_Code_Regex":"","Languages":"fa-AF,ps,uz-AF,tk","geonameid":"1149361","neighbours":"TM,CN,IR,TJ,PK,UZ","EquivalentFipsCode":""},"cities":[{"geonameid":"1128186","name":"Rū-ye Sang","asciiname":"Ru-ye Sang","alternatenames":["Roysang","Ru-ye Sang","Ruisang","Ruy Sang","Rū-ye Sang","Rūisang","Rūy Sang","rwy sng","روی سنگ","Ṟōysang"],"latitude":"35.31999","longitude":"67.63387","feature_class":"P","feature_code":"PPLA2","country_code":"AF","cc2":"","admin1_code":"05","admin2_code":"","admin3_code":"","admin4_code":"","population":"0","elevation":"","dem":"1751","timezone":"Asia/Kabul","modification_date":"2012-02-28"},{"geonameid":"1131162","name":"Panjāb","asciiname":"Panjab","alternatenames":["Pandzhab","Pandzhau","Panjab","Panjao","Panjaw","Panjāb","pnjab","Панджаб","پنجاب"],"latitude":"34.38795","longitude":"67.02327","feature_class":"P","feature_code":"PPLA2","country_code":"AF","cc2":"","admin1_code":"05","admin2_code":"","admin3_code":"","admin4_code":"","population":"13471","elevation":"","dem":"2728","timezone":"Asia/Kabul","modification_date":"2012-02-28"},{"geonameid":"1132034","name":"Nayak","asciiname":"Nayak","alternatenames":["Naiak","Naik","Nayak","Neyak","Nāik","Nāyak","nayk","nyk","نايک","نيک"],"latitude":"34.73414","longitude":"66.95292","feature_class":"P","feature_code":"PPLA2","country_code":"AF","cc2":"","admin1_code":"05","admin2_code":"","admin3_code":"","admin4_code":"","population":"0","elevation":"","dem":"2554","timezone":"Asia/Kabul","modification_date":"2012-02-28"},{"geonameid":"1136604","name":"Khudāydād Khēl","asciiname":"Khudaydad Khel","alternatenames":["Khodaydad Khel","Khodaydad Kheyl","Khodaydadkhel","Khodāydād Kheyl","Khodāydād Khēl","Khoḏāyḏāḏkhēl","Khuda Dad Khel","Khudaydad Khel","Khudā Dād Khēl","Khudāydād Khēl","خدا داد خېل","خدایداد خېل"],"latitude":"35.17835","longitude":"67.68758","feature_class":"P","feature_code":"PPLA2","country_code":"AF","cc2":"","admin1_code":"05","admin2_code":"","admin3_code":"","admin4_code":"","population":"0","elevation":"","dem":"2030","timezone":"Asia/Kabul","modification_date":"2012-02-28"},{"geonameid":"1146336","name":"Bulōlah","asciiname":"Bulolah","alternatenames":["Bolola","Bolowleh","Boluleh","Bolōla","Bolūleh","Bulola","Bulolah","Bulōlah","blwlh","بلوله"],"latitude":"34.87706","longitude":"68.0879","feature_class":"P","feature_code":"PPLA2","country_code":"AF","cc2":"","admin1_code":"05","admin2_code":"","admin3_code":"","admin4_code":"","population":"0","elevation":"","dem":"2430","timezone":"Asia/Kabul","modification_date":"2012-02-28"},{"geonameid":"1147242","name":"Bāmyān","asciiname":"Bamyan","alternatenames":["Bamian","Bamiyan","Bamyan","Bāmyān","Bāmīān","Kala Sarkari","Qal`a Sarkarit","Qala Sarkari","Qala Sarkāri","Qal‘a Sarkārit","bamyan","باميان"],"latitude":"34.82156","longitude":"67.82734","feature_class":"P","feature_code":"PPLA","country_code":"AF","cc2":"","admin1_code":"05","admin2_code":"","admin3_code":"","admin4_code":"","population":"61863","elevation":"","dem":"2550","timezone":"Asia/Kabul","modification_date":"2013-08-02"},{"geonameid":"6692413","name":"Cool űrhajó","asciiname":"Cool urhajo","alternatenames":[""],"latitude":"34.26545","longitude":"67.34516","feature_class":"P","feature_code":"PPL","country_code":"AF","cc2":"","admin1_code":"05","admin2_code":"","admin3_code":"","admin4_code":"","population":"58525","elevation":"","dem":"2884","timezone":"Asia/Kabul","modification_date":"2008-05-19"}]}