{"region_data":{"adminCode1":"31","lng":"65.83333","geonameId":1139049,"toponymName":"Wilāyat-e Jowzjān","countryId":"1149361","fcl":"A","population":747618,"numberOfChildren":12,"countryCode":"AF","name":"Wilāyat-e Jowzjān","fclName":"country, state, region,...","countryName":"Afghanistan","fcodeName":"first-order administrative division","adminName1":"Jowzjān","lat":"36.83333","fcode":"ADM1"},"country_data":{"ISO":"AF","ISO3":"AFG","ISO_Numeric":"004","fips":"AF","country":"Afghanistan","capital":"Kabul","area":"647500","Population":"29121286","Continent":"AS","tld":".af","CurrencyCode":"AFN","CurrencyName":"Afghani","Phone":"93","Postal_Code_Format":"","Postal_Code_Regex":"","Languages":"fa-AF,ps,uz-AF,tk","geonameid":"1149361","neighbours":"TM,CN,IR,TJ,PK,UZ","EquivalentFipsCode":""},"cities":[{"geonameid":"1125444","name":"Shibirghān","asciiname":"Shibirghan","alternatenames":["Markaz-e Wilayat-e Shibirghan","Markaz-e Wilāyat-e Shibirghan","Seberghan","Sebeṟghān","Shahr-e Sheberghan","Shahr-e Sheberghān","Shayurgan","Shebergan","Sheberghan","Sheberghān","Sheberkhan","Shefrogan","Shibarghan","Shibarghān","Shibergan","Shibirghan","Shibirghān","mrkz wlayt shbrghan","shbrghan","shbrghn","Шеберган","شبرغان","شبرغن","مرکز ولايت شبرغان"],"latitude":"36.66757","longitude":"65.7529","feature_class":"P","feature_code":"PPLA","country_code":"AF","cc2":"","admin1_code":"31","admin2_code":"","admin3_code":"","admin4_code":"","population":"55641","elevation":"","dem":"360","timezone":"Asia/Kabul","modification_date":"2013-06-04"},{"geonameid":"1129516","name":"Qarqīn","asciiname":"Qarqin","alternatenames":["Karkin","Karkin Bazar","Kkhanika","Qarkin","Qarqin","Qarqīn","Quarkin","qrqyn","Кханика","قرقین"],"latitude":"37.41853","longitude":"66.04358","feature_class":"P","feature_code":"PPLA2","country_code":"AF","cc2":"","admin1_code":"31","admin2_code":"","admin3_code":"","admin4_code":"","population":"15018","elevation":"","dem":"263","timezone":"Asia/Kabul","modification_date":"2012-02-28"},{"geonameid":"1133544","name":"Mingajik","asciiname":"Mingajik","alternatenames":["Mengajik","Mengajīk","Mengeh Jek","Mingajek","Mingajik","Mungajik","mngjk","منگجک"],"latitude":"37.0279","longitude":"66.12817","feature_class":"P","feature_code":"PPLA2","country_code":"AF","cc2":"","admin1_code":"31","admin2_code":"","admin3_code":"","admin4_code":"","population":"0","elevation":"","dem":"280","timezone":"Asia/Kabul","modification_date":"2012-02-28"},{"geonameid":"1133856","name":"Mardīān","asciiname":"Mardian","alternatenames":["Mardian","Mardyan","Mardīān","Maṟḏyān","Mordian","Mordīān","Murdian","Murdīān","mrdyan","مردیان"],"latitude":"36.99252","longitude":"66.29654","feature_class":"P","feature_code":"PPLA2","country_code":"AF","cc2":"","admin1_code":"31","admin2_code":"","admin3_code":"","admin4_code":"","population":"0","elevation":"","dem":"287","timezone":"Asia/Kabul","modification_date":"2013-11-07"},{"geonameid":"1136250","name":"Khwājah Dū Kōh","asciiname":"Khwajah Du Koh","alternatenames":["Khodja-Bunak","Khodzha-Dokukh","Khvajeh Do Kuh","Khvājeh Do Kūh","Khwaja Do Koh","Khwaja Du Koh","Khwajah Do Koh","Khwajah Du Koh","Khwajah-ye Do Ku","Khwajah-ye Do Kū","Khwāja Do Koh","Khwājah Dō Kōh","Khwājah Dū Kōh","Khwājā Du Koh","khwajh dw kwh","خواجه دو کوه"],"latitude":"36.82881","longitude":"65.62432","feature_class":"P","feature_code":"PPLA2","country_code":"AF","cc2":"","admin1_code":"31","admin2_code":"","admin3_code":"","admin4_code":"","population":"0","elevation":"","dem":"307","timezone":"Asia/Kabul","modification_date":"2012-02-28"},{"geonameid":"1137160","name":"Khānaqāh","asciiname":"Khanaqah","alternatenames":["Khanaka","Khananqa","Khanaqa","Khanaqah","Khaneqah","Khānaka","Khānanqā","Khānaqā","Khānaqāh","Khāneqāh","khanqah","khanqh","خانقاه","خانقه"],"latitude":"36.86279","longitude":"66.16656","feature_class":"P","feature_code":"PPLA2","country_code":"AF","cc2":"","admin1_code":"31","admin2_code":"","admin3_code":"","admin4_code":"","population":"0","elevation":"","dem":"299","timezone":"Asia/Kabul","modification_date":"2013-10-04"},{"geonameid":"1137247","name":"Khamyāb","asciiname":"Khamyab","alternatenames":["Kham Ab","Kham-e Ab","Kham-e Āb","Kham-i-Ab","Kham-i-Āb","Khamyab","Khamyāb","Khām Āb","kham ab","khmyab","خام آب","خمياب"],"latitude":"37.5275","longitude":"65.75833","feature_class":"P","feature_code":"PPLA2","country_code":"AF","cc2":"","admin1_code":"31","admin2_code":"","admin3_code":"","admin4_code":"","population":"0","elevation":"","dem":"254","timezone":"Asia/Kabul","modification_date":"2012-05-05"},{"geonameid":"1142171","name":"Faīẕābād","asciiname":"Faizabad","alternatenames":["Faizabad","Faizābād","Faydzabad","Fayḏẕābāḏ","Fazilabad","Faīẕābād","Feyzabad","Feyẕābād","Fāzilābād","fyd abad","فیض آباد"],"latitude":"36.82091","longitude":"66.45921","feature_class":"P","feature_code":"PPLA2","country_code":"AF","cc2":"","admin1_code":"31","admin2_code":"","admin3_code":"","admin4_code":"","population":"0","elevation":"","dem":"312","timezone":"Asia/Kabul","modification_date":"2013-11-07"},{"geonameid":"1143874","name":"Darzāb","asciiname":"Darzab","alternatenames":["Darzab","Darzāb","Darẕāb","Durzab","Durzāb","drz ab","درز آب"],"latitude":"35.97744","longitude":"65.37828","feature_class":"P","feature_code":"PPLA2","country_code":"AF","cc2":"","admin1_code":"31","admin2_code":"","admin3_code":"","admin4_code":"","population":"9642","elevation":"","dem":"1179","timezone":"Asia/Kabul","modification_date":"2012-05-05"},{"geonameid":"1148560","name":"Āqchah","asciiname":"Aqchah","alternatenames":["Ag Chah","Akcha","Akcheh","Aqca","Aqcha","Aqchah","Aqcheh","aqchh","Āg Chāh","Ākchā","Āqca","Āqchah","Āqcheh","آقچه"],"latitude":"36.905","longitude":"66.18341","feature_class":"P","feature_code":"PPLA2","country_code":"AF","cc2":"","admin1_code":"31","admin2_code":"","admin3_code":"","admin4_code":"","population":"0","elevation":"","dem":"293","timezone":"Asia/Kabul","modification_date":"2013-10-04"}]}