{"region_data":{"adminCode1":"13","lng":"69.41667","geonameId":1138957,"toponymName":"Wilāyat-e Kābul","countryId":"1149361","fcl":"A","population":3138338,"numberOfChildren":16,"countryCode":"AF","name":"Kabul","fclName":"country, state, region,...","countryName":"Afghanistan","fcodeName":"first-order administrative division","adminName1":"Kabul","lat":"34.5","fcode":"ADM1"},"country_data":{"ISO":"AF","ISO3":"AFG","ISO_Numeric":"004","fips":"AF","country":"Afghanistan","capital":"Kabul","area":"647500","Population":"29121286","Continent":"AS","tld":".af","CurrencyCode":"AFN","CurrencyName":"Afghani","Phone":"93","Postal_Code_Format":"","Postal_Code_Regex":"","Languages":"fa-AF,ps,uz-AF,tk","geonameid":"1149361","neighbours":"TM,CN,IR,TJ,PK,UZ","EquivalentFipsCode":""},"cities":[{"geonameid":"1126884","name":"Sarōbī","asciiname":"Sarobi","alternatenames":["Markaz-e Sorubi","Markaz-e Sorūbī","Sarobi","Sarowbi","Sarowbī","Sarubi","Sarōbī","Sorubay","Sorubi","Sorūbay","Sorūbī","Surawbi","Surobay","Surubay","Surūbay","Sūrāwbī","Sūṟōbay","srwby","سروبی"],"latitude":"34.58962","longitude":"69.76005","feature_class":"P","feature_code":"PPLA2","country_code":"AF","cc2":"","admin1_code":"13","admin2_code":"","admin3_code":"","admin4_code":"","population":"0","elevation":"","dem":"987","timezone":"Asia/Kabul","modification_date":"2012-02-28"},{"geonameid":"1131316","name":"Paghmān","asciiname":"Paghman","alternatenames":["Paghman","Paghman Palace","Paghmān","Pagman","pghman","Пагман","پغمان"],"latitude":"34.58787","longitude":"68.95091","feature_class":"P","feature_code":"PPL","country_code":"AF","cc2":"","admin1_code":"13","admin2_code":"","admin3_code":"","admin4_code":"","population":"49157","elevation":"","dem":"2328","timezone":"Asia/Kabul","modification_date":"2012-08-04"},{"geonameid":"1133270","name":"Mīr Bachah Kōṯ","asciiname":"Mir Bachah Kot","alternatenames":["Mir Bachah Kot","Mir Bachcheh Kowt","Mir Bachcheh Kut","Mir Bachchen Kut","Mir Bacheh Kowt","Mir Bacheh Kut","Mir Dacha Kote","Mirbaca Kot","Mirbachakot","Mīr Bachah Kōṯ","Mīr Bachcheh Kowt","Mīr Bachcheh Kūt","Mīr Bachchen Kūt","Mīr Bacheh Kowt","Mīr Bacheh Kūt","Mīrbača Kot","Sara-ye Khvajeh","Sara-ye Khwajah","Sarai Khwaja","Saray Khvajah","Saray-Khwaja","Saraykhodzha","Sarā-ye Khvājeh","Sarā-ye Khwājah","Sarāi Khwāja","Sarāy Khvājah","Saṟāy-Khwāja","myr bchh kwt","sray khwajh","سرای خواجه","مير بچه كوت","میر بچه کوټ"],"latitude":"34.74999","longitude":"69.11899","feature_class":"P","feature_code":"PPLA2","country_code":"AF","cc2":"","admin1_code":"13","admin2_code":"","admin3_code":"","admin4_code":"","population":"5405","elevation":"","dem":"1673","timezone":"Asia/Kabul","modification_date":"2012-02-28"},{"geonameid":"1138636","name":"Kalakān","asciiname":"Kalakan","alternatenames":["Bazar-e Kalakan","Bāzār-e Kalakān","Kala Chan","Kala Khan","Kala Khān","Kalakan","Kalakān","Qal`eh-ye Khan","Qala Khan","Qala Khān","Qal‘eh-ye Khān","bazar klkan","klkan","بازار کلکان","کلکان"],"latitude":"34.78371","longitude":"69.15001","feature_class":"P","feature_code":"PPLA2","country_code":"AF","cc2":"","admin1_code":"13","admin2_code":"","admin3_code":"","admin4_code":"","population":"0","elevation":"","dem":"1593","timezone":"Asia/Kabul","modification_date":"2012-02-28"},{"geonameid":"1138958","name":"Kabul","asciiname":"Kabul","alternatenames":["Cabool","Caboul","Cabul","Cabul - kabl","Cabul - کابل","Cabura","Cabúl","Caubul","Gorad Kabul","KBL","Kabil","Kaboel","Kabol","Kaboul","Kabul","Kabula","Kabulas","Kabuli","Kabulo","Kabura","Kabúl","Kabûl","Kampoul","Kobul","Kubha","Kábul","Kâbil","Kābol","Qobul","ka bu er","kabl","kabul","kabula","kabuli","kaburu","kabwl","kapul","ke bu er","khabul","Καμπούλ","Горад Кабул","Кабул","Кобул","Քաբուլ","קאבול","كابل","كابۇل","کابل","کابول","काबुल","কাবুল","ਕਾਬੁਲ","କାବୁଲ","காபூல்","ಕಾಬುಲ್","കാബൂൾ","คาบูล","ཁ་པལ།","ཁ་པུལ།","ქაბული","ካቡል","ទីក្រុងកាបូល","カブール","カーブル","喀布尔","喀布爾","카불"],"latitude":"34.52813","longitude":"69.17233","feature_class":"P","feature_code":"PPLC","country_code":"AF","cc2":"","admin1_code":"13","admin2_code":"","admin3_code":"","admin4_code":"","population":"3043532","elevation":"","dem":"1798","timezone":"Asia/Kabul","modification_date":"2014-02-28"},{"geonameid":"1142330","name":"Istālif","asciiname":"Istalif","alternatenames":["Estalef","Estālef","Istalef","Istalif","Istilif","Istālef","Istālif","Takht-e Istalif","Takht-e Istālif","astalf","tkht astalf","استالف","تخت استالف"],"latitude":"34.83268","longitude":"69.07756","feature_class":"P","feature_code":"PPLA2","country_code":"AF","cc2":"","admin1_code":"13","admin2_code":"","admin3_code":"","admin4_code":"","population":"0","elevation":"","dem":"1891","timezone":"Asia/Kabul","modification_date":"2012-02-28"},{"geonameid":"1143548","name":"Deh-e Now","asciiname":"Deh-e Now","alternatenames":["Dakhi-Nau","Deh-e Now","Dehe Naw","dh nw","ده نو","دهٔ نو","Ḏehe Naw"],"latitude":"34.74767","longitude":"69.04784","feature_class":"P","feature_code":"PPLA2","country_code":"AF","cc2":"","admin1_code":"13","admin2_code":"","admin3_code":"","admin4_code":"","population":"0","elevation":"","dem":"1974","timezone":"Asia/Kabul","modification_date":"2012-02-28"},{"geonameid":"1145605","name":"Chakaray","asciiname":"Chakaray","alternatenames":["Cakaray","Chakarai","Chakaray","Chakari","Chakarī","Chakaṟaī","Charkari","Dasht-e Chakaray","chkry","dsht chkry","Čakaray","دشت چکری","چکری"],"latitude":"34.34099","longitude":"69.4377","feature_class":"P","feature_code":"PPLA2","country_code":"AF","cc2":"","admin1_code":"13","admin2_code":"","admin3_code":"","admin4_code":"","population":"0","elevation":"","dem":"2372","timezone":"Asia/Kabul","modification_date":"2012-02-28"},{"geonameid":"1147511","name":"Bagrāmī","asciiname":"Bagrami","alternatenames":["Bagrame","Bagrami","Bagrāmē","Bagrāmī","Bigrami","Bigrāmī","Qaryeh-ye Bagrami","Qaryeh-ye Bagrāmī","bgramy","بگرامی"],"latitude":"34.49376","longitude":"69.27427","feature_class":"P","feature_code":"PPLA2","country_code":"AF","cc2":"","admin1_code":"13","admin2_code":"","admin3_code":"","admin4_code":"","population":"0","elevation":"","dem":"1788","timezone":"Asia/Kabul","modification_date":"2012-02-28"},{"geonameid":"1349709","name":"Qarah Bāgh Bāzār","asciiname":"Qarah Bagh Bazar","alternatenames":["Bazar-e Qarah Bagh","Bāzār-e Qarah Bāgh","Karabagbazar","Qarabagh Bazar","Qarah Bagh Bazar","Qarah Bāgh Bāzār","Qareh Bagh Bazar","Qareh Bāgh Bāzār","Qaṟabāgh Bāzāṟ","bazar qrh bagh","qrh bagh bazar","بازار قره باغ","قره باغ بازار"],"latitude":"34.8529","longitude":"69.17062","feature_class":"P","feature_code":"PPLA2","country_code":"AF","cc2":"","admin1_code":"13","admin2_code":"","admin3_code":"","admin4_code":"","population":"0","elevation":"","dem":"1531","timezone":"Asia/Kabul","modification_date":"2012-02-28"},{"geonameid":"1349845","name":"Zargarān","asciiname":"Zargaran","alternatenames":["Zargaran","Zargarān","zrgran","زرگران"],"latitude":"34.78764","longitude":"69.05878","feature_class":"P","feature_code":"PPLA2","country_code":"AF","cc2":"","admin1_code":"13","admin2_code":"","admin3_code":"","admin4_code":"","population":"0","elevation":"","dem":"1935","timezone":"Asia/Kabul","modification_date":"2012-02-28"},{"geonameid":"1349934","name":"Surkh Bilandī","asciiname":"Surkh Bilandi","alternatenames":["Sorkh Bilandi","Sorkh Bilandī","Sorkh Bolandi","Sorkh Bolandī","Surkh Bilandi","Surkh Bilandī","Surkh-Belandi","Surkhbilandi","Suṟkh-Belanḏi","srkh blndy","سرخ بلندی"],"latitude":"34.68474","longitude":"69.02863","feature_class":"P","feature_code":"PPLA2","country_code":"AF","cc2":"","admin1_code":"13","admin2_code":"","admin3_code":"","admin4_code":"","population":"0","elevation":"","dem":"2040","timezone":"Asia/Kabul","modification_date":"2012-02-28"},{"geonameid":"1349969","name":"Pul-e Sangī","asciiname":"Pul-e Sangi","alternatenames":["Pol-e Sangi","Pol-e Sangī","Pul-e Sangi","Pul-e Sangī","Pule Sangi","Puli-Sangi","Qaryah-ye Sangi","Qaryah-ye Sangī","pl sngy","qryh sngy","قریه سنگی","پل سنگی","پلٔ سنگی"],"latitude":"34.59972","longitude":"69.25993","feature_class":"P","feature_code":"PPLA2","country_code":"AF","cc2":"","admin1_code":"13","admin2_code":"","admin3_code":"","admin4_code":"","population":"0","elevation":"","dem":"1776","timezone":"Asia/Kabul","modification_date":"2014-02-10"},{"geonameid":"1454590","name":"Chandal Bā’ī","asciiname":"Chandal Ba'i","alternatenames":["Candalba'i","Chandal Ba'i","Chandal Bā’ī","Chandalba'e","Chandalba'i","Chandalbā’e","Chandalbā’i","chndl bayy","Čandalbā’i","چندل بائی"],"latitude":"34.58469","longitude":"68.95524","feature_class":"P","feature_code":"PPLA2","country_code":"AF","cc2":"","admin1_code":"13","admin2_code":"","admin3_code":"","admin4_code":"","population":"0","elevation":"","dem":"2304","timezone":"Asia/Kabul","modification_date":"2012-08-05"},{"geonameid":"1469237","name":"Qal‘ah-ye Na‘īm","asciiname":"Qal`ah-ye Na`im","alternatenames":["Kalanaim","Qal`ah-ye Na`im","Qal`eh Na`im","Qal`eh-ye Na`im","Qal‘ah-ye Na‘īm","Qal‘eh Na‘īm","Qal‘eh-ye Na‘īm","قلعه نعيم"],"latitude":"34.39951","longitude":"69.16705","feature_class":"P","feature_code":"PPLA2","country_code":"AF","cc2":"","admin1_code":"13","admin2_code":"","admin3_code":"","admin4_code":"","population":"0","elevation":"","dem":"1819","timezone":"Asia/Kabul","modification_date":"2013-06-05"}]}