{"region_data":{"adminCode1":"19","lng":"62.5","geonameId":1131821,"toponymName":"Wilāyat-e Nīmrōz","countryId":"1149361","fcl":"A","population":234086,"numberOfChildren":5,"countryCode":"AF","name":"Wilāyat-e Nīmrōz","fclName":"country, state, region,...","countryName":"Afghanistan","fcodeName":"first-order administrative division","adminName1":"Nīmrūz","lat":"31","fcode":"ADM1"},"country_data":{"ISO":"AF","ISO3":"AFG","ISO_Numeric":"004","fips":"AF","country":"Afghanistan","capital":"Kabul","area":"647500","Population":"29121286","Continent":"AS","tld":".af","CurrencyCode":"AFN","CurrencyName":"Afghani","Phone":"93","Postal_Code_Format":"","Postal_Code_Regex":"","Languages":"fa-AF,ps,uz-AF,tk","geonameid":"1149361","neighbours":"TM,CN,IR,TJ,PK,UZ","EquivalentFipsCode":""},"cities":[{"geonameid":"1120985","name":"Zaranj","asciiname":"Zaranj","alternatenames":["Sarandsch","ZAJ","Zaranas","Zaranc","Zarandj","Zarandz","Zarandzas","Zarandzh","Zarandż","Zarandžas","Zarang","Zarani","Zaranj","Zaranĝ","Zhazang","zaranj","zaranja","zha lan ji","zrnj","Зарандж","Зарани","زارانج","زرنج","ज़रंज","扎兰季"],"latitude":"30.95962","longitude":"61.86037","feature_class":"P","feature_code":"PPLA","country_code":"AF","cc2":"","admin1_code":"19","admin2_code":"7053297","admin3_code":"","admin4_code":"","population":"49851","elevation":"","dem":"489","timezone":"Asia/Kabul","modification_date":"2013-10-06"},{"geonameid":"1128239","name":"Rūdbār","asciiname":"Rudbar","alternatenames":[""],"latitude":"30.15","longitude":"62.6","feature_class":"P","feature_code":"PPL","country_code":"AF","cc2":"","admin1_code":"19","admin2_code":"","admin3_code":"","admin4_code":"","population":"11034","elevation":"","dem":"556","timezone":"Asia/Kabul","modification_date":"2006-01-17"},{"geonameid":"1133310","name":"Mīrābād","asciiname":"Mirabad","alternatenames":["Mirabad","Mirabad-e Mohammad Akbar","Mīrābād","Mīrābād-e Moḩammad Akbar","myr abad","میر آباد"],"latitude":"30.43624","longitude":"61.8383","feature_class":"P","feature_code":"PPL","country_code":"AF","cc2":"","admin1_code":"19","admin2_code":"","admin3_code":"","admin4_code":"","population":"14160","elevation":"","dem":"514","timezone":"Asia/Kabul","modification_date":"2012-01-16"},{"geonameid":"1136863","name":"Khāsh","asciiname":"Khash","alternatenames":["Khas","Khash","Khāsh","Khās̄","khash","خاش"],"latitude":"31.52919","longitude":"62.79055","feature_class":"P","feature_code":"PPL","country_code":"AF","cc2":"","admin1_code":"19","admin2_code":"","admin3_code":"","admin4_code":"","population":"15133","elevation":"","dem":"579","timezone":"Asia/Kabul","modification_date":"2012-01-16"}]}