{"region_data":{"adminCode1":"29","lng":"68.75","geonameId":1131256,"toponymName":"Wilāyat-e Paktīkā","countryId":"1149361","fcl":"A","population":476740,"numberOfChildren":19,"countryCode":"AF","name":"Wilāyat-e Paktīkā","fclName":"country, state, region,...","countryName":"Afghanistan","fcodeName":"first-order administrative division","adminName1":"Paktīkā","lat":"32.41667","fcode":"ADM1"},"country_data":{"ISO":"AF","ISO3":"AFG","ISO_Numeric":"004","fips":"AF","country":"Afghanistan","capital":"Kabul","area":"647500","Population":"29121286","Continent":"AS","tld":".af","CurrencyCode":"AFN","CurrencyName":"Afghani","Phone":"93","Postal_Code_Format":"","Postal_Code_Regex":"","Languages":"fa-AF,ps,uz-AF,tk","geonameid":"1149361","neighbours":"TM,CN,IR,TJ,PK,UZ","EquivalentFipsCode":""},"cities":[{"geonameid":"1120863","name":"Zarghūn Shahr","asciiname":"Zarghun Shahr","alternatenames":["Katawaz","Katāwāz","Khayr Kot","Khayr Kut","Khayr Kūṯ","Khayṟ Kot","Zaraghun Sahr","Zaraghūn S̄ahr","Zarghun Sahr","Zarghun Shahr","Zarghūn Shahr","Zargun Shahr","Zargunsahr","Zaṟghun Sahr","Zaṟgūns̄ahr","zrghwn shhr","زرغون شهر"],"latitude":"32.84734","longitude":"68.44573","feature_class":"P","feature_code":"PPL","country_code":"AF","cc2":"","admin1_code":"29","admin2_code":"","admin3_code":"","admin4_code":"","population":"13737","elevation":"","dem":"2120","timezone":"Asia/Kabul","modification_date":"2012-01-16"},{"geonameid":"1120879","name":"Zaṟah Sharan","asciiname":"Zarah Sharan","alternatenames":["Sharan","Sharnah","Sherana","Sheranna","Zara Saran","Zara Šaran","Zara-Sharan","Zarah Sharan","Zareh Sharan","Zaṟah Sharan","زړه شرن"],"latitude":"33.14641","longitude":"68.79213","feature_class":"P","feature_code":"PPL","country_code":"AF","cc2":"","admin1_code":"29","admin2_code":"","admin3_code":"","admin4_code":"","population":"7366","elevation":"","dem":"2154","timezone":"Asia/Kabul","modification_date":"2014-02-06"},{"geonameid":"1121418","name":"Yaḩyá Khēl","asciiname":"Yahya Khel","alternatenames":["Ya Khel","Yahya Khel","Yahya Kheyl","Yahyakhel","Yakh'yakheyl'","Yakh’yakheyl’","Yaḩyá Khēl","Yaḩyā Kheyl","Yaḩyākhēl","Yehyakhel","Yeḩyākhēl","یحیى خېل"],"latitude":"32.93742","longitude":"68.64622","feature_class":"P","feature_code":"PPLA2","country_code":"AF","cc2":"","admin1_code":"29","admin2_code":"","admin3_code":"","admin4_code":"","population":"0","elevation":"","dem":"2136","timezone":"Asia/Kabul","modification_date":"2012-02-28"},{"geonameid":"1131389","name":"Ōmnah","asciiname":"Omnah","alternatenames":["Omna","Omnah","Owmneh","awmnh","Ōmna","Ōmnah","اومنه"],"latitude":"32.90029","longitude":"68.79627","feature_class":"P","feature_code":"PPLA2","country_code":"AF","cc2":"","admin1_code":"29","admin2_code":"","admin3_code":"","admin4_code":"","population":"0","elevation":"","dem":"2595","timezone":"Asia/Kabul","modification_date":"2012-02-28"},{"geonameid":"1131479","name":"Urgūn","asciiname":"Urgun","alternatenames":["Orgun","Orgūn","Urgun","Urgūn","argwn","ارگون"],"latitude":"32.94111","longitude":"69.18","feature_class":"P","feature_code":"PPLA2","country_code":"AF","cc2":"","admin1_code":"29","admin2_code":"","admin3_code":"","admin4_code":"","population":"0","elevation":"","dem":"2220","timezone":"Asia/Kabul","modification_date":"2012-01-16"},{"geonameid":"1132465","name":"Nīkêh","asciiname":"Nikeh","alternatenames":["Naka","Nakah","Nekah","Nikeh","Nīkêh","nkh","nykh","نيکه","نکه"],"latitude":"33.18934","longitude":"69.27179","feature_class":"P","feature_code":"PPLA2","country_code":"AF","cc2":"","admin1_code":"29","admin2_code":"","admin3_code":"","admin4_code":"","population":"0","elevation":"","dem":"2488","timezone":"Asia/Kabul","modification_date":"2012-05-05"},{"geonameid":"1133689","name":"Mutā Khān","asciiname":"Muta Khan","alternatenames":["Mata Khan","Matā Khān","Metakhan","Metākhān","Motakhan","Motākhān","Muta Khan","Mutakhan","Mutā Khān","mta khan","متا خان"],"latitude":"33.24001","longitude":"68.8663","feature_class":"P","feature_code":"PPLA2","country_code":"AF","cc2":"","admin1_code":"29","admin2_code":"","admin3_code":"","admin4_code":"","population":"0","elevation":"","dem":"2124","timezone":"Asia/Kabul","modification_date":"2014-02-06"},{"geonameid":"1135980","name":"Khōshāmand","asciiname":"Khoshamand","alternatenames":["Khosamand","Khoshamand","Khos̄āmanḏ","Khus Amad","Khusamand","Khush Amad","Khushamand","Khus̄ Āmad","Khus̄āmand","Khvosh Amad","Khvosh Mand","Khvosh Āmad","Khvoshamand","Khvoshāmand","Khōshāmand","Khūsh Āmad","khwsh amd","khwshamnd","خوش آمد","خوشامند"],"latitude":"32.68567","longitude":"68.23801","feature_class":"P","feature_code":"PPLA2","country_code":"AF","cc2":"","admin1_code":"29","admin2_code":"","admin3_code":"","admin4_code":"","population":"0","elevation":"","dem":"2011","timezone":"Asia/Kabul","modification_date":"2012-02-28"},{"geonameid":"1139500","name":"Jānī Khēl","asciiname":"Jani Khel","alternatenames":["Dzhanikheyl'","Dzhanikheyl’","Jani Khel","Jani Kheyl","Janikhel","Jānikhēl","Jānī Kheyl","Jānī Khēl","جانی خېل"],"latitude":"32.76315","longitude":"68.39722","feature_class":"P","feature_code":"PPLA2","country_code":"AF","cc2":"","admin1_code":"29","admin2_code":"","admin3_code":"","admin4_code":"","population":"0","elevation":"","dem":"2048","timezone":"Asia/Kabul","modification_date":"2012-02-28"},{"geonameid":"1140623","name":"Gōmal Kêlay","asciiname":"Gomal Kelay","alternatenames":["Gomal","Gomal Kalay","Gomal Katay","Gomal Kelay","Gowmal","Gumal","Gumal'kalay","Gumal’kalay","Gōmal Kalay","Gōmal Katay","Gōmal Kêlay","Qashlah `Askari Gowmol","Qashlah ‘Askarī Gowmol","Zor Domandi","gwml kly","گومل کلی"],"latitude":"32.50989","longitude":"68.85598","feature_class":"P","feature_code":"PPLA2","country_code":"AF","cc2":"","admin1_code":"29","admin2_code":"","admin3_code":"","admin4_code":"","population":"0","elevation":"","dem":"1827","timezone":"Asia/Kabul","modification_date":"2012-02-28"},{"geonameid":"1149049","name":"‘Alāqahdārī Yōsuf Khēl","asciiname":"`Alaqahdari Yosuf Khel","alternatenames":["Alakadari-Yusufkheyl'","Alakadari-Yusufkheyl’","Yosuf Khel","Yōsuf Khēl","`Aaqadari Yosufkhel","`Alaqadari Yosufkhel","`Alaqahdari Yosuf Khel","`Alaqehdari Yusofkheyl","`Alaqehdari-ye Yusof Kheyl","علاقه داری یوسف خېل","‘Alāqahdārī Yōsuf Khēl","‘Alāqaḏāṟī Yōsufkhēl","‘Alāqehdārī Yūsofkheyl","‘Alāqehdārī-ye Yūsof Kheyl","‘Aāqaḏāṟī Yōsufkhēl"],"latitude":"33.05195","longitude":"68.65","feature_class":"P","feature_code":"PPLA2","country_code":"AF","cc2":"","admin1_code":"29","admin2_code":"","admin3_code":"","admin4_code":"","population":"0","elevation":"","dem":"2239","timezone":"Asia/Kabul","modification_date":"2012-02-28"},{"geonameid":"1434016","name":"‘Alāqahdārī Saṟōbī","asciiname":"`Alaqahdari Sarobi","alternatenames":["Alakadari-Sarobi","Sarobi","Saṟōbī","`Alaqadari Sarobi","`Alaqadari-ye Sarubi","`Alaqahdari Sarobi","`Alaqahdari-ye Sarobi","علاقه داری سړوبی","‘Alāqadārī-ye Saṟūbī","‘Alāqahdārī Saṟōbī","‘Alāqahdārī-ye Saṟōbī","‘Alāqaḏārī Saṟōbi"],"latitude":"32.79331","longitude":"69.0866","feature_class":"P","feature_code":"PPLA2","country_code":"AF","cc2":"","admin1_code":"29","admin2_code":"","admin3_code":"","admin4_code":"","population":"0","elevation":"","dem":"2400","timezone":"Asia/Kabul","modification_date":"2012-05-06"},{"geonameid":"1435007","name":"Zerok-Alakadari","asciiname":"Zerok-Alakadari","alternatenames":["Zerok Alagadari","Zerok Alaqadari","Zerok `Alaqahdari","Zerok-Alakadari","Zeruk `Alaqahdari","Ziruk","Ziruk `Alaqahdari","Ziruk `Alaqehdari","Zērōk Alāgaḏāṟī","Zērōk Alāqaḏāṟi","Zērūk ‘Alāqahdārī","Zēṟōk ‘Alāqahdārī","Zīṟūk","Zīṟūk ‘Alāqahdārī","Zīṟūk ‘Alāqehdārī","زیړوک","زیړوک علاقه داری"],"latitude":"33.15806","longitude":"69.31278","feature_class":"P","feature_code":"PPLA2","country_code":"AF","cc2":"","admin1_code":"29","admin2_code":"","admin3_code":"","admin4_code":"","population":"0","elevation":"","dem":"2336","timezone":"Asia/Kabul","modification_date":"2012-02-28"},{"geonameid":"1437517","name":"Khayr Kōṯ","asciiname":"Khayr Kot","alternatenames":["Khayr Kot","Khayr Kōṯ","Khayrkot","Kheyr Kut","Kheyr Kūt","khyr kwt","خیر کوت","خیر کوټ"],"latitude":"32.85355","longitude":"68.44971","feature_class":"P","feature_code":"PPLA2","country_code":"AF","cc2":"","admin1_code":"29","admin2_code":"","admin3_code":"","admin4_code":"","population":"0","elevation":"","dem":"2126","timezone":"Asia/Kabul","modification_date":"2012-02-28"},{"geonameid":"1476203","name":"Stêr Giyān","asciiname":"Ster Giyan","alternatenames":["Gayan","Gayān","Ster Gian","Ster Giyan","Ster Gyan","Ster Gyān","Sterg'yan","Sterg’yan","Stêr Giyān","Stêr Gīān","gyan","str gyan","ستر گیان","گیان"],"latitude":"32.97704","longitude":"69.37308","feature_class":"P","feature_code":"PPLA2","country_code":"AF","cc2":"","admin1_code":"29","admin2_code":"","admin3_code":"","admin4_code":"","population":"0","elevation":"","dem":"2132","timezone":"Asia/Kabul","modification_date":"2012-05-06"},{"geonameid":"8534261","name":"Sharan","asciiname":"Sharan","alternatenames":["Sharan","Sharan Woluswali","Sharan Woluswālī","Sharan Wuleswali","Sharan Wulêswālī","Sharana","shrn","شرن"],"latitude":"33.17568","longitude":"68.73045","feature_class":"P","feature_code":"PPLA","country_code":"AF","cc2":"","admin1_code":"29","admin2_code":"7053785","admin3_code":"","admin4_code":"","population":"2200","elevation":"","dem":"2145","timezone":"Asia/Kabul","modification_date":"2013-08-02"}]}