{"region_data":{"adminCode1":"03","lng":"69","geonameId":1147537,"toponymName":"Wilāyat-e Baghlān","countryId":"1149361","fcl":"A","population":872234,"numberOfChildren":15,"countryCode":"AF","name":"Wilāyat-e Baghlān","fclName":"country, state, region,...","countryName":"Afghanistan","fcodeName":"first-order administrative division","adminName1":"Wilāyat-e Baghlān","lat":"35.75","fcode":"ADM1"},"country_data":{"ISO":"AF","ISO3":"AFG","ISO_Numeric":"004","fips":"AF","country":"Afghanistan","capital":"Kabul","area":"647500","Population":"29121286","Continent":"AS","tld":".af","CurrencyCode":"AFN","CurrencyName":"Afghani","Phone":"93","Postal_Code_Format":"","Postal_Code_Regex":"","Languages":"fa-AF,ps,uz-AF,tk","geonameid":"1149361","neighbours":"TM,CN,IR,TJ,PK,UZ","EquivalentFipsCode":""},"cities":[{"geonameid":"1130490","name":"Pul-e Khumrī","asciiname":"Pul-e Khumri","alternatenames":["Pol-e Khomri","Pol-e Khomrī","Pul-e Khumri","Pul-e Khumrī","Pul-i-Khomri","Pul-i-Khumri","Pule Khumri","Pule Khumṟi","Puli-Khumri","pl khmry","Пули-Хумри","پل خمری"],"latitude":"35.94458","longitude":"68.71512","feature_class":"P","feature_code":"PPLA","country_code":"AF","cc2":"","admin1_code":"03","admin2_code":"","admin3_code":"","admin4_code":"","population":"56369","elevation":"","dem":"638","timezone":"Asia/Kabul","modification_date":"2012-01-16"},{"geonameid":"1132495","name":"Nahrīn","asciiname":"Nahrin","alternatenames":["Nahrin","Nahrīn","Nakhrin","Narain","Narin","Narīn","nhryn","Нахрин","نهرین"],"latitude":"36.0649","longitude":"69.13343","feature_class":"P","feature_code":"PPLA2","country_code":"AF","cc2":"","admin1_code":"03","admin2_code":"","admin3_code":"","admin4_code":"","population":"22363","elevation":"","dem":"1138","timezone":"Asia/Kabul","modification_date":"2012-02-28"},{"geonameid":"1136723","name":"Khinjān","asciiname":"Khinjan","alternatenames":["Khenjan","Khenjān","Khindzhan","Khinjan","Khinjān","khnjan","خنجان"],"latitude":"35.58908","longitude":"68.90093","feature_class":"P","feature_code":"PPLA2","country_code":"AF","cc2":"","admin1_code":"03","admin2_code":"","admin3_code":"","admin4_code":"","population":"0","elevation":"","dem":"1132","timezone":"Asia/Kabul","modification_date":"2012-02-28"},{"geonameid":"1142738","name":"Dōshī","asciiname":"Doshi","alternatenames":["Doshi","Dosi","Dowshi","Dowshī","Doši","Dōshī","dwshy","دوشی"],"latitude":"35.60918","longitude":"68.68473","feature_class":"P","feature_code":"PPLA2","country_code":"AF","cc2":"","admin1_code":"03","admin2_code":"","admin3_code":"","admin4_code":"","population":"0","elevation":"","dem":"836","timezone":"Asia/Kabul","modification_date":"2012-02-28"},{"geonameid":"1143529","name":"Deh-e Şalāḩ","asciiname":"Deh-e Salah","alternatenames":["Deh Salah","Deh Saleh","Deh Sāleh","Deh Şalāḩ","Deh-e Salah","Deh-e Şalāḩ","dh slah","ده صلاح"],"latitude":"35.69031","longitude":"69.31511","feature_class":"P","feature_code":"PPLA2","country_code":"AF","cc2":"","admin1_code":"03","admin2_code":"","admin3_code":"","admin4_code":"","population":"0","elevation":"","dem":"1632","timezone":"Asia/Kabul","modification_date":"2012-02-28"},{"geonameid":"1144559","name":"Ḩukūmatī Dahanah-ye Ghōrī","asciiname":"Hukumati Dahanah-ye Ghori","alternatenames":["Dahana","Dahana Ghori","Dahana-i-Ghori","Dahanae Ghori","Dahaneh-ye Ghowri","Dahaneh-ye Ghowṟī","Dahna","Dahāna","Dananeh-ye Ghowri","Dananeh-ye Ghowrī","Hokumati Dahana-i-Ghori Dahana","Hokūmatī Ḏahana-i-Ghōṟi Dahana","Hukumati Dahanah-ye Ghori","hkwmty dhnh ghwry","حکومتی دهنه غوری","Ḏahana-i-Ghōṟi","Ḏahanae Ghōṟi","Ḩukūmatī Dahanah-ye Ghōrī"],"latitude":"35.90617","longitude":"68.48869","feature_class":"P","feature_code":"PPLA2","country_code":"AF","cc2":"","admin1_code":"03","admin2_code":"","admin3_code":"","admin4_code":"","population":"3307","elevation":"","dem":"801","timezone":"Asia/Kabul","modification_date":"2012-05-05"},{"geonameid":"1146694","name":"Bāzār-e Tālah","asciiname":"Bazar-e Talah","alternatenames":["Bazar-e Talah","Bazar-e Taleh","Bazare Tala","Bāzār-e Tālah","Bāzār-e Tāleh","Bāzāṟe Tāla","Tala","Tala Barfaq","bazar talh","بازار تاله"],"latitude":"35.39205","longitude":"68.22317","feature_class":"P","feature_code":"PPLA2","country_code":"AF","cc2":"","admin1_code":"03","admin2_code":"","admin3_code":"","admin4_code":"","population":"0","elevation":"","dem":"1206","timezone":"Asia/Kabul","modification_date":"2012-02-28"},{"geonameid":"1146911","name":"Būrkah","asciiname":"Burkah","alternatenames":["Barkah","Borkeh","Burka","Burkah","Buṟka","Būrkah","bwrkh","بورکه"],"latitude":"36.22242","longitude":"69.15037","feature_class":"P","feature_code":"PPLA2","country_code":"AF","cc2":"","admin1_code":"03","admin2_code":"","admin3_code":"","admin4_code":"","population":"0","elevation":"","dem":"1188","timezone":"Asia/Kabul","modification_date":"2012-02-28"},{"geonameid":"1147118","name":"Banū","asciiname":"Banu","alternatenames":["Andarab","Andarāb","Banow","Banu","Banū","bnw","بنو"],"latitude":"35.63348","longitude":"69.26019","feature_class":"P","feature_code":"PPLA2","country_code":"AF","cc2":"","admin1_code":"03","admin2_code":"","admin3_code":"","admin4_code":"","population":"0","elevation":"","dem":"1510","timezone":"Asia/Kabul","modification_date":"2012-02-28"},{"geonameid":"1147540","name":"Baghlān","asciiname":"Baghlan","alternatenames":["Baghlan","Baghlan - bghlan","Baghlan - بغلان","Baghlan-e Jadid","Baghlin","Baghlān","Baghlān-e Jadīd","Baglan","Bagolaggo","Sana `Ati","Sana`ati","bghlan","bghlan jdyd","Şanā ‘Ati","Şanā‘atī","Баглан","بغلان","بغلان جديد","صناعتی"],"latitude":"36.13068","longitude":"68.70829","feature_class":"P","feature_code":"PPLA2","country_code":"AF","cc2":"","admin1_code":"03","admin2_code":"","admin3_code":"","admin4_code":"","population":"108449","elevation":"","dem":"531","timezone":"Asia/Kabul","modification_date":"2012-02-28"},{"geonameid":"1464922","name":"Pul-e Ḩişār","asciiname":"Pul-e Hisar","alternatenames":["Pol-e Hesar","Pol-e Ḩeşār","Pul-e Hisar","Pul-e Ḩişār","Pule Hesar","Pule Hesāṟ","pl hsar","پل حصار"],"latitude":"35.61794","longitude":"69.47134","feature_class":"P","feature_code":"PPLA2","country_code":"AF","cc2":"","admin1_code":"03","admin2_code":"","admin3_code":"","admin4_code":"","population":"0","elevation":"","dem":"1979","timezone":"Asia/Kabul","modification_date":"2012-02-29"}]}