{"region_data":{"adminCode1":"17","lng":"69.25","geonameId":1134561,"toponymName":"Wilāyat-e Lōgar","countryId":"1149361","fcl":"A","population":373100,"numberOfChildren":7,"countryCode":"AF","name":"Wilāyat-e Lōgar","fclName":"country, state, region,...","countryName":"Afghanistan","fcodeName":"first-order administrative division","adminName1":"Lowgar","lat":"34","fcode":"ADM1"},"country_data":{"ISO":"AF","ISO3":"AFG","ISO_Numeric":"004","fips":"AF","country":"Afghanistan","capital":"Kabul","area":"647500","Population":"29121286","Continent":"AS","tld":".af","CurrencyCode":"AFN","CurrencyName":"Afghani","Phone":"93","Postal_Code_Format":"","Postal_Code_Regex":"","Languages":"fa-AF,ps,uz-AF,tk","geonameid":"1149361","neighbours":"TM,CN,IR,TJ,PK,UZ","EquivalentFipsCode":""},"cities":[{"geonameid":"1130497","name":"Pul-e ‘Alam","asciiname":"Pul-e `Alam","alternatenames":["Pol-e `Alam","Pol-e ‘Alam","Pul-e `Alam","Pul-e ‘Alam","Pul-i-Alam","Pule Alam","پل علم"],"latitude":"33.99529","longitude":"69.02274","feature_class":"P","feature_code":"PPLA","country_code":"AF","cc2":"","admin1_code":"17","admin2_code":"","admin3_code":"","admin4_code":"","population":"13247","elevation":"","dem":"1921","timezone":"Asia/Kabul","modification_date":"2012-01-16"},{"geonameid":"1133105","name":"Muḩammad Āghah Wuluswālī","asciiname":"Muhammad Aghah Wuluswali","alternatenames":["Deh-e Muhammad Aghah","Deh-e Muḩammad Āghah","Mohammad Agha","Mohammad Aghah","Moḩammad Āghah","Moḩammad Āghā","Muhammad Agha","Muhammad Aghah Wuluswali","Muhammad Āgha","Muḩammad Āghah Wuluswālī","mhmd aghh wlswaly","محمد آغه ولسوالی"],"latitude":"34.21422","longitude":"69.10026","feature_class":"P","feature_code":"PPLA2","country_code":"AF","cc2":"","admin1_code":"17","admin2_code":"","admin3_code":"","admin4_code":"","population":"0","elevation":"","dem":"1853","timezone":"Asia/Kabul","modification_date":"2012-11-07"},{"geonameid":"1135960","name":"Khōshī","asciiname":"Khoshi","alternatenames":["Khoshi","Khosi","Khoši","Khushi","Khvoshi","Khvoshī","Khōshī","Kushi","khwshy","خوشی"],"latitude":"33.99916","longitude":"69.21582","feature_class":"P","feature_code":"PPLA2","country_code":"AF","cc2":"","admin1_code":"17","admin2_code":"","admin3_code":"","admin4_code":"","population":"0","elevation":"","dem":"2252","timezone":"Asia/Kabul","modification_date":"2013-03-05"},{"geonameid":"1145348","name":"Charkh","asciiname":"Charkh","alternatenames":["Carkh","Charkh","chrkh","Čarkh","چرخ"],"latitude":"33.79712","longitude":"68.93749","feature_class":"P","feature_code":"PPLA2","country_code":"AF","cc2":"","admin1_code":"17","admin2_code":"","admin3_code":"","admin4_code":"","population":"0","elevation":"","dem":"2081","timezone":"Asia/Kabul","modification_date":"2013-03-05"},{"geonameid":"1147066","name":"Barakī Barak","asciiname":"Baraki Barak","alternatenames":["Barah Ki Barak","Barah Kī Barak","Baraki Barak","Baraki Burak","Barakibarak","Barakī Barak","Barqi Barq","brh ky brk","brky brk","بره کی برک","برکی برک"],"latitude":"33.96744","longitude":"68.9492","feature_class":"P","feature_code":"PPLA2","country_code":"AF","cc2":"","admin1_code":"17","admin2_code":"","admin3_code":"","admin4_code":"","population":"22305","elevation":"","dem":"1940","timezone":"Asia/Kabul","modification_date":"2013-02-07"},{"geonameid":"1147851","name":"Ḩukūmatī Azrah","asciiname":"Hukumati Azrah","alternatenames":["Azra","Azrah","Azraw","Azreh","Azrow","Azru","Azrū","Azṟa","Azṟaw","Hazrah","Hazro","Hokumati Azraw","Hokumati Azrow","Hukumati Azrah","Khukumati-Azrau","azrh","azrw","hkwmty azrh","Āzreh","ازره","ازرو","حکومتی ازره","Ḩokūmatī Azṟaw","Ḩokūmatī Āzrow","Ḩukūmatī Azrah"],"latitude":"34.17355","longitude":"69.64573","feature_class":"P","feature_code":"PPLA2","country_code":"AF","cc2":"","admin1_code":"17","admin2_code":"","admin3_code":"","admin4_code":"","population":"12526","elevation":"","dem":"2330","timezone":"Asia/Kabul","modification_date":"2012-05-05"}]}