{"region_data":{"adminCode1":"08","lng":"67.75","geonameId":1141268,"toponymName":"Wilāyat-e Ghaznī","countryId":"1149361","fcl":"A","population":1168800,"numberOfChildren":20,"countryCode":"AF","name":"Wilāyat-e Ghaznī","fclName":"country, state, region,...","countryName":"Afghanistan","fcodeName":"first-order administrative division","adminName1":"Ghaznī","lat":"33.33333","fcode":"ADM1"},"country_data":{"ISO":"AF","ISO3":"AFG","ISO_Numeric":"004","fips":"AF","country":"Afghanistan","capital":"Kabul","area":"647500","Population":"29121286","Continent":"AS","tld":".af","CurrencyCode":"AFN","CurrencyName":"Afghani","Phone":"93","Postal_Code_Format":"","Postal_Code_Regex":"","Languages":"fa-AF,ps,uz-AF,tk","geonameid":"1149361","neighbours":"TM,CN,IR,TJ,PK,UZ","EquivalentFipsCode":""},"cities":[{"geonameid":"1120500","name":"Mīray","asciiname":"Miray","alternatenames":["Miray","Miri","Miṟay","Mīray","Mīrī","Salgar","Shalgar","S̄algaṟ","myry","ميری"],"latitude":"33.32462","longitude":"68.44068","feature_class":"P","feature_code":"PPLA2","country_code":"AF","cc2":"","admin1_code":"08","admin2_code":"","admin3_code":"","admin4_code":"","population":"0","elevation":"","dem":"2077","timezone":"Asia/Kabul","modification_date":"2013-03-05"},{"geonameid":"1122068","name":"Tōrmay","asciiname":"Tormay","alternatenames":["Qal'ah-ye Tormay","Qal’ah-ye Tōrmay","Tormay","Turmay","Tōrmay","Tōṟmay","Tūrmay","twrmy","تورمی","قلعه تورمی"],"latitude":"33.68847","longitude":"68.40205","feature_class":"P","feature_code":"PPLA2","country_code":"AF","cc2":"","admin1_code":"08","admin2_code":"","admin3_code":"","admin4_code":"","population":"0","elevation":"","dem":"2296","timezone":"Asia/Kabul","modification_date":"2013-01-09"},{"geonameid":"1127001","name":"Sarfirāz Kalā","asciiname":"Sarfiraz Kala","alternatenames":["Qal'ah-ye Sar Firaz","Qal’ah-ye Sar Firāz","Sarferaz Kala","Sarferāz Kalā","Sarfiraz Kala","Sarfirazkala","Sarfirāz Kalā","srfraz kla","سرفراز کلا","قلعه سر فراز"],"latitude":"32.98333","longitude":"67.96517","feature_class":"P","feature_code":"PPLA2","country_code":"AF","cc2":"","admin1_code":"08","admin2_code":"","admin3_code":"","admin4_code":"","population":"0","elevation":"","dem":"2106","timezone":"Asia/Kabul","modification_date":"2012-02-28"},{"geonameid":"1127604","name":"Sang-e Māshah","asciiname":"Sang-e Mashah","alternatenames":["Sang-e Mashah","Sang-e Masheh","Sang-e Māshah","Sang-e Māsheh","Sang-i-Macha","Sang-i-Masha","Sang-i-Māsha","Sange Masa","Sange Māša","sng mashh","سنگ ماشه"],"latitude":"33.1396","longitude":"67.44046","feature_class":"P","feature_code":"PPLA2","country_code":"AF","cc2":"","admin1_code":"08","admin2_code":"","admin3_code":"","admin4_code":"","population":"0","elevation":"","dem":"2484","timezone":"Asia/Kabul","modification_date":"2012-02-28"},{"geonameid":"1128565","name":"Rāmak","asciiname":"Ramak","alternatenames":["Rahmak","Ramak","Rāmak","ramk","رامک"],"latitude":"33.52234","longitude":"68.6264","feature_class":"P","feature_code":"PPLA2","country_code":"AF","cc2":"","admin1_code":"08","admin2_code":"","admin3_code":"","admin4_code":"","population":"0","elevation":"","dem":"2183","timezone":"Asia/Kabul","modification_date":"2012-02-28"},{"geonameid":"1129680","name":"Qarah Bāgh","asciiname":"Qarah Bagh","alternatenames":["Karabag","Qarabagh","Qarah Bagh","Qarah Bāgh","Qarehbagh","Qarehbāgh","Qaṟabāgh","qrh bagh","قره باغ"],"latitude":"33.19801","longitude":"68.10798","feature_class":"P","feature_code":"PPLA2","country_code":"AF","cc2":"","admin1_code":"08","admin2_code":"","admin3_code":"","admin4_code":"","population":"0","elevation":"","dem":"2089","timezone":"Asia/Kabul","modification_date":"2012-02-28"},{"geonameid":"1132172","name":"Ōkak","asciiname":"Okak","alternatenames":["Navar","Navor","Nawur","Nāvar","Nāvor","Nāwuṟ","Okak","Owkak","awkk","Ōkak","Окак","اوکک"],"latitude":"33.89793","longitude":"67.95652","feature_class":"P","feature_code":"PPLA2","country_code":"AF","cc2":"","admin1_code":"08","admin2_code":"","admin3_code":"","admin4_code":"","population":"0","elevation":"","dem":"3068","timezone":"Asia/Kabul","modification_date":"2012-02-28"},{"geonameid":"1132807","name":"Muqêr","asciiname":"Muqer","alternatenames":["Moqor","Moqur","Moquṟ","Mukar","Mukur","Muqer","Muqur","Muqêr","Qala-i-Sarkari","Qala-i-Sarkāri","mqr","مقر"],"latitude":"32.82009","longitude":"67.76934","feature_class":"P","feature_code":"PPLA2","country_code":"AF","cc2":"","admin1_code":"08","admin2_code":"","admin3_code":"","admin4_code":"","population":"0","elevation":"","dem":"2000","timezone":"Asia/Kabul","modification_date":"2012-02-28"},{"geonameid":"1140919","name":"‘Alāqahdārī Gēlān","asciiname":"`Alaqahdari Gelan","alternatenames":["Alakadari-Gelan","Gelan","Gilan","Gēlān","Gīlān","Janda","Jaṉda","`Alaqadari Gelan","`Alaqahdari Gelan","`Alaqahdari Jandah","علاقه داری جڼډه","علاقه داری گېلان","گېلان","‘Alāqahdārī Gēlān","‘Alāqahdārī Jaṉḏah","‘Alāqaḏāṟī Gēlān"],"latitude":"32.72692","longitude":"67.63696","feature_class":"P","feature_code":"PPLA2","country_code":"AF","cc2":"","admin1_code":"08","admin2_code":"","admin3_code":"","admin4_code":"","population":"0","elevation":"","dem":"1987","timezone":"Asia/Kabul","modification_date":"2012-02-28"},{"geonameid":"1141269","name":"Ghazni","asciiname":"Ghazni","alternatenames":["GZI","Gazni","Ghazni","Ghaznī","Shahr-e Ghazni","Shahr-e Ghaznī","gazni","gazuni","ghznt","ghzny","ghznyn","Газни","غزنة","غزنی","غزنین","ガズニー"],"latitude":"33.55391","longitude":"68.42096","feature_class":"P","feature_code":"PPLA","country_code":"AF","cc2":"","admin1_code":"08","admin2_code":"","admin3_code":"","admin4_code":"","population":"141000","elevation":"","dem":"2179","timezone":"Asia/Kabul","modification_date":"2013-05-09"},{"geonameid":"1145799","name":"Chahār Qal‘ah","asciiname":"Chahar Qal`ah","alternatenames":["Caharqal`a","Chahar Qal`ah","Chahar Qal`eh","Chahār Qal‘ah","Chahār Qal‘eh","Chakharkala","Čahārqal‘a","چهار قلعه"],"latitude":"33.55267","longitude":"68.29828","feature_class":"P","feature_code":"PPLA2","country_code":"AF","cc2":"","admin1_code":"08","admin2_code":"","admin3_code":"","admin4_code":"","population":"0","elevation":"","dem":"2376","timezone":"Asia/Kabul","modification_date":"2013-03-05"}]}