{"region_data":{"adminCode1":"09","lng":"65","geonameId":1141103,"toponymName":"Wilāyat-e Ghōr","countryId":"1149361","fcl":"A","population":657200,"numberOfChildren":10,"countryCode":"AF","name":"Ghowr","fclName":"country, state, region,...","countryName":"Afghanistan","fcodeName":"first-order administrative division","adminName1":"Ghowr","lat":"34","fcode":"ADM1"},"country_data":{"ISO":"AF","ISO3":"AFG","ISO_Numeric":"004","fips":"AF","country":"Afghanistan","capital":"Kabul","area":"647500","Population":"29121286","Continent":"AS","tld":".af","CurrencyCode":"AFN","CurrencyName":"Afghani","Phone":"93","Postal_Code_Format":"","Postal_Code_Regex":"","Languages":"fa-AF,ps,uz-AF,tk","geonameid":"1149361","neighbours":"TM,CN,IR,TJ,PK,UZ","EquivalentFipsCode":""},"cities":[{"geonameid":"1122189","name":"Tūlak","asciiname":"Tulak","alternatenames":["Tulak","Tūlak","twlk","تولک"],"latitude":"33.97509","longitude":"63.72868","feature_class":"P","feature_code":"PPLA2","country_code":"AF","cc2":"","admin1_code":"09","admin2_code":"","admin3_code":"","admin4_code":"","population":"0","elevation":"","dem":"2275","timezone":"Asia/Kabul","modification_date":"2012-02-28"},{"geonameid":"1122402","name":"Tītān","asciiname":"Titan","alternatenames":["Deh Titan","Deh Titān","Saghar","Sāghar","Titan","Tītān","saghr","tytan","تیتان","ساغر"],"latitude":"33.69032","longitude":"63.86361","feature_class":"P","feature_code":"PPLA2","country_code":"AF","cc2":"","admin1_code":"09","admin2_code":"","admin3_code":"","admin4_code":"","population":"0","elevation":"","dem":"2194","timezone":"Asia/Kabul","modification_date":"2012-02-28"},{"geonameid":"1122464","name":"Taywarah","asciiname":"Taywarah","alternatenames":["Qal`eh-i-Ghor","Qal‘eh-i-Ghor","Taiwara","Taiwāra","Taywarah","Teyvareh","tywrh","تيوره"],"latitude":"33.52118","longitude":"64.42116","feature_class":"P","feature_code":"PPLA2","country_code":"AF","cc2":"","admin1_code":"09","admin2_code":"","admin3_code":"","admin4_code":"","population":"0","elevation":"","dem":"2160","timezone":"Asia/Kabul","modification_date":"2012-02-28"},{"geonameid":"1125896","name":"Shahrak","asciiname":"Shahrak","alternatenames":["Bati Dara","Kala Shaharak","Kala Shahrak","Kala Shahārak","Markaz-e Shahrak","Qal`eh Shaharak","Qal`eh-ye Bati Darrah","Qala Bati Dara","Qala Batī Dara","Qala Shaharak","Qala Shahārak","Qala Sharak","Qal‘eh Shahārak","Qal‘eh-ye Bati Darrah","Sahrak","Shahrag","Shahrak","Shakhrak","Sharak","Shāhrag","Shāhrak","Wala Shahrak","shhrk","Šahrak","شهرک"],"latitude":"34.10737","longitude":"64.3052","feature_class":"P","feature_code":"PPLA2","country_code":"AF","cc2":"","admin1_code":"09","admin2_code":"","admin3_code":"","admin4_code":"","population":"15967","elevation":"","dem":"2357","timezone":"Asia/Kabul","modification_date":"2012-02-28"},{"geonameid":"1131045","name":"Pasāband","asciiname":"Pasaband","alternatenames":["Pasaband","Pasāband","psabnd","پسابند"],"latitude":"33.68956","longitude":"64.8531","feature_class":"P","feature_code":"PPLA2","country_code":"AF","cc2":"","admin1_code":"09","admin2_code":"","admin3_code":"","admin4_code":"","population":"0","elevation":"","dem":"2468","timezone":"Asia/Kabul","modification_date":"2012-02-28"},{"geonameid":"1134887","name":"La‘l","asciiname":"La`l","alternatenames":["La`l","La`l va Sar Jangal","La`l wa Sar Jangal","La`losarjangal","Lal'","Lal’","La‘l","La‘l va Sar Jangal","La‘l wa Sar Jangal","La‘losaṟjangal","Qaryeh-ye La`l","Qaryeh-ye La‘l","لعل","لعل و سر جنگل"],"latitude":"34.50141","longitude":"66.27997","feature_class":"P","feature_code":"PPLA2","country_code":"AF","cc2":"","admin1_code":"09","admin2_code":"","admin3_code":"","admin4_code":"","population":"0","elevation":"","dem":"2797","timezone":"Asia/Kabul","modification_date":"2012-02-28"},{"geonameid":"1142758","name":"Dowlatyār","asciiname":"Dowlatyar","alternatenames":["Daolat Yar","Daulat Yar","Daulat Yār","Dawlatyar","Dawtatyar","Dowlat Yar","Dowlat Yār","Dowlatyar","Dowlatyār","Dāolat Yar","Taht-e Dowlatyar","Taḩt-e Dowlatyār","dwlt yar","dwltyar","دولت یار","دولتیار","Ḏawlatyāṟ","Ḏawtatyāṟ"],"latitude":"34.55132","longitude":"65.79302","feature_class":"P","feature_code":"PPLA2","country_code":"AF","cc2":"","admin1_code":"09","admin2_code":"","admin3_code":"","admin4_code":"","population":"0","elevation":"","dem":"2456","timezone":"Asia/Kabul","modification_date":"2012-02-28"},{"geonameid":"1145904","name":"Fayrōz Kōh","asciiname":"Fayroz Koh","alternatenames":["Caghcaran","Caghcaṟān","Cakhcaran","Cakhcaṟān","Chaghcharan","Chaghcharān","Chakcharan","Chakhcharan","Chekcheran","Fayroz Koh","Fayrōz Kōh","chghchran","fyrwz kwh","فيروز کوه","چغچران"],"latitude":"34.51952","longitude":"65.25093","feature_class":"P","feature_code":"PPLA","country_code":"AF","cc2":"","admin1_code":"09","admin2_code":"","admin3_code":"","admin4_code":"","population":"15000","elevation":"","dem":"2263","timezone":"Asia/Kabul","modification_date":"2015-02-05"},{"geonameid":"1459933","name":"Dū Laīnah","asciiname":"Du Lainah","alternatenames":["Dolayna","Dolaynah","Dorahi Ghor","Du Lainah","Dulaynah","Durahi Ghor","Durāhī Ghōr","Dū Laīnah","dlynh","drahy ghwr","dw lynh","دراهی غور","دلینه","دو لينه","Ḏolayna","Ḏoṟāhī Ghōṟ"],"latitude":"34.15599","longitude":"64.78566","feature_class":"P","feature_code":"PPLA2","country_code":"AF","cc2":"","admin1_code":"09","admin2_code":"","admin3_code":"","admin4_code":"","population":"0","elevation":"","dem":"2619","timezone":"Asia/Kabul","modification_date":"2012-05-06"}]}