{"region_data":{"adminCode1":"35","lng":"70.18333","geonameId":1135022,"toponymName":"Wilāyat-e Laghmān","countryId":"1149361","fcl":"A","population":651326,"numberOfChildren":5,"countryCode":"AF","name":"Wilāyat-e Laghmān","fclName":"country, state, region,...","countryName":"Afghanistan","fcodeName":"first-order administrative division","adminName1":"Laghmān","lat":"34.78333","fcode":"ADM1"},"country_data":{"ISO":"AF","ISO3":"AFG","ISO_Numeric":"004","fips":"AF","country":"Afghanistan","capital":"Kabul","area":"647500","Population":"29121286","Continent":"AS","tld":".af","CurrencyCode":"AFN","CurrencyName":"Afghani","Phone":"93","Postal_Code_Format":"","Postal_Code_Regex":"","Languages":"fa-AF,ps,uz-AF,tk","geonameid":"1149361","neighbours":"TM,CN,IR,TJ,PK,UZ","EquivalentFipsCode":""},"cities":[{"geonameid":"1129555","name":"Qarghah’ī","asciiname":"Qarghah'i","alternatenames":["Deh Mazang","Dekhmazang","Kargay","Karghai","Qargha'i","Qarghah","Qarghah'i","Qarghah’ī","Qaṟghah’ī","Qaṟgha’i","dh mzng","qrghh yy","ده مزنگ","قرغه ئی"],"latitude":"34.55402","longitude":"70.24292","feature_class":"P","feature_code":"PPLA2","country_code":"AF","cc2":"","admin1_code":"35","admin2_code":"","admin3_code":"","admin4_code":"","population":"0","elevation":"","dem":"659","timezone":"Asia/Kabul","modification_date":"2012-02-28"},{"geonameid":"1133574","name":"Mehtar Lām","asciiname":"Mehtar Lam","alternatenames":["Laghman","Mehtar Lam","Mehtar Lām","Mekhtarlam","Metarlam","Mir Talam Saheb Ziarat","Mitarlam","Miterlam","Mīr Talām Şāḩeb Zīārat","Nawar Lam","Nāwar Lam","mhtr lam","Митарлам","مهتر لام"],"latitude":"34.67139","longitude":"70.20944","feature_class":"P","feature_code":"PPLA","country_code":"AF","cc2":"","admin1_code":"35","admin2_code":"","admin3_code":"","admin4_code":"","population":"17345","elevation":"","dem":"795","timezone":"Asia/Kabul","modification_date":"2012-01-16"},{"geonameid":"1142761","name":"Dowlat Shāh","asciiname":"Dowlat Shah","alternatenames":["Daulat Shah","Daulat Shāh","Daulatshakh","Dawlat Shah","Dawlat Shāh","Dawlatsah","Dawlatšāh","Dowlat Shah","Dowlat Shāh","dwlt shah","دولت شاه"],"latitude":"34.9504","longitude":"70.07102","feature_class":"P","feature_code":"PPLA2","country_code":"AF","cc2":"","admin1_code":"35","admin2_code":"","admin3_code":"","admin4_code":"","population":"0","elevation":"","dem":"1551","timezone":"Asia/Kabul","modification_date":"2012-02-28"},{"geonameid":"1148911","name":"Wuluswālī ‘Alīngār","asciiname":"Wuluswali `Alingar","alternatenames":["Oluswali Alingar","Oluswāli Alīngāṟ","Ulusvali-Alingar","Wuluswali `Alingar","Wuluswālī ‘Alīngār","`Alingar","ولسوالی علینگار","‘Alīngār"],"latitude":"34.83529","longitude":"70.3593","feature_class":"P","feature_code":"PPLA2","country_code":"AF","cc2":"","admin1_code":"35","admin2_code":"","admin3_code":"","admin4_code":"","population":"0","elevation":"","dem":"937","timezone":"Asia/Kabul","modification_date":"2014-01-08"}]}