{"region_data":{"adminCode1":"36","lng":"69.33333","geonameId":1131257,"toponymName":"Wilāyat-e Paktiyā","countryId":"1149361","fcl":"A","population":503572,"numberOfChildren":14,"countryCode":"AF","name":"Paktia","fclName":"country, state, region,...","countryName":"Afghanistan","fcodeName":"first-order administrative division","adminName1":"Paktia","lat":"33.66667","fcode":"ADM1"},"country_data":{"ISO":"AF","ISO3":"AFG","ISO_Numeric":"004","fips":"AF","country":"Afghanistan","capital":"Kabul","area":"647500","Population":"29121286","Continent":"AS","tld":".af","CurrencyCode":"AFN","CurrencyName":"Afghani","Phone":"93","Postal_Code_Format":"","Postal_Code_Regex":"","Languages":"fa-AF,ps,uz-AF,tk","geonameid":"1149361","neighbours":"TM,CN,IR,TJ,PK,UZ","EquivalentFipsCode":""},"cities":[{"geonameid":"1120543","name":"Zurmat","asciiname":"Zurmat","alternatenames":["Bazar-e Zurmat","Bāzār-e Zurmat","Zarmal","Zormat","Zurmat","Zuṟmat","bazar zrmt","zrmt","بازار زرمت","زرمت"],"latitude":"33.43778","longitude":"69.02774","feature_class":"P","feature_code":"PPLA2","country_code":"AF","cc2":"","admin1_code":"36","admin2_code":"","admin3_code":"","admin4_code":"","population":"0","elevation":"","dem":"2150","timezone":"Asia/Kabul","modification_date":"2012-02-28"},{"geonameid":"1125497","name":"Shwāk","asciiname":"Shwak","alternatenames":["Shavak","Shavāk","Shvak","Shwak","Shwāk","Swak","S̲h̲wāk","shwak","Šwāk","شواک","ښواک"],"latitude":"33.42386","longitude":"69.37684","feature_class":"P","feature_code":"PPLA2","country_code":"AF","cc2":"","admin1_code":"36","admin2_code":"","admin3_code":"","admin4_code":"","population":"0","elevation":"","dem":"2300","timezone":"Asia/Kabul","modification_date":"2012-06-05"},{"geonameid":"1126216","name":"Wulêswālī Sayyid Karam","asciiname":"Wuleswali Sayyid Karam","alternatenames":["Sayd Karam","Sayed Karam","Sayḏ Kaṟam","Seyyed Karam","Vulusvali Saidkaram","Woluswali Saydkaram","Woluswali Seyyed Karam","Woluswāli Sayḏkaṟam","Woluswālī Seyyed Karam","Wuleswali Sayyid Karam","Wulêswālī Sayyid Karam","wlswaly syd krm","wlwswly syd krm","ولسوالی سید کرم","ولوسولی سيد كرم"],"latitude":"33.69056","longitude":"69.36881","feature_class":"P","feature_code":"PPLA2","country_code":"AF","cc2":"","admin1_code":"36","admin2_code":"","admin3_code":"","admin4_code":"","population":"0","elevation":"","dem":"2458","timezone":"Asia/Kabul","modification_date":"2012-05-05"},{"geonameid":"1133456","name":"Maīdān Khūlah","asciiname":"Maidan Khulah","alternatenames":["Maidan Khulah","Maydan Kholeh","Maydankhula","Mayḏān Kholeh","Maīdān Khūlah","Meydan Kholeh","Meydan Khvolah","Meydān Kholeh","Meydān Khvolah","mydan khwlh","میدان خوله"],"latitude":"33.64916","longitude":"69.7812","feature_class":"P","feature_code":"PPLA2","country_code":"AF","cc2":"","admin1_code":"36","admin2_code":"","admin3_code":"","admin4_code":"","population":"0","elevation":"","dem":"2026","timezone":"Asia/Kabul","modification_date":"2012-02-28"},{"geonameid":"1141857","name":"Gardēz","asciiname":"Gardez","alternatenames":["Gardeyz","Gardez","Gardiz","Gardêz","Gardēz","Gardīz","Gaṟḏēz","grdyz","Гардез","گرديز","گردېز"],"latitude":"33.59744","longitude":"69.22592","feature_class":"P","feature_code":"PPLA","country_code":"AF","cc2":"","admin1_code":"36","admin2_code":"","admin3_code":"","admin4_code":"","population":"103601","elevation":"","dem":"2308","timezone":"Asia/Kabul","modification_date":"2012-01-16"},{"geonameid":"1145417","name":"Tsapêraī","asciiname":"Tsaperai","alternatenames":["Capare","Capaṟē","Chapare","Chapray","Chhapri","Tsapare","Tsaparē","Tsaperai","Tsapêraī","څپری","څپرې"],"latitude":"33.83003","longitude":"69.9192","feature_class":"P","feature_code":"PPLA2","country_code":"AF","cc2":"","admin1_code":"36","admin2_code":"","admin3_code":"","admin4_code":"","population":"0","elevation":"","dem":"1679","timezone":"Asia/Kabul","modification_date":"2012-02-28"},{"geonameid":"1145511","name":"Tsamkanī","asciiname":"Tsamkani","alternatenames":["Camkani","Chakmani","Chamkani","Chamkanī","Dzamkani","Dzamkanī","Pir Sarai","Pir Serai","Pīr Sarāi","Qal`eh-ye Chamkani","Qal‘eh-ye Chamkanī","Sakmanni Parao","Tsamkani","Tsamkanī","chmkny","Čamkani","څمکنی","چمکنی"],"latitude":"33.80298","longitude":"69.81671","feature_class":"P","feature_code":"PPLA2","country_code":"AF","cc2":"","admin1_code":"36","admin2_code":"","admin3_code":"","admin4_code":"","population":"0","elevation":"","dem":"1716","timezone":"Asia/Kabul","modification_date":"2012-05-05"},{"geonameid":"1148939","name":"‘Alī Khēl","asciiname":"`Ali Khel","alternatenames":["Alikheyl'","Alikheyl’","`Ali Khel","`Ali Kheyl","`Alikhel","علی خېل","‘Alikhēl","‘Alī Kheyl","‘Alī Khēl"],"latitude":"33.94253","longitude":"69.71908","feature_class":"P","feature_code":"PPLA2","country_code":"AF","cc2":"","admin1_code":"36","admin2_code":"","admin3_code":"","admin4_code":"","population":"0","elevation":"","dem":"2144","timezone":"Asia/Kabul","modification_date":"2012-02-28"},{"geonameid":"8534687","name":"Salām Khēl","asciiname":"Salam Khel","alternatenames":["Salam Khel","Salām Khēl","slam khېl","سلام خېل"],"latitude":"33.67067","longitude":"69.32983","feature_class":"P","feature_code":"PPLA2","country_code":"AF","cc2":"","admin1_code":"36","admin2_code":"","admin3_code":"","admin4_code":"","population":"0","elevation":"","dem":"2417","timezone":"Asia/Kabul","modification_date":"2013-06-05"}]}