{"region_data":{"countryId":"2589581","adminCode1":"34","countryName":"Algeria","fclName":"country, state, region,...","countryCode":"DZ","lng":"-1","fcodeName":"first-order administrative division","toponymName":"Adrar","fcl":"A","name":"Adrar","fcode":"ADM1","geonameId":2508807,"lat":"25.75","adminName1":"Adrar","population":399714},"country_data":{"ISO":"DZ","ISO3":"DZA","ISO_Numeric":"012","fips":"AG","country":"Algeria","capital":"Algiers","area":"2381740","Population":"34586184","Continent":"AF","tld":".dz","CurrencyCode":"DZD","CurrencyName":"Dinar","Phone":"213","Postal_Code_Format":"#####","Postal_Code_Regex":"^(\\d{5})$","Languages":"ar-DZ","geonameid":"2589581","neighbours":"NE,EH,LY,MR,TN,MA,ML","EquivalentFipsCode":""},"cities":[{"geonameid":"2476403","name":"Timimoun","asciiname":"Timimoun","alternatenames":["TMX","Timimoun","Timmoun"],"latitude":"29.26388","longitude":"0.23098","feature_class":"P","feature_code":"PPL","country_code":"DZ","cc2":"","admin1_code":"34","admin2_code":"","admin3_code":"","admin4_code":"","population":"49237","elevation":"","dem":"279","timezone":"Africa/Algiers","modification_date":"2012-01-19"},{"geonameid":"2483761","name":"Reggane","asciiname":"Reggane","alternatenames":["Reggan","Reggane","Zaouiet Reggan","Zaouiet Reggane"],"latitude":"26.71576","longitude":"0.1714","feature_class":"P","feature_code":"PPL","country_code":"DZ","cc2":"","admin1_code":"34","admin2_code":"","admin3_code":"","admin4_code":"","population":"32974","elevation":"","dem":"210","timezone":"Africa/Algiers","modification_date":"2012-01-19"},{"geonameid":"2506795","name":"Aoulef","asciiname":"Aoulef","alternatenames":["Aoulef","Aoulef el Arab"],"latitude":"26.96667","longitude":"1.08333","feature_class":"P","feature_code":"PPL","country_code":"DZ","cc2":"","admin1_code":"34","admin2_code":"","admin3_code":"","admin4_code":"","population":"24812","elevation":"","dem":"285","timezone":"Africa/Algiers","modification_date":"2013-05-18"},{"geonameid":"2508813","name":"Adrar","asciiname":"Adrar","alternatenames":["Adrar","Adraras","a de la er","adrar","xa drar","Адрар","أدرار","อาดราร์","阿德拉尔"],"latitude":"27.87429","longitude":"-0.29388","feature_class":"P","feature_code":"PPLA","country_code":"DZ","cc2":"","admin1_code":"34","admin2_code":"","admin3_code":"","admin4_code":"","population":"43903","elevation":"","dem":"257","timezone":"Africa/Algiers","modification_date":"2013-06-06"}]}