{"region_data":{"countryId":"2589581","adminCode1":"43","countryName":"Algeria","fclName":"country, state, region,...","countryCode":"DZ","lng":"7.25","fcodeName":"first-order administrative division","toponymName":"El Oued","fcl":"A","name":"El Oued","fcode":"ADM1","geonameId":2497406,"lat":"33.16667","adminName1":"El Oued","population":647548},"country_data":{"ISO":"DZ","ISO3":"DZA","ISO_Numeric":"012","fips":"AG","country":"Algeria","capital":"Algiers","area":"2381740","Population":"34586184","Continent":"AF","tld":".dz","CurrencyCode":"DZD","CurrencyName":"Dinar","Phone":"213","Postal_Code_Format":"#####","Postal_Code_Regex":"^(\\d{5})$","Languages":"ar-DZ","geonameid":"2589581","neighbours":"NE,EH,LY,MR,TN,MA,ML","EquivalentFipsCode":""},"cities":[{"geonameid":"2483000","name":"Robbah","asciiname":"Robbah","alternatenames":["Robbah"],"latitude":"33.27967","longitude":"6.90984","feature_class":"P","feature_code":"PPL","country_code":"DZ","cc2":"","admin1_code":"43","admin2_code":"","admin3_code":"","admin4_code":"","population":"30446","elevation":"","dem":"90","timezone":"Africa/Algiers","modification_date":"2012-01-19"},{"geonameid":"2483746","name":"Reguiba","asciiname":"Reguiba","alternatenames":["Reguiba"],"latitude":"33.56391","longitude":"6.70326","feature_class":"P","feature_code":"PPL","country_code":"DZ","cc2":"","admin1_code":"43","admin2_code":"","admin3_code":"","admin4_code":"","population":"62185","elevation":"","dem":"58","timezone":"Africa/Algiers","modification_date":"2012-01-19"},{"geonameid":"2497411","name":"El Oued","asciiname":"El Oued","alternatenames":["Al-Wadi","ELU","Ehl'-Uehd","El Oued","El Qued","Oued Souf","Uedas","alwady","wa de","wady","wady swf","Эль-Уэд","Эль-Уэд қаласы","אל-ואד","الوادي","اﻟﻮادى","وادي سوف","وادی","瓦德"],"latitude":"33.35608","longitude":"6.86319","feature_class":"P","feature_code":"PPLA","country_code":"DZ","cc2":"","admin1_code":"43","admin2_code":"","admin3_code":"","admin4_code":"","population":"134699","elevation":"","dem":"84","timezone":"Africa/Algiers","modification_date":"2013-11-21"},{"geonameid":"2500737","name":"Debila","asciiname":"Debila","alternatenames":["Debila"],"latitude":"33.51667","longitude":"6.95","feature_class":"P","feature_code":"PPL","country_code":"DZ","cc2":"","admin1_code":"43","admin2_code":"","admin3_code":"","admin4_code":"","population":"36834","elevation":"","dem":"52","timezone":"Africa/Algiers","modification_date":"2012-01-19"}]}