{"region_data":{"countryId":"2589581","adminCode1":"46","countryName":"Algeria","fclName":"country, state, region,...","countryCode":"DZ","lng":"8.16667","fcodeName":"first-order administrative division","toponymName":"Illizi","fcl":"A","name":"Illizi","fcode":"ADM1","geonameId":2493455,"lat":"26.83333","adminName1":"Illizi","population":52333},"country_data":{"ISO":"DZ","ISO3":"DZA","ISO_Numeric":"012","fips":"AG","country":"Algeria","capital":"Algiers","area":"2381740","Population":"34586184","Continent":"AF","tld":".dz","CurrencyCode":"DZD","CurrencyName":"Dinar","Phone":"213","Postal_Code_Format":"#####","Postal_Code_Regex":"^(\\d{5})$","Languages":"ar-DZ","geonameid":"2589581","neighbours":"NE,EH,LY,MR,TN,MA,ML","EquivalentFipsCode":""},"cities":[{"geonameid":"2493456","name":"Illizi","asciiname":"Illizi","alternatenames":["Fort Polignac","Fort de Polignac","Illizi","Polignac","VVZ"],"latitude":"26.48333","longitude":"8.46667","feature_class":"P","feature_code":"PPLA","country_code":"DZ","cc2":"","admin1_code":"46","admin2_code":"","admin3_code":"","admin4_code":"","population":"6629","elevation":"","dem":"556","timezone":"Africa/Algiers","modification_date":"2012-01-19"}]}