{"region_data":{"countryId":"2589581","adminCode1":"09","countryName":"Algeria","fclName":"country, state, region,...","countryCode":"DZ","lng":"-0.5","fcodeName":"first-order administrative division","toponymName":"Oran","fcl":"A","name":"Oran","fcode":"ADM1","geonameId":2485920,"lat":"35.66667","adminName1":"Oran","population":1454078},"country_data":{"ISO":"DZ","ISO3":"DZA","ISO_Numeric":"012","fips":"AG","country":"Algeria","capital":"Algiers","area":"2381740","Population":"34586184","Continent":"AF","tld":".dz","CurrencyCode":"DZD","CurrencyName":"Dinar","Phone":"213","Postal_Code_Format":"#####","Postal_Code_Regex":"^(\\d{5})$","Languages":"ar-DZ","geonameid":"2589581","neighbours":"NE,EH,LY,MR,TN,MA,ML","EquivalentFipsCode":""},"cities":[{"geonameid":"2480618","name":"Sidi ech Chahmi","asciiname":"Sidi ech Chahmi","alternatenames":["Sidi Chami","Sidi Chamy","Sidi ech Chahmi"],"latitude":"35.65903","longitude":"-0.52168","feature_class":"P","feature_code":"PPL","country_code":"DZ","cc2":"","admin1_code":"09","admin2_code":"","admin3_code":"","admin4_code":"","population":"35512","elevation":"","dem":"92","timezone":"Africa/Algiers","modification_date":"2012-01-19"},{"geonameid":"2485926","name":"Oran","asciiname":"Oran","alternatenames":["Gorad Aran","ORN","Ora","Oran","Orana","Oranas","Orano","Orà","Orán","Orã","Orāna","Ouahran","Wahran","Wahrān","Waradinne","Wehran","olang","oran","orana","orani","vahirana","wa he lan","whran","whran  aljzayr","wlayt whran","xx ran","Οράν","Горад Аран","Оран","Оран қаласы","אוראן","ولاية وهران","وهران","وهران، الجزایر","وہران","وەھران","ওরান","ਵਹਿਰਾਨ","ออราน","ორანი","オラン","瓦赫蘭","오랑"],"latitude":"35.69111","longitude":"-0.64167","feature_class":"P","feature_code":"PPLA","country_code":"DZ","cc2":"","admin1_code":"09","admin2_code":"","admin3_code":"","admin4_code":"","population":"645984","elevation":"","dem":"109","timezone":"Africa/Algiers","modification_date":"2012-01-19"},{"geonameid":"2487852","name":"Mers el Kebir","asciiname":"Mers el Kebir","alternatenames":["Mers el Kabir","Mers el Kebir","Mers-ehl'-Kebir","Мерс-эль-Кебир"],"latitude":"35.7279","longitude":"-0.7081","feature_class":"P","feature_code":"PPL","country_code":"DZ","cc2":"","admin1_code":"09","admin2_code":"","admin3_code":"","admin4_code":"","population":"20178","elevation":"","dem":"22","timezone":"Africa/Algiers","modification_date":"2012-01-19"},{"geonameid":"2497060","name":"Es Senia","asciiname":"Es Senia","alternatenames":["Es Senia","La Senia","La Sénia"],"latitude":"35.64779","longitude":"-0.62397","feature_class":"P","feature_code":"PPL","country_code":"DZ","cc2":"","admin1_code":"09","admin2_code":"","admin3_code":"","admin4_code":"","population":"68084","elevation":"","dem":"88","timezone":"Africa/Algiers","modification_date":"2012-01-19"},{"geonameid":"2502239","name":"Bou Tlelis","asciiname":"Bou Tlelis","alternatenames":[""],"latitude":"35.57272","longitude":"-0.8996","feature_class":"P","feature_code":"PPL","country_code":"DZ","cc2":"","admin1_code":"09","admin2_code":"","admin3_code":"","admin4_code":"","population":"26144","elevation":"","dem":"103","timezone":"Africa/Algiers","modification_date":"2006-01-27"},{"geonameid":"2503874","name":"Bir el Djir","asciiname":"Bir el Djir","alternatenames":["Arcole","Bir el Djir"],"latitude":"35.72","longitude":"-0.545","feature_class":"P","feature_code":"PPL","country_code":"DZ","cc2":"","admin1_code":"09","admin2_code":"","admin3_code":"","admin4_code":"","population":"68032","elevation":"","dem":"162","timezone":"Africa/Algiers","modification_date":"2012-01-19"},{"geonameid":"2508119","name":"’Aïn el Turk","asciiname":"'Ain el Turk","alternatenames":["'Ain el Turk","Ain-et-Turk","Aine et Turk","Ajn-ehl'-Terk","Aïn-et-Turk","Aïne et Turk","Айн-эль-Терк","’Aïn el Turk"],"latitude":"35.74381","longitude":"-0.7693","feature_class":"P","feature_code":"PPL","country_code":"DZ","cc2":"","admin1_code":"09","admin2_code":"","admin3_code":"","admin4_code":"","population":"45323","elevation":"","dem":"31","timezone":"Africa/Algiers","modification_date":"2012-01-19"},{"geonameid":"2508174","name":"Aïn el Bya","asciiname":"Ain el Bya","alternatenames":["'Ain el Bia","Ain el Bya","Aïn el Bya","Damesme","’Aïn el Bia"],"latitude":"35.80389","longitude":"-0.30178","feature_class":"P","feature_code":"PPL","country_code":"DZ","cc2":"","admin1_code":"09","admin2_code":"","admin3_code":"","admin4_code":"","population":"37241","elevation":"","dem":"63","timezone":"Africa/Algiers","modification_date":"2012-01-19"}]}