{"region_data":{"countryId":"2589581","adminCode1":"29","countryName":"Algeria","fclName":"country, state, region,...","countryCode":"DZ","lng":"7.08333","fcodeName":"first-order administrative division","toponymName":"Oum el Bouaghi","fcl":"A","name":"Oum el Bouaghi","fcode":"ADM1","geonameId":2484618,"lat":"35.83333","adminName1":"Oum el Bouaghi","population":621612},"country_data":{"ISO":"DZ","ISO3":"DZA","ISO_Numeric":"012","fips":"AG","country":"Algeria","capital":"Algiers","area":"2381740","Population":"34586184","Continent":"AF","tld":".dz","CurrencyCode":"DZD","CurrencyName":"Dinar","Phone":"213","Postal_Code_Format":"#####","Postal_Code_Regex":"^(\\d{5})$","Languages":"ar-DZ","geonameid":"2589581","neighbours":"NE,EH,LY,MR,TN,MA,ML","EquivalentFipsCode":""},"cities":[{"geonameid":"2484620","name":"Oum el Bouaghi","asciiname":"Oum el Bouaghi","alternatenames":["Canrobert","Oum el Bouaghi","Oum-el-Bouachi","QMH"],"latitude":"35.87541","longitude":"7.11353","feature_class":"P","feature_code":"PPLA","country_code":"DZ","cc2":"","admin1_code":"29","admin2_code":"","admin3_code":"","admin4_code":"","population":"100821","elevation":"","dem":"925","timezone":"Africa/Algiers","modification_date":"2012-01-19"},{"geonameid":"2487805","name":"Meskiana","asciiname":"Meskiana","alternatenames":["La Meskiana","Meskiana"],"latitude":"35.63058","longitude":"7.66606","feature_class":"P","feature_code":"PPL","country_code":"DZ","cc2":"","admin1_code":"29","admin2_code":"","admin3_code":"","admin4_code":"","population":"30071","elevation":"","dem":"850","timezone":"Africa/Algiers","modification_date":"2012-01-19"},{"geonameid":"2498667","name":"El Aouinet","asciiname":"El Aouinet","alternatenames":["Aouinet-ed-Dieb","Aouinet-el-Dieb","Aouïnet-ed-Dieb","Clairefontaine","Clairfontaine","El Aouinet"],"latitude":"35.86691","longitude":"7.88673","feature_class":"P","feature_code":"PPL","country_code":"DZ","cc2":"","admin1_code":"29","admin2_code":"","admin3_code":"","admin4_code":"","population":"32971","elevation":"","dem":"653","timezone":"Africa/Algiers","modification_date":"2012-01-19"},{"geonameid":"2508059","name":"Aïn Kercha","asciiname":"Ain Kercha","alternatenames":["Ain Kercha","Ain Kercka","Aine Kercha","Aïn Kercha","Aïn Kercka","Aïne Kercha"],"latitude":"35.92472","longitude":"6.69528","feature_class":"P","feature_code":"PPL","country_code":"DZ","cc2":"","admin1_code":"29","admin2_code":"","admin3_code":"","admin4_code":"","population":"32497","elevation":"","dem":"819","timezone":"Africa/Algiers","modification_date":"2012-01-19"},{"geonameid":"2508102","name":"Aïn Fakroun","asciiname":"Ain Fakroun","alternatenames":["Ain Fakroun","Aine Fakroun","Aïn Fakroun","Aïne Fakroun"],"latitude":"35.97108","longitude":"6.87374","feature_class":"P","feature_code":"PPL","country_code":"DZ","cc2":"","admin1_code":"29","admin2_code":"","admin3_code":"","admin4_code":"","population":"68433","elevation":"","dem":"953","timezone":"Africa/Algiers","modification_date":"2012-01-19"},{"geonameid":"2508287","name":"Aïn Beïda","asciiname":"Ain Beida","alternatenames":["Ain Beida","Aine Beida","Aïn Beïda","Aïne Beïda","QBP"],"latitude":"35.79639","longitude":"7.39278","feature_class":"P","feature_code":"PPL","country_code":"DZ","cc2":"","admin1_code":"29","admin2_code":"","admin3_code":"","admin4_code":"","population":"105765","elevation":"","dem":"1008","timezone":"Africa/Algiers","modification_date":"2013-04-21"}]}