{"region_data":{"countryId":"2589581","adminCode1":"49","countryName":"Algeria","fclName":"country, state, region,...","countryCode":"DZ","lng":"-0.83333","fcodeName":"first-order administrative division","toponymName":"Wilaya de Naama","fcl":"A","name":"Wilaya de Naama","fcode":"ADM1","geonameId":2486512,"lat":"33.5","adminName1":"Naama النعامة","population":192891},"country_data":{"ISO":"DZ","ISO3":"DZA","ISO_Numeric":"012","fips":"AG","country":"Algeria","capital":"Algiers","area":"2381740","Population":"34586184","Continent":"AF","tld":".dz","CurrencyCode":"DZD","CurrencyName":"Dinar","Phone":"213","Postal_Code_Format":"#####","Postal_Code_Regex":"^(\\d{5})$","Languages":"ar-DZ","geonameid":"2589581","neighbours":"NE,EH,LY,MR,TN,MA,ML","EquivalentFipsCode":""},"cities":[{"geonameid":"2486523","name":"Naama","asciiname":"Naama","alternatenames":["Naama"],"latitude":"33.26667","longitude":"-0.31667","feature_class":"P","feature_code":"PPLA","country_code":"DZ","cc2":"","admin1_code":"49","admin2_code":"","admin3_code":"","admin4_code":"","population":"8390","elevation":"","dem":"1169","timezone":"Africa/Algiers","modification_date":"2014-04-06"},{"geonameid":"2507943","name":"Aïn Sefra","asciiname":"Ain Sefra","alternatenames":["Ain Sefra","Aine Sefra","Aïn Sefra","Aïne Sefra"],"latitude":"32.75","longitude":"-0.58333","feature_class":"P","feature_code":"PPL","country_code":"DZ","cc2":"","admin1_code":"49","admin2_code":"","admin3_code":"","admin4_code":"","population":"63420","elevation":"","dem":"1078","timezone":"Africa/Algiers","modification_date":"2012-01-19"}]}