{"region_data":{"countryId":"2589581","adminCode1":"04","countryName":"Algeria","fclName":"country, state, region,...","countryCode":"DZ","lng":"6.66667","fcodeName":"first-order administrative division","toponymName":"Wilaya de Constantine","fcl":"A","name":"Wilaya de Constantine","fcode":"ADM1","geonameId":2501147,"lat":"36.33333","adminName1":"Constantine","population":938475},"country_data":{"ISO":"DZ","ISO3":"DZA","ISO_Numeric":"012","fips":"AG","country":"Algeria","capital":"Algiers","area":"2381740","Population":"34586184","Continent":"AF","tld":".dz","CurrencyCode":"DZD","CurrencyName":"Dinar","Phone":"213","Postal_Code_Format":"#####","Postal_Code_Regex":"^(\\d{5})$","Languages":"ar-DZ","geonameid":"2589581","neighbours":"NE,EH,LY,MR,TN,MA,ML","EquivalentFipsCode":""},"cities":[{"geonameid":"2494610","name":"Hamma Bouziane","asciiname":"Hamma Bouziane","alternatenames":["Hamma","Hamma Bouniane","Hamma Bouziane","Hamma-Plaisance","Le Hamma","Le Hamma-Plaisance"],"latitude":"36.41205","longitude":"6.59603","feature_class":"P","feature_code":"PPL","country_code":"DZ","cc2":"","admin1_code":"04","admin2_code":"","admin3_code":"","admin4_code":"","population":"63012","elevation":"","dem":"479","timezone":"Africa/Algiers","modification_date":"2012-01-19"},{"geonameid":"2497849","name":"El Khroub","asciiname":"El Khroub","alternatenames":["El Khroub","El-Kroub","Kroubs","Le Khroub","Le Kroub"],"latitude":"36.26333","longitude":"6.69361","feature_class":"P","feature_code":"PPL","country_code":"DZ","cc2":"","admin1_code":"04","admin2_code":"","admin3_code":"","admin4_code":"","population":"83746","elevation":"","dem":"630","timezone":"Africa/Algiers","modification_date":"2012-01-19"},{"geonameid":"2500401","name":"Didouche Mourad","asciiname":"Didouche Mourad","alternatenames":["Bizot","Didouche Mourad"],"latitude":"36.4525","longitude":"6.63639","feature_class":"P","feature_code":"PPL","country_code":"DZ","cc2":"","admin1_code":"04","admin2_code":"","admin3_code":"","admin4_code":"","population":"25764","elevation":"","dem":"537","timezone":"Africa/Algiers","modification_date":"2012-01-19"},{"geonameid":"2501152","name":"Constantine","asciiname":"Constantine","alternatenames":["CZL","Cirta","Constantine"],"latitude":"36.365","longitude":"6.61472","feature_class":"P","feature_code":"PPLA","country_code":"DZ","cc2":"","admin1_code":"04","admin2_code":"","admin3_code":"","admin4_code":"","population":"450097","elevation":"","dem":"574","timezone":"Africa/Algiers","modification_date":"2012-01-19"},{"geonameid":"2507926","name":"Aïn Smara","asciiname":"Ain Smara","alternatenames":["Ain Smara","Aine Smara","Aïn Smara","Aïne Smara"],"latitude":"36.2674","longitude":"6.50135","feature_class":"P","feature_code":"PPL","country_code":"DZ","cc2":"","admin1_code":"04","admin2_code":"","admin3_code":"","admin4_code":"","population":"28968","elevation":"","dem":"627","timezone":"Africa/Algiers","modification_date":"2012-01-19"},{"geonameid":"2508309","name":"’Aïn Abid","asciiname":"'Ain Abid","alternatenames":["'Ain Abid","Aine Abid","Aïne Abid","’Aïn Abid"],"latitude":"36.23194","longitude":"6.94333","feature_class":"P","feature_code":"PPL","country_code":"DZ","cc2":"","admin1_code":"04","admin2_code":"","admin3_code":"","admin4_code":"","population":"29486","elevation":"","dem":"868","timezone":"Africa/Algiers","modification_date":"2012-01-19"}]}