{"region_data":{"countryId":"2589581","adminCode1":"36","countryName":"Algeria","fclName":"country, state, region,...","countryCode":"DZ","lng":"-1.08333","fcodeName":"first-order administrative division","toponymName":"Wilaya de Aïn Temouchent","fcl":"A","name":"Wilaya de Aïn Temouchent","fcode":"ADM1","geonameId":2507899,"lat":"35.33333","adminName1":"Aïn Temouchent","population":371239},"country_data":{"ISO":"DZ","ISO3":"DZA","ISO_Numeric":"012","fips":"AG","country":"Algeria","capital":"Algiers","area":"2381740","Population":"34586184","Continent":"AF","tld":".dz","CurrencyCode":"DZD","CurrencyName":"Dinar","Phone":"213","Postal_Code_Format":"#####","Postal_Code_Regex":"^(\\d{5})$","Languages":"ar-DZ","geonameid":"2589581","neighbours":"NE,EH,LY,MR,TN,MA,ML","EquivalentFipsCode":""},"cities":[{"geonameid":"2494554","name":"Hammam Bou Hadjar","asciiname":"Hammam Bou Hadjar","alternatenames":["Hammam Bou Hadjar","Hamman Bou Habjar","Hommam Bou Hadjar"],"latitude":"35.37889","longitude":"-0.96778","feature_class":"P","feature_code":"PPL","country_code":"DZ","cc2":"","admin1_code":"36","admin2_code":"","admin3_code":"","admin4_code":"","population":"35896","elevation":"","dem":"148","timezone":"Africa/Algiers","modification_date":"2012-01-19"},{"geonameid":"2497714","name":"El Malah","asciiname":"El Malah","alternatenames":["El Malah","El Melah","Rio Salado","Zfissaf"],"latitude":"35.39137","longitude":"-1.09238","feature_class":"P","feature_code":"PPL","country_code":"DZ","cc2":"","admin1_code":"36","admin2_code":"","admin3_code":"","admin4_code":"","population":"19415","elevation":"","dem":"84","timezone":"Africa/Algiers","modification_date":"2012-01-19"},{"geonameid":"2498704","name":"El Amria","asciiname":"El Amria","alternatenames":["El Amiria","El Amria","Lourmel","Lurmel"],"latitude":"35.52439","longitude":"-1.01577","feature_class":"P","feature_code":"PPL","country_code":"DZ","cc2":"","admin1_code":"36","admin2_code":"","admin3_code":"","admin4_code":"","population":"26407","elevation":"","dem":"101","timezone":"Africa/Algiers","modification_date":"2012-01-19"},{"geonameid":"2504581","name":"Beni Saf","asciiname":"Beni Saf","alternatenames":["Beni Saf","Beni Sat"],"latitude":"35.30099","longitude":"-1.38226","feature_class":"P","feature_code":"PPL","country_code":"DZ","cc2":"","admin1_code":"36","admin2_code":"","admin3_code":"","admin4_code":"","population":"46382","elevation":"","dem":"35","timezone":"Africa/Algiers","modification_date":"2012-01-19"},{"geonameid":"2507901","name":"Aïn Temouchent","asciiname":"Ain Temouchent","alternatenames":["Aebura","Ain Temonchent","Ain Temoucheni","Ain Temouchent","Ain Temushent","Aine Temouchent","Albulae","Aïn Temouchent","Aïn Témoucheni","Aïne Temouchent"],"latitude":"35.29749","longitude":"-1.14037","feature_class":"P","feature_code":"PPLA","country_code":"DZ","cc2":"","admin1_code":"36","admin2_code":"","admin3_code":"","admin4_code":"","population":"57354","elevation":"","dem":"240","timezone":"Africa/Algiers","modification_date":"2015-07-03"}]}