{"region_data":{"countryId":"2589581","adminCode1":"19","countryName":"Algeria","fclName":"country, state, region,...","countryCode":"DZ","lng":"5.41667","fcodeName":"first-order administrative division","toponymName":"Wilaya de Biskra","fcl":"A","name":"Wilaya de Biskra","fcode":"ADM1","geonameId":2503822,"lat":"34.66667","adminName1":"Biskra","population":721356},"country_data":{"ISO":"DZ","ISO3":"DZA","ISO_Numeric":"012","fips":"AG","country":"Algeria","capital":"Algiers","area":"2381740","Population":"34586184","Continent":"AF","tld":".dz","CurrencyCode":"DZD","CurrencyName":"Dinar","Phone":"213","Postal_Code_Format":"#####","Postal_Code_Regex":"^(\\d{5})$","Languages":"ar-DZ","geonameid":"2589581","neighbours":"NE,EH,LY,MR,TN,MA,ML","EquivalentFipsCode":""},"cities":[{"geonameid":"2474506","name":"Zeribet el Oued","asciiname":"Zeribet el Oued","alternatenames":["Zeribet el Oued","Zribet el Oued"],"latitude":"34.68284","longitude":"6.51109","feature_class":"P","feature_code":"PPL","country_code":"DZ","cc2":"","admin1_code":"19","admin2_code":"","admin3_code":"","admin4_code":"","population":"23187","elevation":"","dem":"47","timezone":"Africa/Algiers","modification_date":"2012-01-19"},{"geonameid":"2475612","name":"Tolga","asciiname":"Tolga","alternatenames":["Tolga","Толга"],"latitude":"34.72224","longitude":"5.37845","feature_class":"P","feature_code":"PPL","country_code":"DZ","cc2":"","admin1_code":"19","admin2_code":"","admin3_code":"","admin4_code":"","population":"68246","elevation":"","dem":"161","timezone":"Africa/Algiers","modification_date":"2012-01-19"},{"geonameid":"2479916","name":"Sidi Okba","asciiname":"Sidi Okba","alternatenames":["Sidi Okba"],"latitude":"34.74512","longitude":"5.89833","feature_class":"P","feature_code":"PPL","country_code":"DZ","cc2":"","admin1_code":"19","admin2_code":"","admin3_code":"","admin4_code":"","population":"34985","elevation":"","dem":"53","timezone":"Africa/Algiers","modification_date":"2012-01-19"},{"geonameid":"2480368","name":"Sidi Khaled","asciiname":"Sidi Khaled","alternatenames":["Sidi Khaled","Sidi Kraled"],"latitude":"34.387","longitude":"4.98785","feature_class":"P","feature_code":"PPL","country_code":"DZ","cc2":"","admin1_code":"19","admin2_code":"","admin3_code":"","admin4_code":"","population":"64476","elevation":"","dem":"204","timezone":"Africa/Algiers","modification_date":"2012-01-19"},{"geonameid":"2484738","name":"Oumache","asciiname":"Oumache","alternatenames":["Oumach","Oumache","Umash"],"latitude":"34.69292","longitude":"5.68092","feature_class":"P","feature_code":"PPL","country_code":"DZ","cc2":"","admin1_code":"19","admin2_code":"","admin3_code":"","admin4_code":"","population":"10424","elevation":"","dem":"54","timezone":"Africa/Algiers","modification_date":"2012-01-19"},{"geonameid":"2503826","name":"Biskra","asciiname":"Biskra","alternatenames":["BSK","Biskira","Biskra","Briskra","Tibeskert","bi si ke la","bisakra","biseukeula","bisukura","bskrh","bskrt","wlayt bskrt","Бискра","Біскра","بسكرة","بسکره","بسکرہ","ولاية بسكرة","বিসক্রা","ビスクラ","比斯克拉","비스크라"],"latitude":"34.85038","longitude":"5.72805","feature_class":"P","feature_code":"PPLA","country_code":"DZ","cc2":"","admin1_code":"19","admin2_code":"","admin3_code":"","admin4_code":"","population":"307987","elevation":"","dem":"115","timezone":"Africa/Algiers","modification_date":"2013-08-04"}]}