{"region_data":{"countryId":"2589581","adminCode1":"24","countryName":"Algeria","fclName":"country, state, region,...","countryCode":"DZ","lng":"6","fcodeName":"first-order administrative division","toponymName":"Wilaya de Jijel","fcl":"A","name":"Wilaya de Jijel","fcode":"ADM1","geonameId":2492910,"lat":"36.75","adminName1":"Jijel","population":636948},"country_data":{"ISO":"DZ","ISO3":"DZA","ISO_Numeric":"012","fips":"AG","country":"Algeria","capital":"Algiers","area":"2381740","Population":"34586184","Continent":"AF","tld":".dz","CurrencyCode":"DZD","CurrencyName":"Dinar","Phone":"213","Postal_Code_Format":"#####","Postal_Code_Regex":"^(\\d{5})$","Languages":"ar-DZ","geonameid":"2589581","neighbours":"NE,EH,LY,MR,TN,MA,ML","EquivalentFipsCode":""},"cities":[{"geonameid":"2492913","name":"Jijel","asciiname":"Jijel","alternatenames":["Djedjelli","Djidjelli","Dzhidzhel'","Dzidzelis","Dzidzili","Dżidżili","Džidželis","GJL","Giger","Gíger","Igilgili","Jijelli","ji jie lei","jijeru","jyjl","jyjl  aljzayr","Джиджель","جيجل","جیجل","جیجل، الجزایر","ジジェル","吉杰勒"],"latitude":"36.82055","longitude":"5.76671","feature_class":"P","feature_code":"PPLA","country_code":"DZ","cc2":"","admin1_code":"24","admin2_code":"","admin3_code":"","admin4_code":"","population":"148000","elevation":"","dem":"9","timezone":"Africa/Algiers","modification_date":"2013-08-04"}]}