{"region_data":{"countryId":"2589581","adminCode1":"14","countryName":"Algeria","fclName":"country, state, region,...","countryCode":"DZ","lng":"4.25","fcodeName":"first-order administrative division","toponymName":"Wilaya de Tizi Ouzou","fcl":"A","name":"Wilaya de Tizi Ouzou","fcode":"ADM1","geonameId":2475741,"lat":"36.75","adminName1":"Tizi Ouzou","population":1127608},"country_data":{"ISO":"DZ","ISO3":"DZA","ISO_Numeric":"012","fips":"AG","country":"Algeria","capital":"Algiers","area":"2381740","Population":"34586184","Continent":"AF","tld":".dz","CurrencyCode":"DZD","CurrencyName":"Dinar","Phone":"213","Postal_Code_Format":"#####","Postal_Code_Regex":"^(\\d{5})$","Languages":"ar-DZ","geonameid":"2589581","neighbours":"NE,EH,LY,MR,TN,MA,ML","EquivalentFipsCode":""},"cities":[{"geonameid":"2475740","name":"Tizi Rached","asciiname":"Tizi Rached","alternatenames":["Tizi Rached"],"latitude":"36.67176","longitude":"4.19176","feature_class":"P","feature_code":"PPL","country_code":"DZ","cc2":"","admin1_code":"14","admin2_code":"","admin3_code":"","admin4_code":"","population":"17872","elevation":"","dem":"405","timezone":"Africa/Algiers","modification_date":"2012-01-19"},{"geonameid":"2475744","name":"Tizi Ouzou","asciiname":"Tizi Ouzou","alternatenames":["QZI","Tizi Ouzou","Tizi Uzu","Tizi Wuzu","Tizi-Ouzou","Tizi-Uzu","ti ji wu zu","tijiuju","tyzy wzw","Тизи Узу","Тизи-Узу","تيزي وزو","تیزی وزو","提济乌祖","티지우주"],"latitude":"36.71182","longitude":"4.04591","feature_class":"P","feature_code":"PPLA","country_code":"DZ","cc2":"","admin1_code":"14","admin2_code":"","admin3_code":"","admin4_code":"","population":"144000","elevation":"","dem":"206","timezone":"Africa/Algiers","modification_date":"2013-08-04"},{"geonameid":"2475752","name":"Tizi-n-Tleta","asciiname":"Tizi-n-Tleta","alternatenames":[""],"latitude":"36.54569","longitude":"4.05712","feature_class":"P","feature_code":"PPL","country_code":"DZ","cc2":"","admin1_code":"14","admin2_code":"","admin3_code":"","admin4_code":"","population":"22404","elevation":"","dem":"483","timezone":"Africa/Algiers","modification_date":"2011-04-19"},{"geonameid":"2475921","name":"Tirmitine","asciiname":"Tirmitine","alternatenames":["Tirmitine"],"latitude":"36.65393","longitude":"3.98143","feature_class":"P","feature_code":"PPL","country_code":"DZ","cc2":"","admin1_code":"14","admin2_code":"","admin3_code":"","admin4_code":"","population":"26261","elevation":"","dem":"532","timezone":"Africa/Algiers","modification_date":"2012-01-19"},{"geonameid":"2476396","name":"Timizart","asciiname":"Timizart","alternatenames":["Timizart"],"latitude":"36.8","longitude":"4.26667","feature_class":"P","feature_code":"PPL","country_code":"DZ","cc2":"","admin1_code":"14","admin2_code":"","admin3_code":"","admin4_code":"","population":"41158","elevation":"","dem":"312","timezone":"Africa/Algiers","modification_date":"2012-01-19"},{"geonameid":"2488500","name":"Mekla","asciiname":"Mekla","alternatenames":["Mekla"],"latitude":"36.68178","longitude":"4.26378","feature_class":"P","feature_code":"PPL","country_code":"DZ","cc2":"","admin1_code":"14","admin2_code":"","admin3_code":"","admin4_code":"","population":"29560","elevation":"","dem":"325","timezone":"Africa/Algiers","modification_date":"2012-01-19"},{"geonameid":"2491042","name":"L’Arbaa Naït Irathen","asciiname":"L'Arbaa Nait Irathen","alternatenames":["Fort National","L'Arbaa Irathen Nait","L'Arbaa Nait Irathen","Larbaa Nath Iraten","L’Arbaa Irathen Naït","L’Arbaa Naït Irathen"],"latitude":"36.63112","longitude":"4.19864","feature_class":"P","feature_code":"PPL","country_code":"DZ","cc2":"","admin1_code":"14","admin2_code":"","admin3_code":"","admin4_code":"","population":"30609","elevation":"","dem":"710","timezone":"Africa/Algiers","modification_date":"2012-01-19"},{"geonameid":"2493605","name":"Ighram","asciiname":"Ighram","alternatenames":["Ighram","Irhram"],"latitude":"36.46295","longitude":"4.50532","feature_class":"P","feature_code":"PPL","country_code":"DZ","cc2":"","admin1_code":"14","admin2_code":"","admin3_code":"","admin4_code":"","population":"15030","elevation":"","dem":"334","timezone":"Africa/Algiers","modification_date":"2012-01-19"},{"geonameid":"2496241","name":"Freha","asciiname":"Freha","alternatenames":["Freda","Freha"],"latitude":"36.75234","longitude":"4.3155","feature_class":"P","feature_code":"PPL","country_code":"DZ","cc2":"","admin1_code":"14","admin2_code":"","admin3_code":"","admin4_code":"","population":"31068","elevation":"","dem":"170","timezone":"Africa/Algiers","modification_date":"2012-01-19"},{"geonameid":"2501508","name":"Chemini","asciiname":"Chemini","alternatenames":["Azerou Ait Chemini","Azerou Aït Chemini","Azrou-n-Ait Chemini","Azrou-n-Aït Chemini","Chemini"],"latitude":"36.6","longitude":"4.61667","feature_class":"P","feature_code":"PPL","country_code":"DZ","cc2":"","admin1_code":"14","admin2_code":"","admin3_code":"","admin4_code":"","population":"21585","elevation":"","dem":"852","timezone":"Africa/Algiers","modification_date":"2012-01-19"},{"geonameid":"2503237","name":"Boudjima","asciiname":"Boudjima","alternatenames":["Boudjima"],"latitude":"36.80218","longitude":"4.15187","feature_class":"P","feature_code":"PPL","country_code":"DZ","cc2":"","admin1_code":"14","admin2_code":"","admin3_code":"","admin4_code":"","population":"20557","elevation":"","dem":"295","timezone":"Africa/Algiers","modification_date":"2012-01-19"},{"geonameid":"2503755","name":"Boghni","asciiname":"Boghni","alternatenames":["Boghari","Boghni","Borhni"],"latitude":"36.54222","longitude":"3.95306","feature_class":"P","feature_code":"PPL","country_code":"DZ","cc2":"","admin1_code":"14","admin2_code":"","admin3_code":"","admin4_code":"","population":"54666","elevation":"","dem":"249","timezone":"Africa/Algiers","modification_date":"2012-01-19"},{"geonameid":"2504703","name":"Beni Douala","asciiname":"Beni Douala","alternatenames":["Beni Douala","Beni Doula"],"latitude":"36.61954","longitude":"4.08282","feature_class":"P","feature_code":"PPL","country_code":"DZ","cc2":"","admin1_code":"14","admin2_code":"","admin3_code":"","admin4_code":"","population":"33611","elevation":"","dem":"804","timezone":"Africa/Algiers","modification_date":"2012-01-19"},{"geonameid":"2506043","name":"Azazga","asciiname":"Azazga","alternatenames":["Agagza","Agazza","Azazga","ZZA"],"latitude":"36.74472","longitude":"4.37222","feature_class":"P","feature_code":"PPL","country_code":"DZ","cc2":"","admin1_code":"14","admin2_code":"","admin3_code":"","admin4_code":"","population":"40623","elevation":"","dem":"435","timezone":"Africa/Algiers","modification_date":"2012-01-19"},{"geonameid":"2506519","name":"Arhribs","asciiname":"Arhribs","alternatenames":["Aghribs","Arhribs"],"latitude":"36.79361","longitude":"4.31158","feature_class":"P","feature_code":"PPL","country_code":"DZ","cc2":"","admin1_code":"14","admin2_code":"","admin3_code":"","admin4_code":"","population":"23958","elevation":"","dem":"375","timezone":"Africa/Algiers","modification_date":"2012-01-19"},{"geonameid":"2508152","name":"’Aïn el Hammam","asciiname":"'Ain el Hammam","alternatenames":["'Ain el Hammam","Ain El Hamman","Ain-el-Hamam","Aine el Hammam","Ajn-ehl'-Khammam","Aïn El Hamman","Aïn-el-Hamam","Aïne el Hammam","Michelet","Айн-эль-Хаммам","’Aïn el Hammam"],"latitude":"36.56471","longitude":"4.30619","feature_class":"P","feature_code":"PPL","country_code":"DZ","cc2":"","admin1_code":"14","admin2_code":"","admin3_code":"","admin4_code":"","population":"28029","elevation":"","dem":"841","timezone":"Africa/Algiers","modification_date":"2012-01-19"}]}