{"region_data":{"countryId":"2589581","adminCode1":"47","countryName":"Algeria","fclName":"country, state, region,...","countryCode":"DZ","lng":"7","fcodeName":"first-order administrative division","toponymName":"Wilaya de Khenchela","fcl":"A","name":"Wilaya de Khenchela","fcode":"ADM1","geonameId":2491887,"lat":"35","adminName1":"Khenchela","population":386683},"country_data":{"ISO":"DZ","ISO3":"DZA","ISO_Numeric":"012","fips":"AG","country":"Algeria","capital":"Algiers","area":"2381740","Population":"34586184","Continent":"AF","tld":".dz","CurrencyCode":"DZD","CurrencyName":"Dinar","Phone":"213","Postal_Code_Format":"#####","Postal_Code_Regex":"^(\\d{5})$","Languages":"ar-DZ","geonameid":"2589581","neighbours":"NE,EH,LY,MR,TN,MA,ML","EquivalentFipsCode":""},"cities":[{"geonameid":"2491889","name":"Khenchela","asciiname":"Khenchela","alternatenames":["Khenchela","Krenchela","QKJ","khnshlt","خنشلة"],"latitude":"35.43583","longitude":"7.14333","feature_class":"P","feature_code":"PPLA","country_code":"DZ","cc2":"","admin1_code":"47","admin2_code":"","admin3_code":"","admin4_code":"","population":"117000","elevation":"","dem":"1128","timezone":"Africa/Algiers","modification_date":"2013-08-04"}]}