{"region_data":{"countryId":"2589581","adminCode1":"54","countryName":"Algeria","fclName":"country, state, region,...","countryCode":"DZ","lng":"-5.83333","fcodeName":"first-order administrative division","toponymName":"Wilaya de Tindouf","fcl":"A","name":"Wilaya de Tindouf","fcode":"ADM1","geonameId":2476302,"lat":"27.41667","adminName1":"Tindouf","population":49149},"country_data":{"ISO":"DZ","ISO3":"DZA","ISO_Numeric":"012","fips":"AG","country":"Algeria","capital":"Algiers","area":"2381740","Population":"34586184","Continent":"AF","tld":".dz","CurrencyCode":"DZD","CurrencyName":"Dinar","Phone":"213","Postal_Code_Format":"#####","Postal_Code_Regex":"^(\\d{5})$","Languages":"ar-DZ","geonameid":"2589581","neighbours":"NE,EH,LY,MR,TN,MA,ML","EquivalentFipsCode":""},"cities":[{"geonameid":"2476301","name":"Tindouf","asciiname":"Tindouf","alternatenames":["Provinsi Tindouf","TIN","Tindouf","Tinduf","Tindufas","Tindúf","tindo~ufu","tindupeu","ting du fu","tndwf","Тиндуф","تندوف","ティンドゥフ","廷杜夫","틴두프"],"latitude":"27.67111","longitude":"-8.14743","feature_class":"P","feature_code":"PPLA","country_code":"DZ","cc2":"","admin1_code":"54","admin2_code":"","admin3_code":"","admin4_code":"","population":"45966","elevation":"","dem":"402","timezone":"Africa/Algiers","modification_date":"2013-08-04"}]}