{"region_data":{"countryId":"2589581","adminCode1":"48","countryName":"Algeria","fclName":"country, state, region,...","countryCode":"DZ","lng":"6.16667","fcodeName":"first-order administrative division","toponymName":"Wilaya de Mila","fcl":"A","name":"Wilaya de Mila","fcode":"ADM1","geonameId":2487449,"lat":"36.41667","adminName1":"Mila","population":766886},"country_data":{"ISO":"DZ","ISO3":"DZA","ISO_Numeric":"012","fips":"AG","country":"Algeria","capital":"Algiers","area":"2381740","Population":"34586184","Continent":"AF","tld":".dz","CurrencyCode":"DZD","CurrencyName":"Dinar","Phone":"213","Postal_Code_Format":"#####","Postal_Code_Regex":"^(\\d{5})$","Languages":"ar-DZ","geonameid":"2589581","neighbours":"NE,EH,LY,MR,TN,MA,ML","EquivalentFipsCode":""},"cities":[{"geonameid":"2477255","name":"Telerghma","asciiname":"Telerghma","alternatenames":["Telerghma","Telergma"],"latitude":"36.11653","longitude":"6.35434","feature_class":"P","feature_code":"PPL","country_code":"DZ","cc2":"","admin1_code":"48","admin2_code":"","admin3_code":"","admin4_code":"","population":"51708","elevation":"","dem":"748","timezone":"Africa/Algiers","modification_date":"2012-01-19"},{"geonameid":"2480198","name":"Sidi Mérouane","asciiname":"Sidi Merouane","alternatenames":["Sidi Merouan","Sidi Merouane","Sidi Mérouane"],"latitude":"36.52056","longitude":"6.26111","feature_class":"P","feature_code":"PPL","country_code":"DZ","cc2":"","admin1_code":"48","admin2_code":"","admin3_code":"","admin4_code":"","population":"25129","elevation":"","dem":"289","timezone":"Africa/Algiers","modification_date":"2012-01-19"},{"geonameid":"2482939","name":"Rouached","asciiname":"Rouached","alternatenames":[""],"latitude":"36.45774","longitude":"6.04267","feature_class":"P","feature_code":"PPL","country_code":"DZ","cc2":"","admin1_code":"48","admin2_code":"","admin3_code":"","admin4_code":"","population":"40263","elevation":"","dem":"543","timezone":"Africa/Algiers","modification_date":"2011-04-19"},{"geonameid":"2487452","name":"Mila","asciiname":"Mila","alternatenames":["Mila"],"latitude":"36.45028","longitude":"6.26444","feature_class":"P","feature_code":"PPLA","country_code":"DZ","cc2":"","admin1_code":"48","admin2_code":"","admin3_code":"","admin4_code":"","population":"68831","elevation":"","dem":"470","timezone":"Africa/Algiers","modification_date":"2012-01-19"},{"geonameid":"2501541","name":"Chelghoum el Aïd","asciiname":"Chelghoum el Aid","alternatenames":["Chateaudun","Chateaudun de Rhumel","Chateaudun-du Rummel","Chateaudun-du-Rhumel","Chateaudun-du-Rhummel","Chelghoum el Aid","Chelghoum el Aïd","Châteaudun","Châteaudun de Rhumel","Châteaudun-du Rummel","Châteaudun-du-Rhumel","Châteaudun-du-Rhummel","Ghelghoum Elaid","Ghelghoum Elaïd","Ghelgoum Elaid","Ghelgoum Elaïd"],"latitude":"36.16286","longitude":"6.16651","feature_class":"P","feature_code":"PPL","country_code":"DZ","cc2":"","admin1_code":"48","admin2_code":"","admin3_code":"","admin4_code":"","population":"71660","elevation":"","dem":"766","timezone":"Africa/Algiers","modification_date":"2012-01-19"}]}