{"region_data":{"countryId":"2589581","adminCode1":"27","countryName":"Algeria","fclName":"country, state, region,...","countryCode":"DZ","lng":"4.33333","fcodeName":"first-order administrative division","toponymName":"Wilaya de M’Sila","fcl":"A","name":"Wilaya de M’Sila","fcode":"ADM1","geonameId":2486682,"lat":"35.33333","adminName1":"Mʼsila","population":990591},"country_data":{"ISO":"DZ","ISO3":"DZA","ISO_Numeric":"012","fips":"AG","country":"Algeria","capital":"Algiers","area":"2381740","Population":"34586184","Continent":"AF","tld":".dz","CurrencyCode":"DZD","CurrencyName":"Dinar","Phone":"213","Postal_Code_Format":"#####","Postal_Code_Regex":"^(\\d{5})$","Languages":"ar-DZ","geonameid":"2589581","neighbours":"NE,EH,LY,MR,TN,MA,ML","EquivalentFipsCode":""},"cities":[{"geonameid":"2481246","name":"Sidi Aïssa","asciiname":"Sidi Aissa","alternatenames":["Sid Aissa","Sid Aïssa","Sidi Aissa","Sidi Aïssa","Sidi-Aissa","Сиди-Аисса"],"latitude":"35.88548","longitude":"3.77236","feature_class":"P","feature_code":"PPL","country_code":"DZ","cc2":"","admin1_code":"27","admin2_code":"","admin3_code":"","admin4_code":"","population":"69740","elevation":"","dem":"662","timezone":"Africa/Algiers","modification_date":"2012-01-19"},{"geonameid":"2486690","name":"M’Sila","asciiname":"M'Sila","alternatenames":["M'Sila","MSila","M’Sila","ZZS","almsylt","المسيلة"],"latitude":"35.70583","longitude":"4.54194","feature_class":"P","feature_code":"PPLA","country_code":"DZ","cc2":"","admin1_code":"27","admin2_code":"","admin3_code":"","admin4_code":"","population":"100000","elevation":"","dem":"477","timezone":"Africa/Algiers","modification_date":"2013-08-04"},{"geonameid":"2508130","name":"’Aïn el Melh","asciiname":"'Ain el Melh","alternatenames":["'Ain el Melh","Ain Melah","Ain Melh","Ain Mellah","Aine Melah","Ajn-ehl'-Mel'kh","Aïn Melah","Aïn Melh","Aïne Melah","Айн-эль-Мельх","’Aïn el Melh"],"latitude":"34.84146","longitude":"4.16383","feature_class":"P","feature_code":"PPL","country_code":"DZ","cc2":"","admin1_code":"27","admin2_code":"","admin3_code":"","admin4_code":"","population":"39798","elevation":"","dem":"930","timezone":"Africa/Algiers","modification_date":"2012-01-19"},{"geonameid":"2508157","name":"‘Aïn el Hadjel","asciiname":"`Ain el Hadjel","alternatenames":["Ain el Hadjel","Aine el Hadjel","Aïne el Hadjel","Selamate","`Ain el Hadjel","‘Aïn el Hadjel"],"latitude":"35.67003","longitude":"3.88153","feature_class":"P","feature_code":"PPL","country_code":"DZ","cc2":"","admin1_code":"27","admin2_code":"","admin3_code":"","admin4_code":"","population":"42527","elevation":"","dem":"544","timezone":"Africa/Algiers","modification_date":"2012-01-19"}]}