{"region_data":{"countryId":"2589581","adminCode1":"51","countryName":"Algeria","fclName":"country, state, region,...","countryCode":"DZ","lng":"0.91667","fcodeName":"first-order administrative division","toponymName":"Wilaya de Relizane","fcl":"A","name":"Wilaya de Relizane","fcode":"ADM1","geonameId":2483666,"lat":"35.75","adminName1":"Relizane","population":726180},"country_data":{"ISO":"DZ","ISO3":"DZA","ISO_Numeric":"012","fips":"AG","country":"Algeria","capital":"Algiers","area":"2381740","Population":"34586184","Continent":"AF","tld":".dz","CurrencyCode":"DZD","CurrencyName":"Dinar","Phone":"213","Postal_Code_Format":"#####","Postal_Code_Regex":"^(\\d{5})$","Languages":"ar-DZ","geonameid":"2589581","neighbours":"NE,EH,LY,MR,TN,MA,ML","EquivalentFipsCode":""},"cities":[{"geonameid":"2474638","name":"Zemoura","asciiname":"Zemoura","alternatenames":["Zemmora","Zemoura"],"latitude":"35.72251","longitude":"0.75509","feature_class":"P","feature_code":"PPL","country_code":"DZ","cc2":"","admin1_code":"51","admin2_code":"","admin3_code":"","admin4_code":"","population":"21770","elevation":"","dem":"288","timezone":"Africa/Algiers","modification_date":"2012-01-19"},{"geonameid":"2483668","name":"Relizane","asciiname":"Relizane","alternatenames":["Ighil Izane","Prowincja Relizane","QZN","Relizan","Relizane","ghlyzan","wlayt ghlyzan","غلیزان","ولاية غليزان"],"latitude":"35.73734","longitude":"0.55599","feature_class":"P","feature_code":"PPLA","country_code":"DZ","cc2":"","admin1_code":"51","admin2_code":"","admin3_code":"","admin4_code":"","population":"130094","elevation":"","dem":"98","timezone":"Africa/Algiers","modification_date":"2013-08-04"},{"geonameid":"2485582","name":"Oued Rhiou","asciiname":"Oued Rhiou","alternatenames":["Inkermann","Oued Rhiou","Oued Riou","QOU"],"latitude":"35.96124","longitude":"0.91896","feature_class":"P","feature_code":"PPL","country_code":"DZ","cc2":"","admin1_code":"51","admin2_code":"","admin3_code":"","admin4_code":"","population":"59864","elevation":"","dem":"97","timezone":"Africa/Algiers","modification_date":"2012-01-19"},{"geonameid":"2489987","name":"Mazouna","asciiname":"Mazouna","alternatenames":["Mazouna"],"latitude":"36.12232","longitude":"0.89865","feature_class":"P","feature_code":"PPL","country_code":"DZ","cc2":"","admin1_code":"51","admin2_code":"","admin3_code":"","admin4_code":"","population":"22366","elevation":"","dem":"342","timezone":"Africa/Algiers","modification_date":"2012-01-19"},{"geonameid":"2492920","name":"Djidiouia","asciiname":"Djidiouia","alternatenames":["Djidioua","Djidiouia","Djidjiouia","Jdiouia","Saint-Aime","Saint-Aimé"],"latitude":"35.92989","longitude":"0.82871","feature_class":"P","feature_code":"PPL","country_code":"DZ","cc2":"","admin1_code":"51","admin2_code":"","admin3_code":"","admin4_code":"","population":"31996","elevation":"","dem":"70","timezone":"Africa/Algiers","modification_date":"2012-01-19"},{"geonameid":"2507155","name":"Ammi Moussa","asciiname":"Ammi Moussa","alternatenames":["Ammi Moussa"],"latitude":"35.86781","longitude":"1.11143","feature_class":"P","feature_code":"PPL","country_code":"DZ","cc2":"","admin1_code":"51","admin2_code":"","admin3_code":"","admin4_code":"","population":"23001","elevation":"","dem":"157","timezone":"Africa/Algiers","modification_date":"2012-01-19"},{"geonameid":"2508010","name":"’Aïn Merane","asciiname":"'Ain Merane","alternatenames":["'Ain Merane","Aine Merane","Aïne Merane","Rabelais","دائرة عين مران","’Aïn Merane"],"latitude":"36.16277","longitude":"0.97037","feature_class":"P","feature_code":"PPL","country_code":"DZ","cc2":"","admin1_code":"51","admin2_code":"","admin3_code":"","admin4_code":"","population":"34413","elevation":"","dem":"504","timezone":"Africa/Algiers","modification_date":"2012-10-17"}]}