{"region_data":{"countryId":"2589581","adminCode1":"56","countryName":"Algeria","fclName":"country, state, region,...","countryCode":"DZ","lng":"1.75","fcodeName":"first-order administrative division","toponymName":"Wilaya de Tissemsilt","fcl":"A","name":"Wilaya de Tissemsilt","fcode":"ADM1","geonameId":2475858,"lat":"35.75","adminName1":"Tissemsilt","population":294476},"country_data":{"ISO":"DZ","ISO3":"DZA","ISO_Numeric":"012","fips":"AG","country":"Algeria","capital":"Algiers","area":"2381740","Population":"34586184","Continent":"AF","tld":".dz","CurrencyCode":"DZD","CurrencyName":"Dinar","Phone":"213","Postal_Code_Format":"#####","Postal_Code_Regex":"^(\\d{5})$","Languages":"ar-DZ","geonameid":"2589581","neighbours":"NE,EH,LY,MR,TN,MA,ML","EquivalentFipsCode":""},"cities":[{"geonameid":"2475860","name":"Tissemsilt","asciiname":"Tissemsilt","alternatenames":["Tissemsil","Tissemsilt","Vialar","tsmsylt","تسمسيلت"],"latitude":"35.60722","longitude":"1.81081","feature_class":"P","feature_code":"PPLA","country_code":"DZ","cc2":"","admin1_code":"56","admin2_code":"","admin3_code":"","admin4_code":"","population":"61155","elevation":"","dem":"866","timezone":"Africa/Algiers","modification_date":"2013-08-04"},{"geonameid":"2479203","name":"Lardjem","asciiname":"Lardjem","alternatenames":[""],"latitude":"35.74922","longitude":"1.54778","feature_class":"P","feature_code":"PPL","country_code":"DZ","cc2":"","admin1_code":"56","admin2_code":"","admin3_code":"","admin4_code":"","population":"30000","elevation":"","dem":"552","timezone":"Africa/Algiers","modification_date":"2015-03-01"}]}