{"region_data":{"countryId":"2589581","adminCode1":"31","countryName":"Algeria","fclName":"country, state, region,...","countryCode":"DZ","lng":"6.83333","fcodeName":"first-order administrative division","toponymName":"Wilaya de Skikda","fcl":"A","name":"Wilaya de Skikda","fcode":"ADM1","geonameId":2479532,"lat":"36.75","adminName1":"Skikda","population":898680},"country_data":{"ISO":"DZ","ISO3":"DZA","ISO_Numeric":"012","fips":"AG","country":"Algeria","capital":"Algiers","area":"2381740","Population":"34586184","Continent":"AF","tld":".dz","CurrencyCode":"DZD","CurrencyName":"Dinar","Phone":"213","Postal_Code_Format":"#####","Postal_Code_Regex":"^(\\d{5})$","Languages":"ar-DZ","geonameid":"2589581","neighbours":"NE,EH,LY,MR,TN,MA,ML","EquivalentFipsCode":""},"cities":[{"geonameid":"2478226","name":"Tamalous","asciiname":"Tamalous","alternatenames":["Tamalous"],"latitude":"36.83763","longitude":"6.64018","feature_class":"P","feature_code":"PPL","country_code":"DZ","cc2":"","admin1_code":"31","admin2_code":"","admin3_code":"","admin4_code":"","population":"32579","elevation":"","dem":"65","timezone":"Africa/Algiers","modification_date":"2012-01-19"},{"geonameid":"2479536","name":"Skikda","asciiname":"Skikda","alternatenames":["Gorad Skikda","Philippeville","Phillippville","SKI","Skikda","Sukajkida","seukigda","si ji ke da","skikada","skykdt","Горад Скікда","Скикда","Скикда қаласы","Скікда","سكيكدة","سکیکدہ","ولاية سعيدة","স্কিকদা","斯基克达","스킥다"],"latitude":"36.87617","longitude":"6.90921","feature_class":"P","feature_code":"PPLA","country_code":"DZ","cc2":"","admin1_code":"31","admin2_code":"","admin3_code":"","admin4_code":"","population":"162702","elevation":"","dem":"24","timezone":"Africa/Algiers","modification_date":"2012-01-19"},{"geonameid":"2492345","name":"Kerkera","asciiname":"Kerkera","alternatenames":["El Achra","Kerkera"],"latitude":"36.92917","longitude":"6.58556","feature_class":"P","feature_code":"PPL","country_code":"DZ","cc2":"","admin1_code":"31","admin2_code":"","admin3_code":"","admin4_code":"","population":"46747","elevation":"","dem":"39","timezone":"Africa/Algiers","modification_date":"2012-01-19"},{"geonameid":"2505915","name":"Azzaba","asciiname":"Azzaba","alternatenames":["Azzaba","Jemmapes"],"latitude":"36.73944","longitude":"7.10528","feature_class":"P","feature_code":"PPL","country_code":"DZ","cc2":"","admin1_code":"31","admin2_code":"","admin3_code":"","admin4_code":"","population":"75317","elevation":"","dem":"99","timezone":"Africa/Algiers","modification_date":"2012-01-19"}]}