{"region_data":{"countryId":"2589581","adminCode1":"50","countryName":"Algeria","fclName":"country, state, region,...","countryCode":"DZ","lng":"6.16667","fcodeName":"first-order administrative division","toponymName":"Wilaya de Ouargla","fcl":"A","name":"Wilaya de Ouargla","fcode":"ADM1","geonameId":2485794,"lat":"30.5","adminName1":"Ouargla","population":558558},"country_data":{"ISO":"DZ","ISO3":"DZA","ISO_Numeric":"012","fips":"AG","country":"Algeria","capital":"Algiers","area":"2381740","Population":"34586184","Continent":"AF","tld":".dz","CurrencyCode":"DZD","CurrencyName":"Dinar","Phone":"213","Postal_Code_Format":"#####","Postal_Code_Regex":"^(\\d{5})$","Languages":"ar-DZ","geonameid":"2589581","neighbours":"NE,EH,LY,MR,TN,MA,ML","EquivalentFipsCode":""},"cities":[{"geonameid":"2475475","name":"Touggourt","asciiname":"Touggourt","alternatenames":["TGR","Touggourt","Tougourt","Tuggurt","Tugurtas","Tukkurt","to~ugura","tqrt","tqwrt  aljzayr","tu gu er te","tuguleuteu","Туггурт","Туггурт қаласы","تقرت","تقورت، الجزایر","トゥーグラ","图古尔特","투구르트"],"latitude":"33.10527","longitude":"6.05796","feature_class":"P","feature_code":"PPL","country_code":"DZ","cc2":"","admin1_code":"50","admin2_code":"","admin3_code":"","admin4_code":"","population":"49044","elevation":"","dem":"72","timezone":"Africa/Algiers","modification_date":"2012-01-19"},{"geonameid":"2477462","name":"Tebesbest","asciiname":"Tebesbest","alternatenames":["Tebesbest"],"latitude":"33.11667","longitude":"6.08333","feature_class":"P","feature_code":"PPL","country_code":"DZ","cc2":"","admin1_code":"50","admin2_code":"","admin3_code":"","admin4_code":"","population":"41091","elevation":"","dem":"70","timezone":"Africa/Algiers","modification_date":"2012-01-19"},{"geonameid":"2481058","name":"Sidi Amrane","asciiname":"Sidi Amrane","alternatenames":["Sidi Amrane"],"latitude":"33.49885","longitude":"6.00803","feature_class":"P","feature_code":"PPL","country_code":"DZ","cc2":"","admin1_code":"50","admin2_code":"","admin3_code":"","admin4_code":"","population":"29734","elevation":"","dem":"45","timezone":"Africa/Algiers","modification_date":"2012-01-19"},{"geonameid":"2482886","name":"Rouissat","asciiname":"Rouissat","alternatenames":["Rouissat"],"latitude":"31.92427","longitude":"5.35018","feature_class":"P","feature_code":"PPL","country_code":"DZ","cc2":"","admin1_code":"50","admin2_code":"","admin3_code":"","admin4_code":"","population":"80784","elevation":"","dem":"138","timezone":"Africa/Algiers","modification_date":"2012-01-19"},{"geonameid":"2485801","name":"Ouargla","asciiname":"Ouargla","alternatenames":["OGX","Ouargla","Quargla","Uargla","Warkala","Warqla","ualeugeulla","wa er ge la","war kla","warugura","wrqlh  aljzayr","wrqlt","Уаргла","Уаргла қаласы","ورقلة","ورقله، الجزایر","ورقلہ","วาร์กลา","ワルグラ","瓦尔格拉","우아르글라"],"latitude":"31.94932","longitude":"5.32502","feature_class":"P","feature_code":"PPLA","country_code":"DZ","cc2":"","admin1_code":"50","admin2_code":"","admin3_code":"","admin4_code":"","population":"129402","elevation":"","dem":"138","timezone":"Africa/Algiers","modification_date":"2010-08-03"},{"geonameid":"2488716","name":"Megarine","asciiname":"Megarine","alternatenames":["Megarine","Meggarine"],"latitude":"33.19195","longitude":"6.08695","feature_class":"P","feature_code":"PPL","country_code":"DZ","cc2":"","admin1_code":"50","admin2_code":"","admin3_code":"","admin4_code":"","population":"31711","elevation":"","dem":"68","timezone":"Africa/Algiers","modification_date":"2012-01-19"},{"geonameid":"2494029","name":"Hassi Messaoud","asciiname":"Hassi Messaoud","alternatenames":["HME","Hassi Messaoud","Khassi-Messaud","Хасси-Мессауд"],"latitude":"31.68041","longitude":"6.07286","feature_class":"P","feature_code":"PPL","country_code":"DZ","cc2":"","admin1_code":"50","admin2_code":"","admin3_code":"","admin4_code":"","population":"53000","elevation":"","dem":"152","timezone":"Africa/Algiers","modification_date":"2010-10-07"},{"geonameid":"2498172","name":"El Hadjira","asciiname":"El Hadjira","alternatenames":["El Hadjira"],"latitude":"32.61336","longitude":"5.51259","feature_class":"P","feature_code":"PPL","country_code":"DZ","cc2":"","admin1_code":"50","admin2_code":"","admin3_code":"","admin4_code":"","population":"39744","elevation":"","dem":"130","timezone":"Africa/Algiers","modification_date":"2012-01-19"},{"geonameid":"2500282","name":"Djamaa","asciiname":"Djamaa","alternatenames":["Djama","Djamaa","Djemaa","Djemâa","جامعة"],"latitude":"33.53388","longitude":"5.99306","feature_class":"P","feature_code":"PPL","country_code":"DZ","cc2":"","admin1_code":"50","admin2_code":"","admin3_code":"","admin4_code":"","population":"52882","elevation":"","dem":"40","timezone":"Africa/Algiers","modification_date":"2012-01-19"}]}