{"region_data":{"countryId":"2589581","adminCode1":"39","countryName":"Algeria","fclName":"country, state, region,...","countryCode":"DZ","lng":"4.75","fcodeName":"first-order administrative division","toponymName":"Wilaya de Bordj Bou Arréridj","fcl":"A","name":"Wilaya de Bordj Bou Arréridj","fcode":"ADM1","geonameId":2503699,"lat":"36.08333","adminName1":"Bordj Bou Arréridj","population":628475},"country_data":{"ISO":"DZ","ISO3":"DZA","ISO_Numeric":"012","fips":"AG","country":"Algeria","capital":"Algiers","area":"2381740","Population":"34586184","Continent":"AF","tld":".dz","CurrencyCode":"DZD","CurrencyName":"Dinar","Phone":"213","Postal_Code_Format":"#####","Postal_Code_Regex":"^(\\d{5})$","Languages":"ar-DZ","geonameid":"2589581","neighbours":"NE,EH,LY,MR,TN,MA,ML","EquivalentFipsCode":""},"cities":[{"geonameid":"2483936","name":"Râs el Oued","asciiname":"Ras el Oued","alternatenames":["Ras el Oued","Ras-ehl'-Uehd","Rass el Oued","Râs el Oued","Tocqueville","Рас-эль-Уэд"],"latitude":"35.9441","longitude":"5.03107","feature_class":"P","feature_code":"PPL","country_code":"DZ","cc2":"","admin1_code":"39","admin2_code":"","admin3_code":"","admin4_code":"","population":"56726","elevation":"","dem":"1102","timezone":"Africa/Algiers","modification_date":"2012-01-19"},{"geonameid":"2488202","name":"Melouza","asciiname":"Melouza","alternatenames":["Melouda","Melouza","Ouan Ougha","Souk el Tleta"],"latitude":"35.97999","longitude":"4.18665","feature_class":"P","feature_code":"PPL","country_code":"DZ","cc2":"","admin1_code":"39","admin2_code":"","admin3_code":"","admin4_code":"","population":"25701","elevation":"","dem":"936","timezone":"Africa/Algiers","modification_date":"2012-01-19"},{"geonameid":"2490180","name":"Mansourah","asciiname":"Mansourah","alternatenames":["Mansoura","Mansourah","Mansur","Мансур"],"latitude":"36.08725","longitude":"4.45192","feature_class":"P","feature_code":"PPL","country_code":"DZ","cc2":"","admin1_code":"39","admin2_code":"","admin3_code":"","admin4_code":"","population":"22117","elevation":"","dem":"667","timezone":"Africa/Algiers","modification_date":"2012-01-19"},{"geonameid":"2498766","name":"El Achir","asciiname":"El Achir","alternatenames":["El Achir"],"latitude":"36.06386","longitude":"4.62744","feature_class":"P","feature_code":"PPL","country_code":"DZ","cc2":"","admin1_code":"39","admin2_code":"","admin3_code":"","admin4_code":"","population":"158333","elevation":"","dem":"998","timezone":"Africa/Algiers","modification_date":"2012-01-19"},{"geonameid":"2503620","name":"Bordj Zemoura","asciiname":"Bordj Zemoura","alternatenames":["Bordj Zemoura","Zemmoura","Zemmours","Zemoura","Zemours"],"latitude":"36.27462","longitude":"4.85668","feature_class":"P","feature_code":"PPL","country_code":"DZ","cc2":"","admin1_code":"39","admin2_code":"","admin3_code":"","admin4_code":"","population":"19782","elevation":"","dem":"1043","timezone":"Africa/Algiers","modification_date":"2012-01-19"},{"geonameid":"2503654","name":"Bordj Ghdir","asciiname":"Bordj Ghdir","alternatenames":["Bordj Ghdir","Bordj R'dir","Bordj Redir","Bordj Rhedir","Bordj Rédir","Bordj R’dir"],"latitude":"35.90111","longitude":"4.89806","feature_class":"P","feature_code":"PPL","country_code":"DZ","cc2":"","admin1_code":"39","admin2_code":"","admin3_code":"","admin4_code":"","population":"34136","elevation":"","dem":"1088","timezone":"Africa/Algiers","modification_date":"2012-01-19"},{"geonameid":"2503701","name":"Bordj Bou Arreridj","asciiname":"Bordj Bou Arreridj","alternatenames":["Bordj Bou Arerridj","Bordj Bou Arreridj","Bordj-Bou-Arreridj","Borj Bu Arrerij","Burdz Bu Urajridz","Burdż Bu Urajridż","QBJ","brj bwʿryryj","برج بوعريريج"],"latitude":"36.07321","longitude":"4.76108","feature_class":"P","feature_code":"PPLA","country_code":"DZ","cc2":"","admin1_code":"39","admin2_code":"","admin3_code":"","admin4_code":"","population":"168346","elevation":"","dem":"906","timezone":"Africa/Algiers","modification_date":"2013-08-04"}]}