{"region_data":{"countryId":"2589581","adminCode1":"23","countryName":"Algeria","fclName":"country, state, region,...","countryCode":"DZ","lng":"7.41667","fcodeName":"first-order administrative division","toponymName":"Wilaya de Guelma","fcl":"A","name":"Wilaya de Guelma","fcode":"ADM1","geonameId":2495659,"lat":"36.41667","adminName1":"Guelma","population":482430},"country_data":{"ISO":"DZ","ISO3":"DZA","ISO_Numeric":"012","fips":"AG","country":"Algeria","capital":"Algiers","area":"2381740","Population":"34586184","Continent":"AF","tld":".dz","CurrencyCode":"DZD","CurrencyName":"Dinar","Phone":"213","Postal_Code_Format":"#####","Postal_Code_Regex":"^(\\d{5})$","Languages":"ar-DZ","geonameid":"2589581","neighbours":"NE,EH,LY,MR,TN,MA,ML","EquivalentFipsCode":""},"cities":[{"geonameid":"2493956","name":"Héliopolis","asciiname":"Heliopolis","alternatenames":["Heliopolis","Héliopolis"],"latitude":"36.50361","longitude":"7.44278","feature_class":"P","feature_code":"PPL","country_code":"DZ","cc2":"","admin1_code":"23","admin2_code":"","admin3_code":"","admin4_code":"","population":"40139","elevation":"","dem":"268","timezone":"Africa/Algiers","modification_date":"2012-01-19"},{"geonameid":"2495662","name":"Guelma","asciiname":"Guelma","alternatenames":["Calama","Galma","Gel'ma","Gelma","Guelma","Kalima","QGE","gai lei ma","qalmh  aljzayr","qalmt","Гельма","قالمة","قالمه، الجزایر","قالمہ","盖勒马"],"latitude":"36.46214","longitude":"7.42608","feature_class":"P","feature_code":"PPLA","country_code":"DZ","cc2":"","admin1_code":"23","admin2_code":"","admin3_code":"","admin4_code":"","population":"123590","elevation":"","dem":"305","timezone":"Africa/Algiers","modification_date":"2012-01-19"},{"geonameid":"2502686","name":"Boumahra Ahmed","asciiname":"Boumahra Ahmed","alternatenames":["Boumahra Ahmed","Petit"],"latitude":"36.45833","longitude":"7.51389","feature_class":"P","feature_code":"PPL","country_code":"DZ","cc2":"","admin1_code":"23","admin2_code":"","admin3_code":"","admin4_code":"","population":"23022","elevation":"","dem":"208","timezone":"Africa/Algiers","modification_date":"2012-01-19"}]}