{"region_data":{"countryId":"2589581","adminCode1":"10","countryName":"Algeria","fclName":"country, state, region,...","countryCode":"DZ","lng":"0.33333","fcodeName":"first-order administrative division","toponymName":"Wilaya de Saïda","fcl":"A","name":"Wilaya de Saïda","fcode":"ADM1","geonameId":2482557,"lat":"34.66667","adminName1":"Saïda","population":330641},"country_data":{"ISO":"DZ","ISO3":"DZA","ISO_Numeric":"012","fips":"AG","country":"Algeria","capital":"Algiers","area":"2381740","Population":"34586184","Continent":"AF","tld":".dz","CurrencyCode":"DZD","CurrencyName":"Dinar","Phone":"213","Postal_Code_Format":"#####","Postal_Code_Regex":"^(\\d{5})$","Languages":"ar-DZ","geonameid":"2589581","neighbours":"NE,EH,LY,MR,TN,MA,ML","EquivalentFipsCode":""},"cities":[{"geonameid":"2482572","name":"Saïda","asciiname":"Saida","alternatenames":["Saida","Sajda","Saïda","Сайда"],"latitude":"34.83033","longitude":"0.15171","feature_class":"P","feature_code":"PPLA","country_code":"DZ","cc2":"","admin1_code":"10","admin2_code":"","admin3_code":"","admin4_code":"","population":"127497","elevation":"","dem":"840","timezone":"Africa/Algiers","modification_date":"2012-01-19"},{"geonameid":"2508162","name":"’Aïn el Hadjar","asciiname":"'Ain el Hadjar","alternatenames":["'Ain el Hadjar","Aine el Hadjar","Aïne el Hadjar","’Aïn el Hadjar"],"latitude":"34.75846","longitude":"0.14528","feature_class":"P","feature_code":"PPL","country_code":"DZ","cc2":"","admin1_code":"10","admin2_code":"","admin3_code":"","admin4_code":"","population":"12996","elevation":"","dem":"1024","timezone":"Africa/Algiers","modification_date":"2012-01-19"}]}