{"region_data":{"countryId":"2589581","adminCode1":"52","countryName":"Algeria","fclName":"country, state, region,...","countryCode":"DZ","lng":"7.91667","fcodeName":"first-order administrative division","toponymName":"Wilaya de Souk Ahras","fcl":"A","name":"Wilaya de Souk Ahras","fcode":"ADM1","geonameId":2479213,"lat":"36.16667","adminName1":"Souk Ahras","population":438127},"country_data":{"ISO":"DZ","ISO3":"DZA","ISO_Numeric":"012","fips":"AG","country":"Algeria","capital":"Algiers","area":"2381740","Population":"34586184","Continent":"AF","tld":".dz","CurrencyCode":"DZD","CurrencyName":"Dinar","Phone":"213","Postal_Code_Format":"#####","Postal_Code_Regex":"^(\\d{5})$","Languages":"ar-DZ","geonameid":"2589581","neighbours":"NE,EH,LY,MR,TN,MA,ML","EquivalentFipsCode":""},"cities":[{"geonameid":"2479215","name":"Souk Ahras","asciiname":"Souk Ahras","alternatenames":["QSK","Souk Ahras","Souk-Ahras","Soukaras","Souq Ahras","Suk Ahras","Suk Ahrasas","Suk Aras","Suk-Akhras","Szuk Ahrasz","Szúk Ahrász","su ge ai he la si","swq ahras","swq ahras  aljzayr","Сук-Ахрас","سوق أهراس","سوق اهراس، الجزایر","سوق اہراس","苏格艾赫拉斯"],"latitude":"36.28639","longitude":"7.95111","feature_class":"P","feature_code":"PPLA","country_code":"DZ","cc2":"","admin1_code":"52","admin2_code":"","admin3_code":"","admin4_code":"","population":"156745","elevation":"","dem":"697","timezone":"Africa/Algiers","modification_date":"2013-08-04"},{"geonameid":"2482090","name":"Sedrata","asciiname":"Sedrata","alternatenames":["Sedrata"],"latitude":"36.12868","longitude":"7.53376","feature_class":"P","feature_code":"PPL","country_code":"DZ","cc2":"","admin1_code":"52","admin2_code":"","admin3_code":"","admin4_code":"","population":"53318","elevation":"","dem":"794","timezone":"Africa/Algiers","modification_date":"2012-01-19"}]}