{"region_data":{"countryId":"2589581","adminCode1":"45","countryName":"Algeria","fclName":"country, state, region,...","countryCode":"DZ","lng":"3.16667","fcodeName":"first-order administrative division","toponymName":"Wilaya de Ghardaïa","fcl":"A","numberOfChildren":1,"name":"Wilaya de Ghardaïa","fcode":"ADM1","geonameId":2496045,"lat":"31.08333","adminName1":"Ghardaïa","population":363598},"country_data":{"ISO":"DZ","ISO3":"DZA","ISO_Numeric":"012","fips":"AG","country":"Algeria","capital":"Algiers","area":"2381740","Population":"34586184","Continent":"AF","tld":".dz","CurrencyCode":"DZD","CurrencyName":"Dinar","Phone":"213","Postal_Code_Format":"#####","Postal_Code_Regex":"^(\\d{5})$","Languages":"ar-DZ","geonameid":"2589581","neighbours":"NE,EH,LY,MR,TN,MA,ML","EquivalentFipsCode":""},"cities":[{"geonameid":"2487620","name":"Metlili Chaamba","asciiname":"Metlili Chaamba","alternatenames":["Metlili","Metlili Chaamba","Metlili-les Chaamba","Mettlili Chaamba"],"latitude":"32.26667","longitude":"3.63333","feature_class":"P","feature_code":"PPL","country_code":"DZ","cc2":"","admin1_code":"45","admin2_code":"","admin3_code":"","admin4_code":"","population":"50117","elevation":"","dem":"542","timezone":"Africa/Algiers","modification_date":"2012-01-19"},{"geonameid":"2496049","name":"Ghardaïa","asciiname":"Ghardaia","alternatenames":["Gardaja","Gardaya","Ghardaia","Ghardaja","Ghardaïa","Ghardája","Jimbo ya Ghardaia","Jimbo ya Ghardaïa","Rhardaia","Rhardaïa","Tagerdayt","Taγerdayt","gai er da ye","galeudaia","garudaia","ghrdayh","ghrdayt","wlayt ghrdayt","Гардая","Гардая қаласы","غرداية","غردایه","ولاية غرداية","ガルダイア","盖尔达耶","가르다이아"],"latitude":"32.49094","longitude":"3.67347","feature_class":"P","feature_code":"PPLA","country_code":"DZ","cc2":"","admin1_code":"45","admin2_code":"","admin3_code":"","admin4_code":"","population":"93423","elevation":"","dem":"503","timezone":"Africa/Algiers","modification_date":"2013-08-04"},{"geonameid":"2504110","name":"Berriane","asciiname":"Berriane","alternatenames":["Berrian","Berriane","ZBI"],"latitude":"32.82648","longitude":"3.76689","feature_class":"P","feature_code":"PPL","country_code":"DZ","cc2":"","admin1_code":"45","admin2_code":"","admin3_code":"","admin4_code":"","population":"44580","elevation":"","dem":"536","timezone":"Africa/Algiers","modification_date":"2012-05-06"}]}