{"region_data":{"countryId":"2589581","adminCode1":"13","countryName":"Algeria","fclName":"country, state, region,...","countryCode":"DZ","lng":"1.58333","fcodeName":"first-order administrative division","toponymName":"Wilaya de Tiaret","fcl":"A","name":"Wilaya de Tiaret","fcode":"ADM1","geonameId":2476893,"lat":"34.91667","adminName1":"Tiaret","population":846823},"country_data":{"ISO":"DZ","ISO3":"DZA","ISO_Numeric":"012","fips":"AG","country":"Algeria","capital":"Algiers","area":"2381740","Population":"34586184","Continent":"AF","tld":".dz","CurrencyCode":"DZD","CurrencyName":"Dinar","Phone":"213","Postal_Code_Format":"#####","Postal_Code_Regex":"^(\\d{5})$","Languages":"ar-DZ","geonameid":"2589581","neighbours":"NE,EH,LY,MR,TN,MA,ML","EquivalentFipsCode":""},"cities":[{"geonameid":"2476897","name":"Tiaret","asciiname":"Tiaret","alternatenames":["TID","Tiaret","Tiaretas","Tijarat","ti ya lei te","tyart","Тиарет","Тіарет","تيارت","تیارت","提亚雷特"],"latitude":"35.37103","longitude":"1.31699","feature_class":"P","feature_code":"PPLA","country_code":"DZ","cc2":"","admin1_code":"13","admin2_code":"","admin3_code":"","admin4_code":"","population":"178915","elevation":"","dem":"1031","timezone":"Africa/Algiers","modification_date":"2013-08-04"},{"geonameid":"2479247","name":"Sougueur","asciiname":"Sougueur","alternatenames":["Nadhora","Nador","Sougueur","Trezel","Trézel"],"latitude":"35.18568","longitude":"1.49612","feature_class":"P","feature_code":"PPL","country_code":"DZ","cc2":"","admin1_code":"13","admin2_code":"","admin3_code":"","admin4_code":"","population":"68654","elevation":"","dem":"1133","timezone":"Africa/Algiers","modification_date":"2012-01-19"},{"geonameid":"2488616","name":"Mehdia","asciiname":"Mehdia","alternatenames":["Burdeau","Mahdia","Makhdija","Mehdia","Махдия"],"latitude":"35.43058","longitude":"1.75714","feature_class":"P","feature_code":"PPL","country_code":"DZ","cc2":"","admin1_code":"13","admin2_code":"","admin3_code":"","admin4_code":"","population":"39271","elevation":"","dem":"909","timezone":"Africa/Algiers","modification_date":"2012-01-19"},{"geonameid":"2491335","name":"Ksar Chellala","asciiname":"Ksar Chellala","alternatenames":["Chellala","Chellala-Reibell","Ksar Chellala","Reibel","Reibell","Reïbell","Shelala"],"latitude":"35.21222","longitude":"2.31889","feature_class":"P","feature_code":"PPL","country_code":"DZ","cc2":"","admin1_code":"13","admin2_code":"","admin3_code":"","admin4_code":"","population":"58478","elevation":"","dem":"842","timezone":"Africa/Algiers","modification_date":"2012-01-19"},{"geonameid":"2496232","name":"Frenda","asciiname":"Frenda","alternatenames":["Frenda"],"latitude":"35.06544","longitude":"1.04945","feature_class":"P","feature_code":"PPL","country_code":"DZ","cc2":"","admin1_code":"13","admin2_code":"","admin3_code":"","admin4_code":"","population":"63319","elevation":"","dem":"1058","timezone":"Africa/Algiers","modification_date":"2012-01-19"},{"geonameid":"2508225","name":"’Aïn Deheb","asciiname":"'Ain Deheb","alternatenames":["'Ain Deheb","El Ousseukh","El Ousseukhr","El Ousseukr","La Fontaine","’Aïn Deheb"],"latitude":"34.84218","longitude":"1.54697","feature_class":"P","feature_code":"PPL","country_code":"DZ","cc2":"","admin1_code":"13","admin2_code":"","admin3_code":"","admin4_code":"","population":"36146","elevation":"","dem":"1081","timezone":"Africa/Algiers","modification_date":"2012-01-19"}]}