{"region_data":{"countryId":"2589581","adminCode1":"06","countryName":"Algeria","fclName":"country, state, region,...","countryCode":"DZ","lng":"3","fcodeName":"first-order administrative division","toponymName":"Wilaya de Médéa","fcl":"A","name":"Wilaya de Médéa","fcode":"ADM1","geonameId":2488831,"lat":"36.08333","adminName1":"Médéa","population":819932},"country_data":{"ISO":"DZ","ISO3":"DZA","ISO_Numeric":"012","fips":"AG","country":"Algeria","capital":"Algiers","area":"2381740","Population":"34586184","Continent":"AF","tld":".dz","CurrencyCode":"DZD","CurrencyName":"Dinar","Phone":"213","Postal_Code_Format":"#####","Postal_Code_Regex":"^(\\d{5})$","Languages":"ar-DZ","geonameid":"2589581","neighbours":"NE,EH,LY,MR,TN,MA,ML","EquivalentFipsCode":""},"cities":[{"geonameid":"2488835","name":"Médéa","asciiname":"Medea","alternatenames":["Lambdia","Medea","Medeah","Medeja","Médéa","Медея"],"latitude":"36.26417","longitude":"2.75393","feature_class":"P","feature_code":"PPLA","country_code":"DZ","cc2":"","admin1_code":"06","admin2_code":"","admin3_code":"","admin4_code":"","population":"147707","elevation":"","dem":"910","timezone":"Africa/Algiers","modification_date":"2012-01-19"},{"geonameid":"2491323","name":"Ksar el Boukhari","asciiname":"Ksar el Boukhari","alternatenames":["Boghari","Borhari","Ksar el Boukhari"],"latitude":"35.88889","longitude":"2.74905","feature_class":"P","feature_code":"PPL","country_code":"DZ","cc2":"","admin1_code":"06","admin2_code":"","admin3_code":"","admin4_code":"","population":"77166","elevation":"","dem":"621","timezone":"Africa/Algiers","modification_date":"2012-01-19"},{"geonameid":"2504099","name":"Berrouaghia","asciiname":"Berrouaghia","alternatenames":["Berrouaghia","Berrouarhia"],"latitude":"36.13516","longitude":"2.91085","feature_class":"P","feature_code":"PPL","country_code":"DZ","cc2":"","admin1_code":"06","admin2_code":"","admin3_code":"","admin4_code":"","population":"80573","elevation":"","dem":"946","timezone":"Africa/Algiers","modification_date":"2012-01-19"},{"geonameid":"2508262","name":"’Aïn Boucif","asciiname":"'Ain Boucif","alternatenames":["'Ain Boucif","Aine Boucif","Aïne Boucif","Bordj Ain Boucif","Bordj Aïn Boucif","’Aïn Boucif"],"latitude":"35.89123","longitude":"3.1585","feature_class":"P","feature_code":"PPL","country_code":"DZ","cc2":"","admin1_code":"06","admin2_code":"","admin3_code":"","admin4_code":"","population":"11989","elevation":"","dem":"1123","timezone":"Africa/Algiers","modification_date":"2012-01-19"}]}