{"region_data":{"countryId":"2589581","adminCode1":"26","countryName":"Algeria","fclName":"country, state, region,...","countryCode":"DZ","lng":"0.16667","fcodeName":"first-order administrative division","toponymName":"Wilaya de Mascara","fcl":"A","name":"Wilaya de Mascara","fcode":"ADM1","geonameId":2490095,"lat":"35.41667","adminName1":"Mascara","population":784073},"country_data":{"ISO":"DZ","ISO3":"DZA","ISO_Numeric":"012","fips":"AG","country":"Algeria","capital":"Algiers","area":"2381740","Population":"34586184","Continent":"AF","tld":".dz","CurrencyCode":"DZD","CurrencyName":"Dinar","Phone":"213","Postal_Code_Format":"#####","Postal_Code_Regex":"^(\\d{5})$","Languages":"ar-DZ","geonameid":"2589581","neighbours":"NE,EH,LY,MR,TN,MA,ML","EquivalentFipsCode":""},"cities":[{"geonameid":"2479609","name":"Sig","asciiname":"Sig","alternatenames":["QIL","Saint-Denis-du-Sig","Sig"],"latitude":"35.52832","longitude":"-0.19369","feature_class":"P","feature_code":"PPL","country_code":"DZ","cc2":"","admin1_code":"26","admin2_code":"","admin3_code":"","admin4_code":"","population":"58877","elevation":"","dem":"62","timezone":"Africa/Algiers","modification_date":"2012-01-19"},{"geonameid":"2485636","name":"Oued el Abtal","asciiname":"Oued el Abtal","alternatenames":["Oued el Abtal","Torki-le-Djuk","Uzes-le-Duc","Uzes-le-Due","Uzès-le-Duc","Uzès-le-Due","Торки-ле-Дюк"],"latitude":"35.45595","longitude":"0.68778","feature_class":"P","feature_code":"PPL","country_code":"DZ","cc2":"","admin1_code":"26","admin2_code":"","admin3_code":"","admin4_code":"","population":"22819","elevation":"","dem":"259","timezone":"Africa/Algiers","modification_date":"2012-01-19"},{"geonameid":"2490098","name":"Mascara","asciiname":"Mascara","alternatenames":["MUW","Mascara","Maskara","mʿskr‎","معسكر‎"],"latitude":"35.39664","longitude":"0.14027","feature_class":"P","feature_code":"PPLA","country_code":"DZ","cc2":"","admin1_code":"26","admin2_code":"","admin3_code":"","admin4_code":"","population":"150000","elevation":"","dem":"590","timezone":"Africa/Algiers","modification_date":"2013-08-04"},{"geonameid":"2503033","name":"Bou Hanifia el Hamamat","asciiname":"Bou Hanifia el Hamamat","alternatenames":["Bou Hanifia","Bou Hanifia el Hamamat","Bou Hanifia el Hammamet","Bou Hanifia-les Thermes","Sidi Bou Hanifia"],"latitude":"35.31473","longitude":"-0.05037","feature_class":"P","feature_code":"PPL","country_code":"DZ","cc2":"","admin1_code":"26","admin2_code":"","admin3_code":"","admin4_code":"","population":"27576","elevation":"","dem":"232","timezone":"Africa/Algiers","modification_date":"2012-01-19"}]}