{"region_data":{"countryId":"2589581","adminCode1":"07","countryName":"Algeria","fclName":"country, state, region,...","countryCode":"DZ","lng":"0.33333","fcodeName":"first-order administrative division","toponymName":"Wilaya de Mostaganem","fcl":"A","name":"Wilaya de Mostaganem","fcode":"ADM1","geonameId":2487130,"lat":"36","adminName1":"Mostaganem","population":737118},"country_data":{"ISO":"DZ","ISO3":"DZA","ISO_Numeric":"012","fips":"AG","country":"Algeria","capital":"Algiers","area":"2381740","Population":"34586184","Continent":"AF","tld":".dz","CurrencyCode":"DZD","CurrencyName":"Dinar","Phone":"213","Postal_Code_Format":"#####","Postal_Code_Regex":"^(\\d{5})$","Languages":"ar-DZ","geonameid":"2589581","neighbours":"NE,EH,LY,MR,TN,MA,ML","EquivalentFipsCode":""},"cities":[{"geonameid":"2487134","name":"Mostaganem","asciiname":"Mostaganem","alternatenames":["MQV","Mastaganeam","Mostaganem","Mostaganemas","Mustaghanam","Mustaghanim","mostaghanemi","mstaghanm","mstghanm","mu si ta jia nai mu","Мостаганем","مستاغانم","مستغانم","მოსთაღანემი","穆斯塔加奈姆"],"latitude":"35.93115","longitude":"0.08918","feature_class":"P","feature_code":"PPLA","country_code":"DZ","cc2":"","admin1_code":"07","admin2_code":"","admin3_code":"","admin4_code":"","population":"130000","elevation":"","dem":"102","timezone":"Africa/Algiers","modification_date":"2012-01-19"}]}