{"region_data":{"adminCode1":"06","lng":"-61.76667","geonameId":3576017,"toponymName":"Parish of Saint Paul","countryId":"3576396","fcl":"A","population":7325,"countryCode":"AG","name":"Parish of Saint Paul","fclName":"country, state, region,...","countryName":"Antigua and Barbuda","fcodeName":"first-order administrative division","adminName1":"Saint Paul","lat":"17.03333","fcode":"ADM1"},"country_data":{"ISO":"AG","ISO3":"ATG","ISO_Numeric":"028","fips":"AC","country":"Antigua and Barbuda","capital":"St. John's","area":"443","Population":"86754","Continent":"NA","tld":".ag","CurrencyCode":"XCD","CurrencyName":"Dollar","Phone":"+1-268","Postal_Code_Format":"","Postal_Code_Regex":"","Languages":"en-AG","geonameid":"3576396","neighbours":"","EquivalentFipsCode":""},"cities":[{"geonameid":"3576144","name":"Liberta","asciiname":"Liberta","alternatenames":["Liberta","Liberta Village","Либерта"],"latitude":"17.03333","longitude":"-61.78333","feature_class":"P","feature_code":"PPL","country_code":"AG","cc2":"","admin1_code":"06","admin2_code":"","admin3_code":"","admin4_code":"","population":"1668","elevation":"","dem":"92","timezone":"America/Antigua","modification_date":"2012-01-18"},{"geonameid":"3576260","name":"Falmouth","asciiname":"Falmouth","alternatenames":["Falmouth"],"latitude":"17.02741","longitude":"-61.78136","feature_class":"P","feature_code":"PPLA","country_code":"AG","cc2":"","admin1_code":"06","admin2_code":"","admin3_code":"","admin4_code":"","population":"619","elevation":"","dem":"25","timezone":"America/Antigua","modification_date":"2013-08-02"}]}