{"region_data":{"adminCode1":"04","lng":"-61.85","geonameId":3576023,"toponymName":"Parish of Saint John","countryId":"3576396","fcl":"A","population":42721,"countryCode":"AG","name":"Parish of Saint John","fclName":"country, state, region,...","countryName":"Antigua and Barbuda","fcodeName":"first-order administrative division","adminName1":"Saint John","lat":"17.1","fcode":"ADM1"},"country_data":{"ISO":"AG","ISO3":"ATG","ISO_Numeric":"028","fips":"AC","country":"Antigua and Barbuda","capital":"St. John's","area":"443","Population":"86754","Continent":"NA","tld":".ag","CurrencyCode":"XCD","CurrencyName":"Dollar","Phone":"+1-268","Postal_Code_Format":"","Postal_Code_Regex":"","Languages":"en-AG","geonameid":"3576396","neighbours":"","EquivalentFipsCode":""},"cities":[{"geonameid":"3576022","name":"Saint John’s","asciiname":"Saint John's","alternatenames":["Saint John","Saint John's","Saint John’s","Sent Dzonsas","Sent Džonsas","Sent Tzons","Sent-Dzhons","St Johns","St. John's","St.John.s","seinteujonseu","sentojonzu","sheng yue han","sheng yue han shi","snt g'wns","Σεντ Τζονς","Сент-Джонс","סנט ג'ונס","ሴንት ጆንስ፥ አንቲጋ እና ባርቡዳ","セントジョンズ","圣约翰","圣约翰市","세인트존스"],"latitude":"17.11717","longitude":"-61.84573","feature_class":"P","feature_code":"PPLC","country_code":"AG","cc2":"","admin1_code":"04","admin2_code":"","admin3_code":"","admin4_code":"","population":"24226","elevation":"","dem":"4","timezone":"America/Antigua","modification_date":"2013-11-02"},{"geonameid":"3576050","name":"Potters Village","asciiname":"Potters Village","alternatenames":["Potters","Potters Village","Potters-Villadzh","Поттерс-Вилладж"],"latitude":"17.08333","longitude":"-61.81667","feature_class":"P","feature_code":"PPL","country_code":"AG","cc2":"","admin1_code":"04","admin2_code":"","admin3_code":"","admin4_code":"","population":"1433","elevation":"","dem":"36","timezone":"America/Antigua","modification_date":"2012-01-18"}]}