{"country_data":{"ISO":"AX","ISO3":"ALA","ISO_Numeric":"248","fips":"","country":"Aland Islands","capital":"Mariehamn","area":"1580","Population":"26711","Continent":"EU","tld":".ax","CurrencyCode":"EUR","CurrencyName":"Euro","Phone":"+358-18","Postal_Code_Format":"#####","Postal_Code_Regex":"^(?:FI)*(\\d{5})$","Languages":"sv-AX","geonameid":"661882","neighbours":"","EquivalentFipsCode":"FI"},"cities":[{"geonameid":"632421","name":"Vårdö","asciiname":"Vardoe","alternatenames":[""],"latitude":"60.25","longitude":"20.38333","feature_class":"P","feature_code":"PPLA2","country_code":"AX","cc2":"FI","admin1_code":"213","admin2_code":"941","admin3_code":"","admin4_code":"","population":"411","elevation":"","dem":"10","timezone":"Europe/Mariehamn","modification_date":"2014-09-26"},{"geonameid":"635815","name":"Sund","asciiname":"Sund","alternatenames":["Sund"],"latitude":"60.25","longitude":"20.11667","feature_class":"P","feature_code":"PPLA2","country_code":"AX","cc2":"FI","admin1_code":"212","admin2_code":"771","admin3_code":"","admin4_code":"","population":"1080","elevation":"","dem":"42","timezone":"Europe/Mariehamn","modification_date":"2014-09-26"},{"geonameid":"636158","name":"Sottunga","asciiname":"Sottunga","alternatenames":["Sottunga"],"latitude":"60.13023","longitude":"20.66683","feature_class":"P","feature_code":"PPLA2","country_code":"AX","cc2":"FI","admin1_code":"213","admin2_code":"766","admin3_code":"","admin4_code":"","population":"144","elevation":"","dem":"12","timezone":"Europe/Mariehamn","modification_date":"2014-09-26"},{"geonameid":"637878","name":"Saltvik","asciiname":"Saltvik","alternatenames":[""],"latitude":"60.28333","longitude":"20.05","feature_class":"P","feature_code":"PPLA2","country_code":"AX","cc2":"FI","admin1_code":"212","admin2_code":"736","admin3_code":"","admin4_code":"","population":"1691","elevation":"","dem":"-9999","timezone":"Europe/Mariehamn","modification_date":"2014-09-26"},{"geonameid":"647455","name":"Lumparland","asciiname":"Lumparland","alternatenames":["Lumparland","Lumparlanti"],"latitude":"60.11695","longitude":"20.25819","feature_class":"P","feature_code":"PPLA2","country_code":"AX","cc2":"FI","admin1_code":"212","admin2_code":"438","admin3_code":"","admin4_code":"","population":"335","elevation":"","dem":"9","timezone":"Europe/Mariehamn","modification_date":"2014-09-26"},{"geonameid":"648382","name":"Lemland","asciiname":"Lemland","alternatenames":["Lemlanti"],"latitude":"60.07178","longitude":"20.08472","feature_class":"P","feature_code":"PPLA2","country_code":"AX","cc2":"","admin1_code":"212","admin2_code":"417","admin3_code":"","admin4_code":"","population":"1829","elevation":"","dem":"10","timezone":"Europe/Mariehamn","modification_date":"2015-04-30"},{"geonameid":"650395","name":"Kumlinge","asciiname":"Kumlinge","alternatenames":["Kumlinge","Kumlinki"],"latitude":"60.26013","longitude":"20.77892","feature_class":"P","feature_code":"PPLA2","country_code":"AX","cc2":"FI","admin1_code":"213","admin2_code":"295","admin3_code":"","admin4_code":"","population":"384","elevation":"","dem":"5","timezone":"Europe/Mariehamn","modification_date":"2014-09-30"},{"geonameid":"651986","name":"Kökar","asciiname":"Koekar","alternatenames":["Koekar","Koeoekari","Kökar","Köökari"],"latitude":"59.92051","longitude":"20.90883","feature_class":"P","feature_code":"PPLA2","country_code":"AX","cc2":"FI","admin1_code":"213","admin2_code":"318","admin3_code":"","admin4_code":"","population":"355","elevation":"","dem":"7","timezone":"Europe/Mariehamn","modification_date":"2015-04-30"},{"geonameid":"659949","name":"Föglö","asciiname":"Foegloe","alternatenames":["Foegloe","Fogleo","Fögleö","Föglö"],"latitude":"60.01667","longitude":"20.41667","feature_class":"P","feature_code":"PPLA2","country_code":"AX","cc2":"FI","admin1_code":"213","admin2_code":"062","admin3_code":"","admin4_code":"","population":"632","elevation":"","dem":"-9999","timezone":"Europe/Mariehamn","modification_date":"2014-09-26"},{"geonameid":"660521","name":"Brändö","asciiname":"Braendoe","alternatenames":["Braendoe","Brändö"],"latitude":"60.41165","longitude":"21.04534","feature_class":"P","feature_code":"PPLA2","country_code":"AX","cc2":"FI","admin1_code":"213","admin2_code":"035","admin3_code":"","admin4_code":"","population":"515","elevation":"","dem":"10","timezone":"Europe/Mariehamn","modification_date":"2014-09-26"},{"geonameid":"3041732","name":"Mariehamn","asciiname":"Mariehamn","alternatenames":["MHQ","Maarianhamina","Marianhamina","Mariankhamina","Mariehameena","Mariehamn","Mariekhamn","Mariuhoefn","Mariyekhamn","Marrianhamina","Maríuhöfn","mariehamun","Мариехамн","マリエハムン"],"latitude":"60.09726","longitude":"19.93481","feature_class":"P","feature_code":"PPLC","country_code":"AX","cc2":"FI","admin1_code":"211","admin2_code":"478","admin3_code":"","admin4_code":"","population":"10682","elevation":"","dem":"11","timezone":"Europe/Mariehamn","modification_date":"2015-05-02"},{"geonameid":"3041760","name":"Jomala","asciiname":"Jomala","alternatenames":[""],"latitude":"60.14902","longitude":"19.951","feature_class":"P","feature_code":"PPLA2","country_code":"AX","cc2":"","admin1_code":"212","admin2_code":"170","admin3_code":"","admin4_code":"","population":"3662","elevation":"","dem":"13","timezone":"Europe/Mariehamn","modification_date":"2014-09-26"},{"geonameid":"3041776","name":"Hammarland","asciiname":"Hammarland","alternatenames":["Hammarland","Khammarland"],"latitude":"60.21667","longitude":"19.75","feature_class":"P","feature_code":"PPLA2","country_code":"AX","cc2":"FI","admin1_code":"212","admin2_code":"076","admin3_code":"","admin4_code":"","population":"1395","elevation":"","dem":"4","timezone":"Europe/Mariehamn","modification_date":"2014-09-26"},{"geonameid":"3041792","name":"Geta","asciiname":"Geta","alternatenames":[""],"latitude":"60.37453","longitude":"19.84455","feature_class":"P","feature_code":"PPLA2","country_code":"AX","cc2":"FI","admin1_code":"212","admin2_code":"065","admin3_code":"","admin4_code":"","population":"452","elevation":"","dem":"13","timezone":"Europe/Mariehamn","modification_date":"2014-09-26"},{"geonameid":"3041798","name":"Finström","asciiname":"Finstroem","alternatenames":["Finstroem","Finström"],"latitude":"60.26667","longitude":"19.93333","feature_class":"P","feature_code":"PPLA2","country_code":"AX","cc2":"","admin1_code":"212","admin2_code":"060","admin3_code":"","admin4_code":"","population":"2412","elevation":"","dem":"13","timezone":"Europe/Mariehamn","modification_date":"2014-09-26"},{"geonameid":"3041807","name":"Eckerö","asciiname":"Eckeroe","alternatenames":["Eckeroe","Eckerö"],"latitude":"60.21249","longitude":"19.61442","feature_class":"P","feature_code":"PPLA2","country_code":"AX","cc2":"FI","admin1_code":"212","admin2_code":"043","admin3_code":"","admin4_code":"","population":"1028","elevation":"","dem":"3","timezone":"Europe/Mariehamn","modification_date":"2014-09-26"},{"geonameid":"3041732","name":"Mariehamn","asciiname":"Mariehamn","alternatenames":["MHQ","Maarianhamina","Marianhamina","Mariankhamina","Mariehameena","Mariehamn","Mariekhamn","Mariuhoefn","Mariyekhamn","Marrianhamina","Maríuhöfn","mariehamun","Мариехамн","マリエハムン"],"latitude":"60.09726","longitude":"19.93481","feature_class":"P","feature_code":"PPLC","country_code":"AX","cc2":"FI","admin1_code":"211","admin2_code":"478","admin3_code":"","admin4_code":"","population":"10682","elevation":"","dem":"11","timezone":"Europe/Mariehamn","modification_date":"2015-05-02"},{"geonameid":"3041732","name":"Mariehamn","asciiname":"Mariehamn","alternatenames":["MHQ","Maarianhamina","Marianhamina","Mariankhamina","Mariehameena","Mariehamn","Mariekhamn","Mariuhoefn","Mariyekhamn","Marrianhamina","Maríuhöfn","mariehamun","Мариехамн","マリエハムン"],"latitude":"60.09726","longitude":"19.93481","feature_class":"P","feature_code":"PPLC","country_code":"AX","cc2":"FI","admin1_code":"211","admin2_code":"478","admin3_code":"","admin4_code":"","population":"10682","elevation":"","dem":"11","timezone":"Europe/Mariehamn","modification_date":"2015-05-02"}]}