{"country_data":{"ISO":"AS","ISO3":"ASM","ISO_Numeric":"016","fips":"AQ","country":"American Samoa","capital":"Pago Pago","area":"199","Population":"57881","Continent":"OC","tld":".as","CurrencyCode":"USD","CurrencyName":"Dollar","Phone":"+1-684","Postal_Code_Format":"","Postal_Code_Regex":"","Languages":"en-AS,sm,to","geonameid":"5880801","neighbours":"","EquivalentFipsCode":""},"cities":[{"geonameid":"5880828","name":"Aūa","asciiname":"Aua","alternatenames":[""],"latitude":"-14.27611","longitude":"-170.66389","feature_class":"P","feature_code":"PPL","country_code":"AS","cc2":"","admin1_code":"010","admin2_code":"","admin3_code":"","admin4_code":"","population":"2124","elevation":"14","dem":"19","timezone":"Pacific/Pago_Pago","modification_date":"2010-10-12"},{"geonameid":"5880891","name":"Vaitogi","asciiname":"Vaitogi","alternatenames":[""],"latitude":"-14.35889","longitude":"-170.73472","feature_class":"P","feature_code":"PPL","country_code":"AS","cc2":"","admin1_code":"050","admin2_code":"","admin3_code":"","admin4_code":"","population":"1436","elevation":"16","dem":"-9999","timezone":"Pacific/Pago_Pago","modification_date":"2010-10-12"},{"geonameid":"5880944","name":"Vailoatai","asciiname":"Vailoatai","alternatenames":[""],"latitude":"-14.36111","longitude":"-170.78222","feature_class":"P","feature_code":"PPL","country_code":"AS","cc2":"","admin1_code":"050","admin2_code":"5881085","admin3_code":"","admin4_code":"","population":"1144","elevation":"7","dem":"16","timezone":"Pacific/Pago_Pago","modification_date":"2014-10-08"},{"geonameid":"5881150","name":"Taulaga","asciiname":"Taulaga","alternatenames":[""],"latitude":"-11.05528","longitude":"-171.08833","feature_class":"P","feature_code":"PPLA","country_code":"AS","cc2":"","admin1_code":"040","admin2_code":"","admin3_code":"","admin4_code":"","population":"37","elevation":"","dem":"8","timezone":"Pacific/Pago_Pago","modification_date":"2012-02-19"},{"geonameid":"5881165","name":"Ta`ū","asciiname":"Ta`u","alternatenames":["Opoun","Tau"],"latitude":"-14.23361","longitude":"-169.51444","feature_class":"P","feature_code":"PPLA","country_code":"AS","cc2":"","admin1_code":"020","admin2_code":"","admin3_code":"","admin4_code":"","population":"873","elevation":"6","dem":"12","timezone":"Pacific/Pago_Pago","modification_date":"2013-08-02"},{"geonameid":"5881192","name":"Tāfuna","asciiname":"Tafuna","alternatenames":["Tafuna","Тафуна"],"latitude":"-14.33583","longitude":"-170.72","feature_class":"P","feature_code":"PPL","country_code":"AS","cc2":"","admin1_code":"050","admin2_code":"","admin3_code":"","admin4_code":"","population":"11017","elevation":"12","dem":"13","timezone":"Pacific/Pago_Pago","modification_date":"2010-09-05"},{"geonameid":"5881224","name":"Faleniu","asciiname":"Faleniu","alternatenames":[""],"latitude":"-14.3325","longitude":"-170.74444","feature_class":"P","feature_code":"PPL","country_code":"AS","cc2":"","admin1_code":"050","admin2_code":"","admin3_code":"","admin4_code":"","population":"3200","elevation":"48","dem":"53","timezone":"Pacific/Pago_Pago","modification_date":"2010-10-12"},{"geonameid":"5881241","name":"Fagatogo","asciiname":"Fagatogo","alternatenames":["Fagatogo","Фагатого"],"latitude":"-14.2825","longitude":"-170.69","feature_class":"P","feature_code":"PPL","country_code":"AS","cc2":"","admin1_code":"010","admin2_code":"","admin3_code":"","admin4_code":"","population":"1868","elevation":"134","dem":"141","timezone":"Pacific/Pago_Pago","modification_date":"2010-10-12"},{"geonameid":"5881254","name":"Faleāsao","asciiname":"Faleasao","alternatenames":[""],"latitude":"-14.2222","longitude":"-169.51278","feature_class":"P","feature_code":"PPLA3","country_code":"AS","cc2":"","admin1_code":"020","admin2_code":"7267965","admin3_code":"","admin4_code":"","population":"0","elevation":"44","dem":"28","timezone":"Pacific/Pago_Pago","modification_date":"2012-02-02"},{"geonameid":"5881347","name":"Leone","asciiname":"Leone","alternatenames":[""],"latitude":"-14.34389","longitude":"-170.785","feature_class":"P","feature_code":"PPL","country_code":"AS","cc2":"","admin1_code":"050","admin2_code":"","admin3_code":"","admin4_code":"","population":"4050","elevation":"14","dem":"21","timezone":"Pacific/Pago_Pago","modification_date":"2010-10-12"},{"geonameid":"5881410","name":"Malaeimi","asciiname":"Malaeimi","alternatenames":[""],"latitude":"-14.32278","longitude":"-170.73389","feature_class":"P","feature_code":"PPL","country_code":"AS","cc2":"","admin1_code":"050","admin2_code":"","admin3_code":"","admin4_code":"","population":"1261","elevation":"39","dem":"41","timezone":"Pacific/Pago_Pago","modification_date":"2010-09-05"},{"geonameid":"5881442","name":"Mapusagafou","asciiname":"Mapusagafou","alternatenames":[""],"latitude":"-14.33056","longitude":"-170.75278","feature_class":"P","feature_code":"PPL","country_code":"AS","cc2":"","admin1_code":"050","admin2_code":"","admin3_code":"","admin4_code":"","population":"2052","elevation":"106","dem":"111","timezone":"Pacific/Pago_Pago","modification_date":"2010-10-12"},{"geonameid":"5881544","name":"Ofu","asciiname":"Ofu","alternatenames":["OFU"],"latitude":"-14.17528","longitude":"-169.6775","feature_class":"P","feature_code":"PPLA2","country_code":"AS","cc2":"","admin1_code":"020","admin2_code":"","admin3_code":"","admin4_code":"","population":"254","elevation":"4","dem":"17","timezone":"Pacific/Pago_Pago","modification_date":"2012-02-03"},{"geonameid":"5881576","name":"Pago Pago","asciiname":"Pago Pago","alternatenames":["Gorad Paga-Paga","PPG","Pago Pago","Pago-Pago","PagoPago","Pagopago","Panko Panko","Paqo Paqo","pa guo pa guo","pa ko pa ko","pagopago","pagw pagw","pango pango","Πάγκο Πάγκο","Горад Пага-Пага","Паго Паго","Паго-Паго","Пагопаго","Պագո Պագո","פאגו פאגו","پاگو پاگو","पांगो पांगो","ปาโกปาโก","პაგო-პაგო","パゴパゴ","帕果帕果","파고파고"],"latitude":"-14.27806","longitude":"-170.7025","feature_class":"P","feature_code":"PPLC","country_code":"AS","cc2":"","admin1_code":"010","admin2_code":"","admin3_code":"","admin4_code":"","population":"11500","elevation":"2","dem":"144","timezone":"Pacific/Pago_Pago","modification_date":"2011-08-29"},{"geonameid":"5881150","name":"Taulaga","asciiname":"Taulaga","alternatenames":[""],"latitude":"-11.05528","longitude":"-171.08833","feature_class":"P","feature_code":"PPLA","country_code":"AS","cc2":"","admin1_code":"040","admin2_code":"","admin3_code":"","admin4_code":"","population":"37","elevation":"","dem":"8","timezone":"Pacific/Pago_Pago","modification_date":"2012-02-19"},{"geonameid":"5881165","name":"Ta`ū","asciiname":"Ta`u","alternatenames":["Opoun","Tau"],"latitude":"-14.23361","longitude":"-169.51444","feature_class":"P","feature_code":"PPLA","country_code":"AS","cc2":"","admin1_code":"020","admin2_code":"","admin3_code":"","admin4_code":"","population":"873","elevation":"6","dem":"12","timezone":"Pacific/Pago_Pago","modification_date":"2013-08-02"},{"geonameid":"5881192","name":"Tāfuna","asciiname":"Tafuna","alternatenames":["Tafuna","Тафуна"],"latitude":"-14.33583","longitude":"-170.72","feature_class":"P","feature_code":"PPL","country_code":"AS","cc2":"","admin1_code":"050","admin2_code":"","admin3_code":"","admin4_code":"","population":"11017","elevation":"12","dem":"13","timezone":"Pacific/Pago_Pago","modification_date":"2010-09-05"},{"geonameid":"5881576","name":"Pago Pago","asciiname":"Pago Pago","alternatenames":["Gorad Paga-Paga","PPG","Pago Pago","Pago-Pago","PagoPago","Pagopago","Panko Panko","Paqo Paqo","pa guo pa guo","pa ko pa ko","pagopago","pagw pagw","pango pango","Πάγκο Πάγκο","Горад Пага-Пага","Паго Паго","Паго-Паго","Пагопаго","Պագո Պագո","פאגו פאגו","پاگو پاگو","पांगो पांगो","ปาโกปาโก","პაგო-პაგო","パゴパゴ","帕果帕果","파고파고"],"latitude":"-14.27806","longitude":"-170.7025","feature_class":"P","feature_code":"PPLC","country_code":"AS","cc2":"","admin1_code":"010","admin2_code":"","admin3_code":"","admin4_code":"","population":"11500","elevation":"2","dem":"144","timezone":"Pacific/Pago_Pago","modification_date":"2011-08-29"},{"geonameid":"5881576","name":"Pago Pago","asciiname":"Pago Pago","alternatenames":["Gorad Paga-Paga","PPG","Pago Pago","Pago-Pago","PagoPago","Pagopago","Panko Panko","Paqo Paqo","pa guo pa guo","pa ko pa ko","pagopago","pagw pagw","pango pango","Πάγκο Πάγκο","Горад Пага-Пага","Паго Паго","Паго-Паго","Пагопаго","Պագո Պագո","פאגו פאגו","پاگو پاگو","पांगो पांगो","ปาโกปาโก","პაგო-პაგო","パゴパゴ","帕果帕果","파고파고"],"latitude":"-14.27806","longitude":"-170.7025","feature_class":"P","feature_code":"PPLC","country_code":"AS","cc2":"","admin1_code":"010","admin2_code":"","admin3_code":"","admin4_code":"","population":"11500","elevation":"2","dem":"144","timezone":"Pacific/Pago_Pago","modification_date":"2011-08-29"}]}