{"country_data":{"ISO":"AD","ISO3":"AND","ISO_Numeric":"020","fips":"AN","country":"Andorra","capital":"Andorra la Vella","area":"468","Population":"84000","Continent":"EU","tld":".ad","CurrencyCode":"EUR","CurrencyName":"Euro","Phone":"376","Postal_Code_Format":"AD###","Postal_Code_Regex":"^(?:AD)*(\\d{3})$","Languages":"ca","geonameid":"3041565","neighbours":"ES,FR","EquivalentFipsCode":""},"cities":[{"geonameid":"3039154","name":"El Tarter","asciiname":"El Tarter","alternatenames":["Ehl Tarter","Эл Тартер"],"latitude":"42.57952","longitude":"1.65362","feature_class":"P","feature_code":"PPL","country_code":"AD","cc2":"","admin1_code":"02","admin2_code":"","admin3_code":"","admin4_code":"","population":"1052","elevation":"","dem":"1721","timezone":"Europe/Andorra","modification_date":"2012-11-03"},{"geonameid":"3039163","name":"Sant Julià de Lòria","asciiname":"Sant Julia de Loria","alternatenames":["San Julia","San Julià","Sant Julia de Loria","Sant Julià de Lòria","Sant-Zhulija-de-Lorija","sheng hu li ya-de luo li ya","Сант-Жулия-де-Лория","サン・ジュリア・デ・ロリア教区","圣胡利娅-德洛里亚","圣胡利娅－德洛里亚"],"latitude":"42.46372","longitude":"1.49129","feature_class":"P","feature_code":"PPLA","country_code":"AD","cc2":"","admin1_code":"06","admin2_code":"","admin3_code":"","admin4_code":"","population":"8022","elevation":"","dem":"921","timezone":"Europe/Andorra","modification_date":"2013-11-23"},{"geonameid":"3039604","name":"Pas de la Casa","asciiname":"Pas de la Casa","alternatenames":["Pas de la Kasa","Пас де ла Каса"],"latitude":"42.54277","longitude":"1.73361","feature_class":"P","feature_code":"PPL","country_code":"AD","cc2":"","admin1_code":"03","admin2_code":"","admin3_code":"","admin4_code":"","population":"2363","elevation":"2050","dem":"2106","timezone":"Europe/Andorra","modification_date":"2008-06-09"},{"geonameid":"3039678","name":"Ordino","asciiname":"Ordino","alternatenames":["Ordino","ao er di nuo","orudino jiao qu","Ордино","オルディノ教区","奥尔迪诺"],"latitude":"42.55623","longitude":"1.53319","feature_class":"P","feature_code":"PPLA","country_code":"AD","cc2":"","admin1_code":"05","admin2_code":"","admin3_code":"","admin4_code":"","population":"3066","elevation":"","dem":"1296","timezone":"Europe/Andorra","modification_date":"2009-12-11"},{"geonameid":"3040051","name":"les Escaldes","asciiname":"les Escaldes","alternatenames":["Ehskal'des-Ehndzhordani","Escaldes","Escaldes-Engordany","Les Escaldes","esukarudesu=engorudani jiao qu","lai sai si ka er de-en ge er da","Эскальдес-Энджордани","エスカルデス＝エンゴルダニ教区","萊塞斯卡爾德-恩戈爾達","萊塞斯卡爾德－恩戈爾達"],"latitude":"42.50729","longitude":"1.53414","feature_class":"P","feature_code":"PPLA","country_code":"AD","cc2":"","admin1_code":"08","admin2_code":"","admin3_code":"","admin4_code":"","population":"15853","elevation":"","dem":"1033","timezone":"Europe/Andorra","modification_date":"2008-10-15"},{"geonameid":"3040132","name":"la Massana","asciiname":"la Massana","alternatenames":["La Macana","La Massana","La Maçana","La-Massana","la Massana","ma sa na","Ла-Массана","ラ・マサナ教区","马萨纳"],"latitude":"42.54499","longitude":"1.51483","feature_class":"P","feature_code":"PPLA","country_code":"AD","cc2":"","admin1_code":"04","admin2_code":"","admin3_code":"","admin4_code":"","population":"7211","elevation":"","dem":"1245","timezone":"Europe/Andorra","modification_date":"2008-10-15"},{"geonameid":"3040686","name":"Encamp","asciiname":"Encamp","alternatenames":["Ehnkam","Encamp","en kan pu","enkanpu jiao qu","Энкам","エンカンプ教区","恩坎普"],"latitude":"42.53474","longitude":"1.58014","feature_class":"P","feature_code":"PPLA","country_code":"AD","cc2":"","admin1_code":"03","admin2_code":"","admin3_code":"","admin4_code":"","population":"11223","elevation":"","dem":"1257","timezone":"Europe/Andorra","modification_date":"2012-04-13"},{"geonameid":"3041204","name":"Canillo","asciiname":"Canillo","alternatenames":["Canillo","Kanil'o","ka ni e","kaniryo jiao qu","Канильо","カニーリョ教区","卡尼略"],"latitude":"42.5676","longitude":"1.59756","feature_class":"P","feature_code":"PPLA","country_code":"AD","cc2":"","admin1_code":"02","admin2_code":"","admin3_code":"","admin4_code":"","population":"3292","elevation":"","dem":"1561","timezone":"Europe/Andorra","modification_date":"2012-12-24"},{"geonameid":"3041519","name":"Arinsal","asciiname":"Arinsal","alternatenames":["Arinsal","Аринсал"],"latitude":"42.57205","longitude":"1.48453","feature_class":"P","feature_code":"PPL","country_code":"AD","cc2":"","admin1_code":"04","admin2_code":"","admin3_code":"","admin4_code":"","population":"1419","elevation":"","dem":"1465","timezone":"Europe/Andorra","modification_date":"2010-01-29"},{"geonameid":"3041563","name":"Andorra la Vella","asciiname":"Andorra la Vella","alternatenames":["ALV","Ando-la-Vyey","Andora","Andora la Vela","Andora la Velja","Andora lja Vehl'ja","Andoro Malnova","Andorra","Andorra Tuan","Andorra a Vella","Andorra la Biella","Andorra la Vella","Andorra la Vielha","Andorra-a-Velha","Andorra-la-Vel'ja","Andorra-la-Vielye","Andorre-la-Vieille","Andò-la-Vyèy","Andòrra la Vièlha","an dao er cheng","andolalabeya","andwra la fyla","Ανδόρρα","Андора ла Веля","Андора ла Веља","Андора ля Вэлья","Андорра-ла-Велья","אנדורה לה וולה","أندورا لا فيلا","አንዶራ ላ ቬላ","アンドラ・ラ・ヴェリャ","安道爾城","안도라라베야"],"latitude":"42.50779","longitude":"1.52109","feature_class":"P","feature_code":"PPLC","country_code":"AD","cc2":"","admin1_code":"07","admin2_code":"","admin3_code":"","admin4_code":"","population":"20430","elevation":"","dem":"1037","timezone":"Europe/Andorra","modification_date":"2010-05-30"},{"geonameid":"3039163","name":"Sant Julià de Lòria","asciiname":"Sant Julia de Loria","alternatenames":["San Julia","San Julià","Sant Julia de Loria","Sant Julià de Lòria","Sant-Zhulija-de-Lorija","sheng hu li ya-de luo li ya","Сант-Жулия-де-Лория","サン・ジュリア・デ・ロリア教区","圣胡利娅-德洛里亚","圣胡利娅－德洛里亚"],"latitude":"42.46372","longitude":"1.49129","feature_class":"P","feature_code":"PPLA","country_code":"AD","cc2":"","admin1_code":"06","admin2_code":"","admin3_code":"","admin4_code":"","population":"8022","elevation":"","dem":"921","timezone":"Europe/Andorra","modification_date":"2013-11-23"},{"geonameid":"3039678","name":"Ordino","asciiname":"Ordino","alternatenames":["Ordino","ao er di nuo","orudino jiao qu","Ордино","オルディノ教区","奥尔迪诺"],"latitude":"42.55623","longitude":"1.53319","feature_class":"P","feature_code":"PPLA","country_code":"AD","cc2":"","admin1_code":"05","admin2_code":"","admin3_code":"","admin4_code":"","population":"3066","elevation":"","dem":"1296","timezone":"Europe/Andorra","modification_date":"2009-12-11"},{"geonameid":"3040051","name":"les Escaldes","asciiname":"les Escaldes","alternatenames":["Ehskal'des-Ehndzhordani","Escaldes","Escaldes-Engordany","Les Escaldes","esukarudesu=engorudani jiao qu","lai sai si ka er de-en ge er da","Эскальдес-Энджордани","エスカルデス＝エンゴルダニ教区","萊塞斯卡爾德-恩戈爾達","萊塞斯卡爾德－恩戈爾達"],"latitude":"42.50729","longitude":"1.53414","feature_class":"P","feature_code":"PPLA","country_code":"AD","cc2":"","admin1_code":"08","admin2_code":"","admin3_code":"","admin4_code":"","population":"15853","elevation":"","dem":"1033","timezone":"Europe/Andorra","modification_date":"2008-10-15"},{"geonameid":"3040132","name":"la Massana","asciiname":"la Massana","alternatenames":["La Macana","La Massana","La Maçana","La-Massana","la Massana","ma sa na","Ла-Массана","ラ・マサナ教区","马萨纳"],"latitude":"42.54499","longitude":"1.51483","feature_class":"P","feature_code":"PPLA","country_code":"AD","cc2":"","admin1_code":"04","admin2_code":"","admin3_code":"","admin4_code":"","population":"7211","elevation":"","dem":"1245","timezone":"Europe/Andorra","modification_date":"2008-10-15"},{"geonameid":"3040686","name":"Encamp","asciiname":"Encamp","alternatenames":["Ehnkam","Encamp","en kan pu","enkanpu jiao qu","Энкам","エンカンプ教区","恩坎普"],"latitude":"42.53474","longitude":"1.58014","feature_class":"P","feature_code":"PPLA","country_code":"AD","cc2":"","admin1_code":"03","admin2_code":"","admin3_code":"","admin4_code":"","population":"11223","elevation":"","dem":"1257","timezone":"Europe/Andorra","modification_date":"2012-04-13"},{"geonameid":"3041204","name":"Canillo","asciiname":"Canillo","alternatenames":["Canillo","Kanil'o","ka ni e","kaniryo jiao qu","Канильо","カニーリョ教区","卡尼略"],"latitude":"42.5676","longitude":"1.59756","feature_class":"P","feature_code":"PPLA","country_code":"AD","cc2":"","admin1_code":"02","admin2_code":"","admin3_code":"","admin4_code":"","population":"3292","elevation":"","dem":"1561","timezone":"Europe/Andorra","modification_date":"2012-12-24"},{"geonameid":"3041563","name":"Andorra la Vella","asciiname":"Andorra la Vella","alternatenames":["ALV","Ando-la-Vyey","Andora","Andora la Vela","Andora la Velja","Andora lja Vehl'ja","Andoro Malnova","Andorra","Andorra Tuan","Andorra a Vella","Andorra la Biella","Andorra la Vella","Andorra la Vielha","Andorra-a-Velha","Andorra-la-Vel'ja","Andorra-la-Vielye","Andorre-la-Vieille","Andò-la-Vyèy","Andòrra la Vièlha","an dao er cheng","andolalabeya","andwra la fyla","Ανδόρρα","Андора ла Веля","Андора ла Веља","Андора ля Вэлья","Андорра-ла-Велья","אנדורה לה וולה","أندورا لا فيلا","አንዶራ ላ ቬላ","アンドラ・ラ・ヴェリャ","安道爾城","안도라라베야"],"latitude":"42.50779","longitude":"1.52109","feature_class":"P","feature_code":"PPLC","country_code":"AD","cc2":"","admin1_code":"07","admin2_code":"","admin3_code":"","admin4_code":"","population":"20430","elevation":"","dem":"1037","timezone":"Europe/Andorra","modification_date":"2010-05-30"},{"geonameid":"3040051","name":"les Escaldes","asciiname":"les Escaldes","alternatenames":["Ehskal'des-Ehndzhordani","Escaldes","Escaldes-Engordany","Les Escaldes","esukarudesu=engorudani jiao qu","lai sai si ka er de-en ge er da","Эскальдес-Энджордани","エスカルデス＝エンゴルダニ教区","萊塞斯卡爾德-恩戈爾達","萊塞斯卡爾德－恩戈爾達"],"latitude":"42.50729","longitude":"1.53414","feature_class":"P","feature_code":"PPLA","country_code":"AD","cc2":"","admin1_code":"08","admin2_code":"","admin3_code":"","admin4_code":"","population":"15853","elevation":"","dem":"1033","timezone":"Europe/Andorra","modification_date":"2008-10-15"},{"geonameid":"3041563","name":"Andorra la Vella","asciiname":"Andorra la Vella","alternatenames":["ALV","Ando-la-Vyey","Andora","Andora la Vela","Andora la Velja","Andora lja Vehl'ja","Andoro Malnova","Andorra","Andorra Tuan","Andorra a Vella","Andorra la Biella","Andorra la Vella","Andorra la Vielha","Andorra-a-Velha","Andorra-la-Vel'ja","Andorra-la-Vielye","Andorre-la-Vieille","Andò-la-Vyèy","Andòrra la Vièlha","an dao er cheng","andolalabeya","andwra la fyla","Ανδόρρα","Андора ла Веля","Андора ла Веља","Андора ля Вэлья","Андорра-ла-Велья","אנדורה לה וולה","أندورا لا فيلا","አንዶራ ላ ቬላ","アンドラ・ラ・ヴェリャ","安道爾城","안도라라베야"],"latitude":"42.50779","longitude":"1.52109","feature_class":"P","feature_code":"PPLC","country_code":"AD","cc2":"","admin1_code":"07","admin2_code":"","admin3_code":"","admin4_code":"","population":"20430","elevation":"","dem":"1037","timezone":"Europe/Andorra","modification_date":"2010-05-30"}]}