{"country_data":{"ISO":"AQ","ISO3":"ATA","ISO_Numeric":"010","fips":"AY","country":"Antarctica","capital":"","area":"14000000","Population":"0","Continent":"AN","tld":".aq","CurrencyCode":"","CurrencyName":"","Phone":"","Postal_Code_Format":"","Postal_Code_Regex":"","Languages":"","geonameid":"6697173","neighbours":"","EquivalentFipsCode":""},"cities":[{"geonameid":"6696480","name":"McMurdo Station","asciiname":"McMurdo Station","alternatenames":[""],"latitude":"-77.846","longitude":"166.676","feature_class":"P","feature_code":"PPL","country_code":"AQ","cc2":"","admin1_code":"","admin2_code":"","admin3_code":"","admin4_code":"","population":"1258","elevation":"","dem":"-9999","timezone":"Antarctica/McMurdo","modification_date":"2012-07-11"}]}