{"country_data":{"ISO":"BS","ISO3":"BHS","ISO_Numeric":"044","fips":"BF","country":"Bahamas","capital":"Nassau","area":"13940","Population":"301790","Continent":"NA","tld":".bs","CurrencyCode":"BSD","CurrencyName":"Dollar","Phone":"+1-242","Postal_Code_Format":"","Postal_Code_Regex":"","Languages":"en-BS","geonameid":"3572887","neighbours":"","EquivalentFipsCode":""},"cities":[{"geonameid":"3571224","name":"West End","asciiname":"West End","alternatenames":["WTD","West End","West End Settlement"],"latitude":"26.68711","longitude":"-78.97702","feature_class":"P","feature_code":"PPLA","country_code":"BS","cc2":"","admin1_code":"54","admin2_code":"","admin3_code":"","admin4_code":"","population":"12724","elevation":"","dem":"5","timezone":"America/Nassau","modification_date":"2014-09-21"},{"geonameid":"3571375","name":"Spanish Wells","asciiname":"Spanish Wells","alternatenames":["SWL","Spanish Wells","Spanish Wells Settlement"],"latitude":"25.54717","longitude":"-76.76405","feature_class":"P","feature_code":"PPLA","country_code":"BS","cc2":"","admin1_code":"53","admin2_code":"","admin3_code":"","admin4_code":"","population":"1500","elevation":"","dem":"9","timezone":"America/Nassau","modification_date":"2014-01-19"},{"geonameid":"3571523","name":"San Andros","asciiname":"San Andros","alternatenames":["SAQ","San Andros","San Andros Bahama Village"],"latitude":"25.06667","longitude":"-78.05","feature_class":"P","feature_code":"PPLA","country_code":"BS","cc2":"","admin1_code":"47","admin2_code":"","admin3_code":"","admin4_code":"","population":"7800","elevation":"","dem":"15","timezone":"America/Nassau","modification_date":"2013-08-08"},{"geonameid":"3571650","name":"Port Nelson","asciiname":"Port Nelson","alternatenames":["Port Nelson","RCY"],"latitude":"23.64967","longitude":"-74.84157","feature_class":"P","feature_code":"PPLA","country_code":"BS","cc2":"","admin1_code":"49","admin2_code":"","admin3_code":"","admin4_code":"","population":"91","elevation":"","dem":"4","timezone":"America/Nassau","modification_date":"2014-01-18"},{"geonameid":"3571824","name":"Nassau","asciiname":"Nassau","alternatenames":["City of Nassau","Gorad Nasau","NAS","Nasau","Nasauo","Nasaŭo","Naso","Nassaou","Nassau","Nassau City","Nassau pa Bahamas","Nassau på Bahamas","Nasáu","na sao","nasa'u","nasau","nasaw","nasayw","nasea","naso","nasso","nsaw","Νασσάου","Горад Насау","Насау","Нассау","Նասաու","נסאו","ناسائو","ناساو","نساؤ","नासाउ","ਨਸਾਊ","നാസോ","แนสซอ","ན་སའོ།","ნასაუ","ናሶ","ナッソー","拿骚","나소"],"latitude":"25.05823","longitude":"-77.34306","feature_class":"P","feature_code":"PPLC","country_code":"BS","cc2":"","admin1_code":"23","admin2_code":"","admin3_code":"","admin4_code":"","population":"227940","elevation":"","dem":"5","timezone":"America/Nassau","modification_date":"2010-05-30"},{"geonameid":"3571898","name":"Matthew Town","asciiname":"Matthew Town","alternatenames":["IGA","Mathew Town","Matthew Town"],"latitude":"20.94982","longitude":"-73.67346","feature_class":"P","feature_code":"PPLA","country_code":"BS","cc2":"","admin1_code":"13","admin2_code":"","admin3_code":"","admin4_code":"","population":"452","elevation":"","dem":"11","timezone":"America/Nassau","modification_date":"2014-01-18"},{"geonameid":"3571908","name":"Masons Bay","asciiname":"Masons Bay","alternatenames":[""],"latitude":"22.54352","longitude":"-73.8778","feature_class":"P","feature_code":"PPLA","country_code":"BS","cc2":"","admin1_code":"24","admin2_code":"","admin3_code":"","admin4_code":"","population":"0","elevation":"","dem":"6","timezone":"America/Nassau","modification_date":"2013-07-11"},{"geonameid":"3571913","name":"Marsh Harbour","asciiname":"Marsh Harbour","alternatenames":["MHH","Marsh Harbour"],"latitude":"26.54124","longitude":"-77.0636","feature_class":"P","feature_code":"PPLA","country_code":"BS","cc2":"","admin1_code":"37","admin2_code":"","admin3_code":"","admin4_code":"","population":"5314","elevation":"","dem":"4","timezone":"America/Nassau","modification_date":"2014-01-18"},{"geonameid":"3571971","name":"Lucaya","asciiname":"Lucaya","alternatenames":["Lucaya"],"latitude":"26.53333","longitude":"-78.66667","feature_class":"P","feature_code":"PPL","country_code":"BS","cc2":"","admin1_code":"25","admin2_code":"","admin3_code":"","admin4_code":"","population":"46525","elevation":"","dem":"7","timezone":"America/Nassau","modification_date":"2012-01-18"},{"geonameid":"3572189","name":"High Rock","asciiname":"High Rock","alternatenames":["High Rock","High Rock Village","High Rocks"],"latitude":"26.60999","longitude":"-78.27863","feature_class":"P","feature_code":"PPLA","country_code":"BS","cc2":"","admin1_code":"41","admin2_code":"","admin3_code":"","admin4_code":"","population":"3744","elevation":"","dem":"-9999","timezone":"America/Nassau","modification_date":"2013-05-05"},{"geonameid":"3572233","name":"Hard Bargain","asciiname":"Hard Bargain","alternatenames":["Hard Bargain","Hard Bargin"],"latitude":"26.31667","longitude":"-77.56667","feature_class":"P","feature_code":"PPLA","country_code":"BS","cc2":"","admin1_code":"45","admin2_code":"","admin3_code":"","admin4_code":"","population":"0","elevation":"","dem":"7","timezone":"America/Nassau","modification_date":"2012-02-12"},{"geonameid":"3572313","name":"Governor’s Harbour","asciiname":"Governor's Harbour","alternatenames":["Governor Harbor","Governor Harbour","Governor's Harbour","Governors Harbor","Governor’s Harbour"],"latitude":"25.16667","longitude":"-76.23333","feature_class":"P","feature_code":"PPLA","country_code":"BS","cc2":"","admin1_code":"39","admin2_code":"","admin3_code":"","admin4_code":"","population":"0","elevation":"","dem":"-9999","timezone":"America/Nassau","modification_date":"2013-07-07"},{"geonameid":"3572349","name":"George Town","asciiname":"George Town","alternatenames":["GGT","George Town"],"latitude":"23.51616","longitude":"-75.78665","feature_class":"P","feature_code":"PPLA","country_code":"BS","cc2":"","admin1_code":"10","admin2_code":"","admin3_code":"","admin4_code":"","population":"7314","elevation":"","dem":"15","timezone":"America/Nassau","modification_date":"2013-08-02"},{"geonameid":"3572375","name":"Freeport","asciiname":"Freeport","alternatenames":["FPO","Freeport","Freeport City","Friport","Фрипорт"],"latitude":"26.53333","longitude":"-78.7","feature_class":"P","feature_code":"PPLA","country_code":"BS","cc2":"BS","admin1_code":"25","admin2_code":"","admin3_code":"","admin4_code":"","population":"26910","elevation":"","dem":"6","timezone":"America/Nassau","modification_date":"2014-10-15"},{"geonameid":"3572462","name":"Dunmore Town","asciiname":"Dunmore Town","alternatenames":["Dunmore Town","Harbour Island"],"latitude":"25.50216","longitude":"-76.63633","feature_class":"P","feature_code":"PPL","country_code":"BS","cc2":"","admin1_code":"22","admin2_code":"","admin3_code":"","admin4_code":"","population":"1523","elevation":"","dem":"18","timezone":"America/Nassau","modification_date":"2014-01-19"},{"geonameid":"3572467","name":"Duncan Town","asciiname":"Duncan Town","alternatenames":["DCT","Duncan Town"],"latitude":"22.19083","longitude":"-75.72583","feature_class":"P","feature_code":"PPLA","country_code":"BS","cc2":"","admin1_code":"18","admin2_code":"","admin3_code":"","admin4_code":"","population":"70","elevation":"","dem":"27","timezone":"America/Nassau","modification_date":"2013-05-05"},{"geonameid":"3572601","name":"Cooper’s Town","asciiname":"Cooper's Town","alternatenames":[""],"latitude":"26.86667","longitude":"-77.51667","feature_class":"P","feature_code":"PPL","country_code":"BS","cc2":"","admin1_code":"46","admin2_code":"","admin3_code":"","admin4_code":"","population":"8413","elevation":"","dem":"-9999","timezone":"America/Nassau","modification_date":"2011-11-05"},{"geonameid":"3572620","name":"Colonel Hill","asciiname":"Colonel Hill","alternatenames":["CRI","Colonel Hill"],"latitude":"22.7545","longitude":"-74.20415","feature_class":"P","feature_code":"PPLA","country_code":"BS","cc2":"","admin1_code":"40","admin2_code":"","admin3_code":"","admin4_code":"","population":"240","elevation":"","dem":"5","timezone":"America/Nassau","modification_date":"2013-05-08"},{"geonameid":"3572627","name":"Cockburn Town","asciiname":"Cockburn Town","alternatenames":["Cockburn Town","Riding Rocks"],"latitude":"24.05179","longitude":"-74.53138","feature_class":"P","feature_code":"PPLA","country_code":"BS","cc2":"","admin1_code":"35","admin2_code":"","admin3_code":"","admin4_code":"","population":"831","elevation":"","dem":"10","timezone":"America/Nassau","modification_date":"2015-03-01"},{"geonameid":"3572640","name":"Clarence Town","asciiname":"Clarence Town","alternatenames":["Clarence","Clarence Town"],"latitude":"23.1","longitude":"-74.98333","feature_class":"P","feature_code":"PPLA","country_code":"BS","cc2":"","admin1_code":"15","admin2_code":"","admin3_code":"","admin4_code":"","population":"1752","elevation":"","dem":"20","timezone":"America/Nassau","modification_date":"2012-02-19"},{"geonameid":"3572796","name":"Black Point","asciiname":"Black Point","alternatenames":[""],"latitude":"24.1","longitude":"-76.38333","feature_class":"P","feature_code":"PPLA","country_code":"BS","cc2":"","admin1_code":"36","admin2_code":"","admin3_code":"","admin4_code":"","population":"0","elevation":"","dem":"-9999","timezone":"America/Nassau","modification_date":"2013-08-08"},{"geonameid":"3572897","name":"Arthur’s Town","asciiname":"Arthur's Town","alternatenames":["ATC","Arthur Town","Arthur's Town","Arthur’s Town"],"latitude":"24.6224","longitude":"-75.67151","feature_class":"P","feature_code":"PPLA","country_code":"BS","cc2":"","admin1_code":"06","admin2_code":"","admin3_code":"","admin4_code":"","population":"1175","elevation":"","dem":"5","timezone":"America/Nassau","modification_date":"2013-08-08"},{"geonameid":"3572906","name":"Andros Town","asciiname":"Andros Town","alternatenames":["ASD","Andros Town","Fresh Creek"],"latitude":"24.7","longitude":"-77.76667","feature_class":"P","feature_code":"PPL","country_code":"BS","cc2":"","admin1_code":"47","admin2_code":"","admin3_code":"","admin4_code":"","population":"2455","elevation":"","dem":"13","timezone":"America/Nassau","modification_date":"2012-01-18"},{"geonameid":"3572924","name":"Alice Town","asciiname":"Alice Town","alternatenames":["Alice Town"],"latitude":"25.71667","longitude":"-79.3","feature_class":"P","feature_code":"PPLA","country_code":"BS","cc2":"","admin1_code":"05","admin2_code":"","admin3_code":"","admin4_code":"","population":"949","elevation":"","dem":"1","timezone":"America/Nassau","modification_date":"2013-05-05"},{"geonameid":"3572940","name":"Abraham’s Bay","asciiname":"Abraham's Bay","alternatenames":["Abraham Bay","Abraham's Bay","Abraham’s Bay","The Charlton"],"latitude":"22.36667","longitude":"-72.96667","feature_class":"P","feature_code":"PPLA","country_code":"BS","cc2":"","admin1_code":"16","admin2_code":"","admin3_code":"","admin4_code":"","population":"235","elevation":"","dem":"7","timezone":"America/Nassau","modification_date":"2013-08-08"},{"geonameid":"3571224","name":"West End","asciiname":"West End","alternatenames":["WTD","West End","West End Settlement"],"latitude":"26.68711","longitude":"-78.97702","feature_class":"P","feature_code":"PPLA","country_code":"BS","cc2":"","admin1_code":"54","admin2_code":"","admin3_code":"","admin4_code":"","population":"12724","elevation":"","dem":"5","timezone":"America/Nassau","modification_date":"2014-09-21"},{"geonameid":"3571375","name":"Spanish Wells","asciiname":"Spanish Wells","alternatenames":["SWL","Spanish Wells","Spanish Wells Settlement"],"latitude":"25.54717","longitude":"-76.76405","feature_class":"P","feature_code":"PPLA","country_code":"BS","cc2":"","admin1_code":"53","admin2_code":"","admin3_code":"","admin4_code":"","population":"1500","elevation":"","dem":"9","timezone":"America/Nassau","modification_date":"2014-01-19"},{"geonameid":"3571523","name":"San Andros","asciiname":"San Andros","alternatenames":["SAQ","San Andros","San Andros Bahama Village"],"latitude":"25.06667","longitude":"-78.05","feature_class":"P","feature_code":"PPLA","country_code":"BS","cc2":"","admin1_code":"47","admin2_code":"","admin3_code":"","admin4_code":"","population":"7800","elevation":"","dem":"15","timezone":"America/Nassau","modification_date":"2013-08-08"},{"geonameid":"3571650","name":"Port Nelson","asciiname":"Port Nelson","alternatenames":["Port Nelson","RCY"],"latitude":"23.64967","longitude":"-74.84157","feature_class":"P","feature_code":"PPLA","country_code":"BS","cc2":"","admin1_code":"49","admin2_code":"","admin3_code":"","admin4_code":"","population":"91","elevation":"","dem":"4","timezone":"America/Nassau","modification_date":"2014-01-18"},{"geonameid":"3571824","name":"Nassau","asciiname":"Nassau","alternatenames":["City of Nassau","Gorad Nasau","NAS","Nasau","Nasauo","Nasaŭo","Naso","Nassaou","Nassau","Nassau City","Nassau pa Bahamas","Nassau på Bahamas","Nasáu","na sao","nasa'u","nasau","nasaw","nasayw","nasea","naso","nasso","nsaw","Νασσάου","Горад Насау","Насау","Нассау","Նասաու","נסאו","ناسائو","ناساو","نساؤ","नासाउ","ਨਸਾਊ","നാസോ","แนสซอ","ན་སའོ།","ნასაუ","ናሶ","ナッソー","拿骚","나소"],"latitude":"25.05823","longitude":"-77.34306","feature_class":"P","feature_code":"PPLC","country_code":"BS","cc2":"","admin1_code":"23","admin2_code":"","admin3_code":"","admin4_code":"","population":"227940","elevation":"","dem":"5","timezone":"America/Nassau","modification_date":"2010-05-30"},{"geonameid":"3571898","name":"Matthew Town","asciiname":"Matthew Town","alternatenames":["IGA","Mathew Town","Matthew Town"],"latitude":"20.94982","longitude":"-73.67346","feature_class":"P","feature_code":"PPLA","country_code":"BS","cc2":"","admin1_code":"13","admin2_code":"","admin3_code":"","admin4_code":"","population":"452","elevation":"","dem":"11","timezone":"America/Nassau","modification_date":"2014-01-18"},{"geonameid":"3571908","name":"Masons Bay","asciiname":"Masons Bay","alternatenames":[""],"latitude":"22.54352","longitude":"-73.8778","feature_class":"P","feature_code":"PPLA","country_code":"BS","cc2":"","admin1_code":"24","admin2_code":"","admin3_code":"","admin4_code":"","population":"0","elevation":"","dem":"6","timezone":"America/Nassau","modification_date":"2013-07-11"},{"geonameid":"3571913","name":"Marsh Harbour","asciiname":"Marsh Harbour","alternatenames":["MHH","Marsh Harbour"],"latitude":"26.54124","longitude":"-77.0636","feature_class":"P","feature_code":"PPLA","country_code":"BS","cc2":"","admin1_code":"37","admin2_code":"","admin3_code":"","admin4_code":"","population":"5314","elevation":"","dem":"4","timezone":"America/Nassau","modification_date":"2014-01-18"},{"geonameid":"3571971","name":"Lucaya","asciiname":"Lucaya","alternatenames":["Lucaya"],"latitude":"26.53333","longitude":"-78.66667","feature_class":"P","feature_code":"PPL","country_code":"BS","cc2":"","admin1_code":"25","admin2_code":"","admin3_code":"","admin4_code":"","population":"46525","elevation":"","dem":"7","timezone":"America/Nassau","modification_date":"2012-01-18"},{"geonameid":"3572189","name":"High Rock","asciiname":"High Rock","alternatenames":["High Rock","High Rock Village","High Rocks"],"latitude":"26.60999","longitude":"-78.27863","feature_class":"P","feature_code":"PPLA","country_code":"BS","cc2":"","admin1_code":"41","admin2_code":"","admin3_code":"","admin4_code":"","population":"3744","elevation":"","dem":"-9999","timezone":"America/Nassau","modification_date":"2013-05-05"},{"geonameid":"3572233","name":"Hard Bargain","asciiname":"Hard Bargain","alternatenames":["Hard Bargain","Hard Bargin"],"latitude":"26.31667","longitude":"-77.56667","feature_class":"P","feature_code":"PPLA","country_code":"BS","cc2":"","admin1_code":"45","admin2_code":"","admin3_code":"","admin4_code":"","population":"0","elevation":"","dem":"7","timezone":"America/Nassau","modification_date":"2012-02-12"},{"geonameid":"3572313","name":"Governor’s Harbour","asciiname":"Governor's Harbour","alternatenames":["Governor Harbor","Governor Harbour","Governor's Harbour","Governors Harbor","Governor’s Harbour"],"latitude":"25.16667","longitude":"-76.23333","feature_class":"P","feature_code":"PPLA","country_code":"BS","cc2":"","admin1_code":"39","admin2_code":"","admin3_code":"","admin4_code":"","population":"0","elevation":"","dem":"-9999","timezone":"America/Nassau","modification_date":"2013-07-07"},{"geonameid":"3572349","name":"George Town","asciiname":"George Town","alternatenames":["GGT","George Town"],"latitude":"23.51616","longitude":"-75.78665","feature_class":"P","feature_code":"PPLA","country_code":"BS","cc2":"","admin1_code":"10","admin2_code":"","admin3_code":"","admin4_code":"","population":"7314","elevation":"","dem":"15","timezone":"America/Nassau","modification_date":"2013-08-02"},{"geonameid":"3572375","name":"Freeport","asciiname":"Freeport","alternatenames":["FPO","Freeport","Freeport City","Friport","Фрипорт"],"latitude":"26.53333","longitude":"-78.7","feature_class":"P","feature_code":"PPLA","country_code":"BS","cc2":"BS","admin1_code":"25","admin2_code":"","admin3_code":"","admin4_code":"","population":"26910","elevation":"","dem":"6","timezone":"America/Nassau","modification_date":"2014-10-15"},{"geonameid":"3572467","name":"Duncan Town","asciiname":"Duncan Town","alternatenames":["DCT","Duncan Town"],"latitude":"22.19083","longitude":"-75.72583","feature_class":"P","feature_code":"PPLA","country_code":"BS","cc2":"","admin1_code":"18","admin2_code":"","admin3_code":"","admin4_code":"","population":"70","elevation":"","dem":"27","timezone":"America/Nassau","modification_date":"2013-05-05"},{"geonameid":"3572601","name":"Cooper’s Town","asciiname":"Cooper's Town","alternatenames":[""],"latitude":"26.86667","longitude":"-77.51667","feature_class":"P","feature_code":"PPL","country_code":"BS","cc2":"","admin1_code":"46","admin2_code":"","admin3_code":"","admin4_code":"","population":"8413","elevation":"","dem":"-9999","timezone":"America/Nassau","modification_date":"2011-11-05"},{"geonameid":"3572620","name":"Colonel Hill","asciiname":"Colonel Hill","alternatenames":["CRI","Colonel Hill"],"latitude":"22.7545","longitude":"-74.20415","feature_class":"P","feature_code":"PPLA","country_code":"BS","cc2":"","admin1_code":"40","admin2_code":"","admin3_code":"","admin4_code":"","population":"240","elevation":"","dem":"5","timezone":"America/Nassau","modification_date":"2013-05-08"},{"geonameid":"3572627","name":"Cockburn Town","asciiname":"Cockburn Town","alternatenames":["Cockburn Town","Riding Rocks"],"latitude":"24.05179","longitude":"-74.53138","feature_class":"P","feature_code":"PPLA","country_code":"BS","cc2":"","admin1_code":"35","admin2_code":"","admin3_code":"","admin4_code":"","population":"831","elevation":"","dem":"10","timezone":"America/Nassau","modification_date":"2015-03-01"},{"geonameid":"3572640","name":"Clarence Town","asciiname":"Clarence Town","alternatenames":["Clarence","Clarence Town"],"latitude":"23.1","longitude":"-74.98333","feature_class":"P","feature_code":"PPLA","country_code":"BS","cc2":"","admin1_code":"15","admin2_code":"","admin3_code":"","admin4_code":"","population":"1752","elevation":"","dem":"20","timezone":"America/Nassau","modification_date":"2012-02-19"},{"geonameid":"3572796","name":"Black Point","asciiname":"Black Point","alternatenames":[""],"latitude":"24.1","longitude":"-76.38333","feature_class":"P","feature_code":"PPLA","country_code":"BS","cc2":"","admin1_code":"36","admin2_code":"","admin3_code":"","admin4_code":"","population":"0","elevation":"","dem":"-9999","timezone":"America/Nassau","modification_date":"2013-08-08"},{"geonameid":"3572897","name":"Arthur’s Town","asciiname":"Arthur's Town","alternatenames":["ATC","Arthur Town","Arthur's Town","Arthur’s Town"],"latitude":"24.6224","longitude":"-75.67151","feature_class":"P","feature_code":"PPLA","country_code":"BS","cc2":"","admin1_code":"06","admin2_code":"","admin3_code":"","admin4_code":"","population":"1175","elevation":"","dem":"5","timezone":"America/Nassau","modification_date":"2013-08-08"},{"geonameid":"3572924","name":"Alice Town","asciiname":"Alice Town","alternatenames":["Alice Town"],"latitude":"25.71667","longitude":"-79.3","feature_class":"P","feature_code":"PPLA","country_code":"BS","cc2":"","admin1_code":"05","admin2_code":"","admin3_code":"","admin4_code":"","population":"949","elevation":"","dem":"1","timezone":"America/Nassau","modification_date":"2013-05-05"},{"geonameid":"3572940","name":"Abraham’s Bay","asciiname":"Abraham's Bay","alternatenames":["Abraham Bay","Abraham's Bay","Abraham’s Bay","The Charlton"],"latitude":"22.36667","longitude":"-72.96667","feature_class":"P","feature_code":"PPLA","country_code":"BS","cc2":"","admin1_code":"16","admin2_code":"","admin3_code":"","admin4_code":"","population":"235","elevation":"","dem":"7","timezone":"America/Nassau","modification_date":"2013-08-08"},{"geonameid":"3571824","name":"Nassau","asciiname":"Nassau","alternatenames":["City of Nassau","Gorad Nasau","NAS","Nasau","Nasauo","Nasaŭo","Naso","Nassaou","Nassau","Nassau City","Nassau pa Bahamas","Nassau på Bahamas","Nasáu","na sao","nasa'u","nasau","nasaw","nasayw","nasea","naso","nasso","nsaw","Νασσάου","Горад Насау","Насау","Нассау","Նասաու","נסאו","ناسائو","ناساو","نساؤ","नासाउ","ਨਸਾਊ","നാസോ","แนสซอ","ན་སའོ།","ნასაუ","ናሶ","ナッソー","拿骚","나소"],"latitude":"25.05823","longitude":"-77.34306","feature_class":"P","feature_code":"PPLC","country_code":"BS","cc2":"","admin1_code":"23","admin2_code":"","admin3_code":"","admin4_code":"","population":"227940","elevation":"","dem":"5","timezone":"America/Nassau","modification_date":"2010-05-30"},{"geonameid":"3571971","name":"Lucaya","asciiname":"Lucaya","alternatenames":["Lucaya"],"latitude":"26.53333","longitude":"-78.66667","feature_class":"P","feature_code":"PPL","country_code":"BS","cc2":"","admin1_code":"25","admin2_code":"","admin3_code":"","admin4_code":"","population":"46525","elevation":"","dem":"7","timezone":"America/Nassau","modification_date":"2012-01-18"},{"geonameid":"3572375","name":"Freeport","asciiname":"Freeport","alternatenames":["FPO","Freeport","Freeport City","Friport","Фрипорт"],"latitude":"26.53333","longitude":"-78.7","feature_class":"P","feature_code":"PPLA","country_code":"BS","cc2":"BS","admin1_code":"25","admin2_code":"","admin3_code":"","admin4_code":"","population":"26910","elevation":"","dem":"6","timezone":"America/Nassau","modification_date":"2014-10-15"}]}