{"country_data":{"ISO":"BH","ISO3":"BHR","ISO_Numeric":"048","fips":"BA","country":"Bahrain","capital":"Manama","area":"665","Population":"738004","Continent":"AS","tld":".bh","CurrencyCode":"BHD","CurrencyName":"Dinar","Phone":"973","Postal_Code_Format":"####|###","Postal_Code_Regex":"^(\\d{3}\\d?)$","Languages":"ar-BH,en,fa,ur","geonameid":"290291","neighbours":"","EquivalentFipsCode":""},"cities":[{"geonameid":"290104","name":"Sitrah","asciiname":"Sitrah","alternatenames":["Sitra","Sitrah","sitrat","Ситра","سِتْرَة"],"latitude":"26.15472","longitude":"50.62056","feature_class":"P","feature_code":"PPL","country_code":"BH","cc2":"","admin1_code":"16","admin2_code":"","admin3_code":"","admin4_code":"","population":"37657","elevation":"","dem":"5","timezone":"Asia/Bahrain","modification_date":"2015-05-06"},{"geonameid":"290187","name":"Madīnat ‘Īsá","asciiname":"Madinat `Isa","alternatenames":["Isa","Isa Town","Madinat `Isa","Madīnat ‘Īsá","Medinat Isa","مَدِينَة عِيسَى"],"latitude":"26.17361","longitude":"50.54778","feature_class":"P","feature_code":"PPL","country_code":"BH","cc2":"","admin1_code":"17","admin2_code":"","admin3_code":"","admin4_code":"","population":"38090","elevation":"","dem":"7","timezone":"Asia/Bahrain","modification_date":"2015-05-06"},{"geonameid":"290215","name":"Jidd Ḩafş","asciiname":"Jidd Hafs","alternatenames":["Djidd Hafs","Djidd Ḥafṣ","Jadd Hafs","Jid Hafs","Jidd Hafs","Jidd Ḩafş","Judd Hafs","Judd Ḩafş","jid hafs","جِدّ حَفْص"],"latitude":"26.21861","longitude":"50.54778","feature_class":"P","feature_code":"PPL","country_code":"BH","cc2":"","admin1_code":"16","admin2_code":"","admin3_code":"","admin4_code":"","population":"31735","elevation":"","dem":"6","timezone":"Asia/Bahrain","modification_date":"2012-01-18"},{"geonameid":"290247","name":"Madīnat Ḩamad","asciiname":"Madinat Hamad","alternatenames":["Hamad Town","Madinat Hamad","Madīnat Ḩamad","madinat hamad","مَدِينَة حَمَد"],"latitude":"26.11528","longitude":"50.50694","feature_class":"P","feature_code":"PPL","country_code":"BH","cc2":"","admin1_code":"18","admin2_code":"","admin3_code":"","admin4_code":"","population":"52718","elevation":"","dem":"35","timezone":"Asia/Bahrain","modification_date":"2013-08-06"},{"geonameid":"290269","name":"Dār Kulayb","asciiname":"Dar Kulayb","alternatenames":["Dar Chulaib","Dar Kulaib","Dar Kulayb","Dār Kulaib","Dār Kulayb","dar kulayb","دَار كُلَيْب"],"latitude":"26.06861","longitude":"50.50389","feature_class":"P","feature_code":"PPL","country_code":"BH","cc2":"","admin1_code":"17","admin2_code":"","admin3_code":"","admin4_code":"","population":"65466","elevation":"","dem":"10","timezone":"Asia/Bahrain","modification_date":"2015-05-06"},{"geonameid":"290332","name":"Al Muharraq","asciiname":"Al Muharraq","alternatenames":["Al Muharrak","Al Muharraq","Al Muḩarraq","Al'-Mukharrak","Al-Muharrak","Al-Muharraq","Al-Muḥarrak","Moharek","Muharrak","Muharraq","Muharraq Town","Muhurraq","aalmuharaq","mhrq","Аль-Мухаррак","اَلْمُحَرَّق","محرق"],"latitude":"26.25722","longitude":"50.61194","feature_class":"P","feature_code":"PPL","country_code":"BH","cc2":"","admin1_code":"15","admin2_code":"","admin3_code":"","admin4_code":"","population":"97458","elevation":"","dem":"7","timezone":"Asia/Bahrain","modification_date":"2013-06-27"},{"geonameid":"290340","name":"Manama","asciiname":"Manama","alternatenames":["Al Manama","Al Manamah","Al Manāma","Al Manāmah","Al-Manama","Al-Manamah","Al-Manāmah","BAH","Gorad Manama","Maenamae","Manaama","Manam","Manama","Manamae","Manamah","Manameh","Manamo","Manáma","Manāma","Manāmah","Menama","Mename","Mänamä","aalmanamat","almnamh","almnamt","mai na ma","mai na mai","manama","mnamh","Μανάμα","Горад Манама","Манамæ","Манама","Մանամա","מנאמה","المنامة","المنامه","اَلْمَنَامَة","مانامہ","منامه","منامہ","مەنامە","मनामा","মানামা","ਮਨਾਮਾ","ମାନାମା","மனாமா","มานามา","མ་ན་མ།","მანამა","ማናማ","マナーマ","麥納瑪","麦纳麦","마나마"],"latitude":"26.21536","longitude":"50.5832","feature_class":"P","feature_code":"PPLC","country_code":"BH","cc2":"","admin1_code":"16","admin2_code":"","admin3_code":"","admin4_code":"","population":"147074","elevation":"","dem":"5","timezone":"Asia/Bahrain","modification_date":"2013-03-16"},{"geonameid":"290363","name":"Al Ḩadd","asciiname":"Al Hadd","alternatenames":["Al Hadd","Al Hidd","Al Ḩadd","Al Ḩidd","Hadd","Hidd","aalhad","اَلْحَدّ"],"latitude":"26.24556","longitude":"50.65417","feature_class":"P","feature_code":"PPL","country_code":"BH","cc2":"","admin1_code":"15","admin2_code":"","admin3_code":"","admin4_code":"","population":"12797","elevation":"","dem":"7","timezone":"Asia/Bahrain","modification_date":"2012-01-18"},{"geonameid":"385038","name":"Ar Rifā‘","asciiname":"Ar Rifa'","alternatenames":["Ar Rifa","Ar Rifa`","Ar Rifā‘","Riffa","اَلرِّفَاع"],"latitude":"26.13","longitude":"50.555","feature_class":"P","feature_code":"PPL","country_code":"BH","cc2":"","admin1_code":"17","admin2_code":"","admin3_code":"","admin4_code":"","population":"79550","elevation":"","dem":"43","timezone":"Asia/Bahrain","modification_date":"2015-05-06"},{"geonameid":"290104","name":"Sitrah","asciiname":"Sitrah","alternatenames":["Sitra","Sitrah","sitrat","Ситра","سِتْرَة"],"latitude":"26.15472","longitude":"50.62056","feature_class":"P","feature_code":"PPL","country_code":"BH","cc2":"","admin1_code":"16","admin2_code":"","admin3_code":"","admin4_code":"","population":"37657","elevation":"","dem":"5","timezone":"Asia/Bahrain","modification_date":"2015-05-06"},{"geonameid":"290187","name":"Madīnat ‘Īsá","asciiname":"Madinat `Isa","alternatenames":["Isa","Isa Town","Madinat `Isa","Madīnat ‘Īsá","Medinat Isa","مَدِينَة عِيسَى"],"latitude":"26.17361","longitude":"50.54778","feature_class":"P","feature_code":"PPL","country_code":"BH","cc2":"","admin1_code":"17","admin2_code":"","admin3_code":"","admin4_code":"","population":"38090","elevation":"","dem":"7","timezone":"Asia/Bahrain","modification_date":"2015-05-06"},{"geonameid":"290215","name":"Jidd Ḩafş","asciiname":"Jidd Hafs","alternatenames":["Djidd Hafs","Djidd Ḥafṣ","Jadd Hafs","Jid Hafs","Jidd Hafs","Jidd Ḩafş","Judd Hafs","Judd Ḩafş","jid hafs","جِدّ حَفْص"],"latitude":"26.21861","longitude":"50.54778","feature_class":"P","feature_code":"PPL","country_code":"BH","cc2":"","admin1_code":"16","admin2_code":"","admin3_code":"","admin4_code":"","population":"31735","elevation":"","dem":"6","timezone":"Asia/Bahrain","modification_date":"2012-01-18"},{"geonameid":"290247","name":"Madīnat Ḩamad","asciiname":"Madinat Hamad","alternatenames":["Hamad Town","Madinat Hamad","Madīnat Ḩamad","madinat hamad","مَدِينَة حَمَد"],"latitude":"26.11528","longitude":"50.50694","feature_class":"P","feature_code":"PPL","country_code":"BH","cc2":"","admin1_code":"18","admin2_code":"","admin3_code":"","admin4_code":"","population":"52718","elevation":"","dem":"35","timezone":"Asia/Bahrain","modification_date":"2013-08-06"},{"geonameid":"290269","name":"Dār Kulayb","asciiname":"Dar Kulayb","alternatenames":["Dar Chulaib","Dar Kulaib","Dar Kulayb","Dār Kulaib","Dār Kulayb","dar kulayb","دَار كُلَيْب"],"latitude":"26.06861","longitude":"50.50389","feature_class":"P","feature_code":"PPL","country_code":"BH","cc2":"","admin1_code":"17","admin2_code":"","admin3_code":"","admin4_code":"","population":"65466","elevation":"","dem":"10","timezone":"Asia/Bahrain","modification_date":"2015-05-06"},{"geonameid":"290332","name":"Al Muharraq","asciiname":"Al Muharraq","alternatenames":["Al Muharrak","Al Muharraq","Al Muḩarraq","Al'-Mukharrak","Al-Muharrak","Al-Muharraq","Al-Muḥarrak","Moharek","Muharrak","Muharraq","Muharraq Town","Muhurraq","aalmuharaq","mhrq","Аль-Мухаррак","اَلْمُحَرَّق","محرق"],"latitude":"26.25722","longitude":"50.61194","feature_class":"P","feature_code":"PPL","country_code":"BH","cc2":"","admin1_code":"15","admin2_code":"","admin3_code":"","admin4_code":"","population":"97458","elevation":"","dem":"7","timezone":"Asia/Bahrain","modification_date":"2013-06-27"},{"geonameid":"290340","name":"Manama","asciiname":"Manama","alternatenames":["Al Manama","Al Manamah","Al Manāma","Al Manāmah","Al-Manama","Al-Manamah","Al-Manāmah","BAH","Gorad Manama","Maenamae","Manaama","Manam","Manama","Manamae","Manamah","Manameh","Manamo","Manáma","Manāma","Manāmah","Menama","Mename","Mänamä","aalmanamat","almnamh","almnamt","mai na ma","mai na mai","manama","mnamh","Μανάμα","Горад Манама","Манамæ","Манама","Մանամա","מנאמה","المنامة","المنامه","اَلْمَنَامَة","مانامہ","منامه","منامہ","مەنامە","मनामा","মানামা","ਮਨਾਮਾ","ମାନାମା","மனாமா","มานามา","མ་ན་མ།","მანამა","ማናማ","マナーマ","麥納瑪","麦纳麦","마나마"],"latitude":"26.21536","longitude":"50.5832","feature_class":"P","feature_code":"PPLC","country_code":"BH","cc2":"","admin1_code":"16","admin2_code":"","admin3_code":"","admin4_code":"","population":"147074","elevation":"","dem":"5","timezone":"Asia/Bahrain","modification_date":"2013-03-16"},{"geonameid":"290363","name":"Al Ḩadd","asciiname":"Al Hadd","alternatenames":["Al Hadd","Al Hidd","Al Ḩadd","Al Ḩidd","Hadd","Hidd","aalhad","اَلْحَدّ"],"latitude":"26.24556","longitude":"50.65417","feature_class":"P","feature_code":"PPL","country_code":"BH","cc2":"","admin1_code":"15","admin2_code":"","admin3_code":"","admin4_code":"","population":"12797","elevation":"","dem":"7","timezone":"Asia/Bahrain","modification_date":"2012-01-18"},{"geonameid":"385038","name":"Ar Rifā‘","asciiname":"Ar Rifa'","alternatenames":["Ar Rifa","Ar Rifa`","Ar Rifā‘","Riffa","اَلرِّفَاع"],"latitude":"26.13","longitude":"50.555","feature_class":"P","feature_code":"PPL","country_code":"BH","cc2":"","admin1_code":"17","admin2_code":"","admin3_code":"","admin4_code":"","population":"79550","elevation":"","dem":"43","timezone":"Asia/Bahrain","modification_date":"2015-05-06"},{"geonameid":"290104","name":"Sitrah","asciiname":"Sitrah","alternatenames":["Sitra","Sitrah","sitrat","Ситра","سِتْرَة"],"latitude":"26.15472","longitude":"50.62056","feature_class":"P","feature_code":"PPL","country_code":"BH","cc2":"","admin1_code":"16","admin2_code":"","admin3_code":"","admin4_code":"","population":"37657","elevation":"","dem":"5","timezone":"Asia/Bahrain","modification_date":"2015-05-06"},{"geonameid":"290187","name":"Madīnat ‘Īsá","asciiname":"Madinat `Isa","alternatenames":["Isa","Isa Town","Madinat `Isa","Madīnat ‘Īsá","Medinat Isa","مَدِينَة عِيسَى"],"latitude":"26.17361","longitude":"50.54778","feature_class":"P","feature_code":"PPL","country_code":"BH","cc2":"","admin1_code":"17","admin2_code":"","admin3_code":"","admin4_code":"","population":"38090","elevation":"","dem":"7","timezone":"Asia/Bahrain","modification_date":"2015-05-06"},{"geonameid":"290215","name":"Jidd Ḩafş","asciiname":"Jidd Hafs","alternatenames":["Djidd Hafs","Djidd Ḥafṣ","Jadd Hafs","Jid Hafs","Jidd Hafs","Jidd Ḩafş","Judd Hafs","Judd Ḩafş","jid hafs","جِدّ حَفْص"],"latitude":"26.21861","longitude":"50.54778","feature_class":"P","feature_code":"PPL","country_code":"BH","cc2":"","admin1_code":"16","admin2_code":"","admin3_code":"","admin4_code":"","population":"31735","elevation":"","dem":"6","timezone":"Asia/Bahrain","modification_date":"2012-01-18"},{"geonameid":"290247","name":"Madīnat Ḩamad","asciiname":"Madinat Hamad","alternatenames":["Hamad Town","Madinat Hamad","Madīnat Ḩamad","madinat hamad","مَدِينَة حَمَد"],"latitude":"26.11528","longitude":"50.50694","feature_class":"P","feature_code":"PPL","country_code":"BH","cc2":"","admin1_code":"18","admin2_code":"","admin3_code":"","admin4_code":"","population":"52718","elevation":"","dem":"35","timezone":"Asia/Bahrain","modification_date":"2013-08-06"},{"geonameid":"290269","name":"Dār Kulayb","asciiname":"Dar Kulayb","alternatenames":["Dar Chulaib","Dar Kulaib","Dar Kulayb","Dār Kulaib","Dār Kulayb","dar kulayb","دَار كُلَيْب"],"latitude":"26.06861","longitude":"50.50389","feature_class":"P","feature_code":"PPL","country_code":"BH","cc2":"","admin1_code":"17","admin2_code":"","admin3_code":"","admin4_code":"","population":"65466","elevation":"","dem":"10","timezone":"Asia/Bahrain","modification_date":"2015-05-06"},{"geonameid":"290332","name":"Al Muharraq","asciiname":"Al Muharraq","alternatenames":["Al Muharrak","Al Muharraq","Al Muḩarraq","Al'-Mukharrak","Al-Muharrak","Al-Muharraq","Al-Muḥarrak","Moharek","Muharrak","Muharraq","Muharraq Town","Muhurraq","aalmuharaq","mhrq","Аль-Мухаррак","اَلْمُحَرَّق","محرق"],"latitude":"26.25722","longitude":"50.61194","feature_class":"P","feature_code":"PPL","country_code":"BH","cc2":"","admin1_code":"15","admin2_code":"","admin3_code":"","admin4_code":"","population":"97458","elevation":"","dem":"7","timezone":"Asia/Bahrain","modification_date":"2013-06-27"},{"geonameid":"290340","name":"Manama","asciiname":"Manama","alternatenames":["Al Manama","Al Manamah","Al Manāma","Al Manāmah","Al-Manama","Al-Manamah","Al-Manāmah","BAH","Gorad Manama","Maenamae","Manaama","Manam","Manama","Manamae","Manamah","Manameh","Manamo","Manáma","Manāma","Manāmah","Menama","Mename","Mänamä","aalmanamat","almnamh","almnamt","mai na ma","mai na mai","manama","mnamh","Μανάμα","Горад Манама","Манамæ","Манама","Մանամա","מנאמה","المنامة","المنامه","اَلْمَنَامَة","مانامہ","منامه","منامہ","مەنامە","मनामा","মানামা","ਮਨਾਮਾ","ମାନାମା","மனாமா","มานามา","མ་ན་མ།","მანამა","ማናማ","マナーマ","麥納瑪","麦纳麦","마나마"],"latitude":"26.21536","longitude":"50.5832","feature_class":"P","feature_code":"PPLC","country_code":"BH","cc2":"","admin1_code":"16","admin2_code":"","admin3_code":"","admin4_code":"","population":"147074","elevation":"","dem":"5","timezone":"Asia/Bahrain","modification_date":"2013-03-16"},{"geonameid":"385038","name":"Ar Rifā‘","asciiname":"Ar Rifa'","alternatenames":["Ar Rifa","Ar Rifa`","Ar Rifā‘","Riffa","اَلرِّفَاع"],"latitude":"26.13","longitude":"50.555","feature_class":"P","feature_code":"PPL","country_code":"BH","cc2":"","admin1_code":"17","admin2_code":"","admin3_code":"","admin4_code":"","population":"79550","elevation":"","dem":"43","timezone":"Asia/Bahrain","modification_date":"2015-05-06"}]}