{"country_data":{"ISO":"BZ","ISO3":"BLZ","ISO_Numeric":"084","fips":"BH","country":"Belize","capital":"Belmopan","area":"22966","Population":"314522","Continent":"NA","tld":".bz","CurrencyCode":"BZD","CurrencyName":"Dollar","Phone":"501","Postal_Code_Format":"","Postal_Code_Regex":"","Languages":"en-BZ,es","geonameid":"3582678","neighbours":"GT,MX","EquivalentFipsCode":""},"cities":[{"geonameid":"3581066","name":"Shipyard","asciiname":"Shipyard","alternatenames":["Shipyard"],"latitude":"17.89382","longitude":"-88.65452","feature_class":"P","feature_code":"PPL","country_code":"BZ","cc2":"","admin1_code":"04","admin2_code":"","admin3_code":"","admin4_code":"","population":"3522","elevation":"","dem":"20","timezone":"America/Belize","modification_date":"2014-02-08"},{"geonameid":"3581164","name":"San Pedro","asciiname":"San Pedro","alternatenames":["SPR","San Pedro Town"],"latitude":"17.91598","longitude":"-87.9659","feature_class":"P","feature_code":"PPL","country_code":"BZ","cc2":"","admin1_code":"01","admin2_code":"","admin3_code":"","admin4_code":"","population":"8418","elevation":"","dem":"4","timezone":"America/Belize","modification_date":"2014-02-08"},{"geonameid":"3581194","name":"San Ignacio","asciiname":"San Ignacio","alternatenames":["Cayo","Cayo Town","El Cayo de San Ignacio","SQS","San Ignacio"],"latitude":"17.15297","longitude":"-89.08058","feature_class":"P","feature_code":"PPL","country_code":"BZ","cc2":"","admin1_code":"02","admin2_code":"","admin3_code":"","admin4_code":"","population":"16812","elevation":"","dem":"84","timezone":"America/Belize","modification_date":"2014-07-21"},{"geonameid":"3581398","name":"Punta Gorda","asciiname":"Punta Gorda","alternatenames":["P.G","PND","Punta Gorda"],"latitude":"16.09835","longitude":"-88.8097","feature_class":"P","feature_code":"PPLA","country_code":"BZ","cc2":"","admin1_code":"06","admin2_code":"","admin3_code":"","admin4_code":"","population":"5205","elevation":"","dem":"8","timezone":"America/Belize","modification_date":"2013-06-27"},{"geonameid":"3581447","name":"Placencia","asciiname":"Placencia","alternatenames":["PLJ","Placencia","Placentia","Placentia Village","Plasencia","Point Placentia","Punta Placencia"],"latitude":"16.51419","longitude":"-88.36647","feature_class":"P","feature_code":"PPL","country_code":"BZ","cc2":"","admin1_code":"05","admin2_code":"","admin3_code":"","admin4_code":"","population":"4300","elevation":"","dem":"11","timezone":"America/Belize","modification_date":"2013-11-24"},{"geonameid":"3581514","name":"Orange Walk","asciiname":"Orange Walk","alternatenames":["ORZ","Orange Walk"],"latitude":"18.08124","longitude":"-88.56328","feature_class":"P","feature_code":"PPLA","country_code":"BZ","cc2":"","admin1_code":"04","admin2_code":"","admin3_code":"","admin4_code":"","population":"15298","elevation":"","dem":"16","timezone":"America/Belize","modification_date":"2013-11-16"},{"geonameid":"3582228","name":"Dangriga","asciiname":"Dangriga","alternatenames":["DGA","Dangriga","Dangriga Town  Dangriga","Stann Creek","Stann Creek Town","Stann Creek Village","Stanncrek"],"latitude":"16.9697","longitude":"-88.23313","feature_class":"P","feature_code":"PPLA","country_code":"BZ","cc2":"","admin1_code":"05","admin2_code":"9252696","admin3_code":"","admin4_code":"","population":"10750","elevation":"","dem":"7","timezone":"America/Belize","modification_date":"2014-08-03"},{"geonameid":"3582305","name":"Corozal","asciiname":"Corozal","alternatenames":["CZH","Corasal","Corazal","Corosal","Corozal"],"latitude":"18.39375","longitude":"-88.38849","feature_class":"P","feature_code":"PPLA","country_code":"BZ","cc2":"","admin1_code":"03","admin2_code":"","admin3_code":"","admin4_code":"","population":"9871","elevation":"","dem":"5","timezone":"America/Belize","modification_date":"2013-06-27"},{"geonameid":"3582662","name":"Benque Viejo del Carmen","asciiname":"Benque Viejo del Carmen","alternatenames":["Bengue Viejo","Benique Viejo del Carmen","Benque Viejo","Benque Viejo del Carmen","Cayo"],"latitude":"17.075","longitude":"-89.13917","feature_class":"P","feature_code":"PPL","country_code":"BZ","cc2":"","admin1_code":"02","admin2_code":"","admin3_code":"","admin4_code":"","population":"7092","elevation":"","dem":"89","timezone":"America/Belize","modification_date":"2012-01-18"},{"geonameid":"3582672","name":"Belmopan","asciiname":"Belmopan","alternatenames":["BCV","Bel'mopan","Belmopan","Belmopana","Belmopanas","Belmopano","Belmopanum","Belmopán","Belmópan","Bèlmopan","Gorad Bel'mapan","Hattieville","Mopan","Mpelmopan","bailamopana","bei er mo bang","belmopan","belmopana","berumopan","blmwban","blmwpan","blmwpn","pelmoppan","Μπελμοπάν","Белмопан","Бельмопан","Горад Бельмапан","Բելմոպան","בלמופן","בעלמאפאן","بلموبان","بلموپان","बेल्मोपान","ਬੈਲਮੋਪਾਨ","பெல்மோப்பான்","เบลโมแพน","པེར་མོ་ཕན།","ბელმოპანი","ቤልሞፓን","ベルモパン","貝爾墨邦","벨모판"],"latitude":"17.25","longitude":"-88.76667","feature_class":"P","feature_code":"PPLC","country_code":"BZ","cc2":"","admin1_code":"02","admin2_code":"","admin3_code":"","admin4_code":"","population":"13381","elevation":"","dem":"71","timezone":"America/Belize","modification_date":"2012-01-18"},{"geonameid":"3582677","name":"Belize City","asciiname":"Belize City","alternatenames":["Altepetl Belice","BZE","Belice","Beliz","Beliz Siti","Belizas","Belize","Belize City","Belize-stad","Belizurbo","Ciudad de Belice","Dinas Belize","Poli tou Beliz","Syudad han Belize","Thanh pho Belize","Thành phố Belize","be lis si ti","beliza siti","bellijeusiti","berizushiti","blyz syty","bo li ci shi","Āltepētl Belice","Πόλη του Μπελίζ","Белиз","Белиз Сити","Белизе","Беліз","בליז סיטי","بېلىز شەھىرى","बेलीज़ सिटी","เบลีซซิตี","ဘလိဇ်မြို့","ベリーズシティ","伯利兹市","벨리즈시티"],"latitude":"17.49952","longitude":"-88.19756","feature_class":"P","feature_code":"PPLA","country_code":"BZ","cc2":"","admin1_code":"01","admin2_code":"","admin3_code":"","admin4_code":"","population":"61461","elevation":"","dem":"6","timezone":"America/Belize","modification_date":"2013-09-27"},{"geonameid":"3830322","name":"Valley of Peace","asciiname":"Valley of Peace","alternatenames":["Valley of Peace"],"latitude":"17.33472","longitude":"-88.83472","feature_class":"P","feature_code":"PPL","country_code":"BZ","cc2":"BZ","admin1_code":"02","admin2_code":"","admin3_code":"","admin4_code":"","population":"1809","elevation":"","dem":"80","timezone":"America/Belize","modification_date":"2012-01-20"},{"geonameid":"3581164","name":"San Pedro","asciiname":"San Pedro","alternatenames":["SPR","San Pedro Town"],"latitude":"17.91598","longitude":"-87.9659","feature_class":"P","feature_code":"PPL","country_code":"BZ","cc2":"","admin1_code":"01","admin2_code":"","admin3_code":"","admin4_code":"","population":"8418","elevation":"","dem":"4","timezone":"America/Belize","modification_date":"2014-02-08"},{"geonameid":"3581194","name":"San Ignacio","asciiname":"San Ignacio","alternatenames":["Cayo","Cayo Town","El Cayo de San Ignacio","SQS","San Ignacio"],"latitude":"17.15297","longitude":"-89.08058","feature_class":"P","feature_code":"PPL","country_code":"BZ","cc2":"","admin1_code":"02","admin2_code":"","admin3_code":"","admin4_code":"","population":"16812","elevation":"","dem":"84","timezone":"America/Belize","modification_date":"2014-07-21"},{"geonameid":"3581398","name":"Punta Gorda","asciiname":"Punta Gorda","alternatenames":["P.G","PND","Punta Gorda"],"latitude":"16.09835","longitude":"-88.8097","feature_class":"P","feature_code":"PPLA","country_code":"BZ","cc2":"","admin1_code":"06","admin2_code":"","admin3_code":"","admin4_code":"","population":"5205","elevation":"","dem":"8","timezone":"America/Belize","modification_date":"2013-06-27"},{"geonameid":"3581514","name":"Orange Walk","asciiname":"Orange Walk","alternatenames":["ORZ","Orange Walk"],"latitude":"18.08124","longitude":"-88.56328","feature_class":"P","feature_code":"PPLA","country_code":"BZ","cc2":"","admin1_code":"04","admin2_code":"","admin3_code":"","admin4_code":"","population":"15298","elevation":"","dem":"16","timezone":"America/Belize","modification_date":"2013-11-16"},{"geonameid":"3582228","name":"Dangriga","asciiname":"Dangriga","alternatenames":["DGA","Dangriga","Dangriga Town  Dangriga","Stann Creek","Stann Creek Town","Stann Creek Village","Stanncrek"],"latitude":"16.9697","longitude":"-88.23313","feature_class":"P","feature_code":"PPLA","country_code":"BZ","cc2":"","admin1_code":"05","admin2_code":"9252696","admin3_code":"","admin4_code":"","population":"10750","elevation":"","dem":"7","timezone":"America/Belize","modification_date":"2014-08-03"},{"geonameid":"3582305","name":"Corozal","asciiname":"Corozal","alternatenames":["CZH","Corasal","Corazal","Corosal","Corozal"],"latitude":"18.39375","longitude":"-88.38849","feature_class":"P","feature_code":"PPLA","country_code":"BZ","cc2":"","admin1_code":"03","admin2_code":"","admin3_code":"","admin4_code":"","population":"9871","elevation":"","dem":"5","timezone":"America/Belize","modification_date":"2013-06-27"},{"geonameid":"3582662","name":"Benque Viejo del Carmen","asciiname":"Benque Viejo del Carmen","alternatenames":["Bengue Viejo","Benique Viejo del Carmen","Benque Viejo","Benque Viejo del Carmen","Cayo"],"latitude":"17.075","longitude":"-89.13917","feature_class":"P","feature_code":"PPL","country_code":"BZ","cc2":"","admin1_code":"02","admin2_code":"","admin3_code":"","admin4_code":"","population":"7092","elevation":"","dem":"89","timezone":"America/Belize","modification_date":"2012-01-18"},{"geonameid":"3582672","name":"Belmopan","asciiname":"Belmopan","alternatenames":["BCV","Bel'mopan","Belmopan","Belmopana","Belmopanas","Belmopano","Belmopanum","Belmopán","Belmópan","Bèlmopan","Gorad Bel'mapan","Hattieville","Mopan","Mpelmopan","bailamopana","bei er mo bang","belmopan","belmopana","berumopan","blmwban","blmwpan","blmwpn","pelmoppan","Μπελμοπάν","Белмопан","Бельмопан","Горад Бельмапан","Բելմոպան","בלמופן","בעלמאפאן","بلموبان","بلموپان","बेल्मोपान","ਬੈਲਮੋਪਾਨ","பெல்மோப்பான்","เบลโมแพน","པེར་མོ་ཕན།","ბელმოპანი","ቤልሞፓን","ベルモパン","貝爾墨邦","벨모판"],"latitude":"17.25","longitude":"-88.76667","feature_class":"P","feature_code":"PPLC","country_code":"BZ","cc2":"","admin1_code":"02","admin2_code":"","admin3_code":"","admin4_code":"","population":"13381","elevation":"","dem":"71","timezone":"America/Belize","modification_date":"2012-01-18"},{"geonameid":"3582677","name":"Belize City","asciiname":"Belize City","alternatenames":["Altepetl Belice","BZE","Belice","Beliz","Beliz Siti","Belizas","Belize","Belize City","Belize-stad","Belizurbo","Ciudad de Belice","Dinas Belize","Poli tou Beliz","Syudad han Belize","Thanh pho Belize","Thành phố Belize","be lis si ti","beliza siti","bellijeusiti","berizushiti","blyz syty","bo li ci shi","Āltepētl Belice","Πόλη του Μπελίζ","Белиз","Белиз Сити","Белизе","Беліз","בליז סיטי","بېلىز شەھىرى","बेलीज़ सिटी","เบลีซซิตี","ဘလိဇ်မြို့","ベリーズシティ","伯利兹市","벨리즈시티"],"latitude":"17.49952","longitude":"-88.19756","feature_class":"P","feature_code":"PPLA","country_code":"BZ","cc2":"","admin1_code":"01","admin2_code":"","admin3_code":"","admin4_code":"","population":"61461","elevation":"","dem":"6","timezone":"America/Belize","modification_date":"2013-09-27"},{"geonameid":"3581194","name":"San Ignacio","asciiname":"San Ignacio","alternatenames":["Cayo","Cayo Town","El Cayo de San Ignacio","SQS","San Ignacio"],"latitude":"17.15297","longitude":"-89.08058","feature_class":"P","feature_code":"PPL","country_code":"BZ","cc2":"","admin1_code":"02","admin2_code":"","admin3_code":"","admin4_code":"","population":"16812","elevation":"","dem":"84","timezone":"America/Belize","modification_date":"2014-07-21"},{"geonameid":"3581514","name":"Orange Walk","asciiname":"Orange Walk","alternatenames":["ORZ","Orange Walk"],"latitude":"18.08124","longitude":"-88.56328","feature_class":"P","feature_code":"PPLA","country_code":"BZ","cc2":"","admin1_code":"04","admin2_code":"","admin3_code":"","admin4_code":"","population":"15298","elevation":"","dem":"16","timezone":"America/Belize","modification_date":"2013-11-16"},{"geonameid":"3582672","name":"Belmopan","asciiname":"Belmopan","alternatenames":["BCV","Bel'mopan","Belmopan","Belmopana","Belmopanas","Belmopano","Belmopanum","Belmopán","Belmópan","Bèlmopan","Gorad Bel'mapan","Hattieville","Mopan","Mpelmopan","bailamopana","bei er mo bang","belmopan","belmopana","berumopan","blmwban","blmwpan","blmwpn","pelmoppan","Μπελμοπάν","Белмопан","Бельмопан","Горад Бельмапан","Բելմոպան","בלמופן","בעלמאפאן","بلموبان","بلموپان","बेल्मोपान","ਬੈਲਮੋਪਾਨ","பெல்மோப்பான்","เบลโมแพน","པེར་མོ་ཕན།","ბელმოპანი","ቤልሞፓን","ベルモパン","貝爾墨邦","벨모판"],"latitude":"17.25","longitude":"-88.76667","feature_class":"P","feature_code":"PPLC","country_code":"BZ","cc2":"","admin1_code":"02","admin2_code":"","admin3_code":"","admin4_code":"","population":"13381","elevation":"","dem":"71","timezone":"America/Belize","modification_date":"2012-01-18"},{"geonameid":"3582677","name":"Belize City","asciiname":"Belize City","alternatenames":["Altepetl Belice","BZE","Belice","Beliz","Beliz Siti","Belizas","Belize","Belize City","Belize-stad","Belizurbo","Ciudad de Belice","Dinas Belize","Poli tou Beliz","Syudad han Belize","Thanh pho Belize","Thành phố Belize","be lis si ti","beliza siti","bellijeusiti","berizushiti","blyz syty","bo li ci shi","Āltepētl Belice","Πόλη του Μπελίζ","Белиз","Белиз Сити","Белизе","Беліз","בליז סיטי","بېلىز شەھىرى","बेलीज़ सिटी","เบลีซซิตี","ဘလိဇ်မြို့","ベリーズシティ","伯利兹市","벨리즈시티"],"latitude":"17.49952","longitude":"-88.19756","feature_class":"P","feature_code":"PPLA","country_code":"BZ","cc2":"","admin1_code":"01","admin2_code":"","admin3_code":"","admin4_code":"","population":"61461","elevation":"","dem":"6","timezone":"America/Belize","modification_date":"2013-09-27"}]}