{"country_data":{"ISO":"BM","ISO3":"BMU","ISO_Numeric":"060","fips":"BD","country":"Bermuda","capital":"Hamilton","area":"53","Population":"65365","Continent":"NA","tld":".bm","CurrencyCode":"BMD","CurrencyName":"Dollar","Phone":"+1-441","Postal_Code_Format":"@@ ##","Postal_Code_Regex":"^([A-Z]{2}\\d{2})$","Languages":"en-BM,pt","geonameid":"3573345","neighbours":"","EquivalentFipsCode":""},"cities":[{"geonameid":"3573061","name":"Saint George","asciiname":"Saint George","alternatenames":["Saint George","Saint George's Town","Saint Georges","Saint George’s Town"],"latitude":"32.38167","longitude":"-64.67806","feature_class":"P","feature_code":"PPL","country_code":"BM","cc2":"","admin1_code":"06","admin2_code":"","admin3_code":"","admin4_code":"","population":"1896","elevation":"","dem":"16","timezone":"Atlantic/Bermuda","modification_date":"2012-01-18"},{"geonameid":"3573197","name":"Hamilton","asciiname":"Hamilton","alternatenames":["BDA","Chamilton","Gamil'ton","Gorad Gamil'tan","Hamilton","Hamilton pa Bermuda","Hamilton på Bermuda","Hamiltonas","Hamiltono","Khamilton","Khamiltun","haemilteon","hamiruton","hamyltwn  jzr brmwda","han mi er dun","hemiltana","hmyltwn","Χάμιλτον","Гамильтон","Гамільтон","Горад Гамільтан","Хамилтон","Хамилтън","המילטון","هاميلتون، جزر برمودا","همیلتون","ہیملٹن","हॅमिल्टन","แฮมิลตัน","ჰამილტონი","ハミルトン","汉密尔顿","해밀턴"],"latitude":"32.2949","longitude":"-64.78303","feature_class":"P","feature_code":"PPLC","country_code":"BM","cc2":"","admin1_code":"03","admin2_code":"","admin3_code":"","admin4_code":"","population":"902","elevation":"","dem":"22","timezone":"Atlantic/Bermuda","modification_date":"2014-09-21"},{"geonameid":"3573197","name":"Hamilton","asciiname":"Hamilton","alternatenames":["BDA","Chamilton","Gamil'ton","Gorad Gamil'tan","Hamilton","Hamilton pa Bermuda","Hamilton på Bermuda","Hamiltonas","Hamiltono","Khamilton","Khamiltun","haemilteon","hamiruton","hamyltwn  jzr brmwda","han mi er dun","hemiltana","hmyltwn","Χάμιλτον","Гамильтон","Гамільтон","Горад Гамільтан","Хамилтон","Хамилтън","המילטון","هاميلتون، جزر برمودا","همیلتون","ہیملٹن","हॅमिल्टन","แฮมิลตัน","ჰამილტონი","ハミルトン","汉密尔顿","해밀턴"],"latitude":"32.2949","longitude":"-64.78303","feature_class":"P","feature_code":"PPLC","country_code":"BM","cc2":"","admin1_code":"03","admin2_code":"","admin3_code":"","admin4_code":"","population":"902","elevation":"","dem":"22","timezone":"Atlantic/Bermuda","modification_date":"2014-09-21"},{"geonameid":"3573197","name":"Hamilton","asciiname":"Hamilton","alternatenames":["BDA","Chamilton","Gamil'ton","Gorad Gamil'tan","Hamilton","Hamilton pa Bermuda","Hamilton på Bermuda","Hamiltonas","Hamiltono","Khamilton","Khamiltun","haemilteon","hamiruton","hamyltwn  jzr brmwda","han mi er dun","hemiltana","hmyltwn","Χάμιλτον","Гамильтон","Гамільтон","Горад Гамільтан","Хамилтон","Хамилтън","המילטון","هاميلتون، جزر برمودا","همیلتون","ہیملٹن","हॅमिल्टन","แฮมิลตัน","ჰამილტონი","ハミルトン","汉密尔顿","해밀턴"],"latitude":"32.2949","longitude":"-64.78303","feature_class":"P","feature_code":"PPLC","country_code":"BM","cc2":"","admin1_code":"03","admin2_code":"","admin3_code":"","admin4_code":"","population":"902","elevation":"","dem":"22","timezone":"Atlantic/Bermuda","modification_date":"2014-09-21"}]}