{"country_data":{"ISO":"BT","ISO3":"BTN","ISO_Numeric":"064","fips":"BT","country":"Bhutan","capital":"Thimphu","area":"47000","Population":"699847","Continent":"AS","tld":".bt","CurrencyCode":"BTN","CurrencyName":"Ngultrum","Phone":"975","Postal_Code_Format":"","Postal_Code_Regex":"","Languages":"dz","geonameid":"1252634","neighbours":"CN,IN","EquivalentFipsCode":""},"cities":[{"geonameid":"1252395","name":"Wangdue Phodrang","asciiname":"Wangdue Phodrang","alternatenames":["Du Phodrang","Wangdiphodrang","Wangdu Phodrang","Wangdue Phodrang","Wangdü Phodrang"],"latitude":"27.48615","longitude":"89.89915","feature_class":"P","feature_code":"PPLA","country_code":"BT","cc2":"","admin1_code":"22","admin2_code":"","admin3_code":"","admin4_code":"","population":"7507","elevation":"","dem":"1273","timezone":"Asia/Thimphu","modification_date":"2013-08-02"},{"geonameid":"1252408","name":"Trongsa","asciiname":"Trongsa","alternatenames":["Tongsa","Tongsa Dzong","Trongsa","Тонгса"],"latitude":"27.5026","longitude":"90.50716","feature_class":"P","feature_code":"PPLA","country_code":"BT","cc2":"","admin1_code":"21","admin2_code":"","admin3_code":"","admin4_code":"","population":"2805","elevation":"","dem":"2108","timezone":"Asia/Thimphu","modification_date":"2012-02-01"},{"geonameid":"1252416","name":"Thimphu","asciiname":"Thimphu","alternatenames":["Gorad Tkhimpkhu","Thimbu","Thimfou","Thimpago","Thimphou","Thimphu","Thimpu","Timbu","Timbuo","Timfou","Timfu","Timfú","Timphu","Timpou (therine) Pounaka (cheimerine)","Timpu","Timpû","Tkhimpkhu","thim phu","thimphu","thimpu","thiphu","thymphw","timbu","timphu","timpu","ting bu","tinpu","tymfw","tymfww","Θίμφου","Τιμπού (θερινή) Πουνάκα (χειμερινή)","Горад Тхімпху","Тимбу","Тхимпху","Тхімпху","Թհիմփհու","טהימפהו","تىمپۇ","تيمفو","تھمپو","تیمفو","تیمفوو","ٹھمپھو","थिंफू","थिम्फू","থিম্পু","ਥਿੰਫੂ","ଥିମ୍ପୁ","திம்பு","థింపూ","ಥಿಂಪು","തിംഫു","ทิมพู","ཐིམ་ཕུ།","ཐིམ་ཕུུུུ","თიმფუ","ጢምጱ","ティンプー","廷布","팀부"],"latitude":"27.46609","longitude":"89.64191","feature_class":"P","feature_code":"PPLC","country_code":"BT","cc2":"BT","admin1_code":"20","admin2_code":"","admin3_code":"","admin4_code":"","population":"98676","elevation":"2320","dem":"2307","timezone":"Asia/Thimphu","modification_date":"2010-05-30"},{"geonameid":"1252422","name":"Trashi Yangtse","asciiname":"Trashi Yangtse","alternatenames":["Tashi Tang-tsi Dzong","Tashi Yang-tsi Dzong","Tashi Yangtse","Tashi Yāng-tsi Dzong","Tashigang","Tashigangtsi","Trashi Yangtse"],"latitude":"27.6116","longitude":"91.498","feature_class":"P","feature_code":"PPLA","country_code":"BT","cc2":"","admin1_code":"24","admin2_code":"","admin3_code":"","admin4_code":"","population":"3025","elevation":"","dem":"1788","timezone":"Asia/Thimphu","modification_date":"2012-02-01"},{"geonameid":"1252423","name":"Trashigang","asciiname":"Trashigang","alternatenames":["Benkar","Tashi Gang Dzong","Tashigang","Trashigang","YON"],"latitude":"27.3331","longitude":"91.55424","feature_class":"P","feature_code":"PPLA","country_code":"BT","cc2":"","admin1_code":"19","admin2_code":"","admin3_code":"","admin4_code":"","population":"872","elevation":"","dem":"1174","timezone":"Asia/Thimphu","modification_date":"2014-08-19"},{"geonameid":"1252433","name":"Daga","asciiname":"Daga","alternatenames":["Daga","Ta-Ga-Na","Taga Dzong"],"latitude":"27.07529","longitude":"89.87688","feature_class":"P","feature_code":"PPLA","country_code":"BT","cc2":"","admin1_code":"08","admin2_code":"","admin3_code":"","admin4_code":"","population":"2243","elevation":"","dem":"1558","timezone":"Asia/Thimphu","modification_date":"2012-02-01"},{"geonameid":"1252451","name":"Shemgang","asciiname":"Shemgang","alternatenames":["Shamgong Dzong","Shangong Dzong","Shemgang","Zhemgang","Шемганг"],"latitude":"27.21689","longitude":"90.65793","feature_class":"P","feature_code":"PPLA","country_code":"BT","cc2":"","admin1_code":"18","admin2_code":"","admin3_code":"","admin4_code":"","population":"852","elevation":"","dem":"1900","timezone":"Asia/Thimphu","modification_date":"2012-02-01"},{"geonameid":"1252460","name":"Sarpang","asciiname":"Sarpang","alternatenames":["Sarbhang","Sarbhāng","Sarpang"],"latitude":"26.86395","longitude":"90.26745","feature_class":"P","feature_code":"PPLA","country_code":"BT","cc2":"","admin1_code":"09","admin2_code":"","admin3_code":"","admin4_code":"","population":"10416","elevation":"","dem":"344","timezone":"Asia/Thimphu","modification_date":"2013-08-02"},{"geonameid":"1252479","name":"Punākha","asciiname":"Punakha","alternatenames":["Distrito de Punakha","Dzongkhag Punakha","Punaka","Punakha","Punakkha","Punakla","Punāka","Punākla","pu na ka","Пунакха","སྤུ་ན་ཁ་","普那卡"],"latitude":"27.59137","longitude":"89.87743","feature_class":"P","feature_code":"PPLA","country_code":"BT","cc2":"","admin1_code":"15","admin2_code":"","admin3_code":"","admin4_code":"","population":"21500","elevation":"","dem":"1293","timezone":"Asia/Thimphu","modification_date":"2013-08-11"},{"geonameid":"1252484","name":"Phuntsholing","asciiname":"Phuntsholing","alternatenames":["Phunchholing","Phuntsoling"],"latitude":"26.85164","longitude":"89.38837","feature_class":"P","feature_code":"PPL","country_code":"BT","cc2":"","admin1_code":"06","admin2_code":"","admin3_code":"","admin4_code":"","population":"17043","elevation":"","dem":"330","timezone":"Asia/Thimphu","modification_date":"2010-03-31"},{"geonameid":"1252490","name":"Paro","asciiname":"Paro","alternatenames":["PBH","Paro","Paro Dzong","Rimpung Dzong","paro-bhutana","Паро","पारो-भूटान"],"latitude":"27.4305","longitude":"89.41334","feature_class":"P","feature_code":"PPLA","country_code":"BT","cc2":"","admin1_code":"13","admin2_code":"","admin3_code":"","admin4_code":"","population":"2169","elevation":"","dem":"2266","timezone":"Asia/Thimphu","modification_date":"2014-08-18"},{"geonameid":"1252495","name":"Pajo","asciiname":"Pajo","alternatenames":["Pajo"],"latitude":"27.53333","longitude":"89.88333","feature_class":"P","feature_code":"PPL","country_code":"BT","cc2":"","admin1_code":"15","admin2_code":"","admin3_code":"","admin4_code":"","population":"3032","elevation":"","dem":"1438","timezone":"Asia/Thimphu","modification_date":"2012-10-18"},{"geonameid":"1252514","name":"Mongar","asciiname":"Mongar","alternatenames":["Mongar","Mongar Dzong","Монгар"],"latitude":"27.27471","longitude":"91.23963","feature_class":"P","feature_code":"PPLA","country_code":"BT","cc2":"","admin1_code":"12","admin2_code":"","admin3_code":"","admin4_code":"","population":"2969","elevation":"","dem":"1648","timezone":"Asia/Thimphu","modification_date":"2012-02-01"},{"geonameid":"1252526","name":"Lhuentse","asciiname":"Lhuentse","alternatenames":["Lenlung","Lhuentse","Lhuntshi","Lhuntsi Dzong","Lingshi Dzong"],"latitude":"27.66787","longitude":"91.18393","feature_class":"P","feature_code":"PPLA","country_code":"BT","cc2":"","admin1_code":"11","admin2_code":"","admin3_code":"","admin4_code":"","population":"100","elevation":"","dem":"1403","timezone":"Asia/Thimphu","modification_date":"2013-08-02"},{"geonameid":"1252563","name":"Ha","asciiname":"Ha","alternatenames":["Ha","Ha Dzong"],"latitude":"27.38747","longitude":"89.28074","feature_class":"P","feature_code":"PPLA","country_code":"BT","cc2":"","admin1_code":"10","admin2_code":"","admin3_code":"","admin4_code":"","population":"1449","elevation":"","dem":"2718","timezone":"Asia/Thimphu","modification_date":"2013-06-27"},{"geonameid":"1252578","name":"Gasa","asciiname":"Gasa","alternatenames":["Gasa","Gasa Dzong"],"latitude":"27.90372","longitude":"89.72689","feature_class":"P","feature_code":"PPLA","country_code":"BT","cc2":"","admin1_code":"23","admin2_code":"","admin3_code":"","admin4_code":"","population":"548","elevation":"","dem":"2761","timezone":"Asia/Thimphu","modification_date":"2013-08-26"},{"geonameid":"1252601","name":"Daphu","asciiname":"Daphu","alternatenames":["Daphu"],"latitude":"26.96667","longitude":"89.38333","feature_class":"P","feature_code":"PPL","country_code":"BT","cc2":"","admin1_code":"06","admin2_code":"","admin3_code":"","admin4_code":"","population":"1666","elevation":"","dem":"914","timezone":"Asia/Thimphu","modification_date":"2013-08-18"},{"geonameid":"1252608","name":"Tsirang","asciiname":"Tsirang","alternatenames":["Chirang","Tsirang"],"latitude":"27.0219","longitude":"90.12291","feature_class":"P","feature_code":"PPLA","country_code":"BT","cc2":"","admin1_code":"07","admin2_code":"","admin3_code":"","admin4_code":"","population":"18667","elevation":"","dem":"1410","timezone":"Asia/Thimphu","modification_date":"2013-08-02"},{"geonameid":"1252610","name":"Tsimasham","asciiname":"Tsimasham","alternatenames":["Chhukha","Chhukha Dzong","Chukha","Chukkha","Tsimasham","Чукха"],"latitude":"27.0989","longitude":"89.53604","feature_class":"P","feature_code":"PPLA","country_code":"BT","cc2":"","admin1_code":"06","admin2_code":"","admin3_code":"","admin4_code":"","population":"2855","elevation":"","dem":"2245","timezone":"Asia/Thimphu","modification_date":"2013-08-02"},{"geonameid":"1337301","name":"Jakar","asciiname":"Jakar","alternatenames":["BUT","Bjakar","Bya-kar","Jakar","Jokhar Dzong"],"latitude":"27.54918","longitude":"90.7525","feature_class":"P","feature_code":"PPLA","country_code":"BT","cc2":"","admin1_code":"05","admin2_code":"","admin3_code":"","admin4_code":"","population":"4829","elevation":"","dem":"2587","timezone":"Asia/Thimphu","modification_date":"2014-08-20"},{"geonameid":"1337356","name":"Panbang","asciiname":"Panbang","alternatenames":["Panbang"],"latitude":"26.86667","longitude":"90.98333","feature_class":"P","feature_code":"PPL","country_code":"BT","cc2":"","admin1_code":"18","admin2_code":"","admin3_code":"","admin4_code":"","population":"1360","elevation":"","dem":"214","timezone":"Asia/Thimphu","modification_date":"2012-01-19"},{"geonameid":"1337360","name":"Samtse","asciiname":"Samtse","alternatenames":["Samchi","Samtse"],"latitude":"26.89903","longitude":"89.09951","feature_class":"P","feature_code":"PPLA","country_code":"BT","cc2":"","admin1_code":"16","admin2_code":"","admin3_code":"","admin4_code":"","population":"5479","elevation":"","dem":"417","timezone":"Asia/Thimphu","modification_date":"2013-08-02"},{"geonameid":"1337379","name":"Pemagatshel","asciiname":"Pemagatshel","alternatenames":["Pemagatsel","Pemagatshel"],"latitude":"27.03795","longitude":"91.40305","feature_class":"P","feature_code":"PPLA","country_code":"BT","cc2":"","admin1_code":"14","admin2_code":"","admin3_code":"","admin4_code":"","population":"13864","elevation":"","dem":"1207","timezone":"Asia/Thimphu","modification_date":"2013-08-08"},{"geonameid":"1337388","name":"Samdrup Jongkhar","asciiname":"Samdrup Jongkhar","alternatenames":["Samdrup Jongkhar"],"latitude":"26.80069","longitude":"91.50519","feature_class":"P","feature_code":"PPLA","country_code":"BT","cc2":"","admin1_code":"17","admin2_code":"","admin3_code":"","admin4_code":"","population":"7507","elevation":"","dem":"173","timezone":"Asia/Thimphu","modification_date":"2013-08-02"},{"geonameid":"10172752","name":"Lungtenzampa","asciiname":"Lungtenzampa","alternatenames":[""],"latitude":"27.46821","longitude":"89.64441","feature_class":"P","feature_code":"PPLA","country_code":"BT","cc2":"","admin1_code":"20","admin2_code":"","admin3_code":"","admin4_code":"","population":"0","elevation":"","dem":"2366","timezone":"Asia/Thimphu","modification_date":"2015-03-15"},{"geonameid":"1252395","name":"Wangdue Phodrang","asciiname":"Wangdue Phodrang","alternatenames":["Du Phodrang","Wangdiphodrang","Wangdu Phodrang","Wangdue Phodrang","Wangdü Phodrang"],"latitude":"27.48615","longitude":"89.89915","feature_class":"P","feature_code":"PPLA","country_code":"BT","cc2":"","admin1_code":"22","admin2_code":"","admin3_code":"","admin4_code":"","population":"7507","elevation":"","dem":"1273","timezone":"Asia/Thimphu","modification_date":"2013-08-02"},{"geonameid":"1252408","name":"Trongsa","asciiname":"Trongsa","alternatenames":["Tongsa","Tongsa Dzong","Trongsa","Тонгса"],"latitude":"27.5026","longitude":"90.50716","feature_class":"P","feature_code":"PPLA","country_code":"BT","cc2":"","admin1_code":"21","admin2_code":"","admin3_code":"","admin4_code":"","population":"2805","elevation":"","dem":"2108","timezone":"Asia/Thimphu","modification_date":"2012-02-01"},{"geonameid":"1252416","name":"Thimphu","asciiname":"Thimphu","alternatenames":["Gorad Tkhimpkhu","Thimbu","Thimfou","Thimpago","Thimphou","Thimphu","Thimpu","Timbu","Timbuo","Timfou","Timfu","Timfú","Timphu","Timpou (therine) Pounaka (cheimerine)","Timpu","Timpû","Tkhimpkhu","thim phu","thimphu","thimpu","thiphu","thymphw","timbu","timphu","timpu","ting bu","tinpu","tymfw","tymfww","Θίμφου","Τιμπού (θερινή) Πουνάκα (χειμερινή)","Горад Тхімпху","Тимбу","Тхимпху","Тхімпху","Թհիմփհու","טהימפהו","تىمپۇ","تيمفو","تھمپو","تیمفو","تیمفوو","ٹھمپھو","थिंफू","थिम्फू","থিম্পু","ਥਿੰਫੂ","ଥିମ୍ପୁ","திம்பு","థింపూ","ಥಿಂಪು","തിംഫു","ทิมพู","ཐིམ་ཕུ།","ཐིམ་ཕུུུུ","თიმფუ","ጢምጱ","ティンプー","廷布","팀부"],"latitude":"27.46609","longitude":"89.64191","feature_class":"P","feature_code":"PPLC","country_code":"BT","cc2":"BT","admin1_code":"20","admin2_code":"","admin3_code":"","admin4_code":"","population":"98676","elevation":"2320","dem":"2307","timezone":"Asia/Thimphu","modification_date":"2010-05-30"},{"geonameid":"1252422","name":"Trashi Yangtse","asciiname":"Trashi Yangtse","alternatenames":["Tashi Tang-tsi Dzong","Tashi Yang-tsi Dzong","Tashi Yangtse","Tashi Yāng-tsi Dzong","Tashigang","Tashigangtsi","Trashi Yangtse"],"latitude":"27.6116","longitude":"91.498","feature_class":"P","feature_code":"PPLA","country_code":"BT","cc2":"","admin1_code":"24","admin2_code":"","admin3_code":"","admin4_code":"","population":"3025","elevation":"","dem":"1788","timezone":"Asia/Thimphu","modification_date":"2012-02-01"},{"geonameid":"1252423","name":"Trashigang","asciiname":"Trashigang","alternatenames":["Benkar","Tashi Gang Dzong","Tashigang","Trashigang","YON"],"latitude":"27.3331","longitude":"91.55424","feature_class":"P","feature_code":"PPLA","country_code":"BT","cc2":"","admin1_code":"19","admin2_code":"","admin3_code":"","admin4_code":"","population":"872","elevation":"","dem":"1174","timezone":"Asia/Thimphu","modification_date":"2014-08-19"},{"geonameid":"1252433","name":"Daga","asciiname":"Daga","alternatenames":["Daga","Ta-Ga-Na","Taga Dzong"],"latitude":"27.07529","longitude":"89.87688","feature_class":"P","feature_code":"PPLA","country_code":"BT","cc2":"","admin1_code":"08","admin2_code":"","admin3_code":"","admin4_code":"","population":"2243","elevation":"","dem":"1558","timezone":"Asia/Thimphu","modification_date":"2012-02-01"},{"geonameid":"1252451","name":"Shemgang","asciiname":"Shemgang","alternatenames":["Shamgong Dzong","Shangong Dzong","Shemgang","Zhemgang","Шемганг"],"latitude":"27.21689","longitude":"90.65793","feature_class":"P","feature_code":"PPLA","country_code":"BT","cc2":"","admin1_code":"18","admin2_code":"","admin3_code":"","admin4_code":"","population":"852","elevation":"","dem":"1900","timezone":"Asia/Thimphu","modification_date":"2012-02-01"},{"geonameid":"1252460","name":"Sarpang","asciiname":"Sarpang","alternatenames":["Sarbhang","Sarbhāng","Sarpang"],"latitude":"26.86395","longitude":"90.26745","feature_class":"P","feature_code":"PPLA","country_code":"BT","cc2":"","admin1_code":"09","admin2_code":"","admin3_code":"","admin4_code":"","population":"10416","elevation":"","dem":"344","timezone":"Asia/Thimphu","modification_date":"2013-08-02"},{"geonameid":"1252479","name":"Punākha","asciiname":"Punakha","alternatenames":["Distrito de Punakha","Dzongkhag Punakha","Punaka","Punakha","Punakkha","Punakla","Punāka","Punākla","pu na ka","Пунакха","སྤུ་ན་ཁ་","普那卡"],"latitude":"27.59137","longitude":"89.87743","feature_class":"P","feature_code":"PPLA","country_code":"BT","cc2":"","admin1_code":"15","admin2_code":"","admin3_code":"","admin4_code":"","population":"21500","elevation":"","dem":"1293","timezone":"Asia/Thimphu","modification_date":"2013-08-11"},{"geonameid":"1252484","name":"Phuntsholing","asciiname":"Phuntsholing","alternatenames":["Phunchholing","Phuntsoling"],"latitude":"26.85164","longitude":"89.38837","feature_class":"P","feature_code":"PPL","country_code":"BT","cc2":"","admin1_code":"06","admin2_code":"","admin3_code":"","admin4_code":"","population":"17043","elevation":"","dem":"330","timezone":"Asia/Thimphu","modification_date":"2010-03-31"},{"geonameid":"1252490","name":"Paro","asciiname":"Paro","alternatenames":["PBH","Paro","Paro Dzong","Rimpung Dzong","paro-bhutana","Паро","पारो-भूटान"],"latitude":"27.4305","longitude":"89.41334","feature_class":"P","feature_code":"PPLA","country_code":"BT","cc2":"","admin1_code":"13","admin2_code":"","admin3_code":"","admin4_code":"","population":"2169","elevation":"","dem":"2266","timezone":"Asia/Thimphu","modification_date":"2014-08-18"},{"geonameid":"1252514","name":"Mongar","asciiname":"Mongar","alternatenames":["Mongar","Mongar Dzong","Монгар"],"latitude":"27.27471","longitude":"91.23963","feature_class":"P","feature_code":"PPLA","country_code":"BT","cc2":"","admin1_code":"12","admin2_code":"","admin3_code":"","admin4_code":"","population":"2969","elevation":"","dem":"1648","timezone":"Asia/Thimphu","modification_date":"2012-02-01"},{"geonameid":"1252526","name":"Lhuentse","asciiname":"Lhuentse","alternatenames":["Lenlung","Lhuentse","Lhuntshi","Lhuntsi Dzong","Lingshi Dzong"],"latitude":"27.66787","longitude":"91.18393","feature_class":"P","feature_code":"PPLA","country_code":"BT","cc2":"","admin1_code":"11","admin2_code":"","admin3_code":"","admin4_code":"","population":"100","elevation":"","dem":"1403","timezone":"Asia/Thimphu","modification_date":"2013-08-02"},{"geonameid":"1252563","name":"Ha","asciiname":"Ha","alternatenames":["Ha","Ha Dzong"],"latitude":"27.38747","longitude":"89.28074","feature_class":"P","feature_code":"PPLA","country_code":"BT","cc2":"","admin1_code":"10","admin2_code":"","admin3_code":"","admin4_code":"","population":"1449","elevation":"","dem":"2718","timezone":"Asia/Thimphu","modification_date":"2013-06-27"},{"geonameid":"1252578","name":"Gasa","asciiname":"Gasa","alternatenames":["Gasa","Gasa Dzong"],"latitude":"27.90372","longitude":"89.72689","feature_class":"P","feature_code":"PPLA","country_code":"BT","cc2":"","admin1_code":"23","admin2_code":"","admin3_code":"","admin4_code":"","population":"548","elevation":"","dem":"2761","timezone":"Asia/Thimphu","modification_date":"2013-08-26"},{"geonameid":"1252608","name":"Tsirang","asciiname":"Tsirang","alternatenames":["Chirang","Tsirang"],"latitude":"27.0219","longitude":"90.12291","feature_class":"P","feature_code":"PPLA","country_code":"BT","cc2":"","admin1_code":"07","admin2_code":"","admin3_code":"","admin4_code":"","population":"18667","elevation":"","dem":"1410","timezone":"Asia/Thimphu","modification_date":"2013-08-02"},{"geonameid":"1252610","name":"Tsimasham","asciiname":"Tsimasham","alternatenames":["Chhukha","Chhukha Dzong","Chukha","Chukkha","Tsimasham","Чукха"],"latitude":"27.0989","longitude":"89.53604","feature_class":"P","feature_code":"PPLA","country_code":"BT","cc2":"","admin1_code":"06","admin2_code":"","admin3_code":"","admin4_code":"","population":"2855","elevation":"","dem":"2245","timezone":"Asia/Thimphu","modification_date":"2013-08-02"},{"geonameid":"1337301","name":"Jakar","asciiname":"Jakar","alternatenames":["BUT","Bjakar","Bya-kar","Jakar","Jokhar Dzong"],"latitude":"27.54918","longitude":"90.7525","feature_class":"P","feature_code":"PPLA","country_code":"BT","cc2":"","admin1_code":"05","admin2_code":"","admin3_code":"","admin4_code":"","population":"4829","elevation":"","dem":"2587","timezone":"Asia/Thimphu","modification_date":"2014-08-20"},{"geonameid":"1337360","name":"Samtse","asciiname":"Samtse","alternatenames":["Samchi","Samtse"],"latitude":"26.89903","longitude":"89.09951","feature_class":"P","feature_code":"PPLA","country_code":"BT","cc2":"","admin1_code":"16","admin2_code":"","admin3_code":"","admin4_code":"","population":"5479","elevation":"","dem":"417","timezone":"Asia/Thimphu","modification_date":"2013-08-02"},{"geonameid":"1337379","name":"Pemagatshel","asciiname":"Pemagatshel","alternatenames":["Pemagatsel","Pemagatshel"],"latitude":"27.03795","longitude":"91.40305","feature_class":"P","feature_code":"PPLA","country_code":"BT","cc2":"","admin1_code":"14","admin2_code":"","admin3_code":"","admin4_code":"","population":"13864","elevation":"","dem":"1207","timezone":"Asia/Thimphu","modification_date":"2013-08-08"},{"geonameid":"1337388","name":"Samdrup Jongkhar","asciiname":"Samdrup Jongkhar","alternatenames":["Samdrup Jongkhar"],"latitude":"26.80069","longitude":"91.50519","feature_class":"P","feature_code":"PPLA","country_code":"BT","cc2":"","admin1_code":"17","admin2_code":"","admin3_code":"","admin4_code":"","population":"7507","elevation":"","dem":"173","timezone":"Asia/Thimphu","modification_date":"2013-08-02"},{"geonameid":"10172752","name":"Lungtenzampa","asciiname":"Lungtenzampa","alternatenames":[""],"latitude":"27.46821","longitude":"89.64441","feature_class":"P","feature_code":"PPLA","country_code":"BT","cc2":"","admin1_code":"20","admin2_code":"","admin3_code":"","admin4_code":"","population":"0","elevation":"","dem":"2366","timezone":"Asia/Thimphu","modification_date":"2015-03-15"},{"geonameid":"1252416","name":"Thimphu","asciiname":"Thimphu","alternatenames":["Gorad Tkhimpkhu","Thimbu","Thimfou","Thimpago","Thimphou","Thimphu","Thimpu","Timbu","Timbuo","Timfou","Timfu","Timfú","Timphu","Timpou (therine) Pounaka (cheimerine)","Timpu","Timpû","Tkhimpkhu","thim phu","thimphu","thimpu","thiphu","thymphw","timbu","timphu","timpu","ting bu","tinpu","tymfw","tymfww","Θίμφου","Τιμπού (θερινή) Πουνάκα (χειμερινή)","Горад Тхімпху","Тимбу","Тхимпху","Тхімпху","Թհիմփհու","טהימפהו","تىمپۇ","تيمفو","تھمپو","تیمفو","تیمفوو","ٹھمپھو","थिंफू","थिम्फू","থিম্পু","ਥਿੰਫੂ","ଥିମ୍ପୁ","திம்பு","థింపూ","ಥಿಂಪು","തിംഫു","ทิมพู","ཐིམ་ཕུ།","ཐིམ་ཕུུུུ","თიმფუ","ጢምጱ","ティンプー","廷布","팀부"],"latitude":"27.46609","longitude":"89.64191","feature_class":"P","feature_code":"PPLC","country_code":"BT","cc2":"BT","admin1_code":"20","admin2_code":"","admin3_code":"","admin4_code":"","population":"98676","elevation":"2320","dem":"2307","timezone":"Asia/Thimphu","modification_date":"2010-05-30"},{"geonameid":"1252479","name":"Punākha","asciiname":"Punakha","alternatenames":["Distrito de Punakha","Dzongkhag Punakha","Punaka","Punakha","Punakkha","Punakla","Punāka","Punākla","pu na ka","Пунакха","སྤུ་ན་ཁ་","普那卡"],"latitude":"27.59137","longitude":"89.87743","feature_class":"P","feature_code":"PPLA","country_code":"BT","cc2":"","admin1_code":"15","admin2_code":"","admin3_code":"","admin4_code":"","population":"21500","elevation":"","dem":"1293","timezone":"Asia/Thimphu","modification_date":"2013-08-11"},{"geonameid":"1252484","name":"Phuntsholing","asciiname":"Phuntsholing","alternatenames":["Phunchholing","Phuntsoling"],"latitude":"26.85164","longitude":"89.38837","feature_class":"P","feature_code":"PPL","country_code":"BT","cc2":"","admin1_code":"06","admin2_code":"","admin3_code":"","admin4_code":"","population":"17043","elevation":"","dem":"330","timezone":"Asia/Thimphu","modification_date":"2010-03-31"},{"geonameid":"1252608","name":"Tsirang","asciiname":"Tsirang","alternatenames":["Chirang","Tsirang"],"latitude":"27.0219","longitude":"90.12291","feature_class":"P","feature_code":"PPLA","country_code":"BT","cc2":"","admin1_code":"07","admin2_code":"","admin3_code":"","admin4_code":"","population":"18667","elevation":"","dem":"1410","timezone":"Asia/Thimphu","modification_date":"2013-08-02"}]}