{"country_data":{"ISO":"BQ","ISO3":"BES","ISO_Numeric":"535","fips":"","country":"Bonaire, Saint Eustatius and Saba ","capital":"","area":"328","Population":"18012","Continent":"NA","tld":".bq","CurrencyCode":"USD","CurrencyName":"Dollar","Phone":"599","Postal_Code_Format":"","Postal_Code_Regex":"","Languages":"nl,pap,en","geonameid":"7626844","neighbours":"","EquivalentFipsCode":""},"cities":[{"geonameid":"3513146","name":"Upper Hell's Gate","asciiname":"Upper Hell's Gate","alternatenames":["Hellsgate"],"latitude":"17.643","longitude":"-63.22649","feature_class":"P","feature_code":"PPL","country_code":"BQ","cc2":"","admin1_code":"SB","admin2_code":"","admin3_code":"","admin4_code":"","population":"2810","elevation":"","dem":"195","timezone":"America/Kralendijk","modification_date":"2011-02-05"},{"geonameid":"3513173","name":"The Bottom","asciiname":"The Bottom","alternatenames":["Bottom","Leverock Town"],"latitude":"17.6259","longitude":"-63.24919","feature_class":"P","feature_code":"PPLA","country_code":"BQ","cc2":"","admin1_code":"SB","admin2_code":"","admin3_code":"","admin4_code":"","population":"488","elevation":"","dem":"222","timezone":"America/Kralendijk","modification_date":"2010-12-19"},{"geonameid":"3513426","name":"Oranjestad","asciiname":"Oranjestad","alternatenames":["Orange Town","Oranjestad"],"latitude":"17.48268","longitude":"-62.98324","feature_class":"P","feature_code":"PPLA","country_code":"BQ","cc2":"","admin1_code":"SE","admin2_code":"","admin3_code":"","admin4_code":"","population":"1097","elevation":"","dem":"62","timezone":"America/Kralendijk","modification_date":"2011-02-06"},{"geonameid":"3513563","name":"Kralendijk","asciiname":"Kralendijk","alternatenames":["Gorad Kralendehjk","Kralendajk","Kralendejk","Kralendijk","Kralentik","Playa","ke la lun dai ke","kralndyk","kurarendaiku","Κράλεντικ","Горад Кралендэйк","Кралендайк","Кралендајк","Кралендейк","کرالندیک","کرالن‌دیک","კრალენდეიკი","クラレンダイク","克拉伦代克"],"latitude":"12.15","longitude":"-68.26667","feature_class":"P","feature_code":"PPLC","country_code":"BQ","cc2":"","admin1_code":"BO","admin2_code":"","admin3_code":"","admin4_code":"","population":"3081","elevation":"","dem":"4","timezone":"America/Kralendijk","modification_date":"2014-08-19"},{"geonameid":"3513760","name":"Dorp Tera Kora","asciiname":"Dorp Tera Kora","alternatenames":["Dorp Tera Cora","Dorp Tera Corá","Dorp Tera Kora","Terra Corra"],"latitude":"12.13333","longitude":"-68.26667","feature_class":"P","feature_code":"PPL","country_code":"BQ","cc2":"","admin1_code":"BO","admin2_code":"","admin3_code":"","admin4_code":"","population":"1186","elevation":"","dem":"6","timezone":"America/Kralendijk","modification_date":"2010-12-19"},{"geonameid":"3513765","name":"Dorp Rincón","asciiname":"Dorp Rincon","alternatenames":["Dorp Rincan","Dorp Rincon","Dorp Rincón","Rincon","Rincón"],"latitude":"12.23333","longitude":"-68.33333","feature_class":"P","feature_code":"PPL","country_code":"BQ","cc2":"","admin1_code":"BO","admin2_code":"","admin3_code":"","admin4_code":"","population":"1496","elevation":"","dem":"39","timezone":"America/Kralendijk","modification_date":"2010-12-19"},{"geonameid":"3513768","name":"Dorp Antriol","asciiname":"Dorp Antriol","alternatenames":["Deenterra","Dentera","Dorp Antriol","Entrejol"],"latitude":"12.16667","longitude":"-68.26667","feature_class":"P","feature_code":"PPL","country_code":"BQ","cc2":"","admin1_code":"BO","admin2_code":"","admin3_code":"","admin4_code":"","population":"2980","elevation":"","dem":"28","timezone":"America/Kralendijk","modification_date":"2010-12-19"},{"geonameid":"3513173","name":"The Bottom","asciiname":"The Bottom","alternatenames":["Bottom","Leverock Town"],"latitude":"17.6259","longitude":"-63.24919","feature_class":"P","feature_code":"PPLA","country_code":"BQ","cc2":"","admin1_code":"SB","admin2_code":"","admin3_code":"","admin4_code":"","population":"488","elevation":"","dem":"222","timezone":"America/Kralendijk","modification_date":"2010-12-19"},{"geonameid":"3513426","name":"Oranjestad","asciiname":"Oranjestad","alternatenames":["Orange Town","Oranjestad"],"latitude":"17.48268","longitude":"-62.98324","feature_class":"P","feature_code":"PPLA","country_code":"BQ","cc2":"","admin1_code":"SE","admin2_code":"","admin3_code":"","admin4_code":"","population":"1097","elevation":"","dem":"62","timezone":"America/Kralendijk","modification_date":"2011-02-06"},{"geonameid":"3513563","name":"Kralendijk","asciiname":"Kralendijk","alternatenames":["Gorad Kralendehjk","Kralendajk","Kralendejk","Kralendijk","Kralentik","Playa","ke la lun dai ke","kralndyk","kurarendaiku","Κράλεντικ","Горад Кралендэйк","Кралендайк","Кралендајк","Кралендейк","کرالندیک","کرالن‌دیک","კრალენდეიკი","クラレンダイク","克拉伦代克"],"latitude":"12.15","longitude":"-68.26667","feature_class":"P","feature_code":"PPLC","country_code":"BQ","cc2":"","admin1_code":"BO","admin2_code":"","admin3_code":"","admin4_code":"","population":"3081","elevation":"","dem":"4","timezone":"America/Kralendijk","modification_date":"2014-08-19"},{"geonameid":"3513563","name":"Kralendijk","asciiname":"Kralendijk","alternatenames":["Gorad Kralendehjk","Kralendajk","Kralendejk","Kralendijk","Kralentik","Playa","ke la lun dai ke","kralndyk","kurarendaiku","Κράλεντικ","Горад Кралендэйк","Кралендайк","Кралендајк","Кралендейк","کرالندیک","کرالن‌دیک","კრალენდეიკი","クラレンダイク","克拉伦代克"],"latitude":"12.15","longitude":"-68.26667","feature_class":"P","feature_code":"PPLC","country_code":"BQ","cc2":"","admin1_code":"BO","admin2_code":"","admin3_code":"","admin4_code":"","population":"3081","elevation":"","dem":"4","timezone":"America/Kralendijk","modification_date":"2014-08-19"}]}