{"country_data":{"ISO":"VG","ISO3":"VGB","ISO_Numeric":"092","fips":"VI","country":"British Virgin Islands","capital":"Road Town","area":"153","Population":"21730","Continent":"NA","tld":".vg","CurrencyCode":"USD","CurrencyName":"Dollar","Phone":"+1-284","Postal_Code_Format":"","Postal_Code_Regex":"","Languages":"en-VG","geonameid":"3577718","neighbours":"","EquivalentFipsCode":""},"cities":[{"geonameid":"3577430","name":"Road Town","asciiname":"Road Town","alternatenames":["Gorad Rod-Taun","Road Town","Rod Taunas","Rod-Taun","Rod-Tauno","Rod-Taŭno","Roount Taoun","Roud Taun","lodeutaun","luo de cheng","rodotaun","rwd tawn","Ρόουντ Τάουν","Горад Род-Таўн","Род-Таун","Роуд Таун","רואוד טאון","رود تاون","روڈ ٹاون","როუდ-ტაუნი","ロードタウン","罗德城","로드타운"],"latitude":"18.42693","longitude":"-64.62079","feature_class":"P","feature_code":"PPLC","country_code":"VG","cc2":"","admin1_code":"00","admin2_code":"","admin3_code":"","admin4_code":"","population":"8449","elevation":"9","dem":"9","timezone":"America/Tortola","modification_date":"2014-04-09"},{"geonameid":"8533874","name":"Tortola","asciiname":"Tortola","alternatenames":["Tortola"],"latitude":"18.43882","longitude":"-64.60382","feature_class":"P","feature_code":"PPLL","country_code":"VG","cc2":"","admin1_code":"","admin2_code":"","admin3_code":"","admin4_code":"","population":"23908","elevation":"","dem":"288","timezone":"America/Tortola","modification_date":"2013-06-05"},{"geonameid":"3577430","name":"Road Town","asciiname":"Road Town","alternatenames":["Gorad Rod-Taun","Road Town","Rod Taunas","Rod-Taun","Rod-Tauno","Rod-Taŭno","Roount Taoun","Roud Taun","lodeutaun","luo de cheng","rodotaun","rwd tawn","Ρόουντ Τάουν","Горад Род-Таўн","Род-Таун","Роуд Таун","רואוד טאון","رود تاون","روڈ ٹاون","როუდ-ტაუნი","ロードタウン","罗德城","로드타운"],"latitude":"18.42693","longitude":"-64.62079","feature_class":"P","feature_code":"PPLC","country_code":"VG","cc2":"","admin1_code":"00","admin2_code":"","admin3_code":"","admin4_code":"","population":"8449","elevation":"9","dem":"9","timezone":"America/Tortola","modification_date":"2014-04-09"},{"geonameid":"8533874","name":"Tortola","asciiname":"Tortola","alternatenames":["Tortola"],"latitude":"18.43882","longitude":"-64.60382","feature_class":"P","feature_code":"PPLL","country_code":"VG","cc2":"","admin1_code":"","admin2_code":"","admin3_code":"","admin4_code":"","population":"23908","elevation":"","dem":"288","timezone":"America/Tortola","modification_date":"2013-06-05"}]}