{"country_data":{"ISO":"BF","ISO3":"BFA","ISO_Numeric":"854","fips":"UV","country":"Burkina Faso","capital":"Ouagadougou","area":"274200","Population":"16241811","Continent":"AF","tld":".bf","CurrencyCode":"XOF","CurrencyName":"Franc","Phone":"226","Postal_Code_Format":"","Postal_Code_Regex":"","Languages":"fr-BF","geonameid":"2361809","neighbours":"NE,BJ,GH,CI,TG,ML","EquivalentFipsCode":""},"cities":[{"geonameid":"2353197","name":"Zorgo","asciiname":"Zorgo","alternatenames":["Zorgho","Zorgo","Zorogo"],"latitude":"12.24922","longitude":"-0.61527","feature_class":"P","feature_code":"PPLA2","country_code":"BF","cc2":"","admin1_code":"11","admin2_code":"20","admin3_code":"","admin4_code":"","population":"23892","elevation":"","dem":"312","timezone":"Africa/Ouagadougou","modification_date":"2013-02-08"},{"geonameid":"2353257","name":"Ziniaré","asciiname":"Ziniare","alternatenames":["Zimare","Zimaré","Zinarie","Zinarié","Ziniare","Ziniaré"],"latitude":"12.58186","longitude":"-1.2971","feature_class":"P","feature_code":"PPLA","country_code":"BF","cc2":"","admin1_code":"11","admin2_code":"68","admin3_code":"","admin4_code":"","population":"12703","elevation":"","dem":"303","timezone":"Africa/Ouagadougou","modification_date":"2013-02-08"},{"geonameid":"2353688","name":"Yako","asciiname":"Yako","alternatenames":["Jako","Yako","Яко"],"latitude":"12.9591","longitude":"-2.26075","feature_class":"P","feature_code":"PPLA2","country_code":"BF","cc2":"","admin1_code":"10","admin2_code":"34","admin3_code":"","admin4_code":"","population":"22904","elevation":"","dem":"332","timezone":"Africa/Ouagadougou","modification_date":"2013-02-08"},{"geonameid":"2354176","name":"Tougan","asciiname":"Tougan","alternatenames":["TUQ","Tougan","Tugan"],"latitude":"13.0725","longitude":"-3.0694","feature_class":"P","feature_code":"PPLA2","country_code":"BF","cc2":"","admin1_code":"01","admin2_code":"73","admin3_code":"","admin4_code":"","population":"17590","elevation":"","dem":"300","timezone":"Africa/Ouagadougou","modification_date":"2012-06-05"},{"geonameid":"2354265","name":"Toma","asciiname":"Toma","alternatenames":["Toma"],"latitude":"12.75844","longitude":"-2.89879","feature_class":"P","feature_code":"PPLA2","country_code":"BF","cc2":"","admin1_code":"01","admin2_code":"66","admin3_code":"","admin4_code":"","population":"12401","elevation":"","dem":"287","timezone":"Africa/Ouagadougou","modification_date":"2013-02-08"},{"geonameid":"2354349","name":"Titao","asciiname":"Titao","alternatenames":[""],"latitude":"13.76667","longitude":"-2.06667","feature_class":"P","feature_code":"PPLA2","country_code":"BF","cc2":"","admin1_code":"10","admin2_code":"62","admin3_code":"","admin4_code":"","population":"19131","elevation":"","dem":"326","timezone":"Africa/Ouagadougou","modification_date":"2010-08-02"},{"geonameid":"2354675","name":"Tenkodogo","asciiname":"Tenkodogo","alternatenames":["TEG","Tenkodogo"],"latitude":"11.78","longitude":"-0.36972","feature_class":"P","feature_code":"PPLA","country_code":"BF","cc2":"","admin1_code":"04","admin2_code":"49","admin3_code":"","admin4_code":"","population":"37658","elevation":"","dem":"304","timezone":"Africa/Ouagadougou","modification_date":"2012-01-18"},{"geonameid":"2355404","name":"Salanso","asciiname":"Salanso","alternatenames":["Salanso","Solenso","Solenzo"],"latitude":"12.17423","longitude":"-4.08477","feature_class":"P","feature_code":"PPLA2","country_code":"BF","cc2":"","admin1_code":"01","admin2_code":"46","admin3_code":"","admin4_code":"","population":"10385","elevation":"","dem":"316","timezone":"Africa/Ouagadougou","modification_date":"2013-02-08"},{"geonameid":"2355548","name":"Sindou","asciiname":"Sindou","alternatenames":["Sindou","Sindu"],"latitude":"10.66667","longitude":"-5.16667","feature_class":"P","feature_code":"PPLA2","country_code":"BF","cc2":"","admin1_code":"02","admin2_code":"61","admin3_code":"","admin4_code":"","population":"3917","elevation":"","dem":"370","timezone":"Africa/Ouagadougou","modification_date":"2012-06-05"},{"geonameid":"2355803","name":"Sebba","asciiname":"Sebba","alternatenames":["Sebba","XSE","Zebba"],"latitude":"13.43641","longitude":"0.53044","feature_class":"P","feature_code":"PPLA2","country_code":"BF","cc2":"","admin1_code":"12","admin2_code":"75","admin3_code":"","admin4_code":"","population":"0","elevation":"","dem":"252","timezone":"Africa/Ouagadougou","modification_date":"2012-06-05"},{"geonameid":"2355869","name":"Sapouy","asciiname":"Sapouy","alternatenames":["Sapoui","Sapouy","Sapui"],"latitude":"11.55444","longitude":"-1.77361","feature_class":"P","feature_code":"PPLA2","country_code":"BF","cc2":"","admin1_code":"06","admin2_code":"77","admin3_code":"","admin4_code":"","population":"3837","elevation":"","dem":"336","timezone":"Africa/Ouagadougou","modification_date":"2012-06-05"},{"geonameid":"2356228","name":"Réo","asciiname":"Reo","alternatenames":["Reo","Réo","Рео"],"latitude":"12.31963","longitude":"-2.47094","feature_class":"P","feature_code":"PPLA2","country_code":"BF","cc2":"","admin1_code":"06","admin2_code":"36","admin3_code":"","admin4_code":"","population":"37535","elevation":"","dem":"300","timezone":"Africa/Ouagadougou","modification_date":"2013-02-08"},{"geonameid":"2356454","name":"Pô","asciiname":"Po","alternatenames":["Po","Pô"],"latitude":"11.16972","longitude":"-1.145","feature_class":"P","feature_code":"PPLA2","country_code":"BF","cc2":"","admin1_code":"07","admin2_code":"65","admin3_code":"","admin4_code":"","population":"17924","elevation":"","dem":"319","timezone":"Africa/Ouagadougou","modification_date":"2012-06-05"},{"geonameid":"2356459","name":"Pitmoaga","asciiname":"Pitmoaga","alternatenames":["Pitmoaga"],"latitude":"12.23972","longitude":"-1.87667","feature_class":"P","feature_code":"PPL","country_code":"BF","cc2":"","admin1_code":"06","admin2_code":"19","admin3_code":"","admin4_code":"","population":"7991","elevation":"","dem":"340","timezone":"Africa/Ouagadougou","modification_date":"2012-01-18"},{"geonameid":"2356738","name":"Pama","asciiname":"Pama","alternatenames":["Pama","Panea","XPA"],"latitude":"11.24972","longitude":"0.7075","feature_class":"P","feature_code":"PPLA2","country_code":"BF","cc2":"BF","admin1_code":"08","admin2_code":"57","admin3_code":"","admin4_code":"","population":"8902","elevation":"","dem":"222","timezone":"Africa/Ouagadougou","modification_date":"2012-06-05"},{"geonameid":"2356784","name":"Oursi","asciiname":"Oursi","alternatenames":["Oursi","Oursy","Worsi"],"latitude":"14.67553","longitude":"-0.46033","feature_class":"P","feature_code":"PPLA3","country_code":"BF","cc2":"","admin1_code":"12","admin2_code":"33","admin3_code":"","admin4_code":"","population":"0","elevation":"","dem":"298","timezone":"Africa/Ouagadougou","modification_date":"2014-07-22"},{"geonameid":"2357012","name":"Ouargaye","asciiname":"Ouargaye","alternatenames":["Ouargay","Ouargaye"],"latitude":"11.50202","longitude":"0.05886","feature_class":"P","feature_code":"PPLA2","country_code":"BF","cc2":"","admin1_code":"04","admin2_code":"59","admin3_code":"","admin4_code":"","population":"10103","elevation":"","dem":"292","timezone":"Africa/Ouagadougou","modification_date":"2013-01-10"},{"geonameid":"2357043","name":"Ouahigouya","asciiname":"Ouahigouya","alternatenames":["OUG","Ouahigouya","Waiguya"],"latitude":"13.58278","longitude":"-2.42158","feature_class":"P","feature_code":"PPLA","country_code":"BF","cc2":"","admin1_code":"10","admin2_code":"76","admin3_code":"","admin4_code":"","population":"61096","elevation":"","dem":"328","timezone":"Africa/Ouagadougou","modification_date":"2010-08-10"},{"geonameid":"2357048","name":"Ouagadougou","asciiname":"Ouagadougou","alternatenames":["Gorad Uagadugu","OUA","Ouagadouga","Ouagadougou","Ouankantounkou","Ougadougou","Owagadugu","Uagadougou","Uagadugu","Uagaduguo","Uagadugú","Uaqaduqu","Vagadugu","Wagadugu","awagadwgw","uagadugu","vagadugu","vakatuku","wa jia du gu","wa ka du ku","wagado~ugu","wagadugu","waghadwghw","Ουαγκαντουγκού","Ουαγκαντούγκου","Горад Уагадугу","Уагадугу","Ուագադուգու","ואגאדוגו","וואגאדוגו","ئۆئاگادۆگۆ","اوآگادوگو","اواگادوگو","اوگاڈوگو","واغادوغو","वागाडुगू","ਵਾਗਾਦੁਗੂ","வாகடூகு","วากาดูกู","ཨོ་འ་ག་དོའུ་གོའུ།","უაგადუგუ","ዋጋዱጉ","ワガドゥグー","瓦加杜古","와가두구"],"latitude":"12.36566","longitude":"-1.53388","feature_class":"P","feature_code":"PPLC","country_code":"BF","cc2":"","admin1_code":"03","admin2_code":"53","admin3_code":"","admin4_code":"","population":"1086505","elevation":"","dem":"299","timezone":"Africa/Ouagadougou","modification_date":"2015-06-03"},{"geonameid":"2357163","name":"Nouna","asciiname":"Nouna","alternatenames":["Nouna","XNU"],"latitude":"12.72939","longitude":"-3.86305","feature_class":"P","feature_code":"PPLA2","country_code":"BF","cc2":"","admin1_code":"01","admin2_code":"58","admin3_code":"","admin4_code":"","population":"29048","elevation":"","dem":"277","timezone":"Africa/Ouagadougou","modification_date":"2013-02-08"},{"geonameid":"2358100","name":"Manga","asciiname":"Manga","alternatenames":["Manga"],"latitude":"11.66361","longitude":"-1.07306","feature_class":"P","feature_code":"PPLA","country_code":"BF","cc2":"","admin1_code":"07","admin2_code":"44","admin3_code":"","admin4_code":"","population":"15173","elevation":"","dem":"286","timezone":"Africa/Ouagadougou","modification_date":"2012-02-02"},{"geonameid":"2358382","name":"Léo","asciiname":"Leo","alternatenames":["Leo","Lev","Léo","Лев"],"latitude":"11.10033","longitude":"-2.10654","feature_class":"P","feature_code":"PPLA2","country_code":"BF","cc2":"","admin1_code":"06","admin2_code":"72","admin3_code":"","admin4_code":"","population":"26884","elevation":"","dem":"349","timezone":"Africa/Ouagadougou","modification_date":"2013-01-10"},{"geonameid":"2358738","name":"Koupéla","asciiname":"Koupela","alternatenames":["Koupela","Koupéla","Kupela"],"latitude":"12.17864","longitude":"-0.35103","feature_class":"P","feature_code":"PPLA2","country_code":"BF","cc2":"","admin1_code":"04","admin2_code":"28","admin3_code":"","admin4_code":"","population":"32052","elevation":"","dem":"306","timezone":"Africa/Ouagadougou","modification_date":"2013-02-08"},{"geonameid":"2358946","name":"Koudougou","asciiname":"Koudougou","alternatenames":["Kondougou","Koudougou","Kudugu","Kuduguo","khu du ku","ku du gu","kudo~ugu","kudugu","kwdwgw","Кудугу","کودوگو","คูดูกู","クドゥグ","库杜古","쿠두구"],"latitude":"12.25263","longitude":"-2.36272","feature_class":"P","feature_code":"PPLA","country_code":"BF","cc2":"","admin1_code":"06","admin2_code":"19","admin3_code":"","admin4_code":"","population":"87347","elevation":"","dem":"303","timezone":"Africa/Ouagadougou","modification_date":"2013-02-08"},{"geonameid":"2359142","name":"Kongoussi","asciiname":"Kongoussi","alternatenames":["Kongoussi"],"latitude":"13.32583","longitude":"-1.53472","feature_class":"P","feature_code":"PPLA2","country_code":"BF","cc2":"","admin1_code":"05","admin2_code":"15","admin3_code":"","admin4_code":"","population":"26338","elevation":"","dem":"330","timezone":"Africa/Ouagadougou","modification_date":"2012-06-05"},{"geonameid":"2359227","name":"Kombissiri","asciiname":"Kombissiri","alternatenames":["Kombisiri","Kombissiguiri","Kombissiri"],"latitude":"12.06095","longitude":"-1.33355","feature_class":"P","feature_code":"PPLA2","country_code":"BF","cc2":"","admin1_code":"07","admin2_code":"47","admin3_code":"","admin4_code":"","population":"30137","elevation":"","dem":"303","timezone":"Africa/Ouagadougou","modification_date":"2013-02-08"},{"geonameid":"2359317","name":"Kokologo","asciiname":"Kokologo","alternatenames":["Kokolgho","Kokologo"],"latitude":"12.18972","longitude":"-1.88556","feature_class":"P","feature_code":"PPL","country_code":"BF","cc2":"","admin1_code":"06","admin2_code":"19","admin3_code":"","admin4_code":"","population":"25958","elevation":"","dem":"322","timezone":"Africa/Ouagadougou","modification_date":"2012-01-18"},{"geonameid":"2359608","name":"Kaya","asciiname":"Kaya","alternatenames":["Kaja","Kaya","XKY","Кая"],"latitude":"13.09167","longitude":"-1.08444","feature_class":"P","feature_code":"PPLA","country_code":"BF","cc2":"","admin1_code":"05","admin2_code":"70","admin3_code":"","admin4_code":"","population":"39229","elevation":"","dem":"341","timezone":"Africa/Ouagadougou","modification_date":"2012-01-18"},{"geonameid":"2360073","name":"Houndé","asciiname":"Hounde","alternatenames":["Hounde","Houndé","Hunde"],"latitude":"11.5","longitude":"-3.51667","feature_class":"P","feature_code":"PPLA2","country_code":"BF","cc2":"","admin1_code":"09","admin2_code":"74","admin3_code":"","admin4_code":"","population":"36593","elevation":"","dem":"349","timezone":"Africa/Ouagadougou","modification_date":"2012-06-05"},{"geonameid":"2360238","name":"Gourcy","asciiname":"Gourcy","alternatenames":["Gourcy","Goursi","Gursi"],"latitude":"13.20776","longitude":"-2.35893","feature_class":"P","feature_code":"PPLA2","country_code":"BF","cc2":"","admin1_code":"10","admin2_code":"78","admin3_code":"","admin4_code":"","population":"16765","elevation":"","dem":"331","timezone":"Africa/Ouagadougou","modification_date":"2012-06-05"},{"geonameid":"2360286","name":"Goulouré","asciiname":"Gouloure","alternatenames":[""],"latitude":"12.2276","longitude":"-1.92922","feature_class":"P","feature_code":"PPL","country_code":"BF","cc2":"","admin1_code":"06","admin2_code":"19","admin3_code":"","admin4_code":"","population":"6677","elevation":"","dem":"331","timezone":"Africa/Ouagadougou","modification_date":"2013-02-08"},{"geonameid":"2360372","name":"Gorom-Gorom","asciiname":"Gorom-Gorom","alternatenames":["Gorom-Gorom","XGG"],"latitude":"14.4429","longitude":"-0.23468","feature_class":"P","feature_code":"PPLA2","country_code":"BF","cc2":"","admin1_code":"12","admin2_code":"33","admin3_code":"","admin4_code":"","population":"6691","elevation":"","dem":"274","timezone":"Africa/Ouagadougou","modification_date":"2013-09-06"},{"geonameid":"2360541","name":"Gayéri","asciiname":"Gayeri","alternatenames":["Gayeri","Gayéri"],"latitude":"12.64824","longitude":"0.49314","feature_class":"P","feature_code":"PPLA2","country_code":"BF","cc2":"","admin1_code":"08","admin2_code":"56","admin3_code":"","admin4_code":"","population":"1958","elevation":"","dem":"281","timezone":"Africa/Ouagadougou","modification_date":"2013-02-08"},{"geonameid":"2360615","name":"Garango","asciiname":"Garango","alternatenames":["Garango"],"latitude":"11.8","longitude":"-0.55056","feature_class":"P","feature_code":"PPL","country_code":"BF","cc2":"","admin1_code":"04","admin2_code":"49","admin3_code":"","admin4_code":"","population":"29076","elevation":"","dem":"304","timezone":"Africa/Ouagadougou","modification_date":"2012-01-18"},{"geonameid":"2360886","name":"Fada N'gourma","asciiname":"Fada N'gourma","alternatenames":["FNG","Fada N'Gourma","Fada N'gourma","Fada Ngourma","Fada N’Gourma","Fada-n-Gurma"],"latitude":"12.06157","longitude":"0.35843","feature_class":"P","feature_code":"PPLA","country_code":"BF","cc2":"","admin1_code":"08","admin2_code":"50","admin3_code":"","admin4_code":"","population":"33910","elevation":"","dem":"298","timezone":"Africa/Ouagadougou","modification_date":"2013-05-18"},{"geonameid":"2361082","name":"Dori","asciiname":"Dori","alternatenames":["DOR","Dori","Дори"],"latitude":"14.0354","longitude":"-0.0345","feature_class":"P","feature_code":"PPLA","country_code":"BF","cc2":"","admin1_code":"12","admin2_code":"71","admin3_code":"","admin4_code":"","population":"37806","elevation":"","dem":"282","timezone":"Africa/Ouagadougou","modification_date":"2012-01-18"},{"geonameid":"2361177","name":"Djibo","asciiname":"Djibo","alternatenames":["Djibo","Dzhibo","Jibo","XDJ","Джибо"],"latitude":"14.0994","longitude":"-1.62554","feature_class":"P","feature_code":"PPLA2","country_code":"BF","cc2":"","admin1_code":"12","admin2_code":"40","admin3_code":"","admin4_code":"","population":"22223","elevation":"","dem":"301","timezone":"Africa/Ouagadougou","modification_date":"2012-12-05"},{"geonameid":"2361342","name":"Diébougou","asciiname":"Diebougou","alternatenames":["Diebougou","Diebugu","Diébougou"],"latitude":"10.96209","longitude":"-3.24967","feature_class":"P","feature_code":"PPLA2","country_code":"BF","cc2":"","admin1_code":"13","admin2_code":"48","admin3_code":"","admin4_code":"","population":"12732","elevation":"","dem":"290","timezone":"Africa/Ouagadougou","modification_date":"2013-01-10"},{"geonameid":"2361373","name":"Diapaga","asciiname":"Diapaga","alternatenames":["DIP","Diapaga","Диапага"],"latitude":"12.07305","longitude":"1.78838","feature_class":"P","feature_code":"PPLA2","country_code":"BF","cc2":"","admin1_code":"08","admin2_code":"42","admin3_code":"","admin4_code":"","population":"26013","elevation":"","dem":"273","timezone":"Africa/Ouagadougou","modification_date":"2012-06-05"},{"geonameid":"2361444","name":"Déou","asciiname":"Deou","alternatenames":["Deou","Déou"],"latitude":"14.60084","longitude":"-0.71901","feature_class":"P","feature_code":"PPLA3","country_code":"BF","cc2":"","admin1_code":"12","admin2_code":"33","admin3_code":"","admin4_code":"","population":"0","elevation":"","dem":"327","timezone":"Africa/Ouagadougou","modification_date":"2013-09-06"},{"geonameid":"2361477","name":"Dédougou","asciiname":"Dedougou","alternatenames":["DGU","Dedougou","Dedugu","Dédougou"],"latitude":"12.46338","longitude":"-3.46075","feature_class":"P","feature_code":"PPLA","country_code":"BF","cc2":"","admin1_code":"01","admin2_code":"63","admin3_code":"","admin4_code":"","population":"45341","elevation":"","dem":"302","timezone":"Africa/Ouagadougou","modification_date":"2013-05-18"},{"geonameid":"2361586","name":"Dano","asciiname":"Dano","alternatenames":["Dano"],"latitude":"11.1464","longitude":"-3.05784","feature_class":"P","feature_code":"PPLA2","country_code":"BF","cc2":"","admin1_code":"13","admin2_code":"52","admin3_code":"","admin4_code":"","population":"11153","elevation":"","dem":"285","timezone":"Africa/Ouagadougou","modification_date":"2013-01-10"},{"geonameid":"2361845","name":"Boussé","asciiname":"Bousse","alternatenames":["Bousse","Boussé","Busse"],"latitude":"12.6576","longitude":"-1.89288","feature_class":"P","feature_code":"PPLA2","country_code":"BF","cc2":"","admin1_code":"11","admin2_code":"60","admin3_code":"","admin4_code":"","population":"15868","elevation":"","dem":"344","timezone":"Africa/Ouagadougou","modification_date":"2013-02-08"},{"geonameid":"2361946","name":"Boulsa","asciiname":"Boulsa","alternatenames":["Boulsa","Boulssa","Bulsa","XBO"],"latitude":"12.66664","longitude":"-0.57469","feature_class":"P","feature_code":"PPLA2","country_code":"BF","cc2":"","admin1_code":"05","admin2_code":"64","admin3_code":"","admin4_code":"","population":"17489","elevation":"","dem":"313","timezone":"Africa/Ouagadougou","modification_date":"2013-02-08"},{"geonameid":"2362150","name":"Boromo","asciiname":"Boromo","alternatenames":["Borom","Boromo"],"latitude":"11.74542","longitude":"-2.93006","feature_class":"P","feature_code":"PPLA2","country_code":"BF","cc2":"","admin1_code":"01","admin2_code":"45","admin3_code":"","admin4_code":"","population":"13157","elevation":"","dem":"263","timezone":"Africa/Ouagadougou","modification_date":"2013-01-10"},{"geonameid":"2362323","name":"Bogandé","asciiname":"Bogande","alternatenames":["Bogande","Bogandé"],"latitude":"12.9704","longitude":"-0.14953","feature_class":"P","feature_code":"PPLA2","country_code":"BF","cc2":"","admin1_code":"08","admin2_code":"21","admin3_code":"","admin4_code":"","population":"9854","elevation":"","dem":"287","timezone":"Africa/Ouagadougou","modification_date":"2013-02-08"},{"geonameid":"2362344","name":"Bobo-Dioulasso","asciiname":"Bobo-Dioulasso","alternatenames":["Bobo Dioulasso","Bobo Diulasas","Bobo-Dioulasso","Bobo-Diulaso","Bobo-Diulasso","Bobodjulaso","bo bo di wu la suo","bobodiullaso","bwbwdywlasw","Бобо-Диуласо","Бобо-Діуласо","بوبوديولاسو","ボボ・ディウラッソ","博博迪乌拉索","보보디울라소"],"latitude":"11.17715","longitude":"-4.2979","feature_class":"P","feature_code":"PPLA","country_code":"BF","cc2":"","admin1_code":"09","admin2_code":"51","admin3_code":"","admin4_code":"","population":"360106","elevation":"","dem":"423","timezone":"Africa/Ouagadougou","modification_date":"2010-08-10"},{"geonameid":"2362669","name":"Batié","asciiname":"Batie","alternatenames":[""],"latitude":"9.88333","longitude":"-2.91667","feature_class":"P","feature_code":"PPLA2","country_code":"BF","cc2":"","admin1_code":"13","admin2_code":"67","admin3_code":"","admin4_code":"","population":"6483","elevation":"","dem":"307","timezone":"Africa/Ouagadougou","modification_date":"2010-08-02"},{"geonameid":"2362909","name":"Banfora","asciiname":"Banfora","alternatenames":["BNR","Banfora","Banforu","Банфору"],"latitude":"10.63333","longitude":"-4.76667","feature_class":"P","feature_code":"PPLA","country_code":"BF","cc2":"","admin1_code":"02","admin2_code":"55","admin3_code":"","admin4_code":"","population":"60288","elevation":"","dem":"299","timezone":"Africa/Ouagadougou","modification_date":"2012-01-18"},{"geonameid":"2577162","name":"Gaoua","asciiname":"Gaoua","alternatenames":[""],"latitude":"10.29917","longitude":"-3.25083","feature_class":"P","feature_code":"PPLA","country_code":"BF","cc2":"","admin1_code":"13","admin2_code":"69","admin3_code":"","admin4_code":"","population":"25104","elevation":"","dem":"329","timezone":"Africa/Ouagadougou","modification_date":"2010-08-02"},{"geonameid":"2577164","name":"Orodara","asciiname":"Orodara","alternatenames":["Orodara","Orodaro"],"latitude":"10.94917","longitude":"-4.93417","feature_class":"P","feature_code":"PPLA2","country_code":"BF","cc2":"","admin1_code":"09","admin2_code":"54","admin3_code":"","admin4_code":"","population":"18632","elevation":"","dem":"578","timezone":"Africa/Ouagadougou","modification_date":"2012-06-06"},{"geonameid":"2596769","name":"Tin-Akoff","asciiname":"Tin-Akoff","alternatenames":["Ti-n-Akof","Tin Akof","Tin-Akoff"],"latitude":"14.96549","longitude":"-0.16335","feature_class":"P","feature_code":"PPLA3","country_code":"BF","cc2":"","admin1_code":"12","admin2_code":"33","admin3_code":"","admin4_code":"","population":"0","elevation":"","dem":"248","timezone":"Africa/Ouagadougou","modification_date":"2013-09-09"},{"geonameid":"2353197","name":"Zorgo","asciiname":"Zorgo","alternatenames":["Zorgho","Zorgo","Zorogo"],"latitude":"12.24922","longitude":"-0.61527","feature_class":"P","feature_code":"PPLA2","country_code":"BF","cc2":"","admin1_code":"11","admin2_code":"20","admin3_code":"","admin4_code":"","population":"23892","elevation":"","dem":"312","timezone":"Africa/Ouagadougou","modification_date":"2013-02-08"},{"geonameid":"2353257","name":"Ziniaré","asciiname":"Ziniare","alternatenames":["Zimare","Zimaré","Zinarie","Zinarié","Ziniare","Ziniaré"],"latitude":"12.58186","longitude":"-1.2971","feature_class":"P","feature_code":"PPLA","country_code":"BF","cc2":"","admin1_code":"11","admin2_code":"68","admin3_code":"","admin4_code":"","population":"12703","elevation":"","dem":"303","timezone":"Africa/Ouagadougou","modification_date":"2013-02-08"},{"geonameid":"2353688","name":"Yako","asciiname":"Yako","alternatenames":["Jako","Yako","Яко"],"latitude":"12.9591","longitude":"-2.26075","feature_class":"P","feature_code":"PPLA2","country_code":"BF","cc2":"","admin1_code":"10","admin2_code":"34","admin3_code":"","admin4_code":"","population":"22904","elevation":"","dem":"332","timezone":"Africa/Ouagadougou","modification_date":"2013-02-08"},{"geonameid":"2354176","name":"Tougan","asciiname":"Tougan","alternatenames":["TUQ","Tougan","Tugan"],"latitude":"13.0725","longitude":"-3.0694","feature_class":"P","feature_code":"PPLA2","country_code":"BF","cc2":"","admin1_code":"01","admin2_code":"73","admin3_code":"","admin4_code":"","population":"17590","elevation":"","dem":"300","timezone":"Africa/Ouagadougou","modification_date":"2012-06-05"},{"geonameid":"2354265","name":"Toma","asciiname":"Toma","alternatenames":["Toma"],"latitude":"12.75844","longitude":"-2.89879","feature_class":"P","feature_code":"PPLA2","country_code":"BF","cc2":"","admin1_code":"01","admin2_code":"66","admin3_code":"","admin4_code":"","population":"12401","elevation":"","dem":"287","timezone":"Africa/Ouagadougou","modification_date":"2013-02-08"},{"geonameid":"2354349","name":"Titao","asciiname":"Titao","alternatenames":[""],"latitude":"13.76667","longitude":"-2.06667","feature_class":"P","feature_code":"PPLA2","country_code":"BF","cc2":"","admin1_code":"10","admin2_code":"62","admin3_code":"","admin4_code":"","population":"19131","elevation":"","dem":"326","timezone":"Africa/Ouagadougou","modification_date":"2010-08-02"},{"geonameid":"2354675","name":"Tenkodogo","asciiname":"Tenkodogo","alternatenames":["TEG","Tenkodogo"],"latitude":"11.78","longitude":"-0.36972","feature_class":"P","feature_code":"PPLA","country_code":"BF","cc2":"","admin1_code":"04","admin2_code":"49","admin3_code":"","admin4_code":"","population":"37658","elevation":"","dem":"304","timezone":"Africa/Ouagadougou","modification_date":"2012-01-18"},{"geonameid":"2355404","name":"Salanso","asciiname":"Salanso","alternatenames":["Salanso","Solenso","Solenzo"],"latitude":"12.17423","longitude":"-4.08477","feature_class":"P","feature_code":"PPLA2","country_code":"BF","cc2":"","admin1_code":"01","admin2_code":"46","admin3_code":"","admin4_code":"","population":"10385","elevation":"","dem":"316","timezone":"Africa/Ouagadougou","modification_date":"2013-02-08"},{"geonameid":"2356228","name":"Réo","asciiname":"Reo","alternatenames":["Reo","Réo","Рео"],"latitude":"12.31963","longitude":"-2.47094","feature_class":"P","feature_code":"PPLA2","country_code":"BF","cc2":"","admin1_code":"06","admin2_code":"36","admin3_code":"","admin4_code":"","population":"37535","elevation":"","dem":"300","timezone":"Africa/Ouagadougou","modification_date":"2013-02-08"},{"geonameid":"2356454","name":"Pô","asciiname":"Po","alternatenames":["Po","Pô"],"latitude":"11.16972","longitude":"-1.145","feature_class":"P","feature_code":"PPLA2","country_code":"BF","cc2":"","admin1_code":"07","admin2_code":"65","admin3_code":"","admin4_code":"","population":"17924","elevation":"","dem":"319","timezone":"Africa/Ouagadougou","modification_date":"2012-06-05"},{"geonameid":"2356459","name":"Pitmoaga","asciiname":"Pitmoaga","alternatenames":["Pitmoaga"],"latitude":"12.23972","longitude":"-1.87667","feature_class":"P","feature_code":"PPL","country_code":"BF","cc2":"","admin1_code":"06","admin2_code":"19","admin3_code":"","admin4_code":"","population":"7991","elevation":"","dem":"340","timezone":"Africa/Ouagadougou","modification_date":"2012-01-18"},{"geonameid":"2356738","name":"Pama","asciiname":"Pama","alternatenames":["Pama","Panea","XPA"],"latitude":"11.24972","longitude":"0.7075","feature_class":"P","feature_code":"PPLA2","country_code":"BF","cc2":"BF","admin1_code":"08","admin2_code":"57","admin3_code":"","admin4_code":"","population":"8902","elevation":"","dem":"222","timezone":"Africa/Ouagadougou","modification_date":"2012-06-05"},{"geonameid":"2357012","name":"Ouargaye","asciiname":"Ouargaye","alternatenames":["Ouargay","Ouargaye"],"latitude":"11.50202","longitude":"0.05886","feature_class":"P","feature_code":"PPLA2","country_code":"BF","cc2":"","admin1_code":"04","admin2_code":"59","admin3_code":"","admin4_code":"","population":"10103","elevation":"","dem":"292","timezone":"Africa/Ouagadougou","modification_date":"2013-01-10"},{"geonameid":"2357043","name":"Ouahigouya","asciiname":"Ouahigouya","alternatenames":["OUG","Ouahigouya","Waiguya"],"latitude":"13.58278","longitude":"-2.42158","feature_class":"P","feature_code":"PPLA","country_code":"BF","cc2":"","admin1_code":"10","admin2_code":"76","admin3_code":"","admin4_code":"","population":"61096","elevation":"","dem":"328","timezone":"Africa/Ouagadougou","modification_date":"2010-08-10"},{"geonameid":"2357048","name":"Ouagadougou","asciiname":"Ouagadougou","alternatenames":["Gorad Uagadugu","OUA","Ouagadouga","Ouagadougou","Ouankantounkou","Ougadougou","Owagadugu","Uagadougou","Uagadugu","Uagaduguo","Uagadugú","Uaqaduqu","Vagadugu","Wagadugu","awagadwgw","uagadugu","vagadugu","vakatuku","wa jia du gu","wa ka du ku","wagado~ugu","wagadugu","waghadwghw","Ουαγκαντουγκού","Ουαγκαντούγκου","Горад Уагадугу","Уагадугу","Ուագադուգու","ואגאדוגו","וואגאדוגו","ئۆئاگادۆگۆ","اوآگادوگو","اواگادوگو","اوگاڈوگو","واغادوغو","वागाडुगू","ਵਾਗਾਦੁਗੂ","வாகடூகு","วากาดูกู","ཨོ་འ་ག་དོའུ་གོའུ།","უაგადუგუ","ዋጋዱጉ","ワガドゥグー","瓦加杜古","와가두구"],"latitude":"12.36566","longitude":"-1.53388","feature_class":"P","feature_code":"PPLC","country_code":"BF","cc2":"","admin1_code":"03","admin2_code":"53","admin3_code":"","admin4_code":"","population":"1086505","elevation":"","dem":"299","timezone":"Africa/Ouagadougou","modification_date":"2015-06-03"},{"geonameid":"2357163","name":"Nouna","asciiname":"Nouna","alternatenames":["Nouna","XNU"],"latitude":"12.72939","longitude":"-3.86305","feature_class":"P","feature_code":"PPLA2","country_code":"BF","cc2":"","admin1_code":"01","admin2_code":"58","admin3_code":"","admin4_code":"","population":"29048","elevation":"","dem":"277","timezone":"Africa/Ouagadougou","modification_date":"2013-02-08"},{"geonameid":"2358100","name":"Manga","asciiname":"Manga","alternatenames":["Manga"],"latitude":"11.66361","longitude":"-1.07306","feature_class":"P","feature_code":"PPLA","country_code":"BF","cc2":"","admin1_code":"07","admin2_code":"44","admin3_code":"","admin4_code":"","population":"15173","elevation":"","dem":"286","timezone":"Africa/Ouagadougou","modification_date":"2012-02-02"},{"geonameid":"2358382","name":"Léo","asciiname":"Leo","alternatenames":["Leo","Lev","Léo","Лев"],"latitude":"11.10033","longitude":"-2.10654","feature_class":"P","feature_code":"PPLA2","country_code":"BF","cc2":"","admin1_code":"06","admin2_code":"72","admin3_code":"","admin4_code":"","population":"26884","elevation":"","dem":"349","timezone":"Africa/Ouagadougou","modification_date":"2013-01-10"},{"geonameid":"2358738","name":"Koupéla","asciiname":"Koupela","alternatenames":["Koupela","Koupéla","Kupela"],"latitude":"12.17864","longitude":"-0.35103","feature_class":"P","feature_code":"PPLA2","country_code":"BF","cc2":"","admin1_code":"04","admin2_code":"28","admin3_code":"","admin4_code":"","population":"32052","elevation":"","dem":"306","timezone":"Africa/Ouagadougou","modification_date":"2013-02-08"},{"geonameid":"2358946","name":"Koudougou","asciiname":"Koudougou","alternatenames":["Kondougou","Koudougou","Kudugu","Kuduguo","khu du ku","ku du gu","kudo~ugu","kudugu","kwdwgw","Кудугу","کودوگو","คูดูกู","クドゥグ","库杜古","쿠두구"],"latitude":"12.25263","longitude":"-2.36272","feature_class":"P","feature_code":"PPLA","country_code":"BF","cc2":"","admin1_code":"06","admin2_code":"19","admin3_code":"","admin4_code":"","population":"87347","elevation":"","dem":"303","timezone":"Africa/Ouagadougou","modification_date":"2013-02-08"},{"geonameid":"2359142","name":"Kongoussi","asciiname":"Kongoussi","alternatenames":["Kongoussi"],"latitude":"13.32583","longitude":"-1.53472","feature_class":"P","feature_code":"PPLA2","country_code":"BF","cc2":"","admin1_code":"05","admin2_code":"15","admin3_code":"","admin4_code":"","population":"26338","elevation":"","dem":"330","timezone":"Africa/Ouagadougou","modification_date":"2012-06-05"},{"geonameid":"2359227","name":"Kombissiri","asciiname":"Kombissiri","alternatenames":["Kombisiri","Kombissiguiri","Kombissiri"],"latitude":"12.06095","longitude":"-1.33355","feature_class":"P","feature_code":"PPLA2","country_code":"BF","cc2":"","admin1_code":"07","admin2_code":"47","admin3_code":"","admin4_code":"","population":"30137","elevation":"","dem":"303","timezone":"Africa/Ouagadougou","modification_date":"2013-02-08"},{"geonameid":"2359317","name":"Kokologo","asciiname":"Kokologo","alternatenames":["Kokolgho","Kokologo"],"latitude":"12.18972","longitude":"-1.88556","feature_class":"P","feature_code":"PPL","country_code":"BF","cc2":"","admin1_code":"06","admin2_code":"19","admin3_code":"","admin4_code":"","population":"25958","elevation":"","dem":"322","timezone":"Africa/Ouagadougou","modification_date":"2012-01-18"},{"geonameid":"2359608","name":"Kaya","asciiname":"Kaya","alternatenames":["Kaja","Kaya","XKY","Кая"],"latitude":"13.09167","longitude":"-1.08444","feature_class":"P","feature_code":"PPLA","country_code":"BF","cc2":"","admin1_code":"05","admin2_code":"70","admin3_code":"","admin4_code":"","population":"39229","elevation":"","dem":"341","timezone":"Africa/Ouagadougou","modification_date":"2012-01-18"},{"geonameid":"2360073","name":"Houndé","asciiname":"Hounde","alternatenames":["Hounde","Houndé","Hunde"],"latitude":"11.5","longitude":"-3.51667","feature_class":"P","feature_code":"PPLA2","country_code":"BF","cc2":"","admin1_code":"09","admin2_code":"74","admin3_code":"","admin4_code":"","population":"36593","elevation":"","dem":"349","timezone":"Africa/Ouagadougou","modification_date":"2012-06-05"},{"geonameid":"2360238","name":"Gourcy","asciiname":"Gourcy","alternatenames":["Gourcy","Goursi","Gursi"],"latitude":"13.20776","longitude":"-2.35893","feature_class":"P","feature_code":"PPLA2","country_code":"BF","cc2":"","admin1_code":"10","admin2_code":"78","admin3_code":"","admin4_code":"","population":"16765","elevation":"","dem":"331","timezone":"Africa/Ouagadougou","modification_date":"2012-06-05"},{"geonameid":"2360286","name":"Goulouré","asciiname":"Gouloure","alternatenames":[""],"latitude":"12.2276","longitude":"-1.92922","feature_class":"P","feature_code":"PPL","country_code":"BF","cc2":"","admin1_code":"06","admin2_code":"19","admin3_code":"","admin4_code":"","population":"6677","elevation":"","dem":"331","timezone":"Africa/Ouagadougou","modification_date":"2013-02-08"},{"geonameid":"2360372","name":"Gorom-Gorom","asciiname":"Gorom-Gorom","alternatenames":["Gorom-Gorom","XGG"],"latitude":"14.4429","longitude":"-0.23468","feature_class":"P","feature_code":"PPLA2","country_code":"BF","cc2":"","admin1_code":"12","admin2_code":"33","admin3_code":"","admin4_code":"","population":"6691","elevation":"","dem":"274","timezone":"Africa/Ouagadougou","modification_date":"2013-09-06"},{"geonameid":"2360615","name":"Garango","asciiname":"Garango","alternatenames":["Garango"],"latitude":"11.8","longitude":"-0.55056","feature_class":"P","feature_code":"PPL","country_code":"BF","cc2":"","admin1_code":"04","admin2_code":"49","admin3_code":"","admin4_code":"","population":"29076","elevation":"","dem":"304","timezone":"Africa/Ouagadougou","modification_date":"2012-01-18"},{"geonameid":"2360886","name":"Fada N'gourma","asciiname":"Fada N'gourma","alternatenames":["FNG","Fada N'Gourma","Fada N'gourma","Fada Ngourma","Fada N’Gourma","Fada-n-Gurma"],"latitude":"12.06157","longitude":"0.35843","feature_class":"P","feature_code":"PPLA","country_code":"BF","cc2":"","admin1_code":"08","admin2_code":"50","admin3_code":"","admin4_code":"","population":"33910","elevation":"","dem":"298","timezone":"Africa/Ouagadougou","modification_date":"2013-05-18"},{"geonameid":"2361082","name":"Dori","asciiname":"Dori","alternatenames":["DOR","Dori","Дори"],"latitude":"14.0354","longitude":"-0.0345","feature_class":"P","feature_code":"PPLA","country_code":"BF","cc2":"","admin1_code":"12","admin2_code":"71","admin3_code":"","admin4_code":"","population":"37806","elevation":"","dem":"282","timezone":"Africa/Ouagadougou","modification_date":"2012-01-18"},{"geonameid":"2361177","name":"Djibo","asciiname":"Djibo","alternatenames":["Djibo","Dzhibo","Jibo","XDJ","Джибо"],"latitude":"14.0994","longitude":"-1.62554","feature_class":"P","feature_code":"PPLA2","country_code":"BF","cc2":"","admin1_code":"12","admin2_code":"40","admin3_code":"","admin4_code":"","population":"22223","elevation":"","dem":"301","timezone":"Africa/Ouagadougou","modification_date":"2012-12-05"},{"geonameid":"2361342","name":"Diébougou","asciiname":"Diebougou","alternatenames":["Diebougou","Diebugu","Diébougou"],"latitude":"10.96209","longitude":"-3.24967","feature_class":"P","feature_code":"PPLA2","country_code":"BF","cc2":"","admin1_code":"13","admin2_code":"48","admin3_code":"","admin4_code":"","population":"12732","elevation":"","dem":"290","timezone":"Africa/Ouagadougou","modification_date":"2013-01-10"},{"geonameid":"2361373","name":"Diapaga","asciiname":"Diapaga","alternatenames":["DIP","Diapaga","Диапага"],"latitude":"12.07305","longitude":"1.78838","feature_class":"P","feature_code":"PPLA2","country_code":"BF","cc2":"","admin1_code":"08","admin2_code":"42","admin3_code":"","admin4_code":"","population":"26013","elevation":"","dem":"273","timezone":"Africa/Ouagadougou","modification_date":"2012-06-05"},{"geonameid":"2361477","name":"Dédougou","asciiname":"Dedougou","alternatenames":["DGU","Dedougou","Dedugu","Dédougou"],"latitude":"12.46338","longitude":"-3.46075","feature_class":"P","feature_code":"PPLA","country_code":"BF","cc2":"","admin1_code":"01","admin2_code":"63","admin3_code":"","admin4_code":"","population":"45341","elevation":"","dem":"302","timezone":"Africa/Ouagadougou","modification_date":"2013-05-18"},{"geonameid":"2361586","name":"Dano","asciiname":"Dano","alternatenames":["Dano"],"latitude":"11.1464","longitude":"-3.05784","feature_class":"P","feature_code":"PPLA2","country_code":"BF","cc2":"","admin1_code":"13","admin2_code":"52","admin3_code":"","admin4_code":"","population":"11153","elevation":"","dem":"285","timezone":"Africa/Ouagadougou","modification_date":"2013-01-10"},{"geonameid":"2361845","name":"Boussé","asciiname":"Bousse","alternatenames":["Bousse","Boussé","Busse"],"latitude":"12.6576","longitude":"-1.89288","feature_class":"P","feature_code":"PPLA2","country_code":"BF","cc2":"","admin1_code":"11","admin2_code":"60","admin3_code":"","admin4_code":"","population":"15868","elevation":"","dem":"344","timezone":"Africa/Ouagadougou","modification_date":"2013-02-08"},{"geonameid":"2361946","name":"Boulsa","asciiname":"Boulsa","alternatenames":["Boulsa","Boulssa","Bulsa","XBO"],"latitude":"12.66664","longitude":"-0.57469","feature_class":"P","feature_code":"PPLA2","country_code":"BF","cc2":"","admin1_code":"05","admin2_code":"64","admin3_code":"","admin4_code":"","population":"17489","elevation":"","dem":"313","timezone":"Africa/Ouagadougou","modification_date":"2013-02-08"},{"geonameid":"2362150","name":"Boromo","asciiname":"Boromo","alternatenames":["Borom","Boromo"],"latitude":"11.74542","longitude":"-2.93006","feature_class":"P","feature_code":"PPLA2","country_code":"BF","cc2":"","admin1_code":"01","admin2_code":"45","admin3_code":"","admin4_code":"","population":"13157","elevation":"","dem":"263","timezone":"Africa/Ouagadougou","modification_date":"2013-01-10"},{"geonameid":"2362323","name":"Bogandé","asciiname":"Bogande","alternatenames":["Bogande","Bogandé"],"latitude":"12.9704","longitude":"-0.14953","feature_class":"P","feature_code":"PPLA2","country_code":"BF","cc2":"","admin1_code":"08","admin2_code":"21","admin3_code":"","admin4_code":"","population":"9854","elevation":"","dem":"287","timezone":"Africa/Ouagadougou","modification_date":"2013-02-08"},{"geonameid":"2362344","name":"Bobo-Dioulasso","asciiname":"Bobo-Dioulasso","alternatenames":["Bobo Dioulasso","Bobo Diulasas","Bobo-Dioulasso","Bobo-Diulaso","Bobo-Diulasso","Bobodjulaso","bo bo di wu la suo","bobodiullaso","bwbwdywlasw","Бобо-Диуласо","Бобо-Діуласо","بوبوديولاسو","ボボ・ディウラッソ","博博迪乌拉索","보보디울라소"],"latitude":"11.17715","longitude":"-4.2979","feature_class":"P","feature_code":"PPLA","country_code":"BF","cc2":"","admin1_code":"09","admin2_code":"51","admin3_code":"","admin4_code":"","population":"360106","elevation":"","dem":"423","timezone":"Africa/Ouagadougou","modification_date":"2010-08-10"},{"geonameid":"2362669","name":"Batié","asciiname":"Batie","alternatenames":[""],"latitude":"9.88333","longitude":"-2.91667","feature_class":"P","feature_code":"PPLA2","country_code":"BF","cc2":"","admin1_code":"13","admin2_code":"67","admin3_code":"","admin4_code":"","population":"6483","elevation":"","dem":"307","timezone":"Africa/Ouagadougou","modification_date":"2010-08-02"},{"geonameid":"2362909","name":"Banfora","asciiname":"Banfora","alternatenames":["BNR","Banfora","Banforu","Банфору"],"latitude":"10.63333","longitude":"-4.76667","feature_class":"P","feature_code":"PPLA","country_code":"BF","cc2":"","admin1_code":"02","admin2_code":"55","admin3_code":"","admin4_code":"","population":"60288","elevation":"","dem":"299","timezone":"Africa/Ouagadougou","modification_date":"2012-01-18"},{"geonameid":"2577162","name":"Gaoua","asciiname":"Gaoua","alternatenames":[""],"latitude":"10.29917","longitude":"-3.25083","feature_class":"P","feature_code":"PPLA","country_code":"BF","cc2":"","admin1_code":"13","admin2_code":"69","admin3_code":"","admin4_code":"","population":"25104","elevation":"","dem":"329","timezone":"Africa/Ouagadougou","modification_date":"2010-08-02"},{"geonameid":"2577164","name":"Orodara","asciiname":"Orodara","alternatenames":["Orodara","Orodaro"],"latitude":"10.94917","longitude":"-4.93417","feature_class":"P","feature_code":"PPLA2","country_code":"BF","cc2":"","admin1_code":"09","admin2_code":"54","admin3_code":"","admin4_code":"","population":"18632","elevation":"","dem":"578","timezone":"Africa/Ouagadougou","modification_date":"2012-06-06"},{"geonameid":"2353197","name":"Zorgo","asciiname":"Zorgo","alternatenames":["Zorgho","Zorgo","Zorogo"],"latitude":"12.24922","longitude":"-0.61527","feature_class":"P","feature_code":"PPLA2","country_code":"BF","cc2":"","admin1_code":"11","admin2_code":"20","admin3_code":"","admin4_code":"","population":"23892","elevation":"","dem":"312","timezone":"Africa/Ouagadougou","modification_date":"2013-02-08"},{"geonameid":"2353688","name":"Yako","asciiname":"Yako","alternatenames":["Jako","Yako","Яко"],"latitude":"12.9591","longitude":"-2.26075","feature_class":"P","feature_code":"PPLA2","country_code":"BF","cc2":"","admin1_code":"10","admin2_code":"34","admin3_code":"","admin4_code":"","population":"22904","elevation":"","dem":"332","timezone":"Africa/Ouagadougou","modification_date":"2013-02-08"},{"geonameid":"2354176","name":"Tougan","asciiname":"Tougan","alternatenames":["TUQ","Tougan","Tugan"],"latitude":"13.0725","longitude":"-3.0694","feature_class":"P","feature_code":"PPLA2","country_code":"BF","cc2":"","admin1_code":"01","admin2_code":"73","admin3_code":"","admin4_code":"","population":"17590","elevation":"","dem":"300","timezone":"Africa/Ouagadougou","modification_date":"2012-06-05"},{"geonameid":"2354349","name":"Titao","asciiname":"Titao","alternatenames":[""],"latitude":"13.76667","longitude":"-2.06667","feature_class":"P","feature_code":"PPLA2","country_code":"BF","cc2":"","admin1_code":"10","admin2_code":"62","admin3_code":"","admin4_code":"","population":"19131","elevation":"","dem":"326","timezone":"Africa/Ouagadougou","modification_date":"2010-08-02"},{"geonameid":"2354675","name":"Tenkodogo","asciiname":"Tenkodogo","alternatenames":["TEG","Tenkodogo"],"latitude":"11.78","longitude":"-0.36972","feature_class":"P","feature_code":"PPLA","country_code":"BF","cc2":"","admin1_code":"04","admin2_code":"49","admin3_code":"","admin4_code":"","population":"37658","elevation":"","dem":"304","timezone":"Africa/Ouagadougou","modification_date":"2012-01-18"},{"geonameid":"2356228","name":"Réo","asciiname":"Reo","alternatenames":["Reo","Réo","Рео"],"latitude":"12.31963","longitude":"-2.47094","feature_class":"P","feature_code":"PPLA2","country_code":"BF","cc2":"","admin1_code":"06","admin2_code":"36","admin3_code":"","admin4_code":"","population":"37535","elevation":"","dem":"300","timezone":"Africa/Ouagadougou","modification_date":"2013-02-08"},{"geonameid":"2356454","name":"Pô","asciiname":"Po","alternatenames":["Po","Pô"],"latitude":"11.16972","longitude":"-1.145","feature_class":"P","feature_code":"PPLA2","country_code":"BF","cc2":"","admin1_code":"07","admin2_code":"65","admin3_code":"","admin4_code":"","population":"17924","elevation":"","dem":"319","timezone":"Africa/Ouagadougou","modification_date":"2012-06-05"},{"geonameid":"2357043","name":"Ouahigouya","asciiname":"Ouahigouya","alternatenames":["OUG","Ouahigouya","Waiguya"],"latitude":"13.58278","longitude":"-2.42158","feature_class":"P","feature_code":"PPLA","country_code":"BF","cc2":"","admin1_code":"10","admin2_code":"76","admin3_code":"","admin4_code":"","population":"61096","elevation":"","dem":"328","timezone":"Africa/Ouagadougou","modification_date":"2010-08-10"},{"geonameid":"2357048","name":"Ouagadougou","asciiname":"Ouagadougou","alternatenames":["Gorad Uagadugu","OUA","Ouagadouga","Ouagadougou","Ouankantounkou","Ougadougou","Owagadugu","Uagadougou","Uagadugu","Uagaduguo","Uagadugú","Uaqaduqu","Vagadugu","Wagadugu","awagadwgw","uagadugu","vagadugu","vakatuku","wa jia du gu","wa ka du ku","wagado~ugu","wagadugu","waghadwghw","Ουαγκαντουγκού","Ουαγκαντούγκου","Горад Уагадугу","Уагадугу","Ուագադուգու","ואגאדוגו","וואגאדוגו","ئۆئاگادۆگۆ","اوآگادوگو","اواگادوگو","اوگاڈوگو","واغادوغو","वागाडुगू","ਵਾਗਾਦੁਗੂ","வாகடூகு","วากาดูกู","ཨོ་འ་ག་དོའུ་གོའུ།","უაგადუგუ","ዋጋዱጉ","ワガドゥグー","瓦加杜古","와가두구"],"latitude":"12.36566","longitude":"-1.53388","feature_class":"P","feature_code":"PPLC","country_code":"BF","cc2":"","admin1_code":"03","admin2_code":"53","admin3_code":"","admin4_code":"","population":"1086505","elevation":"","dem":"299","timezone":"Africa/Ouagadougou","modification_date":"2015-06-03"},{"geonameid":"2357163","name":"Nouna","asciiname":"Nouna","alternatenames":["Nouna","XNU"],"latitude":"12.72939","longitude":"-3.86305","feature_class":"P","feature_code":"PPLA2","country_code":"BF","cc2":"","admin1_code":"01","admin2_code":"58","admin3_code":"","admin4_code":"","population":"29048","elevation":"","dem":"277","timezone":"Africa/Ouagadougou","modification_date":"2013-02-08"},{"geonameid":"2358100","name":"Manga","asciiname":"Manga","alternatenames":["Manga"],"latitude":"11.66361","longitude":"-1.07306","feature_class":"P","feature_code":"PPLA","country_code":"BF","cc2":"","admin1_code":"07","admin2_code":"44","admin3_code":"","admin4_code":"","population":"15173","elevation":"","dem":"286","timezone":"Africa/Ouagadougou","modification_date":"2012-02-02"},{"geonameid":"2358382","name":"Léo","asciiname":"Leo","alternatenames":["Leo","Lev","Léo","Лев"],"latitude":"11.10033","longitude":"-2.10654","feature_class":"P","feature_code":"PPLA2","country_code":"BF","cc2":"","admin1_code":"06","admin2_code":"72","admin3_code":"","admin4_code":"","population":"26884","elevation":"","dem":"349","timezone":"Africa/Ouagadougou","modification_date":"2013-01-10"},{"geonameid":"2358738","name":"Koupéla","asciiname":"Koupela","alternatenames":["Koupela","Koupéla","Kupela"],"latitude":"12.17864","longitude":"-0.35103","feature_class":"P","feature_code":"PPLA2","country_code":"BF","cc2":"","admin1_code":"04","admin2_code":"28","admin3_code":"","admin4_code":"","population":"32052","elevation":"","dem":"306","timezone":"Africa/Ouagadougou","modification_date":"2013-02-08"},{"geonameid":"2358946","name":"Koudougou","asciiname":"Koudougou","alternatenames":["Kondougou","Koudougou","Kudugu","Kuduguo","khu du ku","ku du gu","kudo~ugu","kudugu","kwdwgw","Кудугу","کودوگو","คูดูกู","クドゥグ","库杜古","쿠두구"],"latitude":"12.25263","longitude":"-2.36272","feature_class":"P","feature_code":"PPLA","country_code":"BF","cc2":"","admin1_code":"06","admin2_code":"19","admin3_code":"","admin4_code":"","population":"87347","elevation":"","dem":"303","timezone":"Africa/Ouagadougou","modification_date":"2013-02-08"},{"geonameid":"2359142","name":"Kongoussi","asciiname":"Kongoussi","alternatenames":["Kongoussi"],"latitude":"13.32583","longitude":"-1.53472","feature_class":"P","feature_code":"PPLA2","country_code":"BF","cc2":"","admin1_code":"05","admin2_code":"15","admin3_code":"","admin4_code":"","population":"26338","elevation":"","dem":"330","timezone":"Africa/Ouagadougou","modification_date":"2012-06-05"},{"geonameid":"2359227","name":"Kombissiri","asciiname":"Kombissiri","alternatenames":["Kombisiri","Kombissiguiri","Kombissiri"],"latitude":"12.06095","longitude":"-1.33355","feature_class":"P","feature_code":"PPLA2","country_code":"BF","cc2":"","admin1_code":"07","admin2_code":"47","admin3_code":"","admin4_code":"","population":"30137","elevation":"","dem":"303","timezone":"Africa/Ouagadougou","modification_date":"2013-02-08"},{"geonameid":"2359317","name":"Kokologo","asciiname":"Kokologo","alternatenames":["Kokolgho","Kokologo"],"latitude":"12.18972","longitude":"-1.88556","feature_class":"P","feature_code":"PPL","country_code":"BF","cc2":"","admin1_code":"06","admin2_code":"19","admin3_code":"","admin4_code":"","population":"25958","elevation":"","dem":"322","timezone":"Africa/Ouagadougou","modification_date":"2012-01-18"},{"geonameid":"2359608","name":"Kaya","asciiname":"Kaya","alternatenames":["Kaja","Kaya","XKY","Кая"],"latitude":"13.09167","longitude":"-1.08444","feature_class":"P","feature_code":"PPLA","country_code":"BF","cc2":"","admin1_code":"05","admin2_code":"70","admin3_code":"","admin4_code":"","population":"39229","elevation":"","dem":"341","timezone":"Africa/Ouagadougou","modification_date":"2012-01-18"},{"geonameid":"2360073","name":"Houndé","asciiname":"Hounde","alternatenames":["Hounde","Houndé","Hunde"],"latitude":"11.5","longitude":"-3.51667","feature_class":"P","feature_code":"PPLA2","country_code":"BF","cc2":"","admin1_code":"09","admin2_code":"74","admin3_code":"","admin4_code":"","population":"36593","elevation":"","dem":"349","timezone":"Africa/Ouagadougou","modification_date":"2012-06-05"},{"geonameid":"2360238","name":"Gourcy","asciiname":"Gourcy","alternatenames":["Gourcy","Goursi","Gursi"],"latitude":"13.20776","longitude":"-2.35893","feature_class":"P","feature_code":"PPLA2","country_code":"BF","cc2":"","admin1_code":"10","admin2_code":"78","admin3_code":"","admin4_code":"","population":"16765","elevation":"","dem":"331","timezone":"Africa/Ouagadougou","modification_date":"2012-06-05"},{"geonameid":"2360615","name":"Garango","asciiname":"Garango","alternatenames":["Garango"],"latitude":"11.8","longitude":"-0.55056","feature_class":"P","feature_code":"PPL","country_code":"BF","cc2":"","admin1_code":"04","admin2_code":"49","admin3_code":"","admin4_code":"","population":"29076","elevation":"","dem":"304","timezone":"Africa/Ouagadougou","modification_date":"2012-01-18"},{"geonameid":"2360886","name":"Fada N'gourma","asciiname":"Fada N'gourma","alternatenames":["FNG","Fada N'Gourma","Fada N'gourma","Fada Ngourma","Fada N’Gourma","Fada-n-Gurma"],"latitude":"12.06157","longitude":"0.35843","feature_class":"P","feature_code":"PPLA","country_code":"BF","cc2":"","admin1_code":"08","admin2_code":"50","admin3_code":"","admin4_code":"","population":"33910","elevation":"","dem":"298","timezone":"Africa/Ouagadougou","modification_date":"2013-05-18"},{"geonameid":"2361082","name":"Dori","asciiname":"Dori","alternatenames":["DOR","Dori","Дори"],"latitude":"14.0354","longitude":"-0.0345","feature_class":"P","feature_code":"PPLA","country_code":"BF","cc2":"","admin1_code":"12","admin2_code":"71","admin3_code":"","admin4_code":"","population":"37806","elevation":"","dem":"282","timezone":"Africa/Ouagadougou","modification_date":"2012-01-18"},{"geonameid":"2361177","name":"Djibo","asciiname":"Djibo","alternatenames":["Djibo","Dzhibo","Jibo","XDJ","Джибо"],"latitude":"14.0994","longitude":"-1.62554","feature_class":"P","feature_code":"PPLA2","country_code":"BF","cc2":"","admin1_code":"12","admin2_code":"40","admin3_code":"","admin4_code":"","population":"22223","elevation":"","dem":"301","timezone":"Africa/Ouagadougou","modification_date":"2012-12-05"},{"geonameid":"2361373","name":"Diapaga","asciiname":"Diapaga","alternatenames":["DIP","Diapaga","Диапага"],"latitude":"12.07305","longitude":"1.78838","feature_class":"P","feature_code":"PPLA2","country_code":"BF","cc2":"","admin1_code":"08","admin2_code":"42","admin3_code":"","admin4_code":"","population":"26013","elevation":"","dem":"273","timezone":"Africa/Ouagadougou","modification_date":"2012-06-05"},{"geonameid":"2361477","name":"Dédougou","asciiname":"Dedougou","alternatenames":["DGU","Dedougou","Dedugu","Dédougou"],"latitude":"12.46338","longitude":"-3.46075","feature_class":"P","feature_code":"PPLA","country_code":"BF","cc2":"","admin1_code":"01","admin2_code":"63","admin3_code":"","admin4_code":"","population":"45341","elevation":"","dem":"302","timezone":"Africa/Ouagadougou","modification_date":"2013-05-18"},{"geonameid":"2361845","name":"Boussé","asciiname":"Bousse","alternatenames":["Bousse","Boussé","Busse"],"latitude":"12.6576","longitude":"-1.89288","feature_class":"P","feature_code":"PPLA2","country_code":"BF","cc2":"","admin1_code":"11","admin2_code":"60","admin3_code":"","admin4_code":"","population":"15868","elevation":"","dem":"344","timezone":"Africa/Ouagadougou","modification_date":"2013-02-08"},{"geonameid":"2361946","name":"Boulsa","asciiname":"Boulsa","alternatenames":["Boulsa","Boulssa","Bulsa","XBO"],"latitude":"12.66664","longitude":"-0.57469","feature_class":"P","feature_code":"PPLA2","country_code":"BF","cc2":"","admin1_code":"05","admin2_code":"64","admin3_code":"","admin4_code":"","population":"17489","elevation":"","dem":"313","timezone":"Africa/Ouagadougou","modification_date":"2013-02-08"},{"geonameid":"2362344","name":"Bobo-Dioulasso","asciiname":"Bobo-Dioulasso","alternatenames":["Bobo Dioulasso","Bobo Diulasas","Bobo-Dioulasso","Bobo-Diulaso","Bobo-Diulasso","Bobodjulaso","bo bo di wu la suo","bobodiullaso","bwbwdywlasw","Бобо-Диуласо","Бобо-Діуласо","بوبوديولاسو","ボボ・ディウラッソ","博博迪乌拉索","보보디울라소"],"latitude":"11.17715","longitude":"-4.2979","feature_class":"P","feature_code":"PPLA","country_code":"BF","cc2":"","admin1_code":"09","admin2_code":"51","admin3_code":"","admin4_code":"","population":"360106","elevation":"","dem":"423","timezone":"Africa/Ouagadougou","modification_date":"2010-08-10"},{"geonameid":"2362909","name":"Banfora","asciiname":"Banfora","alternatenames":["BNR","Banfora","Banforu","Банфору"],"latitude":"10.63333","longitude":"-4.76667","feature_class":"P","feature_code":"PPLA","country_code":"BF","cc2":"","admin1_code":"02","admin2_code":"55","admin3_code":"","admin4_code":"","population":"60288","elevation":"","dem":"299","timezone":"Africa/Ouagadougou","modification_date":"2012-01-18"},{"geonameid":"2577162","name":"Gaoua","asciiname":"Gaoua","alternatenames":[""],"latitude":"10.29917","longitude":"-3.25083","feature_class":"P","feature_code":"PPLA","country_code":"BF","cc2":"","admin1_code":"13","admin2_code":"69","admin3_code":"","admin4_code":"","population":"25104","elevation":"","dem":"329","timezone":"Africa/Ouagadougou","modification_date":"2010-08-02"},{"geonameid":"2577164","name":"Orodara","asciiname":"Orodara","alternatenames":["Orodara","Orodaro"],"latitude":"10.94917","longitude":"-4.93417","feature_class":"P","feature_code":"PPLA2","country_code":"BF","cc2":"","admin1_code":"09","admin2_code":"54","admin3_code":"","admin4_code":"","population":"18632","elevation":"","dem":"578","timezone":"Africa/Ouagadougou","modification_date":"2012-06-06"}]}