{"country_data":{"ISO":"KH","ISO3":"KHM","ISO_Numeric":"116","fips":"CB","country":"Cambodia","capital":"Phnom Penh","area":"181040","Population":"14453680","Continent":"AS","tld":".kh","CurrencyCode":"KHR","CurrencyName":"Riels","Phone":"855","Postal_Code_Format":"#####","Postal_Code_Regex":"^(\\d{5})$","Languages":"km,fr,en","geonameid":"1831722","neighbours":"LA,TH,VN","EquivalentFipsCode":""},"cities":[{"geonameid":"1821306","name":"Phnom Penh","asciiname":"Phnom Penh","alternatenames":["Gorad Pnampen'","Krong Chaktomuk","Nam Van","Nam-Vang","Nom Pen","PNH","Phnom Pen","Phnom Penh","Phnom Pénh","Phnom-Penh","Phnompen","Phnompenh","Phnum Penh","Phnum Peny","Phnum Pénh","Phnum Pény","Phnôm Pênh","Phon Phen","Pnom Pehn'","Pnom Pen","Pnom Pen'ch","Pnom Penh","Pnom-Peno","Pnompen","Pnompen'","Pnompena","Pnompenis","Pnompeņa","Ville de Phnom Penh","bnwm bnh","fnwm pn","fnwm pېn","jin bian","namapenha","panoma pena","peunompen","phnm pen","phnmpey","pnwm pn","punom pen","punonpen","Πνομ Πενχ","Горад Пнампень","Пном Пен","Пном Пэнь","Пномпень","Պնոմպեն","פנום פן","بنوم بنه","فنوم پن","فنوم پېن","پنوم پن","پنوم‌پن","پنۆم پێن","नामपेन्ह","पनॉम पेन","প্‌নম পেন","புனோம் பென்","พนมเปญ","พนมเปณ","ཕོམ་ཕེན།","ဖနွမ်းပင်မြို့","პნომპენი","ፕኖም ፔን","ភនកពងតរាច","ភ្នំកំពង់ត្រាច","プノンペン","金边","프놈펜"],"latitude":"11.56245","longitude":"104.91601","feature_class":"P","feature_code":"PPLC","country_code":"KH","cc2":"","admin1_code":"22","admin2_code":"","admin3_code":"","admin4_code":"","population":"1573544","elevation":"","dem":"20","timezone":"Asia/Phnom_Penh","modification_date":"2012-10-07"},{"geonameid":"1821935","name":"Ta Khmau","asciiname":"Ta Khmau","alternatenames":["Ta Khmau","Takhman","Takhmau","Takkhmau","Такхмау"],"latitude":"11.48333","longitude":"104.95","feature_class":"P","feature_code":"PPLA","country_code":"KH","cc2":"","admin1_code":"07","admin2_code":"","admin3_code":"","admin4_code":"","population":"52066","elevation":"","dem":"7","timezone":"Asia/Phnom_Penh","modification_date":"2011-01-17"},{"geonameid":"1821940","name":"Takeo","asciiname":"Takeo","alternatenames":["Prasat","Pràsàt","Takeo","Takev","Takéo","Takêv"],"latitude":"10.99081","longitude":"104.78498","feature_class":"P","feature_code":"PPLA","country_code":"KH","cc2":"","admin1_code":"19","admin2_code":"","admin3_code":"","admin4_code":"","population":"843931","elevation":"","dem":"12","timezone":"Asia/Phnom_Penh","modification_date":"2013-08-04"},{"geonameid":"1821993","name":"Svay Rieng","asciiname":"Svay Rieng","alternatenames":["Phumi Svay Rieng","Phumĭ Svay Riĕng","SVR","Soai Rieng","Soei Rieng","Svai Rieng","Svay Rieng","Svay Riĕng"],"latitude":"11.08785","longitude":"105.79935","feature_class":"P","feature_code":"PPLA","country_code":"KH","cc2":"","admin1_code":"18","admin2_code":"","admin3_code":"","admin4_code":"","population":"23956","elevation":"","dem":"12","timezone":"Asia/Phnom_Penh","modification_date":"2014-05-29"},{"geonameid":"1822029","name":"Stung Treng","asciiname":"Stung Treng","alternatenames":["Stoeng Treng","Stung Teeng","Stung Treng","Stung-treng","Stœ̆ng Trêng"],"latitude":"13.52586","longitude":"105.9683","feature_class":"P","feature_code":"PPLA","country_code":"KH","cc2":"","admin1_code":"17","admin2_code":"","admin3_code":"","admin4_code":"","population":"25000","elevation":"","dem":"55","timezone":"Asia/Phnom_Penh","modification_date":"2015-06-24"},{"geonameid":"1822207","name":"Sisŏphŏn","asciiname":"Sisophon","alternatenames":["Serei Saophoan","Sesopone","Sisobhon","Sisophon","Sisŏphŏn"],"latitude":"13.58588","longitude":"102.97369","feature_class":"P","feature_code":"PPLA","country_code":"KH","cc2":"","admin1_code":"25","admin2_code":"","admin3_code":"","admin4_code":"","population":"23218","elevation":"","dem":"19","timezone":"Asia/Phnom_Penh","modification_date":"2012-10-07"},{"geonameid":"1822214","name":"Siem Reap","asciiname":"Siem Reap","alternatenames":["Ciudad de Siem Riep","Khett Siem Reab","REP","Siem Reab","Siem Reap","Siem-Reap","Siemrap","Siemreab","Siemreabas","Siemreap","Siemrãp","Sijem Reap","Siĕm Réab","Siĕmréab","Xiem Riep","Xiêm Riệp","seiy mrath","shemuriappu","siemleapeu","sima ripa","syam ryb","syym ryp","xian li sheng","xian li shi","Сием-Реап","Сиемреап","Сијем Реап","سيام ريب","سیئم ریپ","سیه‌م رئاپ","सीम रीप","เสียมราฐ","ក្រុងសៀមរាប","シェムリアップ","暹粒市","暹粒省","시엠레아프"],"latitude":"13.36179","longitude":"103.86056","feature_class":"P","feature_code":"PPLA","country_code":"KH","cc2":"","admin1_code":"24","admin2_code":"","admin3_code":"","admin4_code":"","population":"139458","elevation":"","dem":"18","timezone":"Asia/Phnom_Penh","modification_date":"2014-05-29"},{"geonameid":"1822227","name":"Sênmônoŭrôm","asciiname":"Senmonourom","alternatenames":["Krong Saen Monourom","Mondul Kiri","Saen Monourom","Sen Monorom","Sen Monorum","Sen Moronom","Senmanorum","Senmonorom","Senmonourom","Sênmônoŭrôm"],"latitude":"12.45583","longitude":"107.18811","feature_class":"P","feature_code":"PPLA","country_code":"KH","cc2":"","admin1_code":"10","admin2_code":"","admin3_code":"","admin4_code":"","population":"7944","elevation":"","dem":"678","timezone":"Asia/Phnom_Penh","modification_date":"2015-06-04"},{"geonameid":"1822610","name":"Prey Veng","asciiname":"Prey Veng","alternatenames":["Prei Veng","Prey Veng","Prey Vêng"],"latitude":"11.48682","longitude":"105.32533","feature_class":"P","feature_code":"PPLA","country_code":"KH","cc2":"","admin1_code":"14","admin2_code":"","admin3_code":"","admin4_code":"","population":"33079","elevation":"","dem":"13","timezone":"Asia/Phnom_Penh","modification_date":"2013-08-04"},{"geonameid":"1822768","name":"Pursat","asciiname":"Pursat","alternatenames":["Porsat","Pousat","Pouthisat","Poŭsăt","Poŭthĭsăt","Pursat"],"latitude":"12.53878","longitude":"103.9192","feature_class":"P","feature_code":"PPLA","country_code":"KH","cc2":"","admin1_code":"12","admin2_code":"","admin3_code":"","admin4_code":"","population":"52476","elevation":"","dem":"25","timezone":"Asia/Phnom_Penh","modification_date":"2011-01-17"},{"geonameid":"1822906","name":"Phumĭ Véal Srê","asciiname":"Phumi Veal Sre","alternatenames":[""],"latitude":"10.98081","longitude":"104.77828","feature_class":"P","feature_code":"PPL","country_code":"KH","cc2":"","admin1_code":"19","admin2_code":"","admin3_code":"","admin4_code":"","population":"44270","elevation":"","dem":"10","timezone":"Asia/Phnom_Penh","modification_date":"2011-04-19"},{"geonameid":"1825093","name":"Sâmraông","asciiname":"Samraong","alternatenames":["Phumi Samraong","Phumi Samrong","Phumi Samroung","Phumi Sâmroŭng","Phumĭ Sâmraông","Phumĭ Sâmrông","Samraong","Samrong","Somrong","Sâmraông"],"latitude":"14.18175","longitude":"103.51761","feature_class":"P","feature_code":"PPLA","country_code":"KH","cc2":"","admin1_code":"27","admin2_code":"","admin3_code":"","admin4_code":"","population":"18694","elevation":"","dem":"52","timezone":"Asia/Phnom_Penh","modification_date":"2013-08-04"},{"geonameid":"1830098","name":"Tbêng Méanchey","asciiname":"Tbeng Meanchey","alternatenames":["Kampong Preng","Kimpong Pranak","Kompong Pranak","Kompong Prena","Kompong Preng","Phnom Tbeng Meanchey","Phnom Thbeng Meanchey","Phnom Thbeng Neanchey","Phnum Tbeng Meanchey","Phnum Tbêng Méanchey","Phom Thbeng Meanchey","Phumi Thbeng Meanchey","Phumĭ Thbeng Meanchey","Tbaeng Mean Chey","Tbeng Meanchey","Tbêng Méanchey","Thbeng Meanchey"],"latitude":"13.80731","longitude":"104.98046","feature_class":"P","feature_code":"PPLA","country_code":"KH","cc2":"","admin1_code":"13","admin2_code":"","admin3_code":"","admin4_code":"","population":"24380","elevation":"","dem":"59","timezone":"Asia/Phnom_Penh","modification_date":"2012-10-07"},{"geonameid":"1830194","name":"Paôy Pêt","asciiname":"Paoy Pet","alternatenames":["Paoy Pet","Paôy Pêt","Phum Paoy Pet","Phum Paôy Pêt","Phumi Paoy Pet","Phumĭ Paôy Pêt","Poipet","Pojpet","Пойпет"],"latitude":"13.65611","longitude":"102.5625","feature_class":"P","feature_code":"PPL","country_code":"KH","cc2":"","admin1_code":"25","admin2_code":"","admin3_code":"","admin4_code":"","population":"79000","elevation":"","dem":"42","timezone":"Asia/Phnom_Penh","modification_date":"2015-01-19"},{"geonameid":"1830205","name":"Pailin","asciiname":"Pailin","alternatenames":["Ciudad de Pailin","Ciudad de Pailín","Krong Pailin","Pailin","Pailĭn","pairin","ក្រុងប៉ៃលិន","パイリン"],"latitude":"12.84895","longitude":"102.60928","feature_class":"P","feature_code":"PPLA","country_code":"KH","cc2":"","admin1_code":"30","admin2_code":"","admin3_code":"","admin4_code":"","population":"17850","elevation":"","dem":"201","timezone":"Asia/Phnom_Penh","modification_date":"2013-04-04"},{"geonameid":"1830377","name":"Lumphăt","asciiname":"Lumphat","alternatenames":["Lomphat","Lumphat","Lumphăt"],"latitude":"13.48784","longitude":"106.98158","feature_class":"P","feature_code":"PPL","country_code":"KH","cc2":"","admin1_code":"23","admin2_code":"","admin3_code":"","admin4_code":"","population":"19205","elevation":"","dem":"101","timezone":"Asia/Phnom_Penh","modification_date":"2012-01-18"},{"geonameid":"1830467","name":"Krong Kep","asciiname":"Krong Kep","alternatenames":["Kaeb","Kep","Krong Keb","Krong Kep","Krŏng Kêb","Krŏng Kêp"],"latitude":"10.48291","longitude":"104.31672","feature_class":"P","feature_code":"PPLA","country_code":"KH","cc2":"","admin1_code":"26","admin2_code":"","admin3_code":"","admin4_code":"","population":"11658","elevation":"","dem":"8","timezone":"Asia/Phnom_Penh","modification_date":"2013-04-04"},{"geonameid":"1830468","name":"Koh Kong","asciiname":"Koh Kong","alternatenames":["Kaoh Kong","Kaôh Kŏng","Khemarak Phoumin","Khemarak Phoumin Ville","Khemareah Phumint","Koh Kong","Koville","Krong Kao Kong","Krong Kaoh Kong","Krong Khemarak Phoumin","Krong Khemoreah Phumint","Krong Koh Kong","Krŏng Kaôh Kŏng","Krŏng Khémôreăh Phumĭnt"],"latitude":"11.61531","longitude":"102.9838","feature_class":"P","feature_code":"PPLA","country_code":"KH","cc2":"","admin1_code":"08","admin2_code":"","admin3_code":"","admin4_code":"","population":"33134","elevation":"","dem":"5","timezone":"Asia/Phnom_Penh","modification_date":"2013-04-04"},{"geonameid":"1830564","name":"Kratié","asciiname":"Kratie","alternatenames":["Kracheh","Krati","Kratie","Krâchéh"],"latitude":"12.48811","longitude":"106.01879","feature_class":"P","feature_code":"PPLA","country_code":"KH","cc2":"","admin1_code":"09","admin2_code":"","admin3_code":"","admin4_code":"","population":"19975","elevation":"","dem":"27","timezone":"Asia/Phnom_Penh","modification_date":"2011-01-17"},{"geonameid":"1831112","name":"Kampot","asciiname":"Kampot","alternatenames":["Compong Bai","Compong Baï","Kampat","Kampot","Kamput","Kompong Bai","Krong Kampot","Krŏng Kâmpôt","Kâmpôt","Кампот"],"latitude":"10.61041","longitude":"104.18145","feature_class":"P","feature_code":"PPLA","country_code":"KH","cc2":"","admin1_code":"21","admin2_code":"","admin3_code":"","admin4_code":"","population":"22691","elevation":"","dem":"7","timezone":"Asia/Phnom_Penh","modification_date":"2013-04-04"},{"geonameid":"1831125","name":"Kampong Thom","asciiname":"Kampong Thom","alternatenames":["Kampong Thom","Kampong Thum","Kampong Thun","Kompong Thom","Kâmpóng Thom","Kâmpóng Thum"],"latitude":"12.71112","longitude":"104.88873","feature_class":"P","feature_code":"PPLA","country_code":"KH","cc2":"","admin1_code":"05","admin2_code":"","admin3_code":"","admin4_code":"","population":"19951","elevation":"","dem":"16","timezone":"Asia/Phnom_Penh","modification_date":"2013-04-04"},{"geonameid":"1831133","name":"Kampong Speu","asciiname":"Kampong Speu","alternatenames":["Kampong Speu","Kampong Spoe","Kompon Spu","Kompong Speu","Kâmpóng Spœ","Kŏmpon Spu"],"latitude":"11.45332","longitude":"104.52085","feature_class":"P","feature_code":"PPLA","country_code":"KH","cc2":"","admin1_code":"04","admin2_code":"","admin3_code":"","admin4_code":"","population":"33231","elevation":"","dem":"35","timezone":"Asia/Phnom_Penh","modification_date":"2013-04-04"},{"geonameid":"1831142","name":"Sihanoukville","asciiname":"Sihanoukville","alternatenames":["Ciudad de Sihanoukville","KOS","Kampong Saom","Kampong Semville","Kampong Somville","Kom Pong Song","Kompong Som","Kompong Somville","Krong Preah Seihanu","Krong Preah Sihanouk","Krŏng Preăh Seihanŭ","Krŏng Preăh Sihanouk","Kâmpóng Saôm","Port de Sihanoukville","Preah Seihanouk","Sianukvil'","Sihanouk","Sihanoukville","Sikanonville","shianukubiru","sih nu will","xi ha nu ke shi","Сиануквиль","สีหนุวิลล์","ក្រុងព្រះសីហនុ","シアヌークビル","西哈努克市"],"latitude":"10.60932","longitude":"103.52958","feature_class":"P","feature_code":"PPLA","country_code":"KH","cc2":"","admin1_code":"28","admin2_code":"","admin3_code":"","admin4_code":"","population":"156691","elevation":"","dem":"6","timezone":"Asia/Phnom_Penh","modification_date":"2013-11-16"},{"geonameid":"1831167","name":"Kampong Chhnang","asciiname":"Kampong Chhnang","alternatenames":["Kampong Chhnang","Kampong Chnang","Kampongchnang","Kompon Chnang","Kompong Chhang","Kompong Chhnang","Kâmpóng Chhnăng","Phumi Kampong Chhnang","Phumĭ Kâmpông Chhnăng","Кампонгчнанг"],"latitude":"12.25","longitude":"104.66667","feature_class":"P","feature_code":"PPLA","country_code":"KH","cc2":"","admin1_code":"03","admin2_code":"","admin3_code":"","admin4_code":"","population":"75244","elevation":"","dem":"21","timezone":"Asia/Phnom_Penh","modification_date":"2013-04-04"},{"geonameid":"1831173","name":"Kampong Cham","asciiname":"Kampong Cham","alternatenames":["Compon-lina","Kampong Cham","Kampongtjam","Kompon Cam","Kompong Cham","Kâmpóng Cham","Кампонгтям"],"latitude":"11.99339","longitude":"105.4635","feature_class":"P","feature_code":"PPLA","country_code":"KH","cc2":"","admin1_code":"02","admin2_code":"","admin3_code":"","admin4_code":"","population":"61750","elevation":"","dem":"23","timezone":"Asia/Phnom_Penh","modification_date":"2013-04-04"},{"geonameid":"1831732","name":"Ban Lŭng","asciiname":"Ban Lung","alternatenames":["Ban Lung","Ban Lŭng","Banlung","Bong Long","Boung Long","Bung Lung","Bông Lông","Bŭng Lŭng","Krong Ban Lung","Phumi Bung Lung","Phumĭ Bŭng Lŭng","Soung Long"],"latitude":"13.73939","longitude":"106.98727","feature_class":"P","feature_code":"PPLA","country_code":"KH","cc2":"","admin1_code":"23","admin2_code":"","admin3_code":"","admin4_code":"","population":"17000","elevation":"","dem":"316","timezone":"Asia/Phnom_Penh","modification_date":"2013-08-04"},{"geonameid":"1831797","name":"Battambang","asciiname":"Battambang","alternatenames":["Bat Dambang","Batambang","Batambangas","Batdamban","Batdambang","Batdâmbâng","Battamban","Battambang","Battampan'nk","Băt Dâmbâng","Bătdâmbâng","Ciudad de Battambang","Khett Batdambang","Phratabong","batambang","batanban","byatamabam","ma de wang","phra tabxng","Μπατταμπάνγκ","Батамбанг","Батдамбан","Баттамбанг","باتم‌بنگ","باٹامبانگ","ব্যাটামবং","พระตะบอง","ករងបាតដបង","ក្រុងបាត់ដំបង","バタンバン","马德望","바탐방"],"latitude":"13.10271","longitude":"103.19822","feature_class":"P","feature_code":"PPLA","country_code":"KH","cc2":"","admin1_code":"29","admin2_code":"","admin3_code":"","admin4_code":"","population":"150444","elevation":"","dem":"18","timezone":"Asia/Phnom_Penh","modification_date":"2014-06-08"},{"geonameid":"8740221","name":"Smach Mean Chey","asciiname":"Smach Mean Chey","alternatenames":[""],"latitude":"11.54665","longitude":"103.03569","feature_class":"P","feature_code":"PPLA2","country_code":"KH","cc2":"","admin1_code":"08","admin2_code":"","admin3_code":"","admin4_code":"","population":"29329","elevation":"5","dem":"5","timezone":"Asia/Phnom_Penh","modification_date":"2014-04-08"},{"geonameid":"1821306","name":"Phnom Penh","asciiname":"Phnom Penh","alternatenames":["Gorad Pnampen'","Krong Chaktomuk","Nam Van","Nam-Vang","Nom Pen","PNH","Phnom Pen","Phnom Penh","Phnom Pénh","Phnom-Penh","Phnompen","Phnompenh","Phnum Penh","Phnum Peny","Phnum Pénh","Phnum Pény","Phnôm Pênh","Phon Phen","Pnom Pehn'","Pnom Pen","Pnom Pen'ch","Pnom Penh","Pnom-Peno","Pnompen","Pnompen'","Pnompena","Pnompenis","Pnompeņa","Ville de Phnom Penh","bnwm bnh","fnwm pn","fnwm pېn","jin bian","namapenha","panoma pena","peunompen","phnm pen","phnmpey","pnwm pn","punom pen","punonpen","Πνομ Πενχ","Горад Пнампень","Пном Пен","Пном Пэнь","Пномпень","Պնոմպեն","פנום פן","بنوم بنه","فنوم پن","فنوم پېن","پنوم پن","پنوم‌پن","پنۆم پێن","नामपेन्ह","पनॉम पेन","প্‌নম পেন","புனோம் பென்","พนมเปญ","พนมเปณ","ཕོམ་ཕེན།","ဖနွမ်းပင်မြို့","პნომპენი","ፕኖም ፔን","ភនកពងតរាច","ភ្នំកំពង់ត្រាច","プノンペン","金边","프놈펜"],"latitude":"11.56245","longitude":"104.91601","feature_class":"P","feature_code":"PPLC","country_code":"KH","cc2":"","admin1_code":"22","admin2_code":"","admin3_code":"","admin4_code":"","population":"1573544","elevation":"","dem":"20","timezone":"Asia/Phnom_Penh","modification_date":"2012-10-07"},{"geonameid":"1821935","name":"Ta Khmau","asciiname":"Ta Khmau","alternatenames":["Ta Khmau","Takhman","Takhmau","Takkhmau","Такхмау"],"latitude":"11.48333","longitude":"104.95","feature_class":"P","feature_code":"PPLA","country_code":"KH","cc2":"","admin1_code":"07","admin2_code":"","admin3_code":"","admin4_code":"","population":"52066","elevation":"","dem":"7","timezone":"Asia/Phnom_Penh","modification_date":"2011-01-17"},{"geonameid":"1821940","name":"Takeo","asciiname":"Takeo","alternatenames":["Prasat","Pràsàt","Takeo","Takev","Takéo","Takêv"],"latitude":"10.99081","longitude":"104.78498","feature_class":"P","feature_code":"PPLA","country_code":"KH","cc2":"","admin1_code":"19","admin2_code":"","admin3_code":"","admin4_code":"","population":"843931","elevation":"","dem":"12","timezone":"Asia/Phnom_Penh","modification_date":"2013-08-04"},{"geonameid":"1821993","name":"Svay Rieng","asciiname":"Svay Rieng","alternatenames":["Phumi Svay Rieng","Phumĭ Svay Riĕng","SVR","Soai Rieng","Soei Rieng","Svai Rieng","Svay Rieng","Svay Riĕng"],"latitude":"11.08785","longitude":"105.79935","feature_class":"P","feature_code":"PPLA","country_code":"KH","cc2":"","admin1_code":"18","admin2_code":"","admin3_code":"","admin4_code":"","population":"23956","elevation":"","dem":"12","timezone":"Asia/Phnom_Penh","modification_date":"2014-05-29"},{"geonameid":"1822029","name":"Stung Treng","asciiname":"Stung Treng","alternatenames":["Stoeng Treng","Stung Teeng","Stung Treng","Stung-treng","Stœ̆ng Trêng"],"latitude":"13.52586","longitude":"105.9683","feature_class":"P","feature_code":"PPLA","country_code":"KH","cc2":"","admin1_code":"17","admin2_code":"","admin3_code":"","admin4_code":"","population":"25000","elevation":"","dem":"55","timezone":"Asia/Phnom_Penh","modification_date":"2015-06-24"},{"geonameid":"1822207","name":"Sisŏphŏn","asciiname":"Sisophon","alternatenames":["Serei Saophoan","Sesopone","Sisobhon","Sisophon","Sisŏphŏn"],"latitude":"13.58588","longitude":"102.97369","feature_class":"P","feature_code":"PPLA","country_code":"KH","cc2":"","admin1_code":"25","admin2_code":"","admin3_code":"","admin4_code":"","population":"23218","elevation":"","dem":"19","timezone":"Asia/Phnom_Penh","modification_date":"2012-10-07"},{"geonameid":"1822214","name":"Siem Reap","asciiname":"Siem Reap","alternatenames":["Ciudad de Siem Riep","Khett Siem Reab","REP","Siem Reab","Siem Reap","Siem-Reap","Siemrap","Siemreab","Siemreabas","Siemreap","Siemrãp","Sijem Reap","Siĕm Réab","Siĕmréab","Xiem Riep","Xiêm Riệp","seiy mrath","shemuriappu","siemleapeu","sima ripa","syam ryb","syym ryp","xian li sheng","xian li shi","Сием-Реап","Сиемреап","Сијем Реап","سيام ريب","سیئم ریپ","سیه‌م رئاپ","सीम रीप","เสียมราฐ","ក្រុងសៀមរាប","シェムリアップ","暹粒市","暹粒省","시엠레아프"],"latitude":"13.36179","longitude":"103.86056","feature_class":"P","feature_code":"PPLA","country_code":"KH","cc2":"","admin1_code":"24","admin2_code":"","admin3_code":"","admin4_code":"","population":"139458","elevation":"","dem":"18","timezone":"Asia/Phnom_Penh","modification_date":"2014-05-29"},{"geonameid":"1822610","name":"Prey Veng","asciiname":"Prey Veng","alternatenames":["Prei Veng","Prey Veng","Prey Vêng"],"latitude":"11.48682","longitude":"105.32533","feature_class":"P","feature_code":"PPLA","country_code":"KH","cc2":"","admin1_code":"14","admin2_code":"","admin3_code":"","admin4_code":"","population":"33079","elevation":"","dem":"13","timezone":"Asia/Phnom_Penh","modification_date":"2013-08-04"},{"geonameid":"1822768","name":"Pursat","asciiname":"Pursat","alternatenames":["Porsat","Pousat","Pouthisat","Poŭsăt","Poŭthĭsăt","Pursat"],"latitude":"12.53878","longitude":"103.9192","feature_class":"P","feature_code":"PPLA","country_code":"KH","cc2":"","admin1_code":"12","admin2_code":"","admin3_code":"","admin4_code":"","population":"52476","elevation":"","dem":"25","timezone":"Asia/Phnom_Penh","modification_date":"2011-01-17"},{"geonameid":"1822906","name":"Phumĭ Véal Srê","asciiname":"Phumi Veal Sre","alternatenames":[""],"latitude":"10.98081","longitude":"104.77828","feature_class":"P","feature_code":"PPL","country_code":"KH","cc2":"","admin1_code":"19","admin2_code":"","admin3_code":"","admin4_code":"","population":"44270","elevation":"","dem":"10","timezone":"Asia/Phnom_Penh","modification_date":"2011-04-19"},{"geonameid":"1825093","name":"Sâmraông","asciiname":"Samraong","alternatenames":["Phumi Samraong","Phumi Samrong","Phumi Samroung","Phumi Sâmroŭng","Phumĭ Sâmraông","Phumĭ Sâmrông","Samraong","Samrong","Somrong","Sâmraông"],"latitude":"14.18175","longitude":"103.51761","feature_class":"P","feature_code":"PPLA","country_code":"KH","cc2":"","admin1_code":"27","admin2_code":"","admin3_code":"","admin4_code":"","population":"18694","elevation":"","dem":"52","timezone":"Asia/Phnom_Penh","modification_date":"2013-08-04"},{"geonameid":"1830098","name":"Tbêng Méanchey","asciiname":"Tbeng Meanchey","alternatenames":["Kampong Preng","Kimpong Pranak","Kompong Pranak","Kompong Prena","Kompong Preng","Phnom Tbeng Meanchey","Phnom Thbeng Meanchey","Phnom Thbeng Neanchey","Phnum Tbeng Meanchey","Phnum Tbêng Méanchey","Phom Thbeng Meanchey","Phumi Thbeng Meanchey","Phumĭ Thbeng Meanchey","Tbaeng Mean Chey","Tbeng Meanchey","Tbêng Méanchey","Thbeng Meanchey"],"latitude":"13.80731","longitude":"104.98046","feature_class":"P","feature_code":"PPLA","country_code":"KH","cc2":"","admin1_code":"13","admin2_code":"","admin3_code":"","admin4_code":"","population":"24380","elevation":"","dem":"59","timezone":"Asia/Phnom_Penh","modification_date":"2012-10-07"},{"geonameid":"1830194","name":"Paôy Pêt","asciiname":"Paoy Pet","alternatenames":["Paoy Pet","Paôy Pêt","Phum Paoy Pet","Phum Paôy Pêt","Phumi Paoy Pet","Phumĭ Paôy Pêt","Poipet","Pojpet","Пойпет"],"latitude":"13.65611","longitude":"102.5625","feature_class":"P","feature_code":"PPL","country_code":"KH","cc2":"","admin1_code":"25","admin2_code":"","admin3_code":"","admin4_code":"","population":"79000","elevation":"","dem":"42","timezone":"Asia/Phnom_Penh","modification_date":"2015-01-19"},{"geonameid":"1830205","name":"Pailin","asciiname":"Pailin","alternatenames":["Ciudad de Pailin","Ciudad de Pailín","Krong Pailin","Pailin","Pailĭn","pairin","ក្រុងប៉ៃលិន","パイリン"],"latitude":"12.84895","longitude":"102.60928","feature_class":"P","feature_code":"PPLA","country_code":"KH","cc2":"","admin1_code":"30","admin2_code":"","admin3_code":"","admin4_code":"","population":"17850","elevation":"","dem":"201","timezone":"Asia/Phnom_Penh","modification_date":"2013-04-04"},{"geonameid":"1830377","name":"Lumphăt","asciiname":"Lumphat","alternatenames":["Lomphat","Lumphat","Lumphăt"],"latitude":"13.48784","longitude":"106.98158","feature_class":"P","feature_code":"PPL","country_code":"KH","cc2":"","admin1_code":"23","admin2_code":"","admin3_code":"","admin4_code":"","population":"19205","elevation":"","dem":"101","timezone":"Asia/Phnom_Penh","modification_date":"2012-01-18"},{"geonameid":"1830468","name":"Koh Kong","asciiname":"Koh Kong","alternatenames":["Kaoh Kong","Kaôh Kŏng","Khemarak Phoumin","Khemarak Phoumin Ville","Khemareah Phumint","Koh Kong","Koville","Krong Kao Kong","Krong Kaoh Kong","Krong Khemarak Phoumin","Krong Khemoreah Phumint","Krong Koh Kong","Krŏng Kaôh Kŏng","Krŏng Khémôreăh Phumĭnt"],"latitude":"11.61531","longitude":"102.9838","feature_class":"P","feature_code":"PPLA","country_code":"KH","cc2":"","admin1_code":"08","admin2_code":"","admin3_code":"","admin4_code":"","population":"33134","elevation":"","dem":"5","timezone":"Asia/Phnom_Penh","modification_date":"2013-04-04"},{"geonameid":"1830564","name":"Kratié","asciiname":"Kratie","alternatenames":["Kracheh","Krati","Kratie","Krâchéh"],"latitude":"12.48811","longitude":"106.01879","feature_class":"P","feature_code":"PPLA","country_code":"KH","cc2":"","admin1_code":"09","admin2_code":"","admin3_code":"","admin4_code":"","population":"19975","elevation":"","dem":"27","timezone":"Asia/Phnom_Penh","modification_date":"2011-01-17"},{"geonameid":"1831112","name":"Kampot","asciiname":"Kampot","alternatenames":["Compong Bai","Compong Baï","Kampat","Kampot","Kamput","Kompong Bai","Krong Kampot","Krŏng Kâmpôt","Kâmpôt","Кампот"],"latitude":"10.61041","longitude":"104.18145","feature_class":"P","feature_code":"PPLA","country_code":"KH","cc2":"","admin1_code":"21","admin2_code":"","admin3_code":"","admin4_code":"","population":"22691","elevation":"","dem":"7","timezone":"Asia/Phnom_Penh","modification_date":"2013-04-04"},{"geonameid":"1831125","name":"Kampong Thom","asciiname":"Kampong Thom","alternatenames":["Kampong Thom","Kampong Thum","Kampong Thun","Kompong Thom","Kâmpóng Thom","Kâmpóng Thum"],"latitude":"12.71112","longitude":"104.88873","feature_class":"P","feature_code":"PPLA","country_code":"KH","cc2":"","admin1_code":"05","admin2_code":"","admin3_code":"","admin4_code":"","population":"19951","elevation":"","dem":"16","timezone":"Asia/Phnom_Penh","modification_date":"2013-04-04"},{"geonameid":"1831133","name":"Kampong Speu","asciiname":"Kampong Speu","alternatenames":["Kampong Speu","Kampong Spoe","Kompon Spu","Kompong Speu","Kâmpóng Spœ","Kŏmpon Spu"],"latitude":"11.45332","longitude":"104.52085","feature_class":"P","feature_code":"PPLA","country_code":"KH","cc2":"","admin1_code":"04","admin2_code":"","admin3_code":"","admin4_code":"","population":"33231","elevation":"","dem":"35","timezone":"Asia/Phnom_Penh","modification_date":"2013-04-04"},{"geonameid":"1831142","name":"Sihanoukville","asciiname":"Sihanoukville","alternatenames":["Ciudad de Sihanoukville","KOS","Kampong Saom","Kampong Semville","Kampong Somville","Kom Pong Song","Kompong Som","Kompong Somville","Krong Preah Seihanu","Krong Preah Sihanouk","Krŏng Preăh Seihanŭ","Krŏng Preăh Sihanouk","Kâmpóng Saôm","Port de Sihanoukville","Preah Seihanouk","Sianukvil'","Sihanouk","Sihanoukville","Sikanonville","shianukubiru","sih nu will","xi ha nu ke shi","Сиануквиль","สีหนุวิลล์","ក្រុងព្រះសីហនុ","シアヌークビル","西哈努克市"],"latitude":"10.60932","longitude":"103.52958","feature_class":"P","feature_code":"PPLA","country_code":"KH","cc2":"","admin1_code":"28","admin2_code":"","admin3_code":"","admin4_code":"","population":"156691","elevation":"","dem":"6","timezone":"Asia/Phnom_Penh","modification_date":"2013-11-16"},{"geonameid":"1831167","name":"Kampong Chhnang","asciiname":"Kampong Chhnang","alternatenames":["Kampong Chhnang","Kampong Chnang","Kampongchnang","Kompon Chnang","Kompong Chhang","Kompong Chhnang","Kâmpóng Chhnăng","Phumi Kampong Chhnang","Phumĭ Kâmpông Chhnăng","Кампонгчнанг"],"latitude":"12.25","longitude":"104.66667","feature_class":"P","feature_code":"PPLA","country_code":"KH","cc2":"","admin1_code":"03","admin2_code":"","admin3_code":"","admin4_code":"","population":"75244","elevation":"","dem":"21","timezone":"Asia/Phnom_Penh","modification_date":"2013-04-04"},{"geonameid":"1831173","name":"Kampong Cham","asciiname":"Kampong Cham","alternatenames":["Compon-lina","Kampong Cham","Kampongtjam","Kompon Cam","Kompong Cham","Kâmpóng Cham","Кампонгтям"],"latitude":"11.99339","longitude":"105.4635","feature_class":"P","feature_code":"PPLA","country_code":"KH","cc2":"","admin1_code":"02","admin2_code":"","admin3_code":"","admin4_code":"","population":"61750","elevation":"","dem":"23","timezone":"Asia/Phnom_Penh","modification_date":"2013-04-04"},{"geonameid":"1831732","name":"Ban Lŭng","asciiname":"Ban Lung","alternatenames":["Ban Lung","Ban Lŭng","Banlung","Bong Long","Boung Long","Bung Lung","Bông Lông","Bŭng Lŭng","Krong Ban Lung","Phumi Bung Lung","Phumĭ Bŭng Lŭng","Soung Long"],"latitude":"13.73939","longitude":"106.98727","feature_class":"P","feature_code":"PPLA","country_code":"KH","cc2":"","admin1_code":"23","admin2_code":"","admin3_code":"","admin4_code":"","population":"17000","elevation":"","dem":"316","timezone":"Asia/Phnom_Penh","modification_date":"2013-08-04"},{"geonameid":"1831797","name":"Battambang","asciiname":"Battambang","alternatenames":["Bat Dambang","Batambang","Batambangas","Batdamban","Batdambang","Batdâmbâng","Battamban","Battambang","Battampan'nk","Băt Dâmbâng","Bătdâmbâng","Ciudad de Battambang","Khett Batdambang","Phratabong","batambang","batanban","byatamabam","ma de wang","phra tabxng","Μπατταμπάνγκ","Батамбанг","Батдамбан","Баттамбанг","باتم‌بنگ","باٹامبانگ","ব্যাটামবং","พระตะบอง","ករងបាតដបង","ក្រុងបាត់ដំបង","バタンバン","马德望","바탐방"],"latitude":"13.10271","longitude":"103.19822","feature_class":"P","feature_code":"PPLA","country_code":"KH","cc2":"","admin1_code":"29","admin2_code":"","admin3_code":"","admin4_code":"","population":"150444","elevation":"","dem":"18","timezone":"Asia/Phnom_Penh","modification_date":"2014-06-08"},{"geonameid":"8740221","name":"Smach Mean Chey","asciiname":"Smach Mean Chey","alternatenames":[""],"latitude":"11.54665","longitude":"103.03569","feature_class":"P","feature_code":"PPLA2","country_code":"KH","cc2":"","admin1_code":"08","admin2_code":"","admin3_code":"","admin4_code":"","population":"29329","elevation":"5","dem":"5","timezone":"Asia/Phnom_Penh","modification_date":"2014-04-08"}]}