{"country_data":{"ISO":"KY","ISO3":"CYM","ISO_Numeric":"136","fips":"CJ","country":"Cayman Islands","capital":"George Town","area":"262","Population":"44270","Continent":"NA","tld":".ky","CurrencyCode":"KYD","CurrencyName":"Dollar","Phone":"+1-345","Postal_Code_Format":"","Postal_Code_Regex":"","Languages":"en-KY","geonameid":"3580718","neighbours":"","EquivalentFipsCode":""},"cities":[{"geonameid":"3580477","name":"West Bay","asciiname":"West Bay","alternatenames":["West Bay","West End"],"latitude":"19.36667","longitude":"-81.41667","feature_class":"P","feature_code":"PPL","country_code":"KY","cc2":"","admin1_code":"00","admin2_code":"","admin3_code":"","admin4_code":"","population":"11269","elevation":"","dem":"-9999","timezone":"America/Cayman","modification_date":"2013-08-18"},{"geonameid":"3580661","name":"George Town","asciiname":"George Town","alternatenames":["Corctaun","Dzhordzh Taun","Dzhordzhtaun","Dzordz Taun","Dzordztaun","Dzordztaunas","Džordžtaunas","GCM","George Town","George Town pa Caymanoyane","George Town på Caymanøyane","Georgetown","Gorad Dzhordzhtaun","Gorgtauno","Tzortztaoun","cxrc thawn","gwrg tʼwn","jojitaun","jorjata'una","jwrj tawn  jzr kayman","qiao zhi dui","qiao zhi dun","Ĝorĝtaŭno","Τζώρτζταουν","Џорџ Таун","Џорџтаун","Горад Джорджтаўн","Джордж Таун","Джорджтаун","גורג טאון","جارج ٹاؤن، جزائر کیمین","جورج تاون، جزر كايمان","जॉर्जटाउन","จอร์จทาวน์","ჯორჯტაუნი","ジョージタウン","喬治敦","조지타운"],"latitude":"19.2866","longitude":"-81.37436","feature_class":"P","feature_code":"PPLC","country_code":"KY","cc2":"","admin1_code":"00","admin2_code":"","admin3_code":"","admin4_code":"","population":"29370","elevation":"","dem":"3","timezone":"America/Cayman","modification_date":"2014-01-05"},{"geonameid":"3580733","name":"Bodden Town","asciiname":"Bodden Town","alternatenames":["Bodden","Bodden Town"],"latitude":"19.27647","longitude":"-81.2542","feature_class":"P","feature_code":"PPL","country_code":"KY","cc2":"","admin1_code":"00","admin2_code":"","admin3_code":"","admin4_code":"","population":"10341","elevation":"","dem":"6","timezone":"America/Cayman","modification_date":"2014-01-05"},{"geonameid":"3580661","name":"George Town","asciiname":"George Town","alternatenames":["Corctaun","Dzhordzh Taun","Dzhordzhtaun","Dzordz Taun","Dzordztaun","Dzordztaunas","Džordžtaunas","GCM","George Town","George Town pa Caymanoyane","George Town på Caymanøyane","Georgetown","Gorad Dzhordzhtaun","Gorgtauno","Tzortztaoun","cxrc thawn","gwrg tʼwn","jojitaun","jorjata'una","jwrj tawn  jzr kayman","qiao zhi dui","qiao zhi dun","Ĝorĝtaŭno","Τζώρτζταουν","Џорџ Таун","Џорџтаун","Горад Джорджтаўн","Джордж Таун","Джорджтаун","גורג טאון","جارج ٹاؤن، جزائر کیمین","جورج تاون، جزر كايمان","जॉर्जटाउन","จอร์จทาวน์","ჯორჯტაუნი","ジョージタウン","喬治敦","조지타운"],"latitude":"19.2866","longitude":"-81.37436","feature_class":"P","feature_code":"PPLC","country_code":"KY","cc2":"","admin1_code":"00","admin2_code":"","admin3_code":"","admin4_code":"","population":"29370","elevation":"","dem":"3","timezone":"America/Cayman","modification_date":"2014-01-05"}]}