{"country_data":{"ISO":"TD","ISO3":"TCD","ISO_Numeric":"148","fips":"CD","country":"Chad","capital":"N'Djamena","area":"1284000","Population":"10543464","Continent":"AF","tld":".td","CurrencyCode":"XAF","CurrencyName":"Franc","Phone":"235","Postal_Code_Format":"","Postal_Code_Regex":"","Languages":"fr-TD,ar-TD,sre","geonameid":"2434508","neighbours":"NE,LY,CF,SD,CM,NG","EquivalentFipsCode":""},"cities":[{"geonameid":"243590","name":"Iriba","asciiname":"Iriba","alternatenames":["Iriba"],"latitude":"15.11667","longitude":"22.25","feature_class":"P","feature_code":"PPL","country_code":"TD","cc2":"","admin1_code":"02","admin2_code":"","admin3_code":"","admin4_code":"","population":"1100","elevation":"","dem":"932","timezone":"Africa/Ndjamena","modification_date":"2012-01-18"},{"geonameid":"243783","name":"Goz Béïda","asciiname":"Goz Beida","alternatenames":["Goz Beida","Goz Béïda"],"latitude":"13.95","longitude":"20.55","feature_class":"P","feature_code":"PPL","country_code":"TD","cc2":"","admin1_code":"12","admin2_code":"","admin3_code":"","admin4_code":"","population":"1500","elevation":"","dem":"476","timezone":"Africa/Ndjamena","modification_date":"2012-01-18"},{"geonameid":"243787","name":"Goz Beïda","asciiname":"Goz Beida","alternatenames":["Goz Beida","Goz Beïda"],"latitude":"12.22484","longitude":"21.41034","feature_class":"P","feature_code":"PPLA","country_code":"TD","cc2":"","admin1_code":"25","admin2_code":"","admin3_code":"","admin4_code":"","population":"1000","elevation":"","dem":"568","timezone":"Africa/Ndjamena","modification_date":"2014-09-05"},{"geonameid":"244128","name":"Fada","asciiname":"Fada","alternatenames":["Fada","Fort de Fada"],"latitude":"17.18535","longitude":"21.58114","feature_class":"P","feature_code":"PPLA","country_code":"TD","cc2":"","admin1_code":"28","admin2_code":"","admin3_code":"","admin4_code":"","population":"23786","elevation":"","dem":"567","timezone":"Africa/Ndjamena","modification_date":"2014-09-05"},{"geonameid":"244878","name":"Biltine","asciiname":"Biltine","alternatenames":["Biltine"],"latitude":"14.53333","longitude":"20.91667","feature_class":"P","feature_code":"PPLA","country_code":"TD","cc2":"","admin1_code":"02","admin2_code":"","admin3_code":"","admin4_code":"","population":"11000","elevation":"","dem":"512","timezone":"Africa/Ndjamena","modification_date":"2012-01-18"},{"geonameid":"245338","name":"Am Timan","asciiname":"Am Timan","alternatenames":["AMC","Am Timan","Am Timane","Am Timmane","Umm Timman"],"latitude":"11.0297","longitude":"20.2827","feature_class":"P","feature_code":"PPLA","country_code":"TD","cc2":"","admin1_code":"13","admin2_code":"","admin3_code":"","admin4_code":"","population":"28885","elevation":"","dem":"439","timezone":"Africa/Ndjamena","modification_date":"2012-01-18"},{"geonameid":"245669","name":"Adré","asciiname":"Adre","alternatenames":["Adre","Adré"],"latitude":"13.46667","longitude":"22.2","feature_class":"P","feature_code":"PPL","country_code":"TD","cc2":"","admin1_code":"12","admin2_code":"","admin3_code":"","admin4_code":"","population":"11928","elevation":"","dem":"797","timezone":"Africa/Ndjamena","modification_date":"2012-01-18"},{"geonameid":"245785","name":"Abéché","asciiname":"Abeche","alternatenames":["Abacher","Abeche","Abecher","Abese","Abeshe","Abešė","Abécher","Abéché","a bei xie","abeshe","abesye","abshy","Абеше","أبشي","アベシェ","阿贝歇","아베셰"],"latitude":"13.82916","longitude":"20.8324","feature_class":"P","feature_code":"PPLA","country_code":"TD","cc2":"","admin1_code":"12","admin2_code":"","admin3_code":"","admin4_code":"","population":"74188","elevation":"","dem":"545","timezone":"Africa/Ndjamena","modification_date":"2008-09-16"},{"geonameid":"2425791","name":"Sagh","asciiname":"Sagh","alternatenames":["Archambault","Fort-Archambault","Sagh","Sahr","Sarh","Sarkh","Shar","Сарх"],"latitude":"9.1429","longitude":"18.3923","feature_class":"P","feature_code":"PPLA","country_code":"TD","cc2":"","admin1_code":"17","admin2_code":"","admin3_code":"","admin4_code":"","population":"102528","elevation":"","dem":"369","timezone":"Africa/Ndjamena","modification_date":"2012-01-18"},{"geonameid":"2426240","name":"Pala","asciiname":"Pala","alternatenames":["PLF","Pala","Palla","Пала"],"latitude":"9.3642","longitude":"14.9046","feature_class":"P","feature_code":"PPLA","country_code":"TD","cc2":"","admin1_code":"20","admin2_code":"","admin3_code":"","admin4_code":"","population":"35466","elevation":"","dem":"433","timezone":"Africa/Ndjamena","modification_date":"2012-01-18"},{"geonameid":"2426370","name":"Oum Hadjer","asciiname":"Oum Hadjer","alternatenames":["OUM","Oum Hadjer"],"latitude":"13.2954","longitude":"19.6966","feature_class":"P","feature_code":"PPL","country_code":"TD","cc2":"","admin1_code":"01","admin2_code":"","admin3_code":"","admin4_code":"","population":"19271","elevation":"","dem":"397","timezone":"Africa/Ndjamena","modification_date":"2012-01-18"},{"geonameid":"2427036","name":"Ngama","asciiname":"Ngama","alternatenames":["Ngama Yakoud"],"latitude":"11.78333","longitude":"17.16667","feature_class":"P","feature_code":"PPL","country_code":"TD","cc2":"","admin1_code":"15","admin2_code":"","admin3_code":"","admin4_code":"","population":"12438","elevation":"","dem":"326","timezone":"Africa/Ndjamena","modification_date":"2006-01-17"},{"geonameid":"2427123","name":"N'Djamena","asciiname":"N'Djamena","alternatenames":["Fort-Lamy","Lamy","N'Djamena","NDJ","Ndjamena","Ndjemena","Ndzamena","Ndzhamena","Ndżamena","Ndžamena","Njameno","Nĵameno","N’Djamena","N’Dj·amèna","Tzamena","Yamena","anjmyna","en jia mei na","eunjamena","ng'mnh","njamena","Τζαμένα","Нджамена","נג'מנה","أنجمينا","ንጃሜና","ンジャメナ","恩賈梅納","은자메나"],"latitude":"12.10672","longitude":"15.0444","feature_class":"P","feature_code":"PPLC","country_code":"TD","cc2":"","admin1_code":"15","admin2_code":"","admin3_code":"","admin4_code":"","population":"721081","elevation":"","dem":"299","timezone":"Africa/Ndjamena","modification_date":"2012-04-13"},{"geonameid":"2427336","name":"Moussoro","asciiname":"Moussoro","alternatenames":["Bahr el Ghazal","Moussoro"],"latitude":"13.64143","longitude":"16.48941","feature_class":"P","feature_code":"PPLA","country_code":"TD","cc2":"","admin1_code":"22","admin2_code":"","admin3_code":"","admin4_code":"","population":"15190","elevation":"","dem":"304","timezone":"Africa/Ndjamena","modification_date":"2014-09-05"},{"geonameid":"2427455","name":"Moundou","asciiname":"Moundou","alternatenames":["MQQ","Mondou","Mondu","Moundou","Moundu","Mundu","Мунду"],"latitude":"8.56667","longitude":"16.08333","feature_class":"P","feature_code":"PPLA","country_code":"TD","cc2":"","admin1_code":"08","admin2_code":"","admin3_code":"","admin4_code":"","population":"135167","elevation":"","dem":"401","timezone":"Africa/Ndjamena","modification_date":"2012-01-18"},{"geonameid":"2427637","name":"Mongo","asciiname":"Mongo","alternatenames":["MVO","Mongo","Монго"],"latitude":"12.18441","longitude":"18.69303","feature_class":"P","feature_code":"PPLA","country_code":"TD","cc2":"","admin1_code":"05","admin2_code":"","admin3_code":"","admin4_code":"","population":"27763","elevation":"","dem":"424","timezone":"Africa/Ndjamena","modification_date":"2012-01-18"},{"geonameid":"2427697","name":"Moïssala","asciiname":"Moissala","alternatenames":["Moissaia","Moissala","Moïssala"],"latitude":"8.3404","longitude":"17.7663","feature_class":"P","feature_code":"PPL","country_code":"TD","cc2":"","admin1_code":"19","admin2_code":"","admin3_code":"","admin4_code":"","population":"11264","elevation":"","dem":"385","timezone":"Africa/Ndjamena","modification_date":"2012-01-18"},{"geonameid":"2427949","name":"Melfi","asciiname":"Melfi","alternatenames":["MEF","Melfi"],"latitude":"11.0598","longitude":"17.9355","feature_class":"P","feature_code":"PPL","country_code":"TD","cc2":"","admin1_code":"05","admin2_code":"","admin3_code":"","admin4_code":"","population":"5784","elevation":"","dem":"399","timezone":"Africa/Ndjamena","modification_date":"2012-01-18"},{"geonameid":"2428042","name":"Mboursou Léré","asciiname":"Mboursou Lere","alternatenames":[""],"latitude":"9.7639","longitude":"14.1539","feature_class":"P","feature_code":"PPL","country_code":"TD","cc2":"","admin1_code":"20","admin2_code":"","admin3_code":"","admin4_code":"","population":"17132","elevation":"","dem":"287","timezone":"Africa/Ndjamena","modification_date":"2010-11-29"},{"geonameid":"2428216","name":"Massenya","asciiname":"Massenya","alternatenames":["Chekna","Massenia","Massenya","Tchekna"],"latitude":"11.4039","longitude":"16.1705","feature_class":"P","feature_code":"PPLA","country_code":"TD","cc2":"","admin1_code":"15","admin2_code":"","admin3_code":"","admin4_code":"","population":"3680","elevation":"","dem":"327","timezone":"Africa/Ndjamena","modification_date":"2012-01-18"},{"geonameid":"2428228","name":"Massakory","asciiname":"Massakory","alternatenames":["Dagana","Massakori","Massakory"],"latitude":"12.996","longitude":"15.72927","feature_class":"P","feature_code":"PPLA","country_code":"TD","cc2":"","admin1_code":"18","admin2_code":"","admin3_code":"","admin4_code":"","population":"15406","elevation":"","dem":"287","timezone":"Africa/Ndjamena","modification_date":"2012-01-18"},{"geonameid":"2428231","name":"Massaguet","asciiname":"Massaguet","alternatenames":["Massa Gueit","Massaguet","Massaguete","Massaguette","Massaquet"],"latitude":"12.47554","longitude":"15.43647","feature_class":"P","feature_code":"PPL","country_code":"TD","cc2":"","admin1_code":"18","admin2_code":"","admin3_code":"","admin4_code":"","population":"17906","elevation":"","dem":"292","timezone":"Africa/Ndjamena","modification_date":"2012-01-18"},{"geonameid":"2428394","name":"Mao","asciiname":"Mao","alternatenames":["AMO","Mao"],"latitude":"14.12116","longitude":"15.3103","feature_class":"P","feature_code":"PPLA","country_code":"TD","cc2":"","admin1_code":"06","admin2_code":"","admin3_code":"","admin4_code":"","population":"18031","elevation":"","dem":"339","timezone":"Africa/Ndjamena","modification_date":"2012-01-18"},{"geonameid":"2429296","name":"Laï","asciiname":"Lai","alternatenames":["Behagie","Behagle","Lai","Laï"],"latitude":"9.3952","longitude":"16.2989","feature_class":"P","feature_code":"PPLA","country_code":"TD","cc2":"","admin1_code":"14","admin2_code":"","admin3_code":"","admin4_code":"","population":"19382","elevation":"","dem":"362","timezone":"Africa/Ndjamena","modification_date":"2012-01-18"},{"geonameid":"2429344","name":"Kyabé","asciiname":"Kyabe","alternatenames":["Kiyabe","Kiyabi","Kiyabé","Kyabe","Kyabé"],"latitude":"9.45149","longitude":"18.94493","feature_class":"P","feature_code":"PPL","country_code":"TD","cc2":"","admin1_code":"17","admin2_code":"","admin3_code":"","admin4_code":"","population":"16177","elevation":"","dem":"390","timezone":"Africa/Ndjamena","modification_date":"2012-01-18"},{"geonameid":"2429605","name":"Koumra","asciiname":"Koumra","alternatenames":["Koumbra","Koumra"],"latitude":"8.91256","longitude":"17.55392","feature_class":"P","feature_code":"PPLA","country_code":"TD","cc2":"","admin1_code":"19","admin2_code":"","admin3_code":"","admin4_code":"","population":"36263","elevation":"","dem":"399","timezone":"Africa/Ndjamena","modification_date":"2012-01-18"},{"geonameid":"2430506","name":"Kelo","asciiname":"Kelo","alternatenames":["Kel","Kelo","Кел"],"latitude":"9.30859","longitude":"15.80658","feature_class":"P","feature_code":"PPL","country_code":"TD","cc2":"","admin1_code":"14","admin2_code":"","admin3_code":"","admin4_code":"","population":"42533","elevation":"","dem":"375","timezone":"Africa/Ndjamena","modification_date":"2012-01-18"},{"geonameid":"2431573","name":"Guelendeng","asciiname":"Guelendeng","alternatenames":["Gelengdeng","Guelendeng","Guelengdeng","Guélengdeng","Gélengdeng"],"latitude":"10.91762","longitude":"15.55011","feature_class":"P","feature_code":"PPL","country_code":"TD","cc2":"","admin1_code":"16","admin2_code":"","admin3_code":"","admin4_code":"","population":"11379","elevation":"","dem":"321","timezone":"Africa/Ndjamena","modification_date":"2012-01-18"},{"geonameid":"2431724","name":"Gounou Gaya","asciiname":"Gounou Gaya","alternatenames":["Gounou","Gounou Foursoum","Gounou Gaya"],"latitude":"9.6294","longitude":"15.5132","feature_class":"P","feature_code":"PPL","country_code":"TD","cc2":"","admin1_code":"16","admin2_code":"","admin3_code":"","admin4_code":"","population":"9521","elevation":"","dem":"345","timezone":"Africa/Ndjamena","modification_date":"2012-01-18"},{"geonameid":"2431736","name":"Goundi","asciiname":"Goundi","alternatenames":["Goundi","Gundi"],"latitude":"9.36267","longitude":"17.36597","feature_class":"P","feature_code":"PPL","country_code":"TD","cc2":"","admin1_code":"19","admin2_code":"","admin3_code":"","admin4_code":"","population":"10052","elevation":"","dem":"377","timezone":"Africa/Ndjamena","modification_date":"2012-01-18"},{"geonameid":"2432678","name":"Faya-Largeau","asciiname":"Faya-Largeau","alternatenames":["FYT","Faya","Faya-Largeau","Largeau"],"latitude":"17.9257","longitude":"19.10428","feature_class":"P","feature_code":"PPLA","country_code":"TD","cc2":"","admin1_code":"23","admin2_code":"","admin3_code":"","admin4_code":"","population":"13400","elevation":"","dem":"242","timezone":"Africa/Ndjamena","modification_date":"2014-05-29"},{"geonameid":"2433055","name":"Dourbali","asciiname":"Dourbali","alternatenames":["Dourbali","Ndourbali"],"latitude":"11.80909","longitude":"15.86323","feature_class":"P","feature_code":"PPL","country_code":"TD","cc2":"","admin1_code":"15","admin2_code":"","admin3_code":"","admin4_code":"","population":"17682","elevation":"","dem":"321","timezone":"Africa/Ndjamena","modification_date":"2012-01-18"},{"geonameid":"2433437","name":"Doba","asciiname":"Doba","alternatenames":["Doba","Доба"],"latitude":"8.65","longitude":"16.85","feature_class":"P","feature_code":"PPLA","country_code":"TD","cc2":"","admin1_code":"09","admin2_code":"","admin3_code":"","admin4_code":"","population":"24336","elevation":"","dem":"379","timezone":"Africa/Ndjamena","modification_date":"2012-01-18"},{"geonameid":"2434584","name":"Bousso","asciiname":"Bousso","alternatenames":["Bousso","Fort Bretonnet","OUT"],"latitude":"10.48473","longitude":"16.71076","feature_class":"P","feature_code":"PPL","country_code":"TD","cc2":"","admin1_code":"15","admin2_code":"","admin3_code":"","admin4_code":"","population":"13555","elevation":"","dem":"337","timezone":"Africa/Ndjamena","modification_date":"2013-05-09"},{"geonameid":"2434910","name":"Bongor","asciiname":"Bongor","alternatenames":["Bongor","OGR","Бонгор"],"latitude":"10.28056","longitude":"15.37222","feature_class":"P","feature_code":"PPLA","country_code":"TD","cc2":"","admin1_code":"16","admin2_code":"","admin3_code":"","admin4_code":"","population":"27770","elevation":"","dem":"334","timezone":"Africa/Ndjamena","modification_date":"2012-01-18"},{"geonameid":"2434979","name":"Bol","asciiname":"Bol","alternatenames":["Bol","Bol I"],"latitude":"13.45861","longitude":"14.71472","feature_class":"P","feature_code":"PPLA","country_code":"TD","cc2":"TD","admin1_code":"07","admin2_code":"","admin3_code":"","admin4_code":"","population":"11700","elevation":"","dem":"293","timezone":"Africa/Ndjamena","modification_date":"2012-01-18"},{"geonameid":"2434985","name":"Bokoro","asciiname":"Bokoro","alternatenames":["BKR","Bokoro"],"latitude":"12.37813","longitude":"17.05876","feature_class":"P","feature_code":"PPL","country_code":"TD","cc2":"","admin1_code":"18","admin2_code":"","admin3_code":"","admin4_code":"","population":"14723","elevation":"","dem":"300","timezone":"Africa/Ndjamena","modification_date":"2014-06-28"},{"geonameid":"2435124","name":"Bitkine","asciiname":"Bitkine","alternatenames":["Bitkin","Bitkine"],"latitude":"11.9801","longitude":"18.2138","feature_class":"P","feature_code":"PPL","country_code":"TD","cc2":"","admin1_code":"05","admin2_code":"","admin3_code":"","admin4_code":"","population":"18495","elevation":"","dem":"468","timezone":"Africa/Ndjamena","modification_date":"2012-01-18"},{"geonameid":"2435474","name":"Béré","asciiname":"Bere","alternatenames":[""],"latitude":"9.3202","longitude":"16.1552","feature_class":"P","feature_code":"PPL","country_code":"TD","cc2":"","admin1_code":"14","admin2_code":"","admin3_code":"","admin4_code":"","population":"14666","elevation":"","dem":"361","timezone":"Africa/Ndjamena","modification_date":"2006-01-17"},{"geonameid":"2435508","name":"Benoy","asciiname":"Benoy","alternatenames":["Benoy","Benoye","Bénoye"],"latitude":"8.98327","longitude":"16.31991","feature_class":"P","feature_code":"PPL","country_code":"TD","cc2":"","admin1_code":"08","admin2_code":"","admin3_code":"","admin4_code":"","population":"15717","elevation":"","dem":"417","timezone":"Africa/Ndjamena","modification_date":"2012-01-18"},{"geonameid":"2435708","name":"Beïnamar","asciiname":"Beinamar","alternatenames":["Beinamar","Beïnamar"],"latitude":"8.6698","longitude":"15.3813","feature_class":"P","feature_code":"PPL","country_code":"TD","cc2":"","admin1_code":"08","admin2_code":"","admin3_code":"","admin4_code":"","population":"7445","elevation":"","dem":"450","timezone":"Africa/Ndjamena","modification_date":"2013-04-04"},{"geonameid":"2435837","name":"Béboto","asciiname":"Beboto","alternatenames":["Beboto","Béboto"],"latitude":"8.26681","longitude":"16.93898","feature_class":"P","feature_code":"PPL","country_code":"TD","cc2":"","admin1_code":"09","admin2_code":"","admin3_code":"","admin4_code":"","population":"5432","elevation":"","dem":"437","timezone":"Africa/Ndjamena","modification_date":"2012-01-18"},{"geonameid":"2435854","name":"Bébédja","asciiname":"Bebedja","alternatenames":["Bebedja","Bebedjia","Bebeidja","Bebeidjia","Bebiya","Bébédja","Bébédjia"],"latitude":"8.6761","longitude":"16.566","feature_class":"P","feature_code":"PPL","country_code":"TD","cc2":"","admin1_code":"09","admin2_code":"","admin3_code":"","admin4_code":"","population":"12671","elevation":"","dem":"395","timezone":"Africa/Ndjamena","modification_date":"2012-01-18"},{"geonameid":"2435976","name":"Bardaï","asciiname":"Bardai","alternatenames":["Bardai","Bardaï"],"latitude":"21.35494","longitude":"17.00121","feature_class":"P","feature_code":"PPLA","country_code":"TD","cc2":"","admin1_code":"26","admin2_code":"","admin3_code":"","admin4_code":"","population":"0","elevation":"","dem":"1017","timezone":"Africa/Ndjamena","modification_date":"2014-09-05"},{"geonameid":"2436400","name":"Ati","asciiname":"Ati","alternatenames":["ATV","Ati","Ати"],"latitude":"13.2154","longitude":"18.3353","feature_class":"P","feature_code":"PPLA","country_code":"TD","cc2":"","admin1_code":"01","admin2_code":"","admin3_code":"","admin4_code":"","population":"24074","elevation":"","dem":"336","timezone":"Africa/Ndjamena","modification_date":"2012-01-18"},{"geonameid":"2436628","name":"Aozou","asciiname":"Aozou","alternatenames":["Aozou","Ozu"],"latitude":"21.8375","longitude":"17.4275","feature_class":"P","feature_code":"PPL","country_code":"TD","cc2":"","admin1_code":"26","admin2_code":"","admin3_code":"","admin4_code":"","population":"1880","elevation":"","dem":"1046","timezone":"Africa/Ndjamena","modification_date":"2012-01-18"},{"geonameid":"9534257","name":"Am Djarass","asciiname":"Am Djarass","alternatenames":["Am Djarass","Amdjarass"],"latitude":"16.06589","longitude":"22.84308","feature_class":"P","feature_code":"PPLA","country_code":"TD","cc2":"","admin1_code":"27","admin2_code":"","admin3_code":"","admin4_code":"","population":"0","elevation":"","dem":"900","timezone":"Africa/Ndjamena","modification_date":"2014-09-08"},{"geonameid":"243787","name":"Goz Beïda","asciiname":"Goz Beida","alternatenames":["Goz Beida","Goz Beïda"],"latitude":"12.22484","longitude":"21.41034","feature_class":"P","feature_code":"PPLA","country_code":"TD","cc2":"","admin1_code":"25","admin2_code":"","admin3_code":"","admin4_code":"","population":"1000","elevation":"","dem":"568","timezone":"Africa/Ndjamena","modification_date":"2014-09-05"},{"geonameid":"244128","name":"Fada","asciiname":"Fada","alternatenames":["Fada","Fort de Fada"],"latitude":"17.18535","longitude":"21.58114","feature_class":"P","feature_code":"PPLA","country_code":"TD","cc2":"","admin1_code":"28","admin2_code":"","admin3_code":"","admin4_code":"","population":"23786","elevation":"","dem":"567","timezone":"Africa/Ndjamena","modification_date":"2014-09-05"},{"geonameid":"244878","name":"Biltine","asciiname":"Biltine","alternatenames":["Biltine"],"latitude":"14.53333","longitude":"20.91667","feature_class":"P","feature_code":"PPLA","country_code":"TD","cc2":"","admin1_code":"02","admin2_code":"","admin3_code":"","admin4_code":"","population":"11000","elevation":"","dem":"512","timezone":"Africa/Ndjamena","modification_date":"2012-01-18"},{"geonameid":"245338","name":"Am Timan","asciiname":"Am Timan","alternatenames":["AMC","Am Timan","Am Timane","Am Timmane","Umm Timman"],"latitude":"11.0297","longitude":"20.2827","feature_class":"P","feature_code":"PPLA","country_code":"TD","cc2":"","admin1_code":"13","admin2_code":"","admin3_code":"","admin4_code":"","population":"28885","elevation":"","dem":"439","timezone":"Africa/Ndjamena","modification_date":"2012-01-18"},{"geonameid":"245669","name":"Adré","asciiname":"Adre","alternatenames":["Adre","Adré"],"latitude":"13.46667","longitude":"22.2","feature_class":"P","feature_code":"PPL","country_code":"TD","cc2":"","admin1_code":"12","admin2_code":"","admin3_code":"","admin4_code":"","population":"11928","elevation":"","dem":"797","timezone":"Africa/Ndjamena","modification_date":"2012-01-18"},{"geonameid":"245785","name":"Abéché","asciiname":"Abeche","alternatenames":["Abacher","Abeche","Abecher","Abese","Abeshe","Abešė","Abécher","Abéché","a bei xie","abeshe","abesye","abshy","Абеше","أبشي","アベシェ","阿贝歇","아베셰"],"latitude":"13.82916","longitude":"20.8324","feature_class":"P","feature_code":"PPLA","country_code":"TD","cc2":"","admin1_code":"12","admin2_code":"","admin3_code":"","admin4_code":"","population":"74188","elevation":"","dem":"545","timezone":"Africa/Ndjamena","modification_date":"2008-09-16"},{"geonameid":"2425791","name":"Sagh","asciiname":"Sagh","alternatenames":["Archambault","Fort-Archambault","Sagh","Sahr","Sarh","Sarkh","Shar","Сарх"],"latitude":"9.1429","longitude":"18.3923","feature_class":"P","feature_code":"PPLA","country_code":"TD","cc2":"","admin1_code":"17","admin2_code":"","admin3_code":"","admin4_code":"","population":"102528","elevation":"","dem":"369","timezone":"Africa/Ndjamena","modification_date":"2012-01-18"},{"geonameid":"2426240","name":"Pala","asciiname":"Pala","alternatenames":["PLF","Pala","Palla","Пала"],"latitude":"9.3642","longitude":"14.9046","feature_class":"P","feature_code":"PPLA","country_code":"TD","cc2":"","admin1_code":"20","admin2_code":"","admin3_code":"","admin4_code":"","population":"35466","elevation":"","dem":"433","timezone":"Africa/Ndjamena","modification_date":"2012-01-18"},{"geonameid":"2426370","name":"Oum Hadjer","asciiname":"Oum Hadjer","alternatenames":["OUM","Oum Hadjer"],"latitude":"13.2954","longitude":"19.6966","feature_class":"P","feature_code":"PPL","country_code":"TD","cc2":"","admin1_code":"01","admin2_code":"","admin3_code":"","admin4_code":"","population":"19271","elevation":"","dem":"397","timezone":"Africa/Ndjamena","modification_date":"2012-01-18"},{"geonameid":"2427036","name":"Ngama","asciiname":"Ngama","alternatenames":["Ngama Yakoud"],"latitude":"11.78333","longitude":"17.16667","feature_class":"P","feature_code":"PPL","country_code":"TD","cc2":"","admin1_code":"15","admin2_code":"","admin3_code":"","admin4_code":"","population":"12438","elevation":"","dem":"326","timezone":"Africa/Ndjamena","modification_date":"2006-01-17"},{"geonameid":"2427123","name":"N'Djamena","asciiname":"N'Djamena","alternatenames":["Fort-Lamy","Lamy","N'Djamena","NDJ","Ndjamena","Ndjemena","Ndzamena","Ndzhamena","Ndżamena","Ndžamena","Njameno","Nĵameno","N’Djamena","N’Dj·amèna","Tzamena","Yamena","anjmyna","en jia mei na","eunjamena","ng'mnh","njamena","Τζαμένα","Нджамена","נג'מנה","أنجمينا","ንጃሜና","ンジャメナ","恩賈梅納","은자메나"],"latitude":"12.10672","longitude":"15.0444","feature_class":"P","feature_code":"PPLC","country_code":"TD","cc2":"","admin1_code":"15","admin2_code":"","admin3_code":"","admin4_code":"","population":"721081","elevation":"","dem":"299","timezone":"Africa/Ndjamena","modification_date":"2012-04-13"},{"geonameid":"2427336","name":"Moussoro","asciiname":"Moussoro","alternatenames":["Bahr el Ghazal","Moussoro"],"latitude":"13.64143","longitude":"16.48941","feature_class":"P","feature_code":"PPLA","country_code":"TD","cc2":"","admin1_code":"22","admin2_code":"","admin3_code":"","admin4_code":"","population":"15190","elevation":"","dem":"304","timezone":"Africa/Ndjamena","modification_date":"2014-09-05"},{"geonameid":"2427455","name":"Moundou","asciiname":"Moundou","alternatenames":["MQQ","Mondou","Mondu","Moundou","Moundu","Mundu","Мунду"],"latitude":"8.56667","longitude":"16.08333","feature_class":"P","feature_code":"PPLA","country_code":"TD","cc2":"","admin1_code":"08","admin2_code":"","admin3_code":"","admin4_code":"","population":"135167","elevation":"","dem":"401","timezone":"Africa/Ndjamena","modification_date":"2012-01-18"},{"geonameid":"2427637","name":"Mongo","asciiname":"Mongo","alternatenames":["MVO","Mongo","Монго"],"latitude":"12.18441","longitude":"18.69303","feature_class":"P","feature_code":"PPLA","country_code":"TD","cc2":"","admin1_code":"05","admin2_code":"","admin3_code":"","admin4_code":"","population":"27763","elevation":"","dem":"424","timezone":"Africa/Ndjamena","modification_date":"2012-01-18"},{"geonameid":"2427697","name":"Moïssala","asciiname":"Moissala","alternatenames":["Moissaia","Moissala","Moïssala"],"latitude":"8.3404","longitude":"17.7663","feature_class":"P","feature_code":"PPL","country_code":"TD","cc2":"","admin1_code":"19","admin2_code":"","admin3_code":"","admin4_code":"","population":"11264","elevation":"","dem":"385","timezone":"Africa/Ndjamena","modification_date":"2012-01-18"},{"geonameid":"2427949","name":"Melfi","asciiname":"Melfi","alternatenames":["MEF","Melfi"],"latitude":"11.0598","longitude":"17.9355","feature_class":"P","feature_code":"PPL","country_code":"TD","cc2":"","admin1_code":"05","admin2_code":"","admin3_code":"","admin4_code":"","population":"5784","elevation":"","dem":"399","timezone":"Africa/Ndjamena","modification_date":"2012-01-18"},{"geonameid":"2428042","name":"Mboursou Léré","asciiname":"Mboursou Lere","alternatenames":[""],"latitude":"9.7639","longitude":"14.1539","feature_class":"P","feature_code":"PPL","country_code":"TD","cc2":"","admin1_code":"20","admin2_code":"","admin3_code":"","admin4_code":"","population":"17132","elevation":"","dem":"287","timezone":"Africa/Ndjamena","modification_date":"2010-11-29"},{"geonameid":"2428216","name":"Massenya","asciiname":"Massenya","alternatenames":["Chekna","Massenia","Massenya","Tchekna"],"latitude":"11.4039","longitude":"16.1705","feature_class":"P","feature_code":"PPLA","country_code":"TD","cc2":"","admin1_code":"15","admin2_code":"","admin3_code":"","admin4_code":"","population":"3680","elevation":"","dem":"327","timezone":"Africa/Ndjamena","modification_date":"2012-01-18"},{"geonameid":"2428228","name":"Massakory","asciiname":"Massakory","alternatenames":["Dagana","Massakori","Massakory"],"latitude":"12.996","longitude":"15.72927","feature_class":"P","feature_code":"PPLA","country_code":"TD","cc2":"","admin1_code":"18","admin2_code":"","admin3_code":"","admin4_code":"","population":"15406","elevation":"","dem":"287","timezone":"Africa/Ndjamena","modification_date":"2012-01-18"},{"geonameid":"2428231","name":"Massaguet","asciiname":"Massaguet","alternatenames":["Massa Gueit","Massaguet","Massaguete","Massaguette","Massaquet"],"latitude":"12.47554","longitude":"15.43647","feature_class":"P","feature_code":"PPL","country_code":"TD","cc2":"","admin1_code":"18","admin2_code":"","admin3_code":"","admin4_code":"","population":"17906","elevation":"","dem":"292","timezone":"Africa/Ndjamena","modification_date":"2012-01-18"},{"geonameid":"2428394","name":"Mao","asciiname":"Mao","alternatenames":["AMO","Mao"],"latitude":"14.12116","longitude":"15.3103","feature_class":"P","feature_code":"PPLA","country_code":"TD","cc2":"","admin1_code":"06","admin2_code":"","admin3_code":"","admin4_code":"","population":"18031","elevation":"","dem":"339","timezone":"Africa/Ndjamena","modification_date":"2012-01-18"},{"geonameid":"2429296","name":"Laï","asciiname":"Lai","alternatenames":["Behagie","Behagle","Lai","Laï"],"latitude":"9.3952","longitude":"16.2989","feature_class":"P","feature_code":"PPLA","country_code":"TD","cc2":"","admin1_code":"14","admin2_code":"","admin3_code":"","admin4_code":"","population":"19382","elevation":"","dem":"362","timezone":"Africa/Ndjamena","modification_date":"2012-01-18"},{"geonameid":"2429344","name":"Kyabé","asciiname":"Kyabe","alternatenames":["Kiyabe","Kiyabi","Kiyabé","Kyabe","Kyabé"],"latitude":"9.45149","longitude":"18.94493","feature_class":"P","feature_code":"PPL","country_code":"TD","cc2":"","admin1_code":"17","admin2_code":"","admin3_code":"","admin4_code":"","population":"16177","elevation":"","dem":"390","timezone":"Africa/Ndjamena","modification_date":"2012-01-18"},{"geonameid":"2429605","name":"Koumra","asciiname":"Koumra","alternatenames":["Koumbra","Koumra"],"latitude":"8.91256","longitude":"17.55392","feature_class":"P","feature_code":"PPLA","country_code":"TD","cc2":"","admin1_code":"19","admin2_code":"","admin3_code":"","admin4_code":"","population":"36263","elevation":"","dem":"399","timezone":"Africa/Ndjamena","modification_date":"2012-01-18"},{"geonameid":"2430506","name":"Kelo","asciiname":"Kelo","alternatenames":["Kel","Kelo","Кел"],"latitude":"9.30859","longitude":"15.80658","feature_class":"P","feature_code":"PPL","country_code":"TD","cc2":"","admin1_code":"14","admin2_code":"","admin3_code":"","admin4_code":"","population":"42533","elevation":"","dem":"375","timezone":"Africa/Ndjamena","modification_date":"2012-01-18"},{"geonameid":"2431573","name":"Guelendeng","asciiname":"Guelendeng","alternatenames":["Gelengdeng","Guelendeng","Guelengdeng","Guélengdeng","Gélengdeng"],"latitude":"10.91762","longitude":"15.55011","feature_class":"P","feature_code":"PPL","country_code":"TD","cc2":"","admin1_code":"16","admin2_code":"","admin3_code":"","admin4_code":"","population":"11379","elevation":"","dem":"321","timezone":"Africa/Ndjamena","modification_date":"2012-01-18"},{"geonameid":"2431724","name":"Gounou Gaya","asciiname":"Gounou Gaya","alternatenames":["Gounou","Gounou Foursoum","Gounou Gaya"],"latitude":"9.6294","longitude":"15.5132","feature_class":"P","feature_code":"PPL","country_code":"TD","cc2":"","admin1_code":"16","admin2_code":"","admin3_code":"","admin4_code":"","population":"9521","elevation":"","dem":"345","timezone":"Africa/Ndjamena","modification_date":"2012-01-18"},{"geonameid":"2431736","name":"Goundi","asciiname":"Goundi","alternatenames":["Goundi","Gundi"],"latitude":"9.36267","longitude":"17.36597","feature_class":"P","feature_code":"PPL","country_code":"TD","cc2":"","admin1_code":"19","admin2_code":"","admin3_code":"","admin4_code":"","population":"10052","elevation":"","dem":"377","timezone":"Africa/Ndjamena","modification_date":"2012-01-18"},{"geonameid":"2432678","name":"Faya-Largeau","asciiname":"Faya-Largeau","alternatenames":["FYT","Faya","Faya-Largeau","Largeau"],"latitude":"17.9257","longitude":"19.10428","feature_class":"P","feature_code":"PPLA","country_code":"TD","cc2":"","admin1_code":"23","admin2_code":"","admin3_code":"","admin4_code":"","population":"13400","elevation":"","dem":"242","timezone":"Africa/Ndjamena","modification_date":"2014-05-29"},{"geonameid":"2433055","name":"Dourbali","asciiname":"Dourbali","alternatenames":["Dourbali","Ndourbali"],"latitude":"11.80909","longitude":"15.86323","feature_class":"P","feature_code":"PPL","country_code":"TD","cc2":"","admin1_code":"15","admin2_code":"","admin3_code":"","admin4_code":"","population":"17682","elevation":"","dem":"321","timezone":"Africa/Ndjamena","modification_date":"2012-01-18"},{"geonameid":"2433437","name":"Doba","asciiname":"Doba","alternatenames":["Doba","Доба"],"latitude":"8.65","longitude":"16.85","feature_class":"P","feature_code":"PPLA","country_code":"TD","cc2":"","admin1_code":"09","admin2_code":"","admin3_code":"","admin4_code":"","population":"24336","elevation":"","dem":"379","timezone":"Africa/Ndjamena","modification_date":"2012-01-18"},{"geonameid":"2434584","name":"Bousso","asciiname":"Bousso","alternatenames":["Bousso","Fort Bretonnet","OUT"],"latitude":"10.48473","longitude":"16.71076","feature_class":"P","feature_code":"PPL","country_code":"TD","cc2":"","admin1_code":"15","admin2_code":"","admin3_code":"","admin4_code":"","population":"13555","elevation":"","dem":"337","timezone":"Africa/Ndjamena","modification_date":"2013-05-09"},{"geonameid":"2434910","name":"Bongor","asciiname":"Bongor","alternatenames":["Bongor","OGR","Бонгор"],"latitude":"10.28056","longitude":"15.37222","feature_class":"P","feature_code":"PPLA","country_code":"TD","cc2":"","admin1_code":"16","admin2_code":"","admin3_code":"","admin4_code":"","population":"27770","elevation":"","dem":"334","timezone":"Africa/Ndjamena","modification_date":"2012-01-18"},{"geonameid":"2434979","name":"Bol","asciiname":"Bol","alternatenames":["Bol","Bol I"],"latitude":"13.45861","longitude":"14.71472","feature_class":"P","feature_code":"PPLA","country_code":"TD","cc2":"TD","admin1_code":"07","admin2_code":"","admin3_code":"","admin4_code":"","population":"11700","elevation":"","dem":"293","timezone":"Africa/Ndjamena","modification_date":"2012-01-18"},{"geonameid":"2434985","name":"Bokoro","asciiname":"Bokoro","alternatenames":["BKR","Bokoro"],"latitude":"12.37813","longitude":"17.05876","feature_class":"P","feature_code":"PPL","country_code":"TD","cc2":"","admin1_code":"18","admin2_code":"","admin3_code":"","admin4_code":"","population":"14723","elevation":"","dem":"300","timezone":"Africa/Ndjamena","modification_date":"2014-06-28"},{"geonameid":"2435124","name":"Bitkine","asciiname":"Bitkine","alternatenames":["Bitkin","Bitkine"],"latitude":"11.9801","longitude":"18.2138","feature_class":"P","feature_code":"PPL","country_code":"TD","cc2":"","admin1_code":"05","admin2_code":"","admin3_code":"","admin4_code":"","population":"18495","elevation":"","dem":"468","timezone":"Africa/Ndjamena","modification_date":"2012-01-18"},{"geonameid":"2435474","name":"Béré","asciiname":"Bere","alternatenames":[""],"latitude":"9.3202","longitude":"16.1552","feature_class":"P","feature_code":"PPL","country_code":"TD","cc2":"","admin1_code":"14","admin2_code":"","admin3_code":"","admin4_code":"","population":"14666","elevation":"","dem":"361","timezone":"Africa/Ndjamena","modification_date":"2006-01-17"},{"geonameid":"2435508","name":"Benoy","asciiname":"Benoy","alternatenames":["Benoy","Benoye","Bénoye"],"latitude":"8.98327","longitude":"16.31991","feature_class":"P","feature_code":"PPL","country_code":"TD","cc2":"","admin1_code":"08","admin2_code":"","admin3_code":"","admin4_code":"","population":"15717","elevation":"","dem":"417","timezone":"Africa/Ndjamena","modification_date":"2012-01-18"},{"geonameid":"2435708","name":"Beïnamar","asciiname":"Beinamar","alternatenames":["Beinamar","Beïnamar"],"latitude":"8.6698","longitude":"15.3813","feature_class":"P","feature_code":"PPL","country_code":"TD","cc2":"","admin1_code":"08","admin2_code":"","admin3_code":"","admin4_code":"","population":"7445","elevation":"","dem":"450","timezone":"Africa/Ndjamena","modification_date":"2013-04-04"},{"geonameid":"2435837","name":"Béboto","asciiname":"Beboto","alternatenames":["Beboto","Béboto"],"latitude":"8.26681","longitude":"16.93898","feature_class":"P","feature_code":"PPL","country_code":"TD","cc2":"","admin1_code":"09","admin2_code":"","admin3_code":"","admin4_code":"","population":"5432","elevation":"","dem":"437","timezone":"Africa/Ndjamena","modification_date":"2012-01-18"},{"geonameid":"2435854","name":"Bébédja","asciiname":"Bebedja","alternatenames":["Bebedja","Bebedjia","Bebeidja","Bebeidjia","Bebiya","Bébédja","Bébédjia"],"latitude":"8.6761","longitude":"16.566","feature_class":"P","feature_code":"PPL","country_code":"TD","cc2":"","admin1_code":"09","admin2_code":"","admin3_code":"","admin4_code":"","population":"12671","elevation":"","dem":"395","timezone":"Africa/Ndjamena","modification_date":"2012-01-18"},{"geonameid":"2435976","name":"Bardaï","asciiname":"Bardai","alternatenames":["Bardai","Bardaï"],"latitude":"21.35494","longitude":"17.00121","feature_class":"P","feature_code":"PPLA","country_code":"TD","cc2":"","admin1_code":"26","admin2_code":"","admin3_code":"","admin4_code":"","population":"0","elevation":"","dem":"1017","timezone":"Africa/Ndjamena","modification_date":"2014-09-05"},{"geonameid":"2436400","name":"Ati","asciiname":"Ati","alternatenames":["ATV","Ati","Ати"],"latitude":"13.2154","longitude":"18.3353","feature_class":"P","feature_code":"PPLA","country_code":"TD","cc2":"","admin1_code":"01","admin2_code":"","admin3_code":"","admin4_code":"","population":"24074","elevation":"","dem":"336","timezone":"Africa/Ndjamena","modification_date":"2012-01-18"},{"geonameid":"9534257","name":"Am Djarass","asciiname":"Am Djarass","alternatenames":["Am Djarass","Amdjarass"],"latitude":"16.06589","longitude":"22.84308","feature_class":"P","feature_code":"PPLA","country_code":"TD","cc2":"","admin1_code":"27","admin2_code":"","admin3_code":"","admin4_code":"","population":"0","elevation":"","dem":"900","timezone":"Africa/Ndjamena","modification_date":"2014-09-08"},{"geonameid":"244128","name":"Fada","asciiname":"Fada","alternatenames":["Fada","Fort de Fada"],"latitude":"17.18535","longitude":"21.58114","feature_class":"P","feature_code":"PPLA","country_code":"TD","cc2":"","admin1_code":"28","admin2_code":"","admin3_code":"","admin4_code":"","population":"23786","elevation":"","dem":"567","timezone":"Africa/Ndjamena","modification_date":"2014-09-05"},{"geonameid":"245338","name":"Am Timan","asciiname":"Am Timan","alternatenames":["AMC","Am Timan","Am Timane","Am Timmane","Umm Timman"],"latitude":"11.0297","longitude":"20.2827","feature_class":"P","feature_code":"PPLA","country_code":"TD","cc2":"","admin1_code":"13","admin2_code":"","admin3_code":"","admin4_code":"","population":"28885","elevation":"","dem":"439","timezone":"Africa/Ndjamena","modification_date":"2012-01-18"},{"geonameid":"245785","name":"Abéché","asciiname":"Abeche","alternatenames":["Abacher","Abeche","Abecher","Abese","Abeshe","Abešė","Abécher","Abéché","a bei xie","abeshe","abesye","abshy","Абеше","أبشي","アベシェ","阿贝歇","아베셰"],"latitude":"13.82916","longitude":"20.8324","feature_class":"P","feature_code":"PPLA","country_code":"TD","cc2":"","admin1_code":"12","admin2_code":"","admin3_code":"","admin4_code":"","population":"74188","elevation":"","dem":"545","timezone":"Africa/Ndjamena","modification_date":"2008-09-16"},{"geonameid":"2425791","name":"Sagh","asciiname":"Sagh","alternatenames":["Archambault","Fort-Archambault","Sagh","Sahr","Sarh","Sarkh","Shar","Сарх"],"latitude":"9.1429","longitude":"18.3923","feature_class":"P","feature_code":"PPLA","country_code":"TD","cc2":"","admin1_code":"17","admin2_code":"","admin3_code":"","admin4_code":"","population":"102528","elevation":"","dem":"369","timezone":"Africa/Ndjamena","modification_date":"2012-01-18"},{"geonameid":"2426240","name":"Pala","asciiname":"Pala","alternatenames":["PLF","Pala","Palla","Пала"],"latitude":"9.3642","longitude":"14.9046","feature_class":"P","feature_code":"PPLA","country_code":"TD","cc2":"","admin1_code":"20","admin2_code":"","admin3_code":"","admin4_code":"","population":"35466","elevation":"","dem":"433","timezone":"Africa/Ndjamena","modification_date":"2012-01-18"},{"geonameid":"2426370","name":"Oum Hadjer","asciiname":"Oum Hadjer","alternatenames":["OUM","Oum Hadjer"],"latitude":"13.2954","longitude":"19.6966","feature_class":"P","feature_code":"PPL","country_code":"TD","cc2":"","admin1_code":"01","admin2_code":"","admin3_code":"","admin4_code":"","population":"19271","elevation":"","dem":"397","timezone":"Africa/Ndjamena","modification_date":"2012-01-18"},{"geonameid":"2427123","name":"N'Djamena","asciiname":"N'Djamena","alternatenames":["Fort-Lamy","Lamy","N'Djamena","NDJ","Ndjamena","Ndjemena","Ndzamena","Ndzhamena","Ndżamena","Ndžamena","Njameno","Nĵameno","N’Djamena","N’Dj·amèna","Tzamena","Yamena","anjmyna","en jia mei na","eunjamena","ng'mnh","njamena","Τζαμένα","Нджамена","נג'מנה","أنجمينا","ንጃሜና","ンジャメナ","恩賈梅納","은자메나"],"latitude":"12.10672","longitude":"15.0444","feature_class":"P","feature_code":"PPLC","country_code":"TD","cc2":"","admin1_code":"15","admin2_code":"","admin3_code":"","admin4_code":"","population":"721081","elevation":"","dem":"299","timezone":"Africa/Ndjamena","modification_date":"2012-04-13"},{"geonameid":"2427336","name":"Moussoro","asciiname":"Moussoro","alternatenames":["Bahr el Ghazal","Moussoro"],"latitude":"13.64143","longitude":"16.48941","feature_class":"P","feature_code":"PPLA","country_code":"TD","cc2":"","admin1_code":"22","admin2_code":"","admin3_code":"","admin4_code":"","population":"15190","elevation":"","dem":"304","timezone":"Africa/Ndjamena","modification_date":"2014-09-05"},{"geonameid":"2427455","name":"Moundou","asciiname":"Moundou","alternatenames":["MQQ","Mondou","Mondu","Moundou","Moundu","Mundu","Мунду"],"latitude":"8.56667","longitude":"16.08333","feature_class":"P","feature_code":"PPLA","country_code":"TD","cc2":"","admin1_code":"08","admin2_code":"","admin3_code":"","admin4_code":"","population":"135167","elevation":"","dem":"401","timezone":"Africa/Ndjamena","modification_date":"2012-01-18"},{"geonameid":"2427637","name":"Mongo","asciiname":"Mongo","alternatenames":["MVO","Mongo","Монго"],"latitude":"12.18441","longitude":"18.69303","feature_class":"P","feature_code":"PPLA","country_code":"TD","cc2":"","admin1_code":"05","admin2_code":"","admin3_code":"","admin4_code":"","population":"27763","elevation":"","dem":"424","timezone":"Africa/Ndjamena","modification_date":"2012-01-18"},{"geonameid":"2428042","name":"Mboursou Léré","asciiname":"Mboursou Lere","alternatenames":[""],"latitude":"9.7639","longitude":"14.1539","feature_class":"P","feature_code":"PPL","country_code":"TD","cc2":"","admin1_code":"20","admin2_code":"","admin3_code":"","admin4_code":"","population":"17132","elevation":"","dem":"287","timezone":"Africa/Ndjamena","modification_date":"2010-11-29"},{"geonameid":"2428228","name":"Massakory","asciiname":"Massakory","alternatenames":["Dagana","Massakori","Massakory"],"latitude":"12.996","longitude":"15.72927","feature_class":"P","feature_code":"PPLA","country_code":"TD","cc2":"","admin1_code":"18","admin2_code":"","admin3_code":"","admin4_code":"","population":"15406","elevation":"","dem":"287","timezone":"Africa/Ndjamena","modification_date":"2012-01-18"},{"geonameid":"2428231","name":"Massaguet","asciiname":"Massaguet","alternatenames":["Massa Gueit","Massaguet","Massaguete","Massaguette","Massaquet"],"latitude":"12.47554","longitude":"15.43647","feature_class":"P","feature_code":"PPL","country_code":"TD","cc2":"","admin1_code":"18","admin2_code":"","admin3_code":"","admin4_code":"","population":"17906","elevation":"","dem":"292","timezone":"Africa/Ndjamena","modification_date":"2012-01-18"},{"geonameid":"2428394","name":"Mao","asciiname":"Mao","alternatenames":["AMO","Mao"],"latitude":"14.12116","longitude":"15.3103","feature_class":"P","feature_code":"PPLA","country_code":"TD","cc2":"","admin1_code":"06","admin2_code":"","admin3_code":"","admin4_code":"","population":"18031","elevation":"","dem":"339","timezone":"Africa/Ndjamena","modification_date":"2012-01-18"},{"geonameid":"2429296","name":"Laï","asciiname":"Lai","alternatenames":["Behagie","Behagle","Lai","Laï"],"latitude":"9.3952","longitude":"16.2989","feature_class":"P","feature_code":"PPLA","country_code":"TD","cc2":"","admin1_code":"14","admin2_code":"","admin3_code":"","admin4_code":"","population":"19382","elevation":"","dem":"362","timezone":"Africa/Ndjamena","modification_date":"2012-01-18"},{"geonameid":"2429344","name":"Kyabé","asciiname":"Kyabe","alternatenames":["Kiyabe","Kiyabi","Kiyabé","Kyabe","Kyabé"],"latitude":"9.45149","longitude":"18.94493","feature_class":"P","feature_code":"PPL","country_code":"TD","cc2":"","admin1_code":"17","admin2_code":"","admin3_code":"","admin4_code":"","population":"16177","elevation":"","dem":"390","timezone":"Africa/Ndjamena","modification_date":"2012-01-18"},{"geonameid":"2429605","name":"Koumra","asciiname":"Koumra","alternatenames":["Koumbra","Koumra"],"latitude":"8.91256","longitude":"17.55392","feature_class":"P","feature_code":"PPLA","country_code":"TD","cc2":"","admin1_code":"19","admin2_code":"","admin3_code":"","admin4_code":"","population":"36263","elevation":"","dem":"399","timezone":"Africa/Ndjamena","modification_date":"2012-01-18"},{"geonameid":"2430506","name":"Kelo","asciiname":"Kelo","alternatenames":["Kel","Kelo","Кел"],"latitude":"9.30859","longitude":"15.80658","feature_class":"P","feature_code":"PPL","country_code":"TD","cc2":"","admin1_code":"14","admin2_code":"","admin3_code":"","admin4_code":"","population":"42533","elevation":"","dem":"375","timezone":"Africa/Ndjamena","modification_date":"2012-01-18"},{"geonameid":"2433055","name":"Dourbali","asciiname":"Dourbali","alternatenames":["Dourbali","Ndourbali"],"latitude":"11.80909","longitude":"15.86323","feature_class":"P","feature_code":"PPL","country_code":"TD","cc2":"","admin1_code":"15","admin2_code":"","admin3_code":"","admin4_code":"","population":"17682","elevation":"","dem":"321","timezone":"Africa/Ndjamena","modification_date":"2012-01-18"},{"geonameid":"2433437","name":"Doba","asciiname":"Doba","alternatenames":["Doba","Доба"],"latitude":"8.65","longitude":"16.85","feature_class":"P","feature_code":"PPLA","country_code":"TD","cc2":"","admin1_code":"09","admin2_code":"","admin3_code":"","admin4_code":"","population":"24336","elevation":"","dem":"379","timezone":"Africa/Ndjamena","modification_date":"2012-01-18"},{"geonameid":"2434910","name":"Bongor","asciiname":"Bongor","alternatenames":["Bongor","OGR","Бонгор"],"latitude":"10.28056","longitude":"15.37222","feature_class":"P","feature_code":"PPLA","country_code":"TD","cc2":"","admin1_code":"16","admin2_code":"","admin3_code":"","admin4_code":"","population":"27770","elevation":"","dem":"334","timezone":"Africa/Ndjamena","modification_date":"2012-01-18"},{"geonameid":"2435124","name":"Bitkine","asciiname":"Bitkine","alternatenames":["Bitkin","Bitkine"],"latitude":"11.9801","longitude":"18.2138","feature_class":"P","feature_code":"PPL","country_code":"TD","cc2":"","admin1_code":"05","admin2_code":"","admin3_code":"","admin4_code":"","population":"18495","elevation":"","dem":"468","timezone":"Africa/Ndjamena","modification_date":"2012-01-18"},{"geonameid":"2435508","name":"Benoy","asciiname":"Benoy","alternatenames":["Benoy","Benoye","Bénoye"],"latitude":"8.98327","longitude":"16.31991","feature_class":"P","feature_code":"PPL","country_code":"TD","cc2":"","admin1_code":"08","admin2_code":"","admin3_code":"","admin4_code":"","population":"15717","elevation":"","dem":"417","timezone":"Africa/Ndjamena","modification_date":"2012-01-18"},{"geonameid":"2436400","name":"Ati","asciiname":"Ati","alternatenames":["ATV","Ati","Ати"],"latitude":"13.2154","longitude":"18.3353","feature_class":"P","feature_code":"PPLA","country_code":"TD","cc2":"","admin1_code":"01","admin2_code":"","admin3_code":"","admin4_code":"","population":"24074","elevation":"","dem":"336","timezone":"Africa/Ndjamena","modification_date":"2012-01-18"}]}