{"country_data":{"ISO":"CK","ISO3":"COK","ISO_Numeric":"184","fips":"CW","country":"Cook Islands","capital":"Avarua","area":"240","Population":"21388","Continent":"OC","tld":".ck","CurrencyCode":"NZD","CurrencyName":"Dollar","Phone":"682","Postal_Code_Format":"","Postal_Code_Regex":"","Languages":"en-CK,mi","geonameid":"1899402","neighbours":"","EquivalentFipsCode":""},"cities":[{"geonameid":"4035715","name":"Avarua","asciiname":"Avarua","alternatenames":["Avarua","Avaruo","Avarúa","Gorad Avarua","RAR","a wa lu a","abalua","abarua","avarua","avaruva","avharu'a","awarwa","awarya","xa wa raw","Аваруа","Горад Аваруа","آواروآ","آواریا","अव्हारुआ","அவாருவா","อะวารัว","ཨ་ཝ་རུ་ཨ།","ავარუა","アバルア","阿瓦鲁阿","아바루아"],"latitude":"-21.20778","longitude":"-159.775","feature_class":"P","feature_code":"PPLC","country_code":"CK","cc2":"","admin1_code":"00","admin2_code":"","admin3_code":"","admin4_code":"","population":"13373","elevation":"","dem":"6","timezone":"Pacific/Rarotonga","modification_date":"2012-01-18"},{"geonameid":"4035715","name":"Avarua","asciiname":"Avarua","alternatenames":["Avarua","Avaruo","Avarúa","Gorad Avarua","RAR","a wa lu a","abalua","abarua","avarua","avaruva","avharu'a","awarwa","awarya","xa wa raw","Аваруа","Горад Аваруа","آواروآ","آواریا","अव्हारुआ","அவாருவா","อะวารัว","ཨ་ཝ་རུ་ཨ།","ავარუა","アバルア","阿瓦鲁阿","아바루아"],"latitude":"-21.20778","longitude":"-159.775","feature_class":"P","feature_code":"PPLC","country_code":"CK","cc2":"","admin1_code":"00","admin2_code":"","admin3_code":"","admin4_code":"","population":"13373","elevation":"","dem":"6","timezone":"Pacific/Rarotonga","modification_date":"2012-01-18"},{"geonameid":"4035715","name":"Avarua","asciiname":"Avarua","alternatenames":["Avarua","Avaruo","Avarúa","Gorad Avarua","RAR","a wa lu a","abalua","abarua","avarua","avaruva","avharu'a","awarwa","awarya","xa wa raw","Аваруа","Горад Аваруа","آواروآ","آواریا","अव्हारुआ","அவாருவா","อะวารัว","ཨ་ཝ་རུ་ཨ།","ავარუა","アバルア","阿瓦鲁阿","아바루아"],"latitude":"-21.20778","longitude":"-159.775","feature_class":"P","feature_code":"PPLC","country_code":"CK","cc2":"","admin1_code":"00","admin2_code":"","admin3_code":"","admin4_code":"","population":"13373","elevation":"","dem":"6","timezone":"Pacific/Rarotonga","modification_date":"2012-01-18"}]}