{"country_data":{"ISO":"CW","ISO3":"CUW","ISO_Numeric":"531","fips":"UC","country":"Curacao","capital":" Willemstad","area":"444","Population":"141766","Continent":"NA","tld":".cw","CurrencyCode":"ANG","CurrencyName":"Guilder","Phone":"599","Postal_Code_Format":"","Postal_Code_Regex":"","Languages":"nl,pap","geonameid":"7626836","neighbours":"","EquivalentFipsCode":""},"cities":[{"geonameid":"3513090","name":"Willemstad","asciiname":"Willemstad","alternatenames":["Gorad Vilemstad","Vilemstad","Vilemstadas","Vilemstado","Villemstad","Villemstant","Villemştad","Willemstad","Willemsted","Willemstêd","billemseutateu","u~iremusutatto","vilemastada","wei lian si ta de","willems tad","ylmstad","Βίλλεμσταντ","Вилемстад","Виллемстад","Віллемстад","Горад Вілемстад","וילמסטאד","ویلمسٹیڈ","يلمستاد","विलेमश्टाड","วิลเลมสตัด","ვილემსტადი","ウィレムスタット","威廉斯塔德","빌렘스타트"],"latitude":"12.1084","longitude":"-68.93354","feature_class":"P","feature_code":"PPLC","country_code":"CW","cc2":"","admin1_code":"","admin2_code":"","admin3_code":"","admin4_code":"","population":"125000","elevation":"","dem":"1","timezone":"America/Curacao","modification_date":"2010-12-18"},{"geonameid":"3513221","name":"Sint Michiel Liber","asciiname":"Sint Michiel Liber","alternatenames":[""],"latitude":"12.15","longitude":"-68.98333","feature_class":"P","feature_code":"PPL","country_code":"CW","cc2":"","admin1_code":"00","admin2_code":"","admin3_code":"","admin4_code":"","population":"5138","elevation":"","dem":"21","timezone":"America/Curacao","modification_date":"2006-01-17"},{"geonameid":"3513445","name":"Newport","asciiname":"Newport","alternatenames":["Newport","Nieuwpoort"],"latitude":"12.05","longitude":"-68.81667","feature_class":"P","feature_code":"PPL","country_code":"CW","cc2":"","admin1_code":"00","admin2_code":"","admin3_code":"","admin4_code":"","population":"1937","elevation":"","dem":"20","timezone":"America/Curacao","modification_date":"2012-01-18"},{"geonameid":"3513761","name":"Dorp Soto","asciiname":"Dorp Soto","alternatenames":["Dorp Soto","Soto"],"latitude":"12.26667","longitude":"-69.1","feature_class":"P","feature_code":"PPL","country_code":"CW","cc2":"","admin1_code":"00","admin2_code":"","admin3_code":"","admin4_code":"","population":"1987","elevation":"","dem":"41","timezone":"America/Curacao","modification_date":"2012-01-18"},{"geonameid":"3513936","name":"Barber","asciiname":"Barber","alternatenames":["Barber"],"latitude":"12.28333","longitude":"-69.06667","feature_class":"P","feature_code":"PPL","country_code":"CW","cc2":"","admin1_code":"00","admin2_code":"","admin3_code":"","admin4_code":"","population":"2424","elevation":"","dem":"17","timezone":"America/Curacao","modification_date":"2012-05-05"},{"geonameid":"3513090","name":"Willemstad","asciiname":"Willemstad","alternatenames":["Gorad Vilemstad","Vilemstad","Vilemstadas","Vilemstado","Villemstad","Villemstant","Villemştad","Willemstad","Willemsted","Willemstêd","billemseutateu","u~iremusutatto","vilemastada","wei lian si ta de","willems tad","ylmstad","Βίλλεμσταντ","Вилемстад","Виллемстад","Віллемстад","Горад Вілемстад","וילמסטאד","ویلمسٹیڈ","يلمستاد","विलेमश्टाड","วิลเลมสตัด","ვილემსტადი","ウィレムスタット","威廉斯塔德","빌렘스타트"],"latitude":"12.1084","longitude":"-68.93354","feature_class":"P","feature_code":"PPLC","country_code":"CW","cc2":"","admin1_code":"","admin2_code":"","admin3_code":"","admin4_code":"","population":"125000","elevation":"","dem":"1","timezone":"America/Curacao","modification_date":"2010-12-18"},{"geonameid":"3513221","name":"Sint Michiel Liber","asciiname":"Sint Michiel Liber","alternatenames":[""],"latitude":"12.15","longitude":"-68.98333","feature_class":"P","feature_code":"PPL","country_code":"CW","cc2":"","admin1_code":"00","admin2_code":"","admin3_code":"","admin4_code":"","population":"5138","elevation":"","dem":"21","timezone":"America/Curacao","modification_date":"2006-01-17"},{"geonameid":"3513090","name":"Willemstad","asciiname":"Willemstad","alternatenames":["Gorad Vilemstad","Vilemstad","Vilemstadas","Vilemstado","Villemstad","Villemstant","Villemştad","Willemstad","Willemsted","Willemstêd","billemseutateu","u~iremusutatto","vilemastada","wei lian si ta de","willems tad","ylmstad","Βίλλεμσταντ","Вилемстад","Виллемстад","Віллемстад","Горад Вілемстад","וילמסטאד","ویلمسٹیڈ","يلمستاد","विलेमश्टाड","วิลเลมสตัด","ვილემსტადი","ウィレムスタット","威廉斯塔德","빌렘스타트"],"latitude":"12.1084","longitude":"-68.93354","feature_class":"P","feature_code":"PPLC","country_code":"CW","cc2":"","admin1_code":"","admin2_code":"","admin3_code":"","admin4_code":"","population":"125000","elevation":"","dem":"1","timezone":"America/Curacao","modification_date":"2010-12-18"}]}