{"country_data":{"ISO":"CY","ISO3":"CYP","ISO_Numeric":"196","fips":"CY","country":"Cyprus","capital":"Nicosia","area":"9250","Population":"1102677","Continent":"EU","tld":".cy","CurrencyCode":"EUR","CurrencyName":"Euro","Phone":"357","Postal_Code_Format":"####","Postal_Code_Regex":"^(\\d{4})$","Languages":"el-CY,tr-CY,en","geonameid":"146669","neighbours":"","EquivalentFipsCode":""},"cities":[{"geonameid":"18918","name":"Protaras","asciiname":"Protaras","alternatenames":["Protaras","Протарас"],"latitude":"35.0125","longitude":"34.05833","feature_class":"P","feature_code":"PPL","country_code":"CY","cc2":"","admin1_code":"01","admin2_code":"","admin3_code":"","admin4_code":"","population":"20230","elevation":"","dem":"9","timezone":"Asia/Nicosia","modification_date":"2014-07-16"},{"geonameid":"145952","name":"Ýpsonas","asciiname":"Ypsonas","alternatenames":["Ipsona","Ipsonas","Ypsonas","Ýpsonas","İpsona","Ύψωνας"],"latitude":"34.68797","longitude":"32.96191","feature_class":"P","feature_code":"PPL","country_code":"CY","cc2":"","admin1_code":"05","admin2_code":"","admin3_code":"","admin4_code":"","population":"7348","elevation":"","dem":"91","timezone":"Asia/Nicosia","modification_date":"2014-03-05"},{"geonameid":"145964","name":"Géri","asciiname":"Geri","alternatenames":["Geri","Géri","Yeri","Γέρι","Гери"],"latitude":"35.1056","longitude":"33.41977","feature_class":"P","feature_code":"PPL","country_code":"CY","cc2":"","admin1_code":"04","admin2_code":"","admin3_code":"","admin4_code":"","population":"7639","elevation":"","dem":"159","timezone":"Asia/Nicosia","modification_date":"2015-04-08"},{"geonameid":"145971","name":"Xylotymbou","asciiname":"Xylotymbou","alternatenames":["Ksilodimbo","Ksilodimbu","Ksilotimbu","Xylotymbo","Xylotymbou","Xylotymvou","Ξυλοτύμβου"],"latitude":"35.0172","longitude":"33.74245","feature_class":"P","feature_code":"PPL","country_code":"CY","cc2":"","admin1_code":"03","admin2_code":"","admin3_code":"","admin4_code":"","population":"3593","elevation":"","dem":"60","timezone":"Asia/Nicosia","modification_date":"2013-03-07"},{"geonameid":"145981","name":"Tséri","asciiname":"Tseri","alternatenames":["Bilen","Seri","Tseri","Tséri","Xeri","Τσέρι"],"latitude":"35.07307","longitude":"33.32344","feature_class":"P","feature_code":"PPL","country_code":"CY","cc2":"","admin1_code":"04","admin2_code":"","admin3_code":"","admin4_code":"","population":"5498","elevation":"","dem":"271","timezone":"Asia/Nicosia","modification_date":"2015-04-08"},{"geonameid":"145987","name":"Voróklini","asciiname":"Voroklini","alternatenames":["Vorglini","Voroglini","Voroklini","Voróklini","Βορόκληνη"],"latitude":"34.986","longitude":"33.65387","feature_class":"P","feature_code":"PPL","country_code":"CY","cc2":"","admin1_code":"03","admin2_code":"","admin3_code":"","admin4_code":"","population":"3446","elevation":"","dem":"38","timezone":"Asia/Nicosia","modification_date":"2014-07-08"},{"geonameid":"146015","name":"Troúlloi","asciiname":"Troulloi","alternatenames":["Troulli","Troulloi","Troúlloi","Trulli","Τρούλλοι"],"latitude":"35.03203","longitude":"33.61501","feature_class":"P","feature_code":"PPL","country_code":"CY","cc2":"","admin1_code":"03","admin2_code":"","admin3_code":"","admin4_code":"","population":"1078","elevation":"","dem":"109","timezone":"Asia/Nicosia","modification_date":"2015-03-08"},{"geonameid":"146027","name":"Tríkomo","asciiname":"Trikomo","alternatenames":["Iskele","Trikomo","Tríkomo","İskele","Τρίκωμο"],"latitude":"35.28628","longitude":"33.89167","feature_class":"P","feature_code":"PPL","country_code":"CY","cc2":"","admin1_code":"01","admin2_code":"","admin3_code":"","admin4_code":"","population":"4490","elevation":"","dem":"30","timezone":"Asia/Nicosia","modification_date":"2015-01-07"},{"geonameid":"146040","name":"Tersefánou","asciiname":"Tersefanou","alternatenames":["Tersefan","Tersefanou","Tersefánou","Tersephanou","Tersofanu","Τερσεφάνου"],"latitude":"34.85411","longitude":"33.54746","feature_class":"P","feature_code":"PPL","country_code":"CY","cc2":"","admin1_code":"03","admin2_code":"","admin3_code":"","admin4_code":"","population":"1018","elevation":"","dem":"48","timezone":"Asia/Nicosia","modification_date":"2014-07-08"},{"geonameid":"146045","name":"Tála","asciiname":"Tala","alternatenames":["Dala","Dalâ","Tala","Tála","Τάλα"],"latitude":"34.83745","longitude":"32.43272","feature_class":"P","feature_code":"PPL","country_code":"CY","cc2":"","admin1_code":"06","admin2_code":"","admin3_code":"","admin4_code":"","population":"1655","elevation":"","dem":"289","timezone":"Asia/Nicosia","modification_date":"2014-06-04"},{"geonameid":"146069","name":"Sotíra","asciiname":"Sotira","alternatenames":["Sotira","Sotíra","Σωτήρα"],"latitude":"34.71189","longitude":"32.8634","feature_class":"P","feature_code":"PPL","country_code":"CY","cc2":"","admin1_code":"05","admin2_code":"","admin3_code":"","admin4_code":"","population":"4444","elevation":"","dem":"292","timezone":"Asia/Nicosia","modification_date":"2014-03-05"},{"geonameid":"146105","name":"Rizokárpaso","asciiname":"Rizokarpaso","alternatenames":["Dipkarpas","Dipkarpaz","Dipkurpaz","Rizokarpaso","Rizokarpason","Rizokarpasso","Rizokárpaso","Ριζοκάρπασο"],"latitude":"35.59719","longitude":"34.37916","feature_class":"P","feature_code":"PPL","country_code":"CY","cc2":"","admin1_code":"01","admin2_code":"","admin3_code":"","admin4_code":"","population":"5215","elevation":"","dem":"133","timezone":"Asia/Nicosia","modification_date":"2014-03-05"},{"geonameid":"146107","name":"Pyrgos","asciiname":"Pyrgos","alternatenames":["Pyrga","Pyrgos"],"latitude":"34.74167","longitude":"33.18333","feature_class":"P","feature_code":"PPL","country_code":"CY","cc2":"","admin1_code":"05","admin2_code":"","admin3_code":"","admin4_code":"","population":"1407","elevation":"","dem":"83","timezone":"Asia/Nicosia","modification_date":"2013-08-05"},{"geonameid":"146110","name":"Pýla","asciiname":"Pyla","alternatenames":["Pila","Pile","Pyla","Pýla","Πύλα"],"latitude":"35.01237","longitude":"33.69188","feature_class":"P","feature_code":"PPL","country_code":"CY","cc2":"","admin1_code":"03","admin2_code":"","admin3_code":"","admin4_code":"","population":"1434","elevation":"","dem":"59","timezone":"Asia/Nicosia","modification_date":"2015-03-08"},{"geonameid":"146112","name":"Psimolofou","asciiname":"Psimolofou","alternatenames":["Psimolofou","Psomolafa","Psomolof","Psomolopho","Psomolophou","Somolof","Ψιμολόφου"],"latitude":"35.0625","longitude":"33.2625","feature_class":"P","feature_code":"PPL","country_code":"CY","cc2":"","admin1_code":"04","admin2_code":"","admin3_code":"","admin4_code":"","population":"1686","elevation":"","dem":"316","timezone":"Asia/Nicosia","modification_date":"2012-05-30"},{"geonameid":"146114","name":"Psevdás","asciiname":"Psevdas","alternatenames":["Pseftas","Psevda","Psevdas","Psevdhas","Psevdás","Ψευδάς"],"latitude":"34.94653","longitude":"33.46277","feature_class":"P","feature_code":"PPL","country_code":"CY","cc2":"","admin1_code":"03","admin2_code":"","admin3_code":"","admin4_code":"","population":"1070","elevation":"","dem":"168","timezone":"Asia/Nicosia","modification_date":"2014-07-08"},{"geonameid":"146137","name":"Pólis","asciiname":"Polis","alternatenames":["Poli","Polis","Polis Chrysochous","Pólis","Πόλις"],"latitude":"35.03534","longitude":"32.42575","feature_class":"P","feature_code":"PPL","country_code":"CY","cc2":"","admin1_code":"06","admin2_code":"","admin3_code":"","admin4_code":"","population":"1975","elevation":"","dem":"32","timezone":"Asia/Nicosia","modification_date":"2014-05-28"},{"geonameid":"146150","name":"Pissoúri","asciiname":"Pissouri","alternatenames":["Pissouri","Pissoúri","Pissuri","Πισσούρι"],"latitude":"34.66942","longitude":"32.70132","feature_class":"P","feature_code":"PPL","country_code":"CY","cc2":"","admin1_code":"05","admin2_code":"","admin3_code":"","admin4_code":"","population":"1078","elevation":"","dem":"236","timezone":"Asia/Nicosia","modification_date":"2014-09-30"},{"geonameid":"146154","name":"Frénaros","asciiname":"Frenaros","alternatenames":["Frenaro","Frenaros","Frennaros","Frénaros","Phrenaros","Φρέναρος"],"latitude":"35.04121","longitude":"33.92242","feature_class":"P","feature_code":"PPL","country_code":"CY","cc2":"","admin1_code":"01","admin2_code":"","admin3_code":"","admin4_code":"","population":"3450","elevation":"","dem":"76","timezone":"Asia/Nicosia","modification_date":"2014-09-30"},{"geonameid":"146175","name":"Pégeia","asciiname":"Pegeia","alternatenames":["Pegeia","Peya","Peyia","Pégeia","Πέγεια"],"latitude":"34.88341","longitude":"32.38166","feature_class":"P","feature_code":"PPL","country_code":"CY","cc2":"","admin1_code":"06","admin2_code":"","admin3_code":"","admin4_code":"","population":"2462","elevation":"","dem":"197","timezone":"Asia/Nicosia","modification_date":"2014-06-04"},{"geonameid":"146183","name":"Perivólia","asciiname":"Perivolia","alternatenames":["Bahcalar","Bahceler","Bahçalar","Bahçeler","Bervolya","Perivolia","Perivolya","Perivólia","Περιβόλια"],"latitude":"34.83355","longitude":"33.58196","feature_class":"P","feature_code":"PPL","country_code":"CY","cc2":"","admin1_code":"03","admin2_code":"","admin3_code":"","admin4_code":"","population":"1876","elevation":"","dem":"11","timezone":"Asia/Nicosia","modification_date":"2014-07-08"},{"geonameid":"146187","name":"Peristeróna","asciiname":"Peristerona","alternatenames":["Peristerona","Peristeróna","Περιστερώνα"],"latitude":"35.12928","longitude":"33.07858","feature_class":"P","feature_code":"PPL","country_code":"CY","cc2":"","admin1_code":"04","admin2_code":"","admin3_code":"","admin4_code":"","population":"2190","elevation":"","dem":"230","timezone":"Asia/Nicosia","modification_date":"2015-02-05"},{"geonameid":"146189","name":"Pérgamos","asciiname":"Pergamos","alternatenames":["Beyarmudu","Pergama","Pergamos","Pérgamos","Πέργαμος","Пергамос"],"latitude":"35.04167","longitude":"33.70833","feature_class":"P","feature_code":"PPL","country_code":"CY","cc2":"","admin1_code":"03","admin2_code":"","admin3_code":"","admin4_code":"","population":"15000","elevation":"","dem":"85","timezone":"Asia/Nicosia","modification_date":"2015-03-08"},{"geonameid":"146192","name":"Péra","asciiname":"Pera","alternatenames":["Pera","Péra","Πέρα"],"latitude":"35.0335","longitude":"33.25413","feature_class":"P","feature_code":"PPL","country_code":"CY","cc2":"","admin1_code":"04","admin2_code":"","admin3_code":"","admin4_code":"","population":"1060","elevation":"","dem":"374","timezone":"Asia/Nicosia","modification_date":"2015-04-08"},{"geonameid":"146198","name":"Peléndri","asciiname":"Pelendri","alternatenames":["Belendri","Pelendri","Pelendria","Peléndri","Πελένδρι"],"latitude":"34.89597","longitude":"32.96817","feature_class":"P","feature_code":"PPL","country_code":"CY","cc2":"","admin1_code":"05","admin2_code":"","admin3_code":"","admin4_code":"","population":"1237","elevation":"","dem":"898","timezone":"Asia/Nicosia","modification_date":"2014-06-04"},{"geonameid":"146204","name":"Parekklisha","asciiname":"Parekklisha","alternatenames":["Parekklisha","Parekklisia","Pareklisa","Pareklisha","Pareklişa"],"latitude":"34.74583","longitude":"33.15833","feature_class":"P","feature_code":"PPL","country_code":"CY","cc2":"","admin1_code":"05","admin2_code":"","admin3_code":"","admin4_code":"","population":"1382","elevation":"","dem":"125","timezone":"Asia/Nicosia","modification_date":"2013-08-05"},{"geonameid":"146209","name":"Paralímni","asciiname":"Paralimni","alternatenames":["Paralim","Paralimni","Paralímni","Παραλίμνι"],"latitude":"35.03945","longitude":"33.98181","feature_class":"P","feature_code":"PPL","country_code":"CY","cc2":"","admin1_code":"01","admin2_code":"","admin3_code":"","admin4_code":"","population":"11836","elevation":"","dem":"81","timezone":"Asia/Nicosia","modification_date":"2014-09-30"},{"geonameid":"146214","name":"Paphos","asciiname":"Paphos","alternatenames":["Baf","Gazibaf","Nea Pafos","Nea Paphos","Néa Páfos","PFO","Pafo","Pafos","Paphos","Páfos","Πάφος","Παφος","Пафос"],"latitude":"34.77679","longitude":"32.42451","feature_class":"P","feature_code":"PPLA","country_code":"CY","cc2":"","admin1_code":"06","admin2_code":"","admin3_code":"","admin4_code":"","population":"35961","elevation":"","dem":"81","timezone":"Asia/Nicosia","modification_date":"2014-06-04"},{"geonameid":"146216","name":"Páno Polemídia","asciiname":"Pano Polemidia","alternatenames":["Pano Polemidhia","Pano Polemidia","Pano Polemidya","Polemidia","Páno Polemídia","Yukari Binatli","Yukari Polemitya","Yukarı Binatlı","Yukarı Polemitya","Πάνω Πολεμίδια"],"latitude":"34.70559","longitude":"32.99269","feature_class":"P","feature_code":"PPL","country_code":"CY","cc2":"","admin1_code":"05","admin2_code":"","admin3_code":"","admin4_code":"","population":"3781","elevation":"","dem":"96","timezone":"Asia/Nicosia","modification_date":"2014-03-05"},{"geonameid":"146225","name":"Páno Defterá","asciiname":"Pano Deftera","alternatenames":["Deftera Pano","Defterá Pano","Pano Deftera","Pano Dheftera","Páno Defterá","Yukari Deftera","Yukarı Deftera","Πάνω Δευτερά"],"latitude":"35.07778","longitude":"33.26584","feature_class":"P","feature_code":"PPL","country_code":"CY","cc2":"","admin1_code":"04","admin2_code":"","admin3_code":"","admin4_code":"","population":"1983","elevation":"","dem":"292","timezone":"Asia/Nicosia","modification_date":"2015-04-08"},{"geonameid":"146245","name":"Páchna","asciiname":"Pachna","alternatenames":["Pachna","Pahna","Pakhna","Páchna","Πάχνα"],"latitude":"34.77874","longitude":"32.79355","feature_class":"P","feature_code":"PPL","country_code":"CY","cc2":"","admin1_code":"05","admin2_code":"","admin3_code":"","admin4_code":"","population":"1008","elevation":"","dem":"690","timezone":"Asia/Nicosia","modification_date":"2014-06-04"},{"geonameid":"146268","name":"Nicosia","asciiname":"Nicosia","alternatenames":["An Leafcois","An Leafcóis","Arqa Nikosiya","Gorad Nikasija","Lefkosa","Lefkosha","Lefkosia","Lefkosian","Lefkosía","Lefkoşa","Levkozija","NIC","Nekoseje","Nicosea","Nicosia","Nicosia (Lefkosia)","Nicosia - Leukosia","Nicosia - Λευκωσία","Nicosie","Nicoséa","Nicosìa","Nicusia","Nicusìa","Nicòsia","Nicósia","Nikosi","Nikosia","Nikosie","Nikosii","Nikosij","Nikosija","Nikosiya","Nikozi","Nikozia","Nikozija","Nikozio","Nikozja","Nikósie","Nikósía","Nikózia","Nėkosėjė","ni ke xi ya","ni kho seiy","nikkociya","nikoshia","nikosi'a","nikosia","nikosiya","nikozia","nykwsya","nykwzya","nyqwsya","nyqwsyh","Λευκωσία","Λευκωσίαν","Горад Нікасія","Левкозија","Лефкоша","Никозия","Никозија","Никоси","Никосий","Никосия","Нікосія","Նիկոսիա","ניקאסיע","ניקוסיה","نىكوسىيە","نيقوسيا","نيكوسيا","نیکوزیا","نیکوسیا","نیکۆسیا","निकोसिया","নিকোসিয়া","ਨਿਕੋਸੀਆ","ନିକୋସିଆ","நிக்கோசியா","ನಿಕೋಸಿಯ","นิโคเซีย","ནེ་ཁོ་ཤི་ཡ།","ნიქოზია","ሌፍኮዚያ","ニコシア","尼科西亚","尼科西亞","니코시아"],"latitude":"35.17531","longitude":"33.3642","feature_class":"P","feature_code":"PPLC","country_code":"CY","cc2":"","admin1_code":"04","admin2_code":"","admin3_code":"","admin4_code":"","population":"200452","elevation":"","dem":"147","timezone":"Asia/Nicosia","modification_date":"2015-04-08"},{"geonameid":"146278","name":"Mouttagiáka","asciiname":"Mouttagiaka","alternatenames":["Moutayaka","Moutayiaka","Mouttagiaka","Mouttagiáka","Mutayaka","Muthiyaka","Mutlayaka","Mutluyaka","Muttayaka","Μουτταγιάκα"],"latitude":"34.72022","longitude":"33.10066","feature_class":"P","feature_code":"PPL","country_code":"CY","cc2":"","admin1_code":"05","admin2_code":"","admin3_code":"","admin4_code":"","population":"2818","elevation":"","dem":"67","timezone":"Asia/Nicosia","modification_date":"2014-03-05"},{"geonameid":"146283","name":"Mosfilotí","asciiname":"Mosfiloti","alternatenames":["Mosfiloti","Mosfilotí","Mosphiloti","Μοσφιλωτή"],"latitude":"34.95256","longitude":"33.42511","feature_class":"P","feature_code":"PPL","country_code":"CY","cc2":"","admin1_code":"03","admin2_code":"","admin3_code":"","admin4_code":"","population":"1158","elevation":"","dem":"251","timezone":"Asia/Nicosia","modification_date":"2014-07-08"},{"geonameid":"146286","name":"Mórfou","asciiname":"Morfou","alternatenames":["Guzelkoy","Guzelyurt","Güzelköy","Güzelyurt","Morfou","Morphou","Mórfou","Omorfo","Μόρφου"],"latitude":"35.19869","longitude":"32.99338","feature_class":"P","feature_code":"PPL","country_code":"CY","cc2":"","admin1_code":"04","admin2_code":"","admin3_code":"","admin4_code":"","population":"14833","elevation":"","dem":"48","timezone":"Asia/Nicosia","modification_date":"2014-01-09"},{"geonameid":"146303","name":"Mesógi","asciiname":"Mesogi","alternatenames":["Mesogi","Mesoyi","Mesógi","Μεσόγη"],"latitude":"34.81577","longitude":"32.45542","feature_class":"P","feature_code":"PPL","country_code":"CY","cc2":"","admin1_code":"06","admin2_code":"","admin3_code":"","admin4_code":"","population":"1249","elevation":"","dem":"304","timezone":"Asia/Nicosia","modification_date":"2014-06-04"},{"geonameid":"146311","name":"Meneou","asciiname":"Meneou","alternatenames":["Meneou","Meneu","Menevi"],"latitude":"34.86114","longitude":"33.59516","feature_class":"P","feature_code":"PPL","country_code":"CY","cc2":"","admin1_code":"03","admin2_code":"","admin3_code":"","admin4_code":"","population":"1248","elevation":"","dem":"16","timezone":"Asia/Nicosia","modification_date":"2012-09-06"},{"geonameid":"146347","name":"Mámmari","asciiname":"Mammari","alternatenames":["Mammari","Mámmari","Μάμμαρη","Μάμμαρι"],"latitude":"35.17604","longitude":"33.20435","feature_class":"P","feature_code":"PPL","country_code":"CY","cc2":"","admin1_code":"04","admin2_code":"","admin3_code":"","admin4_code":"","population":"1122","elevation":"","dem":"171","timezone":"Asia/Nicosia","modification_date":"2015-02-05"},{"geonameid":"146358","name":"Lythrodóntas","asciiname":"Lythrodontas","alternatenames":["Litrodonda","Litrodontas","Litronda","Lythrodhonda","Lythrodhondas","Lythrodonda","Lythrodontas","Lythrodóntas","Λυθροδόντας"],"latitude":"34.95105","longitude":"33.29777","feature_class":"P","feature_code":"PPL","country_code":"CY","cc2":"","admin1_code":"04","admin2_code":"","admin3_code":"","admin4_code":"","population":"2736","elevation":"","dem":"417","timezone":"Asia/Nicosia","modification_date":"2014-07-08"},{"geonameid":"146362","name":"Lýmpia","asciiname":"Lympia","alternatenames":["Limbia","Limbya","Limya","Lymbia","Lympia","Lýmpia","Olympia","Λύμπια"],"latitude":"34.99889","longitude":"33.46175","feature_class":"P","feature_code":"PPL","country_code":"CY","cc2":"","admin1_code":"04","admin2_code":"","admin3_code":"","admin4_code":"","population":"2262","elevation":"","dem":"262","timezone":"Asia/Nicosia","modification_date":"2014-07-08"},{"geonameid":"146371","name":"Livádia","asciiname":"Livadia","alternatenames":["Leivadia","Livadhia","Livadia","Livadya","Livatia","Livatya","Livádia","Sazlikoy","Sazlıköy","Λιβάδια"],"latitude":"34.95118","longitude":"33.62658","feature_class":"P","feature_code":"PPL","country_code":"CY","cc2":"","admin1_code":"03","admin2_code":"","admin3_code":"","admin4_code":"","population":"5329","elevation":"","dem":"15","timezone":"Asia/Nicosia","modification_date":"2014-07-08"},{"geonameid":"146375","name":"Liopétri","asciiname":"Liopetri","alternatenames":["Leopetra","Liopetri","Liopétri","Liyopetri","Λιοπέτρι"],"latitude":"35.00885","longitude":"33.89256","feature_class":"P","feature_code":"PPL","country_code":"CY","cc2":"","admin1_code":"01","admin2_code":"","admin3_code":"","admin4_code":"","population":"4005","elevation":"","dem":"44","timezone":"Asia/Nicosia","modification_date":"2014-09-30"},{"geonameid":"146384","name":"Limassol","asciiname":"Limassol","alternatenames":["Gorad Limasol","Lemesos","Lemessus","Lemesós","Leymosun","Limasol","Limasolis","Limasolo","Limassol","Limisso","QLI","li ma suo er","li ma sxl","limasol","limasoli","lymaswl","lymswl","rimasoru","Λεμεσός","Горад Лімасол","Лимасол","Лімасол","לימסול","ليماسول","لیماسول","ลีมาซอล","ლიმასოლი","リマソール","利马索尔","리마솔"],"latitude":"34.68406","longitude":"33.03794","feature_class":"P","feature_code":"PPLA","country_code":"CY","cc2":"","admin1_code":"05","admin2_code":"","admin3_code":"","admin4_code":"","population":"154000","elevation":"","dem":"27","timezone":"Asia/Nicosia","modification_date":"2014-03-05"},{"geonameid":"146386","name":"Leonárisso","asciiname":"Leonarisso","alternatenames":["Leonariso","Leonarisso","Leonárisso","Ziamet","Ziyamet","Λεονάρισσο"],"latitude":"35.46892","longitude":"34.13886","feature_class":"P","feature_code":"PPL","country_code":"CY","cc2":"","admin1_code":"01","admin2_code":"","admin3_code":"","admin4_code":"","population":"1593","elevation":"","dem":"137","timezone":"Asia/Nicosia","modification_date":"2014-05-28"},{"geonameid":"146391","name":"Lefkónoiko","asciiname":"Lefkonoiko","alternatenames":["Aksaray","Gecitkale","Geçitkale","Lefkoniko","Lefkonikon","Lefkonoiko","Lefkonuk","Lefkónoiko","Λευκόνοικο"],"latitude":"35.2598","longitude":"33.73189","feature_class":"P","feature_code":"PPL","country_code":"CY","cc2":"","admin1_code":"01","admin2_code":"","admin3_code":"","admin4_code":"","population":"3187","elevation":"","dem":"62","timezone":"Asia/Nicosia","modification_date":"2014-12-03"},{"geonameid":"146392","name":"Léfka","asciiname":"Lefka","alternatenames":["Lefka","Lefke","Lefke-Karadag","Lefke-Karadağ","Léfka","Λεύκα"],"latitude":"35.11199","longitude":"32.84997","feature_class":"P","feature_code":"PPL","country_code":"CY","cc2":"","admin1_code":"04","admin2_code":"","admin3_code":"","admin4_code":"","population":"7835","elevation":"","dem":"129","timezone":"Asia/Nicosia","modification_date":"2015-04-05"},{"geonameid":"146400","name":"Larnaca","asciiname":"Larnaca","alternatenames":["Chittim","Citium","Kition","Kitium","Kittim","Kozan","LCA","Lapithou","Larnaca","Larnaka","Làrnaca","Lárnaca","Lárnaka","Salina","Salines","la na ka","laleunaka","lar na ka","larnaka","larnka","lrnaka","lrnqh","rarunaka","Λάρνακα","Ларнака","Լարնակա","לרנקה","لارناکا","لارنكا","لرناکا","ลาร์นากา","ལར་ན་ཀ།","ლარნაკა","ラルナカ","拉纳卡","라르나카"],"latitude":"34.92291","longitude":"33.6233","feature_class":"P","feature_code":"PPLA","country_code":"CY","cc2":"","admin1_code":"03","admin2_code":"","admin3_code":"","admin4_code":"","population":"72000","elevation":"","dem":"9","timezone":"Asia/Nicosia","modification_date":"2014-07-08"},{"geonameid":"146403","name":"Lápithos","asciiname":"Lapithos","alternatenames":["Gilderen","Gildirin","Lapithos","Lapitos","Lapta","Lápithos","Lâpta","Λάπηθος"],"latitude":"35.33823","longitude":"33.17368","feature_class":"P","feature_code":"PPL","country_code":"CY","cc2":"","admin1_code":"02","admin2_code":"","admin3_code":"","admin4_code":"","population":"5215","elevation":"","dem":"85","timezone":"Asia/Nicosia","modification_date":"2014-11-05"},{"geonameid":"146412","name":"Kyrenia","asciiname":"Kyrenia","alternatenames":["Girne","Kerineja","Kerinia","Keryneia","Kerynia","Kerínia","Kerýneia","Kirenia","Kirenija","Kyrenia","Kyrinia pa Kypros","Kyrínia på Kypros","Kérynia","ghrnt","kai li ni ya","kayrnya","kilenia","kirenia","kyrynya","qyrnyh","Κερύνεια","Керинеја","Кирения","Кіренія","קירניה","غرنة","کایرنیا","کیرینیا","کیرینیہ","キレニア","凯里尼亚","키레니아"],"latitude":"35.33634","longitude":"33.31729","feature_class":"P","feature_code":"PPLA","country_code":"CY","cc2":"","admin1_code":"02","admin2_code":"","admin3_code":"","admin4_code":"","population":"26701","elevation":"","dem":"20","timezone":"Asia/Nicosia","modification_date":"2014-09-30"},{"geonameid":"146414","name":"Kyperoúnta","asciiname":"Kyperounta","alternatenames":["Ciperunda","Kiperunda","Kyperounda","Kyperounta","Kyperoúnta","Κυπερούντα"],"latitude":"34.93815","longitude":"32.97551","feature_class":"P","feature_code":"PPL","country_code":"CY","cc2":"","admin1_code":"05","admin2_code":"","admin3_code":"","admin4_code":"","population":"1560","elevation":"","dem":"1134","timezone":"Asia/Nicosia","modification_date":"2014-06-04"},{"geonameid":"146438","name":"Kórnos","asciiname":"Kornos","alternatenames":["Khorno","Korno","Kornos","Kórnos","Kόρνος","Κόρνος"],"latitude":"34.92396","longitude":"33.39764","feature_class":"P","feature_code":"PPL","country_code":"CY","cc2":"","admin1_code":"03","admin2_code":"","admin3_code":"","admin4_code":"","population":"1943","elevation":"","dem":"311","timezone":"Asia/Nicosia","modification_date":"2014-07-08"},{"geonameid":"146445","name":"Kofínou","asciiname":"Kofinou","alternatenames":["Bakracli","Bakraçli","Gecitkale","Geçitkale","Kato Kophinou","Kofinou","Kofinu","Kofunye","Kofínou","Kophino","Kophinou","Köfünye","Pano Kophina","Pano Kophinou","Páno Kophína","Κοφίνου"],"latitude":"34.82449","longitude":"33.3913","feature_class":"P","feature_code":"PPL","country_code":"CY","cc2":"","admin1_code":"03","admin2_code":"","admin3_code":"","admin4_code":"","population":"1372","elevation":"","dem":"149","timezone":"Asia/Nicosia","modification_date":"2014-07-08"},{"geonameid":"146451","name":"Kolossi","asciiname":"Kolossi","alternatenames":["Burciu","Burclu","Burçiu","Burçlu","Kolos","Kolossi","Yunus"],"latitude":"34.66865","longitude":"32.93375","feature_class":"P","feature_code":"PPL","country_code":"CY","cc2":"","admin1_code":"03","admin2_code":"","admin3_code":"","admin4_code":"","population":"3846","elevation":"","dem":"54","timezone":"Asia/Nicosia","modification_date":"2012-03-28"},{"geonameid":"146455","name":"Kokkinotrimithiá","asciiname":"Kokkinotrimithia","alternatenames":["Koccinno-Trimitya","Koccinotrimitya","Kocinodrimitya","Kokkini Trimithia","Kokkinotrimithia","Kokkinotrimithiá","Kokkinotrimitya","Koçinodrimitya","Koççinno-Trimitya","Koççinotrimitya","Κοκκινοτριμιθιά"],"latitude":"35.15303","longitude":"33.19966","feature_class":"P","feature_code":"PPL","country_code":"CY","cc2":"","admin1_code":"04","admin2_code":"","admin3_code":"","admin4_code":"","population":"3223","elevation":"","dem":"218","timezone":"Asia/Nicosia","modification_date":"2015-02-05"},{"geonameid":"146461","name":"Klírou","asciiname":"Klirou","alternatenames":["Klirou","Kliru","Klírou","Κλήρου"],"latitude":"35.02004","longitude":"33.17806","feature_class":"P","feature_code":"PPL","country_code":"CY","cc2":"","admin1_code":"04","admin2_code":"","admin3_code":"","admin4_code":"","population":"1623","elevation":"","dem":"451","timezone":"Asia/Nicosia","modification_date":"2015-02-05"},{"geonameid":"146469","name":"Kíti","asciiname":"Kiti","alternatenames":["Cite","Kiti","Kition","Kíti","Çite","Κίτι"],"latitude":"34.84696","longitude":"33.57344","feature_class":"P","feature_code":"PPL","country_code":"CY","cc2":"","admin1_code":"03","admin2_code":"","admin3_code":"","admin4_code":"","population":"3278","elevation":"","dem":"23","timezone":"Asia/Nicosia","modification_date":"2014-07-08"},{"geonameid":"146472","name":"Kissónerga","asciiname":"Kissonerga","alternatenames":["Cisonerga","Kisonerga","Kissonerga","Kissoneros","Kissónerga","Κισσόνεργα"],"latitude":"34.82217","longitude":"32.40191","feature_class":"P","feature_code":"PPL","country_code":"CY","cc2":"","admin1_code":"06","admin2_code":"","admin3_code":"","admin4_code":"","population":"1467","elevation":"","dem":"76","timezone":"Asia/Nicosia","modification_date":"2014-06-04"},{"geonameid":"146490","name":"Chlórakas","asciiname":"Chlorakas","alternatenames":["Chloraka","Chlorakas","Chlórakas","Hiloraka","Hloraka","Khlorakas","Klorakas","Χλώρακας"],"latitude":"34.79768","longitude":"32.41207","feature_class":"P","feature_code":"PPL","country_code":"CY","cc2":"","admin1_code":"06","admin2_code":"","admin3_code":"","admin4_code":"","population":"3619","elevation":"","dem":"90","timezone":"Asia/Nicosia","modification_date":"2014-06-04"},{"geonameid":"146515","name":"Káto Pýrgos","asciiname":"Kato Pyrgos","alternatenames":["Asagi Pirgo","Aşağı Pirgo","Kato Pirgo","Kato Pyrgos","Káto Pýrgos","Κάτω Πύργος"],"latitude":"35.17897","longitude":"32.686","feature_class":"P","feature_code":"PPL","country_code":"CY","cc2":"","admin1_code":"04","admin2_code":"","admin3_code":"","admin4_code":"","population":"1170","elevation":"","dem":"25","timezone":"Asia/Nicosia","modification_date":"2015-02-05"},{"geonameid":"146529","name":"Káto Defterá","asciiname":"Kato Deftera","alternatenames":["Asagi Deftera","Aşağı Deftera","Deftera","Dheftera","Kato Deftera","Kato Dheftera","Káto Defterá","Κάτω Δευτερά"],"latitude":"35.08489","longitude":"33.27558","feature_class":"P","feature_code":"PPL","country_code":"CY","cc2":"","admin1_code":"04","admin2_code":"","admin3_code":"","admin4_code":"","population":"1706","elevation":"","dem":"277","timezone":"Asia/Nicosia","modification_date":"2015-04-08"},{"geonameid":"146582","name":"Kakopetriá","asciiname":"Kakopetria","alternatenames":["Kakopetria","Kakopetriya","Kakopetriá","Κακοπετριά"],"latitude":"34.98768","longitude":"32.90468","feature_class":"P","feature_code":"PPL","country_code":"CY","cc2":"","admin1_code":"04","admin2_code":"","admin3_code":"","admin4_code":"","population":"1255","elevation":"","dem":"694","timezone":"Asia/Nicosia","modification_date":"2014-06-04"},{"geonameid":"146617","name":"Famagusta","asciiname":"Famagusta","alternatenames":["Ammochostos","Ammochostus","Ammokhostos","Ammóchostos","Ammókhostos","Amokhostos","Famagosta","Famagouste","Famagusta","Gazi Magosa","Gazimagusa","Gazimağusa","Magosa","Magusa","Mağusa","fa ma gu si ta","famaghwsta","famagusuta","famagwsta","pamaguseuta","pmgwsth","Αμμόχωστος","Амохостос","Фамагуста","פמגוסטה","فاماغوستا","فاماگوستا","ファマグスタ","法马古斯塔","파마구스타"],"latitude":"35.12054","longitude":"33.93894","feature_class":"P","feature_code":"PPLA","country_code":"CY","cc2":"","admin1_code":"01","admin2_code":"","admin3_code":"","admin4_code":"","population":"42526","elevation":"","dem":"14","timezone":"Asia/Nicosia","modification_date":"2014-09-30"},{"geonameid":"146628","name":"Erími","asciiname":"Erimi","alternatenames":["Erimi","Erími","Ερήμη"],"latitude":"34.67766","longitude":"32.91815","feature_class":"P","feature_code":"PPL","country_code":"CY","cc2":"","admin1_code":"05","admin2_code":"","admin3_code":"","admin4_code":"","population":"1493","elevation":"","dem":"77","timezone":"Asia/Nicosia","modification_date":"2014-03-05"},{"geonameid":"146639","name":"Émpa","asciiname":"Empa","alternatenames":["Emba","Empa","Émpa","Έμπα"],"latitude":"34.80765","longitude":"32.42402","feature_class":"P","feature_code":"PPL","country_code":"CY","cc2":"","admin1_code":"06","admin2_code":"","admin3_code":"","admin4_code":"","population":"4519","elevation":"","dem":"139","timezone":"Asia/Nicosia","modification_date":"2014-06-04"},{"geonameid":"146654","name":"Dhromolaxia","asciiname":"Dhromolaxia","alternatenames":["Dromolaksia","Dromolaxia","Mor Menekshe","Mormenekse","Mormenekşe"],"latitude":"34.87551","longitude":"33.58684","feature_class":"P","feature_code":"PPL","country_code":"CY","cc2":"","admin1_code":"03","admin2_code":"","admin3_code":"","admin4_code":"","population":"5240","elevation":"","dem":"31","timezone":"Asia/Nicosia","modification_date":"2008-11-10"},{"geonameid":"146661","name":"Derýneia","asciiname":"Deryneia","alternatenames":["Derinia","Derinkoy","Derinköy","Derinya","Deryneia","Derynia","Derýneia","Dherinia","Δερύνεια"],"latitude":"35.06484","longitude":"33.96083","feature_class":"P","feature_code":"PPL","country_code":"CY","cc2":"","admin1_code":"01","admin2_code":"","admin3_code":"","admin4_code":"","population":"5161","elevation":"","dem":"67","timezone":"Asia/Nicosia","modification_date":"2014-09-30"},{"geonameid":"146666","name":"Dáli","asciiname":"Dali","alternatenames":["Dali","Dhali","Dáli","Idalion","Δάλι"],"latitude":"35.02294","longitude":"33.42195","feature_class":"P","feature_code":"PPL","country_code":"CY","cc2":"","admin1_code":"04","admin2_code":"","admin3_code":"","admin4_code":"","population":"6085","elevation":"","dem":"222","timezone":"Asia/Nicosia","modification_date":"2015-04-08"},{"geonameid":"146692","name":"Ágios Týchon","asciiname":"Agios Tychon","alternatenames":["Agios Tychon","Ayandihona","Ayios Tihonos","Ayios Tykhonas","Ayithona","Ágios Týchon","Άγιος Τύχων"],"latitude":"34.72606","longitude":"33.13872","feature_class":"P","feature_code":"PPL","country_code":"CY","cc2":"","admin1_code":"03","admin2_code":"","admin3_code":"","admin4_code":"","population":"2204","elevation":"","dem":"96","timezone":"Asia/Nicosia","modification_date":"2014-03-05"},{"geonameid":"146748","name":"Ayia Napa","asciiname":"Ayia Napa","alternatenames":["Agia Napa","Agija Napa","Ajja-Napa","Aya Napa","Ayia Napa","Aynapa","QNP","Агия Напа","Айя-Напа","איה נאפה"],"latitude":"34.98213","longitude":"34.00183","feature_class":"P","feature_code":"PPL","country_code":"CY","cc2":"","admin1_code":"01","admin2_code":"","admin3_code":"","admin4_code":"","population":"2798","elevation":"","dem":"4","timezone":"Asia/Nicosia","modification_date":"2014-07-15"},{"geonameid":"146761","name":"Avgórou","asciiname":"Avgorou","alternatenames":["Avgora","Avgoro","Avgorou","Avgoru","Avgórou","Αυγόρου"],"latitude":"35.03615","longitude":"33.83918","feature_class":"P","feature_code":"PPL","country_code":"CY","cc2":"","admin1_code":"01","admin2_code":"","admin3_code":"","admin4_code":"","population":"4177","elevation":"","dem":"41","timezone":"Asia/Nicosia","modification_date":"2014-09-30"},{"geonameid":"146767","name":"Áchna","asciiname":"Achna","alternatenames":["Achna","Ahna","Akhna","Athna","Duzce","Düzce","Áchna","Άχνα"],"latitude":"35.05515","longitude":"33.78388","feature_class":"P","feature_code":"PPL","country_code":"CY","cc2":"","admin1_code":"01","admin2_code":"","admin3_code":"","admin4_code":"","population":"2043","elevation":"","dem":"50","timezone":"Asia/Nicosia","modification_date":"2014-09-30"},{"geonameid":"146768","name":"Athíenou","asciiname":"Athienou","alternatenames":["Athiaenou","Athienou","Athiænou","Athíenou","Atienu","Atiyenu","Kiracikoy","Kiracıköy","Αθίενου"],"latitude":"35.0618","longitude":"33.54156","feature_class":"P","feature_code":"PPL","country_code":"CY","cc2":"","admin1_code":"03","admin2_code":"","admin3_code":"","admin4_code":"","population":"4444","elevation":"","dem":"146","timezone":"Asia/Nicosia","modification_date":"2015-03-08"},{"geonameid":"146770","name":"Astromerítis","asciiname":"Astromeritis","alternatenames":["Astromerit","Astromeriti","Astromeritia","Astromeritis","Astromerítis","Αστρομερίτης"],"latitude":"35.14096","longitude":"33.03793","feature_class":"P","feature_code":"PPL","country_code":"CY","cc2":"","admin1_code":"04","admin2_code":"","admin3_code":"","admin4_code":"","population":"2463","elevation":"","dem":"158","timezone":"Asia/Nicosia","modification_date":"2015-02-05"},{"geonameid":"146791","name":"Ergátes","asciiname":"Ergates","alternatenames":["Argadez","Argataes","Argates","Argatoes","Argatœs","Argátaes","Ergates","Ergátes","Εργάτες"],"latitude":"35.05365","longitude":"33.24292","feature_class":"P","feature_code":"PPL","country_code":"CY","cc2":"","admin1_code":"04","admin2_code":"","admin3_code":"","admin4_code":"","population":"1656","elevation":"","dem":"336","timezone":"Asia/Nicosia","modification_date":"2015-02-05"},{"geonameid":"146796","name":"Aradíppou","asciiname":"Aradippou","alternatenames":["Aradhippou","Aradip","Aradippou","Aradippu","Aradíppou","Αραδίππου"],"latitude":"34.95151","longitude":"33.59199","feature_class":"P","feature_code":"PPL","country_code":"CY","cc2":"","admin1_code":"03","admin2_code":"","admin3_code":"","admin4_code":"","population":"13349","elevation":"","dem":"53","timezone":"Asia/Nicosia","modification_date":"2014-07-08"},{"geonameid":"146797","name":"Aredioú","asciiname":"Arediou","alternatenames":["Aradhiou","Aradiou","Aradyu","Aratyu","Aredhiou","Arediou","Aredioú","Arediu","Aredyu","Αρεδιού"],"latitude":"35.04844","longitude":"33.1961","feature_class":"P","feature_code":"PPL","country_code":"CY","cc2":"","admin1_code":"04","admin2_code":"","admin3_code":"","admin4_code":"","population":"1129","elevation":"","dem":"362","timezone":"Asia/Nicosia","modification_date":"2015-02-05"},{"geonameid":"146834","name":"Alámpra","asciiname":"Alampra","alternatenames":["Alambra","Alampra","Alámpra","Αλάμπρα"],"latitude":"34.98898","longitude":"33.39887","feature_class":"P","feature_code":"PPL","country_code":"CY","cc2":"","admin1_code":"04","admin2_code":"","admin3_code":"","admin4_code":"","population":"1192","elevation":"","dem":"249","timezone":"Asia/Nicosia","modification_date":"2014-07-08"},{"geonameid":"146842","name":"Acherítou","asciiname":"Acheritou","alternatenames":["Acheritou","Acherítou","Agratur","Aharida","Aharitu","Ahiritu","Akhyritou","Aseritu","Ağratur","Aşeritu","Guvercinlik","Güvercinlik","Kouverjinlik","Αχερίτου"],"latitude":"35.10022","longitude":"33.86155","feature_class":"P","feature_code":"PPL","country_code":"CY","cc2":"","admin1_code":"01","admin2_code":"","admin3_code":"","admin4_code":"","population":"1721","elevation":"","dem":"23","timezone":"Asia/Nicosia","modification_date":"2014-09-30"},{"geonameid":"146850","name":"Akáki","asciiname":"Akaki","alternatenames":["Akaca","Akacha","Akaki","Akácha","Akáki","Ακάκι"],"latitude":"35.13341","longitude":"33.12873","feature_class":"P","feature_code":"PPL","country_code":"CY","cc2":"","admin1_code":"04","admin2_code":"","admin3_code":"","admin4_code":"","population":"2769","elevation":"","dem":"207","timezone":"Asia/Nicosia","modification_date":"2015-02-05"},{"geonameid":"414384","name":"Méniko","asciiname":"Meniko","alternatenames":["Meniko","Menikon","Méniko","Μένικο"],"latitude":"35.10945","longitude":"33.14474","feature_class":"P","feature_code":"PPL","country_code":"CY","cc2":"","admin1_code":"04","admin2_code":"","admin3_code":"","admin4_code":"","population":"1023","elevation":"","dem":"248","timezone":"Asia/Nicosia","modification_date":"2015-02-07"},{"geonameid":"18918","name":"Protaras","asciiname":"Protaras","alternatenames":["Protaras","Протарас"],"latitude":"35.0125","longitude":"34.05833","feature_class":"P","feature_code":"PPL","country_code":"CY","cc2":"","admin1_code":"01","admin2_code":"","admin3_code":"","admin4_code":"","population":"20230","elevation":"","dem":"9","timezone":"Asia/Nicosia","modification_date":"2014-07-16"},{"geonameid":"145952","name":"Ýpsonas","asciiname":"Ypsonas","alternatenames":["Ipsona","Ipsonas","Ypsonas","Ýpsonas","İpsona","Ύψωνας"],"latitude":"34.68797","longitude":"32.96191","feature_class":"P","feature_code":"PPL","country_code":"CY","cc2":"","admin1_code":"05","admin2_code":"","admin3_code":"","admin4_code":"","population":"7348","elevation":"","dem":"91","timezone":"Asia/Nicosia","modification_date":"2014-03-05"},{"geonameid":"145964","name":"Géri","asciiname":"Geri","alternatenames":["Geri","Géri","Yeri","Γέρι","Гери"],"latitude":"35.1056","longitude":"33.41977","feature_class":"P","feature_code":"PPL","country_code":"CY","cc2":"","admin1_code":"04","admin2_code":"","admin3_code":"","admin4_code":"","population":"7639","elevation":"","dem":"159","timezone":"Asia/Nicosia","modification_date":"2015-04-08"},{"geonameid":"145981","name":"Tséri","asciiname":"Tseri","alternatenames":["Bilen","Seri","Tseri","Tséri","Xeri","Τσέρι"],"latitude":"35.07307","longitude":"33.32344","feature_class":"P","feature_code":"PPL","country_code":"CY","cc2":"","admin1_code":"04","admin2_code":"","admin3_code":"","admin4_code":"","population":"5498","elevation":"","dem":"271","timezone":"Asia/Nicosia","modification_date":"2015-04-08"},{"geonameid":"146105","name":"Rizokárpaso","asciiname":"Rizokarpaso","alternatenames":["Dipkarpas","Dipkarpaz","Dipkurpaz","Rizokarpaso","Rizokarpason","Rizokarpasso","Rizokárpaso","Ριζοκάρπασο"],"latitude":"35.59719","longitude":"34.37916","feature_class":"P","feature_code":"PPL","country_code":"CY","cc2":"","admin1_code":"01","admin2_code":"","admin3_code":"","admin4_code":"","population":"5215","elevation":"","dem":"133","timezone":"Asia/Nicosia","modification_date":"2014-03-05"},{"geonameid":"146189","name":"Pérgamos","asciiname":"Pergamos","alternatenames":["Beyarmudu","Pergama","Pergamos","Pérgamos","Πέργαμος","Пергамос"],"latitude":"35.04167","longitude":"33.70833","feature_class":"P","feature_code":"PPL","country_code":"CY","cc2":"","admin1_code":"03","admin2_code":"","admin3_code":"","admin4_code":"","population":"15000","elevation":"","dem":"85","timezone":"Asia/Nicosia","modification_date":"2015-03-08"},{"geonameid":"146209","name":"Paralímni","asciiname":"Paralimni","alternatenames":["Paralim","Paralimni","Paralímni","Παραλίμνι"],"latitude":"35.03945","longitude":"33.98181","feature_class":"P","feature_code":"PPL","country_code":"CY","cc2":"","admin1_code":"01","admin2_code":"","admin3_code":"","admin4_code":"","population":"11836","elevation":"","dem":"81","timezone":"Asia/Nicosia","modification_date":"2014-09-30"},{"geonameid":"146214","name":"Paphos","asciiname":"Paphos","alternatenames":["Baf","Gazibaf","Nea Pafos","Nea Paphos","Néa Páfos","PFO","Pafo","Pafos","Paphos","Páfos","Πάφος","Παφος","Пафос"],"latitude":"34.77679","longitude":"32.42451","feature_class":"P","feature_code":"PPLA","country_code":"CY","cc2":"","admin1_code":"06","admin2_code":"","admin3_code":"","admin4_code":"","population":"35961","elevation":"","dem":"81","timezone":"Asia/Nicosia","modification_date":"2014-06-04"},{"geonameid":"146268","name":"Nicosia","asciiname":"Nicosia","alternatenames":["An Leafcois","An Leafcóis","Arqa Nikosiya","Gorad Nikasija","Lefkosa","Lefkosha","Lefkosia","Lefkosian","Lefkosía","Lefkoşa","Levkozija","NIC","Nekoseje","Nicosea","Nicosia","Nicosia (Lefkosia)","Nicosia - Leukosia","Nicosia - Λευκωσία","Nicosie","Nicoséa","Nicosìa","Nicusia","Nicusìa","Nicòsia","Nicósia","Nikosi","Nikosia","Nikosie","Nikosii","Nikosij","Nikosija","Nikosiya","Nikozi","Nikozia","Nikozija","Nikozio","Nikozja","Nikósie","Nikósía","Nikózia","Nėkosėjė","ni ke xi ya","ni kho seiy","nikkociya","nikoshia","nikosi'a","nikosia","nikosiya","nikozia","nykwsya","nykwzya","nyqwsya","nyqwsyh","Λευκωσία","Λευκωσίαν","Горад Нікасія","Левкозија","Лефкоша","Никозия","Никозија","Никоси","Никосий","Никосия","Нікосія","Նիկոսիա","ניקאסיע","ניקוסיה","نىكوسىيە","نيقوسيا","نيكوسيا","نیکوزیا","نیکوسیا","نیکۆسیا","निकोसिया","নিকোসিয়া","ਨਿਕੋਸੀਆ","ନିକୋସିଆ","நிக்கோசியா","ನಿಕೋಸಿಯ","นิโคเซีย","ནེ་ཁོ་ཤི་ཡ།","ნიქოზია","ሌፍኮዚያ","ニコシア","尼科西亚","尼科西亞","니코시아"],"latitude":"35.17531","longitude":"33.3642","feature_class":"P","feature_code":"PPLC","country_code":"CY","cc2":"","admin1_code":"04","admin2_code":"","admin3_code":"","admin4_code":"","population":"200452","elevation":"","dem":"147","timezone":"Asia/Nicosia","modification_date":"2015-04-08"},{"geonameid":"146286","name":"Mórfou","asciiname":"Morfou","alternatenames":["Guzelkoy","Guzelyurt","Güzelköy","Güzelyurt","Morfou","Morphou","Mórfou","Omorfo","Μόρφου"],"latitude":"35.19869","longitude":"32.99338","feature_class":"P","feature_code":"PPL","country_code":"CY","cc2":"","admin1_code":"04","admin2_code":"","admin3_code":"","admin4_code":"","population":"14833","elevation":"","dem":"48","timezone":"Asia/Nicosia","modification_date":"2014-01-09"},{"geonameid":"146371","name":"Livádia","asciiname":"Livadia","alternatenames":["Leivadia","Livadhia","Livadia","Livadya","Livatia","Livatya","Livádia","Sazlikoy","Sazlıköy","Λιβάδια"],"latitude":"34.95118","longitude":"33.62658","feature_class":"P","feature_code":"PPL","country_code":"CY","cc2":"","admin1_code":"03","admin2_code":"","admin3_code":"","admin4_code":"","population":"5329","elevation":"","dem":"15","timezone":"Asia/Nicosia","modification_date":"2014-07-08"},{"geonameid":"146384","name":"Limassol","asciiname":"Limassol","alternatenames":["Gorad Limasol","Lemesos","Lemessus","Lemesós","Leymosun","Limasol","Limasolis","Limasolo","Limassol","Limisso","QLI","li ma suo er","li ma sxl","limasol","limasoli","lymaswl","lymswl","rimasoru","Λεμεσός","Горад Лімасол","Лимасол","Лімасол","לימסול","ليماسول","لیماسول","ลีมาซอล","ლიმასოლი","リマソール","利马索尔","리마솔"],"latitude":"34.68406","longitude":"33.03794","feature_class":"P","feature_code":"PPLA","country_code":"CY","cc2":"","admin1_code":"05","admin2_code":"","admin3_code":"","admin4_code":"","population":"154000","elevation":"","dem":"27","timezone":"Asia/Nicosia","modification_date":"2014-03-05"},{"geonameid":"146392","name":"Léfka","asciiname":"Lefka","alternatenames":["Lefka","Lefke","Lefke-Karadag","Lefke-Karadağ","Léfka","Λεύκα"],"latitude":"35.11199","longitude":"32.84997","feature_class":"P","feature_code":"PPL","country_code":"CY","cc2":"","admin1_code":"04","admin2_code":"","admin3_code":"","admin4_code":"","population":"7835","elevation":"","dem":"129","timezone":"Asia/Nicosia","modification_date":"2015-04-05"},{"geonameid":"146400","name":"Larnaca","asciiname":"Larnaca","alternatenames":["Chittim","Citium","Kition","Kitium","Kittim","Kozan","LCA","Lapithou","Larnaca","Larnaka","Làrnaca","Lárnaca","Lárnaka","Salina","Salines","la na ka","laleunaka","lar na ka","larnaka","larnka","lrnaka","lrnqh","rarunaka","Λάρνακα","Ларнака","Լարնակա","לרנקה","لارناکا","لارنكا","لرناکا","ลาร์นากา","ལར་ན་ཀ།","ლარნაკა","ラルナカ","拉纳卡","라르나카"],"latitude":"34.92291","longitude":"33.6233","feature_class":"P","feature_code":"PPLA","country_code":"CY","cc2":"","admin1_code":"03","admin2_code":"","admin3_code":"","admin4_code":"","population":"72000","elevation":"","dem":"9","timezone":"Asia/Nicosia","modification_date":"2014-07-08"},{"geonameid":"146403","name":"Lápithos","asciiname":"Lapithos","alternatenames":["Gilderen","Gildirin","Lapithos","Lapitos","Lapta","Lápithos","Lâpta","Λάπηθος"],"latitude":"35.33823","longitude":"33.17368","feature_class":"P","feature_code":"PPL","country_code":"CY","cc2":"","admin1_code":"02","admin2_code":"","admin3_code":"","admin4_code":"","population":"5215","elevation":"","dem":"85","timezone":"Asia/Nicosia","modification_date":"2014-11-05"},{"geonameid":"146412","name":"Kyrenia","asciiname":"Kyrenia","alternatenames":["Girne","Kerineja","Kerinia","Keryneia","Kerynia","Kerínia","Kerýneia","Kirenia","Kirenija","Kyrenia","Kyrinia pa Kypros","Kyrínia på Kypros","Kérynia","ghrnt","kai li ni ya","kayrnya","kilenia","kirenia","kyrynya","qyrnyh","Κερύνεια","Керинеја","Кирения","Кіренія","קירניה","غرنة","کایرنیا","کیرینیا","کیرینیہ","キレニア","凯里尼亚","키레니아"],"latitude":"35.33634","longitude":"33.31729","feature_class":"P","feature_code":"PPLA","country_code":"CY","cc2":"","admin1_code":"02","admin2_code":"","admin3_code":"","admin4_code":"","population":"26701","elevation":"","dem":"20","timezone":"Asia/Nicosia","modification_date":"2014-09-30"},{"geonameid":"146617","name":"Famagusta","asciiname":"Famagusta","alternatenames":["Ammochostos","Ammochostus","Ammokhostos","Ammóchostos","Ammókhostos","Amokhostos","Famagosta","Famagouste","Famagusta","Gazi Magosa","Gazimagusa","Gazimağusa","Magosa","Magusa","Mağusa","fa ma gu si ta","famaghwsta","famagusuta","famagwsta","pamaguseuta","pmgwsth","Αμμόχωστος","Амохостос","Фамагуста","פמגוסטה","فاماغوستا","فاماگوستا","ファマグスタ","法马古斯塔","파마구스타"],"latitude":"35.12054","longitude":"33.93894","feature_class":"P","feature_code":"PPLA","country_code":"CY","cc2":"","admin1_code":"01","admin2_code":"","admin3_code":"","admin4_code":"","population":"42526","elevation":"","dem":"14","timezone":"Asia/Nicosia","modification_date":"2014-09-30"},{"geonameid":"146654","name":"Dhromolaxia","asciiname":"Dhromolaxia","alternatenames":["Dromolaksia","Dromolaxia","Mor Menekshe","Mormenekse","Mormenekşe"],"latitude":"34.87551","longitude":"33.58684","feature_class":"P","feature_code":"PPL","country_code":"CY","cc2":"","admin1_code":"03","admin2_code":"","admin3_code":"","admin4_code":"","population":"5240","elevation":"","dem":"31","timezone":"Asia/Nicosia","modification_date":"2008-11-10"},{"geonameid":"146661","name":"Derýneia","asciiname":"Deryneia","alternatenames":["Derinia","Derinkoy","Derinköy","Derinya","Deryneia","Derynia","Derýneia","Dherinia","Δερύνεια"],"latitude":"35.06484","longitude":"33.96083","feature_class":"P","feature_code":"PPL","country_code":"CY","cc2":"","admin1_code":"01","admin2_code":"","admin3_code":"","admin4_code":"","population":"5161","elevation":"","dem":"67","timezone":"Asia/Nicosia","modification_date":"2014-09-30"},{"geonameid":"146666","name":"Dáli","asciiname":"Dali","alternatenames":["Dali","Dhali","Dáli","Idalion","Δάλι"],"latitude":"35.02294","longitude":"33.42195","feature_class":"P","feature_code":"PPL","country_code":"CY","cc2":"","admin1_code":"04","admin2_code":"","admin3_code":"","admin4_code":"","population":"6085","elevation":"","dem":"222","timezone":"Asia/Nicosia","modification_date":"2015-04-08"},{"geonameid":"146796","name":"Aradíppou","asciiname":"Aradippou","alternatenames":["Aradhippou","Aradip","Aradippou","Aradippu","Aradíppou","Αραδίππου"],"latitude":"34.95151","longitude":"33.59199","feature_class":"P","feature_code":"PPL","country_code":"CY","cc2":"","admin1_code":"03","admin2_code":"","admin3_code":"","admin4_code":"","population":"13349","elevation":"","dem":"53","timezone":"Asia/Nicosia","modification_date":"2014-07-08"},{"geonameid":"18918","name":"Protaras","asciiname":"Protaras","alternatenames":["Protaras","Протарас"],"latitude":"35.0125","longitude":"34.05833","feature_class":"P","feature_code":"PPL","country_code":"CY","cc2":"","admin1_code":"01","admin2_code":"","admin3_code":"","admin4_code":"","population":"20230","elevation":"","dem":"9","timezone":"Asia/Nicosia","modification_date":"2014-07-16"},{"geonameid":"146214","name":"Paphos","asciiname":"Paphos","alternatenames":["Baf","Gazibaf","Nea Pafos","Nea Paphos","Néa Páfos","PFO","Pafo","Pafos","Paphos","Páfos","Πάφος","Παφος","Пафос"],"latitude":"34.77679","longitude":"32.42451","feature_class":"P","feature_code":"PPLA","country_code":"CY","cc2":"","admin1_code":"06","admin2_code":"","admin3_code":"","admin4_code":"","population":"35961","elevation":"","dem":"81","timezone":"Asia/Nicosia","modification_date":"2014-06-04"},{"geonameid":"146268","name":"Nicosia","asciiname":"Nicosia","alternatenames":["An Leafcois","An Leafcóis","Arqa Nikosiya","Gorad Nikasija","Lefkosa","Lefkosha","Lefkosia","Lefkosian","Lefkosía","Lefkoşa","Levkozija","NIC","Nekoseje","Nicosea","Nicosia","Nicosia (Lefkosia)","Nicosia - Leukosia","Nicosia - Λευκωσία","Nicosie","Nicoséa","Nicosìa","Nicusia","Nicusìa","Nicòsia","Nicósia","Nikosi","Nikosia","Nikosie","Nikosii","Nikosij","Nikosija","Nikosiya","Nikozi","Nikozia","Nikozija","Nikozio","Nikozja","Nikósie","Nikósía","Nikózia","Nėkosėjė","ni ke xi ya","ni kho seiy","nikkociya","nikoshia","nikosi'a","nikosia","nikosiya","nikozia","nykwsya","nykwzya","nyqwsya","nyqwsyh","Λευκωσία","Λευκωσίαν","Горад Нікасія","Левкозија","Лефкоша","Никозия","Никозија","Никоси","Никосий","Никосия","Нікосія","Նիկոսիա","ניקאסיע","ניקוסיה","نىكوسىيە","نيقوسيا","نيكوسيا","نیکوزیا","نیکوسیا","نیکۆسیا","निकोसिया","নিকোসিয়া","ਨਿਕੋਸੀਆ","ନିକୋସିଆ","நிக்கோசியா","ನಿಕೋಸಿಯ","นิโคเซีย","ནེ་ཁོ་ཤི་ཡ།","ნიქოზია","ሌፍኮዚያ","ニコシア","尼科西亚","尼科西亞","니코시아"],"latitude":"35.17531","longitude":"33.3642","feature_class":"P","feature_code":"PPLC","country_code":"CY","cc2":"","admin1_code":"04","admin2_code":"","admin3_code":"","admin4_code":"","population":"200452","elevation":"","dem":"147","timezone":"Asia/Nicosia","modification_date":"2015-04-08"},{"geonameid":"146384","name":"Limassol","asciiname":"Limassol","alternatenames":["Gorad Limasol","Lemesos","Lemessus","Lemesós","Leymosun","Limasol","Limasolis","Limasolo","Limassol","Limisso","QLI","li ma suo er","li ma sxl","limasol","limasoli","lymaswl","lymswl","rimasoru","Λεμεσός","Горад Лімасол","Лимасол","Лімасол","לימסול","ليماسول","لیماسول","ลีมาซอล","ლიმასოლი","リマソール","利马索尔","리마솔"],"latitude":"34.68406","longitude":"33.03794","feature_class":"P","feature_code":"PPLA","country_code":"CY","cc2":"","admin1_code":"05","admin2_code":"","admin3_code":"","admin4_code":"","population":"154000","elevation":"","dem":"27","timezone":"Asia/Nicosia","modification_date":"2014-03-05"},{"geonameid":"146400","name":"Larnaca","asciiname":"Larnaca","alternatenames":["Chittim","Citium","Kition","Kitium","Kittim","Kozan","LCA","Lapithou","Larnaca","Larnaka","Làrnaca","Lárnaca","Lárnaka","Salina","Salines","la na ka","laleunaka","lar na ka","larnaka","larnka","lrnaka","lrnqh","rarunaka","Λάρνακα","Ларнака","Լարնակա","לרנקה","لارناکا","لارنكا","لرناکا","ลาร์นากา","ལར་ན་ཀ།","ლარნაკა","ラルナカ","拉纳卡","라르나카"],"latitude":"34.92291","longitude":"33.6233","feature_class":"P","feature_code":"PPLA","country_code":"CY","cc2":"","admin1_code":"03","admin2_code":"","admin3_code":"","admin4_code":"","population":"72000","elevation":"","dem":"9","timezone":"Asia/Nicosia","modification_date":"2014-07-08"},{"geonameid":"146412","name":"Kyrenia","asciiname":"Kyrenia","alternatenames":["Girne","Kerineja","Kerinia","Keryneia","Kerynia","Kerínia","Kerýneia","Kirenia","Kirenija","Kyrenia","Kyrinia pa Kypros","Kyrínia på Kypros","Kérynia","ghrnt","kai li ni ya","kayrnya","kilenia","kirenia","kyrynya","qyrnyh","Κερύνεια","Керинеја","Кирения","Кіренія","קירניה","غرنة","کایرنیا","کیرینیا","کیرینیہ","キレニア","凯里尼亚","키레니아"],"latitude":"35.33634","longitude":"33.31729","feature_class":"P","feature_code":"PPLA","country_code":"CY","cc2":"","admin1_code":"02","admin2_code":"","admin3_code":"","admin4_code":"","population":"26701","elevation":"","dem":"20","timezone":"Asia/Nicosia","modification_date":"2014-09-30"},{"geonameid":"146617","name":"Famagusta","asciiname":"Famagusta","alternatenames":["Ammochostos","Ammochostus","Ammokhostos","Ammóchostos","Ammókhostos","Amokhostos","Famagosta","Famagouste","Famagusta","Gazi Magosa","Gazimagusa","Gazimağusa","Magosa","Magusa","Mağusa","fa ma gu si ta","famaghwsta","famagusuta","famagwsta","pamaguseuta","pmgwsth","Αμμόχωστος","Амохостос","Фамагуста","פמגוסטה","فاماغوستا","فاماگوستا","ファマグスタ","法马古斯塔","파마구스타"],"latitude":"35.12054","longitude":"33.93894","feature_class":"P","feature_code":"PPLA","country_code":"CY","cc2":"","admin1_code":"01","admin2_code":"","admin3_code":"","admin4_code":"","population":"42526","elevation":"","dem":"14","timezone":"Asia/Nicosia","modification_date":"2014-09-30"}]}