{"country_data":{"ISO":"CD","ISO3":"COD","ISO_Numeric":"180","fips":"CG","country":"Democratic Republic of the Congo","capital":"Kinshasa","area":"2345410","Population":"70916439","Continent":"AF","tld":".cd","CurrencyCode":"CDF","CurrencyName":"Franc","Phone":"243","Postal_Code_Format":"","Postal_Code_Regex":"","Languages":"fr-CD,ln,kg","geonameid":"203312","neighbours":"TZ,CF,SS,RW,ZM,BI,UG,CG,AO","EquivalentFipsCode":""},"cities":[{"geonameid":"203717","name":"Yangambi","asciiname":"Yangambi","alternatenames":["YAN"],"latitude":"0.76755","longitude":"24.43973","feature_class":"P","feature_code":"PPL","country_code":"CD","cc2":"","admin1_code":"09","admin2_code":"39","admin3_code":"148","admin4_code":"","population":"35531","elevation":"","dem":"459","timezone":"Africa/Lubumbashi","modification_date":"2015-03-31"},{"geonameid":"204283","name":"Watsa","asciiname":"Watsa","alternatenames":["Watsa"],"latitude":"3.03716","longitude":"29.53551","feature_class":"P","feature_code":"PPL","country_code":"CD","cc2":"","admin1_code":"09","admin2_code":"","admin3_code":"","admin4_code":"","population":"24516","elevation":"","dem":"1018","timezone":"Africa/Lubumbashi","modification_date":"2012-02-02"},{"geonameid":"204318","name":"Wamba","asciiname":"Wamba","alternatenames":["Wamba"],"latitude":"2.14838","longitude":"27.99466","feature_class":"P","feature_code":"PPL","country_code":"CD","cc2":"","admin1_code":"09","admin2_code":"","admin3_code":"","admin4_code":"","population":"17373","elevation":"","dem":"796","timezone":"Africa/Lubumbashi","modification_date":"2012-02-02"},{"geonameid":"204405","name":"Uvira","asciiname":"Uvira","alternatenames":["Uvinza","Uvira","Увира"],"latitude":"-3.39534","longitude":"29.13779","feature_class":"P","feature_code":"PPL","country_code":"CD","cc2":"","admin1_code":"12","admin2_code":"","admin3_code":"","admin4_code":"","population":"170391","elevation":"","dem":"806","timezone":"Africa/Lubumbashi","modification_date":"2012-12-05"},{"geonameid":"204953","name":"Tshikapa","asciiname":"Tshikapa","alternatenames":["Chikapa","TSH","Tshikapa","Чикапа"],"latitude":"-6.41621","longitude":"20.79995","feature_class":"P","feature_code":"PPL","country_code":"CD","cc2":"","admin1_code":"03","admin2_code":"","admin3_code":"","admin4_code":"","population":"267462","elevation":"","dem":"484","timezone":"Africa/Lubumbashi","modification_date":"2012-05-31"},{"geonameid":"205970","name":"Sake","asciiname":"Sake","alternatenames":["Sake"],"latitude":"-1.57386","longitude":"29.04339","feature_class":"P","feature_code":"PPL","country_code":"CD","cc2":"","admin1_code":"11","admin2_code":"","admin3_code":"","admin4_code":"","population":"17151","elevation":"","dem":"1468","timezone":"Africa/Lubumbashi","modification_date":"2012-12-05"},{"geonameid":"207570","name":"Mwene-Ditu","asciiname":"Mwene-Ditu","alternatenames":["Mvene-Ditu","Mwene-Ditu","Мвене-Диту"],"latitude":"-7.00906","longitude":"23.45278","feature_class":"P","feature_code":"PPL","country_code":"CD","cc2":"","admin1_code":"04","admin2_code":"","admin3_code":"","admin4_code":"","population":"189177","elevation":"","dem":"970","timezone":"Africa/Lubumbashi","modification_date":"2013-04-03"},{"geonameid":"207596","name":"Mweka","asciiname":"Mweka","alternatenames":["MEW","Mueka","Mveka","Mweka","Мвека"],"latitude":"-4.85187","longitude":"21.5595","feature_class":"P","feature_code":"PPL","country_code":"CD","cc2":"","admin1_code":"03","admin2_code":"","admin3_code":"","admin4_code":"","population":"50675","elevation":"","dem":"591","timezone":"Africa/Lubumbashi","modification_date":"2012-04-05"},{"geonameid":"209228","name":"Mbuji-Mayi","asciiname":"Mbuji-Mayi","alternatenames":["Bakwanga","MJM","Mbuji-Mayi","Mbuy Mayi","Mbuzhi-Maji","Мбужи-Майи"],"latitude":"-6.13603","longitude":"23.58979","feature_class":"P","feature_code":"PPLA","country_code":"CD","cc2":"","admin1_code":"04","admin2_code":"","admin3_code":"","admin4_code":"","population":"874761","elevation":"","dem":"621","timezone":"Africa/Lubumbashi","modification_date":"2012-06-11"},{"geonameid":"210379","name":"Lusambo","asciiname":"Lusambo","alternatenames":["LBO","Lusambo","Luzambo","Лусамбо"],"latitude":"-4.97503","longitude":"23.44391","feature_class":"P","feature_code":"PPL","country_code":"CD","cc2":"","admin1_code":"04","admin2_code":"","admin3_code":"","admin4_code":"","population":"41416","elevation":"","dem":"432","timezone":"Africa/Lubumbashi","modification_date":"2012-04-05"},{"geonameid":"210939","name":"Luebo","asciiname":"Luebo","alternatenames":["Luebo"],"latitude":"-5.35218","longitude":"21.42192","feature_class":"P","feature_code":"PPL","country_code":"CD","cc2":"","admin1_code":"03","admin2_code":"","admin3_code":"","admin4_code":"","population":"35183","elevation":"","dem":"498","timezone":"Africa/Lubumbashi","modification_date":"2012-05-05"},{"geonameid":"211098","name":"Lubao","asciiname":"Lubao","alternatenames":["Lubao","Senteri","Sentery","Sentiry"],"latitude":"-5.38771","longitude":"25.74885","feature_class":"P","feature_code":"PPL","country_code":"CD","cc2":"","admin1_code":"04","admin2_code":"","admin3_code":"","admin4_code":"","population":"43068","elevation":"","dem":"694","timezone":"Africa/Lubumbashi","modification_date":"2012-06-05"},{"geonameid":"211647","name":"Lodja","asciiname":"Lodja","alternatenames":["LJA","Lodja","Lodzh","Loja","Лодж"],"latitude":"-3.52105","longitude":"23.6005","feature_class":"P","feature_code":"PPL","country_code":"CD","cc2":"","admin1_code":"04","admin2_code":"","admin3_code":"","admin4_code":"","population":"68244","elevation":"","dem":"478","timezone":"Africa/Lubumbashi","modification_date":"2013-10-06"},{"geonameid":"211734","name":"Lisala","asciiname":"Lisala","alternatenames":["LIQ","Lisala","Lisale","Lizala","Лисале"],"latitude":"2.15127","longitude":"21.51672","feature_class":"P","feature_code":"PPL","country_code":"CD","cc2":"","admin1_code":"02","admin2_code":"","admin3_code":"","admin4_code":"","population":"70087","elevation":"","dem":"418","timezone":"Africa/Kinshasa","modification_date":"2012-05-31"},{"geonameid":"212360","name":"Kongolo","asciiname":"Kongolo","alternatenames":["KOO","Kangolo","Kongolo","Конголо"],"latitude":"-5.38532","longitude":"27.00029","feature_class":"P","feature_code":"PPL","country_code":"CD","cc2":"","admin1_code":"05","admin2_code":"","admin3_code":"","admin4_code":"","population":"31943","elevation":"","dem":"562","timezone":"Africa/Lubumbashi","modification_date":"2013-06-09"},{"geonameid":"212730","name":"Kisangani","asciiname":"Kisangani","alternatenames":["FKI","Kisan'nkani","Kisangani","Kisanganis","Kisangáni","Singitini","Stanleystad","Stanleyville","ji sang jia ni","kisang-gani","kisangani","Κισανγκάνι","Кисангани","Кісангані","Կիսանգանի","キサンガニ","基桑加尼","키상가니"],"latitude":"0.51528","longitude":"25.19099","feature_class":"P","feature_code":"PPLA","country_code":"CD","cc2":"","admin1_code":"09","admin2_code":"","admin3_code":"","admin4_code":"","population":"539158","elevation":"","dem":"400","timezone":"Africa/Lubumbashi","modification_date":"2012-05-05"},{"geonameid":"212902","name":"Kindu","asciiname":"Kindu","alternatenames":["KND","Kindu","Kindu-Port-Empain","Port de Kindu","Port-Empain","jin du","kindo~u","kindu","Кинду","キンドゥ","金杜","킨두"],"latitude":"-2.94373","longitude":"25.92237","feature_class":"P","feature_code":"PPLA","country_code":"CD","cc2":"","admin1_code":"10","admin2_code":"","admin3_code":"","admin4_code":"","population":"135698","elevation":"","dem":"464","timezone":"Africa/Lubumbashi","modification_date":"2013-02-08"},{"geonameid":"213940","name":"Kasongo","asciiname":"Kasongo","alternatenames":["Kasongo","Kazongo","Tongoni","Tongoni Kapaya","Касонго"],"latitude":"-4.42741","longitude":"26.66656","feature_class":"P","feature_code":"PPL","country_code":"CD","cc2":"","admin1_code":"10","admin2_code":"","admin3_code":"","admin4_code":"","population":"55118","elevation":"","dem":"640","timezone":"Africa/Lubumbashi","modification_date":"2012-04-05"},{"geonameid":"214481","name":"Kananga","asciiname":"Kananga","alternatenames":["KGA","Kananga","Kanange","Lulua","Luluabourg","ka nan jia","kanang-ga","kananga","kanangha","Кананга","Կանանգա","كانانغا","カナンガ","卡南加","카낭가"],"latitude":"-5.89624","longitude":"22.41659","feature_class":"P","feature_code":"PPLA","country_code":"CD","cc2":"","admin1_code":"03","admin2_code":"","admin3_code":"","admin4_code":"","population":"463546","elevation":"","dem":"643","timezone":"Africa/Lubumbashi","modification_date":"2012-06-05"},{"geonameid":"214575","name":"Kampene","asciiname":"Kampene","alternatenames":[""],"latitude":"-3.59678","longitude":"26.66715","feature_class":"P","feature_code":"PPL","country_code":"CD","cc2":"","admin1_code":"10","admin2_code":"","admin3_code":"","admin4_code":"","population":"37034","elevation":"","dem":"652","timezone":"Africa/Lubumbashi","modification_date":"2012-12-05"},{"geonameid":"214614","name":"Kamina","asciiname":"Kamina","alternatenames":["Kamina","Kaminy","Камины"],"latitude":"-8.73508","longitude":"24.99798","feature_class":"P","feature_code":"PPL","country_code":"CD","cc2":"","admin1_code":"05","admin2_code":"","admin3_code":"","admin4_code":"","population":"73557","elevation":"","dem":"1124","timezone":"Africa/Lubumbashi","modification_date":"2015-02-06"},{"geonameid":"214974","name":"Kalemie","asciiname":"Kalemie","alternatenames":["Albertstad","Albertville","FMI","Kalemi","Kalemie","Kalemije","Kalemijė","ka lai mi","kallemi","karemi","Калеми","Калемие","カレミ","卡萊米","칼레미"],"latitude":"-5.94749","longitude":"29.19471","feature_class":"P","feature_code":"PPL","country_code":"CD","cc2":"","admin1_code":"05","admin2_code":"","admin3_code":"","admin4_code":"","population":"146974","elevation":"","dem":"787","timezone":"Africa/Lubumbashi","modification_date":"2008-07-25"},{"geonameid":"215527","name":"Kabinda","asciiname":"Kabinda","alternatenames":["KBN","Kabinda"],"latitude":"-6.13791","longitude":"24.48179","feature_class":"P","feature_code":"PPL","country_code":"CD","cc2":"","admin1_code":"04","admin2_code":"","admin3_code":"","admin4_code":"","population":"59004","elevation":"","dem":"884","timezone":"Africa/Lubumbashi","modification_date":"2013-06-09"},{"geonameid":"215605","name":"Kabare","asciiname":"Kabare","alternatenames":[""],"latitude":"-2.49682","longitude":"28.79081","feature_class":"P","feature_code":"PPL","country_code":"CD","cc2":"","admin1_code":"12","admin2_code":"","admin3_code":"","admin4_code":"","population":"37034","elevation":"","dem":"1996","timezone":"Africa/Lubumbashi","modification_date":"2012-12-05"},{"geonameid":"215668","name":"Kabalo","asciiname":"Kabalo","alternatenames":["KBO","Kabalo"],"latitude":"-6.05255","longitude":"26.9143","feature_class":"P","feature_code":"PPL","country_code":"CD","cc2":"","admin1_code":"05","admin2_code":"37","admin3_code":"","admin4_code":"","population":"29833","elevation":"","dem":"560","timezone":"Africa/Lubumbashi","modification_date":"2015-02-06"},{"geonameid":"215771","name":"Isiro","asciiname":"Isiro","alternatenames":["IRP","Isirio","Isiro","Paulis","Исиро"],"latitude":"2.77391","longitude":"27.61603","feature_class":"P","feature_code":"PPL","country_code":"CD","cc2":"","admin1_code":"09","admin2_code":"","admin3_code":"","admin4_code":"","population":"127076","elevation":"","dem":"761","timezone":"Africa/Lubumbashi","modification_date":"2012-01-18"},{"geonameid":"215976","name":"Ilebo","asciiname":"Ilebo","alternatenames":["Franqui","Ilebo","Port-Francqui","Илебо"],"latitude":"-4.33111","longitude":"20.58638","feature_class":"P","feature_code":"PPL","country_code":"CD","cc2":"","admin1_code":"03","admin2_code":"","admin3_code":"","admin4_code":"","population":"107093","elevation":"","dem":"440","timezone":"Africa/Lubumbashi","modification_date":"2013-01-10"},{"geonameid":"216281","name":"Goma","asciiname":"Goma","alternatenames":["GOM","Goma","Ngoma","Nkoma","ge ma","ghwma","goma","Γκόμα","Гома","غوما","ゴマ","戈马","고마"],"latitude":"-1.67409","longitude":"29.22845","feature_class":"P","feature_code":"PPLA","country_code":"CD","cc2":"","admin1_code":"11","admin2_code":"","admin3_code":"","admin4_code":"","population":"144124","elevation":"","dem":"1518","timezone":"Africa/Lubumbashi","modification_date":"2012-12-05"},{"geonameid":"216404","name":"Gbadolite","asciiname":"Gbadolite","alternatenames":["BDT","Bado","Badolite","Gbadolite","Гбадолите"],"latitude":"4.279","longitude":"21.00284","feature_class":"P","feature_code":"PPL","country_code":"CD","cc2":"","admin1_code":"02","admin2_code":"","admin3_code":"","admin4_code":"","population":"50493","elevation":"","dem":"416","timezone":"Africa/Kinshasa","modification_date":"2012-04-05"},{"geonameid":"216449","name":"Gandajika","asciiname":"Gandajika","alternatenames":["GDJ","Gandajika"],"latitude":"-6.74504","longitude":"23.95328","feature_class":"P","feature_code":"PPL","country_code":"CD","cc2":"","admin1_code":"04","admin2_code":"","admin3_code":"","admin4_code":"","population":"154425","elevation":"","dem":"802","timezone":"Africa/Lubumbashi","modification_date":"2015-01-07"},{"geonameid":"217389","name":"Demba","asciiname":"Demba","alternatenames":["Demba"],"latitude":"-5.49573","longitude":"22.26962","feature_class":"P","feature_code":"PPL","country_code":"CD","cc2":"","admin1_code":"03","admin2_code":"","admin3_code":"","admin4_code":"","population":"22263","elevation":"","dem":"632","timezone":"Africa/Lubumbashi","modification_date":"2012-06-05"},{"geonameid":"217562","name":"Butembo","asciiname":"Butembo","alternatenames":["Butembo","RUE","Бутембо"],"latitude":"0.14164","longitude":"29.29117","feature_class":"P","feature_code":"PPLA3","country_code":"CD","cc2":"","admin1_code":"11","admin2_code":"33","admin3_code":"287","admin4_code":"","population":"154621","elevation":"","dem":"1736","timezone":"Africa/Lubumbashi","modification_date":"2013-01-02"},{"geonameid":"217570","name":"Buta","asciiname":"Buta","alternatenames":["But","Buta","Бут"],"latitude":"2.78582","longitude":"24.72997","feature_class":"P","feature_code":"PPL","country_code":"CD","cc2":"","admin1_code":"09","admin2_code":"","admin3_code":"","admin4_code":"","population":"50130","elevation":"","dem":"402","timezone":"Africa/Lubumbashi","modification_date":"2012-01-18"},{"geonameid":"217637","name":"Businga","asciiname":"Businga","alternatenames":["Businga"],"latitude":"3.33863","longitude":"20.88577","feature_class":"P","feature_code":"PPL","country_code":"CD","cc2":"","admin1_code":"02","admin2_code":"","admin3_code":"","admin4_code":"","population":"28919","elevation":"","dem":"362","timezone":"Africa/Kinshasa","modification_date":"2012-04-05"},{"geonameid":"217695","name":"Bunia","asciiname":"Bunia","alternatenames":["BUX","Bunia","Буниа"],"latitude":"1.55941","longitude":"30.25224","feature_class":"P","feature_code":"PPL","country_code":"CD","cc2":"","admin1_code":"09","admin2_code":"","admin3_code":"","admin4_code":"","population":"96764","elevation":"","dem":"1265","timezone":"Africa/Lubumbashi","modification_date":"2012-05-05"},{"geonameid":"217745","name":"Bumba","asciiname":"Bumba","alternatenames":["BMB","Bumba","Бумба"],"latitude":"2.18771","longitude":"22.46827","feature_class":"P","feature_code":"PPL","country_code":"CD","cc2":"","admin1_code":"02","admin2_code":"","admin3_code":"","admin4_code":"","population":"95520","elevation":"","dem":"362","timezone":"Africa/Kinshasa","modification_date":"2012-05-05"},{"geonameid":"217831","name":"Bukavu","asciiname":"Bukavu","alternatenames":["BKY","Bukavu","Costermansstad","Costermansville","Букаву"],"latitude":"-2.49077","longitude":"28.84281","feature_class":"P","feature_code":"PPLA","country_code":"CD","cc2":"","admin1_code":"12","admin2_code":"","admin3_code":"","admin4_code":"","population":"225389","elevation":"","dem":"1631","timezone":"Africa/Lubumbashi","modification_date":"2015-05-25"},{"geonameid":"217834","name":"Bukama","asciiname":"Bukama","alternatenames":["Bukama"],"latitude":"-9.20443","longitude":"25.85475","feature_class":"P","feature_code":"PPL","country_code":"CD","cc2":"","admin1_code":"05","admin2_code":"","admin3_code":"","admin4_code":"","population":"38770","elevation":"","dem":"578","timezone":"Africa/Lubumbashi","modification_date":"2015-02-06"},{"geonameid":"218229","name":"Bongandanga","asciiname":"Bongandanga","alternatenames":["Bongandanga"],"latitude":"1.50695","longitude":"21.0726","feature_class":"P","feature_code":"PPL","country_code":"CD","cc2":"","admin1_code":"02","admin2_code":"","admin3_code":"","admin4_code":"","population":"4105","elevation":"","dem":"389","timezone":"Africa/Kinshasa","modification_date":"2012-04-05"},{"geonameid":"218253","name":"Bondo","asciiname":"Bondo","alternatenames":["Bondo"],"latitude":"3.81461","longitude":"23.68665","feature_class":"P","feature_code":"PPL","country_code":"CD","cc2":"","admin1_code":"09","admin2_code":"","admin3_code":"","admin4_code":"","population":"17860","elevation":"","dem":"494","timezone":"Africa/Lubumbashi","modification_date":"2012-02-02"},{"geonameid":"218680","name":"Boende","asciiname":"Boende","alternatenames":["BNB","Boende"],"latitude":"-0.28163","longitude":"20.88053","feature_class":"P","feature_code":"PPL","country_code":"CD","cc2":"","admin1_code":"02","admin2_code":"","admin3_code":"","admin4_code":"","population":"32091","elevation":"","dem":"349","timezone":"Africa/Kinshasa","modification_date":"2013-04-21"},{"geonameid":"219057","name":"Beni","asciiname":"Beni","alternatenames":["BNC","Beni","Бени"],"latitude":"0.49113","longitude":"29.47306","feature_class":"P","feature_code":"PPL","country_code":"CD","cc2":"","admin1_code":"11","admin2_code":"","admin3_code":"","admin4_code":"","population":"89648","elevation":"","dem":"1161","timezone":"Africa/Lubumbashi","modification_date":"2012-06-05"},{"geonameid":"219414","name":"Basoko","asciiname":"Basoko","alternatenames":["Basoko"],"latitude":"1.23909","longitude":"23.61598","feature_class":"P","feature_code":"PPL","country_code":"CD","cc2":"","admin1_code":"09","admin2_code":"","admin3_code":"","admin4_code":"","population":"43709","elevation":"","dem":"375","timezone":"Africa/Lubumbashi","modification_date":"2012-01-18"},{"geonameid":"220448","name":"Aketi","asciiname":"Aketi","alternatenames":["Aketi","Port Chaltin"],"latitude":"2.73877","longitude":"23.78326","feature_class":"P","feature_code":"PPL","country_code":"CD","cc2":"","admin1_code":"09","admin2_code":"","admin3_code":"","admin4_code":"","population":"35161","elevation":"","dem":"380","timezone":"Africa/Lubumbashi","modification_date":"2012-01-18"},{"geonameid":"922704","name":"Lubumbashi","asciiname":"Lubumbashi","alternatenames":["E'ville","Elisabethville","Elizabethstad","Elizabethville","E’ville","FBM","Gorad Lubumbashy","Lubumbashi","Lubumbasi","Lubumbasis","Lubumbaši","Lubumbašis","Lumumbashi","lu ben ba xi","lubumabasi","lubumbasi","lubumbasi si","lwbwmbashy","rubunbashi","Élisabethville","Горад Лубумбашы","Лубумбаши","Лубумбаші","לובומבאשי","لوبومباشي","ਲੂਬੁਮਬਾਸ਼ੀ","ルブンバシ","盧本巴希","루붐바시","루붐바시 시"],"latitude":"-11.66089","longitude":"27.47938","feature_class":"P","feature_code":"PPLA","country_code":"CD","cc2":"","admin1_code":"05","admin2_code":"","admin3_code":"","admin4_code":"","population":"1373770","elevation":"","dem":"1260","timezone":"Africa/Lubumbashi","modification_date":"2012-03-07"},{"geonameid":"922741","name":"Likasi","asciiname":"Likasi","alternatenames":["Jadotsville","Jadotville","Likasi","Ликаси"],"latitude":"-10.98303","longitude":"26.7384","feature_class":"P","feature_code":"PPL","country_code":"CD","cc2":"","admin1_code":"05","admin2_code":"","admin3_code":"","admin4_code":"","population":"422414","elevation":"","dem":"1288","timezone":"Africa/Lubumbashi","modification_date":"2015-04-08"},{"geonameid":"922773","name":"Kolwezi","asciiname":"Kolwezi","alternatenames":["KWZ","Kolvezi","Kolwezi","Колвези"],"latitude":"-10.71484","longitude":"25.46674","feature_class":"P","feature_code":"PPL","country_code":"CD","cc2":"","admin1_code":"05","admin2_code":"","admin3_code":"","admin4_code":"","population":"418000","elevation":"","dem":"1485","timezone":"Africa/Lubumbashi","modification_date":"2011-10-27"},{"geonameid":"922806","name":"Kipushi","asciiname":"Kipushi","alternatenames":["Kipushi","Кипуши"],"latitude":"-11.76097","longitude":"27.25135","feature_class":"P","feature_code":"PPL","country_code":"CD","cc2":"","admin1_code":"05","admin2_code":"","admin3_code":"","admin4_code":"","population":"62332","elevation":"","dem":"1348","timezone":"Africa/Lubumbashi","modification_date":"2015-04-08"},{"geonameid":"923058","name":"Kambove","asciiname":"Kambove","alternatenames":["Kambove"],"latitude":"-10.87352","longitude":"26.59746","feature_class":"P","feature_code":"PPL","country_code":"CD","cc2":"","admin1_code":"05","admin2_code":"","admin3_code":"","admin4_code":"","population":"36702","elevation":"","dem":"1386","timezone":"Africa/Lubumbashi","modification_date":"2015-04-08"},{"geonameid":"2311127","name":"Tshela","asciiname":"Tshela","alternatenames":["Tshela"],"latitude":"-4.99707","longitude":"12.9484","feature_class":"P","feature_code":"PPL","country_code":"CD","cc2":"","admin1_code":"08","admin2_code":"","admin3_code":"","admin4_code":"","population":"38845","elevation":"","dem":"163","timezone":"Africa/Kinshasa","modification_date":"2013-01-10"},{"geonameid":"2311968","name":"Nioki","asciiname":"Nioki","alternatenames":["NIO","Nioki"],"latitude":"-2.72037","longitude":"17.69001","feature_class":"P","feature_code":"PPL","country_code":"CD","cc2":"","admin1_code":"01","admin2_code":"","admin3_code":"","admin4_code":"","population":"40695","elevation":"","dem":"326","timezone":"Africa/Kinshasa","modification_date":"2012-12-05"},{"geonameid":"2312249","name":"Mushie","asciiname":"Mushie","alternatenames":[""],"latitude":"-3.01728","longitude":"16.92238","feature_class":"P","feature_code":"PPL","country_code":"CD","cc2":"","admin1_code":"01","admin2_code":"","admin3_code":"","admin4_code":"","population":"33062","elevation":"","dem":"325","timezone":"Africa/Kinshasa","modification_date":"2012-12-05"},{"geonameid":"2312888","name":"Mbanza-Ngungu","asciiname":"Mbanza-Ngungu","alternatenames":["Mbanza-Ngungu","Thystad","Thysville","Мбанза-Нгунгу"],"latitude":"-5.25837","longitude":"14.85838","feature_class":"P","feature_code":"PPL","country_code":"CD","cc2":"","admin1_code":"08","admin2_code":"","admin3_code":"","admin4_code":"","population":"86356","elevation":"","dem":"735","timezone":"Africa/Kinshasa","modification_date":"2012-06-05"},{"geonameid":"2312895","name":"Mbandaka","asciiname":"Mbandaka","alternatenames":["Bandaka","Cocquilhatville","Coquilhalville","Coquilhatstad","Coquilhatville","MDK","Mbandaka","Mbándáká","Wangata","eumbandaka","mu ban da ka","mubandaka","Мбандака","ムバンダカ","姆班达卡","음반다카"],"latitude":"0.04865","longitude":"18.26034","feature_class":"P","feature_code":"PPLA","country_code":"CD","cc2":"","admin1_code":"02","admin2_code":"","admin3_code":"","admin4_code":"","population":"184185","elevation":"","dem":"315","timezone":"Africa/Kinshasa","modification_date":"2015-05-31"},{"geonameid":"2313002","name":"Matadi","asciiname":"Matadi","alternatenames":["MAT","Matadi","Matidi","matadi","Матади","מאטדי","マタディ"],"latitude":"-5.79949","longitude":"13.44068","feature_class":"P","feature_code":"PPLA","country_code":"CD","cc2":"","admin1_code":"08","admin2_code":"","admin3_code":"","admin4_code":"","population":"180109","elevation":"","dem":"342","timezone":"Africa/Kinshasa","modification_date":"2012-04-05"},{"geonameid":"2313084","name":"Mangai","asciiname":"Mangai","alternatenames":["Mangai"],"latitude":"-4.02328","longitude":"19.53385","feature_class":"P","feature_code":"PPL","country_code":"CD","cc2":"","admin1_code":"01","admin2_code":"","admin3_code":"","admin4_code":"","population":"37188","elevation":"","dem":"342","timezone":"Africa/Kinshasa","modification_date":"2013-01-10"},{"geonameid":"2313371","name":"Lukolela","asciiname":"Lukolela","alternatenames":[""],"latitude":"-1.06046","longitude":"17.1821","feature_class":"P","feature_code":"PPL","country_code":"CD","cc2":"","admin1_code":"02","admin2_code":"","admin3_code":"","admin4_code":"","population":"15000","elevation":"","dem":"316","timezone":"Africa/Kinshasa","modification_date":"2013-06-07"},{"geonameid":"2313762","name":"Libenge","asciiname":"Libenge","alternatenames":["LIE","Libenge"],"latitude":"3.65332","longitude":"18.63566","feature_class":"P","feature_code":"PPL","country_code":"CD","cc2":"","admin1_code":"02","admin2_code":"","admin3_code":"","admin4_code":"","population":"27053","elevation":"","dem":"358","timezone":"Africa/Kinshasa","modification_date":"2012-05-05"},{"geonameid":"2314302","name":"Kinshasa","asciiname":"Kinshasa","alternatenames":["FIH","Gorad Kinshasa","Kinchasa","Kinsasa","Kinsaso","Kinshasa","Kinshase","Kinsjasa","Kinszasa","Kinsásá","Kinŝaso","Kinşasa","Kinšasa","Kînşasa","Leopoldstad","Leopoldville","Léopoldville","jin sha sa","jin xia sha","kin cha sa","kinasasa","kinsaca","kinsasa","kinshasa","kinsyasa","knshasa","kynshasa","Κινσάσα","Горад Кіншаса","Киншаса","Киншасе","Кіншаса","Կինշասա","קינשאזע","קינשאסה","كينشاسا","کنشاسا","کنشاسہ","کینشاسا","किन्शासा","ਕਿਨਸ਼ਾਸਾ","கின்ஷாசா","കിൻഷസ","กินชาซา","ཀིན་ཤ་ས།","ကင်ရှာဆာမြို့","კინშასა","ኪንሻሳ","キンシャサ","金夏沙","金沙薩","킨샤사"],"latitude":"-4.32758","longitude":"15.31357","feature_class":"P","feature_code":"PPLC","country_code":"CD","cc2":"","admin1_code":"06","admin2_code":"","admin3_code":"","admin4_code":"","population":"7785965","elevation":"","dem":"281","timezone":"Africa/Kinshasa","modification_date":"2014-02-10"},{"geonameid":"2314705","name":"Kikwit","asciiname":"Kikwit","alternatenames":["Kikvite","Kikwit","Kitwit","Киквите"],"latitude":"-5.04098","longitude":"18.81619","feature_class":"P","feature_code":"PPL","country_code":"CD","cc2":"","admin1_code":"01","admin2_code":"","admin3_code":"","admin4_code":"","population":"186991","elevation":"","dem":"466","timezone":"Africa/Kinshasa","modification_date":"2011-05-12"},{"geonameid":"2315026","name":"Kasongo-Lunda","asciiname":"Kasongo-Lunda","alternatenames":["KGN","Kasongo-Lunda"],"latitude":"-6.47833","longitude":"16.81735","feature_class":"P","feature_code":"PPL","country_code":"CD","cc2":"","admin1_code":"01","admin2_code":"","admin3_code":"","admin4_code":"","population":"20060","elevation":"","dem":"534","timezone":"Africa/Kinshasa","modification_date":"2012-06-05"},{"geonameid":"2315057","name":"Kasangulu","asciiname":"Kasangulu","alternatenames":["Kasangulu"],"latitude":"-4.5833","longitude":"15.16554","feature_class":"P","feature_code":"PPL","country_code":"CD","cc2":"","admin1_code":"08","admin2_code":"","admin3_code":"","admin4_code":"","population":"27961","elevation":"","dem":"413","timezone":"Africa/Kinshasa","modification_date":"2015-02-06"},{"geonameid":"2315417","name":"Inongo","asciiname":"Inongo","alternatenames":["INO","Inongo"],"latitude":"-1.9275","longitude":"18.2881","feature_class":"P","feature_code":"PPL","country_code":"CD","cc2":"","admin1_code":"01","admin2_code":"","admin3_code":"","admin4_code":"","population":"40113","elevation":"","dem":"318","timezone":"Africa/Kinshasa","modification_date":"2012-12-05"},{"geonameid":"2315728","name":"Gemena","asciiname":"Gemena","alternatenames":["GMA","Gemena","Gemene","Гемене"],"latitude":"3.25651","longitude":"19.77234","feature_class":"P","feature_code":"PPL","country_code":"CD","cc2":"","admin1_code":"02","admin2_code":"","admin3_code":"","admin4_code":"","population":"117639","elevation":"","dem":"420","timezone":"Africa/Kinshasa","modification_date":"2012-04-05"},{"geonameid":"2316259","name":"Bulungu","asciiname":"Bulungu","alternatenames":["Bulungu"],"latitude":"-4.54437","longitude":"18.60364","feature_class":"P","feature_code":"PPL","country_code":"CD","cc2":"","admin1_code":"01","admin2_code":"","admin3_code":"","admin4_code":"","population":"48344","elevation":"","dem":"400","timezone":"Africa/Kinshasa","modification_date":"2013-01-10"},{"geonameid":"2316473","name":"Bosobolo","asciiname":"Bosobolo","alternatenames":["Bosobolo"],"latitude":"4.1898","longitude":"19.8833","feature_class":"P","feature_code":"PPL","country_code":"CD","cc2":"","admin1_code":"02","admin2_code":"","admin3_code":"","admin4_code":"","population":"14553","elevation":"","dem":"442","timezone":"Africa/Kinshasa","modification_date":"2012-04-05"},{"geonameid":"2316748","name":"Bolobo","asciiname":"Bolobo","alternatenames":["Bolobo"],"latitude":"-2.158","longitude":"16.23249","feature_class":"P","feature_code":"PPL","country_code":"CD","cc2":"","admin1_code":"01","admin2_code":"","admin3_code":"","admin4_code":"","population":"27862","elevation":"","dem":"321","timezone":"Africa/Kinshasa","modification_date":"2012-12-05"},{"geonameid":"2317397","name":"Bandundu","asciiname":"Bandundu","alternatenames":["Bandundu","Banningville","FDU","Бандунду"],"latitude":"-3.31687","longitude":"17.38063","feature_class":"P","feature_code":"PPLA","country_code":"CD","cc2":"","admin1_code":"01","admin2_code":"","admin3_code":"","admin4_code":"","population":"118211","elevation":"","dem":"322","timezone":"Africa/Kinshasa","modification_date":"2012-12-05"},{"geonameid":"2593460","name":"Masina","asciiname":"Masina","alternatenames":[""],"latitude":"-4.38361","longitude":"15.39139","feature_class":"P","feature_code":"PPL","country_code":"CD","cc2":"","admin1_code":"06","admin2_code":"","admin3_code":"","admin4_code":"","population":"485167","elevation":"","dem":"288","timezone":"Africa/Kinshasa","modification_date":"2007-05-31"},{"geonameid":"203717","name":"Yangambi","asciiname":"Yangambi","alternatenames":["YAN"],"latitude":"0.76755","longitude":"24.43973","feature_class":"P","feature_code":"PPL","country_code":"CD","cc2":"","admin1_code":"09","admin2_code":"39","admin3_code":"148","admin4_code":"","population":"35531","elevation":"","dem":"459","timezone":"Africa/Lubumbashi","modification_date":"2015-03-31"},{"geonameid":"204283","name":"Watsa","asciiname":"Watsa","alternatenames":["Watsa"],"latitude":"3.03716","longitude":"29.53551","feature_class":"P","feature_code":"PPL","country_code":"CD","cc2":"","admin1_code":"09","admin2_code":"","admin3_code":"","admin4_code":"","population":"24516","elevation":"","dem":"1018","timezone":"Africa/Lubumbashi","modification_date":"2012-02-02"},{"geonameid":"204318","name":"Wamba","asciiname":"Wamba","alternatenames":["Wamba"],"latitude":"2.14838","longitude":"27.99466","feature_class":"P","feature_code":"PPL","country_code":"CD","cc2":"","admin1_code":"09","admin2_code":"","admin3_code":"","admin4_code":"","population":"17373","elevation":"","dem":"796","timezone":"Africa/Lubumbashi","modification_date":"2012-02-02"},{"geonameid":"204405","name":"Uvira","asciiname":"Uvira","alternatenames":["Uvinza","Uvira","Увира"],"latitude":"-3.39534","longitude":"29.13779","feature_class":"P","feature_code":"PPL","country_code":"CD","cc2":"","admin1_code":"12","admin2_code":"","admin3_code":"","admin4_code":"","population":"170391","elevation":"","dem":"806","timezone":"Africa/Lubumbashi","modification_date":"2012-12-05"},{"geonameid":"204953","name":"Tshikapa","asciiname":"Tshikapa","alternatenames":["Chikapa","TSH","Tshikapa","Чикапа"],"latitude":"-6.41621","longitude":"20.79995","feature_class":"P","feature_code":"PPL","country_code":"CD","cc2":"","admin1_code":"03","admin2_code":"","admin3_code":"","admin4_code":"","population":"267462","elevation":"","dem":"484","timezone":"Africa/Lubumbashi","modification_date":"2012-05-31"},{"geonameid":"205970","name":"Sake","asciiname":"Sake","alternatenames":["Sake"],"latitude":"-1.57386","longitude":"29.04339","feature_class":"P","feature_code":"PPL","country_code":"CD","cc2":"","admin1_code":"11","admin2_code":"","admin3_code":"","admin4_code":"","population":"17151","elevation":"","dem":"1468","timezone":"Africa/Lubumbashi","modification_date":"2012-12-05"},{"geonameid":"207570","name":"Mwene-Ditu","asciiname":"Mwene-Ditu","alternatenames":["Mvene-Ditu","Mwene-Ditu","Мвене-Диту"],"latitude":"-7.00906","longitude":"23.45278","feature_class":"P","feature_code":"PPL","country_code":"CD","cc2":"","admin1_code":"04","admin2_code":"","admin3_code":"","admin4_code":"","population":"189177","elevation":"","dem":"970","timezone":"Africa/Lubumbashi","modification_date":"2013-04-03"},{"geonameid":"207596","name":"Mweka","asciiname":"Mweka","alternatenames":["MEW","Mueka","Mveka","Mweka","Мвека"],"latitude":"-4.85187","longitude":"21.5595","feature_class":"P","feature_code":"PPL","country_code":"CD","cc2":"","admin1_code":"03","admin2_code":"","admin3_code":"","admin4_code":"","population":"50675","elevation":"","dem":"591","timezone":"Africa/Lubumbashi","modification_date":"2012-04-05"},{"geonameid":"209228","name":"Mbuji-Mayi","asciiname":"Mbuji-Mayi","alternatenames":["Bakwanga","MJM","Mbuji-Mayi","Mbuy Mayi","Mbuzhi-Maji","Мбужи-Майи"],"latitude":"-6.13603","longitude":"23.58979","feature_class":"P","feature_code":"PPLA","country_code":"CD","cc2":"","admin1_code":"04","admin2_code":"","admin3_code":"","admin4_code":"","population":"874761","elevation":"","dem":"621","timezone":"Africa/Lubumbashi","modification_date":"2012-06-11"},{"geonameid":"210379","name":"Lusambo","asciiname":"Lusambo","alternatenames":["LBO","Lusambo","Luzambo","Лусамбо"],"latitude":"-4.97503","longitude":"23.44391","feature_class":"P","feature_code":"PPL","country_code":"CD","cc2":"","admin1_code":"04","admin2_code":"","admin3_code":"","admin4_code":"","population":"41416","elevation":"","dem":"432","timezone":"Africa/Lubumbashi","modification_date":"2012-04-05"},{"geonameid":"210939","name":"Luebo","asciiname":"Luebo","alternatenames":["Luebo"],"latitude":"-5.35218","longitude":"21.42192","feature_class":"P","feature_code":"PPL","country_code":"CD","cc2":"","admin1_code":"03","admin2_code":"","admin3_code":"","admin4_code":"","population":"35183","elevation":"","dem":"498","timezone":"Africa/Lubumbashi","modification_date":"2012-05-05"},{"geonameid":"211098","name":"Lubao","asciiname":"Lubao","alternatenames":["Lubao","Senteri","Sentery","Sentiry"],"latitude":"-5.38771","longitude":"25.74885","feature_class":"P","feature_code":"PPL","country_code":"CD","cc2":"","admin1_code":"04","admin2_code":"","admin3_code":"","admin4_code":"","population":"43068","elevation":"","dem":"694","timezone":"Africa/Lubumbashi","modification_date":"2012-06-05"},{"geonameid":"211647","name":"Lodja","asciiname":"Lodja","alternatenames":["LJA","Lodja","Lodzh","Loja","Лодж"],"latitude":"-3.52105","longitude":"23.6005","feature_class":"P","feature_code":"PPL","country_code":"CD","cc2":"","admin1_code":"04","admin2_code":"","admin3_code":"","admin4_code":"","population":"68244","elevation":"","dem":"478","timezone":"Africa/Lubumbashi","modification_date":"2013-10-06"},{"geonameid":"211734","name":"Lisala","asciiname":"Lisala","alternatenames":["LIQ","Lisala","Lisale","Lizala","Лисале"],"latitude":"2.15127","longitude":"21.51672","feature_class":"P","feature_code":"PPL","country_code":"CD","cc2":"","admin1_code":"02","admin2_code":"","admin3_code":"","admin4_code":"","population":"70087","elevation":"","dem":"418","timezone":"Africa/Kinshasa","modification_date":"2012-05-31"},{"geonameid":"212360","name":"Kongolo","asciiname":"Kongolo","alternatenames":["KOO","Kangolo","Kongolo","Конголо"],"latitude":"-5.38532","longitude":"27.00029","feature_class":"P","feature_code":"PPL","country_code":"CD","cc2":"","admin1_code":"05","admin2_code":"","admin3_code":"","admin4_code":"","population":"31943","elevation":"","dem":"562","timezone":"Africa/Lubumbashi","modification_date":"2013-06-09"},{"geonameid":"212730","name":"Kisangani","asciiname":"Kisangani","alternatenames":["FKI","Kisan'nkani","Kisangani","Kisanganis","Kisangáni","Singitini","Stanleystad","Stanleyville","ji sang jia ni","kisang-gani","kisangani","Κισανγκάνι","Кисангани","Кісангані","Կիսանգանի","キサンガニ","基桑加尼","키상가니"],"latitude":"0.51528","longitude":"25.19099","feature_class":"P","feature_code":"PPLA","country_code":"CD","cc2":"","admin1_code":"09","admin2_code":"","admin3_code":"","admin4_code":"","population":"539158","elevation":"","dem":"400","timezone":"Africa/Lubumbashi","modification_date":"2012-05-05"},{"geonameid":"212902","name":"Kindu","asciiname":"Kindu","alternatenames":["KND","Kindu","Kindu-Port-Empain","Port de Kindu","Port-Empain","jin du","kindo~u","kindu","Кинду","キンドゥ","金杜","킨두"],"latitude":"-2.94373","longitude":"25.92237","feature_class":"P","feature_code":"PPLA","country_code":"CD","cc2":"","admin1_code":"10","admin2_code":"","admin3_code":"","admin4_code":"","population":"135698","elevation":"","dem":"464","timezone":"Africa/Lubumbashi","modification_date":"2013-02-08"},{"geonameid":"213940","name":"Kasongo","asciiname":"Kasongo","alternatenames":["Kasongo","Kazongo","Tongoni","Tongoni Kapaya","Касонго"],"latitude":"-4.42741","longitude":"26.66656","feature_class":"P","feature_code":"PPL","country_code":"CD","cc2":"","admin1_code":"10","admin2_code":"","admin3_code":"","admin4_code":"","population":"55118","elevation":"","dem":"640","timezone":"Africa/Lubumbashi","modification_date":"2012-04-05"},{"geonameid":"214481","name":"Kananga","asciiname":"Kananga","alternatenames":["KGA","Kananga","Kanange","Lulua","Luluabourg","ka nan jia","kanang-ga","kananga","kanangha","Кананга","Կանանգա","كانانغا","カナンガ","卡南加","카낭가"],"latitude":"-5.89624","longitude":"22.41659","feature_class":"P","feature_code":"PPLA","country_code":"CD","cc2":"","admin1_code":"03","admin2_code":"","admin3_code":"","admin4_code":"","population":"463546","elevation":"","dem":"643","timezone":"Africa/Lubumbashi","modification_date":"2012-06-05"},{"geonameid":"214575","name":"Kampene","asciiname":"Kampene","alternatenames":[""],"latitude":"-3.59678","longitude":"26.66715","feature_class":"P","feature_code":"PPL","country_code":"CD","cc2":"","admin1_code":"10","admin2_code":"","admin3_code":"","admin4_code":"","population":"37034","elevation":"","dem":"652","timezone":"Africa/Lubumbashi","modification_date":"2012-12-05"},{"geonameid":"214614","name":"Kamina","asciiname":"Kamina","alternatenames":["Kamina","Kaminy","Камины"],"latitude":"-8.73508","longitude":"24.99798","feature_class":"P","feature_code":"PPL","country_code":"CD","cc2":"","admin1_code":"05","admin2_code":"","admin3_code":"","admin4_code":"","population":"73557","elevation":"","dem":"1124","timezone":"Africa/Lubumbashi","modification_date":"2015-02-06"},{"geonameid":"214974","name":"Kalemie","asciiname":"Kalemie","alternatenames":["Albertstad","Albertville","FMI","Kalemi","Kalemie","Kalemije","Kalemijė","ka lai mi","kallemi","karemi","Калеми","Калемие","カレミ","卡萊米","칼레미"],"latitude":"-5.94749","longitude":"29.19471","feature_class":"P","feature_code":"PPL","country_code":"CD","cc2":"","admin1_code":"05","admin2_code":"","admin3_code":"","admin4_code":"","population":"146974","elevation":"","dem":"787","timezone":"Africa/Lubumbashi","modification_date":"2008-07-25"},{"geonameid":"215527","name":"Kabinda","asciiname":"Kabinda","alternatenames":["KBN","Kabinda"],"latitude":"-6.13791","longitude":"24.48179","feature_class":"P","feature_code":"PPL","country_code":"CD","cc2":"","admin1_code":"04","admin2_code":"","admin3_code":"","admin4_code":"","population":"59004","elevation":"","dem":"884","timezone":"Africa/Lubumbashi","modification_date":"2013-06-09"},{"geonameid":"215605","name":"Kabare","asciiname":"Kabare","alternatenames":[""],"latitude":"-2.49682","longitude":"28.79081","feature_class":"P","feature_code":"PPL","country_code":"CD","cc2":"","admin1_code":"12","admin2_code":"","admin3_code":"","admin4_code":"","population":"37034","elevation":"","dem":"1996","timezone":"Africa/Lubumbashi","modification_date":"2012-12-05"},{"geonameid":"215668","name":"Kabalo","asciiname":"Kabalo","alternatenames":["KBO","Kabalo"],"latitude":"-6.05255","longitude":"26.9143","feature_class":"P","feature_code":"PPL","country_code":"CD","cc2":"","admin1_code":"05","admin2_code":"37","admin3_code":"","admin4_code":"","population":"29833","elevation":"","dem":"560","timezone":"Africa/Lubumbashi","modification_date":"2015-02-06"},{"geonameid":"215771","name":"Isiro","asciiname":"Isiro","alternatenames":["IRP","Isirio","Isiro","Paulis","Исиро"],"latitude":"2.77391","longitude":"27.61603","feature_class":"P","feature_code":"PPL","country_code":"CD","cc2":"","admin1_code":"09","admin2_code":"","admin3_code":"","admin4_code":"","population":"127076","elevation":"","dem":"761","timezone":"Africa/Lubumbashi","modification_date":"2012-01-18"},{"geonameid":"215976","name":"Ilebo","asciiname":"Ilebo","alternatenames":["Franqui","Ilebo","Port-Francqui","Илебо"],"latitude":"-4.33111","longitude":"20.58638","feature_class":"P","feature_code":"PPL","country_code":"CD","cc2":"","admin1_code":"03","admin2_code":"","admin3_code":"","admin4_code":"","population":"107093","elevation":"","dem":"440","timezone":"Africa/Lubumbashi","modification_date":"2013-01-10"},{"geonameid":"216281","name":"Goma","asciiname":"Goma","alternatenames":["GOM","Goma","Ngoma","Nkoma","ge ma","ghwma","goma","Γκόμα","Гома","غوما","ゴマ","戈马","고마"],"latitude":"-1.67409","longitude":"29.22845","feature_class":"P","feature_code":"PPLA","country_code":"CD","cc2":"","admin1_code":"11","admin2_code":"","admin3_code":"","admin4_code":"","population":"144124","elevation":"","dem":"1518","timezone":"Africa/Lubumbashi","modification_date":"2012-12-05"},{"geonameid":"216404","name":"Gbadolite","asciiname":"Gbadolite","alternatenames":["BDT","Bado","Badolite","Gbadolite","Гбадолите"],"latitude":"4.279","longitude":"21.00284","feature_class":"P","feature_code":"PPL","country_code":"CD","cc2":"","admin1_code":"02","admin2_code":"","admin3_code":"","admin4_code":"","population":"50493","elevation":"","dem":"416","timezone":"Africa/Kinshasa","modification_date":"2012-04-05"},{"geonameid":"216449","name":"Gandajika","asciiname":"Gandajika","alternatenames":["GDJ","Gandajika"],"latitude":"-6.74504","longitude":"23.95328","feature_class":"P","feature_code":"PPL","country_code":"CD","cc2":"","admin1_code":"04","admin2_code":"","admin3_code":"","admin4_code":"","population":"154425","elevation":"","dem":"802","timezone":"Africa/Lubumbashi","modification_date":"2015-01-07"},{"geonameid":"217389","name":"Demba","asciiname":"Demba","alternatenames":["Demba"],"latitude":"-5.49573","longitude":"22.26962","feature_class":"P","feature_code":"PPL","country_code":"CD","cc2":"","admin1_code":"03","admin2_code":"","admin3_code":"","admin4_code":"","population":"22263","elevation":"","dem":"632","timezone":"Africa/Lubumbashi","modification_date":"2012-06-05"},{"geonameid":"217562","name":"Butembo","asciiname":"Butembo","alternatenames":["Butembo","RUE","Бутембо"],"latitude":"0.14164","longitude":"29.29117","feature_class":"P","feature_code":"PPLA3","country_code":"CD","cc2":"","admin1_code":"11","admin2_code":"33","admin3_code":"287","admin4_code":"","population":"154621","elevation":"","dem":"1736","timezone":"Africa/Lubumbashi","modification_date":"2013-01-02"},{"geonameid":"217570","name":"Buta","asciiname":"Buta","alternatenames":["But","Buta","Бут"],"latitude":"2.78582","longitude":"24.72997","feature_class":"P","feature_code":"PPL","country_code":"CD","cc2":"","admin1_code":"09","admin2_code":"","admin3_code":"","admin4_code":"","population":"50130","elevation":"","dem":"402","timezone":"Africa/Lubumbashi","modification_date":"2012-01-18"},{"geonameid":"217637","name":"Businga","asciiname":"Businga","alternatenames":["Businga"],"latitude":"3.33863","longitude":"20.88577","feature_class":"P","feature_code":"PPL","country_code":"CD","cc2":"","admin1_code":"02","admin2_code":"","admin3_code":"","admin4_code":"","population":"28919","elevation":"","dem":"362","timezone":"Africa/Kinshasa","modification_date":"2012-04-05"},{"geonameid":"217695","name":"Bunia","asciiname":"Bunia","alternatenames":["BUX","Bunia","Буниа"],"latitude":"1.55941","longitude":"30.25224","feature_class":"P","feature_code":"PPL","country_code":"CD","cc2":"","admin1_code":"09","admin2_code":"","admin3_code":"","admin4_code":"","population":"96764","elevation":"","dem":"1265","timezone":"Africa/Lubumbashi","modification_date":"2012-05-05"},{"geonameid":"217745","name":"Bumba","asciiname":"Bumba","alternatenames":["BMB","Bumba","Бумба"],"latitude":"2.18771","longitude":"22.46827","feature_class":"P","feature_code":"PPL","country_code":"CD","cc2":"","admin1_code":"02","admin2_code":"","admin3_code":"","admin4_code":"","population":"95520","elevation":"","dem":"362","timezone":"Africa/Kinshasa","modification_date":"2012-05-05"},{"geonameid":"217831","name":"Bukavu","asciiname":"Bukavu","alternatenames":["BKY","Bukavu","Costermansstad","Costermansville","Букаву"],"latitude":"-2.49077","longitude":"28.84281","feature_class":"P","feature_code":"PPLA","country_code":"CD","cc2":"","admin1_code":"12","admin2_code":"","admin3_code":"","admin4_code":"","population":"225389","elevation":"","dem":"1631","timezone":"Africa/Lubumbashi","modification_date":"2015-05-25"},{"geonameid":"217834","name":"Bukama","asciiname":"Bukama","alternatenames":["Bukama"],"latitude":"-9.20443","longitude":"25.85475","feature_class":"P","feature_code":"PPL","country_code":"CD","cc2":"","admin1_code":"05","admin2_code":"","admin3_code":"","admin4_code":"","population":"38770","elevation":"","dem":"578","timezone":"Africa/Lubumbashi","modification_date":"2015-02-06"},{"geonameid":"218253","name":"Bondo","asciiname":"Bondo","alternatenames":["Bondo"],"latitude":"3.81461","longitude":"23.68665","feature_class":"P","feature_code":"PPL","country_code":"CD","cc2":"","admin1_code":"09","admin2_code":"","admin3_code":"","admin4_code":"","population":"17860","elevation":"","dem":"494","timezone":"Africa/Lubumbashi","modification_date":"2012-02-02"},{"geonameid":"218680","name":"Boende","asciiname":"Boende","alternatenames":["BNB","Boende"],"latitude":"-0.28163","longitude":"20.88053","feature_class":"P","feature_code":"PPL","country_code":"CD","cc2":"","admin1_code":"02","admin2_code":"","admin3_code":"","admin4_code":"","population":"32091","elevation":"","dem":"349","timezone":"Africa/Kinshasa","modification_date":"2013-04-21"},{"geonameid":"219057","name":"Beni","asciiname":"Beni","alternatenames":["BNC","Beni","Бени"],"latitude":"0.49113","longitude":"29.47306","feature_class":"P","feature_code":"PPL","country_code":"CD","cc2":"","admin1_code":"11","admin2_code":"","admin3_code":"","admin4_code":"","population":"89648","elevation":"","dem":"1161","timezone":"Africa/Lubumbashi","modification_date":"2012-06-05"},{"geonameid":"219414","name":"Basoko","asciiname":"Basoko","alternatenames":["Basoko"],"latitude":"1.23909","longitude":"23.61598","feature_class":"P","feature_code":"PPL","country_code":"CD","cc2":"","admin1_code":"09","admin2_code":"","admin3_code":"","admin4_code":"","population":"43709","elevation":"","dem":"375","timezone":"Africa/Lubumbashi","modification_date":"2012-01-18"},{"geonameid":"220448","name":"Aketi","asciiname":"Aketi","alternatenames":["Aketi","Port Chaltin"],"latitude":"2.73877","longitude":"23.78326","feature_class":"P","feature_code":"PPL","country_code":"CD","cc2":"","admin1_code":"09","admin2_code":"","admin3_code":"","admin4_code":"","population":"35161","elevation":"","dem":"380","timezone":"Africa/Lubumbashi","modification_date":"2012-01-18"},{"geonameid":"922704","name":"Lubumbashi","asciiname":"Lubumbashi","alternatenames":["E'ville","Elisabethville","Elizabethstad","Elizabethville","E’ville","FBM","Gorad Lubumbashy","Lubumbashi","Lubumbasi","Lubumbasis","Lubumbaši","Lubumbašis","Lumumbashi","lu ben ba xi","lubumabasi","lubumbasi","lubumbasi si","lwbwmbashy","rubunbashi","Élisabethville","Горад Лубумбашы","Лубумбаши","Лубумбаші","לובומבאשי","لوبومباشي","ਲੂਬੁਮਬਾਸ਼ੀ","ルブンバシ","盧本巴希","루붐바시","루붐바시 시"],"latitude":"-11.66089","longitude":"27.47938","feature_class":"P","feature_code":"PPLA","country_code":"CD","cc2":"","admin1_code":"05","admin2_code":"","admin3_code":"","admin4_code":"","population":"1373770","elevation":"","dem":"1260","timezone":"Africa/Lubumbashi","modification_date":"2012-03-07"},{"geonameid":"922741","name":"Likasi","asciiname":"Likasi","alternatenames":["Jadotsville","Jadotville","Likasi","Ликаси"],"latitude":"-10.98303","longitude":"26.7384","feature_class":"P","feature_code":"PPL","country_code":"CD","cc2":"","admin1_code":"05","admin2_code":"","admin3_code":"","admin4_code":"","population":"422414","elevation":"","dem":"1288","timezone":"Africa/Lubumbashi","modification_date":"2015-04-08"},{"geonameid":"922773","name":"Kolwezi","asciiname":"Kolwezi","alternatenames":["KWZ","Kolvezi","Kolwezi","Колвези"],"latitude":"-10.71484","longitude":"25.46674","feature_class":"P","feature_code":"PPL","country_code":"CD","cc2":"","admin1_code":"05","admin2_code":"","admin3_code":"","admin4_code":"","population":"418000","elevation":"","dem":"1485","timezone":"Africa/Lubumbashi","modification_date":"2011-10-27"},{"geonameid":"922806","name":"Kipushi","asciiname":"Kipushi","alternatenames":["Kipushi","Кипуши"],"latitude":"-11.76097","longitude":"27.25135","feature_class":"P","feature_code":"PPL","country_code":"CD","cc2":"","admin1_code":"05","admin2_code":"","admin3_code":"","admin4_code":"","population":"62332","elevation":"","dem":"1348","timezone":"Africa/Lubumbashi","modification_date":"2015-04-08"},{"geonameid":"923058","name":"Kambove","asciiname":"Kambove","alternatenames":["Kambove"],"latitude":"-10.87352","longitude":"26.59746","feature_class":"P","feature_code":"PPL","country_code":"CD","cc2":"","admin1_code":"05","admin2_code":"","admin3_code":"","admin4_code":"","population":"36702","elevation":"","dem":"1386","timezone":"Africa/Lubumbashi","modification_date":"2015-04-08"},{"geonameid":"2311127","name":"Tshela","asciiname":"Tshela","alternatenames":["Tshela"],"latitude":"-4.99707","longitude":"12.9484","feature_class":"P","feature_code":"PPL","country_code":"CD","cc2":"","admin1_code":"08","admin2_code":"","admin3_code":"","admin4_code":"","population":"38845","elevation":"","dem":"163","timezone":"Africa/Kinshasa","modification_date":"2013-01-10"},{"geonameid":"2311968","name":"Nioki","asciiname":"Nioki","alternatenames":["NIO","Nioki"],"latitude":"-2.72037","longitude":"17.69001","feature_class":"P","feature_code":"PPL","country_code":"CD","cc2":"","admin1_code":"01","admin2_code":"","admin3_code":"","admin4_code":"","population":"40695","elevation":"","dem":"326","timezone":"Africa/Kinshasa","modification_date":"2012-12-05"},{"geonameid":"2312249","name":"Mushie","asciiname":"Mushie","alternatenames":[""],"latitude":"-3.01728","longitude":"16.92238","feature_class":"P","feature_code":"PPL","country_code":"CD","cc2":"","admin1_code":"01","admin2_code":"","admin3_code":"","admin4_code":"","population":"33062","elevation":"","dem":"325","timezone":"Africa/Kinshasa","modification_date":"2012-12-05"},{"geonameid":"2312888","name":"Mbanza-Ngungu","asciiname":"Mbanza-Ngungu","alternatenames":["Mbanza-Ngungu","Thystad","Thysville","Мбанза-Нгунгу"],"latitude":"-5.25837","longitude":"14.85838","feature_class":"P","feature_code":"PPL","country_code":"CD","cc2":"","admin1_code":"08","admin2_code":"","admin3_code":"","admin4_code":"","population":"86356","elevation":"","dem":"735","timezone":"Africa/Kinshasa","modification_date":"2012-06-05"},{"geonameid":"2312895","name":"Mbandaka","asciiname":"Mbandaka","alternatenames":["Bandaka","Cocquilhatville","Coquilhalville","Coquilhatstad","Coquilhatville","MDK","Mbandaka","Mbándáká","Wangata","eumbandaka","mu ban da ka","mubandaka","Мбандака","ムバンダカ","姆班达卡","음반다카"],"latitude":"0.04865","longitude":"18.26034","feature_class":"P","feature_code":"PPLA","country_code":"CD","cc2":"","admin1_code":"02","admin2_code":"","admin3_code":"","admin4_code":"","population":"184185","elevation":"","dem":"315","timezone":"Africa/Kinshasa","modification_date":"2015-05-31"},{"geonameid":"2313002","name":"Matadi","asciiname":"Matadi","alternatenames":["MAT","Matadi","Matidi","matadi","Матади","מאטדי","マタディ"],"latitude":"-5.79949","longitude":"13.44068","feature_class":"P","feature_code":"PPLA","country_code":"CD","cc2":"","admin1_code":"08","admin2_code":"","admin3_code":"","admin4_code":"","population":"180109","elevation":"","dem":"342","timezone":"Africa/Kinshasa","modification_date":"2012-04-05"},{"geonameid":"2313084","name":"Mangai","asciiname":"Mangai","alternatenames":["Mangai"],"latitude":"-4.02328","longitude":"19.53385","feature_class":"P","feature_code":"PPL","country_code":"CD","cc2":"","admin1_code":"01","admin2_code":"","admin3_code":"","admin4_code":"","population":"37188","elevation":"","dem":"342","timezone":"Africa/Kinshasa","modification_date":"2013-01-10"},{"geonameid":"2313371","name":"Lukolela","asciiname":"Lukolela","alternatenames":[""],"latitude":"-1.06046","longitude":"17.1821","feature_class":"P","feature_code":"PPL","country_code":"CD","cc2":"","admin1_code":"02","admin2_code":"","admin3_code":"","admin4_code":"","population":"15000","elevation":"","dem":"316","timezone":"Africa/Kinshasa","modification_date":"2013-06-07"},{"geonameid":"2313762","name":"Libenge","asciiname":"Libenge","alternatenames":["LIE","Libenge"],"latitude":"3.65332","longitude":"18.63566","feature_class":"P","feature_code":"PPL","country_code":"CD","cc2":"","admin1_code":"02","admin2_code":"","admin3_code":"","admin4_code":"","population":"27053","elevation":"","dem":"358","timezone":"Africa/Kinshasa","modification_date":"2012-05-05"},{"geonameid":"2314302","name":"Kinshasa","asciiname":"Kinshasa","alternatenames":["FIH","Gorad Kinshasa","Kinchasa","Kinsasa","Kinsaso","Kinshasa","Kinshase","Kinsjasa","Kinszasa","Kinsásá","Kinŝaso","Kinşasa","Kinšasa","Kînşasa","Leopoldstad","Leopoldville","Léopoldville","jin sha sa","jin xia sha","kin cha sa","kinasasa","kinsaca","kinsasa","kinshasa","kinsyasa","knshasa","kynshasa","Κινσάσα","Горад Кіншаса","Киншаса","Киншасе","Кіншаса","Կինշասա","קינשאזע","קינשאסה","كينشاسا","کنشاسا","کنشاسہ","کینشاسا","किन्शासा","ਕਿਨਸ਼ਾਸਾ","கின்ஷாசா","കിൻഷസ","กินชาซา","ཀིན་ཤ་ས།","ကင်ရှာဆာမြို့","კინშასა","ኪንሻሳ","キンシャサ","金夏沙","金沙薩","킨샤사"],"latitude":"-4.32758","longitude":"15.31357","feature_class":"P","feature_code":"PPLC","country_code":"CD","cc2":"","admin1_code":"06","admin2_code":"","admin3_code":"","admin4_code":"","population":"7785965","elevation":"","dem":"281","timezone":"Africa/Kinshasa","modification_date":"2014-02-10"},{"geonameid":"2314705","name":"Kikwit","asciiname":"Kikwit","alternatenames":["Kikvite","Kikwit","Kitwit","Киквите"],"latitude":"-5.04098","longitude":"18.81619","feature_class":"P","feature_code":"PPL","country_code":"CD","cc2":"","admin1_code":"01","admin2_code":"","admin3_code":"","admin4_code":"","population":"186991","elevation":"","dem":"466","timezone":"Africa/Kinshasa","modification_date":"2011-05-12"},{"geonameid":"2315026","name":"Kasongo-Lunda","asciiname":"Kasongo-Lunda","alternatenames":["KGN","Kasongo-Lunda"],"latitude":"-6.47833","longitude":"16.81735","feature_class":"P","feature_code":"PPL","country_code":"CD","cc2":"","admin1_code":"01","admin2_code":"","admin3_code":"","admin4_code":"","population":"20060","elevation":"","dem":"534","timezone":"Africa/Kinshasa","modification_date":"2012-06-05"},{"geonameid":"2315057","name":"Kasangulu","asciiname":"Kasangulu","alternatenames":["Kasangulu"],"latitude":"-4.5833","longitude":"15.16554","feature_class":"P","feature_code":"PPL","country_code":"CD","cc2":"","admin1_code":"08","admin2_code":"","admin3_code":"","admin4_code":"","population":"27961","elevation":"","dem":"413","timezone":"Africa/Kinshasa","modification_date":"2015-02-06"},{"geonameid":"2315417","name":"Inongo","asciiname":"Inongo","alternatenames":["INO","Inongo"],"latitude":"-1.9275","longitude":"18.2881","feature_class":"P","feature_code":"PPL","country_code":"CD","cc2":"","admin1_code":"01","admin2_code":"","admin3_code":"","admin4_code":"","population":"40113","elevation":"","dem":"318","timezone":"Africa/Kinshasa","modification_date":"2012-12-05"},{"geonameid":"2315728","name":"Gemena","asciiname":"Gemena","alternatenames":["GMA","Gemena","Gemene","Гемене"],"latitude":"3.25651","longitude":"19.77234","feature_class":"P","feature_code":"PPL","country_code":"CD","cc2":"","admin1_code":"02","admin2_code":"","admin3_code":"","admin4_code":"","population":"117639","elevation":"","dem":"420","timezone":"Africa/Kinshasa","modification_date":"2012-04-05"},{"geonameid":"2316259","name":"Bulungu","asciiname":"Bulungu","alternatenames":["Bulungu"],"latitude":"-4.54437","longitude":"18.60364","feature_class":"P","feature_code":"PPL","country_code":"CD","cc2":"","admin1_code":"01","admin2_code":"","admin3_code":"","admin4_code":"","population":"48344","elevation":"","dem":"400","timezone":"Africa/Kinshasa","modification_date":"2013-01-10"},{"geonameid":"2316473","name":"Bosobolo","asciiname":"Bosobolo","alternatenames":["Bosobolo"],"latitude":"4.1898","longitude":"19.8833","feature_class":"P","feature_code":"PPL","country_code":"CD","cc2":"","admin1_code":"02","admin2_code":"","admin3_code":"","admin4_code":"","population":"14553","elevation":"","dem":"442","timezone":"Africa/Kinshasa","modification_date":"2012-04-05"},{"geonameid":"2316748","name":"Bolobo","asciiname":"Bolobo","alternatenames":["Bolobo"],"latitude":"-2.158","longitude":"16.23249","feature_class":"P","feature_code":"PPL","country_code":"CD","cc2":"","admin1_code":"01","admin2_code":"","admin3_code":"","admin4_code":"","population":"27862","elevation":"","dem":"321","timezone":"Africa/Kinshasa","modification_date":"2012-12-05"},{"geonameid":"2317397","name":"Bandundu","asciiname":"Bandundu","alternatenames":["Bandundu","Banningville","FDU","Бандунду"],"latitude":"-3.31687","longitude":"17.38063","feature_class":"P","feature_code":"PPLA","country_code":"CD","cc2":"","admin1_code":"01","admin2_code":"","admin3_code":"","admin4_code":"","population":"118211","elevation":"","dem":"322","timezone":"Africa/Kinshasa","modification_date":"2012-12-05"},{"geonameid":"2593460","name":"Masina","asciiname":"Masina","alternatenames":[""],"latitude":"-4.38361","longitude":"15.39139","feature_class":"P","feature_code":"PPL","country_code":"CD","cc2":"","admin1_code":"06","admin2_code":"","admin3_code":"","admin4_code":"","population":"485167","elevation":"","dem":"288","timezone":"Africa/Kinshasa","modification_date":"2007-05-31"},{"geonameid":"203717","name":"Yangambi","asciiname":"Yangambi","alternatenames":["YAN"],"latitude":"0.76755","longitude":"24.43973","feature_class":"P","feature_code":"PPL","country_code":"CD","cc2":"","admin1_code":"09","admin2_code":"39","admin3_code":"148","admin4_code":"","population":"35531","elevation":"","dem":"459","timezone":"Africa/Lubumbashi","modification_date":"2015-03-31"},{"geonameid":"204283","name":"Watsa","asciiname":"Watsa","alternatenames":["Watsa"],"latitude":"3.03716","longitude":"29.53551","feature_class":"P","feature_code":"PPL","country_code":"CD","cc2":"","admin1_code":"09","admin2_code":"","admin3_code":"","admin4_code":"","population":"24516","elevation":"","dem":"1018","timezone":"Africa/Lubumbashi","modification_date":"2012-02-02"},{"geonameid":"204318","name":"Wamba","asciiname":"Wamba","alternatenames":["Wamba"],"latitude":"2.14838","longitude":"27.99466","feature_class":"P","feature_code":"PPL","country_code":"CD","cc2":"","admin1_code":"09","admin2_code":"","admin3_code":"","admin4_code":"","population":"17373","elevation":"","dem":"796","timezone":"Africa/Lubumbashi","modification_date":"2012-02-02"},{"geonameid":"204405","name":"Uvira","asciiname":"Uvira","alternatenames":["Uvinza","Uvira","Увира"],"latitude":"-3.39534","longitude":"29.13779","feature_class":"P","feature_code":"PPL","country_code":"CD","cc2":"","admin1_code":"12","admin2_code":"","admin3_code":"","admin4_code":"","population":"170391","elevation":"","dem":"806","timezone":"Africa/Lubumbashi","modification_date":"2012-12-05"},{"geonameid":"204953","name":"Tshikapa","asciiname":"Tshikapa","alternatenames":["Chikapa","TSH","Tshikapa","Чикапа"],"latitude":"-6.41621","longitude":"20.79995","feature_class":"P","feature_code":"PPL","country_code":"CD","cc2":"","admin1_code":"03","admin2_code":"","admin3_code":"","admin4_code":"","population":"267462","elevation":"","dem":"484","timezone":"Africa/Lubumbashi","modification_date":"2012-05-31"},{"geonameid":"205970","name":"Sake","asciiname":"Sake","alternatenames":["Sake"],"latitude":"-1.57386","longitude":"29.04339","feature_class":"P","feature_code":"PPL","country_code":"CD","cc2":"","admin1_code":"11","admin2_code":"","admin3_code":"","admin4_code":"","population":"17151","elevation":"","dem":"1468","timezone":"Africa/Lubumbashi","modification_date":"2012-12-05"},{"geonameid":"207570","name":"Mwene-Ditu","asciiname":"Mwene-Ditu","alternatenames":["Mvene-Ditu","Mwene-Ditu","Мвене-Диту"],"latitude":"-7.00906","longitude":"23.45278","feature_class":"P","feature_code":"PPL","country_code":"CD","cc2":"","admin1_code":"04","admin2_code":"","admin3_code":"","admin4_code":"","population":"189177","elevation":"","dem":"970","timezone":"Africa/Lubumbashi","modification_date":"2013-04-03"},{"geonameid":"207596","name":"Mweka","asciiname":"Mweka","alternatenames":["MEW","Mueka","Mveka","Mweka","Мвека"],"latitude":"-4.85187","longitude":"21.5595","feature_class":"P","feature_code":"PPL","country_code":"CD","cc2":"","admin1_code":"03","admin2_code":"","admin3_code":"","admin4_code":"","population":"50675","elevation":"","dem":"591","timezone":"Africa/Lubumbashi","modification_date":"2012-04-05"},{"geonameid":"209228","name":"Mbuji-Mayi","asciiname":"Mbuji-Mayi","alternatenames":["Bakwanga","MJM","Mbuji-Mayi","Mbuy Mayi","Mbuzhi-Maji","Мбужи-Майи"],"latitude":"-6.13603","longitude":"23.58979","feature_class":"P","feature_code":"PPLA","country_code":"CD","cc2":"","admin1_code":"04","admin2_code":"","admin3_code":"","admin4_code":"","population":"874761","elevation":"","dem":"621","timezone":"Africa/Lubumbashi","modification_date":"2012-06-11"},{"geonameid":"210379","name":"Lusambo","asciiname":"Lusambo","alternatenames":["LBO","Lusambo","Luzambo","Лусамбо"],"latitude":"-4.97503","longitude":"23.44391","feature_class":"P","feature_code":"PPL","country_code":"CD","cc2":"","admin1_code":"04","admin2_code":"","admin3_code":"","admin4_code":"","population":"41416","elevation":"","dem":"432","timezone":"Africa/Lubumbashi","modification_date":"2012-04-05"},{"geonameid":"210939","name":"Luebo","asciiname":"Luebo","alternatenames":["Luebo"],"latitude":"-5.35218","longitude":"21.42192","feature_class":"P","feature_code":"PPL","country_code":"CD","cc2":"","admin1_code":"03","admin2_code":"","admin3_code":"","admin4_code":"","population":"35183","elevation":"","dem":"498","timezone":"Africa/Lubumbashi","modification_date":"2012-05-05"},{"geonameid":"211098","name":"Lubao","asciiname":"Lubao","alternatenames":["Lubao","Senteri","Sentery","Sentiry"],"latitude":"-5.38771","longitude":"25.74885","feature_class":"P","feature_code":"PPL","country_code":"CD","cc2":"","admin1_code":"04","admin2_code":"","admin3_code":"","admin4_code":"","population":"43068","elevation":"","dem":"694","timezone":"Africa/Lubumbashi","modification_date":"2012-06-05"},{"geonameid":"211647","name":"Lodja","asciiname":"Lodja","alternatenames":["LJA","Lodja","Lodzh","Loja","Лодж"],"latitude":"-3.52105","longitude":"23.6005","feature_class":"P","feature_code":"PPL","country_code":"CD","cc2":"","admin1_code":"04","admin2_code":"","admin3_code":"","admin4_code":"","population":"68244","elevation":"","dem":"478","timezone":"Africa/Lubumbashi","modification_date":"2013-10-06"},{"geonameid":"211734","name":"Lisala","asciiname":"Lisala","alternatenames":["LIQ","Lisala","Lisale","Lizala","Лисале"],"latitude":"2.15127","longitude":"21.51672","feature_class":"P","feature_code":"PPL","country_code":"CD","cc2":"","admin1_code":"02","admin2_code":"","admin3_code":"","admin4_code":"","population":"70087","elevation":"","dem":"418","timezone":"Africa/Kinshasa","modification_date":"2012-05-31"},{"geonameid":"212360","name":"Kongolo","asciiname":"Kongolo","alternatenames":["KOO","Kangolo","Kongolo","Конголо"],"latitude":"-5.38532","longitude":"27.00029","feature_class":"P","feature_code":"PPL","country_code":"CD","cc2":"","admin1_code":"05","admin2_code":"","admin3_code":"","admin4_code":"","population":"31943","elevation":"","dem":"562","timezone":"Africa/Lubumbashi","modification_date":"2013-06-09"},{"geonameid":"212730","name":"Kisangani","asciiname":"Kisangani","alternatenames":["FKI","Kisan'nkani","Kisangani","Kisanganis","Kisangáni","Singitini","Stanleystad","Stanleyville","ji sang jia ni","kisang-gani","kisangani","Κισανγκάνι","Кисангани","Кісангані","Կիսանգանի","キサンガニ","基桑加尼","키상가니"],"latitude":"0.51528","longitude":"25.19099","feature_class":"P","feature_code":"PPLA","country_code":"CD","cc2":"","admin1_code":"09","admin2_code":"","admin3_code":"","admin4_code":"","population":"539158","elevation":"","dem":"400","timezone":"Africa/Lubumbashi","modification_date":"2012-05-05"},{"geonameid":"212902","name":"Kindu","asciiname":"Kindu","alternatenames":["KND","Kindu","Kindu-Port-Empain","Port de Kindu","Port-Empain","jin du","kindo~u","kindu","Кинду","キンドゥ","金杜","킨두"],"latitude":"-2.94373","longitude":"25.92237","feature_class":"P","feature_code":"PPLA","country_code":"CD","cc2":"","admin1_code":"10","admin2_code":"","admin3_code":"","admin4_code":"","population":"135698","elevation":"","dem":"464","timezone":"Africa/Lubumbashi","modification_date":"2013-02-08"},{"geonameid":"213940","name":"Kasongo","asciiname":"Kasongo","alternatenames":["Kasongo","Kazongo","Tongoni","Tongoni Kapaya","Касонго"],"latitude":"-4.42741","longitude":"26.66656","feature_class":"P","feature_code":"PPL","country_code":"CD","cc2":"","admin1_code":"10","admin2_code":"","admin3_code":"","admin4_code":"","population":"55118","elevation":"","dem":"640","timezone":"Africa/Lubumbashi","modification_date":"2012-04-05"},{"geonameid":"214481","name":"Kananga","asciiname":"Kananga","alternatenames":["KGA","Kananga","Kanange","Lulua","Luluabourg","ka nan jia","kanang-ga","kananga","kanangha","Кананга","Կանանգա","كانانغا","カナンガ","卡南加","카낭가"],"latitude":"-5.89624","longitude":"22.41659","feature_class":"P","feature_code":"PPLA","country_code":"CD","cc2":"","admin1_code":"03","admin2_code":"","admin3_code":"","admin4_code":"","population":"463546","elevation":"","dem":"643","timezone":"Africa/Lubumbashi","modification_date":"2012-06-05"},{"geonameid":"214575","name":"Kampene","asciiname":"Kampene","alternatenames":[""],"latitude":"-3.59678","longitude":"26.66715","feature_class":"P","feature_code":"PPL","country_code":"CD","cc2":"","admin1_code":"10","admin2_code":"","admin3_code":"","admin4_code":"","population":"37034","elevation":"","dem":"652","timezone":"Africa/Lubumbashi","modification_date":"2012-12-05"},{"geonameid":"214614","name":"Kamina","asciiname":"Kamina","alternatenames":["Kamina","Kaminy","Камины"],"latitude":"-8.73508","longitude":"24.99798","feature_class":"P","feature_code":"PPL","country_code":"CD","cc2":"","admin1_code":"05","admin2_code":"","admin3_code":"","admin4_code":"","population":"73557","elevation":"","dem":"1124","timezone":"Africa/Lubumbashi","modification_date":"2015-02-06"},{"geonameid":"214974","name":"Kalemie","asciiname":"Kalemie","alternatenames":["Albertstad","Albertville","FMI","Kalemi","Kalemie","Kalemije","Kalemijė","ka lai mi","kallemi","karemi","Калеми","Калемие","カレミ","卡萊米","칼레미"],"latitude":"-5.94749","longitude":"29.19471","feature_class":"P","feature_code":"PPL","country_code":"CD","cc2":"","admin1_code":"05","admin2_code":"","admin3_code":"","admin4_code":"","population":"146974","elevation":"","dem":"787","timezone":"Africa/Lubumbashi","modification_date":"2008-07-25"},{"geonameid":"215527","name":"Kabinda","asciiname":"Kabinda","alternatenames":["KBN","Kabinda"],"latitude":"-6.13791","longitude":"24.48179","feature_class":"P","feature_code":"PPL","country_code":"CD","cc2":"","admin1_code":"04","admin2_code":"","admin3_code":"","admin4_code":"","population":"59004","elevation":"","dem":"884","timezone":"Africa/Lubumbashi","modification_date":"2013-06-09"},{"geonameid":"215605","name":"Kabare","asciiname":"Kabare","alternatenames":[""],"latitude":"-2.49682","longitude":"28.79081","feature_class":"P","feature_code":"PPL","country_code":"CD","cc2":"","admin1_code":"12","admin2_code":"","admin3_code":"","admin4_code":"","population":"37034","elevation":"","dem":"1996","timezone":"Africa/Lubumbashi","modification_date":"2012-12-05"},{"geonameid":"215668","name":"Kabalo","asciiname":"Kabalo","alternatenames":["KBO","Kabalo"],"latitude":"-6.05255","longitude":"26.9143","feature_class":"P","feature_code":"PPL","country_code":"CD","cc2":"","admin1_code":"05","admin2_code":"37","admin3_code":"","admin4_code":"","population":"29833","elevation":"","dem":"560","timezone":"Africa/Lubumbashi","modification_date":"2015-02-06"},{"geonameid":"215771","name":"Isiro","asciiname":"Isiro","alternatenames":["IRP","Isirio","Isiro","Paulis","Исиро"],"latitude":"2.77391","longitude":"27.61603","feature_class":"P","feature_code":"PPL","country_code":"CD","cc2":"","admin1_code":"09","admin2_code":"","admin3_code":"","admin4_code":"","population":"127076","elevation":"","dem":"761","timezone":"Africa/Lubumbashi","modification_date":"2012-01-18"},{"geonameid":"215976","name":"Ilebo","asciiname":"Ilebo","alternatenames":["Franqui","Ilebo","Port-Francqui","Илебо"],"latitude":"-4.33111","longitude":"20.58638","feature_class":"P","feature_code":"PPL","country_code":"CD","cc2":"","admin1_code":"03","admin2_code":"","admin3_code":"","admin4_code":"","population":"107093","elevation":"","dem":"440","timezone":"Africa/Lubumbashi","modification_date":"2013-01-10"},{"geonameid":"216281","name":"Goma","asciiname":"Goma","alternatenames":["GOM","Goma","Ngoma","Nkoma","ge ma","ghwma","goma","Γκόμα","Гома","غوما","ゴマ","戈马","고마"],"latitude":"-1.67409","longitude":"29.22845","feature_class":"P","feature_code":"PPLA","country_code":"CD","cc2":"","admin1_code":"11","admin2_code":"","admin3_code":"","admin4_code":"","population":"144124","elevation":"","dem":"1518","timezone":"Africa/Lubumbashi","modification_date":"2012-12-05"},{"geonameid":"216404","name":"Gbadolite","asciiname":"Gbadolite","alternatenames":["BDT","Bado","Badolite","Gbadolite","Гбадолите"],"latitude":"4.279","longitude":"21.00284","feature_class":"P","feature_code":"PPL","country_code":"CD","cc2":"","admin1_code":"02","admin2_code":"","admin3_code":"","admin4_code":"","population":"50493","elevation":"","dem":"416","timezone":"Africa/Kinshasa","modification_date":"2012-04-05"},{"geonameid":"216449","name":"Gandajika","asciiname":"Gandajika","alternatenames":["GDJ","Gandajika"],"latitude":"-6.74504","longitude":"23.95328","feature_class":"P","feature_code":"PPL","country_code":"CD","cc2":"","admin1_code":"04","admin2_code":"","admin3_code":"","admin4_code":"","population":"154425","elevation":"","dem":"802","timezone":"Africa/Lubumbashi","modification_date":"2015-01-07"},{"geonameid":"217389","name":"Demba","asciiname":"Demba","alternatenames":["Demba"],"latitude":"-5.49573","longitude":"22.26962","feature_class":"P","feature_code":"PPL","country_code":"CD","cc2":"","admin1_code":"03","admin2_code":"","admin3_code":"","admin4_code":"","population":"22263","elevation":"","dem":"632","timezone":"Africa/Lubumbashi","modification_date":"2012-06-05"},{"geonameid":"217562","name":"Butembo","asciiname":"Butembo","alternatenames":["Butembo","RUE","Бутембо"],"latitude":"0.14164","longitude":"29.29117","feature_class":"P","feature_code":"PPLA3","country_code":"CD","cc2":"","admin1_code":"11","admin2_code":"33","admin3_code":"287","admin4_code":"","population":"154621","elevation":"","dem":"1736","timezone":"Africa/Lubumbashi","modification_date":"2013-01-02"},{"geonameid":"217570","name":"Buta","asciiname":"Buta","alternatenames":["But","Buta","Бут"],"latitude":"2.78582","longitude":"24.72997","feature_class":"P","feature_code":"PPL","country_code":"CD","cc2":"","admin1_code":"09","admin2_code":"","admin3_code":"","admin4_code":"","population":"50130","elevation":"","dem":"402","timezone":"Africa/Lubumbashi","modification_date":"2012-01-18"},{"geonameid":"217637","name":"Businga","asciiname":"Businga","alternatenames":["Businga"],"latitude":"3.33863","longitude":"20.88577","feature_class":"P","feature_code":"PPL","country_code":"CD","cc2":"","admin1_code":"02","admin2_code":"","admin3_code":"","admin4_code":"","population":"28919","elevation":"","dem":"362","timezone":"Africa/Kinshasa","modification_date":"2012-04-05"},{"geonameid":"217695","name":"Bunia","asciiname":"Bunia","alternatenames":["BUX","Bunia","Буниа"],"latitude":"1.55941","longitude":"30.25224","feature_class":"P","feature_code":"PPL","country_code":"CD","cc2":"","admin1_code":"09","admin2_code":"","admin3_code":"","admin4_code":"","population":"96764","elevation":"","dem":"1265","timezone":"Africa/Lubumbashi","modification_date":"2012-05-05"},{"geonameid":"217745","name":"Bumba","asciiname":"Bumba","alternatenames":["BMB","Bumba","Бумба"],"latitude":"2.18771","longitude":"22.46827","feature_class":"P","feature_code":"PPL","country_code":"CD","cc2":"","admin1_code":"02","admin2_code":"","admin3_code":"","admin4_code":"","population":"95520","elevation":"","dem":"362","timezone":"Africa/Kinshasa","modification_date":"2012-05-05"},{"geonameid":"217831","name":"Bukavu","asciiname":"Bukavu","alternatenames":["BKY","Bukavu","Costermansstad","Costermansville","Букаву"],"latitude":"-2.49077","longitude":"28.84281","feature_class":"P","feature_code":"PPLA","country_code":"CD","cc2":"","admin1_code":"12","admin2_code":"","admin3_code":"","admin4_code":"","population":"225389","elevation":"","dem":"1631","timezone":"Africa/Lubumbashi","modification_date":"2015-05-25"},{"geonameid":"217834","name":"Bukama","asciiname":"Bukama","alternatenames":["Bukama"],"latitude":"-9.20443","longitude":"25.85475","feature_class":"P","feature_code":"PPL","country_code":"CD","cc2":"","admin1_code":"05","admin2_code":"","admin3_code":"","admin4_code":"","population":"38770","elevation":"","dem":"578","timezone":"Africa/Lubumbashi","modification_date":"2015-02-06"},{"geonameid":"218253","name":"Bondo","asciiname":"Bondo","alternatenames":["Bondo"],"latitude":"3.81461","longitude":"23.68665","feature_class":"P","feature_code":"PPL","country_code":"CD","cc2":"","admin1_code":"09","admin2_code":"","admin3_code":"","admin4_code":"","population":"17860","elevation":"","dem":"494","timezone":"Africa/Lubumbashi","modification_date":"2012-02-02"},{"geonameid":"218680","name":"Boende","asciiname":"Boende","alternatenames":["BNB","Boende"],"latitude":"-0.28163","longitude":"20.88053","feature_class":"P","feature_code":"PPL","country_code":"CD","cc2":"","admin1_code":"02","admin2_code":"","admin3_code":"","admin4_code":"","population":"32091","elevation":"","dem":"349","timezone":"Africa/Kinshasa","modification_date":"2013-04-21"},{"geonameid":"219057","name":"Beni","asciiname":"Beni","alternatenames":["BNC","Beni","Бени"],"latitude":"0.49113","longitude":"29.47306","feature_class":"P","feature_code":"PPL","country_code":"CD","cc2":"","admin1_code":"11","admin2_code":"","admin3_code":"","admin4_code":"","population":"89648","elevation":"","dem":"1161","timezone":"Africa/Lubumbashi","modification_date":"2012-06-05"},{"geonameid":"219414","name":"Basoko","asciiname":"Basoko","alternatenames":["Basoko"],"latitude":"1.23909","longitude":"23.61598","feature_class":"P","feature_code":"PPL","country_code":"CD","cc2":"","admin1_code":"09","admin2_code":"","admin3_code":"","admin4_code":"","population":"43709","elevation":"","dem":"375","timezone":"Africa/Lubumbashi","modification_date":"2012-01-18"},{"geonameid":"220448","name":"Aketi","asciiname":"Aketi","alternatenames":["Aketi","Port Chaltin"],"latitude":"2.73877","longitude":"23.78326","feature_class":"P","feature_code":"PPL","country_code":"CD","cc2":"","admin1_code":"09","admin2_code":"","admin3_code":"","admin4_code":"","population":"35161","elevation":"","dem":"380","timezone":"Africa/Lubumbashi","modification_date":"2012-01-18"},{"geonameid":"922704","name":"Lubumbashi","asciiname":"Lubumbashi","alternatenames":["E'ville","Elisabethville","Elizabethstad","Elizabethville","E’ville","FBM","Gorad Lubumbashy","Lubumbashi","Lubumbasi","Lubumbasis","Lubumbaši","Lubumbašis","Lumumbashi","lu ben ba xi","lubumabasi","lubumbasi","lubumbasi si","lwbwmbashy","rubunbashi","Élisabethville","Горад Лубумбашы","Лубумбаши","Лубумбаші","לובומבאשי","لوبومباشي","ਲੂਬੁਮਬਾਸ਼ੀ","ルブンバシ","盧本巴希","루붐바시","루붐바시 시"],"latitude":"-11.66089","longitude":"27.47938","feature_class":"P","feature_code":"PPLA","country_code":"CD","cc2":"","admin1_code":"05","admin2_code":"","admin3_code":"","admin4_code":"","population":"1373770","elevation":"","dem":"1260","timezone":"Africa/Lubumbashi","modification_date":"2012-03-07"},{"geonameid":"922741","name":"Likasi","asciiname":"Likasi","alternatenames":["Jadotsville","Jadotville","Likasi","Ликаси"],"latitude":"-10.98303","longitude":"26.7384","feature_class":"P","feature_code":"PPL","country_code":"CD","cc2":"","admin1_code":"05","admin2_code":"","admin3_code":"","admin4_code":"","population":"422414","elevation":"","dem":"1288","timezone":"Africa/Lubumbashi","modification_date":"2015-04-08"},{"geonameid":"922773","name":"Kolwezi","asciiname":"Kolwezi","alternatenames":["KWZ","Kolvezi","Kolwezi","Колвези"],"latitude":"-10.71484","longitude":"25.46674","feature_class":"P","feature_code":"PPL","country_code":"CD","cc2":"","admin1_code":"05","admin2_code":"","admin3_code":"","admin4_code":"","population":"418000","elevation":"","dem":"1485","timezone":"Africa/Lubumbashi","modification_date":"2011-10-27"},{"geonameid":"922806","name":"Kipushi","asciiname":"Kipushi","alternatenames":["Kipushi","Кипуши"],"latitude":"-11.76097","longitude":"27.25135","feature_class":"P","feature_code":"PPL","country_code":"CD","cc2":"","admin1_code":"05","admin2_code":"","admin3_code":"","admin4_code":"","population":"62332","elevation":"","dem":"1348","timezone":"Africa/Lubumbashi","modification_date":"2015-04-08"},{"geonameid":"923058","name":"Kambove","asciiname":"Kambove","alternatenames":["Kambove"],"latitude":"-10.87352","longitude":"26.59746","feature_class":"P","feature_code":"PPL","country_code":"CD","cc2":"","admin1_code":"05","admin2_code":"","admin3_code":"","admin4_code":"","population":"36702","elevation":"","dem":"1386","timezone":"Africa/Lubumbashi","modification_date":"2015-04-08"},{"geonameid":"2311127","name":"Tshela","asciiname":"Tshela","alternatenames":["Tshela"],"latitude":"-4.99707","longitude":"12.9484","feature_class":"P","feature_code":"PPL","country_code":"CD","cc2":"","admin1_code":"08","admin2_code":"","admin3_code":"","admin4_code":"","population":"38845","elevation":"","dem":"163","timezone":"Africa/Kinshasa","modification_date":"2013-01-10"},{"geonameid":"2311968","name":"Nioki","asciiname":"Nioki","alternatenames":["NIO","Nioki"],"latitude":"-2.72037","longitude":"17.69001","feature_class":"P","feature_code":"PPL","country_code":"CD","cc2":"","admin1_code":"01","admin2_code":"","admin3_code":"","admin4_code":"","population":"40695","elevation":"","dem":"326","timezone":"Africa/Kinshasa","modification_date":"2012-12-05"},{"geonameid":"2312249","name":"Mushie","asciiname":"Mushie","alternatenames":[""],"latitude":"-3.01728","longitude":"16.92238","feature_class":"P","feature_code":"PPL","country_code":"CD","cc2":"","admin1_code":"01","admin2_code":"","admin3_code":"","admin4_code":"","population":"33062","elevation":"","dem":"325","timezone":"Africa/Kinshasa","modification_date":"2012-12-05"},{"geonameid":"2312888","name":"Mbanza-Ngungu","asciiname":"Mbanza-Ngungu","alternatenames":["Mbanza-Ngungu","Thystad","Thysville","Мбанза-Нгунгу"],"latitude":"-5.25837","longitude":"14.85838","feature_class":"P","feature_code":"PPL","country_code":"CD","cc2":"","admin1_code":"08","admin2_code":"","admin3_code":"","admin4_code":"","population":"86356","elevation":"","dem":"735","timezone":"Africa/Kinshasa","modification_date":"2012-06-05"},{"geonameid":"2312895","name":"Mbandaka","asciiname":"Mbandaka","alternatenames":["Bandaka","Cocquilhatville","Coquilhalville","Coquilhatstad","Coquilhatville","MDK","Mbandaka","Mbándáká","Wangata","eumbandaka","mu ban da ka","mubandaka","Мбандака","ムバンダカ","姆班达卡","음반다카"],"latitude":"0.04865","longitude":"18.26034","feature_class":"P","feature_code":"PPLA","country_code":"CD","cc2":"","admin1_code":"02","admin2_code":"","admin3_code":"","admin4_code":"","population":"184185","elevation":"","dem":"315","timezone":"Africa/Kinshasa","modification_date":"2015-05-31"},{"geonameid":"2313002","name":"Matadi","asciiname":"Matadi","alternatenames":["MAT","Matadi","Matidi","matadi","Матади","מאטדי","マタディ"],"latitude":"-5.79949","longitude":"13.44068","feature_class":"P","feature_code":"PPLA","country_code":"CD","cc2":"","admin1_code":"08","admin2_code":"","admin3_code":"","admin4_code":"","population":"180109","elevation":"","dem":"342","timezone":"Africa/Kinshasa","modification_date":"2012-04-05"},{"geonameid":"2313084","name":"Mangai","asciiname":"Mangai","alternatenames":["Mangai"],"latitude":"-4.02328","longitude":"19.53385","feature_class":"P","feature_code":"PPL","country_code":"CD","cc2":"","admin1_code":"01","admin2_code":"","admin3_code":"","admin4_code":"","population":"37188","elevation":"","dem":"342","timezone":"Africa/Kinshasa","modification_date":"2013-01-10"},{"geonameid":"2313762","name":"Libenge","asciiname":"Libenge","alternatenames":["LIE","Libenge"],"latitude":"3.65332","longitude":"18.63566","feature_class":"P","feature_code":"PPL","country_code":"CD","cc2":"","admin1_code":"02","admin2_code":"","admin3_code":"","admin4_code":"","population":"27053","elevation":"","dem":"358","timezone":"Africa/Kinshasa","modification_date":"2012-05-05"},{"geonameid":"2314302","name":"Kinshasa","asciiname":"Kinshasa","alternatenames":["FIH","Gorad Kinshasa","Kinchasa","Kinsasa","Kinsaso","Kinshasa","Kinshase","Kinsjasa","Kinszasa","Kinsásá","Kinŝaso","Kinşasa","Kinšasa","Kînşasa","Leopoldstad","Leopoldville","Léopoldville","jin sha sa","jin xia sha","kin cha sa","kinasasa","kinsaca","kinsasa","kinshasa","kinsyasa","knshasa","kynshasa","Κινσάσα","Горад Кіншаса","Киншаса","Киншасе","Кіншаса","Կինշասա","קינשאזע","קינשאסה","كينشاسا","کنشاسا","کنشاسہ","کینشاسا","किन्शासा","ਕਿਨਸ਼ਾਸਾ","கின்ஷாசா","കിൻഷസ","กินชาซา","ཀིན་ཤ་ས།","ကင်ရှာဆာမြို့","კინშასა","ኪንሻሳ","キンシャサ","金夏沙","金沙薩","킨샤사"],"latitude":"-4.32758","longitude":"15.31357","feature_class":"P","feature_code":"PPLC","country_code":"CD","cc2":"","admin1_code":"06","admin2_code":"","admin3_code":"","admin4_code":"","population":"7785965","elevation":"","dem":"281","timezone":"Africa/Kinshasa","modification_date":"2014-02-10"},{"geonameid":"2314705","name":"Kikwit","asciiname":"Kikwit","alternatenames":["Kikvite","Kikwit","Kitwit","Киквите"],"latitude":"-5.04098","longitude":"18.81619","feature_class":"P","feature_code":"PPL","country_code":"CD","cc2":"","admin1_code":"01","admin2_code":"","admin3_code":"","admin4_code":"","population":"186991","elevation":"","dem":"466","timezone":"Africa/Kinshasa","modification_date":"2011-05-12"},{"geonameid":"2315026","name":"Kasongo-Lunda","asciiname":"Kasongo-Lunda","alternatenames":["KGN","Kasongo-Lunda"],"latitude":"-6.47833","longitude":"16.81735","feature_class":"P","feature_code":"PPL","country_code":"CD","cc2":"","admin1_code":"01","admin2_code":"","admin3_code":"","admin4_code":"","population":"20060","elevation":"","dem":"534","timezone":"Africa/Kinshasa","modification_date":"2012-06-05"},{"geonameid":"2315057","name":"Kasangulu","asciiname":"Kasangulu","alternatenames":["Kasangulu"],"latitude":"-4.5833","longitude":"15.16554","feature_class":"P","feature_code":"PPL","country_code":"CD","cc2":"","admin1_code":"08","admin2_code":"","admin3_code":"","admin4_code":"","population":"27961","elevation":"","dem":"413","timezone":"Africa/Kinshasa","modification_date":"2015-02-06"},{"geonameid":"2315417","name":"Inongo","asciiname":"Inongo","alternatenames":["INO","Inongo"],"latitude":"-1.9275","longitude":"18.2881","feature_class":"P","feature_code":"PPL","country_code":"CD","cc2":"","admin1_code":"01","admin2_code":"","admin3_code":"","admin4_code":"","population":"40113","elevation":"","dem":"318","timezone":"Africa/Kinshasa","modification_date":"2012-12-05"},{"geonameid":"2315728","name":"Gemena","asciiname":"Gemena","alternatenames":["GMA","Gemena","Gemene","Гемене"],"latitude":"3.25651","longitude":"19.77234","feature_class":"P","feature_code":"PPL","country_code":"CD","cc2":"","admin1_code":"02","admin2_code":"","admin3_code":"","admin4_code":"","population":"117639","elevation":"","dem":"420","timezone":"Africa/Kinshasa","modification_date":"2012-04-05"},{"geonameid":"2316259","name":"Bulungu","asciiname":"Bulungu","alternatenames":["Bulungu"],"latitude":"-4.54437","longitude":"18.60364","feature_class":"P","feature_code":"PPL","country_code":"CD","cc2":"","admin1_code":"01","admin2_code":"","admin3_code":"","admin4_code":"","population":"48344","elevation":"","dem":"400","timezone":"Africa/Kinshasa","modification_date":"2013-01-10"},{"geonameid":"2316748","name":"Bolobo","asciiname":"Bolobo","alternatenames":["Bolobo"],"latitude":"-2.158","longitude":"16.23249","feature_class":"P","feature_code":"PPL","country_code":"CD","cc2":"","admin1_code":"01","admin2_code":"","admin3_code":"","admin4_code":"","population":"27862","elevation":"","dem":"321","timezone":"Africa/Kinshasa","modification_date":"2012-12-05"},{"geonameid":"2317397","name":"Bandundu","asciiname":"Bandundu","alternatenames":["Bandundu","Banningville","FDU","Бандунду"],"latitude":"-3.31687","longitude":"17.38063","feature_class":"P","feature_code":"PPLA","country_code":"CD","cc2":"","admin1_code":"01","admin2_code":"","admin3_code":"","admin4_code":"","population":"118211","elevation":"","dem":"322","timezone":"Africa/Kinshasa","modification_date":"2012-12-05"},{"geonameid":"2593460","name":"Masina","asciiname":"Masina","alternatenames":[""],"latitude":"-4.38361","longitude":"15.39139","feature_class":"P","feature_code":"PPL","country_code":"CD","cc2":"","admin1_code":"06","admin2_code":"","admin3_code":"","admin4_code":"","population":"485167","elevation":"","dem":"288","timezone":"Africa/Kinshasa","modification_date":"2007-05-31"}]}