{"country_data":{"ISO":"DK","ISO3":"DNK","ISO_Numeric":"208","fips":"DA","country":"Denmark","capital":"Copenhagen","area":"43094","Population":"5484000","Continent":"EU","tld":".dk","CurrencyCode":"DKK","CurrencyName":"Krone","Phone":"45","Postal_Code_Format":"####","Postal_Code_Regex":"^(\\d{4})$","Languages":"da-DK,en,fo,de-DK","geonameid":"2623032","neighbours":"DE","EquivalentFipsCode":""},"cities":[{"geonameid":"2610020","name":"Vordingborg","asciiname":"Vordingborg","alternatenames":["Vordingborg","Вордингборг"],"latitude":"55.00801","longitude":"11.91057","feature_class":"P","feature_code":"PPLA2","country_code":"DK","cc2":"","admin1_code":"20","admin2_code":"390","admin3_code":"","admin4_code":"","population":"9131","elevation":"","dem":"15","timezone":"Europe/Copenhagen","modification_date":"2011-03-01"},{"geonameid":"2610075","name":"Vojens","asciiname":"Vojens","alternatenames":["SKS","Vojens"],"latitude":"55.24639","longitude":"9.30603","feature_class":"P","feature_code":"PPL","country_code":"DK","cc2":"","admin1_code":"21","admin2_code":"510","admin3_code":"","admin4_code":"","population":"8019","elevation":"","dem":"42","timezone":"Europe/Copenhagen","modification_date":"2012-01-17"},{"geonameid":"2610319","name":"Viborg","asciiname":"Viborg","alternatenames":["Viborg","Viborgas","Vimpornk","Wibergis","ZGX","biboleu","viborgi","vu~ibo","wei bao","Βίμποργκ","Виборг","Віборг","ვიბორგი","ヴィボー","維堡","비보르"],"latitude":"56.45319","longitude":"9.40201","feature_class":"P","feature_code":"PPLA","country_code":"DK","cc2":"","admin1_code":"18","admin2_code":"791","admin3_code":"","admin4_code":"","population":"34831","elevation":"","dem":"50","timezone":"Europe/Copenhagen","modification_date":"2010-01-29"},{"geonameid":"2610613","name":"Vejle","asciiname":"Vejle","alternatenames":["Vaile","Vailė","Vajle","Vejle","baille","vaile","vu~aire","wa ai lei","waylh","wile","Вайле","Вајле","Вејле","وایله","ไวเล","ვაილე","ヴァイレ","瓦埃勒","바일레"],"latitude":"55.70927","longitude":"9.5357","feature_class":"P","feature_code":"PPLA","country_code":"DK","cc2":"","admin1_code":"21","admin2_code":"630","admin3_code":"","admin4_code":"","population":"51177","elevation":"","dem":"5","timezone":"Europe/Copenhagen","modification_date":"2010-01-29"},{"geonameid":"2610634","name":"Vejen","asciiname":"Vejen","alternatenames":["Vejen"],"latitude":"55.48117","longitude":"9.13795","feature_class":"P","feature_code":"PPLA2","country_code":"DK","cc2":"","admin1_code":"21","admin2_code":"575","admin3_code":"","admin4_code":"","population":"8525","elevation":"","dem":"41","timezone":"Europe/Copenhagen","modification_date":"2014-02-06"},{"geonameid":"2610726","name":"Varde","asciiname":"Varde","alternatenames":["Varde","Варде"],"latitude":"55.62112","longitude":"8.48069","feature_class":"P","feature_code":"PPLA2","country_code":"DK","cc2":"","admin1_code":"21","admin2_code":"573","admin3_code":"","admin4_code":"","population":"12735","elevation":"","dem":"11","timezone":"Europe/Copenhagen","modification_date":"2011-03-01"},{"geonameid":"2610734","name":"Vanløse","asciiname":"Vanlose","alternatenames":["Vanlose","Vanløse"],"latitude":"55.68361","longitude":"12.48713","feature_class":"P","feature_code":"PPLX","country_code":"DK","cc2":"","admin1_code":"17","admin2_code":"101","admin3_code":"","admin4_code":"","population":"37115","elevation":"","dem":"14","timezone":"Europe/Copenhagen","modification_date":"2014-12-05"},{"geonameid":"2610789","name":"Vallensbæk","asciiname":"Vallensbaek","alternatenames":["Vallensbaek","Vallensbæk"],"latitude":"55.63333","longitude":"12.36667","feature_class":"P","feature_code":"PPLA2","country_code":"DK","cc2":"","admin1_code":"17","admin2_code":"187","admin3_code":"","admin4_code":"","population":"13500","elevation":"","dem":"5","timezone":"Europe/Copenhagen","modification_date":"2011-03-01"},{"geonameid":"2611132","name":"Tune","asciiname":"Tune","alternatenames":["Tune"],"latitude":"55.59528","longitude":"12.18319","feature_class":"P","feature_code":"PPL","country_code":"DK","cc2":"","admin1_code":"20","admin2_code":"253","admin3_code":"","admin4_code":"","population":"5168","elevation":"","dem":"40","timezone":"Europe/Copenhagen","modification_date":"2012-01-17"},{"geonameid":"2611189","name":"Trørød","asciiname":"Trorod","alternatenames":["Trorod","Trørød"],"latitude":"55.83946","longitude":"12.54432","feature_class":"P","feature_code":"PPL","country_code":"DK","cc2":"","admin1_code":"17","admin2_code":"230","admin3_code":"","admin4_code":"","population":"8576","elevation":"","dem":"21","timezone":"Europe/Copenhagen","modification_date":"2012-05-05"},{"geonameid":"2611316","name":"Tranbjerg","asciiname":"Tranbjerg","alternatenames":["Tranbjaerg","Tranbjerg","Tranbjerg J","Tranbjærg"],"latitude":"56.09011","longitude":"10.11937","feature_class":"P","feature_code":"PPL","country_code":"DK","cc2":"","admin1_code":"18","admin2_code":"751","admin3_code":"","admin4_code":"","population":"7307","elevation":"","dem":"71","timezone":"Europe/Copenhagen","modification_date":"2013-09-05"},{"geonameid":"2611497","name":"Tønder","asciiname":"Tonder","alternatenames":["Tjonner","Tonder","Tondern","Tuner","Tynne","Tønder","toeneleu","to~una","Тённер","トゥナー","퇴네르"],"latitude":"54.93306","longitude":"8.86674","feature_class":"P","feature_code":"PPLA2","country_code":"DK","cc2":"","admin1_code":"21","admin2_code":"550","admin3_code":"","admin4_code":"","population":"7841","elevation":"","dem":"3","timezone":"Europe/Copenhagen","modification_date":"2011-03-01"},{"geonameid":"2611755","name":"Thisted","asciiname":"Thisted","alternatenames":["TED","Thystad","Tisted"],"latitude":"56.95523","longitude":"8.69491","feature_class":"P","feature_code":"PPLA2","country_code":"DK","cc2":"","admin1_code":"19","admin2_code":"787","admin3_code":"","admin4_code":"","population":"13020","elevation":"","dem":"4","timezone":"Europe/Copenhagen","modification_date":"2011-03-01"},{"geonameid":"2611828","name":"Taastrup","asciiname":"Taastrup","alternatenames":["Taastrup","Tastrup","Tåstrup","Тааструп"],"latitude":"55.65173","longitude":"12.29216","feature_class":"P","feature_code":"PPLA2","country_code":"DK","cc2":"","admin1_code":"17","admin2_code":"169","admin3_code":"","admin4_code":"","population":"30977","elevation":"","dem":"19","timezone":"Europe/Copenhagen","modification_date":"2014-03-18"},{"geonameid":"2611862","name":"Tårnby","asciiname":"Tarnby","alternatenames":["Taarnby","Tarnby","Tårnby"],"latitude":"55.6303","longitude":"12.60035","feature_class":"P","feature_code":"PPLA2","country_code":"DK","cc2":"DK","admin1_code":"17","admin2_code":"185","admin3_code":"","admin4_code":"","population":"10000","elevation":"","dem":"2","timezone":"Europe/Copenhagen","modification_date":"2011-03-01"},{"geonameid":"2612045","name":"Svendborg","asciiname":"Svendborg","alternatenames":["QXV","Svenborg","Svendborg","Svennborge","svenborgi","Свендборг","Свеннборге","სვენბორგი"],"latitude":"55.05982","longitude":"10.60677","feature_class":"P","feature_code":"PPLA2","country_code":"DK","cc2":"","admin1_code":"21","admin2_code":"479","admin3_code":"","admin4_code":"","population":"27553","elevation":"","dem":"14","timezone":"Europe/Copenhagen","modification_date":"2011-03-01"},{"geonameid":"2612204","name":"Struer","asciiname":"Struer","alternatenames":["QWQ","Struehr","Struer","Струэр"],"latitude":"56.49122","longitude":"8.58376","feature_class":"P","feature_code":"PPLA2","country_code":"DK","cc2":"","admin1_code":"18","admin2_code":"671","admin3_code":"","admin4_code":"","population":"11317","elevation":"","dem":"12","timezone":"Europe/Copenhagen","modification_date":"2011-03-01"},{"geonameid":"2612500","name":"Støvring","asciiname":"Stovring","alternatenames":[""],"latitude":"56.88536","longitude":"9.83839","feature_class":"P","feature_code":"PPLA2","country_code":"DK","cc2":"","admin1_code":"19","admin2_code":"840","admin3_code":"","admin4_code":"","population":"6239","elevation":"","dem":"18","timezone":"Europe/Copenhagen","modification_date":"2012-02-08"},{"geonameid":"2612629","name":"Stenløse","asciiname":"Stenlose","alternatenames":[""],"latitude":"55.76828","longitude":"12.19723","feature_class":"P","feature_code":"PPLA2","country_code":"DK","cc2":"","admin1_code":"17","admin2_code":"240","admin3_code":"","admin4_code":"","population":"19998","elevation":"","dem":"14","timezone":"Europe/Copenhagen","modification_date":"2011-12-20"},{"geonameid":"2612710","name":"Stavnsholt","asciiname":"Stavnsholt","alternatenames":[""],"latitude":"55.81479","longitude":"12.40545","feature_class":"P","feature_code":"PPL","country_code":"DK","cc2":"","admin1_code":"17","admin2_code":"190","admin3_code":"","admin4_code":"","population":"5658","elevation":"","dem":"35","timezone":"Europe/Copenhagen","modification_date":"2011-12-20"},{"geonameid":"2612862","name":"Sorø","asciiname":"Soro","alternatenames":["Sora","Sore","Sorjo","Sorė","soloe","sore","suo lei","Соре","Сорё","ソレ","索勒","소뢰"],"latitude":"55.43184","longitude":"11.55547","feature_class":"P","feature_code":"PPLA","country_code":"DK","cc2":"","admin1_code":"20","admin2_code":"340","admin3_code":"","admin4_code":"","population":"7167","elevation":"","dem":"43","timezone":"Europe/Copenhagen","modification_date":"2011-12-20"},{"geonameid":"2613102","name":"Sønderborg","asciiname":"Sonderborg","alternatenames":["Munisipalitas Sonderborg","Munisipalitas Sønderborg","SGD","Senderborg","Sionderborgas","Sjonnenborg","Sjonnerborg","Sonderborg","Sonderburg","Synneborre","Sønderborg","senabo","senerborgi","soeneleuboleu","Сендерборг","Сондерборг","Сённенборг","Сённерборг","სენერბორგი","セナボー","쇠네르보르"],"latitude":"54.90926","longitude":"9.80737","feature_class":"P","feature_code":"PPLA2","country_code":"DK","cc2":"","admin1_code":"21","admin2_code":"540","admin3_code":"","admin4_code":"","population":"27033","elevation":"","dem":"17","timezone":"Europe/Copenhagen","modification_date":"2011-03-01"},{"geonameid":"2613233","name":"Solrød Strand","asciiname":"Solrod Strand","alternatenames":[""],"latitude":"55.53285","longitude":"12.22227","feature_class":"P","feature_code":"PPLX","country_code":"DK","cc2":"","admin1_code":"20","admin2_code":"269","admin3_code":"","admin4_code":"","population":"14845","elevation":"","dem":"2","timezone":"Europe/Copenhagen","modification_date":"2011-12-20"},{"geonameid":"2613345","name":"Smørumnedre","asciiname":"Smorumnedre","alternatenames":["Smorum","Smorumnedre","Smørum","Smørumnedre"],"latitude":"55.74232","longitude":"12.30276","feature_class":"P","feature_code":"PPL","country_code":"DK","cc2":"","admin1_code":"17","admin2_code":"240","admin3_code":"","admin4_code":"","population":"9507","elevation":"","dem":"31","timezone":"Europe/Copenhagen","modification_date":"2013-11-07"},{"geonameid":"2613451","name":"Slangerup","asciiname":"Slangerup","alternatenames":["Gmina Slangerup","Slangerup"],"latitude":"55.85","longitude":"12.18333","feature_class":"P","feature_code":"PPL","country_code":"DK","cc2":"","admin1_code":"17","admin2_code":"250","admin3_code":"","admin4_code":"","population":"6829","elevation":"","dem":"29","timezone":"Europe/Copenhagen","modification_date":"2012-01-17"},{"geonameid":"2613460","name":"Slagelse","asciiname":"Slagelse","alternatenames":["Gorad Slagel'seh","Slagel'se","Slagelse","si la e er se zi zhi shi","slagelse","Горад Слагельсэ","Слагельсе","სლაგელსე","斯拉厄爾瑟自治市"],"latitude":"55.40276","longitude":"11.35459","feature_class":"P","feature_code":"PPLA2","country_code":"DK","cc2":"","admin1_code":"20","admin2_code":"330","admin3_code":"","admin4_code":"","population":"31896","elevation":"","dem":"51","timezone":"Europe/Copenhagen","modification_date":"2011-03-01"},{"geonameid":"2613694","name":"Skælskør","asciiname":"Skaelskor","alternatenames":["Skaelskor","Skjelskor","Skjelskör","Skælskør"],"latitude":"55.25058","longitude":"11.29352","feature_class":"P","feature_code":"PPL","country_code":"DK","cc2":"","admin1_code":"20","admin2_code":"330","admin3_code":"","admin4_code":"","population":"6455","elevation":"","dem":"4","timezone":"Europe/Copenhagen","modification_date":"2012-01-17"},{"geonameid":"2613715","name":"Skjern","asciiname":"Skjern","alternatenames":["Gmina Skjern","STA","Skern","Skerne","Skjern"],"latitude":"55.95","longitude":"8.5","feature_class":"P","feature_code":"PPL","country_code":"DK","cc2":"","admin1_code":"18","admin2_code":"760","admin3_code":"","admin4_code":"","population":"7145","elevation":"","dem":"9","timezone":"Europe/Copenhagen","modification_date":"2013-05-09"},{"geonameid":"2613731","name":"Skive","asciiname":"Skive","alternatenames":["SQW","Skive","Скиве"],"latitude":"56.56381","longitude":"9.04025","feature_class":"P","feature_code":"PPLA2","country_code":"DK","cc2":"","admin1_code":"18","admin2_code":"779","admin3_code":"","admin4_code":"","population":"20815","elevation":"","dem":"1","timezone":"Europe/Copenhagen","modification_date":"2014-02-06"},{"geonameid":"2613887","name":"Skanderborg","asciiname":"Skanderborg","alternatenames":["Skanderborg"],"latitude":"56.03991","longitude":"9.9272","feature_class":"P","feature_code":"PPLA2","country_code":"DK","cc2":"","admin1_code":"18","admin2_code":"746","admin3_code":"","admin4_code":"","population":"13543","elevation":"","dem":"36","timezone":"Europe/Copenhagen","modification_date":"2011-03-01"},{"geonameid":"2613939","name":"Skagen","asciiname":"Skagen","alternatenames":["Gorad Skagen","QJV","Skagen","Skagenas","askagn","si ka en","Горад Скаген","Скаген","اسکاگن","斯卡恩"],"latitude":"57.72093","longitude":"10.58394","feature_class":"P","feature_code":"PPL","country_code":"DK","cc2":"","admin1_code":"19","admin2_code":"813","admin3_code":"","admin4_code":"","population":"9747","elevation":"","dem":"3","timezone":"Europe/Copenhagen","modification_date":"2011-12-20"},{"geonameid":"2614030","name":"Silkeborg","asciiname":"Silkeborg","alternatenames":["Sil'keborg","Silkeborg","Silkeborgas","XAH","shirukebo","silkeboleu","xi er ke bao","Силкеборг","Силькеборг","სილკებორგი","シルケボー","锡尔克堡","실케보르"],"latitude":"56.1697","longitude":"9.54508","feature_class":"P","feature_code":"PPLA2","country_code":"DK","cc2":"","admin1_code":"18","admin2_code":"740","admin3_code":"","admin4_code":"","population":"41674","elevation":"","dem":"19","timezone":"Europe/Copenhagen","modification_date":"2011-03-01"},{"geonameid":"2614172","name":"Sæby","asciiname":"Saeby","alternatenames":["Saeby","Sæby"],"latitude":"57.33188","longitude":"10.52251","feature_class":"P","feature_code":"PPL","country_code":"DK","cc2":"","admin1_code":"19","admin2_code":"813","admin3_code":"","admin4_code":"","population":"8435","elevation":"","dem":"8","timezone":"Europe/Copenhagen","modification_date":"2012-01-17"},{"geonameid":"2614481","name":"Roskilde","asciiname":"Roskilde","alternatenames":["Hroarskelda","Hróarskelda","RKE","Roskil'de","Roskilde","Roskildė","Roskille","loseukille","luo si ji lei","rosukire","rx ski ld","Роскилде","Роскилле","Роскильде","Роскілле","รอสกิลด์","როსკილე","ロスキレ","罗斯基勒","로스킬레"],"latitude":"55.64152","longitude":"12.08035","feature_class":"P","feature_code":"PPLA2","country_code":"DK","cc2":"","admin1_code":"20","admin2_code":"265","admin3_code":"","admin4_code":"","population":"44285","elevation":"","dem":"41","timezone":"Europe/Copenhagen","modification_date":"2011-03-01"},{"geonameid":"2614553","name":"Rønne","asciiname":"Ronne","alternatenames":["Gorad Roneh","RNN","Rene","Rione","Rionė","Rjonne","Ronne","Rønne","ZDY","rene","Горад Ронэ","Рене","Рённе","レネ"],"latitude":"55.10091","longitude":"14.70664","feature_class":"P","feature_code":"PPLA2","country_code":"DK","cc2":"","admin1_code":"17","admin2_code":"400","admin3_code":"","admin4_code":"","population":"13890","elevation":"","dem":"22","timezone":"Europe/Copenhagen","modification_date":"2013-06-16"},{"geonameid":"2614600","name":"Rødovre","asciiname":"Rodovre","alternatenames":["Rodovre","Rødovre"],"latitude":"55.68062","longitude":"12.45373","feature_class":"P","feature_code":"PPLA2","country_code":"DK","cc2":"","admin1_code":"17","admin2_code":"175","admin3_code":"","admin4_code":"","population":"30000","elevation":"","dem":"20","timezone":"Europe/Copenhagen","modification_date":"2011-03-01"},{"geonameid":"2614611","name":"Rødekro","asciiname":"Rodekro","alternatenames":["Gmina Rodekro","Gmina Rødekro","Rodekro","Rødekro"],"latitude":"55.07015","longitude":"9.31641","feature_class":"P","feature_code":"PPL","country_code":"DK","cc2":"","admin1_code":"21","admin2_code":"580","admin3_code":"","admin4_code":"","population":"5452","elevation":"","dem":"42","timezone":"Europe/Copenhagen","modification_date":"2012-01-17"},{"geonameid":"2614764","name":"Ringsted","asciiname":"Ringsted","alternatenames":["Ringsted","ling si tai ci","Рингстед","რინგსტედი","灵斯泰兹"],"latitude":"55.4426","longitude":"11.79011","feature_class":"P","feature_code":"PPLA2","country_code":"DK","cc2":"","admin1_code":"20","admin2_code":"329","admin3_code":"","admin4_code":"","population":"20188","elevation":"","dem":"54","timezone":"Europe/Copenhagen","modification_date":"2011-03-01"},{"geonameid":"2614776","name":"Ringkøbing","asciiname":"Ringkobing","alternatenames":["Ringkjobing","Ringkjöbing","Ringkobing","Ringkøbing"],"latitude":"56.09006","longitude":"8.24402","feature_class":"P","feature_code":"PPLA2","country_code":"DK","cc2":"","admin1_code":"18","admin2_code":"760","admin3_code":"","admin4_code":"","population":"9315","elevation":"","dem":"8","timezone":"Europe/Copenhagen","modification_date":"2011-12-20"},{"geonameid":"2614813","name":"Ribe","asciiname":"Ribe","alternatenames":["Ribe","li bo","libe","ribe","rybh","Рибе","ریبه","リーベ","里伯","리베"],"latitude":"55.33051","longitude":"8.76966","feature_class":"P","feature_code":"PPL","country_code":"DK","cc2":"","admin1_code":"21","admin2_code":"561","admin3_code":"","admin4_code":"","population":"7983","elevation":"","dem":"5","timezone":"Europe/Copenhagen","modification_date":"2010-07-21"},{"geonameid":"2615006","name":"Randers","asciiname":"Randers","alternatenames":["Randers","Randersa","Randersas","Ranners","Ranters","ZIR","lan ne si","laneleuseu","ra nex s","ranasu","randrs","ranersi","Ράντερς","Рандерс","Раннерс","راندرس","رانڈرز","ราเนอส์","რანერსი","ラナース","蘭訥斯","라네르스"],"latitude":"56.4607","longitude":"10.03639","feature_class":"P","feature_code":"PPLA2","country_code":"DK","cc2":"","admin1_code":"18","admin2_code":"730","admin3_code":"","admin4_code":"","population":"55780","elevation":"","dem":"12","timezone":"Europe/Copenhagen","modification_date":"2014-02-06"},{"geonameid":"2615730","name":"Ølstykke","asciiname":"Olstykke","alternatenames":["Olstykke","Ølstykke"],"latitude":"55.79567","longitude":"12.15509","feature_class":"P","feature_code":"PPL","country_code":"DK","cc2":"","admin1_code":"17","admin2_code":"240","admin3_code":"","admin4_code":"","population":"5348","elevation":"","dem":"22","timezone":"Europe/Copenhagen","modification_date":"2012-02-01"},{"geonameid":"2615876","name":"Odense","asciiname":"Odense","alternatenames":["Gorad Odehnseh","ODE","Odensa","Odense","Odensė","Odinsve","Ontense","Othania","adnsh","awdnsh","odense","ou deng sai","xo den se","Óðinsvé","Οντένσε","Горад Одэнсэ","Оденсе","Օդենսե","אודנזה","أودنسه","ادنسه","اوڈینس","โอเดนเซ","ოდენსე","オーデンセ","欧登塞","오덴세"],"latitude":"55.39594","longitude":"10.38831","feature_class":"P","feature_code":"PPLA2","country_code":"DK","cc2":"","admin1_code":"21","admin2_code":"461","admin3_code":"","admin4_code":"","population":"145931","elevation":"","dem":"17","timezone":"Europe/Copenhagen","modification_date":"2011-03-01"},{"geonameid":"2615886","name":"Odder","asciiname":"Odder","alternatenames":["Odder","Оддер"],"latitude":"55.97313","longitude":"10.153","feature_class":"P","feature_code":"PPLA2","country_code":"DK","cc2":"","admin1_code":"18","admin2_code":"727","admin3_code":"","admin4_code":"","population":"11009","elevation":"","dem":"11","timezone":"Europe/Copenhagen","modification_date":"2011-03-01"},{"geonameid":"2615961","name":"Nykøbing Falster","asciiname":"Nykobing Falster","alternatenames":["Nikebing Falster","Niukiobingas","Njukebing Fal'ster","Njukjobing Fal'ster","Nykjobing","Никебинг Фалстер","Нюкебінґ Фальстер","Нюкёбинг Фальстер","ニュークビン・ファルスター"],"latitude":"54.76906","longitude":"11.87425","feature_class":"P","feature_code":"PPLA2","country_code":"DK","cc2":"","admin1_code":"20","admin2_code":"376","admin3_code":"","admin4_code":"","population":"16807","elevation":"","dem":"2","timezone":"Europe/Copenhagen","modification_date":"2011-12-20"},{"geonameid":"2615962","name":"Nykøbing Sjælland","asciiname":"Nykobing Sjaelland","alternatenames":["Nykiobing","Nykiöbing","Nykjobing","Nykjöbing"],"latitude":"55.92491","longitude":"11.67109","feature_class":"P","feature_code":"PPL","country_code":"DK","cc2":"","admin1_code":"20","admin2_code":"306","admin3_code":"","admin4_code":"","population":"5596","elevation":"","dem":"15","timezone":"Europe/Copenhagen","modification_date":"2014-03-01"},{"geonameid":"2615964","name":"Nykøbing Mors","asciiname":"Nykobing Mors","alternatenames":["Nykjobing","Nykjöbing","Nykobing","Nykøbing"],"latitude":"56.79334","longitude":"8.85282","feature_class":"P","feature_code":"PPLA2","country_code":"DK","cc2":"","admin1_code":"19","admin2_code":"773","admin3_code":"","admin4_code":"","population":"9326","elevation":"","dem":"5","timezone":"Europe/Copenhagen","modification_date":"2011-12-20"},{"geonameid":"2616015","name":"Nyborg","asciiname":"Nyborg","alternatenames":["Njuborg","Nyborg","ni bao zi zhi shi","Нюборг","尼堡自治市"],"latitude":"55.31274","longitude":"10.78964","feature_class":"P","feature_code":"PPLA2","country_code":"DK","cc2":"","admin1_code":"21","admin2_code":"450","admin3_code":"","admin4_code":"","population":"15826","elevation":"","dem":"7","timezone":"Europe/Copenhagen","modification_date":"2011-03-01"},{"geonameid":"2616038","name":"Næstved","asciiname":"Naestved","alternatenames":["Naestved","Nestved","Nestvedas","nai si te wei ci","neseuteubedeu","nesutovu~ezu","Нествед","ნესტვედი","ネストヴェズ","奈斯特韦兹","네스트베드"],"latitude":"55.22992","longitude":"11.76092","feature_class":"P","feature_code":"PPLA2","country_code":"DK","cc2":"","admin1_code":"20","admin2_code":"370","admin3_code":"","admin4_code":"","population":"40660","elevation":"","dem":"16","timezone":"Europe/Copenhagen","modification_date":"2011-03-01"},{"geonameid":"2616176","name":"Nordborg","asciiname":"Nordborg","alternatenames":["Gmina Nordborg","Nordborg","Nordburg"],"latitude":"55.05732","longitude":"9.7408","feature_class":"P","feature_code":"PPL","country_code":"DK","cc2":"","admin1_code":"21","admin2_code":"540","admin3_code":"","admin4_code":"","population":"7406","elevation":"","dem":"15","timezone":"Europe/Copenhagen","modification_date":"2012-01-17"},{"geonameid":"2616450","name":"Nivå","asciiname":"Niva","alternatenames":["Niva","Nivaa","Nivå"],"latitude":"55.93405","longitude":"12.50485","feature_class":"P","feature_code":"PPL","country_code":"DK","cc2":"","admin1_code":"17","admin2_code":"210","admin3_code":"","admin4_code":"","population":"8035","elevation":"","dem":"8","timezone":"Europe/Copenhagen","modification_date":"2012-01-17"},{"geonameid":"2616540","name":"Neder Holluf","asciiname":"Neder Holluf","alternatenames":[""],"latitude":"55.36451","longitude":"10.44824","feature_class":"P","feature_code":"PPL","country_code":"DK","cc2":"","admin1_code":"21","admin2_code":"461","admin3_code":"","admin4_code":"","population":"5612","elevation":"","dem":"17","timezone":"Europe/Copenhagen","modification_date":"2011-12-20"},{"geonameid":"2616599","name":"Nakskov","asciiname":"Nakskov","alternatenames":["Nakskov","Nakskovas","Naskov","Наксков"],"latitude":"54.83734","longitude":"11.12839","feature_class":"P","feature_code":"PPL","country_code":"DK","cc2":"","admin1_code":"20","admin2_code":"360","admin3_code":"","admin4_code":"","population":"14081","elevation":"","dem":"0","timezone":"Europe/Copenhagen","modification_date":"2012-01-17"},{"geonameid":"2616672","name":"Munkebo","asciiname":"Munkebo","alternatenames":["Munkebo"],"latitude":"55.46184","longitude":"10.55577","feature_class":"P","feature_code":"PPL","country_code":"DK","cc2":"","admin1_code":"21","admin2_code":"440","admin3_code":"","admin4_code":"","population":"5225","elevation":"","dem":"16","timezone":"Europe/Copenhagen","modification_date":"2012-01-17"},{"geonameid":"2616933","name":"Middelfart","asciiname":"Middelfart","alternatenames":["Middel'fart","Миддельфарт"],"latitude":"55.50591","longitude":"9.73054","feature_class":"P","feature_code":"PPLA2","country_code":"DK","cc2":"","admin1_code":"21","admin2_code":"410","admin3_code":"","admin4_code":"","population":"13596","elevation":"","dem":"4","timezone":"Europe/Copenhagen","modification_date":"2011-03-01"},{"geonameid":"2617072","name":"Maribo","asciiname":"Maribo","alternatenames":["MRW","Maribo","Марибо"],"latitude":"54.77662","longitude":"11.50017","feature_class":"P","feature_code":"PPLA2","country_code":"DK","cc2":"","admin1_code":"20","admin2_code":"360","admin3_code":"","admin4_code":"","population":"5349","elevation":"","dem":"13","timezone":"Europe/Copenhagen","modification_date":"2011-12-20"},{"geonameid":"2617112","name":"Måløv","asciiname":"Malov","alternatenames":["Maalov","Maaløv","Malov","Måløv"],"latitude":"55.75528","longitude":"12.32327","feature_class":"P","feature_code":"PPL","country_code":"DK","cc2":"","admin1_code":"17","admin2_code":"151","admin3_code":"","admin4_code":"","population":"8513","elevation":"","dem":"36","timezone":"Europe/Copenhagen","modification_date":"2012-01-17"},{"geonameid":"2617176","name":"Lystrup","asciiname":"Lystrup","alternatenames":["Lystrup"],"latitude":"56.2375","longitude":"10.23778","feature_class":"P","feature_code":"PPL","country_code":"DK","cc2":"","admin1_code":"18","admin2_code":"751","admin3_code":"","admin4_code":"","population":"9107","elevation":"","dem":"48","timezone":"Europe/Copenhagen","modification_date":"2012-01-17"},{"geonameid":"2617463","name":"Løgten","asciiname":"Logten","alternatenames":[""],"latitude":"56.27459","longitude":"10.31181","feature_class":"P","feature_code":"PPL","country_code":"DK","cc2":"","admin1_code":"18","admin2_code":"751","admin3_code":"","admin4_code":"","population":"5048","elevation":"","dem":"69","timezone":"Europe/Copenhagen","modification_date":"2011-12-20"},{"geonameid":"2617626","name":"Værløse","asciiname":"Vaerlose","alternatenames":["Lille Vaerlose","Lille Værløse","Vaerlose","Værløse"],"latitude":"55.78251","longitude":"12.36856","feature_class":"P","feature_code":"PPL","country_code":"DK","cc2":"","admin1_code":"17","admin2_code":"190","admin3_code":"","admin4_code":"","population":"12842","elevation":"","dem":"47","timezone":"Europe/Copenhagen","modification_date":"2012-01-17"},{"geonameid":"2617658","name":"Lillerød","asciiname":"Lillerod","alternatenames":[""],"latitude":"55.87496","longitude":"12.34579","feature_class":"P","feature_code":"PPLA2","country_code":"DK","cc2":"","admin1_code":"17","admin2_code":"201","admin3_code":"","admin4_code":"","population":"15359","elevation":"","dem":"45","timezone":"Europe/Copenhagen","modification_date":"2011-12-20"},{"geonameid":"2617812","name":"Lemvig","asciiname":"Lemvig","alternatenames":["Lemvig","Лемвиг"],"latitude":"56.54856","longitude":"8.31019","feature_class":"P","feature_code":"PPLA2","country_code":"DK","cc2":"","admin1_code":"18","admin2_code":"665","admin3_code":"","admin4_code":"","population":"7330","elevation":"","dem":"5","timezone":"Europe/Copenhagen","modification_date":"2011-03-01"},{"geonameid":"2618361","name":"Korsør","asciiname":"Korsor","alternatenames":["Korsor","Korsør"],"latitude":"55.32993","longitude":"11.13857","feature_class":"P","feature_code":"PPL","country_code":"DK","cc2":"","admin1_code":"20","admin2_code":"330","admin3_code":"","admin4_code":"","population":"15029","elevation":"","dem":"2","timezone":"Europe/Copenhagen","modification_date":"2011-12-20"},{"geonameid":"2618415","name":"Køge","asciiname":"Koge","alternatenames":["Kege","Keje","Kioge","Kiogė","Kjoge","Koge","Køge","ke e","koie","kyuge","Кеге","Кеје","Кёге","კეგე","キューゲ","克厄","코이에"],"latitude":"55.45802","longitude":"12.18214","feature_class":"P","feature_code":"PPLA2","country_code":"DK","cc2":"","admin1_code":"20","admin2_code":"259","admin3_code":"","admin4_code":"","population":"33885","elevation":"","dem":"4","timezone":"Europe/Copenhagen","modification_date":"2011-03-01"},{"geonameid":"2618425","name":"Copenhagen","asciiname":"Copenhagen","alternatenames":["CPH","Cobanhavan","Copenaga","Copenaghen","Copenaguen","Copenhaga","Copenhagen","Copenhague","Copenhaguen","Copenhaguen - Kobenhavn","Copenhaguen - København","Cóbanhávan","Hafnia","Kapehngagen","Kaupmannahoefn","Kaupmannahöfn","Keypmannahavn","Kjobenhavn","Kjopenhamn","Kjøpenhamn","Kobenhamman","Kobenhaven","Kobenhavn","Kodan","Kodaň","Koebenhavn","Koeoepenhamina","Koepenhamn","Kopenage","Kopenchage","Kopengagen","Kopenhaagen","Kopenhag","Kopenhaga","Kopenhage","Kopenhagen","Kopenhagena","Kopenhago","Kopenhāgena","Kopenkhagen","Koppenhaga","Koppenhága","Kòpenhaga","Köbenhavn","Köpenhamn","Kööpenhamina","København","Københámman","ge ben ha gen","khopenheken","kopanahagana","kopenahagena","kopenahegena","kopenhagen","kwbnhaghn","kwpnhgn","qwpnhgn","Κοπεγχάγη","Капэнгаген","Копенгаген","Копенхаген","Կոպենհագեն","קופנהאגן","קופנהגן","كوبنهاغن","كوپېنھاگېن","ܟܘܦܢܗܓܢ","कोपनहागन","কোপেনহাগেন","কোপেনহেগেন","โคเปนเฮเกน","ཀའོ་པེན་ཧ་ཀེན","კოპენჰაგენი","ኮፐንሀገን","ኮፕንሀግ","コペンハーゲン","哥本哈根","코펜하겐"],"latitude":"55.67594","longitude":"12.56553","feature_class":"P","feature_code":"PPLC","country_code":"DK","cc2":"","admin1_code":"17","admin2_code":"101","admin3_code":"","admin4_code":"","population":"1153615","elevation":"","dem":"14","timezone":"Europe/Copenhagen","modification_date":"2012-11-26"},{"geonameid":"2618468","name":"Kongens Lyngby","asciiname":"Kongens Lyngby","alternatenames":["Kgs. Lyngby","Konigs Lyngby","Lyngby"],"latitude":"55.77044","longitude":"12.50378","feature_class":"P","feature_code":"PPLA2","country_code":"DK","cc2":"DK","admin1_code":"17","admin2_code":"173","admin3_code":"","admin4_code":"","population":"10600","elevation":"","dem":"25","timezone":"Europe/Copenhagen","modification_date":"2014-02-27"},{"geonameid":"2618489","name":"Kolt","asciiname":"Kolt","alternatenames":[""],"latitude":"56.10845","longitude":"10.06986","feature_class":"P","feature_code":"PPL","country_code":"DK","cc2":"","admin1_code":"18","admin2_code":"751","admin3_code":"","admin4_code":"","population":"5061","elevation":"","dem":"75","timezone":"Europe/Copenhagen","modification_date":"2011-12-20"},{"geonameid":"2618528","name":"Kolding","asciiname":"Kolding","alternatenames":["Kol'ding","Kolding","Koldinga","Koldingas","Koldingo","ZBT","ke ling","khxleng","kolling","koringu","kwldyng","Колдинг","Кольдинг","کولدینگ","کولڈنگ","คอเลง","კოლინგი","コリング","科靈","콜링"],"latitude":"55.4904","longitude":"9.47216","feature_class":"P","feature_code":"PPLA2","country_code":"DK","cc2":"","admin1_code":"21","admin2_code":"621","admin3_code":"","admin4_code":"","population":"55363","elevation":"","dem":"8","timezone":"Europe/Copenhagen","modification_date":"2011-03-01"},{"geonameid":"2618944","name":"Kerteminde","asciiname":"Kerteminde","alternatenames":["Kierteminde","Kjerteminde"],"latitude":"55.44903","longitude":"10.65769","feature_class":"P","feature_code":"PPLA2","country_code":"DK","cc2":"","admin1_code":"21","admin2_code":"440","admin3_code":"","admin4_code":"","population":"5748","elevation":"","dem":"5","timezone":"Europe/Copenhagen","modification_date":"2011-03-01"},{"geonameid":"2619154","name":"Kalundborg","asciiname":"Kalundborg","alternatenames":["Kallundborg","Kalundborg"],"latitude":"55.67954","longitude":"11.08864","feature_class":"P","feature_code":"PPLA2","country_code":"DK","cc2":"","admin1_code":"20","admin2_code":"326","admin3_code":"","admin4_code":"","population":"15939","elevation":"","dem":"3","timezone":"Europe/Copenhagen","modification_date":"2011-03-01"},{"geonameid":"2619216","name":"Jyllinge","asciiname":"Jyllinge","alternatenames":["Jyllinge"],"latitude":"55.75843","longitude":"12.11227","feature_class":"P","feature_code":"PPL","country_code":"DK","cc2":"","admin1_code":"20","admin2_code":"265","admin3_code":"","admin4_code":"","population":"9981","elevation":"","dem":"18","timezone":"Europe/Copenhagen","modification_date":"2012-01-17"},{"geonameid":"2619377","name":"Ishøj","asciiname":"Ishoj","alternatenames":["Ishoj","Ishøj"],"latitude":"55.61543","longitude":"12.35182","feature_class":"P","feature_code":"PPLA2","country_code":"DK","cc2":"","admin1_code":"17","admin2_code":"183","admin3_code":"","admin4_code":"","population":"19453","elevation":"","dem":"4","timezone":"Europe/Copenhagen","modification_date":"2011-03-01"},{"geonameid":"2619426","name":"Ikast","asciiname":"Ikast","alternatenames":["QLZ"],"latitude":"56.13883","longitude":"9.15768","feature_class":"P","feature_code":"PPLA2","country_code":"DK","cc2":"","admin1_code":"18","admin2_code":"756","admin3_code":"","admin4_code":"","population":"14692","elevation":"","dem":"81","timezone":"Europe/Copenhagen","modification_date":"2011-12-20"},{"geonameid":"2619528","name":"Hvidovre","asciiname":"Hvidovre","alternatenames":["Hvidovre","Khvidovre","Хвидовре"],"latitude":"55.65719","longitude":"12.47364","feature_class":"P","feature_code":"PPLA2","country_code":"DK","cc2":"","admin1_code":"17","admin2_code":"167","admin3_code":"","admin4_code":"","population":"49380","elevation":"","dem":"9","timezone":"Europe/Copenhagen","modification_date":"2011-03-01"},{"geonameid":"2619650","name":"Hundested","asciiname":"Hundested","alternatenames":["Gmina Hundested","Hundested"],"latitude":"55.96667","longitude":"11.86667","feature_class":"P","feature_code":"PPL","country_code":"DK","cc2":"","admin1_code":"17","admin2_code":"260","admin3_code":"","admin4_code":"","population":"8615","elevation":"","dem":"16","timezone":"Europe/Copenhagen","modification_date":"2012-01-17"},{"geonameid":"2619669","name":"Humlebæk","asciiname":"Humlebaek","alternatenames":[""],"latitude":"55.9618","longitude":"12.5341","feature_class":"P","feature_code":"PPL","country_code":"DK","cc2":"","admin1_code":"17","admin2_code":"210","admin3_code":"","admin4_code":"","population":"8965","elevation":"","dem":"15","timezone":"Europe/Copenhagen","modification_date":"2011-12-21"},{"geonameid":"2619771","name":"Horsens","asciiname":"Horsens","alternatenames":["Horsens","Horsensas","Khorsens","h xr sens","holeusenseu","horsensi","hosensu","huo er sen si","hwrsyns","hwrzns","Хорсенс","هورزنس","هورسينس","ہارسنز","ฮอร์เซนส์","ჰორსენსი","ホーセンス","霍尔森斯","호르센스"],"latitude":"55.86066","longitude":"9.85034","feature_class":"P","feature_code":"PPLA2","country_code":"DK","cc2":"","admin1_code":"18","admin2_code":"615","admin3_code":"","admin4_code":"","population":"50074","elevation":"","dem":"4","timezone":"Europe/Copenhagen","modification_date":"2011-03-01"},{"geonameid":"2619856","name":"Hørsholm","asciiname":"Horsholm","alternatenames":["Horsholm","Hørsholm","Kherskhol'm","Херсхольм"],"latitude":"55.88098","longitude":"12.50111","feature_class":"P","feature_code":"PPLA2","country_code":"DK","cc2":"","admin1_code":"17","admin2_code":"223","admin3_code":"","admin4_code":"","population":"36670","elevation":"","dem":"29","timezone":"Europe/Copenhagen","modification_date":"2014-02-06"},{"geonameid":"2619860","name":"Hørning","asciiname":"Horning","alternatenames":["Horning","Hørning"],"latitude":"56.08701","longitude":"10.03716","feature_class":"P","feature_code":"PPL","country_code":"DK","cc2":"","admin1_code":"18","admin2_code":"746","admin3_code":"","admin4_code":"","population":"6085","elevation":"","dem":"68","timezone":"Europe/Copenhagen","modification_date":"2012-05-05"},{"geonameid":"2620046","name":"Holstebro","asciiname":"Holstebro","alternatenames":["Holstebro","Khol'stebro","Kholstebro","Kholtesbro","QWO","huo er si te bu luo","Холстебро","Холтесбро","Хольстебро","ჰოლსტებრო","霍爾斯特布羅"],"latitude":"56.36009","longitude":"8.61607","feature_class":"P","feature_code":"PPLA2","country_code":"DK","cc2":"","admin1_code":"18","admin2_code":"661","admin3_code":"","admin4_code":"","population":"32072","elevation":"","dem":"16","timezone":"Europe/Copenhagen","modification_date":"2011-03-01"},{"geonameid":"2620147","name":"Holbæk","asciiname":"Holbaek","alternatenames":["Holbaek","Holbekas","Holbæk","Hollbaek","Hollbæk","Khol'bek","Kholbek","Холбек","Хольбек","ჰოლბეკი"],"latitude":"55.71354","longitude":"11.7169","feature_class":"P","feature_code":"PPLA2","country_code":"DK","cc2":"","admin1_code":"20","admin2_code":"316","admin3_code":"","admin4_code":"","population":"24544","elevation":"","dem":"16","timezone":"Europe/Copenhagen","modification_date":"2014-02-06"},{"geonameid":"2620167","name":"Hobro","asciiname":"Hobro","alternatenames":["Hobro","Khobro","Хобро"],"latitude":"56.64306","longitude":"9.79029","feature_class":"P","feature_code":"PPLA2","country_code":"DK","cc2":"","admin1_code":"19","admin2_code":"846","admin3_code":"","admin4_code":"","population":"11064","elevation":"","dem":"12","timezone":"Europe/Copenhagen","modification_date":"2012-02-08"},{"geonameid":"2620214","name":"Hjørring","asciiname":"Hjorring","alternatenames":["Hjoerring","Hjorring","Hjörring","Hjørring","Jering","Khjoring","ieringi","Јеринг","Хјоринг","იერინგი"],"latitude":"57.46417","longitude":"9.98229","feature_class":"P","feature_code":"PPLA2","country_code":"DK","cc2":"","admin1_code":"19","admin2_code":"860","admin3_code":"","admin4_code":"","population":"24634","elevation":"","dem":"51","timezone":"Europe/Copenhagen","modification_date":"2011-03-01"},{"geonameid":"2620279","name":"Hirtshals","asciiname":"Hirtshals","alternatenames":["Hirtshals","Khirtskhal's","Lilleheden Hornsnaes","Lilleheden Hornsnæs","XAJ","Хиртсхальс"],"latitude":"57.58812","longitude":"9.95922","feature_class":"P","feature_code":"PPL","country_code":"DK","cc2":"","admin1_code":"19","admin2_code":"860","admin3_code":"","admin4_code":"","population":"6653","elevation":"","dem":"16","timezone":"Europe/Copenhagen","modification_date":"2011-12-20"},{"geonameid":"2620288","name":"Hinnerup","asciiname":"Hinnerup","alternatenames":["Gmina Hinnerup","Hinnerup","Hinnerup-Broby","Khinnerup","Хиннеруп"],"latitude":"56.26608","longitude":"10.06299","feature_class":"P","feature_code":"PPLA2","country_code":"DK","cc2":"","admin1_code":"18","admin2_code":"710","admin3_code":"","admin4_code":"","population":"7055","elevation":"","dem":"30","timezone":"Europe/Copenhagen","modification_date":"2012-02-08"},{"geonameid":"2620320","name":"Hillerød","asciiname":"Hillerod","alternatenames":["Hillerod","Hillerød","Khillerod","hylrwd","Хиллерод","הילרוד"],"latitude":"55.92791","longitude":"12.30081","feature_class":"P","feature_code":"PPLA","country_code":"DK","cc2":"","admin1_code":"17","admin2_code":"219","admin3_code":"","admin4_code":"","population":"30853","elevation":"","dem":"29","timezone":"Europe/Copenhagen","modification_date":"2013-11-17"},{"geonameid":"2620425","name":"Herning","asciiname":"Herning","alternatenames":["Gerning","Herning","Herningas","Kherning","Munisipalitas Herning","Munisipaliti Herning","ZRY","hai ning","heaningu","herningi","Гернінг","Хернинг","ჰერნინგი","ヘアニング","海宁"],"latitude":"56.13932","longitude":"8.97378","feature_class":"P","feature_code":"PPLA2","country_code":"DK","cc2":"","admin1_code":"18","admin2_code":"657","admin3_code":"","admin4_code":"","population":"44763","elevation":"","dem":"58","timezone":"Europe/Copenhagen","modification_date":"2011-03-01"},{"geonameid":"2620473","name":"Helsingør","asciiname":"Helsingor","alternatenames":["Elseneur","Elsinoer","Elsinor","Elsinore","Elsinör","Gel'singer","Gorad Khel'singjor","Helsingioras","Helsingjaeyri","Helsingoer","Helsingor","Helsingör","Helsingør","Khel'singjor","Khelsinger","he er xin ge","hel singnge xr","helsing-oeleu","helsingeri","herushingeru","hylysynkwr","xi xing jia","Гельсінгер","Горад Хельсінгёр","Хелсингер","Хельсингёр","هيليسينكور","เฮลซิงเงอร์","ჰელსინგერი","ヘルシンゲル","希星加","赫爾辛格","헬싱외르"],"latitude":"56.03606","longitude":"12.6136","feature_class":"P","feature_code":"PPLA2","country_code":"DK","cc2":"","admin1_code":"17","admin2_code":"217","admin3_code":"","admin4_code":"","population":"35048","elevation":"","dem":"8","timezone":"Europe/Copenhagen","modification_date":"2011-03-01"},{"geonameid":"2620476","name":"Helsinge","asciiname":"Helsinge","alternatenames":["Khel'singe","Хельсинге"],"latitude":"56.02283","longitude":"12.19752","feature_class":"P","feature_code":"PPLA2","country_code":"DK","cc2":"","admin1_code":"17","admin2_code":"270","admin3_code":"","admin4_code":"","population":"7354","elevation":"","dem":"31","timezone":"Europe/Copenhagen","modification_date":"2011-12-20"},{"geonameid":"2620528","name":"Hellebæk","asciiname":"Hellebaek","alternatenames":["Hellebaek","Hellebæk"],"latitude":"56.06823","longitude":"12.55782","feature_class":"P","feature_code":"PPL","country_code":"DK","cc2":"","admin1_code":"17","admin2_code":"217","admin3_code":"","admin4_code":"","population":"5243","elevation":"","dem":"13","timezone":"Europe/Copenhagen","modification_date":"2012-01-17"},{"geonameid":"2620583","name":"Hedensted","asciiname":"Hedensted","alternatenames":[""],"latitude":"55.77043","longitude":"9.7011","feature_class":"P","feature_code":"PPLA2","country_code":"DK","cc2":"","admin1_code":"18","admin2_code":"766","admin3_code":"","admin4_code":"","population":"10048","elevation":"","dem":"65","timezone":"Europe/Copenhagen","modification_date":"2011-03-01"},{"geonameid":"2620712","name":"Haslev","asciiname":"Haslev","alternatenames":["Khaslev","Хаслев"],"latitude":"55.32346","longitude":"11.96389","feature_class":"P","feature_code":"PPLA2","country_code":"DK","cc2":"","admin1_code":"20","admin2_code":"320","admin3_code":"","admin4_code":"","population":"10588","elevation":"","dem":"51","timezone":"Europe/Copenhagen","modification_date":"2011-12-20"},{"geonameid":"2620835","name":"Hammel","asciiname":"Hammel","alternatenames":["Gmina Hammel","Hammel","funmeru","フンメル"],"latitude":"56.25762","longitude":"9.86316","feature_class":"P","feature_code":"PPL","country_code":"DK","cc2":"","admin1_code":"18","admin2_code":"710","admin3_code":"","admin4_code":"","population":"6138","elevation":"","dem":"66","timezone":"Europe/Copenhagen","modification_date":"2012-08-09"},{"geonameid":"2620952","name":"Hadsund","asciiname":"Hadsund","alternatenames":["Gmina Hadsund","Hadsund","Hadsundas","Khadsund","Khadsunn","hadsuni","qi xin","Хадсунд","Хадсунн","ჰადსუნი","乞信"],"latitude":"56.71482","longitude":"10.11682","feature_class":"P","feature_code":"PPL","country_code":"DK","cc2":"","admin1_code":"19","admin2_code":"846","admin3_code":"","admin4_code":"","population":"5066","elevation":"","dem":"3","timezone":"Europe/Copenhagen","modification_date":"2011-08-01"},{"geonameid":"2620956","name":"Hadsten","asciiname":"Hadsten","alternatenames":["Hadsten Stationsby","Khadsten","Хадстен"],"latitude":"56.32819","longitude":"10.04931","feature_class":"P","feature_code":"PPL","country_code":"DK","cc2":"","admin1_code":"18","admin2_code":"710","admin3_code":"","admin4_code":"","population":"7020","elevation":"","dem":"30","timezone":"Europe/Copenhagen","modification_date":"2012-02-07"},{"geonameid":"2620964","name":"Haderslev","asciiname":"Haderslev","alternatenames":["Hadersleben","Haderslev","Haderslevas","Haderslevo","Khaderslev","haderslevi","Хадерслев","ჰადერსლევი"],"latitude":"55.25377","longitude":"9.48982","feature_class":"P","feature_code":"PPLA2","country_code":"DK","cc2":"","admin1_code":"21","admin2_code":"510","admin3_code":"","admin4_code":"","population":"20825","elevation":"","dem":"14","timezone":"Europe/Copenhagen","modification_date":"2011-03-01"},{"geonameid":"2621193","name":"Grindsted","asciiname":"Grindsted","alternatenames":["Grindsted"],"latitude":"55.754","longitude":"8.91231","feature_class":"P","feature_code":"PPLA2","country_code":"DK","cc2":"","admin1_code":"21","admin2_code":"530","admin3_code":"","admin4_code":"","population":"9414","elevation":"","dem":"41","timezone":"Europe/Copenhagen","modification_date":"2014-03-05"},{"geonameid":"2621215","name":"Greve","asciiname":"Greve","alternatenames":[""],"latitude":"55.58333","longitude":"12.3","feature_class":"P","feature_code":"PPLA2","country_code":"DK","cc2":"","admin1_code":"20","admin2_code":"253","admin3_code":"","admin4_code":"","population":"47671","elevation":"","dem":"3","timezone":"Europe/Copenhagen","modification_date":"2011-03-01"},{"geonameid":"2621230","name":"Grenaa","asciiname":"Grenaa","alternatenames":["Grena","Grenaa","Grenå"],"latitude":"56.41578","longitude":"10.87825","feature_class":"P","feature_code":"PPLA2","country_code":"DK","cc2":"","admin1_code":"18","admin2_code":"707","admin3_code":"","admin4_code":"","population":"14317","elevation":"","dem":"5","timezone":"Europe/Copenhagen","modification_date":"2011-12-20"},{"geonameid":"2621356","name":"Glostrup","asciiname":"Glostrup","alternatenames":["Glostrup"],"latitude":"55.6666","longitude":"12.40377","feature_class":"P","feature_code":"PPLA2","country_code":"DK","cc2":"","admin1_code":"17","admin2_code":"161","admin3_code":"","admin4_code":"","population":"20673","elevation":"","dem":"18","timezone":"Europe/Copenhagen","modification_date":"2014-02-06"},{"geonameid":"2621471","name":"Gilleleje","asciiname":"Gilleleje","alternatenames":["Gilleje","Gilleleje"],"latitude":"56.12196","longitude":"12.31056","feature_class":"P","feature_code":"PPL","country_code":"DK","cc2":"","admin1_code":"17","admin2_code":"270","admin3_code":"","admin4_code":"","population":"5799","elevation":"","dem":"14","timezone":"Europe/Copenhagen","modification_date":"2014-06-17"},{"geonameid":"2621910","name":"Frederiksværk","asciiname":"Frederiksvaerk","alternatenames":["Frederiksvaerk","Frederiksværk"],"latitude":"55.97073","longitude":"12.0225","feature_class":"P","feature_code":"PPLA2","country_code":"DK","cc2":"","admin1_code":"17","admin2_code":"260","admin3_code":"","admin4_code":"","population":"12176","elevation":"","dem":"10","timezone":"Europe/Copenhagen","modification_date":"2011-12-20"},{"geonameid":"2621912","name":"Frederikssund","asciiname":"Frederikssund","alternatenames":["Frederikssund","Frederikssunn","Frederiksund","Фредерикссунн","Фредериксунд"],"latitude":"55.83956","longitude":"12.06896","feature_class":"P","feature_code":"PPLA2","country_code":"DK","cc2":"","admin1_code":"17","admin2_code":"250","admin3_code":"","admin4_code":"","population":"14564","elevation":"","dem":"17","timezone":"Europe/Copenhagen","modification_date":"2011-03-01"},{"geonameid":"2621927","name":"Frederikshavn","asciiname":"Frederikshavn","alternatenames":["Fladstrand","Frederikshaunas","Frederikshavn kommuna","Frederikskhavn","Fredrikshamn","QFH","fei te lie gang","furezerikusuhaun","peuledeligseuhaun","prederikshavni","Фредериксхавн","ფრედერიქსჰავნი","フレゼリクスハウン","腓特烈港","프레데릭스하운"],"latitude":"57.44073","longitude":"10.53661","feature_class":"P","feature_code":"PPLA2","country_code":"DK","cc2":"","admin1_code":"19","admin2_code":"813","admin3_code":"","admin4_code":"","population":"24103","elevation":"","dem":"8","timezone":"Europe/Copenhagen","modification_date":"2011-03-01"},{"geonameid":"2621942","name":"Frederiksberg","asciiname":"Frederiksberg","alternatenames":["Frederiksberg","Frederiksberg Kommune","fei te lie si bei","peuledeligseubeleu","prederikʼsbergi","Фредериксберг","فریڈرکسبرگ","ფრედერიკსბერგი","腓特烈斯贝","프레데릭스베르"],"latitude":"55.67938","longitude":"12.53463","feature_class":"P","feature_code":"PPLA2","country_code":"DK","cc2":"","admin1_code":"17","admin2_code":"147","admin3_code":"","admin4_code":"","population":"95029","elevation":"","dem":"15","timezone":"Europe/Copenhagen","modification_date":"2011-03-01"},{"geonameid":"2621951","name":"Fredericia","asciiname":"Fredericia","alternatenames":["Fredericia","Fredericija","Frederisija","ZBJ","furezerishia","peuledelisia","prederisia","Фредерисия","Фредериција","ფრედერისია","フレゼリシア","프레데리시아"],"latitude":"55.56568","longitude":"9.75257","feature_class":"P","feature_code":"PPLA2","country_code":"DK","cc2":"","admin1_code":"21","admin2_code":"607","admin3_code":"","admin4_code":"","population":"36946","elevation":"","dem":"16","timezone":"Europe/Copenhagen","modification_date":"2011-03-01"},{"geonameid":"2621956","name":"Fredensborg","asciiname":"Fredensborg","alternatenames":[""],"latitude":"55.97558","longitude":"12.40314","feature_class":"P","feature_code":"PPL","country_code":"DK","cc2":"","admin1_code":"17","admin2_code":"210","admin3_code":"","admin4_code":"","population":"8249","elevation":"","dem":"31","timezone":"Europe/Copenhagen","modification_date":"2011-12-21"},{"geonameid":"2622061","name":"Fløng","asciiname":"Flong","alternatenames":["Flong","Fløng"],"latitude":"55.66212","longitude":"12.18698","feature_class":"P","feature_code":"PPL","country_code":"DK","cc2":"","admin1_code":"17","admin2_code":"169","admin3_code":"","admin4_code":"","population":"11108","elevation":"","dem":"27","timezone":"Europe/Copenhagen","modification_date":"2012-01-17"},{"geonameid":"2622306","name":"Farum","asciiname":"Farum","alternatenames":["Farum","Фарум"],"latitude":"55.80858","longitude":"12.36066","feature_class":"P","feature_code":"PPLA2","country_code":"DK","cc2":"","admin1_code":"17","admin2_code":"190","admin3_code":"","admin4_code":"","population":"18376","elevation":"","dem":"33","timezone":"Europe/Copenhagen","modification_date":"2011-12-20"},{"geonameid":"2622383","name":"Faaborg","asciiname":"Faaborg","alternatenames":["Fabberg","Faborg","Fåborg"],"latitude":"55.0951","longitude":"10.24226","feature_class":"P","feature_code":"PPL","country_code":"DK","cc2":"","admin1_code":"21","admin2_code":"430","admin3_code":"","admin4_code":"","population":"7239","elevation":"","dem":"7","timezone":"Europe/Copenhagen","modification_date":"2014-03-01"},{"geonameid":"2622418","name":"Espergærde","asciiname":"Espergaerde","alternatenames":["Espergaerde","Espergjaerde","Espergjærde","Espergærde"],"latitude":"56","longitude":"12.56667","feature_class":"P","feature_code":"PPL","country_code":"DK","cc2":"","admin1_code":"17","admin2_code":"217","admin3_code":"","admin4_code":"","population":"11358","elevation":"","dem":"19","timezone":"Europe/Copenhagen","modification_date":"2012-01-17"},{"geonameid":"2622447","name":"Esbjerg","asciiname":"Esbjerg","alternatenames":["EBJ","Ehsb'erg","Esber","Esberg","Esbjaerg","Esbjerg","Esbjerga","Esbjergas","Esbjærg","ai si bi yue","asbjrg","asbyrg","esbieri","eseubieleu","esubyau","xe sbiyer","Есбер","Есбєрг","Есбјерг","Эсбьерг","אסביירג","اسبجرگ","اسبیرگ","เอสบีเยร์","ესბიერი","エスビャウ","埃斯比约","에스비에르"],"latitude":"55.47028","longitude":"8.45187","feature_class":"P","feature_code":"PPLA2","country_code":"DK","cc2":"","admin1_code":"21","admin2_code":"561","admin3_code":"","admin4_code":"","population":"72205","elevation":"","dem":"17","timezone":"Europe/Copenhagen","modification_date":"2014-02-06"},{"geonameid":"2622793","name":"Ebeltoft","asciiname":"Ebeltoft","alternatenames":["AEbeltoft","Ehbel'toft","Æbeltoft","Эбельтофт"],"latitude":"56.19442","longitude":"10.6821","feature_class":"P","feature_code":"PPL","country_code":"DK","cc2":"","admin1_code":"18","admin2_code":"706","admin3_code":"","admin4_code":"","population":"7501","elevation":"","dem":"28","timezone":"Europe/Copenhagen","modification_date":"2012-02-06"},{"geonameid":"2622937","name":"Dragør","asciiname":"Dragor","alternatenames":["Dragjor","Dragoer","Dragor","Dragör","Dragør","de la e zi zhi shi","Драгёр","德拉厄自治市"],"latitude":"55.59455","longitude":"12.66638","feature_class":"P","feature_code":"PPLA2","country_code":"DK","cc2":"","admin1_code":"17","admin2_code":"155","admin3_code":"","admin4_code":"","population":"11045","elevation":"","dem":"3","timezone":"Europe/Copenhagen","modification_date":"2011-03-01"},{"geonameid":"2623181","name":"Christianshavn","asciiname":"Christianshavn","alternatenames":["Christianshavn"],"latitude":"55.67383","longitude":"12.59541","feature_class":"P","feature_code":"PPL","country_code":"DK","cc2":"","admin1_code":"17","admin2_code":"101","admin3_code":"","admin4_code":"","population":"10140","elevation":"","dem":"7","timezone":"Europe/Copenhagen","modification_date":"2014-12-05"},{"geonameid":"2623188","name":"Charlottenlund","asciiname":"Charlottenlund","alternatenames":["Charlottenlund"],"latitude":"55.75367","longitude":"12.59181","feature_class":"P","feature_code":"PPLA2","country_code":"DK","cc2":"","admin1_code":"17","admin2_code":"157","admin3_code":"","admin4_code":"","population":"40000","elevation":"","dem":"11","timezone":"Europe/Copenhagen","modification_date":"2014-02-06"},{"geonameid":"2623337","name":"Brønderslev","asciiname":"Bronderslev","alternatenames":["Bronderslev","Brønderslev","XAQ"],"latitude":"57.27021","longitude":"9.94102","feature_class":"P","feature_code":"PPLA2","country_code":"DK","cc2":"","admin1_code":"19","admin2_code":"810","admin3_code":"","admin4_code":"","population":"11671","elevation":"","dem":"15","timezone":"Europe/Copenhagen","modification_date":"2013-10-27"},{"geonameid":"2623554","name":"Brande","asciiname":"Brande","alternatenames":["Brande","Gmina Brande","ZMW"],"latitude":"55.93814","longitude":"9.12178","feature_class":"P","feature_code":"PPL","country_code":"DK","cc2":"","admin1_code":"18","admin2_code":"756","admin3_code":"","admin4_code":"","population":"6357","elevation":"","dem":"53","timezone":"Europe/Copenhagen","modification_date":"2012-01-17"},{"geonameid":"2623570","name":"Bramming","asciiname":"Bramming","alternatenames":["Bramming","Bramminge","Bramminge Stationsby","Gmina Bramming"],"latitude":"55.46946","longitude":"8.70007","feature_class":"P","feature_code":"PPL","country_code":"DK","cc2":"","admin1_code":"21","admin2_code":"561","admin3_code":"","admin4_code":"","population":"6726","elevation":"","dem":"15","timezone":"Europe/Copenhagen","modification_date":"2012-01-17"},{"geonameid":"2624019","name":"Bjerringbro","asciiname":"Bjerringbro","alternatenames":[""],"latitude":"56.37797","longitude":"9.66065","feature_class":"P","feature_code":"PPL","country_code":"DK","cc2":"","admin1_code":"18","admin2_code":"791","admin3_code":"","admin4_code":"","population":"7390","elevation":"","dem":"14","timezone":"Europe/Copenhagen","modification_date":"2011-12-20"},{"geonameid":"2624112","name":"Birkerød","asciiname":"Birkerod","alternatenames":["Birkerod","Birkerød"],"latitude":"55.84759","longitude":"12.42791","feature_class":"P","feature_code":"PPL","country_code":"DK","cc2":"","admin1_code":"17","admin2_code":"230","admin3_code":"","admin4_code":"","population":"18901","elevation":"","dem":"53","timezone":"Europe/Copenhagen","modification_date":"2014-03-03"},{"geonameid":"2624144","name":"Billund","asciiname":"Billund","alternatenames":["BLL","Billund","Gmina Billund"],"latitude":"55.73349","longitude":"9.10785","feature_class":"P","feature_code":"PPL","country_code":"DK","cc2":"","admin1_code":"21","admin2_code":"530","admin3_code":"","admin4_code":"","population":"6160","elevation":"","dem":"58","timezone":"Europe/Copenhagen","modification_date":"2014-03-01"},{"geonameid":"2624341","name":"Ballerup","asciiname":"Ballerup","alternatenames":["Balleru","Ballerup"],"latitude":"55.73165","longitude":"12.36328","feature_class":"P","feature_code":"PPLA2","country_code":"DK","cc2":"","admin1_code":"17","admin2_code":"151","admin3_code":"","admin4_code":"","population":"40000","elevation":"","dem":"34","timezone":"Europe/Copenhagen","modification_date":"2011-03-01"},{"geonameid":"2624502","name":"Assens","asciiname":"Assens","alternatenames":["Assens","Ассенс"],"latitude":"55.27023","longitude":"9.90081","feature_class":"P","feature_code":"PPLA2","country_code":"DK","cc2":"","admin1_code":"21","admin2_code":"420","admin3_code":"","admin4_code":"","population":"6053","elevation":"","dem":"14","timezone":"Europe/Copenhagen","modification_date":"2011-03-01"},{"geonameid":"2624602","name":"Aars","asciiname":"Aars","alternatenames":["Aars","Ars","Gmina Aars","Års"],"latitude":"56.80399","longitude":"9.51441","feature_class":"P","feature_code":"PPLA2","country_code":"DK","cc2":"","admin1_code":"19","admin2_code":"820","admin3_code":"","admin4_code":"","population":"7771","elevation":"","dem":"36","timezone":"Europe/Copenhagen","modification_date":"2011-12-20"},{"geonameid":"2624652","name":"Århus","asciiname":"Arhus","alternatenames":["Aarhus","Aarhusium","Arhus","Arhuzo","Arosar","Orhusa","Orhūsa","Orkhus","ao hu si","ofusu","Árósar","Århus","Орхус","אורהוס","オーフス","奥胡斯"],"latitude":"56.15674","longitude":"10.21076","feature_class":"P","feature_code":"PPLA2","country_code":"DK","cc2":"","admin1_code":"18","admin2_code":"751","admin3_code":"","admin4_code":"","population":"237551","elevation":"","dem":"10","timezone":"Europe/Copenhagen","modification_date":"2012-10-23"},{"geonameid":"2624886","name":"Aalborg","asciiname":"Aalborg","alternatenames":["AAL","Aalborg","Alaborg","Alborg","Almpornk","Ol'borg","Olbor","Olborg","Olborga","Olborgas","albrg","albwrg","albwrgh","ao er bao","olboleu","olborgi","orubo","xx lb xr","Álaborg","Ålborg","Άλμποργκ","Аалборг","Олбор","Олборг","Ольборг","Օլբորգ","אולבורג","آلبرگ","آلبورغ","آلبورگ","ออลบอร์","ოლბორგი","オールボー","奥尔堡","올보르"],"latitude":"57.048","longitude":"9.9187","feature_class":"P","feature_code":"PPLA","country_code":"DK","cc2":"","admin1_code":"19","admin2_code":"851","admin3_code":"","admin4_code":"","population":"122219","elevation":"","dem":"10","timezone":"Europe/Copenhagen","modification_date":"2010-07-09"},{"geonameid":"2624906","name":"Albertslund","asciiname":"Albertslund","alternatenames":["Al'bertslunn","Albertslund","Gmina Albertslund","Альбертслунн"],"latitude":"55.65691","longitude":"12.36381","feature_class":"P","feature_code":"PPLA2","country_code":"DK","cc2":"","admin1_code":"17","admin2_code":"165","admin3_code":"","admin4_code":"","population":"30000","elevation":"","dem":"12","timezone":"Europe/Copenhagen","modification_date":"2011-03-01"},{"geonameid":"2625070","name":"Aabenraa","asciiname":"Aabenraa","alternatenames":["Aabenra","Aabenraa","Aabenrå","Abenra","Abenrá","Abrenra","Apenrade","Obenro","XNR","ao ben luo","obenlo","obenro","Åbenrå","Åbrenrå","Обенро","オーベンロー","奥本罗","오벤로"],"latitude":"55.04434","longitude":"9.41741","feature_class":"P","feature_code":"PPLA2","country_code":"DK","cc2":"","admin1_code":"21","admin2_code":"580","admin3_code":"","admin4_code":"","population":"16344","elevation":"","dem":"16","timezone":"Europe/Copenhagen","modification_date":"2010-07-21"},{"geonameid":"2610319","name":"Viborg","asciiname":"Viborg","alternatenames":["Viborg","Viborgas","Vimpornk","Wibergis","ZGX","biboleu","viborgi","vu~ibo","wei bao","Βίμποργκ","Виборг","Віборг","ვიბორგი","ヴィボー","維堡","비보르"],"latitude":"56.45319","longitude":"9.40201","feature_class":"P","feature_code":"PPLA","country_code":"DK","cc2":"","admin1_code":"18","admin2_code":"791","admin3_code":"","admin4_code":"","population":"34831","elevation":"","dem":"50","timezone":"Europe/Copenhagen","modification_date":"2010-01-29"},{"geonameid":"2610613","name":"Vejle","asciiname":"Vejle","alternatenames":["Vaile","Vailė","Vajle","Vejle","baille","vaile","vu~aire","wa ai lei","waylh","wile","Вайле","Вајле","Вејле","وایله","ไวเล","ვაილე","ヴァイレ","瓦埃勒","바일레"],"latitude":"55.70927","longitude":"9.5357","feature_class":"P","feature_code":"PPLA","country_code":"DK","cc2":"","admin1_code":"21","admin2_code":"630","admin3_code":"","admin4_code":"","population":"51177","elevation":"","dem":"5","timezone":"Europe/Copenhagen","modification_date":"2010-01-29"},{"geonameid":"2610734","name":"Vanløse","asciiname":"Vanlose","alternatenames":["Vanlose","Vanløse"],"latitude":"55.68361","longitude":"12.48713","feature_class":"P","feature_code":"PPLX","country_code":"DK","cc2":"","admin1_code":"17","admin2_code":"101","admin3_code":"","admin4_code":"","population":"37115","elevation":"","dem":"14","timezone":"Europe/Copenhagen","modification_date":"2014-12-05"},{"geonameid":"2611828","name":"Taastrup","asciiname":"Taastrup","alternatenames":["Taastrup","Tastrup","Tåstrup","Тааструп"],"latitude":"55.65173","longitude":"12.29216","feature_class":"P","feature_code":"PPLA2","country_code":"DK","cc2":"","admin1_code":"17","admin2_code":"169","admin3_code":"","admin4_code":"","population":"30977","elevation":"","dem":"19","timezone":"Europe/Copenhagen","modification_date":"2014-03-18"},{"geonameid":"2612045","name":"Svendborg","asciiname":"Svendborg","alternatenames":["QXV","Svenborg","Svendborg","Svennborge","svenborgi","Свендборг","Свеннборге","სვენბორგი"],"latitude":"55.05982","longitude":"10.60677","feature_class":"P","feature_code":"PPLA2","country_code":"DK","cc2":"","admin1_code":"21","admin2_code":"479","admin3_code":"","admin4_code":"","population":"27553","elevation":"","dem":"14","timezone":"Europe/Copenhagen","modification_date":"2011-03-01"},{"geonameid":"2612629","name":"Stenløse","asciiname":"Stenlose","alternatenames":[""],"latitude":"55.76828","longitude":"12.19723","feature_class":"P","feature_code":"PPLA2","country_code":"DK","cc2":"","admin1_code":"17","admin2_code":"240","admin3_code":"","admin4_code":"","population":"19998","elevation":"","dem":"14","timezone":"Europe/Copenhagen","modification_date":"2011-12-20"},{"geonameid":"2613102","name":"Sønderborg","asciiname":"Sonderborg","alternatenames":["Munisipalitas Sonderborg","Munisipalitas Sønderborg","SGD","Senderborg","Sionderborgas","Sjonnenborg","Sjonnerborg","Sonderborg","Sonderburg","Synneborre","Sønderborg","senabo","senerborgi","soeneleuboleu","Сендерборг","Сондерборг","Сённенборг","Сённерборг","სენერბორგი","セナボー","쇠네르보르"],"latitude":"54.90926","longitude":"9.80737","feature_class":"P","feature_code":"PPLA2","country_code":"DK","cc2":"","admin1_code":"21","admin2_code":"540","admin3_code":"","admin4_code":"","population":"27033","elevation":"","dem":"17","timezone":"Europe/Copenhagen","modification_date":"2011-03-01"},{"geonameid":"2613460","name":"Slagelse","asciiname":"Slagelse","alternatenames":["Gorad Slagel'seh","Slagel'se","Slagelse","si la e er se zi zhi shi","slagelse","Горад Слагельсэ","Слагельсе","სლაგელსე","斯拉厄爾瑟自治市"],"latitude":"55.40276","longitude":"11.35459","feature_class":"P","feature_code":"PPLA2","country_code":"DK","cc2":"","admin1_code":"20","admin2_code":"330","admin3_code":"","admin4_code":"","population":"31896","elevation":"","dem":"51","timezone":"Europe/Copenhagen","modification_date":"2011-03-01"},{"geonameid":"2613731","name":"Skive","asciiname":"Skive","alternatenames":["SQW","Skive","Скиве"],"latitude":"56.56381","longitude":"9.04025","feature_class":"P","feature_code":"PPLA2","country_code":"DK","cc2":"","admin1_code":"18","admin2_code":"779","admin3_code":"","admin4_code":"","population":"20815","elevation":"","dem":"1","timezone":"Europe/Copenhagen","modification_date":"2014-02-06"},{"geonameid":"2614030","name":"Silkeborg","asciiname":"Silkeborg","alternatenames":["Sil'keborg","Silkeborg","Silkeborgas","XAH","shirukebo","silkeboleu","xi er ke bao","Силкеборг","Силькеборг","სილკებორგი","シルケボー","锡尔克堡","실케보르"],"latitude":"56.1697","longitude":"9.54508","feature_class":"P","feature_code":"PPLA2","country_code":"DK","cc2":"","admin1_code":"18","admin2_code":"740","admin3_code":"","admin4_code":"","population":"41674","elevation":"","dem":"19","timezone":"Europe/Copenhagen","modification_date":"2011-03-01"},{"geonameid":"2614481","name":"Roskilde","asciiname":"Roskilde","alternatenames":["Hroarskelda","Hróarskelda","RKE","Roskil'de","Roskilde","Roskildė","Roskille","loseukille","luo si ji lei","rosukire","rx ski ld","Роскилде","Роскилле","Роскильде","Роскілле","รอสกิลด์","როსკილე","ロスキレ","罗斯基勒","로스킬레"],"latitude":"55.64152","longitude":"12.08035","feature_class":"P","feature_code":"PPLA2","country_code":"DK","cc2":"","admin1_code":"20","admin2_code":"265","admin3_code":"","admin4_code":"","population":"44285","elevation":"","dem":"41","timezone":"Europe/Copenhagen","modification_date":"2011-03-01"},{"geonameid":"2614600","name":"Rødovre","asciiname":"Rodovre","alternatenames":["Rodovre","Rødovre"],"latitude":"55.68062","longitude":"12.45373","feature_class":"P","feature_code":"PPLA2","country_code":"DK","cc2":"","admin1_code":"17","admin2_code":"175","admin3_code":"","admin4_code":"","population":"30000","elevation":"","dem":"20","timezone":"Europe/Copenhagen","modification_date":"2011-03-01"},{"geonameid":"2614764","name":"Ringsted","asciiname":"Ringsted","alternatenames":["Ringsted","ling si tai ci","Рингстед","რინგსტედი","灵斯泰兹"],"latitude":"55.4426","longitude":"11.79011","feature_class":"P","feature_code":"PPLA2","country_code":"DK","cc2":"","admin1_code":"20","admin2_code":"329","admin3_code":"","admin4_code":"","population":"20188","elevation":"","dem":"54","timezone":"Europe/Copenhagen","modification_date":"2011-03-01"},{"geonameid":"2615006","name":"Randers","asciiname":"Randers","alternatenames":["Randers","Randersa","Randersas","Ranners","Ranters","ZIR","lan ne si","laneleuseu","ra nex s","ranasu","randrs","ranersi","Ράντερς","Рандерс","Раннерс","راندرس","رانڈرز","ราเนอส์","რანერსი","ラナース","蘭訥斯","라네르스"],"latitude":"56.4607","longitude":"10.03639","feature_class":"P","feature_code":"PPLA2","country_code":"DK","cc2":"","admin1_code":"18","admin2_code":"730","admin3_code":"","admin4_code":"","population":"55780","elevation":"","dem":"12","timezone":"Europe/Copenhagen","modification_date":"2014-02-06"},{"geonameid":"2615876","name":"Odense","asciiname":"Odense","alternatenames":["Gorad Odehnseh","ODE","Odensa","Odense","Odensė","Odinsve","Ontense","Othania","adnsh","awdnsh","odense","ou deng sai","xo den se","Óðinsvé","Οντένσε","Горад Одэнсэ","Оденсе","Օդենսե","אודנזה","أودنسه","ادنسه","اوڈینس","โอเดนเซ","ოდენსე","オーデンセ","欧登塞","오덴세"],"latitude":"55.39594","longitude":"10.38831","feature_class":"P","feature_code":"PPLA2","country_code":"DK","cc2":"","admin1_code":"21","admin2_code":"461","admin3_code":"","admin4_code":"","population":"145931","elevation":"","dem":"17","timezone":"Europe/Copenhagen","modification_date":"2011-03-01"},{"geonameid":"2615961","name":"Nykøbing Falster","asciiname":"Nykobing Falster","alternatenames":["Nikebing Falster","Niukiobingas","Njukebing Fal'ster","Njukjobing Fal'ster","Nykjobing","Никебинг Фалстер","Нюкебінґ Фальстер","Нюкёбинг Фальстер","ニュークビン・ファルスター"],"latitude":"54.76906","longitude":"11.87425","feature_class":"P","feature_code":"PPLA2","country_code":"DK","cc2":"","admin1_code":"20","admin2_code":"376","admin3_code":"","admin4_code":"","population":"16807","elevation":"","dem":"2","timezone":"Europe/Copenhagen","modification_date":"2011-12-20"},{"geonameid":"2616015","name":"Nyborg","asciiname":"Nyborg","alternatenames":["Njuborg","Nyborg","ni bao zi zhi shi","Нюборг","尼堡自治市"],"latitude":"55.31274","longitude":"10.78964","feature_class":"P","feature_code":"PPLA2","country_code":"DK","cc2":"","admin1_code":"21","admin2_code":"450","admin3_code":"","admin4_code":"","population":"15826","elevation":"","dem":"7","timezone":"Europe/Copenhagen","modification_date":"2011-03-01"},{"geonameid":"2616038","name":"Næstved","asciiname":"Naestved","alternatenames":["Naestved","Nestved","Nestvedas","nai si te wei ci","neseuteubedeu","nesutovu~ezu","Нествед","ნესტვედი","ネストヴェズ","奈斯特韦兹","네스트베드"],"latitude":"55.22992","longitude":"11.76092","feature_class":"P","feature_code":"PPLA2","country_code":"DK","cc2":"","admin1_code":"20","admin2_code":"370","admin3_code":"","admin4_code":"","population":"40660","elevation":"","dem":"16","timezone":"Europe/Copenhagen","modification_date":"2011-03-01"},{"geonameid":"2617658","name":"Lillerød","asciiname":"Lillerod","alternatenames":[""],"latitude":"55.87496","longitude":"12.34579","feature_class":"P","feature_code":"PPLA2","country_code":"DK","cc2":"","admin1_code":"17","admin2_code":"201","admin3_code":"","admin4_code":"","population":"15359","elevation":"","dem":"45","timezone":"Europe/Copenhagen","modification_date":"2011-12-20"},{"geonameid":"2618361","name":"Korsør","asciiname":"Korsor","alternatenames":["Korsor","Korsør"],"latitude":"55.32993","longitude":"11.13857","feature_class":"P","feature_code":"PPL","country_code":"DK","cc2":"","admin1_code":"20","admin2_code":"330","admin3_code":"","admin4_code":"","population":"15029","elevation":"","dem":"2","timezone":"Europe/Copenhagen","modification_date":"2011-12-20"},{"geonameid":"2618415","name":"Køge","asciiname":"Koge","alternatenames":["Kege","Keje","Kioge","Kiogė","Kjoge","Koge","Køge","ke e","koie","kyuge","Кеге","Кеје","Кёге","კეგე","キューゲ","克厄","코이에"],"latitude":"55.45802","longitude":"12.18214","feature_class":"P","feature_code":"PPLA2","country_code":"DK","cc2":"","admin1_code":"20","admin2_code":"259","admin3_code":"","admin4_code":"","population":"33885","elevation":"","dem":"4","timezone":"Europe/Copenhagen","modification_date":"2011-03-01"},{"geonameid":"2618425","name":"Copenhagen","asciiname":"Copenhagen","alternatenames":["CPH","Cobanhavan","Copenaga","Copenaghen","Copenaguen","Copenhaga","Copenhagen","Copenhague","Copenhaguen","Copenhaguen - Kobenhavn","Copenhaguen - København","Cóbanhávan","Hafnia","Kapehngagen","Kaupmannahoefn","Kaupmannahöfn","Keypmannahavn","Kjobenhavn","Kjopenhamn","Kjøpenhamn","Kobenhamman","Kobenhaven","Kobenhavn","Kodan","Kodaň","Koebenhavn","Koeoepenhamina","Koepenhamn","Kopenage","Kopenchage","Kopengagen","Kopenhaagen","Kopenhag","Kopenhaga","Kopenhage","Kopenhagen","Kopenhagena","Kopenhago","Kopenhāgena","Kopenkhagen","Koppenhaga","Koppenhága","Kòpenhaga","Köbenhavn","Köpenhamn","Kööpenhamina","København","Københámman","ge ben ha gen","khopenheken","kopanahagana","kopenahagena","kopenahegena","kopenhagen","kwbnhaghn","kwpnhgn","qwpnhgn","Κοπεγχάγη","Капэнгаген","Копенгаген","Копенхаген","Կոպենհագեն","קופנהאגן","קופנהגן","كوبنهاغن","كوپېنھاگېن","ܟܘܦܢܗܓܢ","कोपनहागन","কোপেনহাগেন","কোপেনহেগেন","โคเปนเฮเกน","ཀའོ་པེན་ཧ་ཀེན","კოპენჰაგენი","ኮፐንሀገን","ኮፕንሀግ","コペンハーゲン","哥本哈根","코펜하겐"],"latitude":"55.67594","longitude":"12.56553","feature_class":"P","feature_code":"PPLC","country_code":"DK","cc2":"","admin1_code":"17","admin2_code":"101","admin3_code":"","admin4_code":"","population":"1153615","elevation":"","dem":"14","timezone":"Europe/Copenhagen","modification_date":"2012-11-26"},{"geonameid":"2618528","name":"Kolding","asciiname":"Kolding","alternatenames":["Kol'ding","Kolding","Koldinga","Koldingas","Koldingo","ZBT","ke ling","khxleng","kolling","koringu","kwldyng","Колдинг","Кольдинг","کولدینگ","کولڈنگ","คอเลง","კოლინგი","コリング","科靈","콜링"],"latitude":"55.4904","longitude":"9.47216","feature_class":"P","feature_code":"PPLA2","country_code":"DK","cc2":"","admin1_code":"21","admin2_code":"621","admin3_code":"","admin4_code":"","population":"55363","elevation":"","dem":"8","timezone":"Europe/Copenhagen","modification_date":"2011-03-01"},{"geonameid":"2619154","name":"Kalundborg","asciiname":"Kalundborg","alternatenames":["Kallundborg","Kalundborg"],"latitude":"55.67954","longitude":"11.08864","feature_class":"P","feature_code":"PPLA2","country_code":"DK","cc2":"","admin1_code":"20","admin2_code":"326","admin3_code":"","admin4_code":"","population":"15939","elevation":"","dem":"3","timezone":"Europe/Copenhagen","modification_date":"2011-03-01"},{"geonameid":"2619377","name":"Ishøj","asciiname":"Ishoj","alternatenames":["Ishoj","Ishøj"],"latitude":"55.61543","longitude":"12.35182","feature_class":"P","feature_code":"PPLA2","country_code":"DK","cc2":"","admin1_code":"17","admin2_code":"183","admin3_code":"","admin4_code":"","population":"19453","elevation":"","dem":"4","timezone":"Europe/Copenhagen","modification_date":"2011-03-01"},{"geonameid":"2619528","name":"Hvidovre","asciiname":"Hvidovre","alternatenames":["Hvidovre","Khvidovre","Хвидовре"],"latitude":"55.65719","longitude":"12.47364","feature_class":"P","feature_code":"PPLA2","country_code":"DK","cc2":"","admin1_code":"17","admin2_code":"167","admin3_code":"","admin4_code":"","population":"49380","elevation":"","dem":"9","timezone":"Europe/Copenhagen","modification_date":"2011-03-01"},{"geonameid":"2619771","name":"Horsens","asciiname":"Horsens","alternatenames":["Horsens","Horsensas","Khorsens","h xr sens","holeusenseu","horsensi","hosensu","huo er sen si","hwrsyns","hwrzns","Хорсенс","هورزنس","هورسينس","ہارسنز","ฮอร์เซนส์","ჰორსენსი","ホーセンス","霍尔森斯","호르센스"],"latitude":"55.86066","longitude":"9.85034","feature_class":"P","feature_code":"PPLA2","country_code":"DK","cc2":"","admin1_code":"18","admin2_code":"615","admin3_code":"","admin4_code":"","population":"50074","elevation":"","dem":"4","timezone":"Europe/Copenhagen","modification_date":"2011-03-01"},{"geonameid":"2619856","name":"Hørsholm","asciiname":"Horsholm","alternatenames":["Horsholm","Hørsholm","Kherskhol'm","Херсхольм"],"latitude":"55.88098","longitude":"12.50111","feature_class":"P","feature_code":"PPLA2","country_code":"DK","cc2":"","admin1_code":"17","admin2_code":"223","admin3_code":"","admin4_code":"","population":"36670","elevation":"","dem":"29","timezone":"Europe/Copenhagen","modification_date":"2014-02-06"},{"geonameid":"2620046","name":"Holstebro","asciiname":"Holstebro","alternatenames":["Holstebro","Khol'stebro","Kholstebro","Kholtesbro","QWO","huo er si te bu luo","Холстебро","Холтесбро","Хольстебро","ჰოლსტებრო","霍爾斯特布羅"],"latitude":"56.36009","longitude":"8.61607","feature_class":"P","feature_code":"PPLA2","country_code":"DK","cc2":"","admin1_code":"18","admin2_code":"661","admin3_code":"","admin4_code":"","population":"32072","elevation":"","dem":"16","timezone":"Europe/Copenhagen","modification_date":"2011-03-01"},{"geonameid":"2620147","name":"Holbæk","asciiname":"Holbaek","alternatenames":["Holbaek","Holbekas","Holbæk","Hollbaek","Hollbæk","Khol'bek","Kholbek","Холбек","Хольбек","ჰოლბეკი"],"latitude":"55.71354","longitude":"11.7169","feature_class":"P","feature_code":"PPLA2","country_code":"DK","cc2":"","admin1_code":"20","admin2_code":"316","admin3_code":"","admin4_code":"","population":"24544","elevation":"","dem":"16","timezone":"Europe/Copenhagen","modification_date":"2014-02-06"},{"geonameid":"2620214","name":"Hjørring","asciiname":"Hjorring","alternatenames":["Hjoerring","Hjorring","Hjörring","Hjørring","Jering","Khjoring","ieringi","Јеринг","Хјоринг","იერინგი"],"latitude":"57.46417","longitude":"9.98229","feature_class":"P","feature_code":"PPLA2","country_code":"DK","cc2":"","admin1_code":"19","admin2_code":"860","admin3_code":"","admin4_code":"","population":"24634","elevation":"","dem":"51","timezone":"Europe/Copenhagen","modification_date":"2011-03-01"},{"geonameid":"2620320","name":"Hillerød","asciiname":"Hillerod","alternatenames":["Hillerod","Hillerød","Khillerod","hylrwd","Хиллерод","הילרוד"],"latitude":"55.92791","longitude":"12.30081","feature_class":"P","feature_code":"PPLA","country_code":"DK","cc2":"","admin1_code":"17","admin2_code":"219","admin3_code":"","admin4_code":"","population":"30853","elevation":"","dem":"29","timezone":"Europe/Copenhagen","modification_date":"2013-11-17"},{"geonameid":"2620425","name":"Herning","asciiname":"Herning","alternatenames":["Gerning","Herning","Herningas","Kherning","Munisipalitas Herning","Munisipaliti Herning","ZRY","hai ning","heaningu","herningi","Гернінг","Хернинг","ჰერნინგი","ヘアニング","海宁"],"latitude":"56.13932","longitude":"8.97378","feature_class":"P","feature_code":"PPLA2","country_code":"DK","cc2":"","admin1_code":"18","admin2_code":"657","admin3_code":"","admin4_code":"","population":"44763","elevation":"","dem":"58","timezone":"Europe/Copenhagen","modification_date":"2011-03-01"},{"geonameid":"2620473","name":"Helsingør","asciiname":"Helsingor","alternatenames":["Elseneur","Elsinoer","Elsinor","Elsinore","Elsinör","Gel'singer","Gorad Khel'singjor","Helsingioras","Helsingjaeyri","Helsingoer","Helsingor","Helsingör","Helsingør","Khel'singjor","Khelsinger","he er xin ge","hel singnge xr","helsing-oeleu","helsingeri","herushingeru","hylysynkwr","xi xing jia","Гельсінгер","Горад Хельсінгёр","Хелсингер","Хельсингёр","هيليسينكور","เฮลซิงเงอร์","ჰელსინგერი","ヘルシンゲル","希星加","赫爾辛格","헬싱외르"],"latitude":"56.03606","longitude":"12.6136","feature_class":"P","feature_code":"PPLA2","country_code":"DK","cc2":"","admin1_code":"17","admin2_code":"217","admin3_code":"","admin4_code":"","population":"35048","elevation":"","dem":"8","timezone":"Europe/Copenhagen","modification_date":"2011-03-01"},{"geonameid":"2620964","name":"Haderslev","asciiname":"Haderslev","alternatenames":["Hadersleben","Haderslev","Haderslevas","Haderslevo","Khaderslev","haderslevi","Хадерслев","ჰადერსლევი"],"latitude":"55.25377","longitude":"9.48982","feature_class":"P","feature_code":"PPLA2","country_code":"DK","cc2":"","admin1_code":"21","admin2_code":"510","admin3_code":"","admin4_code":"","population":"20825","elevation":"","dem":"14","timezone":"Europe/Copenhagen","modification_date":"2011-03-01"},{"geonameid":"2621215","name":"Greve","asciiname":"Greve","alternatenames":[""],"latitude":"55.58333","longitude":"12.3","feature_class":"P","feature_code":"PPLA2","country_code":"DK","cc2":"","admin1_code":"20","admin2_code":"253","admin3_code":"","admin4_code":"","population":"47671","elevation":"","dem":"3","timezone":"Europe/Copenhagen","modification_date":"2011-03-01"},{"geonameid":"2621356","name":"Glostrup","asciiname":"Glostrup","alternatenames":["Glostrup"],"latitude":"55.6666","longitude":"12.40377","feature_class":"P","feature_code":"PPLA2","country_code":"DK","cc2":"","admin1_code":"17","admin2_code":"161","admin3_code":"","admin4_code":"","population":"20673","elevation":"","dem":"18","timezone":"Europe/Copenhagen","modification_date":"2014-02-06"},{"geonameid":"2621927","name":"Frederikshavn","asciiname":"Frederikshavn","alternatenames":["Fladstrand","Frederikshaunas","Frederikshavn kommuna","Frederikskhavn","Fredrikshamn","QFH","fei te lie gang","furezerikusuhaun","peuledeligseuhaun","prederikshavni","Фредериксхавн","ფრედერიქსჰავნი","フレゼリクスハウン","腓特烈港","프레데릭스하운"],"latitude":"57.44073","longitude":"10.53661","feature_class":"P","feature_code":"PPLA2","country_code":"DK","cc2":"","admin1_code":"19","admin2_code":"813","admin3_code":"","admin4_code":"","population":"24103","elevation":"","dem":"8","timezone":"Europe/Copenhagen","modification_date":"2011-03-01"},{"geonameid":"2621942","name":"Frederiksberg","asciiname":"Frederiksberg","alternatenames":["Frederiksberg","Frederiksberg Kommune","fei te lie si bei","peuledeligseubeleu","prederikʼsbergi","Фредериксберг","فریڈرکسبرگ","ფრედერიკსბერგი","腓特烈斯贝","프레데릭스베르"],"latitude":"55.67938","longitude":"12.53463","feature_class":"P","feature_code":"PPLA2","country_code":"DK","cc2":"","admin1_code":"17","admin2_code":"147","admin3_code":"","admin4_code":"","population":"95029","elevation":"","dem":"15","timezone":"Europe/Copenhagen","modification_date":"2011-03-01"},{"geonameid":"2621951","name":"Fredericia","asciiname":"Fredericia","alternatenames":["Fredericia","Fredericija","Frederisija","ZBJ","furezerishia","peuledelisia","prederisia","Фредерисия","Фредериција","ფრედერისია","フレゼリシア","프레데리시아"],"latitude":"55.56568","longitude":"9.75257","feature_class":"P","feature_code":"PPLA2","country_code":"DK","cc2":"","admin1_code":"21","admin2_code":"607","admin3_code":"","admin4_code":"","population":"36946","elevation":"","dem":"16","timezone":"Europe/Copenhagen","modification_date":"2011-03-01"},{"geonameid":"2622306","name":"Farum","asciiname":"Farum","alternatenames":["Farum","Фарум"],"latitude":"55.80858","longitude":"12.36066","feature_class":"P","feature_code":"PPLA2","country_code":"DK","cc2":"","admin1_code":"17","admin2_code":"190","admin3_code":"","admin4_code":"","population":"18376","elevation":"","dem":"33","timezone":"Europe/Copenhagen","modification_date":"2011-12-20"},{"geonameid":"2622447","name":"Esbjerg","asciiname":"Esbjerg","alternatenames":["EBJ","Ehsb'erg","Esber","Esberg","Esbjaerg","Esbjerg","Esbjerga","Esbjergas","Esbjærg","ai si bi yue","asbjrg","asbyrg","esbieri","eseubieleu","esubyau","xe sbiyer","Есбер","Есбєрг","Есбјерг","Эсбьерг","אסביירג","اسبجرگ","اسبیرگ","เอสบีเยร์","ესბიერი","エスビャウ","埃斯比约","에스비에르"],"latitude":"55.47028","longitude":"8.45187","feature_class":"P","feature_code":"PPLA2","country_code":"DK","cc2":"","admin1_code":"21","admin2_code":"561","admin3_code":"","admin4_code":"","population":"72205","elevation":"","dem":"17","timezone":"Europe/Copenhagen","modification_date":"2014-02-06"},{"geonameid":"2623188","name":"Charlottenlund","asciiname":"Charlottenlund","alternatenames":["Charlottenlund"],"latitude":"55.75367","longitude":"12.59181","feature_class":"P","feature_code":"PPLA2","country_code":"DK","cc2":"","admin1_code":"17","admin2_code":"157","admin3_code":"","admin4_code":"","population":"40000","elevation":"","dem":"11","timezone":"Europe/Copenhagen","modification_date":"2014-02-06"},{"geonameid":"2624112","name":"Birkerød","asciiname":"Birkerod","alternatenames":["Birkerod","Birkerød"],"latitude":"55.84759","longitude":"12.42791","feature_class":"P","feature_code":"PPL","country_code":"DK","cc2":"","admin1_code":"17","admin2_code":"230","admin3_code":"","admin4_code":"","population":"18901","elevation":"","dem":"53","timezone":"Europe/Copenhagen","modification_date":"2014-03-03"},{"geonameid":"2624341","name":"Ballerup","asciiname":"Ballerup","alternatenames":["Balleru","Ballerup"],"latitude":"55.73165","longitude":"12.36328","feature_class":"P","feature_code":"PPLA2","country_code":"DK","cc2":"","admin1_code":"17","admin2_code":"151","admin3_code":"","admin4_code":"","population":"40000","elevation":"","dem":"34","timezone":"Europe/Copenhagen","modification_date":"2011-03-01"},{"geonameid":"2624652","name":"Århus","asciiname":"Arhus","alternatenames":["Aarhus","Aarhusium","Arhus","Arhuzo","Arosar","Orhusa","Orhūsa","Orkhus","ao hu si","ofusu","Árósar","Århus","Орхус","אורהוס","オーフス","奥胡斯"],"latitude":"56.15674","longitude":"10.21076","feature_class":"P","feature_code":"PPLA2","country_code":"DK","cc2":"","admin1_code":"18","admin2_code":"751","admin3_code":"","admin4_code":"","population":"237551","elevation":"","dem":"10","timezone":"Europe/Copenhagen","modification_date":"2012-10-23"},{"geonameid":"2624886","name":"Aalborg","asciiname":"Aalborg","alternatenames":["AAL","Aalborg","Alaborg","Alborg","Almpornk","Ol'borg","Olbor","Olborg","Olborga","Olborgas","albrg","albwrg","albwrgh","ao er bao","olboleu","olborgi","orubo","xx lb xr","Álaborg","Ålborg","Άλμποργκ","Аалборг","Олбор","Олборг","Ольборг","Օլբորգ","אולבורג","آلبرگ","آلبورغ","آلبورگ","ออลบอร์","ოლბორგი","オールボー","奥尔堡","올보르"],"latitude":"57.048","longitude":"9.9187","feature_class":"P","feature_code":"PPLA","country_code":"DK","cc2":"","admin1_code":"19","admin2_code":"851","admin3_code":"","admin4_code":"","population":"122219","elevation":"","dem":"10","timezone":"Europe/Copenhagen","modification_date":"2010-07-09"},{"geonameid":"2624906","name":"Albertslund","asciiname":"Albertslund","alternatenames":["Al'bertslunn","Albertslund","Gmina Albertslund","Альбертслунн"],"latitude":"55.65691","longitude":"12.36381","feature_class":"P","feature_code":"PPLA2","country_code":"DK","cc2":"","admin1_code":"17","admin2_code":"165","admin3_code":"","admin4_code":"","population":"30000","elevation":"","dem":"12","timezone":"Europe/Copenhagen","modification_date":"2011-03-01"},{"geonameid":"2625070","name":"Aabenraa","asciiname":"Aabenraa","alternatenames":["Aabenra","Aabenraa","Aabenrå","Abenra","Abenrá","Abrenra","Apenrade","Obenro","XNR","ao ben luo","obenlo","obenro","Åbenrå","Åbrenrå","Обенро","オーベンロー","奥本罗","오벤로"],"latitude":"55.04434","longitude":"9.41741","feature_class":"P","feature_code":"PPLA2","country_code":"DK","cc2":"","admin1_code":"21","admin2_code":"580","admin3_code":"","admin4_code":"","population":"16344","elevation":"","dem":"16","timezone":"Europe/Copenhagen","modification_date":"2010-07-21"}]}