{"country_data":{"ISO":"DJ","ISO3":"DJI","ISO_Numeric":"262","fips":"DJ","country":"Djibouti","capital":"Djibouti","area":"23000","Population":"740528","Continent":"AF","tld":".dj","CurrencyCode":"DJF","CurrencyName":"Franc","Phone":"253","Postal_Code_Format":"","Postal_Code_Regex":"","Languages":"fr-DJ,ar,so-DJ,aa","geonameid":"223816","neighbours":"ER,ET,SO","EquivalentFipsCode":""},"cities":[{"geonameid":"220782","name":"Tadjoura","asciiname":"Tadjoura","alternatenames":["Gorad Tadzhura","TDJ","Tadjoura","Tadjourah","Tadjura","Tadzhura","Tadzura","Tadżura","Tagiura","Tajura","Tantzoura","ta zhu la","tajula","tajura","tajwrh","Ταντζουρά","Горад Таджура","Таджура","Թաջուրա","تاجوره","タジュラ","塔朱拉","타주라"],"latitude":"11.78528","longitude":"42.88444","feature_class":"P","feature_code":"PPLA","country_code":"DJ","cc2":"","admin1_code":"05","admin2_code":"","admin3_code":"","admin4_code":"","population":"22193","elevation":"","dem":"7","timezone":"Africa/Djibouti","modification_date":"2012-01-18"},{"geonameid":"221527","name":"Obock","asciiname":"Obock","alternatenames":["Hayyou","OBC","Obock","Obok"],"latitude":"11.96306","longitude":"43.29056","feature_class":"P","feature_code":"PPLA","country_code":"DJ","cc2":"","admin1_code":"04","admin2_code":"","admin3_code":"","admin4_code":"","population":"17776","elevation":"","dem":"7","timezone":"Africa/Djibouti","modification_date":"2012-01-18"},{"geonameid":"223817","name":"Djibouti","asciiname":"Djibouti","alternatenames":["Byen Djibouti","Cibuti","Dinas Djibouti","Diobuiti","Diobúití","Djiboeti","Djibouti","Djibouti Chhi","Djibouti Chhī","Djibuti","Dschibuti","Dzhibuti","Dzibuti","Dzibutis","Dzjibuty","Dzjibûty","Dzsibuti","Dżibuti","Džibuti","Džibutis","Džíbútí","Gibuti","Gibuto","Gibutum","Gorad Dzhybuci","Ilu Djibouti","JIB","Jabuuti","Jiboti","Jibouti","Jibuti","Lungsod ng Djibouti","Sita Jibouti","Syudad han Djibouti","Tzimpouti","Xibuti","Xibutí","Yibuti","Zhibuti shaary","ci buti","dzsybwty","gybwty","jbwty","ji bu de shi","jibuchi shi","jibuti","jybwty","jybwwty","Ìlú Djibouti","Ĝibuto","Τζιμπουτί","Џибути","Горад Джыбуці","Джибути","Джибуті","Жибути шаары","Ҷибути","Ջիբութի","גיבוטי","דזשיבוטי","جبوتی","جيبوتي","جیبوتی","جیبووتی","जिबूती","জিবুতি","ਜਿਬੂਤੀ","จิบูตี","ཇི་བའོ་ཊི།","ჯიბუტი","ジブチ市","吉布地市","지부티"],"latitude":"11.58901","longitude":"43.14503","feature_class":"P","feature_code":"PPLC","country_code":"DJ","cc2":"","admin1_code":"07","admin2_code":"","admin3_code":"","admin4_code":"","population":"623891","elevation":"","dem":"6","timezone":"Africa/Djibouti","modification_date":"2012-05-14"},{"geonameid":"223890","name":"Dikhil","asciiname":"Dikhil","alternatenames":["Dicchil","Dikhil","Dikil","Dikkil"],"latitude":"11.10861","longitude":"42.37389","feature_class":"P","feature_code":"PPLA","country_code":"DJ","cc2":"","admin1_code":"06","admin2_code":"","admin3_code":"","admin4_code":"","population":"12043","elevation":"","dem":"497","timezone":"Africa/Djibouti","modification_date":"2012-01-18"},{"geonameid":"224152","name":"Ḏânan","asciiname":"Danan","alternatenames":["Danan","Ḏânan"],"latitude":"11.18333","longitude":"42.93333","feature_class":"P","feature_code":"PPL","country_code":"DJ","cc2":"","admin1_code":"01","admin2_code":"","admin3_code":"","admin4_code":"","population":"40074","elevation":"","dem":"450","timezone":"Africa/Djibouti","modification_date":"2013-05-05"},{"geonameid":"225037","name":"‘Arta","asciiname":"`Arta","alternatenames":["Arta","`Arta","‘Arta"],"latitude":"11.52222","longitude":"42.84194","feature_class":"P","feature_code":"PPLA","country_code":"DJ","cc2":"","admin1_code":"08","admin2_code":"","admin3_code":"","admin4_code":"","population":"6025","elevation":"","dem":"719","timezone":"Africa/Djibouti","modification_date":"2015-06-25"},{"geonameid":"225284","name":"'Ali Sabieh","asciiname":"'Ali Sabieh","alternatenames":["Ali Sabie","Ali Sabiet","Ali Sabih","Ali Sabiè","Ali-Sabie","`Ali Sabieh","`Ali Sabih","Али-Сабие","‘Ali Sabieh","‘Ali Sabîẖ"],"latitude":"11.15583","longitude":"42.7125","feature_class":"P","feature_code":"PPLA","country_code":"DJ","cc2":"","admin1_code":"01","admin2_code":"","admin3_code":"","admin4_code":"","population":"40074","elevation":"","dem":"699","timezone":"Africa/Djibouti","modification_date":"2012-06-12"},{"geonameid":"220782","name":"Tadjoura","asciiname":"Tadjoura","alternatenames":["Gorad Tadzhura","TDJ","Tadjoura","Tadjourah","Tadjura","Tadzhura","Tadzura","Tadżura","Tagiura","Tajura","Tantzoura","ta zhu la","tajula","tajura","tajwrh","Ταντζουρά","Горад Таджура","Таджура","Թաջուրա","تاجوره","タジュラ","塔朱拉","타주라"],"latitude":"11.78528","longitude":"42.88444","feature_class":"P","feature_code":"PPLA","country_code":"DJ","cc2":"","admin1_code":"05","admin2_code":"","admin3_code":"","admin4_code":"","population":"22193","elevation":"","dem":"7","timezone":"Africa/Djibouti","modification_date":"2012-01-18"},{"geonameid":"221527","name":"Obock","asciiname":"Obock","alternatenames":["Hayyou","OBC","Obock","Obok"],"latitude":"11.96306","longitude":"43.29056","feature_class":"P","feature_code":"PPLA","country_code":"DJ","cc2":"","admin1_code":"04","admin2_code":"","admin3_code":"","admin4_code":"","population":"17776","elevation":"","dem":"7","timezone":"Africa/Djibouti","modification_date":"2012-01-18"},{"geonameid":"223817","name":"Djibouti","asciiname":"Djibouti","alternatenames":["Byen Djibouti","Cibuti","Dinas Djibouti","Diobuiti","Diobúití","Djiboeti","Djibouti","Djibouti Chhi","Djibouti Chhī","Djibuti","Dschibuti","Dzhibuti","Dzibuti","Dzibutis","Dzjibuty","Dzjibûty","Dzsibuti","Dżibuti","Džibuti","Džibutis","Džíbútí","Gibuti","Gibuto","Gibutum","Gorad Dzhybuci","Ilu Djibouti","JIB","Jabuuti","Jiboti","Jibouti","Jibuti","Lungsod ng Djibouti","Sita Jibouti","Syudad han Djibouti","Tzimpouti","Xibuti","Xibutí","Yibuti","Zhibuti shaary","ci buti","dzsybwty","gybwty","jbwty","ji bu de shi","jibuchi shi","jibuti","jybwty","jybwwty","Ìlú Djibouti","Ĝibuto","Τζιμπουτί","Џибути","Горад Джыбуці","Джибути","Джибуті","Жибути шаары","Ҷибути","Ջիբութի","גיבוטי","דזשיבוטי","جبوتی","جيبوتي","جیبوتی","جیبووتی","जिबूती","জিবুতি","ਜਿਬੂਤੀ","จิบูตี","ཇི་བའོ་ཊི།","ჯიბუტი","ジブチ市","吉布地市","지부티"],"latitude":"11.58901","longitude":"43.14503","feature_class":"P","feature_code":"PPLC","country_code":"DJ","cc2":"","admin1_code":"07","admin2_code":"","admin3_code":"","admin4_code":"","population":"623891","elevation":"","dem":"6","timezone":"Africa/Djibouti","modification_date":"2012-05-14"},{"geonameid":"224152","name":"Ḏânan","asciiname":"Danan","alternatenames":["Danan","Ḏânan"],"latitude":"11.18333","longitude":"42.93333","feature_class":"P","feature_code":"PPL","country_code":"DJ","cc2":"","admin1_code":"01","admin2_code":"","admin3_code":"","admin4_code":"","population":"40074","elevation":"","dem":"450","timezone":"Africa/Djibouti","modification_date":"2013-05-05"},{"geonameid":"225284","name":"'Ali Sabieh","asciiname":"'Ali Sabieh","alternatenames":["Ali Sabie","Ali Sabiet","Ali Sabih","Ali Sabiè","Ali-Sabie","`Ali Sabieh","`Ali Sabih","Али-Сабие","‘Ali Sabieh","‘Ali Sabîẖ"],"latitude":"11.15583","longitude":"42.7125","feature_class":"P","feature_code":"PPLA","country_code":"DJ","cc2":"","admin1_code":"01","admin2_code":"","admin3_code":"","admin4_code":"","population":"40074","elevation":"","dem":"699","timezone":"Africa/Djibouti","modification_date":"2012-06-12"}]}