{"country_data":{"ISO":"DM","ISO3":"DMA","ISO_Numeric":"212","fips":"DO","country":"Dominica","capital":"Roseau","area":"754","Population":"72813","Continent":"NA","tld":".dm","CurrencyCode":"XCD","CurrencyName":"Dollar","Phone":"+1-767","Postal_Code_Format":"","Postal_Code_Regex":"","Languages":"en-DM","geonameid":"3575830","neighbours":"","EquivalentFipsCode":""},"cities":[{"geonameid":"3575568","name":"Wesley","asciiname":"Wesley","alternatenames":["La Soie","Wesley"],"latitude":"15.56667","longitude":"-61.31667","feature_class":"P","feature_code":"PPLA","country_code":"DM","cc2":"","admin1_code":"02","admin2_code":"","admin3_code":"","admin4_code":"","population":"1933","elevation":"","dem":"90","timezone":"America/Dominica","modification_date":"2013-06-27"},{"geonameid":"3575602","name":"Soufrière","asciiname":"Soufriere","alternatenames":["Soufriere","Soufrière"],"latitude":"15.23374","longitude":"-61.35881","feature_class":"P","feature_code":"PPLA","country_code":"DM","cc2":"","admin1_code":"08","admin2_code":"","admin3_code":"","admin4_code":"","population":"1416","elevation":"","dem":"34","timezone":"America/Dominica","modification_date":"2013-06-27"},{"geonameid":"3575624","name":"Saint Joseph","asciiname":"Saint Joseph","alternatenames":["Saint Joseph"],"latitude":"15.4","longitude":"-61.43333","feature_class":"P","feature_code":"PPLA","country_code":"DM","cc2":"","admin1_code":"06","admin2_code":"","admin3_code":"","admin4_code":"","population":"2184","elevation":"","dem":"1","timezone":"America/Dominica","modification_date":"2013-06-27"},{"geonameid":"3575635","name":"Roseau","asciiname":"Roseau","alternatenames":["Charlotte Town","Gorad Razo","Roseau","Roseo","Rozo","lojo","luo suo","ro so","rozo","rusa'u","rwsw","rwsw  dwmynyka","rwzw","Ροζό","Горад Разо","Розо","Ռոզո","רוזו","روسو","روسو، دومينيكا","रुसाउ","ਰੋਜ਼ੋ","โรโซ","རུ་ཟོ།","როზო","ሮዞ","ロゾー","羅索","로조"],"latitude":"15.30174","longitude":"-61.38808","feature_class":"P","feature_code":"PPLC","country_code":"DM","cc2":"","admin1_code":"04","admin2_code":"","admin3_code":"","admin4_code":"","population":"16571","elevation":"","dem":"11","timezone":"America/Dominica","modification_date":"2010-08-16"},{"geonameid":"3575639","name":"Rosalie","asciiname":"Rosalie","alternatenames":["Rosalie"],"latitude":"15.36667","longitude":"-61.26667","feature_class":"P","feature_code":"PPLA","country_code":"DM","cc2":"","admin1_code":"03","admin2_code":"","admin3_code":"","admin4_code":"","population":"802","elevation":"","dem":"75","timezone":"America/Dominica","modification_date":"2013-06-27"},{"geonameid":"3575654","name":"Portsmouth","asciiname":"Portsmouth","alternatenames":["Grand-Anse","Portsmouth"],"latitude":"15.58333","longitude":"-61.46667","feature_class":"P","feature_code":"PPLA","country_code":"DM","cc2":"","admin1_code":"05","admin2_code":"","admin3_code":"","admin4_code":"","population":"3633","elevation":"","dem":"-9999","timezone":"America/Dominica","modification_date":"2013-06-27"},{"geonameid":"3575656","name":"Pont Cassé","asciiname":"Pont Casse","alternatenames":["Pont Casse","Pont Cassé"],"latitude":"15.36667","longitude":"-61.35","feature_class":"P","feature_code":"PPLA","country_code":"DM","cc2":"","admin1_code":"10","admin2_code":"","admin3_code":"","admin4_code":"","population":"702","elevation":"","dem":"595","timezone":"America/Dominica","modification_date":"2013-05-05"},{"geonameid":"3575660","name":"Pointe Michel","asciiname":"Pointe Michel","alternatenames":["La Pointe","Pointe Michel"],"latitude":"15.25976","longitude":"-61.37452","feature_class":"P","feature_code":"PPLA","country_code":"DM","cc2":"","admin1_code":"07","admin2_code":"","admin3_code":"","admin4_code":"","population":"1202","elevation":"","dem":"57","timezone":"America/Dominica","modification_date":"2013-03-26"},{"geonameid":"3575857","name":"Colihaut","asciiname":"Colihaut","alternatenames":["Colihaut","Coulihaut","Kulihao"],"latitude":"15.48478","longitude":"-61.46215","feature_class":"P","feature_code":"PPLA","country_code":"DM","cc2":"","admin1_code":"11","admin2_code":"","admin3_code":"","admin4_code":"","population":"890","elevation":"","dem":"11","timezone":"America/Dominica","modification_date":"2013-05-05"},{"geonameid":"3575899","name":"Berekua","asciiname":"Berekua","alternatenames":["Berekua","Grand Baie","Grand Bay"],"latitude":"15.23333","longitude":"-61.31667","feature_class":"P","feature_code":"PPLA","country_code":"DM","cc2":"","admin1_code":"09","admin2_code":"","admin3_code":"","admin4_code":"","population":"2608","elevation":"","dem":"288","timezone":"America/Dominica","modification_date":"2013-05-05"},{"geonameid":"3575635","name":"Roseau","asciiname":"Roseau","alternatenames":["Charlotte Town","Gorad Razo","Roseau","Roseo","Rozo","lojo","luo suo","ro so","rozo","rusa'u","rwsw","rwsw  dwmynyka","rwzw","Ροζό","Горад Разо","Розо","Ռոզո","רוזו","روسو","روسو، دومينيكا","रुसाउ","ਰੋਜ਼ੋ","โรโซ","རུ་ཟོ།","როზო","ሮዞ","ロゾー","羅索","로조"],"latitude":"15.30174","longitude":"-61.38808","feature_class":"P","feature_code":"PPLC","country_code":"DM","cc2":"","admin1_code":"04","admin2_code":"","admin3_code":"","admin4_code":"","population":"16571","elevation":"","dem":"11","timezone":"America/Dominica","modification_date":"2010-08-16"}]}