{"country_data":{"ISO":"EC","ISO3":"ECU","ISO_Numeric":"218","fips":"EC","country":"Ecuador","capital":"Quito","area":"283560","Population":"14790608","Continent":"SA","tld":".ec","CurrencyCode":"USD","CurrencyName":"Dollar","Phone":"593","Postal_Code_Format":"@####@","Postal_Code_Regex":"^([a-zA-Z]\\d{4}[a-zA-Z])$","Languages":"es-EC","geonameid":"3658394","neighbours":"PE,CO","EquivalentFipsCode":""},"cities":[{"geonameid":"3649914","name":"Zaruma","asciiname":"Zaruma","alternatenames":["Zaruma"],"latitude":"-3.69132","longitude":"-79.61174","feature_class":"P","feature_code":"PPL","country_code":"EC","cc2":"","admin1_code":"08","admin2_code":"","admin3_code":"","admin4_code":"","population":"12505","elevation":"","dem":"1198","timezone":"America/Guayaquil","modification_date":"2013-04-04"},{"geonameid":"3649959","name":"Zamora","asciiname":"Zamora","alternatenames":["Zamora"],"latitude":"-4.06685","longitude":"-78.95488","feature_class":"P","feature_code":"PPLA","country_code":"EC","cc2":"","admin1_code":"20","admin2_code":"","admin3_code":"","admin4_code":"","population":"15276","elevation":"","dem":"918","timezone":"America/Guayaquil","modification_date":"2013-06-27"},{"geonameid":"3650053","name":"Yantzaza","asciiname":"Yantzaza","alternatenames":["Yantzaza"],"latitude":"-3.83261","longitude":"-78.76076","feature_class":"P","feature_code":"PPL","country_code":"EC","cc2":"","admin1_code":"20","admin2_code":"","admin3_code":"","admin4_code":"","population":"9970","elevation":"","dem":"826","timezone":"America/Guayaquil","modification_date":"2013-02-08"},{"geonameid":"3650121","name":"Yaguachi Nuevo","asciiname":"Yaguachi Nuevo","alternatenames":["Yaguachi","Yaguachi Nuevo"],"latitude":"-2.0968","longitude":"-79.69485","feature_class":"P","feature_code":"PPL","country_code":"EC","cc2":"","admin1_code":"10","admin2_code":"","admin3_code":"","admin4_code":"","population":"27947","elevation":"","dem":"12","timezone":"America/Guayaquil","modification_date":"2013-02-08"},{"geonameid":"3650186","name":"Vinces","asciiname":"Vinces","alternatenames":["Vinces"],"latitude":"-1.55611","longitude":"-79.75191","feature_class":"P","feature_code":"PPL","country_code":"EC","cc2":"","admin1_code":"13","admin2_code":"","admin3_code":"","admin4_code":"","population":"32497","elevation":"","dem":"17","timezone":"America/Guayaquil","modification_date":"2013-01-11"},{"geonameid":"3650267","name":"Ventanas","asciiname":"Ventanas","alternatenames":["Ventanas"],"latitude":"-1.44158","longitude":"-79.45943","feature_class":"P","feature_code":"PPL","country_code":"EC","cc2":"","admin1_code":"13","admin2_code":"","admin3_code":"","admin4_code":"","population":"46708","elevation":"","dem":"24","timezone":"America/Guayaquil","modification_date":"2013-01-11"},{"geonameid":"3650273","name":"Velasco Ibarra","asciiname":"Velasco Ibarra","alternatenames":["El Empalme","Empalme","Velasco Ibarra"],"latitude":"-1.04376","longitude":"-79.63837","feature_class":"P","feature_code":"PPL","country_code":"EC","cc2":"","admin1_code":"10","admin2_code":"","admin3_code":"","admin4_code":"","population":"48754","elevation":"","dem":"75","timezone":"America/Guayaquil","modification_date":"2013-01-11"},{"geonameid":"3650312","name":"Valdez","asciiname":"Valdez","alternatenames":["Limones","Valdes","Valdez","Valdés"],"latitude":"1.24917","longitude":"-78.98306","feature_class":"P","feature_code":"PPL","country_code":"EC","cc2":"","admin1_code":"09","admin2_code":"","admin3_code":"","admin4_code":"","population":"11441","elevation":"","dem":"7","timezone":"America/Guayaquil","modification_date":"2012-01-18"},{"geonameid":"3650472","name":"Tulcán","asciiname":"Tulcan","alternatenames":["Gorad Tul'kan","TUA","Tul'kan","Tulcan","Tulchan","Tulcán","Tulkan","Tulkanas","to~urukan","tu er kan","twlkan","Горад Тулькан","Тулькан","تولکان","トゥルカン","圖爾坎"],"latitude":"0.81187","longitude":"-77.71727","feature_class":"P","feature_code":"PPLA","country_code":"EC","cc2":"","admin1_code":"05","admin2_code":"","admin3_code":"","admin4_code":"","population":"86498","elevation":"","dem":"2962","timezone":"America/Guayaquil","modification_date":"2014-08-19"},{"geonameid":"3650554","name":"Tosagua","asciiname":"Tosagua","alternatenames":["Tosagua"],"latitude":"-0.78679","longitude":"-80.23473","feature_class":"P","feature_code":"PPL","country_code":"EC","cc2":"","admin1_code":"14","admin2_code":"","admin3_code":"","admin4_code":"","population":"14680","elevation":"","dem":"15","timezone":"America/Guayaquil","modification_date":"2013-01-11"},{"geonameid":"3650721","name":"Tena","asciiname":"Tena","alternatenames":["Napo","San Juan de Tena","TNW","Tena"],"latitude":"-0.9938","longitude":"-77.81286","feature_class":"P","feature_code":"PPLA","country_code":"EC","cc2":"","admin1_code":"23","admin2_code":"","admin3_code":"","admin4_code":"","population":"17172","elevation":"","dem":"504","timezone":"America/Guayaquil","modification_date":"2014-08-04"},{"geonameid":"3650956","name":"Sucúa","asciiname":"Sucua","alternatenames":["Sucua","Sucúa"],"latitude":"-2.45866","longitude":"-78.17171","feature_class":"P","feature_code":"PPL","country_code":"EC","cc2":"","admin1_code":"15","admin2_code":"","admin3_code":"","admin4_code":"","population":"7413","elevation":"","dem":"831","timezone":"America/Guayaquil","modification_date":"2013-01-11"},{"geonameid":"3650960","name":"Sucre","asciiname":"Sucre","alternatenames":["Sucre"],"latitude":"-1.27974","longitude":"-80.41885","feature_class":"P","feature_code":"PPL","country_code":"EC","cc2":"","admin1_code":"14","admin2_code":"","admin3_code":"","admin4_code":"","population":"15286","elevation":"","dem":"121","timezone":"America/Guayaquil","modification_date":"2013-01-11"},{"geonameid":"3651297","name":"Santo Domingo de los Colorados","asciiname":"Santo Domingo de los Colorados","alternatenames":["Santo Domingo","Santo Domingo de los Colorados","Santo-Domingo-de-los-Kolorados","Санто-Доминго-де-лос-Колорадос"],"latitude":"-0.25305","longitude":"-79.17536","feature_class":"P","feature_code":"PPLA","country_code":"EC","cc2":"","admin1_code":"26","admin2_code":"3651296","admin3_code":"","admin4_code":"","population":"200421","elevation":"","dem":"554","timezone":"America/Guayaquil","modification_date":"2013-08-06"},{"geonameid":"3651356","name":"Santa Rosa","asciiname":"Santa Rosa","alternatenames":["ETR","Santa Rosa"],"latitude":"-3.44882","longitude":"-79.95952","feature_class":"P","feature_code":"PPL","country_code":"EC","cc2":"","admin1_code":"08","admin2_code":"","admin3_code":"","admin4_code":"","population":"41816","elevation":"","dem":"11","timezone":"America/Guayaquil","modification_date":"2013-04-14"},{"geonameid":"3651411","name":"Santa Lucía","asciiname":"Santa Lucia","alternatenames":[""],"latitude":"-2.18333","longitude":"-80","feature_class":"P","feature_code":"PPL","country_code":"EC","cc2":"","admin1_code":"10","admin2_code":"","admin3_code":"","admin4_code":"","population":"12523","elevation":"","dem":"15","timezone":"America/Guayaquil","modification_date":"2006-01-17"},{"geonameid":"3651438","name":"Santa Elena","asciiname":"Santa Elena","alternatenames":["Santa Elena"],"latitude":"-2.22622","longitude":"-80.85873","feature_class":"P","feature_code":"PPLA","country_code":"EC","cc2":"","admin1_code":"25","admin2_code":"3651436","admin3_code":"","admin4_code":"","population":"42214","elevation":"","dem":"43","timezone":"America/Guayaquil","modification_date":"2013-08-06"},{"geonameid":"3651495","name":"Santa Ana","asciiname":"Santa Ana","alternatenames":[""],"latitude":"-1.20726","longitude":"-80.37132","feature_class":"P","feature_code":"PPL","country_code":"EC","cc2":"","admin1_code":"14","admin2_code":"","admin3_code":"","admin4_code":"","population":"12833","elevation":"","dem":"61","timezone":"America/Guayaquil","modification_date":"2013-01-11"},{"geonameid":"3651613","name":"San Miguel de Salcedo","asciiname":"San Miguel de Salcedo","alternatenames":["Salcedo","San Miguel","San Miguel de Salcedo"],"latitude":"-1.04547","longitude":"-78.59063","feature_class":"P","feature_code":"PPL","country_code":"EC","cc2":"","admin1_code":"07","admin2_code":"","admin3_code":"","admin4_code":"","population":"10838","elevation":"","dem":"2650","timezone":"America/Guayaquil","modification_date":"2013-02-08"},{"geonameid":"3651639","name":"San Miguel","asciiname":"San Miguel","alternatenames":["San Miguel","San Miguel de Chimbo"],"latitude":"-1.70884","longitude":"-79.04311","feature_class":"P","feature_code":"PPL","country_code":"EC","cc2":"","admin1_code":"03","admin2_code":"","admin3_code":"","admin4_code":"","population":"12575","elevation":"","dem":"2444","timezone":"America/Guayaquil","modification_date":"2013-01-11"},{"geonameid":"3651694","name":"San Lorenzo de Esmeraldas","asciiname":"San Lorenzo de Esmeraldas","alternatenames":["Puerto San Lorenzo","San Lorenzo","San Lorenzo de Esmeraldas"],"latitude":"1.28626","longitude":"-78.83514","feature_class":"P","feature_code":"PPL","country_code":"EC","cc2":"","admin1_code":"09","admin2_code":"","admin3_code":"","admin4_code":"","population":"20209","elevation":"","dem":"14","timezone":"America/Guayaquil","modification_date":"2013-01-11"},{"geonameid":"3651857","name":"Sangolquí","asciiname":"Sangolqui","alternatenames":[""],"latitude":"-0.33405","longitude":"-78.45217","feature_class":"P","feature_code":"PPL","country_code":"EC","cc2":"","admin1_code":"18","admin2_code":"","admin3_code":"","admin4_code":"","population":"5114","elevation":"","dem":"2513","timezone":"America/Guayaquil","modification_date":"2008-01-21"},{"geonameid":"3651868","name":"San Gabriel","asciiname":"San Gabriel","alternatenames":["Montufar","Montúfar","San Gabriel"],"latitude":"0.59318","longitude":"-77.83078","feature_class":"P","feature_code":"PPL","country_code":"EC","cc2":"","admin1_code":"05","admin2_code":"","admin3_code":"","admin4_code":"","population":"15112","elevation":"","dem":"2860","timezone":"America/Guayaquil","modification_date":"2013-01-11"},{"geonameid":"3652065","name":"Samborondón","asciiname":"Samborondon","alternatenames":["Samborondon","Samborondón","Samrondon","Samrondón","Zamborondon","Zamborondón"],"latitude":"-1.96276","longitude":"-79.72402","feature_class":"P","feature_code":"PPL","country_code":"EC","cc2":"","admin1_code":"10","admin2_code":"","admin3_code":"","admin4_code":"","population":"24118","elevation":"","dem":"9","timezone":"America/Guayaquil","modification_date":"2013-01-11"},{"geonameid":"3652100","name":"Salinas","asciiname":"Salinas","alternatenames":["SNC","Salinas","Салинас"],"latitude":"-2.21452","longitude":"-80.95151","feature_class":"P","feature_code":"PPL","country_code":"EC","cc2":"","admin1_code":"25","admin2_code":"3652097","admin3_code":"","admin4_code":"","population":"43862","elevation":"","dem":"12","timezone":"America/Guayaquil","modification_date":"2014-01-18"},{"geonameid":"3652257","name":"Rosa Zarate","asciiname":"Rosa Zarate","alternatenames":["Quininde","Quinindé","Rosa Zarate"],"latitude":"0.32779","longitude":"-79.47407","feature_class":"P","feature_code":"PPL","country_code":"EC","cc2":"","admin1_code":"09","admin2_code":"","admin3_code":"","admin4_code":"","population":"42121","elevation":"","dem":"88","timezone":"America/Guayaquil","modification_date":"2014-07-27"},{"geonameid":"3652315","name":"Rocafuerte","asciiname":"Rocafuerte","alternatenames":["Rocafuerte"],"latitude":"-0.9236","longitude":"-80.44946","feature_class":"P","feature_code":"PPL","country_code":"EC","cc2":"","admin1_code":"14","admin2_code":"","admin3_code":"","admin4_code":"","population":"10274","elevation":"","dem":"25","timezone":"America/Guayaquil","modification_date":"2013-01-11"},{"geonameid":"3652350","name":"Riobamba","asciiname":"Riobamba","alternatenames":["Riobamba","Rispampa","li ao ban ba","ri xoba m ba","rywbamba","rywbmbh","Риобамба","ריובמבה","ريوبامبا","ریؤبامبا","รีโอบัมบา","里奧班巴"],"latitude":"-1.67098","longitude":"-78.64712","feature_class":"P","feature_code":"PPLA","country_code":"EC","cc2":"","admin1_code":"06","admin2_code":"","admin3_code":"","admin4_code":"","population":"124478","elevation":"","dem":"2758","timezone":"America/Guayaquil","modification_date":"2013-08-06"},{"geonameid":"3652462","name":"Quito","asciiname":"Quito","alternatenames":["Gorad Kita","Kitas","Kito","Kitu","Kuito","Quito","Quitu","Quitum","San Francisco de Quito","UIO","ji duo","ki to","kito","kvirrea","kvito","kwytw","kytw","qytw","Κίτο","Горад Кіта","Кито","Кіто","Կիտո","קיטא","קיטו","كىتو","كيتو","کوئتو","کیتو","کیٹو","क्वितो","क्वीटो","ਕੀਤੋ","ക്വിറ്റോ","กีโต","ཁེ་ཐོ།","კიტო","ኪቶ","キト","基多","키토"],"latitude":"-0.22985","longitude":"-78.52495","feature_class":"P","feature_code":"PPLC","country_code":"EC","cc2":"","admin1_code":"18","admin2_code":"","admin3_code":"","admin4_code":"","population":"1399814","elevation":"","dem":"2854","timezone":"America/Guayaquil","modification_date":"2010-05-30"},{"geonameid":"3652567","name":"Quevedo","asciiname":"Quevedo","alternatenames":["Quevedo"],"latitude":"-1.02863","longitude":"-79.46352","feature_class":"P","feature_code":"PPL","country_code":"EC","cc2":"","admin1_code":"13","admin2_code":"","admin3_code":"","admin4_code":"","population":"119436","elevation":"","dem":"51","timezone":"America/Guayaquil","modification_date":"2013-01-11"},{"geonameid":"3652584","name":"Puyo","asciiname":"Puyo","alternatenames":["El Puyo","Pujo","Puyo","Пуйо"],"latitude":"-1.48369","longitude":"-78.00257","feature_class":"P","feature_code":"PPLA","country_code":"EC","cc2":"","admin1_code":"17","admin2_code":"","admin3_code":"","admin4_code":"","population":"24881","elevation":"","dem":"925","timezone":"America/Guayaquil","modification_date":"2013-08-06"},{"geonameid":"3652684","name":"Pujilí","asciiname":"Pujili","alternatenames":["Pajili","Pujili","Pujilí"],"latitude":"-0.95759","longitude":"-78.69636","feature_class":"P","feature_code":"PPL","country_code":"EC","cc2":"","admin1_code":"07","admin2_code":"","admin3_code":"","admin4_code":"","population":"16168","elevation":"","dem":"2944","timezone":"America/Guayaquil","modification_date":"2013-02-08"},{"geonameid":"3652743","name":"Puerto Francisco de Orellana","asciiname":"Puerto Francisco de Orellana","alternatenames":["Coca","Francisco de Orellana","La Coca","OCC","Puerto Francisco de Orellana"],"latitude":"-0.46645","longitude":"-76.98719","feature_class":"P","feature_code":"PPLA","country_code":"EC","cc2":"","admin1_code":"24","admin2_code":"","admin3_code":"","admin4_code":"","population":"48144","elevation":"","dem":"255","timezone":"America/Guayaquil","modification_date":"2013-08-06"},{"geonameid":"3652757","name":"Puerto Bolívar","asciiname":"Puerto Bolivar","alternatenames":["Ponto Bolivar","Puerto Bolivar","Puerto Bolívar","Пуерто Боливар"],"latitude":"-3.26649","longitude":"-79.99749","feature_class":"P","feature_code":"PPL","country_code":"EC","cc2":"","admin1_code":"08","admin2_code":"","admin3_code":"","admin4_code":"","population":"8300","elevation":"","dem":"6","timezone":"America/Guayaquil","modification_date":"2013-02-08"},{"geonameid":"3652758","name":"Puerto Baquerizo Moreno","asciiname":"Puerto Baquerizo Moreno","alternatenames":["Baquerizo Moreno","Puerto Baquerizo","Puerto Baquerizo Moreno","Puerto Chico"],"latitude":"-0.92322","longitude":"-89.60474","feature_class":"P","feature_code":"PPLA","country_code":"EC","cc2":"","admin1_code":"01","admin2_code":"","admin3_code":"","admin4_code":"","population":"4214","elevation":"","dem":"58","timezone":"Pacific/Galapagos","modification_date":"2013-08-06"},{"geonameid":"3652764","name":"Puerto Ayora","asciiname":"Puerto Ayora","alternatenames":["Puerto Ayora"],"latitude":"-0.74018","longitude":"-90.3138","feature_class":"P","feature_code":"PPL","country_code":"EC","cc2":"","admin1_code":"01","admin2_code":"","admin3_code":"","admin4_code":"","population":"8996","elevation":"","dem":"15","timezone":"Pacific/Galapagos","modification_date":"2012-05-01"},{"geonameid":"3652941","name":"Portoviejo","asciiname":"Portoviejo","alternatenames":["Gorad Partauekha","PVO","Portov'ekho","Portoviejo","Portovjechas","bo tuo wei ye huo","pwrtw wyyjw","Горад Партаўеха","Портовьехо","پورتو ویئجو","波托維耶霍"],"latitude":"-1.05458","longitude":"-80.45445","feature_class":"P","feature_code":"PPLA","country_code":"EC","cc2":"","admin1_code":"14","admin2_code":"","admin3_code":"","admin4_code":"","population":"170326","elevation":"","dem":"44","timezone":"America/Guayaquil","modification_date":"2013-08-06"},{"geonameid":"3652943","name":"Portovelo","asciiname":"Portovelo","alternatenames":["Portobelo","Portovelo","Portoviejo"],"latitude":"-3.72145","longitude":"-79.62187","feature_class":"P","feature_code":"PPL","country_code":"EC","cc2":"","admin1_code":"08","admin2_code":"","admin3_code":"","admin4_code":"","population":"9708","elevation":"","dem":"621","timezone":"America/Guayaquil","modification_date":"2013-02-08"},{"geonameid":"3653015","name":"Playas","asciiname":"Playas","alternatenames":["General Villamil","Playas","Villamil"],"latitude":"-2.63199","longitude":"-80.38808","feature_class":"P","feature_code":"PPL","country_code":"EC","cc2":"","admin1_code":"10","admin2_code":"","admin3_code":"","admin4_code":"","population":"30564","elevation":"","dem":"10","timezone":"America/Guayaquil","modification_date":"2013-01-11"},{"geonameid":"3653130","name":"Piñas","asciiname":"Pinas","alternatenames":["Pinas","Piñas"],"latitude":"-3.68107","longitude":"-79.68083","feature_class":"P","feature_code":"PPL","country_code":"EC","cc2":"","admin1_code":"08","admin2_code":"","admin3_code":"","admin4_code":"","population":"16981","elevation":"","dem":"1017","timezone":"America/Guayaquil","modification_date":"2013-02-08"},{"geonameid":"3653146","name":"Pimampiro","asciiname":"Pimampiro","alternatenames":["Pimampiro","Pimanpiro"],"latitude":"0.39116","longitude":"-77.94068","feature_class":"P","feature_code":"PPL","country_code":"EC","cc2":"","admin1_code":"11","admin2_code":"","admin3_code":"","admin4_code":"","population":"7408","elevation":"","dem":"2149","timezone":"America/Guayaquil","modification_date":"2013-01-11"},{"geonameid":"3653159","name":"Píllaro","asciiname":"Pillaro","alternatenames":["Pillaro","Píllaro"],"latitude":"-1.17414","longitude":"-78.54676","feature_class":"P","feature_code":"PPL","country_code":"EC","cc2":"","admin1_code":"19","admin2_code":"","admin3_code":"","admin4_code":"","population":"7462","elevation":"","dem":"2787","timezone":"America/Guayaquil","modification_date":"2013-02-08"},{"geonameid":"3653287","name":"Pelileo","asciiname":"Pelileo","alternatenames":["Pelileo"],"latitude":"-1.3299","longitude":"-78.54341","feature_class":"P","feature_code":"PPL","country_code":"EC","cc2":"","admin1_code":"19","admin2_code":"","admin3_code":"","admin4_code":"","population":"16572","elevation":"","dem":"2589","timezone":"America/Guayaquil","modification_date":"2013-04-04"},{"geonameid":"3653295","name":"Pedro Carbo","asciiname":"Pedro Carbo","alternatenames":["Pedro Carbo"],"latitude":"-1.81563","longitude":"-80.23309","feature_class":"P","feature_code":"PPL","country_code":"EC","cc2":"","admin1_code":"10","admin2_code":"","admin3_code":"","admin4_code":"","population":"23372","elevation":"","dem":"56","timezone":"America/Guayaquil","modification_date":"2013-01-11"},{"geonameid":"3653307","name":"Pedernales","asciiname":"Pedernales","alternatenames":[""],"latitude":"0.07167","longitude":"-80.0525","feature_class":"P","feature_code":"PPL","country_code":"EC","cc2":"","admin1_code":"14","admin2_code":"","admin3_code":"","admin4_code":"","population":"5983","elevation":"","dem":"32","timezone":"America/Guayaquil","modification_date":"2013-01-11"},{"geonameid":"3653403","name":"Pasaje","asciiname":"Pasaje","alternatenames":["Pasaje"],"latitude":"-3.32561","longitude":"-79.80697","feature_class":"P","feature_code":"PPL","country_code":"EC","cc2":"","admin1_code":"08","admin2_code":"","admin3_code":"","admin4_code":"","population":"44860","elevation":"","dem":"30","timezone":"America/Guayaquil","modification_date":"2013-02-08"},{"geonameid":"3653523","name":"Palora","asciiname":"Palora","alternatenames":["Metzera","Palora"],"latitude":"-1.70131","longitude":"-77.96516","feature_class":"P","feature_code":"PPL","country_code":"EC","cc2":"","admin1_code":"15","admin2_code":"","admin3_code":"","admin4_code":"","population":"6472","elevation":"","dem":"880","timezone":"America/Guayaquil","modification_date":"2013-01-11"},{"geonameid":"3653581","name":"Palestina","asciiname":"Palestina","alternatenames":["Hacienda Palestina","Palestina"],"latitude":"-1.93709","longitude":"-79.71396","feature_class":"P","feature_code":"PPL","country_code":"EC","cc2":"","admin1_code":"10","admin2_code":"","admin3_code":"","admin4_code":"","population":"9364","elevation":"","dem":"9","timezone":"America/Guayaquil","modification_date":"2013-01-11"},{"geonameid":"3653587","name":"Palenque","asciiname":"Palenque","alternatenames":[""],"latitude":"-1.43795","longitude":"-79.75647","feature_class":"P","feature_code":"PPL","country_code":"EC","cc2":"","admin1_code":"13","admin2_code":"","admin3_code":"","admin4_code":"","population":"9083","elevation":"","dem":"31","timezone":"America/Guayaquil","modification_date":"2013-01-11"},{"geonameid":"3653609","name":"Paján","asciiname":"Pajan","alternatenames":["Pajan","Paján"],"latitude":"-1.55238","longitude":"-80.42958","feature_class":"P","feature_code":"PPL","country_code":"EC","cc2":"","admin1_code":"14","admin2_code":"","admin3_code":"","admin4_code":"","population":"9183","elevation":"","dem":"125","timezone":"America/Guayaquil","modification_date":"2013-01-11"},{"geonameid":"3653693","name":"Otavalo","asciiname":"Otavalo","alternatenames":["Otavalas","Otavalo","Otovalo","Utawalu","awtabalw","Отавало","اوتابالو"],"latitude":"0.23457","longitude":"-78.26248","feature_class":"P","feature_code":"PPL","country_code":"EC","cc2":"","admin1_code":"11","admin2_code":"3653692","admin3_code":"","admin4_code":"","population":"32330","elevation":"","dem":"2532","timezone":"America/Guayaquil","modification_date":"2015-03-27"},{"geonameid":"3653873","name":"Naranjito","asciiname":"Naranjito","alternatenames":[""],"latitude":"-2.16671","longitude":"-79.4654","feature_class":"P","feature_code":"PPL","country_code":"EC","cc2":"","admin1_code":"10","admin2_code":"","admin3_code":"","admin4_code":"","population":"34206","elevation":"","dem":"28","timezone":"America/Guayaquil","modification_date":"2013-01-11"},{"geonameid":"3653882","name":"Naranjal","asciiname":"Naranjal","alternatenames":[""],"latitude":"-2.67364","longitude":"-79.6183","feature_class":"P","feature_code":"PPL","country_code":"EC","cc2":"","admin1_code":"10","admin2_code":"","admin3_code":"","admin4_code":"","population":"32045","elevation":"","dem":"25","timezone":"America/Guayaquil","modification_date":"2013-02-08"},{"geonameid":"3653967","name":"Muisne","asciiname":"Muisne","alternatenames":["Muisne"],"latitude":"0.61129","longitude":"-80.01863","feature_class":"P","feature_code":"PPL","country_code":"EC","cc2":"","admin1_code":"09","admin2_code":"","admin3_code":"","admin4_code":"","population":"13393","elevation":"","dem":"4","timezone":"America/Guayaquil","modification_date":"2013-01-11"},{"geonameid":"3654055","name":"Montecristi","asciiname":"Montecristi","alternatenames":["Montecristi"],"latitude":"-1.04576","longitude":"-80.65889","feature_class":"P","feature_code":"PPL","country_code":"EC","cc2":"","admin1_code":"14","admin2_code":"","admin3_code":"","admin4_code":"","population":"18351","elevation":"","dem":"135","timezone":"America/Guayaquil","modification_date":"2013-01-11"},{"geonameid":"3654064","name":"Montalvo","asciiname":"Montalvo","alternatenames":[""],"latitude":"-1.79008","longitude":"-79.28759","feature_class":"P","feature_code":"PPL","country_code":"EC","cc2":"","admin1_code":"13","admin2_code":"","admin3_code":"","admin4_code":"","population":"15547","elevation":"","dem":"65","timezone":"America/Guayaquil","modification_date":"2013-01-11"},{"geonameid":"3654410","name":"Manta","asciiname":"Manta","alternatenames":["MEC","Manta","Manta Ecuador","Puerto de Manta","man ta","Манта","曼塔"],"latitude":"-0.96212","longitude":"-80.71271","feature_class":"P","feature_code":"PPL","country_code":"EC","cc2":"","admin1_code":"14","admin2_code":"","admin3_code":"","admin4_code":"","population":"183166","elevation":"","dem":"23","timezone":"America/Guayaquil","modification_date":"2013-01-11"},{"geonameid":"3654533","name":"Machala","asciiname":"Machala","alternatenames":["Gorad Machala","MCH","Macala","Machala","Maĉala","Mačala","ma cha la","machala","machara","mchala","Горад Мачала","Мачала","מצאלה","ماچالا","مچالا","マチャラ","馬查拉"],"latitude":"-3.25861","longitude":"-79.96053","feature_class":"P","feature_code":"PPLA","country_code":"EC","cc2":"","admin1_code":"08","admin2_code":"","admin3_code":"","admin4_code":"","population":"198123","elevation":"","dem":"15","timezone":"America/Guayaquil","modification_date":"2013-08-06"},{"geonameid":"3654536","name":"Machachi","asciiname":"Machachi","alternatenames":["Ciudad de Machachi","Machache","Machachi"],"latitude":"-0.51011","longitude":"-78.56712","feature_class":"P","feature_code":"PPL","country_code":"EC","cc2":"","admin1_code":"18","admin2_code":"","admin3_code":"","admin4_code":"","population":"25742","elevation":"","dem":"2933","timezone":"America/Guayaquil","modification_date":"2013-01-11"},{"geonameid":"3654541","name":"Macas","asciiname":"Macas","alternatenames":["Macas","XMS"],"latitude":"-2.30868","longitude":"-78.11135","feature_class":"P","feature_code":"PPLA","country_code":"EC","cc2":"","admin1_code":"15","admin2_code":"","admin3_code":"","admin4_code":"","population":"23687","elevation":"","dem":"914","timezone":"America/Guayaquil","modification_date":"2013-08-06"},{"geonameid":"3654545","name":"Macará","asciiname":"Macara","alternatenames":["Macara","Macará"],"latitude":"-4.38181","longitude":"-79.9437","feature_class":"P","feature_code":"PPL","country_code":"EC","cc2":"","admin1_code":"12","admin2_code":"","admin3_code":"","admin4_code":"","population":"13035","elevation":"","dem":"450","timezone":"America/Guayaquil","modification_date":"2013-02-08"},{"geonameid":"3654650","name":"Lomas de Sargentillo","asciiname":"Lomas de Sargentillo","alternatenames":["Lomas de Sargentillo"],"latitude":"-1.88333","longitude":"-80.08333","feature_class":"P","feature_code":"PPL","country_code":"EC","cc2":"","admin1_code":"10","admin2_code":"","admin3_code":"","admin4_code":"","population":"7542","elevation":"","dem":"21","timezone":"America/Guayaquil","modification_date":"2012-05-06"},{"geonameid":"3654667","name":"Loja","asciiname":"Loja","alternatenames":["LOH","Locha","Loja","Lokha","luo ha","lwja","Лоха","لوجا","洛哈"],"latitude":"-3.99313","longitude":"-79.20422","feature_class":"P","feature_code":"PPLA","country_code":"EC","cc2":"","admin1_code":"12","admin2_code":"","admin3_code":"","admin4_code":"","population":"117796","elevation":"","dem":"2060","timezone":"America/Guayaquil","modification_date":"2013-07-03"},{"geonameid":"3654853","name":"La Troncal","asciiname":"La Troncal","alternatenames":["La Troncal"],"latitude":"-2.42355","longitude":"-79.33977","feature_class":"P","feature_code":"PPL","country_code":"EC","cc2":"","admin1_code":"04","admin2_code":"","admin3_code":"","admin4_code":"","population":"36353","elevation":"","dem":"82","timezone":"America/Guayaquil","modification_date":"2013-01-11"},{"geonameid":"3654870","name":"Latacunga","asciiname":"Latacunga","alternatenames":["Gorad Latakunga","LTX","Latacunga","Latakunga","Latakunka","la ta kun jia","latakwnga","latakwnga  akwadwr","Горад Латакунга","Латакунга","لاتاکونگا","لاتاکونگا، اکوادور","拉塔昆加"],"latitude":"-0.93521","longitude":"-78.61554","feature_class":"P","feature_code":"PPLA","country_code":"EC","cc2":"","admin1_code":"07","admin2_code":"","admin3_code":"","admin4_code":"","population":"51717","elevation":"","dem":"2769","timezone":"America/Guayaquil","modification_date":"2014-08-18"},{"geonameid":"3655117","name":"La Maná","asciiname":"La Mana","alternatenames":["La Mana","La Maná"],"latitude":"-0.94094","longitude":"-79.22506","feature_class":"P","feature_code":"PPL","country_code":"EC","cc2":"","admin1_code":"07","admin2_code":"","admin3_code":"","admin4_code":"","population":"16450","elevation":"","dem":"212","timezone":"America/Guayaquil","modification_date":"2013-01-11"},{"geonameid":"3655131","name":"La Libertad","asciiname":"La Libertad","alternatenames":["La Libertad"],"latitude":"-2.233","longitude":"-80.91039","feature_class":"P","feature_code":"PPL","country_code":"EC","cc2":"","admin1_code":"10","admin2_code":"","admin3_code":"","admin4_code":"","population":"75881","elevation":"","dem":"28","timezone":"America/Guayaquil","modification_date":"2013-01-11"},{"geonameid":"3655185","name":"Nueva Loja","asciiname":"Nueva Loja","alternatenames":["Lago Agrio","Nuehva-Lokha","Nueva Loja","Нуэва-Лоха"],"latitude":"0.086","longitude":"-76.89528","feature_class":"P","feature_code":"PPLA","country_code":"EC","cc2":"","admin1_code":"22","admin2_code":"","admin3_code":"","admin4_code":"","population":"24211","elevation":"","dem":"303","timezone":"America/Guayaquil","modification_date":"2014-07-01"},{"geonameid":"3655385","name":"Junín","asciiname":"Junin","alternatenames":[""],"latitude":"-0.92777","longitude":"-80.20583","feature_class":"P","feature_code":"PPL","country_code":"EC","cc2":"","admin1_code":"14","admin2_code":"","admin3_code":"","admin4_code":"","population":"9128","elevation":"","dem":"49","timezone":"America/Guayaquil","modification_date":"2013-01-11"},{"geonameid":"3655446","name":"Jipijapa","asciiname":"Jipijapa","alternatenames":["JIP","Jipijapa"],"latitude":"-1.34872","longitude":"-80.57875","feature_class":"P","feature_code":"PPL","country_code":"EC","cc2":"","admin1_code":"14","admin2_code":"","admin3_code":"","admin4_code":"","population":"35901","elevation":"","dem":"287","timezone":"America/Guayaquil","modification_date":"2013-01-11"},{"geonameid":"3655673","name":"Ibarra","asciiname":"Ibarra","alternatenames":["Ibarra","Ибарра"],"latitude":"0.35171","longitude":"-78.12233","feature_class":"P","feature_code":"PPLA","country_code":"EC","cc2":"","admin1_code":"11","admin2_code":"","admin3_code":"","admin4_code":"","population":"132977","elevation":"","dem":"2208","timezone":"America/Guayaquil","modification_date":"2013-06-27"},{"geonameid":"3655720","name":"Huaquillas","asciiname":"Huaquillas","alternatenames":["Huaquillas"],"latitude":"-3.47523","longitude":"-80.23084","feature_class":"P","feature_code":"PPL","country_code":"EC","cc2":"","admin1_code":"08","admin2_code":"","admin3_code":"","admin4_code":"","population":"39757","elevation":"","dem":"9","timezone":"America/Guayaquil","modification_date":"2013-02-08"},{"geonameid":"3657509","name":"Guayaquil","asciiname":"Guayaquil","alternatenames":["GYE","Gorad Guajakil'","Gouagiakil","Guaiaquil","Guaiaquilum","Guajakil","Guajakil'","Guayaquil","Gvajakil","Gvajakila","Gvajakilis","Santiago de Guayaquil","Wayakil","ghwayakyl","gu'a'i'akila","gua ya ji er","guayakiru","gvayakila","gwayakil","gwayakwyl","gwayakywl","kwa yaki l","Γουαγιακίλ","Гвајакил","Горад Гуаякіль","Гуаякил","Гуаякиль","Ґуаякіль","גואיאקיל","غواياكيل","گوآیاکوئل","گوایاکیول","ग्वायाकिल","ਗੁਆਇਆਕੀਲ","กวายากิล","グアヤキル","瓜亞基爾","과야킬"],"latitude":"-2.20584","longitude":"-79.90795","feature_class":"P","feature_code":"PPLA","country_code":"EC","cc2":"","admin1_code":"10","admin2_code":"","admin3_code":"","admin4_code":"","population":"1952029","elevation":"","dem":"6","timezone":"America/Guayaquil","modification_date":"2013-08-06"},{"geonameid":"3657571","name":"Guaranda","asciiname":"Guaranda","alternatenames":["Guaranda","Гуаранда"],"latitude":"-1.59263","longitude":"-79.00098","feature_class":"P","feature_code":"PPLA","country_code":"EC","cc2":"","admin1_code":"03","admin2_code":"","admin3_code":"","admin4_code":"","population":"22199","elevation":"","dem":"2680","timezone":"America/Guayaquil","modification_date":"2013-08-06"},{"geonameid":"3657594","name":"Guano","asciiname":"Guano","alternatenames":[""],"latitude":"-1.60789","longitude":"-78.63105","feature_class":"P","feature_code":"PPL","country_code":"EC","cc2":"","admin1_code":"06","admin2_code":"","admin3_code":"","admin4_code":"","population":"12659","elevation":"","dem":"2666","timezone":"America/Guayaquil","modification_date":"2013-01-11"},{"geonameid":"3657670","name":"Gualaceo","asciiname":"Gualaceo","alternatenames":["Gualaceo"],"latitude":"-2.89264","longitude":"-78.77814","feature_class":"P","feature_code":"PPL","country_code":"EC","cc2":"","admin1_code":"02","admin2_code":"","admin3_code":"","admin4_code":"","population":"17122","elevation":"","dem":"2233","timezone":"America/Guayaquil","modification_date":"2013-01-11"},{"geonameid":"3657990","name":"Esmeraldas","asciiname":"Esmeraldas","alternatenames":["ESM","Esmeraldas","Volcan Chimborazo","Volcán Chimborazo"],"latitude":"0.9592","longitude":"-79.65397","feature_class":"P","feature_code":"PPLA","country_code":"EC","cc2":"","admin1_code":"09","admin2_code":"","admin3_code":"","admin4_code":"","population":"165216","elevation":"","dem":"18","timezone":"America/Guayaquil","modification_date":"2013-08-04"},{"geonameid":"3658053","name":"El Triunfo","asciiname":"El Triunfo","alternatenames":[""],"latitude":"-1.93333","longitude":"-79.96667","feature_class":"P","feature_code":"PPL","country_code":"EC","cc2":"","admin1_code":"10","admin2_code":"","admin3_code":"","admin4_code":"","population":"32282","elevation":"","dem":"6","timezone":"America/Guayaquil","modification_date":"2006-01-17"},{"geonameid":"3658192","name":"Eloy Alfaro","asciiname":"Eloy Alfaro","alternatenames":["Alfaro","Duran","Durán","Eloy Alfaro"],"latitude":"-2.17579","longitude":"-79.85519","feature_class":"P","feature_code":"PPL","country_code":"EC","cc2":"","admin1_code":"10","admin2_code":"","admin3_code":"","admin4_code":"","population":"167784","elevation":"","dem":"7","timezone":"America/Guayaquil","modification_date":"2013-02-08"},{"geonameid":"3658666","name":"Cuenca","asciiname":"Cuenca","alternatenames":["CUE","Cuenca","Gorad Kuehnka","Kuehnka","Kuehnkae","Kuenka","Santa Ana de los cuatro rios de Cuenca","Santa Ana de los cuatro ríos de Cuenca","Tumipampa","ke wng ka","kuengka","kuenka","kun ka","kwynka","Горад Куэнка","Куенка","Куэнкæ","Куэнка","Կուենկա","קואנקה","کوئنکا","เกวงกา","კუენკა","クエンカ","昆卡","쿠엥카"],"latitude":"-2.90055","longitude":"-79.00453","feature_class":"P","feature_code":"PPLA","country_code":"EC","cc2":"","admin1_code":"02","admin2_code":"","admin3_code":"","admin4_code":"","population":"276964","elevation":"","dem":"2543","timezone":"America/Guayaquil","modification_date":"2013-01-27"},{"geonameid":"3658781","name":"Cotacachi","asciiname":"Cotacachi","alternatenames":["Cotacachi"],"latitude":"0.30107","longitude":"-78.26428","feature_class":"P","feature_code":"PPL","country_code":"EC","cc2":"","admin1_code":"11","admin2_code":"","admin3_code":"","admin4_code":"","population":"8238","elevation":"","dem":"2442","timezone":"America/Guayaquil","modification_date":"2013-03-05"},{"geonameid":"3658822","name":"Coronel Marcelino Maridueña","asciiname":"Coronel Marcelino Mariduena","alternatenames":["Coronel Marcelino Mariduena","Coronel Marcelino Maridueña","Coronel Mariduena","Coronel Maridueña","Mariduena","Maridueña"],"latitude":"-2.20924","longitude":"-79.43248","feature_class":"P","feature_code":"PPL","country_code":"EC","cc2":"","admin1_code":"10","admin2_code":"","admin3_code":"","admin4_code":"","population":"7303","elevation":"","dem":"43","timezone":"America/Guayaquil","modification_date":"2013-01-11"},{"geonameid":"3658948","name":"Colimes","asciiname":"Colimes","alternatenames":["Colimes"],"latitude":"-1.54553","longitude":"-80.01165","feature_class":"P","feature_code":"PPL","country_code":"EC","cc2":"","admin1_code":"10","admin2_code":"","admin3_code":"","admin4_code":"","population":"9384","elevation":"","dem":"25","timezone":"America/Guayaquil","modification_date":"2013-01-11"},{"geonameid":"3659139","name":"Chone","asciiname":"Chone","alternatenames":["Chone"],"latitude":"-0.69819","longitude":"-80.09361","feature_class":"P","feature_code":"PPL","country_code":"EC","cc2":"","admin1_code":"14","admin2_code":"","admin3_code":"","admin4_code":"","population":"44751","elevation":"","dem":"16","timezone":"America/Guayaquil","modification_date":"2013-01-11"},{"geonameid":"3659544","name":"Celica","asciiname":"Celica","alternatenames":[""],"latitude":"-4.10266","longitude":"-79.95665","feature_class":"P","feature_code":"PPL","country_code":"EC","cc2":"","admin1_code":"12","admin2_code":"","admin3_code":"","admin4_code":"","population":"5499","elevation":"","dem":"2003","timezone":"America/Guayaquil","modification_date":"2013-02-08"},{"geonameid":"3659578","name":"Cayambe","asciiname":"Cayambe","alternatenames":["Cayambe","Kajambe","Каямбе"],"latitude":"0.04084","longitude":"-78.14524","feature_class":"P","feature_code":"PPL","country_code":"EC","cc2":"","admin1_code":"18","admin2_code":"","admin3_code":"","admin4_code":"","population":"26582","elevation":"","dem":"2814","timezone":"America/Guayaquil","modification_date":"2013-01-11"},{"geonameid":"3659592","name":"Catarama","asciiname":"Catarama","alternatenames":["Catarama","Urdaneta"],"latitude":"-1.57504","longitude":"-79.45998","feature_class":"P","feature_code":"PPL","country_code":"EC","cc2":"","admin1_code":"13","admin2_code":"","admin3_code":"","admin4_code":"","population":"9723","elevation":"","dem":"17","timezone":"America/Guayaquil","modification_date":"2013-01-11"},{"geonameid":"3659599","name":"Catamayo","asciiname":"Catamayo","alternatenames":["Catamayo","La Toma"],"latitude":"-3.98652","longitude":"-79.35912","feature_class":"P","feature_code":"PPL","country_code":"EC","cc2":"","admin1_code":"12","admin2_code":"","admin3_code":"","admin4_code":"","population":"18565","elevation":"","dem":"1268","timezone":"America/Guayaquil","modification_date":"2013-02-08"},{"geonameid":"3659602","name":"Catacocha","asciiname":"Catacocha","alternatenames":["Catacocha"],"latitude":"-4.04974","longitude":"-79.64944","feature_class":"P","feature_code":"PPL","country_code":"EC","cc2":"","admin1_code":"12","admin2_code":"","admin3_code":"","admin4_code":"","population":"10872","elevation":"","dem":"1874","timezone":"America/Guayaquil","modification_date":"2013-02-08"},{"geonameid":"3659711","name":"Cariamanga","asciiname":"Cariamanga","alternatenames":["Calvas","Cariamanga"],"latitude":"-4.32796","longitude":"-79.55554","feature_class":"P","feature_code":"PPL","country_code":"EC","cc2":"","admin1_code":"12","admin2_code":"","admin3_code":"","admin4_code":"","population":"16862","elevation":"","dem":"1946","timezone":"America/Guayaquil","modification_date":"2013-02-08"},{"geonameid":"3659852","name":"Cañar","asciiname":"Canar","alternatenames":[""],"latitude":"-2.56062","longitude":"-78.9394","feature_class":"P","feature_code":"PPL","country_code":"EC","cc2":"","admin1_code":"04","admin2_code":"","admin3_code":"","admin4_code":"","population":"9900","elevation":"","dem":"3131","timezone":"America/Guayaquil","modification_date":"2013-01-11"},{"geonameid":"3659926","name":"Calceta","asciiname":"Calceta","alternatenames":["Bolivar","Bolívar","Calceta"],"latitude":"-0.84582","longitude":"-80.16389","feature_class":"P","feature_code":"PPL","country_code":"EC","cc2":"","admin1_code":"14","admin2_code":"","admin3_code":"","admin4_code":"","population":"17286","elevation":"","dem":"23","timezone":"America/Guayaquil","modification_date":"2013-01-11"},{"geonameid":"3660152","name":"Boca Suno","asciiname":"Boca Suno","alternatenames":["Boca Suno","Suno"],"latitude":"-0.69832","longitude":"-77.14083","feature_class":"P","feature_code":"PPL","country_code":"EC","cc2":"","admin1_code":"24","admin2_code":"","admin3_code":"","admin4_code":"","population":"20313","elevation":"","dem":"280","timezone":"America/Guayaquil","modification_date":"2013-01-11"},{"geonameid":"3660346","name":"Baños","asciiname":"Banos","alternatenames":["Banos","Baños"],"latitude":"-1.39699","longitude":"-78.42289","feature_class":"P","feature_code":"PPL","country_code":"EC","cc2":"","admin1_code":"19","admin2_code":"","admin3_code":"","admin4_code":"","population":"9501","elevation":"","dem":"1805","timezone":"America/Guayaquil","modification_date":"2013-01-11"},{"geonameid":"3660361","name":"Balzar","asciiname":"Balzar","alternatenames":["Balzar"],"latitude":"-1.36501","longitude":"-79.90494","feature_class":"P","feature_code":"PPL","country_code":"EC","cc2":"","admin1_code":"10","admin2_code":"","admin3_code":"","admin4_code":"","population":"40115","elevation":"","dem":"41","timezone":"America/Guayaquil","modification_date":"2013-01-11"},{"geonameid":"3660387","name":"Baláo","asciiname":"Balao","alternatenames":["Balao","Baláo"],"latitude":"-2.911","longitude":"-79.81441","feature_class":"P","feature_code":"PPL","country_code":"EC","cc2":"","admin1_code":"10","admin2_code":"","admin3_code":"","admin4_code":"","population":"12205","elevation":"","dem":"5","timezone":"America/Guayaquil","modification_date":"2013-02-08"},{"geonameid":"3660401","name":"Bahía de Caráquez","asciiname":"Bahia de Caraquez","alternatenames":["Bahia","Bahia de Caraques","Bahia de Caraquez","Bahia de Caráques","Bahía","Bahía de Caráquez","Caracas","Sucre"],"latitude":"-0.59792","longitude":"-80.42367","feature_class":"P","feature_code":"PPL","country_code":"EC","cc2":"","admin1_code":"14","admin2_code":"","admin3_code":"","admin4_code":"","population":"37056","elevation":"","dem":"8","timezone":"America/Guayaquil","modification_date":"2013-01-11"},{"geonameid":"3660418","name":"Babahoyo","asciiname":"Babahoyo","alternatenames":["Babahojas","Babahoya","Babahoyo","ba ba ao yue","باباہویو","巴巴奧約"],"latitude":"-1.80217","longitude":"-79.53443","feature_class":"P","feature_code":"PPLA","country_code":"EC","cc2":"","admin1_code":"13","admin2_code":"","admin3_code":"","admin4_code":"","population":"76279","elevation":"","dem":"10","timezone":"America/Guayaquil","modification_date":"2013-08-06"},{"geonameid":"3660434","name":"Azogues","asciiname":"Azogues","alternatenames":["Azogues","Azoguez"],"latitude":"-2.73969","longitude":"-78.8486","feature_class":"P","feature_code":"PPLA","country_code":"EC","cc2":"","admin1_code":"04","admin2_code":"","admin3_code":"","admin4_code":"","population":"34877","elevation":"","dem":"2508","timezone":"America/Guayaquil","modification_date":"2013-08-06"},{"geonameid":"3660478","name":"Atuntaqui","asciiname":"Atuntaqui","alternatenames":[""],"latitude":"0.33247","longitude":"-78.21371","feature_class":"P","feature_code":"PPL","country_code":"EC","cc2":"","admin1_code":"11","admin2_code":"","admin3_code":"","admin4_code":"","population":"17456","elevation":"","dem":"2413","timezone":"America/Guayaquil","modification_date":"2013-03-05"},{"geonameid":"3660573","name":"Archidona","asciiname":"Archidona","alternatenames":[""],"latitude":"-0.9095","longitude":"-77.80772","feature_class":"P","feature_code":"PPL","country_code":"EC","cc2":"","admin1_code":"23","admin2_code":"","admin3_code":"","admin4_code":"","population":"7309","elevation":"","dem":"576","timezone":"America/Guayaquil","modification_date":"2013-01-11"},{"geonameid":"3660689","name":"Ambato","asciiname":"Ambato","alternatenames":["ATF","Ambata","Ambatas","Ambato","Ampatu llaqta","San Juan de Ambato","ambatw","ambatw  akwadwr","an ba tuo","anbato","Амбата","Амбато","آمباتو، اکوادور","أمباتو","امباتو","アンバート","安巴托"],"latitude":"-1.24908","longitude":"-78.61675","feature_class":"P","feature_code":"PPLA","country_code":"EC","cc2":"","admin1_code":"19","admin2_code":"","admin3_code":"","admin4_code":"","population":"154369","elevation":"","dem":"2597","timezone":"America/Guayaquil","modification_date":"2014-05-11"},{"geonameid":"3660773","name":"Alfredo Baquerizo Moreno","asciiname":"Alfredo Baquerizo Moreno","alternatenames":["Alfredo Baquerizo Moreno","Jujan","Juján"],"latitude":"-1.91667","longitude":"-79.51667","feature_class":"P","feature_code":"PPL","country_code":"EC","cc2":"","admin1_code":"10","admin2_code":"","admin3_code":"","admin4_code":"","population":"12617","elevation":"","dem":"9","timezone":"America/Guayaquil","modification_date":"2012-01-18"},{"geonameid":"3660798","name":"Alausí","asciiname":"Alausi","alternatenames":["Alausi","Alausí"],"latitude":"-2.20329","longitude":"-78.84714","feature_class":"P","feature_code":"PPL","country_code":"EC","cc2":"","admin1_code":"06","admin2_code":"","admin3_code":"","admin4_code":"","population":"14294","elevation":"","dem":"2345","timezone":"America/Guayaquil","modification_date":"2013-01-11"},{"geonameid":"10277901","name":"Tutamandahostel","asciiname":"Tutamandahostel","alternatenames":[""],"latitude":"-0.19727","longitude":"-78.4975","feature_class":"P","feature_code":"PPLL","country_code":"EC","cc2":"","admin1_code":"18","admin2_code":"","admin3_code":"","admin4_code":"","population":"140000","elevation":"2000","dem":"2769","timezone":"America/Guayaquil","modification_date":"2015-05-10"},{"geonameid":"3649959","name":"Zamora","asciiname":"Zamora","alternatenames":["Zamora"],"latitude":"-4.06685","longitude":"-78.95488","feature_class":"P","feature_code":"PPLA","country_code":"EC","cc2":"","admin1_code":"20","admin2_code":"","admin3_code":"","admin4_code":"","population":"15276","elevation":"","dem":"918","timezone":"America/Guayaquil","modification_date":"2013-06-27"},{"geonameid":"3650121","name":"Yaguachi Nuevo","asciiname":"Yaguachi Nuevo","alternatenames":["Yaguachi","Yaguachi Nuevo"],"latitude":"-2.0968","longitude":"-79.69485","feature_class":"P","feature_code":"PPL","country_code":"EC","cc2":"","admin1_code":"10","admin2_code":"","admin3_code":"","admin4_code":"","population":"27947","elevation":"","dem":"12","timezone":"America/Guayaquil","modification_date":"2013-02-08"},{"geonameid":"3650186","name":"Vinces","asciiname":"Vinces","alternatenames":["Vinces"],"latitude":"-1.55611","longitude":"-79.75191","feature_class":"P","feature_code":"PPL","country_code":"EC","cc2":"","admin1_code":"13","admin2_code":"","admin3_code":"","admin4_code":"","population":"32497","elevation":"","dem":"17","timezone":"America/Guayaquil","modification_date":"2013-01-11"},{"geonameid":"3650267","name":"Ventanas","asciiname":"Ventanas","alternatenames":["Ventanas"],"latitude":"-1.44158","longitude":"-79.45943","feature_class":"P","feature_code":"PPL","country_code":"EC","cc2":"","admin1_code":"13","admin2_code":"","admin3_code":"","admin4_code":"","population":"46708","elevation":"","dem":"24","timezone":"America/Guayaquil","modification_date":"2013-01-11"},{"geonameid":"3650273","name":"Velasco Ibarra","asciiname":"Velasco Ibarra","alternatenames":["El Empalme","Empalme","Velasco Ibarra"],"latitude":"-1.04376","longitude":"-79.63837","feature_class":"P","feature_code":"PPL","country_code":"EC","cc2":"","admin1_code":"10","admin2_code":"","admin3_code":"","admin4_code":"","population":"48754","elevation":"","dem":"75","timezone":"America/Guayaquil","modification_date":"2013-01-11"},{"geonameid":"3650472","name":"Tulcán","asciiname":"Tulcan","alternatenames":["Gorad Tul'kan","TUA","Tul'kan","Tulcan","Tulchan","Tulcán","Tulkan","Tulkanas","to~urukan","tu er kan","twlkan","Горад Тулькан","Тулькан","تولکان","トゥルカン","圖爾坎"],"latitude":"0.81187","longitude":"-77.71727","feature_class":"P","feature_code":"PPLA","country_code":"EC","cc2":"","admin1_code":"05","admin2_code":"","admin3_code":"","admin4_code":"","population":"86498","elevation":"","dem":"2962","timezone":"America/Guayaquil","modification_date":"2014-08-19"},{"geonameid":"3650721","name":"Tena","asciiname":"Tena","alternatenames":["Napo","San Juan de Tena","TNW","Tena"],"latitude":"-0.9938","longitude":"-77.81286","feature_class":"P","feature_code":"PPLA","country_code":"EC","cc2":"","admin1_code":"23","admin2_code":"","admin3_code":"","admin4_code":"","population":"17172","elevation":"","dem":"504","timezone":"America/Guayaquil","modification_date":"2014-08-04"},{"geonameid":"3650960","name":"Sucre","asciiname":"Sucre","alternatenames":["Sucre"],"latitude":"-1.27974","longitude":"-80.41885","feature_class":"P","feature_code":"PPL","country_code":"EC","cc2":"","admin1_code":"14","admin2_code":"","admin3_code":"","admin4_code":"","population":"15286","elevation":"","dem":"121","timezone":"America/Guayaquil","modification_date":"2013-01-11"},{"geonameid":"3651297","name":"Santo Domingo de los Colorados","asciiname":"Santo Domingo de los Colorados","alternatenames":["Santo Domingo","Santo Domingo de los Colorados","Santo-Domingo-de-los-Kolorados","Санто-Доминго-де-лос-Колорадос"],"latitude":"-0.25305","longitude":"-79.17536","feature_class":"P","feature_code":"PPLA","country_code":"EC","cc2":"","admin1_code":"26","admin2_code":"3651296","admin3_code":"","admin4_code":"","population":"200421","elevation":"","dem":"554","timezone":"America/Guayaquil","modification_date":"2013-08-06"},{"geonameid":"3651356","name":"Santa Rosa","asciiname":"Santa Rosa","alternatenames":["ETR","Santa Rosa"],"latitude":"-3.44882","longitude":"-79.95952","feature_class":"P","feature_code":"PPL","country_code":"EC","cc2":"","admin1_code":"08","admin2_code":"","admin3_code":"","admin4_code":"","population":"41816","elevation":"","dem":"11","timezone":"America/Guayaquil","modification_date":"2013-04-14"},{"geonameid":"3651438","name":"Santa Elena","asciiname":"Santa Elena","alternatenames":["Santa Elena"],"latitude":"-2.22622","longitude":"-80.85873","feature_class":"P","feature_code":"PPLA","country_code":"EC","cc2":"","admin1_code":"25","admin2_code":"3651436","admin3_code":"","admin4_code":"","population":"42214","elevation":"","dem":"43","timezone":"America/Guayaquil","modification_date":"2013-08-06"},{"geonameid":"3651694","name":"San Lorenzo de Esmeraldas","asciiname":"San Lorenzo de Esmeraldas","alternatenames":["Puerto San Lorenzo","San Lorenzo","San Lorenzo de Esmeraldas"],"latitude":"1.28626","longitude":"-78.83514","feature_class":"P","feature_code":"PPL","country_code":"EC","cc2":"","admin1_code":"09","admin2_code":"","admin3_code":"","admin4_code":"","population":"20209","elevation":"","dem":"14","timezone":"America/Guayaquil","modification_date":"2013-01-11"},{"geonameid":"3651868","name":"San Gabriel","asciiname":"San Gabriel","alternatenames":["Montufar","Montúfar","San Gabriel"],"latitude":"0.59318","longitude":"-77.83078","feature_class":"P","feature_code":"PPL","country_code":"EC","cc2":"","admin1_code":"05","admin2_code":"","admin3_code":"","admin4_code":"","population":"15112","elevation":"","dem":"2860","timezone":"America/Guayaquil","modification_date":"2013-01-11"},{"geonameid":"3652065","name":"Samborondón","asciiname":"Samborondon","alternatenames":["Samborondon","Samborondón","Samrondon","Samrondón","Zamborondon","Zamborondón"],"latitude":"-1.96276","longitude":"-79.72402","feature_class":"P","feature_code":"PPL","country_code":"EC","cc2":"","admin1_code":"10","admin2_code":"","admin3_code":"","admin4_code":"","population":"24118","elevation":"","dem":"9","timezone":"America/Guayaquil","modification_date":"2013-01-11"},{"geonameid":"3652100","name":"Salinas","asciiname":"Salinas","alternatenames":["SNC","Salinas","Салинас"],"latitude":"-2.21452","longitude":"-80.95151","feature_class":"P","feature_code":"PPL","country_code":"EC","cc2":"","admin1_code":"25","admin2_code":"3652097","admin3_code":"","admin4_code":"","population":"43862","elevation":"","dem":"12","timezone":"America/Guayaquil","modification_date":"2014-01-18"},{"geonameid":"3652257","name":"Rosa Zarate","asciiname":"Rosa Zarate","alternatenames":["Quininde","Quinindé","Rosa Zarate"],"latitude":"0.32779","longitude":"-79.47407","feature_class":"P","feature_code":"PPL","country_code":"EC","cc2":"","admin1_code":"09","admin2_code":"","admin3_code":"","admin4_code":"","population":"42121","elevation":"","dem":"88","timezone":"America/Guayaquil","modification_date":"2014-07-27"},{"geonameid":"3652350","name":"Riobamba","asciiname":"Riobamba","alternatenames":["Riobamba","Rispampa","li ao ban ba","ri xoba m ba","rywbamba","rywbmbh","Риобамба","ריובמבה","ريوبامبا","ریؤبامبا","รีโอบัมบา","里奧班巴"],"latitude":"-1.67098","longitude":"-78.64712","feature_class":"P","feature_code":"PPLA","country_code":"EC","cc2":"","admin1_code":"06","admin2_code":"","admin3_code":"","admin4_code":"","population":"124478","elevation":"","dem":"2758","timezone":"America/Guayaquil","modification_date":"2013-08-06"},{"geonameid":"3652462","name":"Quito","asciiname":"Quito","alternatenames":["Gorad Kita","Kitas","Kito","Kitu","Kuito","Quito","Quitu","Quitum","San Francisco de Quito","UIO","ji duo","ki to","kito","kvirrea","kvito","kwytw","kytw","qytw","Κίτο","Горад Кіта","Кито","Кіто","Կիտո","קיטא","קיטו","كىتو","كيتو","کوئتو","کیتو","کیٹو","क्वितो","क्वीटो","ਕੀਤੋ","ക്വിറ്റോ","กีโต","ཁེ་ཐོ།","კიტო","ኪቶ","キト","基多","키토"],"latitude":"-0.22985","longitude":"-78.52495","feature_class":"P","feature_code":"PPLC","country_code":"EC","cc2":"","admin1_code":"18","admin2_code":"","admin3_code":"","admin4_code":"","population":"1399814","elevation":"","dem":"2854","timezone":"America/Guayaquil","modification_date":"2010-05-30"},{"geonameid":"3652567","name":"Quevedo","asciiname":"Quevedo","alternatenames":["Quevedo"],"latitude":"-1.02863","longitude":"-79.46352","feature_class":"P","feature_code":"PPL","country_code":"EC","cc2":"","admin1_code":"13","admin2_code":"","admin3_code":"","admin4_code":"","population":"119436","elevation":"","dem":"51","timezone":"America/Guayaquil","modification_date":"2013-01-11"},{"geonameid":"3652584","name":"Puyo","asciiname":"Puyo","alternatenames":["El Puyo","Pujo","Puyo","Пуйо"],"latitude":"-1.48369","longitude":"-78.00257","feature_class":"P","feature_code":"PPLA","country_code":"EC","cc2":"","admin1_code":"17","admin2_code":"","admin3_code":"","admin4_code":"","population":"24881","elevation":"","dem":"925","timezone":"America/Guayaquil","modification_date":"2013-08-06"},{"geonameid":"3652684","name":"Pujilí","asciiname":"Pujili","alternatenames":["Pajili","Pujili","Pujilí"],"latitude":"-0.95759","longitude":"-78.69636","feature_class":"P","feature_code":"PPL","country_code":"EC","cc2":"","admin1_code":"07","admin2_code":"","admin3_code":"","admin4_code":"","population":"16168","elevation":"","dem":"2944","timezone":"America/Guayaquil","modification_date":"2013-02-08"},{"geonameid":"3652743","name":"Puerto Francisco de Orellana","asciiname":"Puerto Francisco de Orellana","alternatenames":["Coca","Francisco de Orellana","La Coca","OCC","Puerto Francisco de Orellana"],"latitude":"-0.46645","longitude":"-76.98719","feature_class":"P","feature_code":"PPLA","country_code":"EC","cc2":"","admin1_code":"24","admin2_code":"","admin3_code":"","admin4_code":"","population":"48144","elevation":"","dem":"255","timezone":"America/Guayaquil","modification_date":"2013-08-06"},{"geonameid":"3652941","name":"Portoviejo","asciiname":"Portoviejo","alternatenames":["Gorad Partauekha","PVO","Portov'ekho","Portoviejo","Portovjechas","bo tuo wei ye huo","pwrtw wyyjw","Горад Партаўеха","Портовьехо","پورتو ویئجو","波托維耶霍"],"latitude":"-1.05458","longitude":"-80.45445","feature_class":"P","feature_code":"PPLA","country_code":"EC","cc2":"","admin1_code":"14","admin2_code":"","admin3_code":"","admin4_code":"","population":"170326","elevation":"","dem":"44","timezone":"America/Guayaquil","modification_date":"2013-08-06"},{"geonameid":"3653015","name":"Playas","asciiname":"Playas","alternatenames":["General Villamil","Playas","Villamil"],"latitude":"-2.63199","longitude":"-80.38808","feature_class":"P","feature_code":"PPL","country_code":"EC","cc2":"","admin1_code":"10","admin2_code":"","admin3_code":"","admin4_code":"","population":"30564","elevation":"","dem":"10","timezone":"America/Guayaquil","modification_date":"2013-01-11"},{"geonameid":"3653130","name":"Piñas","asciiname":"Pinas","alternatenames":["Pinas","Piñas"],"latitude":"-3.68107","longitude":"-79.68083","feature_class":"P","feature_code":"PPL","country_code":"EC","cc2":"","admin1_code":"08","admin2_code":"","admin3_code":"","admin4_code":"","population":"16981","elevation":"","dem":"1017","timezone":"America/Guayaquil","modification_date":"2013-02-08"},{"geonameid":"3653287","name":"Pelileo","asciiname":"Pelileo","alternatenames":["Pelileo"],"latitude":"-1.3299","longitude":"-78.54341","feature_class":"P","feature_code":"PPL","country_code":"EC","cc2":"","admin1_code":"19","admin2_code":"","admin3_code":"","admin4_code":"","population":"16572","elevation":"","dem":"2589","timezone":"America/Guayaquil","modification_date":"2013-04-04"},{"geonameid":"3653295","name":"Pedro Carbo","asciiname":"Pedro Carbo","alternatenames":["Pedro Carbo"],"latitude":"-1.81563","longitude":"-80.23309","feature_class":"P","feature_code":"PPL","country_code":"EC","cc2":"","admin1_code":"10","admin2_code":"","admin3_code":"","admin4_code":"","population":"23372","elevation":"","dem":"56","timezone":"America/Guayaquil","modification_date":"2013-01-11"},{"geonameid":"3653403","name":"Pasaje","asciiname":"Pasaje","alternatenames":["Pasaje"],"latitude":"-3.32561","longitude":"-79.80697","feature_class":"P","feature_code":"PPL","country_code":"EC","cc2":"","admin1_code":"08","admin2_code":"","admin3_code":"","admin4_code":"","population":"44860","elevation":"","dem":"30","timezone":"America/Guayaquil","modification_date":"2013-02-08"},{"geonameid":"3653693","name":"Otavalo","asciiname":"Otavalo","alternatenames":["Otavalas","Otavalo","Otovalo","Utawalu","awtabalw","Отавало","اوتابالو"],"latitude":"0.23457","longitude":"-78.26248","feature_class":"P","feature_code":"PPL","country_code":"EC","cc2":"","admin1_code":"11","admin2_code":"3653692","admin3_code":"","admin4_code":"","population":"32330","elevation":"","dem":"2532","timezone":"America/Guayaquil","modification_date":"2015-03-27"},{"geonameid":"3653873","name":"Naranjito","asciiname":"Naranjito","alternatenames":[""],"latitude":"-2.16671","longitude":"-79.4654","feature_class":"P","feature_code":"PPL","country_code":"EC","cc2":"","admin1_code":"10","admin2_code":"","admin3_code":"","admin4_code":"","population":"34206","elevation":"","dem":"28","timezone":"America/Guayaquil","modification_date":"2013-01-11"},{"geonameid":"3653882","name":"Naranjal","asciiname":"Naranjal","alternatenames":[""],"latitude":"-2.67364","longitude":"-79.6183","feature_class":"P","feature_code":"PPL","country_code":"EC","cc2":"","admin1_code":"10","admin2_code":"","admin3_code":"","admin4_code":"","population":"32045","elevation":"","dem":"25","timezone":"America/Guayaquil","modification_date":"2013-02-08"},{"geonameid":"3654055","name":"Montecristi","asciiname":"Montecristi","alternatenames":["Montecristi"],"latitude":"-1.04576","longitude":"-80.65889","feature_class":"P","feature_code":"PPL","country_code":"EC","cc2":"","admin1_code":"14","admin2_code":"","admin3_code":"","admin4_code":"","population":"18351","elevation":"","dem":"135","timezone":"America/Guayaquil","modification_date":"2013-01-11"},{"geonameid":"3654064","name":"Montalvo","asciiname":"Montalvo","alternatenames":[""],"latitude":"-1.79008","longitude":"-79.28759","feature_class":"P","feature_code":"PPL","country_code":"EC","cc2":"","admin1_code":"13","admin2_code":"","admin3_code":"","admin4_code":"","population":"15547","elevation":"","dem":"65","timezone":"America/Guayaquil","modification_date":"2013-01-11"},{"geonameid":"3654410","name":"Manta","asciiname":"Manta","alternatenames":["MEC","Manta","Manta Ecuador","Puerto de Manta","man ta","Манта","曼塔"],"latitude":"-0.96212","longitude":"-80.71271","feature_class":"P","feature_code":"PPL","country_code":"EC","cc2":"","admin1_code":"14","admin2_code":"","admin3_code":"","admin4_code":"","population":"183166","elevation":"","dem":"23","timezone":"America/Guayaquil","modification_date":"2013-01-11"},{"geonameid":"3654533","name":"Machala","asciiname":"Machala","alternatenames":["Gorad Machala","MCH","Macala","Machala","Maĉala","Mačala","ma cha la","machala","machara","mchala","Горад Мачала","Мачала","מצאלה","ماچالا","مچالا","マチャラ","馬查拉"],"latitude":"-3.25861","longitude":"-79.96053","feature_class":"P","feature_code":"PPLA","country_code":"EC","cc2":"","admin1_code":"08","admin2_code":"","admin3_code":"","admin4_code":"","population":"198123","elevation":"","dem":"15","timezone":"America/Guayaquil","modification_date":"2013-08-06"},{"geonameid":"3654536","name":"Machachi","asciiname":"Machachi","alternatenames":["Ciudad de Machachi","Machache","Machachi"],"latitude":"-0.51011","longitude":"-78.56712","feature_class":"P","feature_code":"PPL","country_code":"EC","cc2":"","admin1_code":"18","admin2_code":"","admin3_code":"","admin4_code":"","population":"25742","elevation":"","dem":"2933","timezone":"America/Guayaquil","modification_date":"2013-01-11"},{"geonameid":"3654541","name":"Macas","asciiname":"Macas","alternatenames":["Macas","XMS"],"latitude":"-2.30868","longitude":"-78.11135","feature_class":"P","feature_code":"PPLA","country_code":"EC","cc2":"","admin1_code":"15","admin2_code":"","admin3_code":"","admin4_code":"","population":"23687","elevation":"","dem":"914","timezone":"America/Guayaquil","modification_date":"2013-08-06"},{"geonameid":"3654667","name":"Loja","asciiname":"Loja","alternatenames":["LOH","Locha","Loja","Lokha","luo ha","lwja","Лоха","لوجا","洛哈"],"latitude":"-3.99313","longitude":"-79.20422","feature_class":"P","feature_code":"PPLA","country_code":"EC","cc2":"","admin1_code":"12","admin2_code":"","admin3_code":"","admin4_code":"","population":"117796","elevation":"","dem":"2060","timezone":"America/Guayaquil","modification_date":"2013-07-03"},{"geonameid":"3654853","name":"La Troncal","asciiname":"La Troncal","alternatenames":["La Troncal"],"latitude":"-2.42355","longitude":"-79.33977","feature_class":"P","feature_code":"PPL","country_code":"EC","cc2":"","admin1_code":"04","admin2_code":"","admin3_code":"","admin4_code":"","population":"36353","elevation":"","dem":"82","timezone":"America/Guayaquil","modification_date":"2013-01-11"},{"geonameid":"3654870","name":"Latacunga","asciiname":"Latacunga","alternatenames":["Gorad Latakunga","LTX","Latacunga","Latakunga","Latakunka","la ta kun jia","latakwnga","latakwnga  akwadwr","Горад Латакунга","Латакунга","لاتاکونگا","لاتاکونگا، اکوادور","拉塔昆加"],"latitude":"-0.93521","longitude":"-78.61554","feature_class":"P","feature_code":"PPLA","country_code":"EC","cc2":"","admin1_code":"07","admin2_code":"","admin3_code":"","admin4_code":"","population":"51717","elevation":"","dem":"2769","timezone":"America/Guayaquil","modification_date":"2014-08-18"},{"geonameid":"3655117","name":"La Maná","asciiname":"La Mana","alternatenames":["La Mana","La Maná"],"latitude":"-0.94094","longitude":"-79.22506","feature_class":"P","feature_code":"PPL","country_code":"EC","cc2":"","admin1_code":"07","admin2_code":"","admin3_code":"","admin4_code":"","population":"16450","elevation":"","dem":"212","timezone":"America/Guayaquil","modification_date":"2013-01-11"},{"geonameid":"3655131","name":"La Libertad","asciiname":"La Libertad","alternatenames":["La Libertad"],"latitude":"-2.233","longitude":"-80.91039","feature_class":"P","feature_code":"PPL","country_code":"EC","cc2":"","admin1_code":"10","admin2_code":"","admin3_code":"","admin4_code":"","population":"75881","elevation":"","dem":"28","timezone":"America/Guayaquil","modification_date":"2013-01-11"},{"geonameid":"3655185","name":"Nueva Loja","asciiname":"Nueva Loja","alternatenames":["Lago Agrio","Nuehva-Lokha","Nueva Loja","Нуэва-Лоха"],"latitude":"0.086","longitude":"-76.89528","feature_class":"P","feature_code":"PPLA","country_code":"EC","cc2":"","admin1_code":"22","admin2_code":"","admin3_code":"","admin4_code":"","population":"24211","elevation":"","dem":"303","timezone":"America/Guayaquil","modification_date":"2014-07-01"},{"geonameid":"3655446","name":"Jipijapa","asciiname":"Jipijapa","alternatenames":["JIP","Jipijapa"],"latitude":"-1.34872","longitude":"-80.57875","feature_class":"P","feature_code":"PPL","country_code":"EC","cc2":"","admin1_code":"14","admin2_code":"","admin3_code":"","admin4_code":"","population":"35901","elevation":"","dem":"287","timezone":"America/Guayaquil","modification_date":"2013-01-11"},{"geonameid":"3655673","name":"Ibarra","asciiname":"Ibarra","alternatenames":["Ibarra","Ибарра"],"latitude":"0.35171","longitude":"-78.12233","feature_class":"P","feature_code":"PPLA","country_code":"EC","cc2":"","admin1_code":"11","admin2_code":"","admin3_code":"","admin4_code":"","population":"132977","elevation":"","dem":"2208","timezone":"America/Guayaquil","modification_date":"2013-06-27"},{"geonameid":"3655720","name":"Huaquillas","asciiname":"Huaquillas","alternatenames":["Huaquillas"],"latitude":"-3.47523","longitude":"-80.23084","feature_class":"P","feature_code":"PPL","country_code":"EC","cc2":"","admin1_code":"08","admin2_code":"","admin3_code":"","admin4_code":"","population":"39757","elevation":"","dem":"9","timezone":"America/Guayaquil","modification_date":"2013-02-08"},{"geonameid":"3657509","name":"Guayaquil","asciiname":"Guayaquil","alternatenames":["GYE","Gorad Guajakil'","Gouagiakil","Guaiaquil","Guaiaquilum","Guajakil","Guajakil'","Guayaquil","Gvajakil","Gvajakila","Gvajakilis","Santiago de Guayaquil","Wayakil","ghwayakyl","gu'a'i'akila","gua ya ji er","guayakiru","gvayakila","gwayakil","gwayakwyl","gwayakywl","kwa yaki l","Γουαγιακίλ","Гвајакил","Горад Гуаякіль","Гуаякил","Гуаякиль","Ґуаякіль","גואיאקיל","غواياكيل","گوآیاکوئل","گوایاکیول","ग्वायाकिल","ਗੁਆਇਆਕੀਲ","กวายากิล","グアヤキル","瓜亞基爾","과야킬"],"latitude":"-2.20584","longitude":"-79.90795","feature_class":"P","feature_code":"PPLA","country_code":"EC","cc2":"","admin1_code":"10","admin2_code":"","admin3_code":"","admin4_code":"","population":"1952029","elevation":"","dem":"6","timezone":"America/Guayaquil","modification_date":"2013-08-06"},{"geonameid":"3657571","name":"Guaranda","asciiname":"Guaranda","alternatenames":["Guaranda","Гуаранда"],"latitude":"-1.59263","longitude":"-79.00098","feature_class":"P","feature_code":"PPLA","country_code":"EC","cc2":"","admin1_code":"03","admin2_code":"","admin3_code":"","admin4_code":"","population":"22199","elevation":"","dem":"2680","timezone":"America/Guayaquil","modification_date":"2013-08-06"},{"geonameid":"3657670","name":"Gualaceo","asciiname":"Gualaceo","alternatenames":["Gualaceo"],"latitude":"-2.89264","longitude":"-78.77814","feature_class":"P","feature_code":"PPL","country_code":"EC","cc2":"","admin1_code":"02","admin2_code":"","admin3_code":"","admin4_code":"","population":"17122","elevation":"","dem":"2233","timezone":"America/Guayaquil","modification_date":"2013-01-11"},{"geonameid":"3657990","name":"Esmeraldas","asciiname":"Esmeraldas","alternatenames":["ESM","Esmeraldas","Volcan Chimborazo","Volcán Chimborazo"],"latitude":"0.9592","longitude":"-79.65397","feature_class":"P","feature_code":"PPLA","country_code":"EC","cc2":"","admin1_code":"09","admin2_code":"","admin3_code":"","admin4_code":"","population":"165216","elevation":"","dem":"18","timezone":"America/Guayaquil","modification_date":"2013-08-04"},{"geonameid":"3658053","name":"El Triunfo","asciiname":"El Triunfo","alternatenames":[""],"latitude":"-1.93333","longitude":"-79.96667","feature_class":"P","feature_code":"PPL","country_code":"EC","cc2":"","admin1_code":"10","admin2_code":"","admin3_code":"","admin4_code":"","population":"32282","elevation":"","dem":"6","timezone":"America/Guayaquil","modification_date":"2006-01-17"},{"geonameid":"3658192","name":"Eloy Alfaro","asciiname":"Eloy Alfaro","alternatenames":["Alfaro","Duran","Durán","Eloy Alfaro"],"latitude":"-2.17579","longitude":"-79.85519","feature_class":"P","feature_code":"PPL","country_code":"EC","cc2":"","admin1_code":"10","admin2_code":"","admin3_code":"","admin4_code":"","population":"167784","elevation":"","dem":"7","timezone":"America/Guayaquil","modification_date":"2013-02-08"},{"geonameid":"3658666","name":"Cuenca","asciiname":"Cuenca","alternatenames":["CUE","Cuenca","Gorad Kuehnka","Kuehnka","Kuehnkae","Kuenka","Santa Ana de los cuatro rios de Cuenca","Santa Ana de los cuatro ríos de Cuenca","Tumipampa","ke wng ka","kuengka","kuenka","kun ka","kwynka","Горад Куэнка","Куенка","Куэнкæ","Куэнка","Կուենկա","קואנקה","کوئنکا","เกวงกา","კუენკა","クエンカ","昆卡","쿠엥카"],"latitude":"-2.90055","longitude":"-79.00453","feature_class":"P","feature_code":"PPLA","country_code":"EC","cc2":"","admin1_code":"02","admin2_code":"","admin3_code":"","admin4_code":"","population":"276964","elevation":"","dem":"2543","timezone":"America/Guayaquil","modification_date":"2013-01-27"},{"geonameid":"3659139","name":"Chone","asciiname":"Chone","alternatenames":["Chone"],"latitude":"-0.69819","longitude":"-80.09361","feature_class":"P","feature_code":"PPL","country_code":"EC","cc2":"","admin1_code":"14","admin2_code":"","admin3_code":"","admin4_code":"","population":"44751","elevation":"","dem":"16","timezone":"America/Guayaquil","modification_date":"2013-01-11"},{"geonameid":"3659578","name":"Cayambe","asciiname":"Cayambe","alternatenames":["Cayambe","Kajambe","Каямбе"],"latitude":"0.04084","longitude":"-78.14524","feature_class":"P","feature_code":"PPL","country_code":"EC","cc2":"","admin1_code":"18","admin2_code":"","admin3_code":"","admin4_code":"","population":"26582","elevation":"","dem":"2814","timezone":"America/Guayaquil","modification_date":"2013-01-11"},{"geonameid":"3659599","name":"Catamayo","asciiname":"Catamayo","alternatenames":["Catamayo","La Toma"],"latitude":"-3.98652","longitude":"-79.35912","feature_class":"P","feature_code":"PPL","country_code":"EC","cc2":"","admin1_code":"12","admin2_code":"","admin3_code":"","admin4_code":"","population":"18565","elevation":"","dem":"1268","timezone":"America/Guayaquil","modification_date":"2013-02-08"},{"geonameid":"3659711","name":"Cariamanga","asciiname":"Cariamanga","alternatenames":["Calvas","Cariamanga"],"latitude":"-4.32796","longitude":"-79.55554","feature_class":"P","feature_code":"PPL","country_code":"EC","cc2":"","admin1_code":"12","admin2_code":"","admin3_code":"","admin4_code":"","population":"16862","elevation":"","dem":"1946","timezone":"America/Guayaquil","modification_date":"2013-02-08"},{"geonameid":"3659926","name":"Calceta","asciiname":"Calceta","alternatenames":["Bolivar","Bolívar","Calceta"],"latitude":"-0.84582","longitude":"-80.16389","feature_class":"P","feature_code":"PPL","country_code":"EC","cc2":"","admin1_code":"14","admin2_code":"","admin3_code":"","admin4_code":"","population":"17286","elevation":"","dem":"23","timezone":"America/Guayaquil","modification_date":"2013-01-11"},{"geonameid":"3660152","name":"Boca Suno","asciiname":"Boca Suno","alternatenames":["Boca Suno","Suno"],"latitude":"-0.69832","longitude":"-77.14083","feature_class":"P","feature_code":"PPL","country_code":"EC","cc2":"","admin1_code":"24","admin2_code":"","admin3_code":"","admin4_code":"","population":"20313","elevation":"","dem":"280","timezone":"America/Guayaquil","modification_date":"2013-01-11"},{"geonameid":"3660361","name":"Balzar","asciiname":"Balzar","alternatenames":["Balzar"],"latitude":"-1.36501","longitude":"-79.90494","feature_class":"P","feature_code":"PPL","country_code":"EC","cc2":"","admin1_code":"10","admin2_code":"","admin3_code":"","admin4_code":"","population":"40115","elevation":"","dem":"41","timezone":"America/Guayaquil","modification_date":"2013-01-11"},{"geonameid":"3660401","name":"Bahía de Caráquez","asciiname":"Bahia de Caraquez","alternatenames":["Bahia","Bahia de Caraques","Bahia de Caraquez","Bahia de Caráques","Bahía","Bahía de Caráquez","Caracas","Sucre"],"latitude":"-0.59792","longitude":"-80.42367","feature_class":"P","feature_code":"PPL","country_code":"EC","cc2":"","admin1_code":"14","admin2_code":"","admin3_code":"","admin4_code":"","population":"37056","elevation":"","dem":"8","timezone":"America/Guayaquil","modification_date":"2013-01-11"},{"geonameid":"3660418","name":"Babahoyo","asciiname":"Babahoyo","alternatenames":["Babahojas","Babahoya","Babahoyo","ba ba ao yue","باباہویو","巴巴奧約"],"latitude":"-1.80217","longitude":"-79.53443","feature_class":"P","feature_code":"PPLA","country_code":"EC","cc2":"","admin1_code":"13","admin2_code":"","admin3_code":"","admin4_code":"","population":"76279","elevation":"","dem":"10","timezone":"America/Guayaquil","modification_date":"2013-08-06"},{"geonameid":"3660434","name":"Azogues","asciiname":"Azogues","alternatenames":["Azogues","Azoguez"],"latitude":"-2.73969","longitude":"-78.8486","feature_class":"P","feature_code":"PPLA","country_code":"EC","cc2":"","admin1_code":"04","admin2_code":"","admin3_code":"","admin4_code":"","population":"34877","elevation":"","dem":"2508","timezone":"America/Guayaquil","modification_date":"2013-08-06"},{"geonameid":"3660478","name":"Atuntaqui","asciiname":"Atuntaqui","alternatenames":[""],"latitude":"0.33247","longitude":"-78.21371","feature_class":"P","feature_code":"PPL","country_code":"EC","cc2":"","admin1_code":"11","admin2_code":"","admin3_code":"","admin4_code":"","population":"17456","elevation":"","dem":"2413","timezone":"America/Guayaquil","modification_date":"2013-03-05"},{"geonameid":"3660689","name":"Ambato","asciiname":"Ambato","alternatenames":["ATF","Ambata","Ambatas","Ambato","Ampatu llaqta","San Juan de Ambato","ambatw","ambatw  akwadwr","an ba tuo","anbato","Амбата","Амбато","آمباتو، اکوادور","أمباتو","امباتو","アンバート","安巴托"],"latitude":"-1.24908","longitude":"-78.61675","feature_class":"P","feature_code":"PPLA","country_code":"EC","cc2":"","admin1_code":"19","admin2_code":"","admin3_code":"","admin4_code":"","population":"154369","elevation":"","dem":"2597","timezone":"America/Guayaquil","modification_date":"2014-05-11"},{"geonameid":"10277901","name":"Tutamandahostel","asciiname":"Tutamandahostel","alternatenames":[""],"latitude":"-0.19727","longitude":"-78.4975","feature_class":"P","feature_code":"PPLL","country_code":"EC","cc2":"","admin1_code":"18","admin2_code":"","admin3_code":"","admin4_code":"","population":"140000","elevation":"2000","dem":"2769","timezone":"America/Guayaquil","modification_date":"2015-05-10"}]}