{"country_data":{"ISO":"GQ","ISO3":"GNQ","ISO_Numeric":"226","fips":"EK","country":"Equatorial Guinea","capital":"Malabo","area":"28051","Population":"1014999","Continent":"AF","tld":".gq","CurrencyCode":"XAF","CurrencyName":"Franc","Phone":"240","Postal_Code_Format":"","Postal_Code_Regex":"","Languages":"es-GQ,fr","geonameid":"2309096","neighbours":"GA,CM","EquivalentFipsCode":""},"cities":[{"geonameid":"2306722","name":"Santiago de Baney","asciiname":"Santiago de Baney","alternatenames":["Baney","Bany","Laka-Baney","Santiago de Baney"],"latitude":"3.6992","longitude":"8.9084","feature_class":"P","feature_code":"PPL","country_code":"GQ","cc2":"","admin1_code":"04","admin2_code":"","admin3_code":"","admin4_code":"","population":"2365","elevation":"","dem":"284","timezone":"Africa/Malabo","modification_date":"2013-06-07"},{"geonameid":"2306774","name":"Palé","asciiname":"Pale","alternatenames":["Ambo","Annobon","Annobón","Ano Bom","Pagalu","Pale","Palé","San Antonio","San Antonio de Pale","San Antonio de Palé","an'nobon dao","アンノボン島"],"latitude":"-1.40139","longitude":"5.6325","feature_class":"P","feature_code":"PPLA","country_code":"GQ","cc2":"","admin1_code":"03","admin2_code":"","admin3_code":"","admin4_code":"","population":"4433","elevation":"","dem":"-9999","timezone":"Africa/Malabo","modification_date":"2012-01-18"},{"geonameid":"2306819","name":"Río Campo","asciiname":"Rio Campo","alternatenames":["Rio Campo","Río Campo"],"latitude":"2.33812","longitude":"9.82212","feature_class":"P","feature_code":"PPL","country_code":"GQ","cc2":"","admin1_code":"00","admin2_code":"","admin3_code":"","admin4_code":"","population":"1105","elevation":"","dem":"28","timezone":"Africa/Malabo","modification_date":"2012-01-18"},{"geonameid":"2306824","name":"Rebola","asciiname":"Rebola","alternatenames":["Rebola"],"latitude":"3.71667","longitude":"8.83333","feature_class":"P","feature_code":"PPL","country_code":"GQ","cc2":"","admin1_code":"04","admin2_code":"","admin3_code":"","admin4_code":"","population":"5450","elevation":"","dem":"394","timezone":"Africa/Malabo","modification_date":"2013-06-07"},{"geonameid":"2307145","name":"Nsok","asciiname":"Nsok","alternatenames":["Ensorc","N'Zork","Nsoc","Nsok","Nsorc","Nsork","N’Zork"],"latitude":"1.12985","longitude":"11.26603","feature_class":"P","feature_code":"PPL","country_code":"GQ","cc2":"","admin1_code":"09","admin2_code":"","admin3_code":"","admin4_code":"","population":"3769","elevation":"","dem":"552","timezone":"Africa/Malabo","modification_date":"2013-06-07"},{"geonameid":"2307197","name":"Nsang","asciiname":"Nsang","alternatenames":["Ensang","Nsang"],"latitude":"2.02475","longitude":"10.94599","feature_class":"P","feature_code":"PPL","country_code":"GQ","cc2":"","admin1_code":"07","admin2_code":"","admin3_code":"","admin4_code":"","population":"2122","elevation":"","dem":"589","timezone":"Africa/Malabo","modification_date":"2013-06-07"},{"geonameid":"2307502","name":"Ncue","asciiname":"Ncue","alternatenames":["Ncue","Nkue","Nkue Mision","Nkue Misión","San Francisco Javier"],"latitude":"2.01643","longitude":"10.47066","feature_class":"P","feature_code":"PPL","country_code":"GQ","cc2":"","admin1_code":"00","admin2_code":"","admin3_code":"","admin4_code":"","population":"1683","elevation":"","dem":"399","timezone":"Africa/Malabo","modification_date":"2011-10-27"},{"geonameid":"2307795","name":"Mongomo","asciiname":"Mongomo","alternatenames":["Margomo","Mongomo","Mongomo de Guadalupe"],"latitude":"1.62742","longitude":"11.31346","feature_class":"P","feature_code":"PPLA","country_code":"GQ","cc2":"","admin1_code":"09","admin2_code":"","admin3_code":"","admin4_code":"","population":"6393","elevation":"","dem":"630","timezone":"Africa/Malabo","modification_date":"2012-01-18"},{"geonameid":"2307970","name":"Mikomeseng","asciiname":"Mikomeseng","alternatenames":["Mekomeseng","Micomeseng","Mikamesen","Mikomesen","Mikomeseng"],"latitude":"2.13609","longitude":"10.61322","feature_class":"P","feature_code":"PPL","country_code":"GQ","cc2":"","admin1_code":"07","admin2_code":"","admin3_code":"","admin4_code":"","population":"5813","elevation":"","dem":"542","timezone":"Africa/Malabo","modification_date":"2013-06-07"},{"geonameid":"2308278","name":"Mbini","asciiname":"Mbini","alternatenames":["Benito","Mbini","Rio Benito","Río Benito","San Benito"],"latitude":"1.58267","longitude":"9.61478","feature_class":"P","feature_code":"PPL","country_code":"GQ","cc2":"","admin1_code":"08","admin2_code":"","admin3_code":"","admin4_code":"","population":"4062","elevation":"","dem":"13","timezone":"Africa/Malabo","modification_date":"2014-10-08"},{"geonameid":"2308626","name":"Machinda","asciiname":"Machinda","alternatenames":["Machinda"],"latitude":"1.88262","longitude":"9.95133","feature_class":"P","feature_code":"PPL","country_code":"GQ","cc2":"","admin1_code":"08","admin2_code":"","admin3_code":"","admin4_code":"","population":"2897","elevation":"","dem":"174","timezone":"Africa/Malabo","modification_date":"2013-06-07"},{"geonameid":"2308994","name":"Evinayong","asciiname":"Evinayong","alternatenames":["Ebinayon","Ebinayong","Ebineyon","Ebinoyon","Evinayong"],"latitude":"1.43677","longitude":"10.55124","feature_class":"P","feature_code":"PPLA","country_code":"GQ","cc2":"","admin1_code":"06","admin2_code":"","admin3_code":"","admin4_code":"","population":"8462","elevation":"","dem":"669","timezone":"Africa/Malabo","modification_date":"2012-01-18"},{"geonameid":"2309332","name":"Ebebiyin","asciiname":"Ebebiyin","alternatenames":["Ebebiin","Ebebijinas","Ebebiyin","Ebebiyín","Ebibeyin","Ebibeying","Ehbeb'in","ai bei bi yin","ebebiin","ebebiini","Ебебіїн","Эбебьин","ებებიინი","エベビイン","埃贝比因","에베비인"],"latitude":"2.15106","longitude":"11.33528","feature_class":"P","feature_code":"PPLA","country_code":"GQ","cc2":"","admin1_code":"07","admin2_code":"","admin3_code":"","admin4_code":"","population":"24831","elevation":"","dem":"561","timezone":"Africa/Malabo","modification_date":"2014-04-26"},{"geonameid":"2309527","name":"Malabo","asciiname":"Malabo","alternatenames":["Ciudad de Malabo","Malaba","Malabas","Malabo","Malabó","Malampo","Port Clarence","Rev Malebo","SSG","Santa Isabel","ma la bo","mala bo","malabo","malabw","mallabo","marabo","mlabw","Μαλάμπο","Малаба","Малабо","Մալաբո","מלאבו","مالابو","مالابۆ","ملابو","मलाबो","ਮਲਾਬੋ","มาลาโบ","མ་ལ་བོ།","მალაბო","ማላቦ","マラボ","馬拉博","말라보"],"latitude":"3.75","longitude":"8.78333","feature_class":"P","feature_code":"PPLC","country_code":"GQ","cc2":"","admin1_code":"04","admin2_code":"","admin3_code":"","admin4_code":"","population":"155963","elevation":"","dem":"40","timezone":"Africa/Malabo","modification_date":"2014-04-27"},{"geonameid":"2309528","name":"Luba","asciiname":"Luba","alternatenames":["Ciudad de Luba","Luba","San Carlos"],"latitude":"3.45683","longitude":"8.55465","feature_class":"P","feature_code":"PPLA","country_code":"GQ","cc2":"","admin1_code":"05","admin2_code":"","admin3_code":"","admin4_code":"","population":"8655","elevation":"","dem":"72","timezone":"Africa/Malabo","modification_date":"2012-01-18"},{"geonameid":"2309744","name":"Bitica","asciiname":"Bitica","alternatenames":["Bitica","Bitika"],"latitude":"1.4261","longitude":"9.62316","feature_class":"P","feature_code":"PPL","country_code":"GQ","cc2":"","admin1_code":"00","admin2_code":"","admin3_code":"","admin4_code":"","population":"1464","elevation":"","dem":"28","timezone":"Africa/Malabo","modification_date":"2012-01-18"},{"geonameid":"2309890","name":"Bicurga","asciiname":"Bicurga","alternatenames":["Bicurga","Bikurga"],"latitude":"1.58113","longitude":"10.46716","feature_class":"P","feature_code":"PPL","country_code":"GQ","cc2":"","admin1_code":"06","admin2_code":"","admin3_code":"","admin4_code":"","population":"2318","elevation":"","dem":"641","timezone":"Africa/Malabo","modification_date":"2013-06-07"},{"geonameid":"2310046","name":"Bata","asciiname":"Bata","alternatenames":["BSG","Bata","Batao","Gorad Bata","Kokapipa","ba ta","bata","Бата","Горад Бата","באטה","باتا","ბატა","バタ","巴塔","바타"],"latitude":"1.86391","longitude":"9.76582","feature_class":"P","feature_code":"PPLA","country_code":"GQ","cc2":"","admin1_code":"08","admin2_code":"","admin3_code":"","admin4_code":"","population":"173046","elevation":"","dem":"13","timezone":"Africa/Malabo","modification_date":"2011-10-27"},{"geonameid":"2310134","name":"Ayene","asciiname":"Ayene","alternatenames":["Ayene","Ayene-Enduguensan"],"latitude":"1.85592","longitude":"10.68994","feature_class":"P","feature_code":"PPL","country_code":"GQ","cc2":"","admin1_code":"09","admin2_code":"","admin3_code":"","admin4_code":"","population":"3482","elevation":"","dem":"443","timezone":"Africa/Malabo","modification_date":"2013-06-07"},{"geonameid":"2310309","name":"Añisoc","asciiname":"Anisoc","alternatenames":["Anisoc","Anisok","Añisoc","Añisok"],"latitude":"1.8658","longitude":"10.76892","feature_class":"P","feature_code":"PPL","country_code":"GQ","cc2":"","admin1_code":"09","admin2_code":"","admin3_code":"","admin4_code":"","population":"10191","elevation":"","dem":"456","timezone":"Africa/Malabo","modification_date":"2013-06-07"},{"geonameid":"2310533","name":"Acurenam","asciiname":"Acurenam","alternatenames":["Acurenam","Acurenan","Acurnam","Akourenam","Akournam","Akurenam","Akurenan","Akurnam"],"latitude":"1.03225","longitude":"10.64882","feature_class":"P","feature_code":"PPL","country_code":"GQ","cc2":"","admin1_code":"06","admin2_code":"","admin3_code":"","admin4_code":"","population":"2736","elevation":"","dem":"661","timezone":"Africa/Malabo","modification_date":"2013-06-07"},{"geonameid":"2310547","name":"Aconibe","asciiname":"Aconibe","alternatenames":["Aconibe","Akonebe"],"latitude":"1.29683","longitude":"10.93691","feature_class":"P","feature_code":"PPL","country_code":"GQ","cc2":"","admin1_code":"09","admin2_code":"","admin3_code":"","admin4_code":"","population":"11192","elevation":"","dem":"683","timezone":"Africa/Malabo","modification_date":"2013-06-07"}]}