{"country_data":{"ISO":"EE","ISO3":"EST","ISO_Numeric":"233","fips":"EN","country":"Estonia","capital":"Tallinn","area":"45226","Population":"1291170","Continent":"EU","tld":".ee","CurrencyCode":"EUR","CurrencyName":"Euro","Phone":"372","Postal_Code_Format":"#####","Postal_Code_Regex":"^(\\d{5})$","Languages":"et,ru","geonameid":"453733","neighbours":"RU,LV","EquivalentFipsCode":""},"cities":[{"geonameid":"589375","name":"Põlva","asciiname":"Polva","alternatenames":["Gorad Pylva","Pel've","Pelva","Pel’ve","Pilva","Polva","Polva Alevik","Polwa","Polwe","Pulva","Pyl'va","Pylva","Pyl’va","Põlva","Põlva Alevik","Pölwa","Pölwe","Pılvа","peolba","po er wa","pwlwa","pylbh","Горад Пылва","Пилва","Пълва","Пылва","Պիլվա","פילבה","پولوا","პილვა","珀爾瓦","펄바"],"latitude":"58.06028","longitude":"27.06944","feature_class":"P","feature_code":"PPLA","country_code":"EE","cc2":"","admin1_code":"12","admin2_code":"0620","admin3_code":"","admin4_code":"","population":"6504","elevation":"","dem":"63","timezone":"Europe/Tallinn","modification_date":"2014-06-27"},{"geonameid":"589379","name":"Põltsamaa","asciiname":"Poltsamaa","alternatenames":["Ober"],"latitude":"58.6525","longitude":"25.97056","feature_class":"P","feature_code":"PPL","country_code":"EE","cc2":"","admin1_code":"05","admin2_code":"0617","admin3_code":"","admin4_code":"","population":"4764","elevation":"","dem":"69","timezone":"Europe/Tallinn","modification_date":"2014-06-26"},{"geonameid":"589578","name":"Pärnu-Jaagupi","asciiname":"Parnu-Jaagupi","alternatenames":["Jaagupi","Jakobi","Paernu-Jaagupi","Parnu-Jaagupi","Parnu-Jakobi","Pjarnu-Jaagupi","Pyarnu-Yaagupi","Pyarnu-Yagupi","Pärnu-Jaagupi","Pärnu-Jakobi","Sankt-Jakobi","Sankt-Jakoby","Svyatogo Iakova","Yakobi","Пярну-Яагупи"],"latitude":"58.61052","longitude":"24.50689","feature_class":"P","feature_code":"PPL","country_code":"EE","cc2":"","admin1_code":"11","admin2_code":"0188","admin3_code":"","admin4_code":"","population":"1341","elevation":"","dem":"31","timezone":"Europe/Tallinn","modification_date":"2010-12-18"},{"geonameid":"589580","name":"Pärnu","asciiname":"Parnu","alternatenames":["Paernu","Parnawa","Parnu","Pernau","Pernava","Pernavia","Pernov","Piarnu","Pjarnu","Pyaonu","Pyarnu","Pärnu","Pērnava","Пярну","პიარნუ"],"latitude":"58.38588","longitude":"24.49711","feature_class":"P","feature_code":"PPLA","country_code":"EE","cc2":"","admin1_code":"11","admin2_code":"0625","admin3_code":"","admin4_code":"","population":"44192","elevation":"","dem":"6","timezone":"Europe/Tallinn","modification_date":"2010-12-18"},{"geonameid":"589663","name":"Paldiski","asciiname":"Paldiski","alternatenames":["Baltiiskii Port","Baltijas Ports","Baltischport","Baltiski","Baltiysk Port","Baltiyskiy Port","Paldiski","Paldiskis","Paltiski","Port Baltic","Port Baltique","Pаldiski","Ragervik","Rogervik","Rogowik","Rågervik","pa er di si ji","paldiseuki","paldysky","parutisuki","Палдиски","Палдіскі","Պալդիսկի","پالدیسکی","പാൾഡിസ്കി","პალდისკი","パルティスキ","帕爾迪斯基","팔디스키"],"latitude":"59.35667","longitude":"24.05306","feature_class":"P","feature_code":"PPL","country_code":"EE","cc2":"","admin1_code":"01","admin2_code":"0580","admin3_code":"","admin4_code":"","population":"4202","elevation":"","dem":"22","timezone":"Europe/Tallinn","modification_date":"2012-01-17"},{"geonameid":"589703","name":"Paikuse","asciiname":"Paikuse","alternatenames":[""],"latitude":"58.37917","longitude":"24.63444","feature_class":"P","feature_code":"PPL","country_code":"EE","cc2":"","admin1_code":"11","admin2_code":"0568","admin3_code":"","admin4_code":"","population":"1996","elevation":"","dem":"11","timezone":"Europe/Tallinn","modification_date":"2010-10-29"},{"geonameid":"589709","name":"Paide","asciiname":"Paide","alternatenames":["Gorad Pajdeh","Paide","Paide_vald","Paidė","Pajde","Payde","Pаydе","Veisenshtein","Veisenshteyn","Veysenshteyn","Weissenstein","pai de","paide","paydh","Горад Пайдэ","Паиде","Пайде","Պաիդե","פאידה","پایده","პაიდე","パイデ","派德","파이데"],"latitude":"58.88556","longitude":"25.55722","feature_class":"P","feature_code":"PPLA","country_code":"EE","cc2":"","admin1_code":"04","admin2_code":"0566","admin3_code":"","admin4_code":"","population":"9735","elevation":"","dem":"66","timezone":"Europe/Tallinn","modification_date":"2014-06-27"},{"geonameid":"589796","name":"Orissaare","asciiname":"Orissaare","alternatenames":["Orisaara","Orisaare","Orisar","Orisare","Orissaar","Orissare","Orrisar","Orrissaar","Orrissar"],"latitude":"58.55917","longitude":"23.08262","feature_class":"P","feature_code":"PPL","country_code":"EE","cc2":"","admin1_code":"14","admin2_code":"0550","admin3_code":"","admin4_code":"","population":"1065","elevation":"","dem":"7","timezone":"Europe/Tallinn","modification_date":"2010-10-29"},{"geonameid":"589922","name":"Karksi-Nuia","asciiname":"Karksi-Nuia","alternatenames":["Karksi","Karksi-Nuaj","Karksi-Nuia","Karksi-Nuya","Karkus","Nuia","Nuiya","Nuya","Nuyya","Каркси","Каркси-Нуай"],"latitude":"58.10333","longitude":"25.56278","feature_class":"P","feature_code":"PPL","country_code":"EE","cc2":"","admin1_code":"20","admin2_code":"0600","admin3_code":"","admin4_code":"","population":"1986","elevation":"","dem":"72","timezone":"Europe/Tallinn","modification_date":"2014-06-27"},{"geonameid":"589933","name":"Nõo","asciiname":"Noo","alternatenames":["Neo","Niggen'","Niggen’","Noo","Nueggen","Nuggen","Nyo","Nõo","Nüggen","Ныо"],"latitude":"58.27556","longitude":"26.5375","feature_class":"P","feature_code":"PPL","country_code":"EE","cc2":"","admin1_code":"18","admin2_code":"0528","admin3_code":"","admin4_code":"","population":"1476","elevation":"","dem":"61","timezone":"Europe/Tallinn","modification_date":"2012-01-17"},{"geonameid":"590030","name":"Narva-Jõesuu","asciiname":"Narva-Joesuu","alternatenames":["Gungerburg","Hungerburg","Naroova-Joesuu","Naroova-Jõesuu","Narva Ioesu","Narva Jeesu","Narva Jeesū","Narva Joesu","Narva-Iyesu","Narva-Iyesuu","Narva-Jesu","Narva-Joesuu","Narva-Jyehsuu","Narva-Jyesuu","Narva-Jõesuu","Narva-Jēsū","Narva-Yodsu","Narva-Yyesu","Narva-Yyesuu","Narwa Joesuu","Narwa Jõesuu","Нарва-Йыесуу","Нарва-Йыэсуу"],"latitude":"59.45889","longitude":"28.04083","feature_class":"P","feature_code":"PPL","country_code":"EE","cc2":"","admin1_code":"03","admin2_code":"0513","admin3_code":"","admin4_code":"","population":"2802","elevation":"","dem":"14","timezone":"Europe/Tallinn","modification_date":"2012-01-17"},{"geonameid":"590031","name":"Narva","asciiname":"Narva","alternatenames":["Gorad Narva","Naarva","Narv","Narva","Narvae","Narwa","Nаrvа","na er wa","naleuba","nar wa","narfa","naruvu~a","narva","narwa","nrbh","Νάρβα","Горад Нарва","Наарва","Нарвæ","Нарва","Նառվա","נרבה","نارفا","ناروا","นาร์วา","ნარვა","ナルヴァ","纳尔瓦","나르바"],"latitude":"59.37722","longitude":"28.19028","feature_class":"P","feature_code":"PPL","country_code":"EE","cc2":"","admin1_code":"03","admin2_code":"0511","admin3_code":"","admin4_code":"","population":"66980","elevation":"","dem":"30","timezone":"Europe/Tallinn","modification_date":"2012-01-17"},{"geonameid":"590067","name":"Mustvee","asciiname":"Mustvee","alternatenames":["Chernii","Chernoe","Chernyy","Mustve","Mustvee","Mustveeh","Mustwee","Tschorna","Муствеэ"],"latitude":"58.84861","longitude":"26.93972","feature_class":"P","feature_code":"PPL","country_code":"EE","cc2":"","admin1_code":"05","admin2_code":"0485","admin3_code":"","admin4_code":"","population":"1662","elevation":"","dem":"39","timezone":"Europe/Tallinn","modification_date":"2014-06-26"},{"geonameid":"590186","name":"Mõisaküla","asciiname":"Moisakula","alternatenames":["Moisakila","Moisakuela","Moisakula","Moisakull","Moisaküll","Moisekuell","Moisekull","Moiseküll","Moizekyul'","Moizekyul’","Myjzakjula","Myysakyula","Myyzakyuilya","Myyzakyula","Mõisaküla","Мыйзакюла"],"latitude":"58.09222","longitude":"25.18639","feature_class":"P","feature_code":"PPL","country_code":"EE","cc2":"","admin1_code":"20","admin2_code":"0490","admin3_code":"","admin4_code":"","population":"1090","elevation":"","dem":"77","timezone":"Europe/Tallinn","modification_date":"2014-06-26"},{"geonameid":"590322","name":"Märjamaa","asciiname":"Marjamaa","alternatenames":["Maerjamaa","Mar'yama","Marjamaa","Mar’yama","Mer'yama","Merjama","Merjamā","Mer’yama","Mjar'jamaa","Myar'yama","Myar'yamaa","Myar’yama","Myar’yamaa","Märjamaa","Мярьямаа"],"latitude":"58.90389","longitude":"24.43056","feature_class":"P","feature_code":"PPL","country_code":"EE","cc2":"","admin1_code":"13","admin2_code":"0504","admin3_code":"","admin4_code":"","population":"3063","elevation":"","dem":"46","timezone":"Europe/Tallinn","modification_date":"2014-06-26"},{"geonameid":"590447","name":"Maardu","asciiname":"Maardu","alternatenames":["Gorad Maardu","Maardu","Mardu","Mārdu","ma er du","maardu","maleudu","mardw","marudo~u","Горад Маарду","Маарду","Марду","Մաառդու","ماردو","მაარდუ","マールドゥ","馬爾杜","마르두"],"latitude":"59.47667","longitude":"25.025","feature_class":"P","feature_code":"PPL","country_code":"EE","cc2":"","admin1_code":"01","admin2_code":"0446","admin3_code":"","admin4_code":"","population":"16630","elevation":"","dem":"43","timezone":"Europe/Tallinn","modification_date":"2012-01-17"},{"geonameid":"590537","name":"Loo","asciiname":"Loo","alternatenames":["Loo"],"latitude":"59.43639","longitude":"24.94833","feature_class":"P","feature_code":"PPL","country_code":"EE","cc2":"","admin1_code":"01","admin2_code":"0245","admin3_code":"","admin4_code":"","population":"2175","elevation":"","dem":"38","timezone":"Europe/Tallinn","modification_date":"2012-05-05"},{"geonameid":"590552","name":"Loksa","asciiname":"Loksa","alternatenames":["Loksa","Loxa","Локса"],"latitude":"59.57639","longitude":"25.72139","feature_class":"P","feature_code":"PPL","country_code":"EE","cc2":"","admin1_code":"01","admin2_code":"0424","admin3_code":"","admin4_code":"","population":"3463","elevation":"","dem":"11","timezone":"Europe/Tallinn","modification_date":"2014-06-27"},{"geonameid":"590657","name":"Lihula","asciiname":"Lihula","alternatenames":["Gmina Lihula","Leal","Ligulya","Lihula","Lihula vald","Likhula","Лихула"],"latitude":"58.68139","longitude":"23.84528","feature_class":"P","feature_code":"PPL","country_code":"EE","cc2":"","admin1_code":"07","admin2_code":"0411","admin3_code":"","admin4_code":"","population":"1457","elevation":"","dem":"19","timezone":"Europe/Tallinn","modification_date":"2012-01-17"},{"geonameid":"590888","name":"Kuusalu","asciiname":"Kuusalu","alternatenames":["Commune de Kuusalu","Comuna Kuusalu","Gmina Kuusalu","Kusal","Kusalu","Kuusalu","Kuusalu Pairish","Kuusalu Parish","Kuusalu kommune","Kuusalu vald","Kuzal'","Kuzal’","Paroki Kuusalu","Куусалу","Կուուսալու","კუუსალუს მუნიციპალიტეტი"],"latitude":"59.44389","longitude":"25.44139","feature_class":"P","feature_code":"PPL","country_code":"EE","cc2":"","admin1_code":"01","admin2_code":"0353","admin3_code":"","admin4_code":"","population":"1238","elevation":"","dem":"46","timezone":"Europe/Tallinn","modification_date":"2012-01-17"},{"geonameid":"590939","name":"Kuressaare","asciiname":"Kuressaare","alternatenames":["Arensburg","Arensburga","Gorad Kurehssaareh","Kingisepp","Kingissepa","Kingissepp","Kuresaar","Kuresaare","Kuresaari","Kuresare","Kuresarė","Kuressaare","Kuressaari","Kuresāre","Kurеssааrе","URE","ku lei sa lei","kulesale","kuresare","kwrsarh","Горад Курэссаарэ","Куресааре","Куресаре","Курессааре","Կուռեսաառե","קורסארה","کورساره","კურესაარე","クレサーレ","库雷萨雷","쿠레사레"],"latitude":"58.24806","longitude":"22.50389","feature_class":"P","feature_code":"PPLA","country_code":"EE","cc2":"","admin1_code":"14","admin2_code":"0349","admin3_code":"","admin4_code":"","population":"14921","elevation":"","dem":"6","timezone":"Europe/Tallinn","modification_date":"2013-07-01"},{"geonameid":"590977","name":"Kunda","asciiname":"Kunda","alternatenames":["Kunda","Kunda Asundus","Myza Kunda","Кунда"],"latitude":"59.48333","longitude":"26.53333","feature_class":"P","feature_code":"PPL","country_code":"EE","cc2":"","admin1_code":"08","admin2_code":"0902","admin3_code":"","admin4_code":"","population":"3996","elevation":"","dem":"46","timezone":"Europe/Tallinn","modification_date":"2014-06-26"},{"geonameid":"591076","name":"Kose","asciiname":"Kose","alternatenames":["Kose","Koze"],"latitude":"59.45806","longitude":"24.87833","feature_class":"P","feature_code":"PPLX","country_code":"EE","cc2":"","admin1_code":"01","admin2_code":"0784","admin3_code":"","admin4_code":"","population":"2232","elevation":"","dem":"32","timezone":"Europe/Tallinn","modification_date":"2012-01-17"},{"geonameid":"591260","name":"Kohtla-Järve","asciiname":"Kohtla-Jarve","alternatenames":["Gorad Kokhtla-Jarveh","Jarve","Kochtel","Kohtla Jerve","Kohtla Jervė","Kohtla-Jaerve","Kohtla-Jaervi","Kohtla-Jarve","Kohtla-Jerve","Kohtla-Järve","Kohtla-Järvi","Kohtla-Yarve","Kohtla-Yerve","Kokhtla","Kokhtla-Jarve","Kokhtla-Yarve","Kotayarvi","Turpsal","Tyurpsal'","Tyurpsal’","Türpsal","ke he te la-ye er wei","kofutora=yaruvu~e","koheuteullayaeleube","kwtla-yarwh","kʼohtʼla-iarve","Горад Кохтла-Ярвэ","Кохтла-Јарве","Кохтла-Ярве","Կոհտլա-Յեռվե","کوتلا-یاروه","კოჰტლა-იარვე","コフトラ＝ヤルヴェ","科赫特拉-耶爾韋","코흐틀라얘르베"],"latitude":"59.39861","longitude":"27.27306","feature_class":"P","feature_code":"PPL","country_code":"EE","cc2":"","admin1_code":"03","admin2_code":"0322","admin3_code":"","admin4_code":"","population":"46060","elevation":"","dem":"66","timezone":"Europe/Tallinn","modification_date":"2012-01-17"},{"geonameid":"591264","name":"Kohtla-Nõmme","asciiname":"Kohtla-Nomme","alternatenames":["Kohtla","Kohtla Asundus","Kohtla-Nomme","Kohtla-Nõmme","Myza Kokhtla"],"latitude":"59.35167","longitude":"27.175","feature_class":"P","feature_code":"PPL","country_code":"EE","cc2":"","admin1_code":"03","admin2_code":"0323","admin3_code":"","admin4_code":"","population":"1075","elevation":"","dem":"55","timezone":"Europe/Tallinn","modification_date":"2012-01-17"},{"geonameid":"591265","name":"Kohila","asciiname":"Kohila","alternatenames":["Kohila","Koil","Kokhil'","Kokhila","Kokhil’","Koyl'","Koyl’","Кохила"],"latitude":"59.16806","longitude":"24.7575","feature_class":"P","feature_code":"PPL","country_code":"EE","cc2":"","admin1_code":"13","admin2_code":"0317","admin3_code":"","admin4_code":"","population":"3355","elevation":"","dem":"58","timezone":"Europe/Tallinn","modification_date":"2014-06-27"},{"geonameid":"591276","name":"Koeru","asciiname":"Koeru","alternatenames":["Keras","Koehru","Koeru","Koyero","Koyeru","Kėras","Maria Magdaliny","Marien-Magdalenen","Myza Koyeru","Sankt-Marien-Magdalenen","Коэру"],"latitude":"58.96306","longitude":"26.03083","feature_class":"P","feature_code":"PPL","country_code":"EE","cc2":"","admin1_code":"04","admin2_code":"0314","admin3_code":"","admin4_code":"","population":"1300","elevation":"","dem":"102","timezone":"Europe/Tallinn","modification_date":"2012-01-17"},{"geonameid":"591313","name":"Kiviõli","asciiname":"Kivioli","alternatenames":["Kivieli","Kivielis","Kiviili","Kivioli","Kiviyli","Kiviõli","Kiviıli","ji wei e li","kibiolli","kivu~iori","kywywly","Кивиоли","Кивиыли","Կիվիիլի","کیویولی","კივიილი","キヴィオリ","基維厄利","키비올리"],"latitude":"59.35306","longitude":"26.97111","feature_class":"P","feature_code":"PPL","country_code":"EE","cc2":"","admin1_code":"03","admin2_code":"0309","admin3_code":"","admin4_code":"","population":"6953","elevation":"","dem":"53","timezone":"Europe/Tallinn","modification_date":"2014-06-27"},{"geonameid":"591381","name":"Kilingi-Nõmme","asciiname":"Kilingi-Nomme","alternatenames":["Kilingi-Nemme","Kilingi-Nomme","Kilingi-Nymme","Kilingi-Nõmme","Kilingi-nymme","Killingi-Nymme","Kurkund","Nemme","Nomme","Nõmme","Saara","Saarde","Tegnits","Килинги-нымме"],"latitude":"58.15028","longitude":"24.96417","feature_class":"P","feature_code":"PPL","country_code":"EE","cc2":"","admin1_code":"11","admin2_code":"0710","admin3_code":"","admin4_code":"","population":"2175","elevation":"","dem":"63","timezone":"Europe/Tallinn","modification_date":"2012-01-17"},{"geonameid":"591403","name":"Kiili","asciiname":"Kiili","alternatenames":["Kiili","Kili"],"latitude":"59.30694","longitude":"24.83778","feature_class":"P","feature_code":"PPL","country_code":"EE","cc2":"","admin1_code":"01","admin2_code":"0304","admin3_code":"","admin4_code":"","population":"1461","elevation":"","dem":"52","timezone":"Europe/Tallinn","modification_date":"2013-06-20"},{"geonameid":"591472","name":"Keila","asciiname":"Keila","alternatenames":["Kegel","Keil","Keila","Kejla","Keyla","Kеilа","kai yi la","keilla","keira","kyla  astwny","Кеила","Кейла","Կեիլա","کیلا، استونی","კეილა","ケイラ","凱伊拉","케일라"],"latitude":"59.30361","longitude":"24.41306","feature_class":"P","feature_code":"PPL","country_code":"EE","cc2":"","admin1_code":"01","admin2_code":"0296","admin3_code":"","admin4_code":"","population":"9411","elevation":"","dem":"41","timezone":"Europe/Tallinn","modification_date":"2014-06-26"},{"geonameid":"591475","name":"Kehtna","asciiname":"Kehtna","alternatenames":["Kehtna","Kehtna Asundus","Kekhna","Kekhtna","Кехтна"],"latitude":"58.93028","longitude":"24.87806","feature_class":"P","feature_code":"PPL","country_code":"EE","cc2":"","admin1_code":"13","admin2_code":"0292","admin3_code":"","admin4_code":"","population":"1579","elevation":"","dem":"65","timezone":"Europe/Tallinn","modification_date":"2012-01-17"},{"geonameid":"591476","name":"Kehra","asciiname":"Kehra","alternatenames":["Kedder","Kehra","Kekhra","Kekra","Кехра"],"latitude":"59.33611","longitude":"25.32111","feature_class":"P","feature_code":"PPL","country_code":"EE","cc2":"","admin1_code":"01","admin2_code":"0140","admin3_code":"","admin4_code":"","population":"3183","elevation":"","dem":"58","timezone":"Europe/Tallinn","modification_date":"2014-06-27"},{"geonameid":"591632","name":"Kärdla","asciiname":"Kardla","alternatenames":["Gorad Kjardla","Kaerdla","Kaerrdal","Kardla","Kartla","Kerdla","Kerdlya","Kerhl","Kertel","Kjardla","Kjardlae","Kyardla","Kärdla","Kärrdal","Kärtla","Myasto Kyardla","kaeleudeulla","kai er de la","kardla","karudora","qrdlh","Горад Кярдла","Кардла","Кярдлæ","Кярдла","Կեռդլա","קרדלה","کاردلا","კიარდლა","カルドラ","凱爾德拉","캐르들라"],"latitude":"58.99778","longitude":"22.74917","feature_class":"P","feature_code":"PPLA","country_code":"EE","cc2":"","admin1_code":"02","admin2_code":"0371","admin3_code":"","admin4_code":"","population":"3763","elevation":"","dem":"9","timezone":"Europe/Tallinn","modification_date":"2014-08-20"},{"geonameid":"591703","name":"Kallaste","asciiname":"Kallaste","alternatenames":["Kallaste","Krasnaja Gora","Krasnaya Gora","Krasnogar","Krasnogor","Krasnyye Gory","Калласте"],"latitude":"58.655","longitude":"27.15917","feature_class":"P","feature_code":"PPL","country_code":"EE","cc2":"","admin1_code":"18","admin2_code":"0126","admin3_code":"","admin4_code":"","population":"1171","elevation":"","dem":"45","timezone":"Europe/Tallinn","modification_date":"2014-06-26"},{"geonameid":"591783","name":"Kadrina","asciiname":"Kadrina","alternatenames":["Kadrina","Katharinen","Katrinen'","Katrinen’","Sankt-Katharinen","Кадрина"],"latitude":"59.33472","longitude":"26.145","feature_class":"P","feature_code":"PPL","country_code":"EE","cc2":"","admin1_code":"08","admin2_code":"0272","admin3_code":"","admin4_code":"","population":"2406","elevation":"","dem":"93","timezone":"Europe/Tallinn","modification_date":"2012-01-17"},{"geonameid":"591876","name":"Jüri","asciiname":"Jueri","alternatenames":["Jueri","Juri","Jüri","Yuri","Юри"],"latitude":"59.35417","longitude":"24.89417","feature_class":"P","feature_code":"PPL","country_code":"EE","cc2":"","admin1_code":"01","admin2_code":"0653","admin3_code":"","admin4_code":"","population":"2581","elevation":"","dem":"55","timezone":"Europe/Tallinn","modification_date":"2012-03-16"},{"geonameid":"591893","name":"Jõhvi","asciiname":"Johvi","alternatenames":["Gorad Jykhvi","Ievve","Iohvi","Iyeve","Iyevve","Iykhvi","Jechvi","Jehvi","Jehvis","Jeve","Jewe","Jikhvi","Johvi","Johwi","Johyl","Jukhvi","Jykhvi","Jõhvi","Jöhwi","Levve","Yihvi","Yokhvi","Yykhvi","Yıhvi","iihvi","yeoheubi","yue he wei","yufuvu~i","ywwy","Јихви","Горад Йыхві","Йихві","Йъхви","Йыхви","Յիհվի","یووی","იიჰვი","ユフヴィ","約赫維","여흐비"],"latitude":"59.35917","longitude":"27.42111","feature_class":"P","feature_code":"PPLA","country_code":"EE","cc2":"","admin1_code":"03","admin2_code":"0251","admin3_code":"","admin4_code":"","population":"11469","elevation":"","dem":"61","timezone":"Europe/Tallinn","modification_date":"2012-01-17"},{"geonameid":"591902","name":"Jõgeva","asciiname":"Jogeva","alternatenames":["Gorad Jygeva","Iyegeva","Iygeva","Jegeva","Jigeva","Jogeva","Jugeva","Jygeva","Jõgeva","Laisholm","Laysgol'm","Laysgol’m","Yigeva","Yogeva","Yygeva","Yıgeva","iigeva","yeogeba","yogevu~a","yue ge wa","ywgwa","yygbh","Јигева","Горад Йыгева","Йиґева","Йъгева","Йыгева","Յիգևա","ייגבה","یوگوا","იიგევა","ヨゲヴァ","約格瓦","여게바"],"latitude":"58.74667","longitude":"26.39389","feature_class":"P","feature_code":"PPLA","country_code":"EE","cc2":"","admin1_code":"05","admin2_code":"0249","admin3_code":"","admin4_code":"","population":"6396","elevation":"","dem":"79","timezone":"Europe/Tallinn","modification_date":"2012-01-17"},{"geonameid":"591965","name":"Järvakandi","asciiname":"Jarvakandi","alternatenames":["Jaervakandi","Jarvakandi","Jarvakandi Klaasivabrik","Jarvakandi Tehasid","Jarwakandi Klaasi Wabrik","Järvakandi","Järvakandi Klaasivabrik","Järvakandi Tehasid","Järwakandi Klaasi Wabrik","Stekol'nyy Zavod Yarvakandi","Stekol’nyy Zavod Yarvakandi","Ярваканди"],"latitude":"58.77889","longitude":"24.82583","feature_class":"P","feature_code":"PPL","country_code":"EE","cc2":"","admin1_code":"13","admin2_code":"0260","admin3_code":"","admin4_code":"","population":"1471","elevation":"","dem":"65","timezone":"Europe/Tallinn","modification_date":"2014-06-26"},{"geonameid":"591968","name":"Järva-Jaani","asciiname":"Jarva-Jaani","alternatenames":["J. Jaani","Jaani","Jaerva-Jaani","Jarva-Jaani","Jarvi-Jaani","Jerve Jani","Jerve Jāni","Järva-Jaani","Järvi-Jaani","Sankt-Johannis","Svyatogo Ioanna","Yarva-Yani","Yyarva-Yani","Ярва-Яани"],"latitude":"59.03861","longitude":"25.88639","feature_class":"P","feature_code":"PPL","country_code":"EE","cc2":"","admin1_code":"04","admin2_code":"0257","admin3_code":"","admin4_code":"","population":"1051","elevation":"","dem":"103","timezone":"Europe/Tallinn","modification_date":"2012-01-17"},{"geonameid":"592091","name":"Hullo","asciiname":"Hullo","alternatenames":["Hullo","Khullo"],"latitude":"58.99004","longitude":"23.24441","feature_class":"P","feature_code":"PPLA2","country_code":"EE","cc2":"","admin1_code":"07","admin2_code":"0907","admin3_code":"","admin4_code":"","population":"104","elevation":"","dem":"9","timezone":"Europe/Tallinn","modification_date":"2013-10-04"},{"geonameid":"592200","name":"Haljala","asciiname":"Haljala","alternatenames":["Haljala","Haljall","Khal'jala","Khal'yal'","Khal'yala","Khal’yala","Khal’yal’","Хальяла"],"latitude":"59.43361","longitude":"26.26139","feature_class":"P","feature_code":"PPL","country_code":"EE","cc2":"","admin1_code":"08","admin2_code":"0190","admin3_code":"","admin4_code":"","population":"1233","elevation":"","dem":"80","timezone":"Europe/Tallinn","modification_date":"2012-01-17"},{"geonameid":"592225","name":"Haapsalu","asciiname":"Haapsalu","alternatenames":["Gaapsalu","Gapsal'","Gapsal’","Gorad Khaapsalu","Haapsalu","Haapsula","Hapsal","Hapsalia","Hapsalu","Hāpsalu","Hааpsаlu","Khaapsalu","Khaapsalyu","Khapsalu","ha pu sha lu","haapsalu","habsallu","hapsalw","hapusaru","Горад Хаапсалу","Хаапсалу","Хапсалу","Հաապսալու","هاپسالو","ჰააფსალუ","ハープサル","哈普沙盧","합살루"],"latitude":"58.94306","longitude":"23.54139","feature_class":"P","feature_code":"PPLA","country_code":"EE","cc2":"","admin1_code":"07","admin2_code":"0183","admin3_code":"","admin4_code":"","population":"11805","elevation":"","dem":"11","timezone":"Europe/Tallinn","modification_date":"2012-01-17"},{"geonameid":"592233","name":"Haabneeme","asciiname":"Haabneeme","alternatenames":["Haabneeme","Khaabneehme","Khaabneeme","Хаабнеэме"],"latitude":"59.51139","longitude":"24.82111","feature_class":"P","feature_code":"PPL","country_code":"EE","cc2":"","admin1_code":"01","admin2_code":"0890","admin3_code":"","admin4_code":"","population":"2077","elevation":"","dem":"13","timezone":"Europe/Tallinn","modification_date":"2012-01-17"},{"geonameid":"592279","name":"Elva","asciiname":"Elva","alternatenames":["Ehlva","Elv","Elva","Elva i Estland","Elwa","ai er wa","alwa  astwny","elba","elva","Елва","Элва","Էլվա","الوا، استونی","ელვა","埃尔瓦","엘바"],"latitude":"58.2225","longitude":"26.42111","feature_class":"P","feature_code":"PPL","country_code":"EE","cc2":"","admin1_code":"18","admin2_code":"0170","admin3_code":"","admin4_code":"","population":"5819","elevation":"","dem":"51","timezone":"Europe/Tallinn","modification_date":"2014-06-26"},{"geonameid":"592351","name":"Audru","asciiname":"Audru","alternatenames":["Audru","Аудру"],"latitude":"58.40861","longitude":"24.37389","feature_class":"P","feature_code":"PPL","country_code":"EE","cc2":"","admin1_code":"11","admin2_code":"0159","admin3_code":"","admin4_code":"","population":"1430","elevation":"","dem":"9","timezone":"Europe/Tallinn","modification_date":"2012-01-17"},{"geonameid":"592379","name":"Aseri","asciiname":"Aseri","alternatenames":["Asari","Aseri","Aseri Mois","Aseri Mõis","Asserien","Asserin","Azeri","Azern","Азерн"],"latitude":"59.45056","longitude":"26.8675","feature_class":"P","feature_code":"PPL","country_code":"EE","cc2":"","admin1_code":"03","admin2_code":"0154","admin3_code":"","admin4_code":"","population":"1831","elevation":"","dem":"35","timezone":"Europe/Tallinn","modification_date":"2012-01-17"},{"geonameid":"592396","name":"Aruküla","asciiname":"Arukula","alternatenames":["Arukula","Arukyula","Aruküla"],"latitude":"59.36444","longitude":"25.07722","feature_class":"P","feature_code":"PPL","country_code":"EE","cc2":"","admin1_code":"01","admin2_code":"0651","admin3_code":"","admin4_code":"","population":"1829","elevation":"","dem":"50","timezone":"Europe/Tallinn","modification_date":"2012-01-17"},{"geonameid":"592626","name":"Abja-Paluoja","asciiname":"Abja-Paluoja","alternatenames":["Ab'ja-Paluoja","Ab'ya","Ab'ya-Paluoya","Abbia","Abia","Abja-Paluoja","Ab’ya","Ab’ya-Paluoya","Paluoja","Paluoya","Абья-Палуоя"],"latitude":"58.12528","longitude":"25.34972","feature_class":"P","feature_code":"PPL","country_code":"EE","cc2":"","admin1_code":"20","admin2_code":"0105","admin3_code":"","admin4_code":"","population":"1372","elevation":"","dem":"71","timezone":"Europe/Tallinn","modification_date":"2012-01-17"},{"geonameid":"793457","name":"Sõmeru","asciiname":"Someru","alternatenames":["Someru","Sõmeru"],"latitude":"59.36111","longitude":"26.4375","feature_class":"P","feature_code":"PPL","country_code":"EE","cc2":"","admin1_code":"08","admin2_code":"0770","admin3_code":"","admin4_code":"","population":"1350","elevation":"","dem":"75","timezone":"Europe/Tallinn","modification_date":"2012-01-19"},{"geonameid":"793956","name":"Tabivere","asciiname":"Tabivere","alternatenames":["Tabivere","Табивере"],"latitude":"58.55417","longitude":"26.59556","feature_class":"P","feature_code":"PPL","country_code":"EE","cc2":"","admin1_code":"05","admin2_code":"0773","admin3_code":"","admin4_code":"","population":"1062","elevation":"","dem":"68","timezone":"Europe/Tallinn","modification_date":"2012-01-19"},{"geonameid":"794964","name":"Laagri","asciiname":"Laagri","alternatenames":[""],"latitude":"59.35083","longitude":"24.61418","feature_class":"P","feature_code":"PPL","country_code":"EE","cc2":"","admin1_code":"01","admin2_code":"0727","admin3_code":"","admin4_code":"","population":"4135","elevation":"","dem":"40","timezone":"Europe/Tallinn","modification_date":"2010-12-18"},{"geonameid":"8181718","name":"Viimsi","asciiname":"Viimsi","alternatenames":[""],"latitude":"59.50086","longitude":"24.86254","feature_class":"P","feature_code":"PPL","country_code":"EE","cc2":"","admin1_code":"01","admin2_code":"0890","admin3_code":"","admin4_code":"","population":"1500","elevation":"40","dem":"41","timezone":"Europe/Tallinn","modification_date":"2012-06-05"},{"geonameid":"587450","name":"Võru","asciiname":"Voru","alternatenames":["Gorad Vyru","Verava","Veri","Verro","Veru","Viru","Voru","Voru vald","Vuru","Vyru","Võru","Võru vald","Vıru","Werro","Woru","Wöru","beolu","viru","vu~oru","wo lu","wwrw","Виру","Въру","Выру","Горад Выру","Վիռու","וורו","وورو","ვირუ","ヴォル","沃魯","버루"],"latitude":"57.83389","longitude":"27.01944","feature_class":"P","feature_code":"PPLA","country_code":"EE","cc2":"","admin1_code":"21","admin2_code":"0919","admin3_code":"","admin4_code":"","population":"14631","elevation":"","dem":"76","timezone":"Europe/Tallinn","modification_date":"2014-06-27"},{"geonameid":"587577","name":"Viljandi","asciiname":"Viljandi","alternatenames":["Felin","Fellin","Gorad Vil'jandzi","Vil'jandi","Vil'yandi","Vilande","Vilandi","Viljandi","Viljandis","Vilyandi","Vil’yandi","Vylande","Vylandė","Vīlande","Wiljandi","billyandi","fylyandy","viliandi","vu~iryandi","wei er yang di","wylyandy","Вильянди","Вилянди","Виљанди","Вільянді","Горад Вільяндзі","Վիլյանդի","ויליאנדי","فيلياندي","ویلیاندی","ვილიანდი","ヴィリャンディ","維爾揚迪","빌랸디"],"latitude":"58.36389","longitude":"25.59","feature_class":"P","feature_code":"PPLA","country_code":"EE","cc2":"","admin1_code":"20","admin2_code":"0897","admin3_code":"","admin4_code":"","population":"20309","elevation":"","dem":"82","timezone":"Europe/Tallinn","modification_date":"2012-01-17"},{"geonameid":"587876","name":"Valga","asciiname":"Valga","alternatenames":["Gorad Valga","Valga","Valga i Estland","Valk","Valka","Valqa","Walga","Walk","balga","valga","vu~aruga","wa er jia","walga  astwny","wlgh","Валга","Валка","Горад Валга","Վալգա","ולגה","والگا، استونی","ვალგა","ヴァルガ","瓦爾加","발가"],"latitude":"57.77781","longitude":"26.0473","feature_class":"P","feature_code":"PPLA","country_code":"EE","cc2":"","admin1_code":"19","admin2_code":"0854","admin3_code":"","admin4_code":"","population":"13945","elevation":"","dem":"64","timezone":"Europe/Tallinn","modification_date":"2014-06-27"},{"geonameid":"588153","name":"Türi","asciiname":"Tueri","alternatenames":["Thurgel","Tiri","Tiuris","Tiūris","Tjuri","Tueri","Turgel","Turi","Tyuri","Türi","di li","twry  astwny","Тюри","Тјури","Տյուռի","توری، استونی","ტიური","蒂里"],"latitude":"58.80861","longitude":"25.4325","feature_class":"P","feature_code":"PPL","country_code":"EE","cc2":"","admin1_code":"04","admin2_code":"0835","admin3_code":"","admin4_code":"","population":"6138","elevation":"","dem":"67","timezone":"Europe/Tallinn","modification_date":"2014-06-27"},{"geonameid":"588335","name":"Tartu","asciiname":"Tartu","alternatenames":["Derpt","Dorpat","TAY","Tarbatum","Tartto","Tartu","Terbata","Tērbata","Yur'yev","Yurev","taleutu","taruto~u","trtw","Тарту","טרטו","ტარტუ","タルトゥ","타르투"],"latitude":"58.38062","longitude":"26.72509","feature_class":"P","feature_code":"PPLA","country_code":"EE","cc2":"","admin1_code":"18","admin2_code":"0795","admin3_code":"","admin4_code":"","population":"101092","elevation":"","dem":"39","timezone":"Europe/Tallinn","modification_date":"2013-02-22"},{"geonameid":"588348","name":"Tapa","asciiname":"Tapa","alternatenames":["Tap","Tapa","Tapa i Estland","Taps","Tаpа","ta pa","tapa","Тапа","Տապա","تاپا","ტაპა","塔帕","타파"],"latitude":"59.26056","longitude":"25.95861","feature_class":"P","feature_code":"PPL","country_code":"EE","cc2":"","admin1_code":"08","admin2_code":"0790","admin3_code":"","admin4_code":"","population":"6551","elevation":"","dem":"103","timezone":"Europe/Tallinn","modification_date":"2014-06-26"},{"geonameid":"588409","name":"Tallinn","asciiname":"Tallinn","alternatenames":["Castrum Danorum","Gorad Talin","Kallinn","Kolyvan","Lindanaes","Lindanäs","Raeaeveli","Reval","Revel","Revel'","Rääveli","TLL","Taillinn","Talin","Talinas","Talini","Talino","Talins","Tallidn","Tallin","Tallin osh","Tallina","Tallinn","Tallinna","Talín","Tàllin","ta lin","talin","talina","tallin","tallina","tallyn","talyn","tarin","thallin n","Ταλίν","Ταλιν","Ταλλίν","Горад Талін","Талин","Таллин","Таллин ош","Таллинн","Таллінн","Տալլին","טאלין","تاللىن","تالين","تالین","تاڵین","ٹالن","तालिन","ताल्लिन","তাল্লিন","ਤਾਲਿਨ","தாலின்","ടാലിൻ","ทาลลินน์","ཏཱལ་་ལིན།","ტალინი","ታሊን","タリン","塔林","탈린"],"latitude":"59.43696","longitude":"24.75353","feature_class":"P","feature_code":"PPLC","country_code":"EE","cc2":"","admin1_code":"01","admin2_code":"0784","admin3_code":"","admin4_code":"","population":"394024","elevation":"","dem":"12","timezone":"Europe/Tallinn","modification_date":"2014-12-07"},{"geonameid":"588686","name":"Sillamäe","asciiname":"Sillamae","alternatenames":["Commune de Sillamaee","Commune de Sillamäe","Gorad Silamjaeh","Silamae","Silameje","Silamejė","Silamiaje","Silamiajė","Sillamae","Sillamaee","Sillamagi","Sillame","Sillamjae","Sillamyae","Sillamäe","Sillamē","Sillаmyae","Suvilad","shirramae","silamiae","sillamaee","sillamjae","sillamjaeh","sylamayh","xi la mai ai","Горад Сіламяэ","Силламяе","Силламяэ","Сиљамае","Сілламяе","Սիլլամյաե","سیلامائه","სილამიაე","シッラマエ","錫拉邁埃","실라매에"],"latitude":"59.39697","longitude":"27.76331","feature_class":"P","feature_code":"PPL","country_code":"EE","cc2":"","admin1_code":"03","admin2_code":"0735","admin3_code":"","admin4_code":"","population":"16672","elevation":"","dem":"23","timezone":"Europe/Tallinn","modification_date":"2013-10-04"},{"geonameid":"588780","name":"Saue","asciiname":"Saue","alternatenames":["Gorad Saueh","Miza Saue","Myza Saue","Saue","Saue i Estland","Saueh","Sauė","saue","sayw","shao ai","Горад Саўэ","Миза Сауе","Сауе","Сауэ","Սաուե","سائو","საუე","紹埃"],"latitude":"59.32028","longitude":"24.5525","feature_class":"P","feature_code":"PPL","country_code":"EE","cc2":"","admin1_code":"01","admin2_code":"0728","admin3_code":"","admin4_code":"","population":"5022","elevation":"","dem":"43","timezone":"Europe/Tallinn","modification_date":"2014-06-26"},{"geonameid":"589116","name":"Rapla","asciiname":"Rapla","alternatenames":["Gorad Rapla","Odenkam","Rapl","Rapla","Rapla-kyulya","Raplakula","Raplaküla","Rappel","la pu la","lapeulla","rpla","Горад Рапла","Рапла","Ռապլա","رپلا","რაპლა","拉普拉","라플라"],"latitude":"59.00722","longitude":"24.79278","feature_class":"P","feature_code":"PPLA","country_code":"EE","cc2":"","admin1_code":"13","admin2_code":"0669","admin3_code":"","admin4_code":"","population":"5684","elevation":"","dem":"67","timezone":"Europe/Tallinn","modification_date":"2014-06-26"},{"geonameid":"589165","name":"Rakvere","asciiname":"Rakvere","alternatenames":["Gorad Rakvereh","Rakvere","Rakvere_vald","Rakverė","Rakwere","Rаkvеrе","Vezenberg","Wesenberg","la ke wei lei","lakeubele","rakuvu~ere","rakwrh","Горад Ракверэ","Раквере","Ռակվեռե","راکوره","რაკვერე","ラクヴェレ","拉克韋雷","라크베레"],"latitude":"59.34639","longitude":"26.35583","feature_class":"P","feature_code":"PPLA","country_code":"EE","cc2":"","admin1_code":"08","admin2_code":"0663","admin3_code":"","admin4_code":"","population":"16736","elevation":"","dem":"84","timezone":"Europe/Tallinn","modification_date":"2012-01-17"},{"geonameid":"589375","name":"Põlva","asciiname":"Polva","alternatenames":["Gorad Pylva","Pel've","Pelva","Pel’ve","Pilva","Polva","Polva Alevik","Polwa","Polwe","Pulva","Pyl'va","Pylva","Pyl’va","Põlva","Põlva Alevik","Pölwa","Pölwe","Pılvа","peolba","po er wa","pwlwa","pylbh","Горад Пылва","Пилва","Пълва","Пылва","Պիլվա","פילבה","پولوا","პილვა","珀爾瓦","펄바"],"latitude":"58.06028","longitude":"27.06944","feature_class":"P","feature_code":"PPLA","country_code":"EE","cc2":"","admin1_code":"12","admin2_code":"0620","admin3_code":"","admin4_code":"","population":"6504","elevation":"","dem":"63","timezone":"Europe/Tallinn","modification_date":"2014-06-27"},{"geonameid":"589580","name":"Pärnu","asciiname":"Parnu","alternatenames":["Paernu","Parnawa","Parnu","Pernau","Pernava","Pernavia","Pernov","Piarnu","Pjarnu","Pyaonu","Pyarnu","Pärnu","Pērnava","Пярну","პიარნუ"],"latitude":"58.38588","longitude":"24.49711","feature_class":"P","feature_code":"PPLA","country_code":"EE","cc2":"","admin1_code":"11","admin2_code":"0625","admin3_code":"","admin4_code":"","population":"44192","elevation":"","dem":"6","timezone":"Europe/Tallinn","modification_date":"2010-12-18"},{"geonameid":"589709","name":"Paide","asciiname":"Paide","alternatenames":["Gorad Pajdeh","Paide","Paide_vald","Paidė","Pajde","Payde","Pаydе","Veisenshtein","Veisenshteyn","Veysenshteyn","Weissenstein","pai de","paide","paydh","Горад Пайдэ","Паиде","Пайде","Պաիդե","פאידה","پایده","პაიდე","パイデ","派德","파이데"],"latitude":"58.88556","longitude":"25.55722","feature_class":"P","feature_code":"PPLA","country_code":"EE","cc2":"","admin1_code":"04","admin2_code":"0566","admin3_code":"","admin4_code":"","population":"9735","elevation":"","dem":"66","timezone":"Europe/Tallinn","modification_date":"2014-06-27"},{"geonameid":"590031","name":"Narva","asciiname":"Narva","alternatenames":["Gorad Narva","Naarva","Narv","Narva","Narvae","Narwa","Nаrvа","na er wa","naleuba","nar wa","narfa","naruvu~a","narva","narwa","nrbh","Νάρβα","Горад Нарва","Наарва","Нарвæ","Нарва","Նառվա","נרבה","نارفا","ناروا","นาร์วา","ნარვა","ナルヴァ","纳尔瓦","나르바"],"latitude":"59.37722","longitude":"28.19028","feature_class":"P","feature_code":"PPL","country_code":"EE","cc2":"","admin1_code":"03","admin2_code":"0511","admin3_code":"","admin4_code":"","population":"66980","elevation":"","dem":"30","timezone":"Europe/Tallinn","modification_date":"2012-01-17"},{"geonameid":"590447","name":"Maardu","asciiname":"Maardu","alternatenames":["Gorad Maardu","Maardu","Mardu","Mārdu","ma er du","maardu","maleudu","mardw","marudo~u","Горад Маарду","Маарду","Марду","Մաառդու","ماردو","მაარდუ","マールドゥ","馬爾杜","마르두"],"latitude":"59.47667","longitude":"25.025","feature_class":"P","feature_code":"PPL","country_code":"EE","cc2":"","admin1_code":"01","admin2_code":"0446","admin3_code":"","admin4_code":"","population":"16630","elevation":"","dem":"43","timezone":"Europe/Tallinn","modification_date":"2012-01-17"},{"geonameid":"590939","name":"Kuressaare","asciiname":"Kuressaare","alternatenames":["Arensburg","Arensburga","Gorad Kurehssaareh","Kingisepp","Kingissepa","Kingissepp","Kuresaar","Kuresaare","Kuresaari","Kuresare","Kuresarė","Kuressaare","Kuressaari","Kuresāre","Kurеssааrе","URE","ku lei sa lei","kulesale","kuresare","kwrsarh","Горад Курэссаарэ","Куресааре","Куресаре","Курессааре","Կուռեսաառե","קורסארה","کورساره","კურესაარე","クレサーレ","库雷萨雷","쿠레사레"],"latitude":"58.24806","longitude":"22.50389","feature_class":"P","feature_code":"PPLA","country_code":"EE","cc2":"","admin1_code":"14","admin2_code":"0349","admin3_code":"","admin4_code":"","population":"14921","elevation":"","dem":"6","timezone":"Europe/Tallinn","modification_date":"2013-07-01"},{"geonameid":"591260","name":"Kohtla-Järve","asciiname":"Kohtla-Jarve","alternatenames":["Gorad Kokhtla-Jarveh","Jarve","Kochtel","Kohtla Jerve","Kohtla Jervė","Kohtla-Jaerve","Kohtla-Jaervi","Kohtla-Jarve","Kohtla-Jerve","Kohtla-Järve","Kohtla-Järvi","Kohtla-Yarve","Kohtla-Yerve","Kokhtla","Kokhtla-Jarve","Kokhtla-Yarve","Kotayarvi","Turpsal","Tyurpsal'","Tyurpsal’","Türpsal","ke he te la-ye er wei","kofutora=yaruvu~e","koheuteullayaeleube","kwtla-yarwh","kʼohtʼla-iarve","Горад Кохтла-Ярвэ","Кохтла-Јарве","Кохтла-Ярве","Կոհտլա-Յեռվե","کوتلا-یاروه","კოჰტლა-იარვე","コフトラ＝ヤルヴェ","科赫特拉-耶爾韋","코흐틀라얘르베"],"latitude":"59.39861","longitude":"27.27306","feature_class":"P","feature_code":"PPL","country_code":"EE","cc2":"","admin1_code":"03","admin2_code":"0322","admin3_code":"","admin4_code":"","population":"46060","elevation":"","dem":"66","timezone":"Europe/Tallinn","modification_date":"2012-01-17"},{"geonameid":"591313","name":"Kiviõli","asciiname":"Kivioli","alternatenames":["Kivieli","Kivielis","Kiviili","Kivioli","Kiviyli","Kiviõli","Kiviıli","ji wei e li","kibiolli","kivu~iori","kywywly","Кивиоли","Кивиыли","Կիվիիլի","کیویولی","კივიილი","キヴィオリ","基維厄利","키비올리"],"latitude":"59.35306","longitude":"26.97111","feature_class":"P","feature_code":"PPL","country_code":"EE","cc2":"","admin1_code":"03","admin2_code":"0309","admin3_code":"","admin4_code":"","population":"6953","elevation":"","dem":"53","timezone":"Europe/Tallinn","modification_date":"2014-06-27"},{"geonameid":"591472","name":"Keila","asciiname":"Keila","alternatenames":["Kegel","Keil","Keila","Kejla","Keyla","Kеilа","kai yi la","keilla","keira","kyla  astwny","Кеила","Кейла","Կեիլա","کیلا، استونی","კეილა","ケイラ","凱伊拉","케일라"],"latitude":"59.30361","longitude":"24.41306","feature_class":"P","feature_code":"PPL","country_code":"EE","cc2":"","admin1_code":"01","admin2_code":"0296","admin3_code":"","admin4_code":"","population":"9411","elevation":"","dem":"41","timezone":"Europe/Tallinn","modification_date":"2014-06-26"},{"geonameid":"591632","name":"Kärdla","asciiname":"Kardla","alternatenames":["Gorad Kjardla","Kaerdla","Kaerrdal","Kardla","Kartla","Kerdla","Kerdlya","Kerhl","Kertel","Kjardla","Kjardlae","Kyardla","Kärdla","Kärrdal","Kärtla","Myasto Kyardla","kaeleudeulla","kai er de la","kardla","karudora","qrdlh","Горад Кярдла","Кардла","Кярдлæ","Кярдла","Կեռդլա","קרדלה","کاردلا","კიარდლა","カルドラ","凱爾德拉","캐르들라"],"latitude":"58.99778","longitude":"22.74917","feature_class":"P","feature_code":"PPLA","country_code":"EE","cc2":"","admin1_code":"02","admin2_code":"0371","admin3_code":"","admin4_code":"","population":"3763","elevation":"","dem":"9","timezone":"Europe/Tallinn","modification_date":"2014-08-20"},{"geonameid":"591893","name":"Jõhvi","asciiname":"Johvi","alternatenames":["Gorad Jykhvi","Ievve","Iohvi","Iyeve","Iyevve","Iykhvi","Jechvi","Jehvi","Jehvis","Jeve","Jewe","Jikhvi","Johvi","Johwi","Johyl","Jukhvi","Jykhvi","Jõhvi","Jöhwi","Levve","Yihvi","Yokhvi","Yykhvi","Yıhvi","iihvi","yeoheubi","yue he wei","yufuvu~i","ywwy","Јихви","Горад Йыхві","Йихві","Йъхви","Йыхви","Յիհվի","یووی","იიჰვი","ユフヴィ","約赫維","여흐비"],"latitude":"59.35917","longitude":"27.42111","feature_class":"P","feature_code":"PPLA","country_code":"EE","cc2":"","admin1_code":"03","admin2_code":"0251","admin3_code":"","admin4_code":"","population":"11469","elevation":"","dem":"61","timezone":"Europe/Tallinn","modification_date":"2012-01-17"},{"geonameid":"591902","name":"Jõgeva","asciiname":"Jogeva","alternatenames":["Gorad Jygeva","Iyegeva","Iygeva","Jegeva","Jigeva","Jogeva","Jugeva","Jygeva","Jõgeva","Laisholm","Laysgol'm","Laysgol’m","Yigeva","Yogeva","Yygeva","Yıgeva","iigeva","yeogeba","yogevu~a","yue ge wa","ywgwa","yygbh","Јигева","Горад Йыгева","Йиґева","Йъгева","Йыгева","Յիգևա","ייגבה","یوگوا","იიგევა","ヨゲヴァ","約格瓦","여게바"],"latitude":"58.74667","longitude":"26.39389","feature_class":"P","feature_code":"PPLA","country_code":"EE","cc2":"","admin1_code":"05","admin2_code":"0249","admin3_code":"","admin4_code":"","population":"6396","elevation":"","dem":"79","timezone":"Europe/Tallinn","modification_date":"2012-01-17"},{"geonameid":"592225","name":"Haapsalu","asciiname":"Haapsalu","alternatenames":["Gaapsalu","Gapsal'","Gapsal’","Gorad Khaapsalu","Haapsalu","Haapsula","Hapsal","Hapsalia","Hapsalu","Hāpsalu","Hааpsаlu","Khaapsalu","Khaapsalyu","Khapsalu","ha pu sha lu","haapsalu","habsallu","hapsalw","hapusaru","Горад Хаапсалу","Хаапсалу","Хапсалу","Հաապսալու","هاپسالو","ჰააფსალუ","ハープサル","哈普沙盧","합살루"],"latitude":"58.94306","longitude":"23.54139","feature_class":"P","feature_code":"PPLA","country_code":"EE","cc2":"","admin1_code":"07","admin2_code":"0183","admin3_code":"","admin4_code":"","population":"11805","elevation":"","dem":"11","timezone":"Europe/Tallinn","modification_date":"2012-01-17"},{"geonameid":"592279","name":"Elva","asciiname":"Elva","alternatenames":["Ehlva","Elv","Elva","Elva i Estland","Elwa","ai er wa","alwa  astwny","elba","elva","Елва","Элва","Էլվա","الوا، استونی","ელვა","埃尔瓦","엘바"],"latitude":"58.2225","longitude":"26.42111","feature_class":"P","feature_code":"PPL","country_code":"EE","cc2":"","admin1_code":"18","admin2_code":"0170","admin3_code":"","admin4_code":"","population":"5819","elevation":"","dem":"51","timezone":"Europe/Tallinn","modification_date":"2014-06-26"},{"geonameid":"587577","name":"Viljandi","asciiname":"Viljandi","alternatenames":["Felin","Fellin","Gorad Vil'jandzi","Vil'jandi","Vil'yandi","Vilande","Vilandi","Viljandi","Viljandis","Vilyandi","Vil’yandi","Vylande","Vylandė","Vīlande","Wiljandi","billyandi","fylyandy","viliandi","vu~iryandi","wei er yang di","wylyandy","Вильянди","Вилянди","Виљанди","Вільянді","Горад Вільяндзі","Վիլյանդի","ויליאנדי","فيلياندي","ویلیاندی","ვილიანდი","ヴィリャンディ","維爾揚迪","빌랸디"],"latitude":"58.36389","longitude":"25.59","feature_class":"P","feature_code":"PPLA","country_code":"EE","cc2":"","admin1_code":"20","admin2_code":"0897","admin3_code":"","admin4_code":"","population":"20309","elevation":"","dem":"82","timezone":"Europe/Tallinn","modification_date":"2012-01-17"},{"geonameid":"588335","name":"Tartu","asciiname":"Tartu","alternatenames":["Derpt","Dorpat","TAY","Tarbatum","Tartto","Tartu","Terbata","Tērbata","Yur'yev","Yurev","taleutu","taruto~u","trtw","Тарту","טרטו","ტარტუ","タルトゥ","타르투"],"latitude":"58.38062","longitude":"26.72509","feature_class":"P","feature_code":"PPLA","country_code":"EE","cc2":"","admin1_code":"18","admin2_code":"0795","admin3_code":"","admin4_code":"","population":"101092","elevation":"","dem":"39","timezone":"Europe/Tallinn","modification_date":"2013-02-22"},{"geonameid":"588409","name":"Tallinn","asciiname":"Tallinn","alternatenames":["Castrum Danorum","Gorad Talin","Kallinn","Kolyvan","Lindanaes","Lindanäs","Raeaeveli","Reval","Revel","Revel'","Rääveli","TLL","Taillinn","Talin","Talinas","Talini","Talino","Talins","Tallidn","Tallin","Tallin osh","Tallina","Tallinn","Tallinna","Talín","Tàllin","ta lin","talin","talina","tallin","tallina","tallyn","talyn","tarin","thallin n","Ταλίν","Ταλιν","Ταλλίν","Горад Талін","Талин","Таллин","Таллин ош","Таллинн","Таллінн","Տալլին","טאלין","تاللىن","تالين","تالین","تاڵین","ٹالن","तालिन","ताल्लिन","তাল্লিন","ਤਾਲਿਨ","தாலின்","ടാലിൻ","ทาลลินน์","ཏཱལ་་ལིན།","ტალინი","ታሊን","タリン","塔林","탈린"],"latitude":"59.43696","longitude":"24.75353","feature_class":"P","feature_code":"PPLC","country_code":"EE","cc2":"","admin1_code":"01","admin2_code":"0784","admin3_code":"","admin4_code":"","population":"394024","elevation":"","dem":"12","timezone":"Europe/Tallinn","modification_date":"2014-12-07"},{"geonameid":"588686","name":"Sillamäe","asciiname":"Sillamae","alternatenames":["Commune de Sillamaee","Commune de Sillamäe","Gorad Silamjaeh","Silamae","Silameje","Silamejė","Silamiaje","Silamiajė","Sillamae","Sillamaee","Sillamagi","Sillame","Sillamjae","Sillamyae","Sillamäe","Sillamē","Sillаmyae","Suvilad","shirramae","silamiae","sillamaee","sillamjae","sillamjaeh","sylamayh","xi la mai ai","Горад Сіламяэ","Силламяе","Силламяэ","Сиљамае","Сілламяе","Սիլլամյաե","سیلامائه","სილამიაე","シッラマエ","錫拉邁埃","실라매에"],"latitude":"59.39697","longitude":"27.76331","feature_class":"P","feature_code":"PPL","country_code":"EE","cc2":"","admin1_code":"03","admin2_code":"0735","admin3_code":"","admin4_code":"","population":"16672","elevation":"","dem":"23","timezone":"Europe/Tallinn","modification_date":"2013-10-04"},{"geonameid":"589165","name":"Rakvere","asciiname":"Rakvere","alternatenames":["Gorad Rakvereh","Rakvere","Rakvere_vald","Rakverė","Rakwere","Rаkvеrе","Vezenberg","Wesenberg","la ke wei lei","lakeubele","rakuvu~ere","rakwrh","Горад Ракверэ","Раквере","Ռակվեռե","راکوره","რაკვერე","ラクヴェレ","拉克韋雷","라크베레"],"latitude":"59.34639","longitude":"26.35583","feature_class":"P","feature_code":"PPLA","country_code":"EE","cc2":"","admin1_code":"08","admin2_code":"0663","admin3_code":"","admin4_code":"","population":"16736","elevation":"","dem":"84","timezone":"Europe/Tallinn","modification_date":"2012-01-17"},{"geonameid":"589580","name":"Pärnu","asciiname":"Parnu","alternatenames":["Paernu","Parnawa","Parnu","Pernau","Pernava","Pernavia","Pernov","Piarnu","Pjarnu","Pyaonu","Pyarnu","Pärnu","Pērnava","Пярну","პიარნუ"],"latitude":"58.38588","longitude":"24.49711","feature_class":"P","feature_code":"PPLA","country_code":"EE","cc2":"","admin1_code":"11","admin2_code":"0625","admin3_code":"","admin4_code":"","population":"44192","elevation":"","dem":"6","timezone":"Europe/Tallinn","modification_date":"2010-12-18"},{"geonameid":"590031","name":"Narva","asciiname":"Narva","alternatenames":["Gorad Narva","Naarva","Narv","Narva","Narvae","Narwa","Nаrvа","na er wa","naleuba","nar wa","narfa","naruvu~a","narva","narwa","nrbh","Νάρβα","Горад Нарва","Наарва","Нарвæ","Нарва","Նառվա","נרבה","نارفا","ناروا","นาร์วา","ნარვა","ナルヴァ","纳尔瓦","나르바"],"latitude":"59.37722","longitude":"28.19028","feature_class":"P","feature_code":"PPL","country_code":"EE","cc2":"","admin1_code":"03","admin2_code":"0511","admin3_code":"","admin4_code":"","population":"66980","elevation":"","dem":"30","timezone":"Europe/Tallinn","modification_date":"2012-01-17"},{"geonameid":"590447","name":"Maardu","asciiname":"Maardu","alternatenames":["Gorad Maardu","Maardu","Mardu","Mārdu","ma er du","maardu","maleudu","mardw","marudo~u","Горад Маарду","Маарду","Марду","Մաառդու","ماردو","მაარდუ","マールドゥ","馬爾杜","마르두"],"latitude":"59.47667","longitude":"25.025","feature_class":"P","feature_code":"PPL","country_code":"EE","cc2":"","admin1_code":"01","admin2_code":"0446","admin3_code":"","admin4_code":"","population":"16630","elevation":"","dem":"43","timezone":"Europe/Tallinn","modification_date":"2012-01-17"},{"geonameid":"591260","name":"Kohtla-Järve","asciiname":"Kohtla-Jarve","alternatenames":["Gorad Kokhtla-Jarveh","Jarve","Kochtel","Kohtla Jerve","Kohtla Jervė","Kohtla-Jaerve","Kohtla-Jaervi","Kohtla-Jarve","Kohtla-Jerve","Kohtla-Järve","Kohtla-Järvi","Kohtla-Yarve","Kohtla-Yerve","Kokhtla","Kokhtla-Jarve","Kokhtla-Yarve","Kotayarvi","Turpsal","Tyurpsal'","Tyurpsal’","Türpsal","ke he te la-ye er wei","kofutora=yaruvu~e","koheuteullayaeleube","kwtla-yarwh","kʼohtʼla-iarve","Горад Кохтла-Ярвэ","Кохтла-Јарве","Кохтла-Ярве","Կոհտլա-Յեռվե","کوتلا-یاروه","კოჰტლა-იარვე","コフトラ＝ヤルヴェ","科赫特拉-耶爾韋","코흐틀라얘르베"],"latitude":"59.39861","longitude":"27.27306","feature_class":"P","feature_code":"PPL","country_code":"EE","cc2":"","admin1_code":"03","admin2_code":"0322","admin3_code":"","admin4_code":"","population":"46060","elevation":"","dem":"66","timezone":"Europe/Tallinn","modification_date":"2012-01-17"}]}