{"country_data":{"ISO":"FK","ISO3":"FLK","ISO_Numeric":"238","fips":"FK","country":"Falkland Islands","capital":"Stanley","area":"12173","Population":"2638","Continent":"SA","tld":".fk","CurrencyCode":"FKP","CurrencyName":"Pound","Phone":"500","Postal_Code_Format":"","Postal_Code_Regex":"","Languages":"en-FK","geonameid":"3474414","neighbours":"","EquivalentFipsCode":""},"cities":[{"geonameid":"3426691","name":"Stanley","asciiname":"Stanley","alternatenames":["Gorad Port-Stehnli","Port Stanley","Port Stenli","Port Stenlis","Port-Stehnli","Port-Stenli","Puerto Archentinas/Stenlis","Puerto Argentino","Puerto Stanley","Stanlef","Stanlejo","Stanley","Stanley Harbour","Stehnli","Stenli","Stenlis","a gen ting gang","astnly  jzayr falklnd","asٹynlے  jzayr faklynڈ","porta stenli","seutaenli","stanly","stnly","sutanre","sutanri","Στάνλεϋ","Горад Порт-Стэнлі","Порт Стенли","Порт-Стенлі","Порт-Стэнли","Стэнли","Պորտ Սթենլի","סטנלי","استنلی، جزایر فالکلند","اسٹینلے، جزائر فاکلینڈ","ستانلي","पोर्ट स्टॅन्ली","സ്റ്റാൻലി","สแตนลีย์","スタンリー","スタンレー","阿根廷港","스탠리"],"latitude":"-51.7","longitude":"-57.85","feature_class":"P","feature_code":"PPLC","country_code":"FK","cc2":"","admin1_code":"00","admin2_code":"","admin3_code":"","admin4_code":"","population":"2213","elevation":"","dem":"43","timezone":"Atlantic/Stanley","modification_date":"2015-04-24"}]}