{"country_data":{"ISO":"FJ","ISO3":"FJI","ISO_Numeric":"242","fips":"FJ","country":"Fiji","capital":"Suva","area":"18270","Population":"875983","Continent":"OC","tld":".fj","CurrencyCode":"FJD","CurrencyName":"Dollar","Phone":"679","Postal_Code_Format":"","Postal_Code_Regex":"","Languages":"en-FJ,fj","geonameid":"2205218","neighbours":"","EquivalentFipsCode":""},"cities":[{"geonameid":"2198148","name":"Suva","asciiname":"Suva","alternatenames":["Gorad Suva","SUV","Souba","Souva","Sufa","Suva","Suva City","Suvae","Suvo","Suwa","cuva","su wa","suba","subha","suva","suwa","swbh","swfa","swwa","Σούβα","Горад Сува","Сувæ","Сува","Սուվա","סובה","سوفا","سووا","सुवा","সুভা","ਸੂਵਾ","சுவா","ซูวา","སུ་ཝ།","სუვა","ሱቫ","スバ","蘇瓦","수바"],"latitude":"-18.14161","longitude":"178.44149","feature_class":"P","feature_code":"PPLC","country_code":"FJ","cc2":"FJ","admin1_code":"01","admin2_code":"","admin3_code":"","admin4_code":"","population":"77366","elevation":"","dem":"57","timezone":"Pacific/Fiji","modification_date":"2010-05-30"},{"geonameid":"2202064","name":"Nadi","asciiname":"Nadi","alternatenames":["NAN","Nadi","Nandi","Нанди"],"latitude":"-17.8","longitude":"177.41667","feature_class":"P","feature_code":"PPL","country_code":"FJ","cc2":"FJ","admin1_code":"05","admin2_code":"","admin3_code":"","admin4_code":"","population":"42284","elevation":"","dem":"10","timezone":"Pacific/Fiji","modification_date":"2014-08-18"},{"geonameid":"2204417","name":"Levuka","asciiname":"Levuka","alternatenames":[""],"latitude":"-18.06667","longitude":"179.31667","feature_class":"P","feature_code":"PPLA","country_code":"FJ","cc2":"","admin1_code":"02","admin2_code":"","admin3_code":"","admin4_code":"","population":"8360","elevation":"","dem":"49","timezone":"Pacific/Fiji","modification_date":"2013-08-16"},{"geonameid":"2204506","name":"Lautoka","asciiname":"Lautoka","alternatenames":["Lautoka"],"latitude":"-17.61667","longitude":"177.46667","feature_class":"P","feature_code":"PPLA","country_code":"FJ","cc2":"","admin1_code":"05","admin2_code":"","admin3_code":"","admin4_code":"","population":"52500","elevation":"","dem":"23","timezone":"Pacific/Fiji","modification_date":"2012-06-28"},{"geonameid":"2204582","name":"Lambasa","asciiname":"Lambasa","alternatenames":["LBS","Labasa","Lambasa","Lambasa Mill","Lambase","Lambassa"],"latitude":"-16.41667","longitude":"179.38333","feature_class":"P","feature_code":"PPLA","country_code":"FJ","cc2":"","admin1_code":"03","admin2_code":"","admin3_code":"","admin4_code":"","population":"27949","elevation":"","dem":"16","timezone":"Pacific/Fiji","modification_date":"2013-07-07"},{"geonameid":"2205310","name":"Ahau","asciiname":"Ahau","alternatenames":[""],"latitude":"-12.5","longitude":"177.05","feature_class":"P","feature_code":"PPLA","country_code":"FJ","cc2":"","admin1_code":"04","admin2_code":"","admin3_code":"","admin4_code":"","population":"0","elevation":"","dem":"53","timezone":"Pacific/Fiji","modification_date":"2013-06-27"},{"geonameid":"8335413","name":"Ba","asciiname":"Ba","alternatenames":["Ba"],"latitude":"-17.5343","longitude":"177.67407","feature_class":"P","feature_code":"PPL","country_code":"FJ","cc2":"","admin1_code":"05","admin2_code":"","admin3_code":"","admin4_code":"","population":"14596","elevation":"","dem":"11","timezone":"Pacific/Fiji","modification_date":"2013-08-17"}]}