{"country_data":{"ISO":"GF","ISO3":"GUF","ISO_Numeric":"254","fips":"FG","country":"French Guiana","capital":"Cayenne","area":"91000","Population":"195506","Continent":"SA","tld":".gf","CurrencyCode":"EUR","CurrencyName":"Euro","Phone":"594","Postal_Code_Format":"#####","Postal_Code_Regex":"^((97|98)3\\d{2})$","Languages":"fr-GF","geonameid":"3381670","neighbours":"SR,BR","EquivalentFipsCode":""},"cities":[{"geonameid":"3380169","name":"Tonate","asciiname":"Tonate","alternatenames":["Tonale","Tonate"],"latitude":"5.01171","longitude":"-52.47241","feature_class":"P","feature_code":"PPLA3","country_code":"GF","cc2":"","admin1_code":"00","admin2_code":"","admin3_code":"","admin4_code":"","population":"0","elevation":"","dem":"27","timezone":"America/Cayenne","modification_date":"2015-07-03"},{"geonameid":"3380290","name":"Sinnamary","asciiname":"Sinnamary","alternatenames":["Sinamary","Sinnama","Sinnamari","Sinnamary"],"latitude":"5.37676","longitude":"-52.95679","feature_class":"P","feature_code":"PPLA3","country_code":"GF","cc2":"","admin1_code":"GF","admin2_code":"973","admin3_code":"9731","admin4_code":"97312","population":"3180","elevation":"","dem":"2","timezone":"America/Cayenne","modification_date":"2015-07-03"},{"geonameid":"3380387","name":"Saint-Laurent-du-Maroni","asciiname":"Saint-Laurent-du-Maroni","alternatenames":["Laurent","Maroni","Saint Laurent","Saint-Laurent-du-Maroni","Sainte Laurent","Sen Loran di Maroni","Sen Loren du Maroni","Sen-Loran-dju-Maroni","ma luo ni he pan sheng luo lang","san lwran dw marwny","san=roran=de~yu=maroni","sn lwran dw mrwny","Сен Лоран ди Марони","Сен-Лоран-дю-Марони","Сен-Лоран-дю-Мароні","سان لوران دو ماروني","سن لوران دو مرونی","サン＝ローラン＝デュ＝マロニ","马罗尼河畔圣洛朗"],"latitude":"5.50101","longitude":"-54.02941","feature_class":"P","feature_code":"PPLA2","country_code":"GF","cc2":"","admin1_code":"GF","admin2_code":"973","admin3_code":"9732","admin4_code":"97311","population":"24287","elevation":"","dem":"7","timezone":"America/Cayenne","modification_date":"2015-07-03"},{"geonameid":"3380402","name":"Saint-Georges-de-l'Oyapock","asciiname":"Saint-Georges-de-l'Oyapock","alternatenames":["Oyapock","Saint-Georges"],"latitude":"3.9","longitude":"-51.8","feature_class":"P","feature_code":"PPL","country_code":"GF","cc2":"","admin1_code":"GF","admin2_code":"973","admin3_code":"9731","admin4_code":"97308","population":"2742","elevation":"","dem":"11","timezone":"America/Cayenne","modification_date":"2013-03-15"},{"geonameid":"3380415","name":"Saint-Élie","asciiname":"Saint-Elie","alternatenames":["Saint-Elie","Saint-Élie","Sainte Elie","Sainte Élie"],"latitude":"4.82426","longitude":"-53.28821","feature_class":"P","feature_code":"PPLA3","country_code":"GF","cc2":"","admin1_code":"GF","admin2_code":"973","admin3_code":"9731","admin4_code":"97358","population":"0","elevation":"","dem":"80","timezone":"America/Cayenne","modification_date":"2015-07-03"},{"geonameid":"3380450","name":"Roura","asciiname":"Roura","alternatenames":["Roura"],"latitude":"4.72519","longitude":"-52.32616","feature_class":"P","feature_code":"PPLA3","country_code":"GF","cc2":"","admin1_code":"GF","admin2_code":"973","admin3_code":"9731","admin4_code":"97310","population":"2229","elevation":"","dem":"15","timezone":"America/Cayenne","modification_date":"2015-06-08"},{"geonameid":"3380520","name":"Rémire","asciiname":"Remire","alternatenames":["Ramire","Remire","Rémire","Rémiré"],"latitude":"4.88441","longitude":"-52.27868","feature_class":"P","feature_code":"PPLA3","country_code":"GF","cc2":"","admin1_code":"00","admin2_code":"","admin3_code":"","admin4_code":"","population":"0","elevation":"","dem":"17","timezone":"America/Cayenne","modification_date":"2015-06-08"},{"geonameid":"3380523","name":"Régina","asciiname":"Regina","alternatenames":["Regina","Régina"],"latitude":"4.313","longitude":"-52.13083","feature_class":"P","feature_code":"PPLA3","country_code":"GF","cc2":"","admin1_code":"GF","admin2_code":"973","admin3_code":"9731","admin4_code":"97301","population":"0","elevation":"","dem":"5","timezone":"America/Cayenne","modification_date":"2015-06-08"},{"geonameid":"3380796","name":"Ouanary","asciiname":"Ouanary","alternatenames":["Ouanary"],"latitude":"4.20869","longitude":"-51.67408","feature_class":"P","feature_code":"PPLA3","country_code":"GF","cc2":"","admin1_code":"GF","admin2_code":"973","admin3_code":"9731","admin4_code":"97314","population":"0","elevation":"","dem":"20","timezone":"America/Cayenne","modification_date":"2015-06-08"},{"geonameid":"3380892","name":"Rémire-Montjoly","asciiname":"Remire-Montjoly","alternatenames":["Montjoli"],"latitude":"4.91667","longitude":"-52.26667","feature_class":"P","feature_code":"PPL","country_code":"GF","cc2":"","admin1_code":"GF","admin2_code":"973","admin3_code":"9731","admin4_code":"97309","population":"19029","elevation":"","dem":"7","timezone":"America/Cayenne","modification_date":"2011-12-14"},{"geonameid":"3380965","name":"Matoury","asciiname":"Matoury","alternatenames":["Matoary","Matoury"],"latitude":"4.84872","longitude":"-52.32565","feature_class":"P","feature_code":"PPLA3","country_code":"GF","cc2":"","admin1_code":"GF","admin2_code":"973","admin3_code":"9731","admin4_code":"97307","population":"26350","elevation":"","dem":"8","timezone":"America/Cayenne","modification_date":"2015-06-08"},{"geonameid":"3381041","name":"Mana","asciiname":"Mana","alternatenames":["Mana"],"latitude":"5.66766","longitude":"-53.77828","feature_class":"P","feature_code":"PPLA3","country_code":"GF","cc2":"","admin1_code":"GF","admin2_code":"973","admin3_code":"9732","admin4_code":"97306","population":"5885","elevation":"","dem":"1","timezone":"America/Cayenne","modification_date":"2015-07-03"},{"geonameid":"3381117","name":"Macouria","asciiname":"Macouria","alternatenames":["Macouria"],"latitude":"4.91427","longitude":"-52.3642","feature_class":"P","feature_code":"PPL","country_code":"GF","cc2":"","admin1_code":"00","admin2_code":"","admin3_code":"","admin4_code":"","population":"8773","elevation":"","dem":"15","timezone":"America/Cayenne","modification_date":"2015-06-08"},{"geonameid":"3381303","name":"Kourou","asciiname":"Kourou","alternatenames":["Bourg de Kourou","Kouro","Kourou","Kur","Kuru","QKR","ku lu","kuru","kwrwa","Кур","Куру","كوروا","クールー","库鲁"],"latitude":"5.16281","longitude":"-52.64265","feature_class":"P","feature_code":"PPLA3","country_code":"GF","cc2":"","admin1_code":"GF","admin2_code":"973","admin3_code":"9731","admin4_code":"97304","population":"24029","elevation":"","dem":"1","timezone":"America/Cayenne","modification_date":"2015-07-03"},{"geonameid":"3381428","name":"Iracoubo","asciiname":"Iracoubo","alternatenames":["Iracoubo"],"latitude":"5.47871","longitude":"-53.20524","feature_class":"P","feature_code":"PPLA3","country_code":"GF","cc2":"","admin1_code":"GF","admin2_code":"973","admin3_code":"9731","admin4_code":"97303","population":"1536","elevation":"","dem":"1","timezone":"America/Cayenne","modification_date":"2015-07-03"},{"geonameid":"3381538","name":"Grand-Santi","asciiname":"Grand-Santi","alternatenames":["Grand-Santi"],"latitude":"4.25","longitude":"-54.38333","feature_class":"P","feature_code":"PPL","country_code":"GF","cc2":"","admin1_code":"GF","admin2_code":"973","admin3_code":"9732","admin4_code":"97357","population":"3941","elevation":"","dem":"60","timezone":"America/Cayenne","modification_date":"2012-01-18"},{"geonameid":"3382160","name":"Cayenne","asciiname":"Cayenne","alternatenames":["CAY","Caiena","Caienna","Cajen-a","Cajena","Cayena","Cayene","Cayenne","Gorad Kaena","Kaenna","Kagien","Kajen","Kajena","Kajenna","Kajennae","Kajeno","Kayen","Kayene","Kayenna","kai yun","kaien'nu","kaiyana","kayen","kayena","kayn","kayyn","Καγιέν","Горад Каена","Кайен","Кайеннæ","Кайенна","Каєнна","Кајена","Կայեննա","קאיין","كايين","کائین","کاین","कायेन","ਕੈਯਨ","กาแยน","კაიენა","カイエンヌ","開雲","카옌"],"latitude":"4.93333","longitude":"-52.33333","feature_class":"P","feature_code":"PPLC","country_code":"GF","cc2":"","admin1_code":"GF","admin2_code":"973","admin3_code":"9731","admin4_code":"97302","population":"61550","elevation":"","dem":"7","timezone":"America/Cayenne","modification_date":"2012-02-03"},{"geonameid":"3382226","name":"Camopi","asciiname":"Camopi","alternatenames":["Camopi"],"latitude":"3.16887","longitude":"-52.33525","feature_class":"P","feature_code":"PPL","country_code":"GF","cc2":"","admin1_code":"GF","admin2_code":"973","admin3_code":"9731","admin4_code":"97356","population":"1295","elevation":"","dem":"55","timezone":"America/Cayenne","modification_date":"2015-07-03"},{"geonameid":"3382527","name":"Apatou","asciiname":"Apatou","alternatenames":["Apatou"],"latitude":"5.15526","longitude":"-54.34311","feature_class":"P","feature_code":"PPL","country_code":"GF","cc2":"","admin1_code":"GF","admin2_code":"973","admin3_code":"9732","admin4_code":"97360","population":"4752","elevation":"","dem":"22","timezone":"America/Cayenne","modification_date":"2015-07-03"}]}