{"country_data":{"ISO":"TF","ISO3":"ATF","ISO_Numeric":"260","fips":"FS","country":"French Southern Territories","capital":"Port-aux-Francais","area":"7829","Population":"140","Continent":"AN","tld":".tf","CurrencyCode":"EUR","CurrencyName":"Euro  ","Phone":"","Postal_Code_Format":"","Postal_Code_Regex":"","Languages":"fr","geonameid":"1546748","neighbours":"","EquivalentFipsCode":""},"cities":[{"geonameid":"1546102","name":"Port-aux-Français","asciiname":"Port-aux-Francais","alternatenames":["Port o Franse","Port o Fransė","Port-o-Franse","Port-o-Franseh","Portofranse","Portofransē","fa lan xi gang","porutofuranse","Порт-о-Франсе","Порт-о-Франсэ","ปอโรฟร็องแซ","ポルトーフランセ","法兰西港"],"latitude":"-49.35","longitude":"70.21667","feature_class":"P","feature_code":"PPLC","country_code":"TF","cc2":"","admin1_code":"03","admin2_code":"","admin3_code":"","admin4_code":"","population":"45","elevation":"","dem":"7","timezone":"Indian/Kerguelen","modification_date":"2010-08-06"},{"geonameid":"1546102","name":"Port-aux-Français","asciiname":"Port-aux-Francais","alternatenames":["Port o Franse","Port o Fransė","Port-o-Franse","Port-o-Franseh","Portofranse","Portofransē","fa lan xi gang","porutofuranse","Порт-о-Франсе","Порт-о-Франсэ","ปอโรฟร็องแซ","ポルトーフランセ","法兰西港"],"latitude":"-49.35","longitude":"70.21667","feature_class":"P","feature_code":"PPLC","country_code":"TF","cc2":"","admin1_code":"03","admin2_code":"","admin3_code":"","admin4_code":"","population":"45","elevation":"","dem":"7","timezone":"Indian/Kerguelen","modification_date":"2010-08-06"},{"geonameid":"1546102","name":"Port-aux-Français","asciiname":"Port-aux-Francais","alternatenames":["Port o Franse","Port o Fransė","Port-o-Franse","Port-o-Franseh","Portofranse","Portofransē","fa lan xi gang","porutofuranse","Порт-о-Франсе","Порт-о-Франсэ","ปอโรฟร็องแซ","ポルトーフランセ","法兰西港"],"latitude":"-49.35","longitude":"70.21667","feature_class":"P","feature_code":"PPLC","country_code":"TF","cc2":"","admin1_code":"03","admin2_code":"","admin3_code":"","admin4_code":"","population":"45","elevation":"","dem":"7","timezone":"Indian/Kerguelen","modification_date":"2010-08-06"}]}