{"country_data":{"ISO":"GH","ISO3":"GHA","ISO_Numeric":"288","fips":"GH","country":"Ghana","capital":"Accra","area":"239460","Population":"24339838","Continent":"AF","tld":".gh","CurrencyCode":"GHS","CurrencyName":"Cedi","Phone":"233","Postal_Code_Format":"","Postal_Code_Regex":"","Languages":"en-GH,ak,ee,tw","geonameid":"2300660","neighbours":"CI,TG,BF","EquivalentFipsCode":""},"cities":[{"geonameid":"2293801","name":"Yendi","asciiname":"Yendi","alternatenames":["Jendi","Yendi"],"latitude":"9.44272","longitude":"-0.00991","feature_class":"P","feature_code":"PPL","country_code":"GH","cc2":"","admin1_code":"06","admin2_code":"7649072","admin3_code":"","admin4_code":"","population":"42972","elevation":"","dem":"208","timezone":"Africa/Accra","modification_date":"2013-07-22"},{"geonameid":"2294034","name":"Winneba","asciiname":"Winneba","alternatenames":["Simpa","Vinnebe","Winneba","Winnebah","Виннебе"],"latitude":"5.35113","longitude":"-0.62313","feature_class":"P","feature_code":"PPL","country_code":"GH","cc2":"","admin1_code":"04","admin2_code":"","admin3_code":"","admin4_code":"","population":"44254","elevation":"","dem":"25","timezone":"Africa/Accra","modification_date":"2013-07-22"},{"geonameid":"2294086","name":"Wenchi","asciiname":"Wenchi","alternatenames":["Wenchi"],"latitude":"7.73916","longitude":"-2.10456","feature_class":"P","feature_code":"PPL","country_code":"GH","cc2":"","admin1_code":"03","admin2_code":"","admin3_code":"","admin4_code":"","population":"31411","elevation":"","dem":"308","timezone":"Africa/Accra","modification_date":"2013-07-22"},{"geonameid":"2294206","name":"Wa","asciiname":"Wa","alternatenames":["Va","Wa","Ва"],"latitude":"10.06069","longitude":"-2.50192","feature_class":"P","feature_code":"PPLA","country_code":"GH","cc2":"","admin1_code":"11","admin2_code":"","admin3_code":"","admin4_code":"","population":"78107","elevation":"","dem":"326","timezone":"Africa/Accra","modification_date":"2012-01-18"},{"geonameid":"2294665","name":"Teshi Old Town","asciiname":"Teshi Old Town","alternatenames":["Tassi","Teshhi","Teshi Old Town","Teshie","Тещи"],"latitude":"5.58365","longitude":"-0.10722","feature_class":"P","feature_code":"PPLX","country_code":"GH","cc2":"","admin1_code":"01","admin2_code":"","admin3_code":"","admin4_code":"","population":"144013","elevation":"","dem":"13","timezone":"Africa/Accra","modification_date":"2013-02-08"},{"geonameid":"2294700","name":"Tema","asciiname":"Tema","alternatenames":["Tema","Temma","Toma","te ma","tema","Тема","テマ","特马","테마"],"latitude":"5.6698","longitude":"-0.01657","feature_class":"P","feature_code":"PPL","country_code":"GH","cc2":"","admin1_code":"01","admin2_code":"","admin3_code":"","admin4_code":"","population":"155782","elevation":"","dem":"27","timezone":"Africa/Accra","modification_date":"2013-07-22"},{"geonameid":"2294727","name":"Techiman","asciiname":"Techiman","alternatenames":["Takyiman","Techiman","Tekyiman","Tekyiman-Brong"],"latitude":"7.58617","longitude":"-1.94137","feature_class":"P","feature_code":"PPL","country_code":"GH","cc2":"","admin1_code":"03","admin2_code":"","admin3_code":"","admin4_code":"","population":"69720","elevation":"","dem":"398","timezone":"Africa/Accra","modification_date":"2013-07-22"},{"geonameid":"2294768","name":"Tarkwa","asciiname":"Tarkwa","alternatenames":["Tarkwa","Tarquah"],"latitude":"5.30644","longitude":"-1.98474","feature_class":"P","feature_code":"PPL","country_code":"GH","cc2":"","admin1_code":"09","admin2_code":"","admin3_code":"","admin4_code":"","population":"34941","elevation":"","dem":"86","timezone":"Africa/Accra","modification_date":"2013-10-29"},{"geonameid":"2294877","name":"Tamale","asciiname":"Tamale","alternatenames":["TML","Tamale","Тамале"],"latitude":"9.40079","longitude":"-0.8393","feature_class":"P","feature_code":"PPLA","country_code":"GH","cc2":"","admin1_code":"06","admin2_code":"","admin3_code":"","admin4_code":"","population":"360579","elevation":"","dem":"196","timezone":"Africa/Accra","modification_date":"2012-01-18"},{"geonameid":"2294915","name":"Takoradi","asciiname":"Takoradi","alternatenames":["TKD","Takoradi"],"latitude":"4.88447","longitude":"-1.75536","feature_class":"P","feature_code":"PPL","country_code":"GH","cc2":"","admin1_code":"09","admin2_code":"","admin3_code":"","admin4_code":"","population":"232919","elevation":"","dem":"22","timezone":"Africa/Accra","modification_date":"2013-07-22"},{"geonameid":"2294938","name":"Tafo","asciiname":"Tafo","alternatenames":["Old Tafo","Tafo"],"latitude":"6.73453","longitude":"-1.61275","feature_class":"P","feature_code":"PPL","country_code":"GH","cc2":"","admin1_code":"02","admin2_code":"","admin3_code":"","admin4_code":"","population":"50457","elevation":"","dem":"291","timezone":"Africa/Accra","modification_date":"2013-07-22"},{"geonameid":"2294962","name":"Swedru","asciiname":"Swedru","alternatenames":["Agona","Agona Swedru","Jwewuhu","Swedru"],"latitude":"5.53711","longitude":"-0.69984","feature_class":"P","feature_code":"PPL","country_code":"GH","cc2":"","admin1_code":"04","admin2_code":"","admin3_code":"","admin4_code":"","population":"50293","elevation":"","dem":"74","timezone":"Africa/Accra","modification_date":"2013-07-22"},{"geonameid":"2295021","name":"Sunyani","asciiname":"Sunyani","alternatenames":["NYI","Sunyani"],"latitude":"7.33991","longitude":"-2.32676","feature_class":"P","feature_code":"PPLA","country_code":"GH","cc2":"","admin1_code":"03","admin2_code":"","admin3_code":"","admin4_code":"","population":"70299","elevation":"","dem":"298","timezone":"Africa/Accra","modification_date":"2012-01-18"},{"geonameid":"2295065","name":"Suhum","asciiname":"Suhum","alternatenames":["Suhum"],"latitude":"6.04089","longitude":"-0.45004","feature_class":"P","feature_code":"PPL","country_code":"GH","cc2":"","admin1_code":"05","admin2_code":"","admin3_code":"","admin4_code":"","population":"49398","elevation":"","dem":"182","timezone":"Africa/Accra","modification_date":"2013-10-29"},{"geonameid":"2295385","name":"Shama Junction","asciiname":"Shama Junction","alternatenames":["Shama","Shama Junction"],"latitude":"5.00872","longitude":"-1.63011","feature_class":"P","feature_code":"PPL","country_code":"GH","cc2":"","admin1_code":"09","admin2_code":"","admin3_code":"","admin4_code":"","population":"20946","elevation":"","dem":"12","timezone":"Africa/Accra","modification_date":"2013-11-08"},{"geonameid":"2295458","name":"Sekondi-Takoradi","asciiname":"Sekondi-Takoradi","alternatenames":["Gorad Sekandy-Takarady","Sekondi","Sekondi Takoradi","Sekondi-Takoradi","Sekondis-Takoradis","Sékondi","se kan di-ta ko ra di","sekonditakoladi","sqwndy-tqwrdy","Горад Секанды-Такарады","Секонди","Секонди Такоради","Секонди-Такоради","Секонді-Такораді","סקונדי-טקורדי","เซกันดี-ตาโกราดี","セコンディ・タコラディ","塞康第─塔科拉迪","세콘디타코라디"],"latitude":"4.934","longitude":"-1.7137","feature_class":"P","feature_code":"PPLA","country_code":"GH","cc2":"","admin1_code":"09","admin2_code":"","admin3_code":"","admin4_code":"","population":"138872","elevation":"","dem":"10","timezone":"Africa/Accra","modification_date":"2012-06-05"},{"geonameid":"2295517","name":"Savelugu","asciiname":"Savelugu","alternatenames":["Saveluga","Savelugu"],"latitude":"9.62441","longitude":"-0.8253","feature_class":"P","feature_code":"PPL","country_code":"GH","cc2":"","admin1_code":"06","admin2_code":"","admin3_code":"","admin4_code":"","population":"29310","elevation":"","dem":"169","timezone":"Africa/Accra","modification_date":"2012-01-18"},{"geonameid":"2295672","name":"Saltpond","asciiname":"Saltpond","alternatenames":["Achimfu","Saltpond"],"latitude":"5.20913","longitude":"-1.06058","feature_class":"P","feature_code":"PPL","country_code":"GH","cc2":"","admin1_code":"04","admin2_code":"","admin3_code":"","admin4_code":"","population":"24689","elevation":"","dem":"14","timezone":"Africa/Accra","modification_date":"2013-10-30"},{"geonameid":"2295684","name":"Salaga","asciiname":"Salaga","alternatenames":["Salaga"],"latitude":"8.55083","longitude":"-0.51875","feature_class":"P","feature_code":"PPL","country_code":"GH","cc2":"","admin1_code":"06","admin2_code":"","admin3_code":"","admin4_code":"","population":"25472","elevation":"","dem":"163","timezone":"Africa/Accra","modification_date":"2013-10-30"},{"geonameid":"2295840","name":"Prestea","asciiname":"Prestea","alternatenames":["Esamang","Prestea"],"latitude":"5.43274","longitude":"-2.14284","feature_class":"P","feature_code":"PPL","country_code":"GH","cc2":"","admin1_code":"09","admin2_code":"","admin3_code":"","admin4_code":"","population":"35155","elevation":"","dem":"59","timezone":"Africa/Accra","modification_date":"2013-10-29"},{"geonameid":"2296458","name":"Kasoa","asciiname":"Kasoa","alternatenames":["Kasoa","Oduponkpehe"],"latitude":"5.53449","longitude":"-0.41679","feature_class":"P","feature_code":"PPL","country_code":"GH","cc2":"","admin1_code":"04","admin2_code":"","admin3_code":"","admin4_code":"","population":"44227","elevation":"","dem":"18","timezone":"Africa/Accra","modification_date":"2013-10-29"},{"geonameid":"2296564","name":"Akim Oda","asciiname":"Akim Oda","alternatenames":["Akim Oda","Insuaim","Nsuaem","Oda","Ода"],"latitude":"5.92665","longitude":"-0.98577","feature_class":"P","feature_code":"PPL","country_code":"GH","cc2":"","admin1_code":"05","admin2_code":"","admin3_code":"","admin4_code":"","population":"60604","elevation":"","dem":"132","timezone":"Africa/Accra","modification_date":"2013-10-29"},{"geonameid":"2296606","name":"Obuasi","asciiname":"Obuasi","alternatenames":["Oboase","Obuasi","Obuassi"],"latitude":"6.20602","longitude":"-1.66191","feature_class":"P","feature_code":"PPL","country_code":"GH","cc2":"","admin1_code":"02","admin2_code":"","admin3_code":"","admin4_code":"","population":"137856","elevation":"","dem":"233","timezone":"Africa/Accra","modification_date":"2013-07-22"},{"geonameid":"2296969","name":"Nungua","asciiname":"Nungua","alternatenames":["Nungoa","Nungua","Nungwa"],"latitude":"5.60105","longitude":"-0.07713","feature_class":"P","feature_code":"PPLX","country_code":"GH","cc2":"","admin1_code":"01","admin2_code":"","admin3_code":"","admin4_code":"","population":"70483","elevation":"","dem":"28","timezone":"Africa/Accra","modification_date":"2013-02-08"},{"geonameid":"2297141","name":"Nsawam","asciiname":"Nsawam","alternatenames":["Nsawam"],"latitude":"5.80893","longitude":"-0.35026","feature_class":"P","feature_code":"PPL","country_code":"GH","cc2":"","admin1_code":"05","admin2_code":"","admin3_code":"","admin4_code":"","population":"44522","elevation":"","dem":"61","timezone":"Africa/Accra","modification_date":"2013-10-29"},{"geonameid":"2297313","name":"Nkawkaw","asciiname":"Nkawkaw","alternatenames":["Nkawkaw","Nkokoo"],"latitude":"6.55121","longitude":"-0.7662","feature_class":"P","feature_code":"PPL","country_code":"GH","cc2":"","admin1_code":"05","admin2_code":"","admin3_code":"","admin4_code":"","population":"61785","elevation":"","dem":"236","timezone":"Africa/Accra","modification_date":"2013-10-29"},{"geonameid":"2297505","name":"Navrongo","asciiname":"Navrongo","alternatenames":["Navrongo"],"latitude":"10.89557","longitude":"-1.0921","feature_class":"P","feature_code":"PPL","country_code":"GH","cc2":"","admin1_code":"10","admin2_code":"","admin3_code":"","admin4_code":"","population":"25470","elevation":"","dem":"198","timezone":"Africa/Accra","modification_date":"2012-01-18"},{"geonameid":"2297810","name":"Mumford","asciiname":"Mumford","alternatenames":["Gamma","Gammah","Jumba","Mumford","Mumfort"],"latitude":"5.26176","longitude":"-0.75897","feature_class":"P","feature_code":"PPL","country_code":"GH","cc2":"","admin1_code":"04","admin2_code":"7648983","admin3_code":"","admin4_code":"","population":"13983","elevation":"","dem":"33","timezone":"Africa/Accra","modification_date":"2014-01-24"},{"geonameid":"2297834","name":"Mpraeso","asciiname":"Mpraeso","alternatenames":["Mpraeso"],"latitude":"6.59321","longitude":"-0.73462","feature_class":"P","feature_code":"PPL","country_code":"GH","cc2":"","admin1_code":"00","admin2_code":"","admin3_code":"","admin4_code":"","population":"9007","elevation":"","dem":"477","timezone":"Africa/Accra","modification_date":"2012-02-02"},{"geonameid":"2298264","name":"Mampong","asciiname":"Mampong","alternatenames":["Mampon","Mampon Asante","Mampong"],"latitude":"7.06273","longitude":"-1.4001","feature_class":"P","feature_code":"PPL","country_code":"GH","cc2":"","admin1_code":"02","admin2_code":"","admin3_code":"","admin4_code":"","population":"42037","elevation":"","dem":"395","timezone":"Africa/Accra","modification_date":"2013-10-29"},{"geonameid":"2298330","name":"Medina Estates","asciiname":"Medina Estates","alternatenames":["Madina","Medina Estates"],"latitude":"5.6658","longitude":"-0.16307","feature_class":"P","feature_code":"PPL","country_code":"GH","cc2":"","admin1_code":"01","admin2_code":"","admin3_code":"","admin4_code":"","population":"101207","elevation":"","dem":"86","timezone":"Africa/Accra","modification_date":"2013-02-08"},{"geonameid":"2298890","name":"Kumasi","asciiname":"Kumasi","alternatenames":["Coomassie","Gorad Kumasi","KMS","Kumase","Kumasi","Kumasis","Kumassi","ku ma xi","kumashi","kumasi","kwmasy","Горад Кумасі","Кумаси","Кумасі","Կումասի","كوماسي","ਕੁਮਾਸੀ","クマシ","库马西","쿠마시"],"latitude":"6.68848","longitude":"-1.62443","feature_class":"P","feature_code":"PPLA","country_code":"GH","cc2":"","admin1_code":"02","admin2_code":"","admin3_code":"","admin4_code":"","population":"1468609","elevation":"","dem":"270","timezone":"Africa/Accra","modification_date":"2011-11-01"},{"geonameid":"2299233","name":"Kpandu","asciiname":"Kpandu","alternatenames":["Gabi","Kpando","Kpandu","Tsakpe"],"latitude":"6.99536","longitude":"0.29306","feature_class":"P","feature_code":"PPL","country_code":"GH","cc2":"","admin1_code":"08","admin2_code":"","admin3_code":"","admin4_code":"","population":"28334","elevation":"","dem":"153","timezone":"Africa/Accra","modification_date":"2013-10-30"},{"geonameid":"2299236","name":"Kpandae","asciiname":"Kpandae","alternatenames":["Kpandae","Kpandai"],"latitude":"8.46885","longitude":"-0.01127","feature_class":"P","feature_code":"PPL","country_code":"GH","cc2":"","admin1_code":"00","admin2_code":"","admin3_code":"","admin4_code":"","population":"8652","elevation":"","dem":"183","timezone":"Africa/Accra","modification_date":"2012-01-18"},{"geonameid":"2299349","name":"Konongo","asciiname":"Konongo","alternatenames":["Konongo","Konongo-Odumase"],"latitude":"6.61667","longitude":"-1.21667","feature_class":"P","feature_code":"PPL","country_code":"GH","cc2":"","admin1_code":"02","admin2_code":"","admin3_code":"","admin4_code":"","population":"41238","elevation":"","dem":"230","timezone":"Africa/Accra","modification_date":"2013-10-29"},{"geonameid":"2299522","name":"Koforidua","asciiname":"Koforidua","alternatenames":["Koforidua","Кофоридуа"],"latitude":"6.09408","longitude":"-0.25913","feature_class":"P","feature_code":"PPLA","country_code":"GH","cc2":"","admin1_code":"05","admin2_code":"","admin3_code":"","admin4_code":"","population":"96266","elevation":"","dem":"172","timezone":"Africa/Accra","modification_date":"2012-01-18"},{"geonameid":"2299625","name":"Kintampo","asciiname":"Kintampo","alternatenames":["Kintampo"],"latitude":"8.05627","longitude":"-1.73058","feature_class":"P","feature_code":"PPL","country_code":"GH","cc2":"","admin1_code":"03","admin2_code":"","admin3_code":"","admin4_code":"","population":"47185","elevation":"","dem":"343","timezone":"Africa/Accra","modification_date":"2013-10-30"},{"geonameid":"2299636","name":"Kibi","asciiname":"Kibi","alternatenames":["Kibbi","Kibi","Kyebi"],"latitude":"6.16494","longitude":"-0.55376","feature_class":"P","feature_code":"PPL","country_code":"GH","cc2":"","admin1_code":"00","admin2_code":"","admin3_code":"","admin4_code":"","population":"9399","elevation":"","dem":"318","timezone":"Africa/Accra","modification_date":"2012-01-18"},{"geonameid":"2299642","name":"Kete Krachi","asciiname":"Kete Krachi","alternatenames":["Kete Krachi","Kete Krakye","Kete-Kratschi","Kete-Ktachi","Krachi","Krete Kratschi"],"latitude":"7.79391","longitude":"-0.0498","feature_class":"P","feature_code":"PPL","country_code":"GH","cc2":"","admin1_code":"00","admin2_code":"","admin3_code":"","admin4_code":"","population":"9182","elevation":"","dem":"117","timezone":"Africa/Accra","modification_date":"2012-01-18"},{"geonameid":"2299645","name":"Keta","asciiname":"Keta","alternatenames":["Keta","Kitta","Kwitta","Quittah"],"latitude":"5.91793","longitude":"0.98789","feature_class":"P","feature_code":"PPL","country_code":"GH","cc2":"","admin1_code":"08","admin2_code":"","admin3_code":"","admin4_code":"","population":"18077","elevation":"","dem":"0","timezone":"Africa/Accra","modification_date":"2013-04-29"},{"geonameid":"2300372","name":"Hohoe","asciiname":"Hohoe","alternatenames":["Chochoe","Chokhoe","Hohoe","Khokhoe"],"latitude":"7.15181","longitude":"0.47362","feature_class":"P","feature_code":"PPL","country_code":"GH","cc2":"","admin1_code":"08","admin2_code":"","admin3_code":"","admin4_code":"","population":"56202","elevation":"","dem":"173","timezone":"Africa/Accra","modification_date":"2013-10-29"},{"geonameid":"2300379","name":"Ho","asciiname":"Ho","alternatenames":["Ho","Hohoe","Kho","Хо"],"latitude":"6.60084","longitude":"0.4713","feature_class":"P","feature_code":"PPLA","country_code":"GH","cc2":"","admin1_code":"08","admin2_code":"","admin3_code":"","admin4_code":"","population":"69998","elevation":"","dem":"171","timezone":"Africa/Accra","modification_date":"2012-06-05"},{"geonameid":"2300721","name":"Gbawe","asciiname":"Gbawe","alternatenames":["Gbawe"],"latitude":"5.57714","longitude":"-0.31035","feature_class":"P","feature_code":"PPL","country_code":"GH","cc2":"","admin1_code":"01","admin2_code":"","admin3_code":"","admin4_code":"","population":"44645","elevation":"","dem":"31","timezone":"Africa/Accra","modification_date":"2013-04-03"},{"geonameid":"2300883","name":"Foso","asciiname":"Foso","alternatenames":["Foso"],"latitude":"5.70119","longitude":"-1.28657","feature_class":"P","feature_code":"PPL","country_code":"GH","cc2":"","admin1_code":"04","admin2_code":"","admin3_code":"","admin4_code":"","population":"20078","elevation":"","dem":"148","timezone":"Africa/Accra","modification_date":"2013-10-30"},{"geonameid":"2301190","name":"Elmina","asciiname":"Elmina","alternatenames":["Dena","Edina","Ehlmina","Elmina","Saint George Del Mina","Sao Jorge da Mina","São Jorge da Mina","Элмина"],"latitude":"5.0847","longitude":"-1.35093","feature_class":"P","feature_code":"PPL","country_code":"GH","cc2":"","admin1_code":"04","admin2_code":"","admin3_code":"","admin4_code":"","population":"25560","elevation":"","dem":"21","timezone":"Africa/Accra","modification_date":"2014-04-09"},{"geonameid":"2301217","name":"Ejura","asciiname":"Ejura","alternatenames":["Ejura"],"latitude":"7.38558","longitude":"-1.35617","feature_class":"P","feature_code":"PPL","country_code":"GH","cc2":"","admin1_code":"02","admin2_code":"","admin3_code":"","admin4_code":"","population":"70807","elevation":"","dem":"224","timezone":"Africa/Accra","modification_date":"2013-10-29"},{"geonameid":"2301400","name":"Dunkwa","asciiname":"Dunkwa","alternatenames":["Dunkwa"],"latitude":"5.96562","longitude":"-1.77995","feature_class":"P","feature_code":"PPL","country_code":"GH","cc2":"","admin1_code":"04","admin2_code":"","admin3_code":"","admin4_code":"","population":"33379","elevation":"","dem":"136","timezone":"Africa/Accra","modification_date":"2013-11-08"},{"geonameid":"2301464","name":"Duayaw Nkwanta","asciiname":"Duayaw Nkwanta","alternatenames":["Duayaw Nkwanta","Nkwanta"],"latitude":"7.17242","longitude":"-2.10281","feature_class":"P","feature_code":"PPL","country_code":"GH","cc2":"","admin1_code":"00","admin2_code":"","admin3_code":"","admin4_code":"","population":"14227","elevation":"","dem":"331","timezone":"Africa/Accra","modification_date":"2012-01-18"},{"geonameid":"2301639","name":"Dome","asciiname":"Dome","alternatenames":["Dam","Dom","Dome","Дом"],"latitude":"5.65003","longitude":"-0.2361","feature_class":"P","feature_code":"PPL","country_code":"GH","cc2":"","admin1_code":"01","admin2_code":"","admin3_code":"","admin4_code":"","population":"47260","elevation":"","dem":"35","timezone":"Africa/Accra","modification_date":"2013-02-08"},{"geonameid":"2302357","name":"Cape Coast","asciiname":"Cape Coast","alternatenames":["Cabo Corso","Cape Coast","Cape Coast Castle","Igua Ogwa","Keip Kostas","Kejp-Kost","Ogwa","hai an jiao","keipeukoseuteu","Кейп-Кост","ケープ・コースト","海岸角","케이프코스트"],"latitude":"5.10535","longitude":"-1.2466","feature_class":"P","feature_code":"PPLA","country_code":"GH","cc2":"","admin1_code":"04","admin2_code":"","admin3_code":"","admin4_code":"","population":"143015","elevation":"","dem":"21","timezone":"Africa/Accra","modification_date":"2011-02-04"},{"geonameid":"2302821","name":"Bolgatanga","asciiname":"Bolgatanga","alternatenames":["Bolagatanga","Bolgatanga","Bolgatange","Болгатанге"],"latitude":"10.78556","longitude":"-0.85139","feature_class":"P","feature_code":"PPLA","country_code":"GH","cc2":"","admin1_code":"10","admin2_code":"","admin3_code":"","admin4_code":"","population":"54430","elevation":"","dem":"191","timezone":"Africa/Accra","modification_date":"2012-01-18"},{"geonameid":"2303060","name":"Bibiani","asciiname":"Bibiani","alternatenames":["Babianeha","Bebiani","Bebianiha","Bibiani"],"latitude":"6.46346","longitude":"-2.31938","feature_class":"P","feature_code":"PPL","country_code":"GH","cc2":"","admin1_code":"09","admin2_code":"","admin3_code":"","admin4_code":"","population":"19076","elevation":"","dem":"223","timezone":"Africa/Accra","modification_date":"2013-10-30"},{"geonameid":"2303125","name":"Berekum","asciiname":"Berekum","alternatenames":["Berekum"],"latitude":"7.4534","longitude":"-2.58404","feature_class":"P","feature_code":"PPL","country_code":"GH","cc2":"","admin1_code":"03","admin2_code":"","admin3_code":"","admin4_code":"","population":"62364","elevation":"","dem":"330","timezone":"Africa/Accra","modification_date":"2013-10-29"},{"geonameid":"2303224","name":"Bekwai","asciiname":"Bekwai","alternatenames":["Bekawi","Bekwai"],"latitude":"6.45335","longitude":"-1.57741","feature_class":"P","feature_code":"PPL","country_code":"GH","cc2":"","admin1_code":"00","admin2_code":"","admin3_code":"","admin4_code":"","population":"4260","elevation":"","dem":"231","timezone":"Africa/Accra","modification_date":"2012-01-18"},{"geonameid":"2303236","name":"Begoro","asciiname":"Begoro","alternatenames":["Begoro"],"latitude":"6.38706","longitude":"-0.37738","feature_class":"P","feature_code":"PPL","country_code":"GH","cc2":"","admin1_code":"05","admin2_code":"","admin3_code":"","admin4_code":"","population":"29516","elevation":"","dem":"460","timezone":"Africa/Accra","modification_date":"2013-10-30"},{"geonameid":"2303258","name":"Bechem","asciiname":"Bechem","alternatenames":["Bechem"],"latitude":"7.09034","longitude":"-2.02498","feature_class":"P","feature_code":"PPL","country_code":"GH","cc2":"","admin1_code":"00","admin2_code":"","admin3_code":"","admin4_code":"","population":"14391","elevation":"","dem":"296","timezone":"Africa/Accra","modification_date":"2012-05-05"},{"geonameid":"2303287","name":"Bawku","asciiname":"Bawku","alternatenames":["Bawku"],"latitude":"11.0616","longitude":"-0.24169","feature_class":"P","feature_code":"PPL","country_code":"GH","cc2":"","admin1_code":"10","admin2_code":"","admin3_code":"","admin4_code":"","population":"56830","elevation":"","dem":"252","timezone":"Africa/Accra","modification_date":"2012-01-18"},{"geonameid":"2303611","name":"Axim","asciiname":"Axim","alternatenames":["Axim"],"latitude":"4.86992","longitude":"-2.24046","feature_class":"P","feature_code":"PPL","country_code":"GH","cc2":"","admin1_code":"09","admin2_code":"","admin3_code":"","admin4_code":"","population":"24500","elevation":"","dem":"15","timezone":"Africa/Accra","modification_date":"2012-01-18"},{"geonameid":"2304220","name":"Asamankese","asciiname":"Asamankese","alternatenames":["Asamankese"],"latitude":"5.86006","longitude":"-0.6635","feature_class":"P","feature_code":"PPL","country_code":"GH","cc2":"","admin1_code":"05","admin2_code":"","admin3_code":"","admin4_code":"","population":"39435","elevation":"","dem":"147","timezone":"Africa/Accra","modification_date":"2013-11-08"},{"geonameid":"2304389","name":"Apam","asciiname":"Apam","alternatenames":["Apam","Appam","Апам"],"latitude":"5.28483","longitude":"-0.73711","feature_class":"P","feature_code":"PPL","country_code":"GH","cc2":"","admin1_code":"04","admin2_code":"","admin3_code":"","admin4_code":"","population":"20147","elevation":"","dem":"12","timezone":"Africa/Accra","modification_date":"2013-10-30"},{"geonameid":"2304548","name":"Anloga","asciiname":"Anloga","alternatenames":["Anloga","Awunaga"],"latitude":"5.79473","longitude":"0.89728","feature_class":"P","feature_code":"PPL","country_code":"GH","cc2":"","admin1_code":"08","admin2_code":"","admin3_code":"","admin4_code":"","population":"29748","elevation":"","dem":"6","timezone":"Africa/Accra","modification_date":"2013-07-22"},{"geonameid":"2304931","name":"Akwatia","asciiname":"Akwatia","alternatenames":["Akwatia"],"latitude":"6.04024","longitude":"-0.80876","feature_class":"P","feature_code":"PPL","country_code":"GH","cc2":"","admin1_code":"05","admin2_code":"","admin3_code":"","admin4_code":"","population":"23766","elevation":"","dem":"138","timezone":"Africa/Accra","modification_date":"2013-10-30"},{"geonameid":"2305027","name":"Akropong","asciiname":"Akropong","alternatenames":["Akropong","Akropong-Akwapim","Akuropon"],"latitude":"5.97462","longitude":"-0.08542","feature_class":"P","feature_code":"PPL","country_code":"GH","cc2":"","admin1_code":"00","admin2_code":"","admin3_code":"","admin4_code":"","population":"11096","elevation":"","dem":"454","timezone":"Africa/Accra","modification_date":"2012-01-18"},{"geonameid":"2305164","name":"Akim Swedru","asciiname":"Akim Swedru","alternatenames":["Akim Swedru"],"latitude":"5.8938","longitude":"-1.01636","feature_class":"P","feature_code":"PPL","country_code":"GH","cc2":"","admin1_code":"00","admin2_code":"","admin3_code":"","admin4_code":"","population":"8355","elevation":"","dem":"140","timezone":"Africa/Accra","modification_date":"2012-02-02"},{"geonameid":"2305537","name":"Agogo","asciiname":"Agogo","alternatenames":["Agogo"],"latitude":"6.80004","longitude":"-1.08193","feature_class":"P","feature_code":"PPL","country_code":"GH","cc2":"","admin1_code":"02","admin2_code":"","admin3_code":"","admin4_code":"","population":"31554","elevation":"","dem":"418","timezone":"Africa/Accra","modification_date":"2013-10-29"},{"geonameid":"2306079","name":"Achiaman","asciiname":"Achiaman","alternatenames":[""],"latitude":"5.7","longitude":"-0.33333","feature_class":"P","feature_code":"PPL","country_code":"GH","cc2":"","admin1_code":"01","admin2_code":"","admin3_code":"","admin4_code":"","population":"202932","elevation":"","dem":"39","timezone":"Africa/Accra","modification_date":"2013-02-08"},{"geonameid":"2306104","name":"Accra","asciiname":"Accra","alternatenames":["ACC","Aakra","Aakrá","Accra","Acra","Akkra","Akkrae","Akra","Akrao","Gorad Akra","Nkran","a ke la","akara","akeula","akra","akura","xak kra","yakra","΄Aκκρα","Άκκρα","Аккрæ","Аккра","Акра","Горад Акра","Ակրա","אקרא","אקרה","آکرا","أكرا","ئاکرا","اكرا","اکرا","عکرہ","अक्रा","आक्रा","আক্রা","ਅਕਰਾ","ଆକ୍ରା","அக்ரா","അക്ര","อักกรา","ཨ་ཁ་ར།","အက်ခရာမြို့","აკრა","አክራ","アクラ","阿克拉","아크라"],"latitude":"5.55602","longitude":"-0.1969","feature_class":"P","feature_code":"PPLC","country_code":"GH","cc2":"","admin1_code":"01","admin2_code":"","admin3_code":"","admin4_code":"","population":"1963264","elevation":"","dem":"33","timezone":"Africa/Accra","modification_date":"2015-05-13"},{"geonameid":"2306119","name":"Aburi","asciiname":"Aburi","alternatenames":["Aburi"],"latitude":"5.84802","longitude":"-0.17449","feature_class":"P","feature_code":"PPL","country_code":"GH","cc2":"","admin1_code":"05","admin2_code":"","admin3_code":"","admin4_code":"","population":"18399","elevation":"","dem":"447","timezone":"Africa/Accra","modification_date":"2012-11-19"},{"geonameid":"2306224","name":"Aboso","asciiname":"Aboso","alternatenames":["Aboso","Abosso"],"latitude":"5.3617","longitude":"-1.94732","feature_class":"P","feature_code":"PPL","country_code":"GH","cc2":"","admin1_code":"00","admin2_code":"","admin3_code":"","admin4_code":"","population":"8790","elevation":"","dem":"98","timezone":"Africa/Accra","modification_date":"2012-01-18"},{"geonameid":"8532058","name":"Mamponteng","asciiname":"Mamponteng","alternatenames":[""],"latitude":"6.73333","longitude":"-1.55","feature_class":"P","feature_code":"PPLA2","country_code":"GH","cc2":"","admin1_code":"02","admin2_code":"","admin3_code":"","admin4_code":"","population":"0","elevation":"","dem":"274","timezone":"Africa/Accra","modification_date":"2013-05-28"},{"geonameid":"9159672","name":"Wassa-Akropong","asciiname":"Wassa-Akropong","alternatenames":[""],"latitude":"5.78722","longitude":"-2.08361","feature_class":"P","feature_code":"PPLA2","country_code":"GH","cc2":"","admin1_code":"09","admin2_code":"","admin3_code":"","admin4_code":"","population":"0","elevation":"","dem":"75","timezone":"Africa/Accra","modification_date":"2014-06-09"}]}