{"country_data":{"ISO":"GD","ISO3":"GRD","ISO_Numeric":"308","fips":"GJ","country":"Grenada","capital":"St. George's","area":"344","Population":"107818","Continent":"NA","tld":".gd","CurrencyCode":"XCD","CurrencyName":"Dollar","Phone":"+1-473","Postal_Code_Format":"","Postal_Code_Regex":"","Languages":"en-GD","geonameid":"3580239","neighbours":"","EquivalentFipsCode":""},"cities":[{"geonameid":"3579833","name":"Victoria","asciiname":"Victoria","alternatenames":["Grand Pauve","Grand Pauvre","Saint Mark","Saint Mark Village","Saint Marks"],"latitude":"12.19021","longitude":"-61.70677","feature_class":"P","feature_code":"PPLA","country_code":"GD","cc2":"","admin1_code":"05","admin2_code":"","admin3_code":"","admin4_code":"","population":"2256","elevation":"","dem":"70","timezone":"America/Grenada","modification_date":"2013-06-27"},{"geonameid":"3579891","name":"Sauteurs","asciiname":"Sauteurs","alternatenames":["Sauteurs","Sautiers"],"latitude":"12.21833","longitude":"-61.63917","feature_class":"P","feature_code":"PPLA","country_code":"GD","cc2":"","admin1_code":"06","admin2_code":"","admin3_code":"","admin4_code":"","population":"1320","elevation":"","dem":"46","timezone":"America/Grenada","modification_date":"2013-11-21"},{"geonameid":"3579925","name":"Saint George's","asciiname":"Saint George's","alternatenames":["Fort Royal","Georgetown","Grenada City","Lewis","Port Louis","Port Royal","Saint George","Saint George's","Saint George.s","Saint-Georges","Sent Dzordzas","Sent Džordžas","Sent Tzortzes","Sent-Dzhorzhes","St Georges","St. George's","seinteujojiseu","sentojojizu","snt g'wrg'","Σεντ Τζόρτζες","Сент-Джоржес","סנט ג'ורג'","セントジョージズ","세인트조지스"],"latitude":"12.05644","longitude":"-61.74849","feature_class":"P","feature_code":"PPLC","country_code":"GD","cc2":"GD","admin1_code":"03","admin2_code":"","admin3_code":"","admin4_code":"","population":"7500","elevation":"6","dem":"33","timezone":"America/Grenada","modification_date":"2010-12-07"},{"geonameid":"3579931","name":"Saint David’s","asciiname":"Saint David's","alternatenames":[""],"latitude":"12.04903","longitude":"-61.66875","feature_class":"P","feature_code":"PPLA","country_code":"GD","cc2":"","admin1_code":"02","admin2_code":"","admin3_code":"","admin4_code":"","population":"1321","elevation":"","dem":"179","timezone":"America/Grenada","modification_date":"2013-07-07"},{"geonameid":"3580215","name":"Hillsborough","asciiname":"Hillsborough","alternatenames":[""],"latitude":"12.48292","longitude":"-61.45597","feature_class":"P","feature_code":"PPLA","country_code":"GD","cc2":"","admin1_code":"10","admin2_code":"","admin3_code":"","admin4_code":"","population":"1000","elevation":"","dem":"8","timezone":"America/Grenada","modification_date":"2013-06-28"},{"geonameid":"3580236","name":"Grenville","asciiname":"Grenville","alternatenames":["Grenville","La Baye"],"latitude":"12.12278","longitude":"-61.62498","feature_class":"P","feature_code":"PPLA","country_code":"GD","cc2":"","admin1_code":"01","admin2_code":"","admin3_code":"","admin4_code":"","population":"2476","elevation":"","dem":"15","timezone":"America/Grenada","modification_date":"2013-06-27"},{"geonameid":"3580279","name":"Gouyave","asciiname":"Gouyave","alternatenames":["Charlotte Town","Gouave","Gouyave","Goyave","Guyave"],"latitude":"12.16462","longitude":"-61.72965","feature_class":"P","feature_code":"PPLA","country_code":"GD","cc2":"","admin1_code":"04","admin2_code":"","admin3_code":"","admin4_code":"","population":"3378","elevation":"","dem":"19","timezone":"America/Grenada","modification_date":"2012-02-19"}]}