{"country_data":{"ISO":"GP","ISO3":"GLP","ISO_Numeric":"312","fips":"GP","country":"Guadeloupe","capital":"Basse-Terre","area":"1780","Population":"443000","Continent":"NA","tld":".gp","CurrencyCode":"EUR","CurrencyName":"Euro","Phone":"590","Postal_Code_Format":"#####","Postal_Code_Regex":"^((97|98)\\d{3})$","Languages":"fr-GP","geonameid":"3579143","neighbours":"","EquivalentFipsCode":""},"cities":[{"geonameid":"3578278","name":"Vieux-Habitants","asciiname":"Vieux-Habitants","alternatenames":["Les Habitants","Vez-Abitan","Vieux-Habitants","Вєз-Абітан"],"latitude":"16.0589","longitude":"-61.76595","feature_class":"P","feature_code":"PPL","country_code":"GP","cc2":"","admin1_code":"GP","admin2_code":"971","admin3_code":"9711","admin4_code":"97134","population":"7728","elevation":"","dem":"14","timezone":"America/Guadeloupe","modification_date":"2012-01-18"},{"geonameid":"3578324","name":"Trois-Rivières","asciiname":"Trois-Rivieres","alternatenames":["Les Trois Rivieres","Les Trois Rivières","Trois-Rivieres","Trois-Rivières"],"latitude":"15.97567","longitude":"-61.64509","feature_class":"P","feature_code":"PPL","country_code":"GP","cc2":"","admin1_code":"GP","admin2_code":"971","admin3_code":"9711","admin4_code":"97132","population":"8812","elevation":"","dem":"110","timezone":"America/Guadeloupe","modification_date":"2012-01-18"},{"geonameid":"3578351","name":"Terre-de-Bas","asciiname":"Terre-de-Bas","alternatenames":["HTB","Le Bourg","Terre-de-Bas"],"latitude":"15.85011","longitude":"-61.64417","feature_class":"P","feature_code":"PPL","country_code":"GP","cc2":"","admin1_code":"GP","admin2_code":"971","admin3_code":"9711","admin4_code":"97130","population":"1314","elevation":"","dem":"44","timezone":"America/Guadeloupe","modification_date":"2012-01-18"},{"geonameid":"3578441","name":"Saint-François","asciiname":"Saint-Francois","alternatenames":["Saint-Francois","Saint-François"],"latitude":"16.25264","longitude":"-61.27414","feature_class":"P","feature_code":"PPL","country_code":"GP","cc2":"","admin1_code":"GP","admin2_code":"971","admin3_code":"9712","admin4_code":"97125","population":"12732","elevation":"","dem":"2","timezone":"America/Guadeloupe","modification_date":"2012-01-18"},{"geonameid":"3578447","name":"Sainte-Rose","asciiname":"Sainte-Rose","alternatenames":["Sainte-Rose","Sent-Roz","Сент-Роз"],"latitude":"16.33238","longitude":"-61.69793","feature_class":"P","feature_code":"PPL","country_code":"GP","cc2":"","admin1_code":"GP","admin2_code":"971","admin3_code":"9711","admin4_code":"97129","population":"20192","elevation":"","dem":"20","timezone":"America/Guadeloupe","modification_date":"2012-01-18"},{"geonameid":"3578466","name":"Sainte-Anne","asciiname":"Sainte-Anne","alternatenames":["Sainte-Anne"],"latitude":"16.22636","longitude":"-61.37919","feature_class":"P","feature_code":"PPL","country_code":"GP","cc2":"","admin1_code":"GP","admin2_code":"971","admin3_code":"9712","admin4_code":"97128","population":"22859","elevation":"","dem":"3","timezone":"America/Guadeloupe","modification_date":"2012-01-18"},{"geonameid":"3578467","name":"Saint-Claude","asciiname":"Saint-Claude","alternatenames":["Saint-Claude"],"latitude":"16.02409","longitude":"-61.70215","feature_class":"P","feature_code":"PPL","country_code":"GP","cc2":"","admin1_code":"GP","admin2_code":"971","admin3_code":"9711","admin4_code":"97124","population":"10134","elevation":"","dem":"423","timezone":"America/Guadeloupe","modification_date":"2012-01-18"},{"geonameid":"3578575","name":"Port-Louis","asciiname":"Port-Louis","alternatenames":["Port-Louis"],"latitude":"16.41901","longitude":"-61.53131","feature_class":"P","feature_code":"PPL","country_code":"GP","cc2":"","admin1_code":"GP","admin2_code":"971","admin3_code":"9712","admin4_code":"97122","population":"5515","elevation":"","dem":"5","timezone":"America/Guadeloupe","modification_date":"2012-01-18"},{"geonameid":"3578594","name":"Pointe-Noire","asciiname":"Pointe-Noire","alternatenames":["La Pointe-Noire","Point Noire","Pointe-Noire"],"latitude":"16.23086","longitude":"-61.78783","feature_class":"P","feature_code":"PPL","country_code":"GP","cc2":"","admin1_code":"GP","admin2_code":"971","admin3_code":"9711","admin4_code":"97121","population":"7749","elevation":"","dem":"16","timezone":"America/Guadeloupe","modification_date":"2012-01-18"},{"geonameid":"3578599","name":"Pointe-à-Pitre","asciiname":"Pointe-a-Pitre","alternatenames":["La Pointe a Pitre","La Pointe à Pitre","PTP","Poant a Pitr","Pointe-a-Pitre","Pointe-à-Pitre","Pouant-a-Pitr","Puant a Pitras","Puehnt-a-Pitr","Puent-a-Pitr","pi te er jiao cheng","powantapitoru","Πουάντ-α-Πιτρ","Поант а Питр","Пуент-а-Пітр","Пуэнт-а-Питр","ポワンタピートル","皮特尔角城"],"latitude":"16.24125","longitude":"-61.53614","feature_class":"P","feature_code":"PPL","country_code":"GP","cc2":"","admin1_code":"GP","admin2_code":"971","admin3_code":"9712","admin4_code":"97120","population":"18264","elevation":"","dem":"15","timezone":"America/Guadeloupe","modification_date":"2014-09-21"},{"geonameid":"3578681","name":"Petit-Canal","asciiname":"Petit-Canal","alternatenames":["Petit Canat","Petit-Canal"],"latitude":"16.37836","longitude":"-61.48788","feature_class":"P","feature_code":"PPL","country_code":"GP","cc2":"","admin1_code":"GP","admin2_code":"971","admin3_code":"9712","admin4_code":"97119","population":"8554","elevation":"","dem":"14","timezone":"America/Guadeloupe","modification_date":"2012-01-18"},{"geonameid":"3578682","name":"Petit-Bourg","asciiname":"Petit-Bourg","alternatenames":["Peti-Bur","Petit-Bourg","Pti-Burg","pwty bwr","Петі-Бур","Пти-Бург","پوتی بور"],"latitude":"16.19135","longitude":"-61.59159","feature_class":"P","feature_code":"PPL","country_code":"GP","cc2":"","admin1_code":"GP","admin2_code":"971","admin3_code":"9711","admin4_code":"97118","population":"24994","elevation":"","dem":"7","timezone":"America/Guadeloupe","modification_date":"2012-01-18"},{"geonameid":"3578959","name":"Les Abymes","asciiname":"Les Abymes","alternatenames":["Abeymes","Abymes","Les Abymes","Lez-Abim","lzbym","rezabimu","sa lai bi mei","Лез-Абім","لزبیم","レザビーム","薩萊比梅"],"latitude":"16.27095","longitude":"-61.50451","feature_class":"P","feature_code":"PPL","country_code":"GP","cc2":"","admin1_code":"GP","admin2_code":"971","admin3_code":"9712","admin4_code":"97101","population":"63058","elevation":"","dem":"28","timezone":"America/Guadeloupe","modification_date":"2012-01-18"},{"geonameid":"3578967","name":"Le Moule","asciiname":"Le Moule","alternatenames":["Le Moule","Moule"],"latitude":"16.33315","longitude":"-61.34728","feature_class":"P","feature_code":"PPL","country_code":"GP","cc2":"","admin1_code":"GP","admin2_code":"971","admin3_code":"9712","admin4_code":"97117","population":"22692","elevation":"","dem":"4","timezone":"America/Guadeloupe","modification_date":"2012-01-18"},{"geonameid":"3578978","name":"Le Gosier","asciiname":"Le Gosier","alternatenames":["Gosier","Gozier","Le Gosier"],"latitude":"16.20685","longitude":"-61.49329","feature_class":"P","feature_code":"PPL","country_code":"GP","cc2":"","admin1_code":"GP","admin2_code":"971","admin3_code":"9712","admin4_code":"97113","population":"28698","elevation":"","dem":"26","timezone":"America/Guadeloupe","modification_date":"2012-01-18"},{"geonameid":"3579023","name":"Lamentin","asciiname":"Lamentin","alternatenames":["Lamentin","Le Lamentin"],"latitude":"16.27105","longitude":"-61.63124","feature_class":"P","feature_code":"PPL","country_code":"GP","cc2":"","admin1_code":"GP","admin2_code":"971","admin3_code":"9711","admin4_code":"97115","population":"14891","elevation":"","dem":"10","timezone":"America/Guadeloupe","modification_date":"2012-01-18"},{"geonameid":"3579232","name":"Grande Anse","asciiname":"Grande Anse","alternatenames":["Grande Anse","La Grande Anse"],"latitude":"16.30351","longitude":"-61.07406","feature_class":"P","feature_code":"PPL","country_code":"GP","cc2":"","admin1_code":"00","admin2_code":"","admin3_code":"","admin4_code":"","population":"1716","elevation":"","dem":"8","timezone":"America/Guadeloupe","modification_date":"2012-01-18"},{"geonameid":"3579250","name":"Grand-Bourg","asciiname":"Grand-Bourg","alternatenames":["Gran-Bur","Grand-Bourg","guran=buru","Гран-Бур","グラン＝ブール"],"latitude":"15.88346","longitude":"-61.31484","feature_class":"P","feature_code":"PPL","country_code":"GP","cc2":"","admin1_code":"GP","admin2_code":"971","admin3_code":"9712","admin4_code":"97112","population":"5867","elevation":"","dem":"9","timezone":"America/Guadeloupe","modification_date":"2012-01-18"},{"geonameid":"3579267","name":"Gourbeyre","asciiname":"Gourbeyre","alternatenames":["Gourbevre","Gourbeyre","Gurbejr","Гурбейр"],"latitude":"15.99377","longitude":"-61.69138","feature_class":"P","feature_code":"PPL","country_code":"GP","cc2":"","admin1_code":"GP","admin2_code":"971","admin3_code":"9711","admin4_code":"97109","population":"8571","elevation":"","dem":"339","timezone":"America/Guadeloupe","modification_date":"2012-01-18"},{"geonameid":"3579585","name":"Capesterre-Belle-Eau","asciiname":"Capesterre-Belle-Eau","alternatenames":["Capesterre","Capesterre-Belle-Eau"],"latitude":"16.04322","longitude":"-61.56596","feature_class":"P","feature_code":"PPL","country_code":"GP","cc2":"","admin1_code":"GP","admin2_code":"971","admin3_code":"9711","admin4_code":"97107","population":"19821","elevation":"","dem":"18","timezone":"America/Guadeloupe","modification_date":"2012-01-18"},{"geonameid":"3579642","name":"Bouillante","asciiname":"Bouillante","alternatenames":["Bouillante","Bujant","Буянт"],"latitude":"16.13041","longitude":"-61.76919","feature_class":"P","feature_code":"PPL","country_code":"GP","cc2":"","admin1_code":"GP","admin2_code":"971","admin3_code":"9711","admin4_code":"97106","population":"7540","elevation":"","dem":"5","timezone":"America/Guadeloupe","modification_date":"2012-01-18"},{"geonameid":"3579732","name":"Basse-Terre","asciiname":"Basse-Terre","alternatenames":["BBR","Bas Ter","Bas Teras","Bas-Ter","Bas-Tero","Bassa-Terra","Basse Terre","Basse-Terre","Bâssa-Tèrra","Gorad Bas-Tehr","ba si te er","bas-tyr","base-tera","baseuteleu","basuteru","paster","Μπας-Τερ","Бас Тер","Бас-Тер","Горад Бас-Тэр","באס טר","باس-تیر","बासे-तेर","பாஸ்தெர்","บัส-แตร์","ბას-ტერი","バステール","巴斯特尔","바스테르"],"latitude":"15.99854","longitude":"-61.72548","feature_class":"P","feature_code":"PPLC","country_code":"GP","cc2":"","admin1_code":"GP","admin2_code":"971","admin3_code":"9711","admin4_code":"97105","population":"11472","elevation":"","dem":"59","timezone":"America/Guadeloupe","modification_date":"2011-12-08"},{"geonameid":"3579761","name":"Baillif","asciiname":"Baillif","alternatenames":["Baif","Baillif","Le Baillif","Баїф"],"latitude":"16.02019","longitude":"-61.74632","feature_class":"P","feature_code":"PPL","country_code":"GP","cc2":"","admin1_code":"GP","admin2_code":"971","admin3_code":"9711","admin4_code":"97104","population":"5705","elevation":"","dem":"8","timezone":"America/Guadeloupe","modification_date":"2012-01-18"},{"geonameid":"3579767","name":"Baie-Mahault","asciiname":"Baie-Mahault","alternatenames":["Bai-Mao","Baie-Mahault","La Baie Mahault","khlyj myw","Баї-Мао","خلیج مئو"],"latitude":"16.26738","longitude":"-61.58543","feature_class":"P","feature_code":"PPL","country_code":"GP","cc2":"","admin1_code":"GP","admin2_code":"971","admin3_code":"9711","admin4_code":"97103","population":"30551","elevation":"","dem":"18","timezone":"America/Guadeloupe","modification_date":"2012-01-18"},{"geonameid":"3579789","name":"Anse-Bertrand","asciiname":"Anse-Bertrand","alternatenames":["Anse-Bertrand"],"latitude":"16.47206","longitude":"-61.50778","feature_class":"P","feature_code":"PPL","country_code":"GP","cc2":"","admin1_code":"GP","admin2_code":"971","admin3_code":"9712","admin4_code":"97102","population":"5146","elevation":"","dem":"20","timezone":"America/Guadeloupe","modification_date":"2012-01-18"}]}