{"country_data":{"ISO":"GU","ISO3":"GUM","ISO_Numeric":"316","fips":"GQ","country":"Guam","capital":"Hagatna","area":"549","Population":"159358","Continent":"OC","tld":".gu","CurrencyCode":"USD","CurrencyName":"Dollar","Phone":"+1-671","Postal_Code_Format":"969##","Postal_Code_Regex":"^(969\\d{2})$","Languages":"en-GU,ch-GU","geonameid":"4043988","neighbours":"","EquivalentFipsCode":""},"cities":[{"geonameid":"4038473","name":"Piti Village","asciiname":"Piti Village","alternatenames":[""],"latitude":"13.46256","longitude":"144.69331","feature_class":"P","feature_code":"PPLA","country_code":"GU","cc2":"","admin1_code":"PI","admin2_code":"","admin3_code":"","admin4_code":"","population":"1666","elevation":"3","dem":"8","timezone":"Pacific/Guam","modification_date":"2013-07-07"},{"geonameid":"4038554","name":"Santa Rita Village","asciiname":"Santa Rita Village","alternatenames":["Santa Rita"],"latitude":"13.38608","longitude":"144.67226","feature_class":"P","feature_code":"PPLA","country_code":"GU","cc2":"","admin1_code":"SR","admin2_code":"","admin3_code":"","admin4_code":"","population":"7500","elevation":"66","dem":"77","timezone":"Pacific/Guam","modification_date":"2013-07-07"},{"geonameid":"4038588","name":"Sinajana Village","asciiname":"Sinajana Village","alternatenames":[""],"latitude":"13.46334","longitude":"144.75406","feature_class":"P","feature_code":"PPLA","country_code":"GU","cc2":"","admin1_code":"SJ","admin2_code":"","admin3_code":"","admin4_code":"","population":"2853","elevation":"55","dem":"51","timezone":"Pacific/Guam","modification_date":"2013-07-07"},{"geonameid":"4038647","name":"Talofofo Village","asciiname":"Talofofo Village","alternatenames":["Pre-WW2 Part of Inarajan","Talo'fo'fo"],"latitude":"13.35513","longitude":"144.75835","feature_class":"P","feature_code":"PPLA","country_code":"GU","cc2":"","admin1_code":"TF","admin2_code":"","admin3_code":"","admin4_code":"","population":"3215","elevation":"90","dem":"101","timezone":"Pacific/Guam","modification_date":"2013-07-07"},{"geonameid":"4038659","name":"Tamuning-Tumon-Harmon Village","asciiname":"Tamuning-Tumon-Harmon Village","alternatenames":["Timoneng"],"latitude":"13.48773","longitude":"144.78138","feature_class":"P","feature_code":"PPLA","country_code":"GU","cc2":"","admin1_code":"TM","admin2_code":"","admin3_code":"","admin4_code":"","population":"19685","elevation":"13","dem":"20","timezone":"Pacific/Guam","modification_date":"2013-07-07"},{"geonameid":"4038733","name":"Umatac Village","asciiname":"Umatac Village","alternatenames":["Humatak","Humåtak"],"latitude":"13.2976","longitude":"144.6605","feature_class":"P","feature_code":"PPLA","country_code":"GU","cc2":"","admin1_code":"UM","admin2_code":"","admin3_code":"","admin4_code":"","population":"903","elevation":"3","dem":"64","timezone":"Pacific/Guam","modification_date":"2013-07-07"},{"geonameid":"4038794","name":"Yigo Village","asciiname":"Yigo Village","alternatenames":[""],"latitude":"13.53605","longitude":"144.88855","feature_class":"P","feature_code":"PPLA","country_code":"GU","cc2":"","admin1_code":"YG","admin2_code":"","admin3_code":"","admin4_code":"","population":"20539","elevation":"140","dem":"132","timezone":"Pacific/Guam","modification_date":"2013-07-07"},{"geonameid":"4038809","name":"Yona Village","asciiname":"Yona Village","alternatenames":["Yo' na","Yo’ ña"],"latitude":"13.40974","longitude":"144.77697","feature_class":"P","feature_code":"PPLA","country_code":"GU","cc2":"","admin1_code":"YN","admin2_code":"","admin3_code":"","admin4_code":"","population":"6484","elevation":"90","dem":"92","timezone":"Pacific/Guam","modification_date":"2013-07-07"},{"geonameid":"4043399","name":"Merizo Village","asciiname":"Merizo Village","alternatenames":["Malesso"],"latitude":"13.26584","longitude":"144.66908","feature_class":"P","feature_code":"PPLA","country_code":"GU","cc2":"","admin1_code":"ME","admin2_code":"","admin3_code":"","admin4_code":"","population":"2152","elevation":"75","dem":"13","timezone":"Pacific/Guam","modification_date":"2013-07-07"},{"geonameid":"4043499","name":"Inarajan Village","asciiname":"Inarajan Village","alternatenames":["Inalahan","Inalåhan"],"latitude":"13.27363","longitude":"144.74845","feature_class":"P","feature_code":"PPLA","country_code":"GU","cc2":"","admin1_code":"IN","admin2_code":"","admin3_code":"","admin4_code":"","population":"3052","elevation":"3","dem":"10","timezone":"Pacific/Guam","modification_date":"2013-07-07"},{"geonameid":"4043525","name":"Agana Heights Village","asciiname":"Agana Heights Village","alternatenames":["Tutuhan"],"latitude":"13.46559","longitude":"144.74795","feature_class":"P","feature_code":"PPLA","country_code":"GU","cc2":"","admin1_code":"AH","admin2_code":"","admin3_code":"","admin4_code":"","population":"3940","elevation":"52","dem":"39","timezone":"Pacific/Guam","modification_date":"2013-07-07"},{"geonameid":"4043547","name":"Guam Government House","asciiname":"Guam Government House","alternatenames":["Designer Architect Richard Neutra"],"latitude":"13.47191","longitude":"144.74978","feature_class":"P","feature_code":"PPLG","country_code":"GU","cc2":"","admin1_code":"AN","admin2_code":"","admin3_code":"","admin4_code":"","population":"0","elevation":"49","dem":"46","timezone":"Pacific/Guam","modification_date":"2011-07-01"},{"geonameid":"4043615","name":"Chalan Pago-Ordot Village","asciiname":"Chalan Pago-Ordot Village","alternatenames":["Chalan Pagu-Otdot","Chalan Pågu-Otdot"],"latitude":"13.44741","longitude":"144.75902","feature_class":"P","feature_code":"PPLA","country_code":"GU","cc2":"","admin1_code":"CP","admin2_code":"","admin3_code":"","admin4_code":"","population":"6822","elevation":"38","dem":"46","timezone":"Pacific/Guam","modification_date":"2013-07-07"},{"geonameid":"4043656","name":"Barrigada Village","asciiname":"Barrigada Village","alternatenames":["Barigada","Barigåda"],"latitude":"13.46913","longitude":"144.79901","feature_class":"P","feature_code":"PPLA","country_code":"GU","cc2":"","admin1_code":"BA","admin2_code":"","admin3_code":"","admin4_code":"","population":"8875","elevation":"66","dem":"68","timezone":"Pacific/Guam","modification_date":"2013-07-07"},{"geonameid":"4043804","name":"Agat Village","asciiname":"Agat Village","alternatenames":["Hagat","Hågat"],"latitude":"13.38855","longitude":"144.65852","feature_class":"P","feature_code":"PPLA","country_code":"GU","cc2":"","admin1_code":"AT","admin2_code":"","admin3_code":"","admin4_code":"","population":"5656","elevation":"3","dem":"0","timezone":"Pacific/Guam","modification_date":"2013-07-07"},{"geonameid":"4043812","name":"Asan-Maina Village","asciiname":"Asan-Maina Village","alternatenames":["Assan"],"latitude":"13.47215","longitude":"144.71654","feature_class":"P","feature_code":"PPLA","country_code":"GU","cc2":"","admin1_code":"AS","admin2_code":"","admin3_code":"","admin4_code":"","population":"2137","elevation":"3","dem":"5","timezone":"Pacific/Guam","modification_date":"2013-07-07"},{"geonameid":"4043909","name":"Dededo Village","asciiname":"Dededo Village","alternatenames":["Dedidu"],"latitude":"13.51777","longitude":"144.8391","feature_class":"P","feature_code":"PPLA","country_code":"GU","cc2":"","admin1_code":"DD","admin2_code":"","admin3_code":"","admin4_code":"","population":"44943","elevation":"98","dem":"100","timezone":"Pacific/Guam","modification_date":"2013-07-07"},{"geonameid":"4044012","name":"Hagåtña","asciiname":"Hagatna","alternatenames":["Agana","Agana -1998","Aganija","Agano","Agaña","Akashi - JP renamed WW2","Ankana","Hagatna","Hagåtña","Haqatna","Khagatna","Vjoska Agan'ja","Xagatna","a jia ni ya","ha katya","hagania","hagasnya","hagatna","hagatnya","haghatna","hegatn'ya","Αγκάνα","Вёска Аганья","Хагатна","Хагатња","Խագատնա","هاغاتنا","هاگاتنا","هاگاتنیا","हेगात्न्या","ฮากาตญา","ჰაგატნა","ハガニア","阿加尼亚","하갓냐"],"latitude":"13.47567","longitude":"144.74886","feature_class":"P","feature_code":"PPLC","country_code":"GU","cc2":"","admin1_code":"AN","admin2_code":"","admin3_code":"","admin4_code":"","population":"1051","elevation":"3","dem":"5","timezone":"Pacific/Guam","modification_date":"2011-10-19"},{"geonameid":"7268049","name":"Mangilao Village","asciiname":"Mangilao Village","alternatenames":[""],"latitude":"13.44761","longitude":"144.80109","feature_class":"P","feature_code":"PPLA","country_code":"GU","cc2":"","admin1_code":"MA","admin2_code":"","admin3_code":"","admin4_code":"","population":"15191","elevation":"62","dem":"58","timezone":"Pacific/Guam","modification_date":"2013-06-30"},{"geonameid":"7873866","name":"Mongmong-Toto-Maite Village","asciiname":"Mongmong-Toto-Maite Village","alternatenames":[""],"latitude":"13.46857","longitude":"144.78214","feature_class":"P","feature_code":"PPLA","country_code":"GU","cc2":"","admin1_code":"MT","admin2_code":"","admin3_code":"","admin4_code":"","population":"6825","elevation":"43","dem":"46","timezone":"Pacific/Guam","modification_date":"2013-07-07"},{"geonameid":"7874008","name":"Hagåtña Village","asciiname":"Hagatna Village","alternatenames":["Agana -1998","Akashi WW2"],"latitude":"13.47279","longitude":"144.75802","feature_class":"P","feature_code":"PPL","country_code":"GU","cc2":"","admin1_code":"AN","admin2_code":"","admin3_code":"","admin4_code":"","population":"1051","elevation":"4","dem":"8","timezone":"Pacific/Guam","modification_date":"2011-10-19"}]}