{"country_data":{"ISO":"GG","ISO3":"GGY","ISO_Numeric":"831","fips":"GK","country":"Guernsey","capital":"St Peter Port","area":"78","Population":"65228","Continent":"EU","tld":".gg","CurrencyCode":"GBP","CurrencyName":"Pound","Phone":"+44-1481","Postal_Code_Format":"@# #@@|@## #@@|@@# #@@|@@## #@@|@#@ #@@|@@#@ #@@|GIR0AA","Postal_Code_Regex":"^(([A-Z]\\d{2}[A-Z]{2})|([A-Z]\\d{3}[A-Z]{2})|([A-Z]{2}\\d{2}[A-Z]{2})|([A-Z]{2}\\d{3}[A-Z]{2})|([A-Z]\\d[A-Z]\\d[A-Z]{2})|([A-Z]{2}\\d[A-Z]\\d[A-Z]{2})|(GIR0AA))$","Languages":"en,fr","geonameid":"3042362","neighbours":"","EquivalentFipsCode":""},"cities":[{"geonameid":"3042287","name":"Saint Peter Port","asciiname":"Saint Peter Port","alternatenames":["GCI","Gorad Sent-Pitehr-Port","Saint Peter Port","Saint Pierre Port","Saint-Pierre-Port","Sanktapetrurbo","Sejnt Pitur port","Sent Piter Port","Sent Piter Portas","Sent-Piter-Port","St Peter Port","St. Peter Port","san bytr bwrt","seinteupiteopoteu","sent pi texr phxrt","sheng bi de gang","sn ptr pwrt","snt ptr pwrt","Горад Сент-Пітэр-Порт","Сейнт Питър порт","Сент Питер Порт","Сент-Питер-Порт","Сент-Пітер-Порт","סנט פטר פורט","سان بيتر بورت","سن پتر پورت","سینٹ پیٹر پورٹ","เซนต์ปีเตอร์พอร์ต","სენტ-პიტერ-პორტი","セント・ピーター・ポート","圣彼得港","세인트피터포트"],"latitude":"49.45981","longitude":"-2.53527","feature_class":"P","feature_code":"PPLC","country_code":"GG","cc2":"","admin1_code":"6417228","admin2_code":"","admin3_code":"","admin4_code":"","population":"16488","elevation":"","dem":"10","timezone":"Europe/Guernsey","modification_date":"2013-11-01"}]}