{"country_data":{"ISO":"GW","ISO3":"GNB","ISO_Numeric":"624","fips":"PU","country":"Guinea-Bissau","capital":"Bissau","area":"36120","Population":"1565126","Continent":"AF","tld":".gw","CurrencyCode":"XOF","CurrencyName":"Franc","Phone":"245","Postal_Code_Format":"####","Postal_Code_Regex":"^(\\d{4})$","Languages":"pt-GW,pov","geonameid":"2372248","neighbours":"SN,GN","EquivalentFipsCode":""},"cities":[{"geonameid":"2370358","name":"Quinhámel","asciiname":"Quinhamel","alternatenames":["Quinhamel","Quinhameli","Quinhámel"],"latitude":"11.88694","longitude":"-15.85556","feature_class":"P","feature_code":"PPLA","country_code":"GW","cc2":"","admin1_code":"12","admin2_code":"","admin3_code":"","admin4_code":"","population":"3128","elevation":"","dem":"21","timezone":"Africa/Bissau","modification_date":"2015-04-08"},{"geonameid":"2370473","name":"Quebo","asciiname":"Quebo","alternatenames":["Quebo"],"latitude":"11.33333","longitude":"-14.93333","feature_class":"P","feature_code":"PPL","country_code":"GW","cc2":"","admin1_code":"07","admin2_code":"","admin3_code":"","admin4_code":"","population":"7072","elevation":"","dem":"22","timezone":"Africa/Bissau","modification_date":"2013-08-17"},{"geonameid":"2371467","name":"Mansôa","asciiname":"Mansoa","alternatenames":["Mansoa","Mansôa","Porto Mansoa"],"latitude":"12.07333","longitude":"-15.31889","feature_class":"P","feature_code":"PPL","country_code":"GW","cc2":"","admin1_code":"04","admin2_code":"","admin3_code":"","admin4_code":"","population":"7821","elevation":"","dem":"14","timezone":"Africa/Bissau","modification_date":"2012-01-18"},{"geonameid":"2372532","name":"Gabú","asciiname":"Gabu","alternatenames":["Gaba","Gabu","Gabu-Sara","Gabú","Gabú-Sara","Nova Lamego","Villa Gabu Sara"],"latitude":"12.28","longitude":"-14.22222","feature_class":"P","feature_code":"PPLA","country_code":"GW","cc2":"","admin1_code":"10","admin2_code":"","admin3_code":"","admin4_code":"","population":"14430","elevation":"","dem":"64","timezone":"Africa/Bissau","modification_date":"2015-04-08"},{"geonameid":"2372647","name":"Farim","asciiname":"Farim","alternatenames":["Farim"],"latitude":"12.48389","longitude":"-15.22167","feature_class":"P","feature_code":"PPLA","country_code":"GW","cc2":"","admin1_code":"04","admin2_code":"","admin3_code":"","admin4_code":"","population":"6792","elevation":"","dem":"8","timezone":"Africa/Bissau","modification_date":"2014-03-07"},{"geonameid":"2373526","name":"Catió","asciiname":"Catio","alternatenames":["Catio","Catió"],"latitude":"11.2825","longitude":"-15.25472","feature_class":"P","feature_code":"PPLA","country_code":"GW","cc2":"","admin1_code":"07","admin2_code":"","admin3_code":"","admin4_code":"","population":"9898","elevation":"","dem":"15","timezone":"Africa/Bissau","modification_date":"2015-04-08"},{"geonameid":"2373951","name":"Canchungo","asciiname":"Canchungo","alternatenames":["Canchungo","Pinto","Teixeira Pinto"],"latitude":"12.06722","longitude":"-16.03333","feature_class":"P","feature_code":"PPL","country_code":"GW","cc2":"","admin1_code":"06","admin2_code":"","admin3_code":"","admin4_code":"","population":"6853","elevation":"","dem":"21","timezone":"Africa/Bissau","modification_date":"2012-01-18"},{"geonameid":"2374311","name":"Cacheu","asciiname":"Cacheu","alternatenames":["Cacheu"],"latitude":"12.27444","longitude":"-16.16528","feature_class":"P","feature_code":"PPLA","country_code":"GW","cc2":"","admin1_code":"06","admin2_code":"","admin3_code":"","admin4_code":"","population":"10490","elevation":"","dem":"18","timezone":"Africa/Bissau","modification_date":"2015-04-08"},{"geonameid":"2374583","name":"Bubaque","asciiname":"Bubaque","alternatenames":["BQE","Bubaque","Bubaquer"],"latitude":"11.28333","longitude":"-15.83333","feature_class":"P","feature_code":"PPL","country_code":"GW","cc2":"","admin1_code":"05","admin2_code":"","admin3_code":"","admin4_code":"","population":"9244","elevation":"","dem":"26","timezone":"Africa/Bissau","modification_date":"2014-08-19"},{"geonameid":"2374588","name":"Buba","asciiname":"Buba","alternatenames":["Buba"],"latitude":"11.58889","longitude":"-14.99583","feature_class":"P","feature_code":"PPLA","country_code":"GW","cc2":"","admin1_code":"02","admin2_code":"","admin3_code":"","admin4_code":"","population":"7779","elevation":"","dem":"20","timezone":"Africa/Bissau","modification_date":"2015-04-08"},{"geonameid":"2374688","name":"Bolama","asciiname":"Bolama","alternatenames":["Bolama","Bulama","Port Beaver"],"latitude":"11.57694","longitude":"-15.47611","feature_class":"P","feature_code":"PPLA","country_code":"GW","cc2":"","admin1_code":"05","admin2_code":"","admin3_code":"","admin4_code":"","population":"10769","elevation":"","dem":"25","timezone":"Africa/Bissau","modification_date":"2015-04-08"},{"geonameid":"2374759","name":"Bissorã","asciiname":"Bissora","alternatenames":["Bissora","Bissoram","Bissorã"],"latitude":"12.22306","longitude":"-15.4475","feature_class":"P","feature_code":"PPL","country_code":"GW","cc2":"","admin1_code":"04","admin2_code":"","admin3_code":"","admin4_code":"","population":"12688","elevation":"","dem":"26","timezone":"Africa/Bissau","modification_date":"2014-03-07"},{"geonameid":"2374775","name":"Bissau","asciiname":"Bissau","alternatenames":["Bisao","Bisau","Bisau - Bissau","Bisauo","Bisava","Bisaŭo","Biso","Bissa","Bissao","Bissau","Bissá","Bisáu","Gorad Bisau","Mpissaou","OXB","Sao Jose de Bissau","São José de Bissáu","Wisaw","bi shao","bis sea","bis'sa'u","bisa'u","bisau","bsaw","bysaw","bysayw","picavu","Μπισσάου","Бисао","Бисау","Бісау","Горад Бісау","Բիսաու","ביסאו","بساؤ","بيساو","بیسائو","بیساو","बिसाउ","বিসাউ","বিস্সাউ","ਬਿਸਾਊ","பிசாவு","บิสเซา","བི་སའོ།","ბისაუ","ቢሳው","ビサウ","比紹","比绍","비사우"],"latitude":"11.86357","longitude":"-15.59767","feature_class":"P","feature_code":"PPLC","country_code":"GW","cc2":"","admin1_code":"11","admin2_code":"","admin3_code":"","admin4_code":"","population":"388028","elevation":"","dem":"13","timezone":"Africa/Bissau","modification_date":"2011-03-30"},{"geonameid":"2375254","name":"Bafatá","asciiname":"Bafata","alternatenames":[""],"latitude":"12.16583","longitude":"-14.66167","feature_class":"P","feature_code":"PPLA","country_code":"GW","cc2":"","admin1_code":"01","admin2_code":"","admin3_code":"","admin4_code":"","population":"22521","elevation":"","dem":"20","timezone":"Africa/Bissau","modification_date":"2015-04-08"}]}