{"country_data":{"ISO":"GN","ISO3":"GIN","ISO_Numeric":"324","fips":"GV","country":"Guinea","capital":"Conakry","area":"245857","Population":"10324025","Continent":"AF","tld":".gn","CurrencyCode":"GNF","CurrencyName":"Franc","Phone":"224","Postal_Code_Format":"","Postal_Code_Regex":"","Languages":"fr-GN","geonameid":"2420477","neighbours":"LR,SN,SL,CI,GW,ML","EquivalentFipsCode":""},"cities":[{"geonameid":"2414055","name":"Youkounkoun","asciiname":"Youkounkoun","alternatenames":["Youkounkoun"],"latitude":"12.5311","longitude":"-13.1224","feature_class":"P","feature_code":"PPL","country_code":"GN","cc2":"","admin1_code":"B","admin2_code":"18","admin3_code":"","admin4_code":"","population":"7952","elevation":"","dem":"76","timezone":"Africa/Conakry","modification_date":"2012-06-18"},{"geonameid":"2414079","name":"Yomou","asciiname":"Yomou","alternatenames":["Yomou"],"latitude":"7.56748","longitude":"-9.26283","feature_class":"P","feature_code":"PPLA2","country_code":"GN","cc2":"","admin1_code":"N","admin2_code":"29","admin3_code":"","admin4_code":"","population":"3614","elevation":"","dem":"395","timezone":"Africa/Conakry","modification_date":"2015-03-05"},{"geonameid":"2414545","name":"Tougué","asciiname":"Tougue","alternatenames":["Tongue","Tougue","Tougué"],"latitude":"11.44503","longitude":"-11.66422","feature_class":"P","feature_code":"PPLA2","country_code":"GN","cc2":"","admin1_code":"L","admin2_code":"28","admin3_code":"","admin4_code":"","population":"25531","elevation":"","dem":"805","timezone":"Africa/Conakry","modification_date":"2015-03-05"},{"geonameid":"2414616","name":"Tondon","asciiname":"Tondon","alternatenames":["Tendon","Tondon"],"latitude":"10.36667","longitude":"-13.35","feature_class":"P","feature_code":"PPL","country_code":"GN","cc2":"","admin1_code":"D","admin2_code":"31","admin3_code":"","admin4_code":"","population":"12235","elevation":"","dem":"113","timezone":"Africa/Conakry","modification_date":"2012-06-14"},{"geonameid":"2414659","name":"Tokonou","asciiname":"Tokonou","alternatenames":[""],"latitude":"9.65","longitude":"-9.78333","feature_class":"P","feature_code":"PPL","country_code":"GN","cc2":"","admin1_code":"K","admin2_code":"32","admin3_code":"","admin4_code":"","population":"6729","elevation":"","dem":"562","timezone":"Africa/Conakry","modification_date":"2012-06-14"},{"geonameid":"2414926","name":"Télimélé","asciiname":"Telimele","alternatenames":["Telimele","Télimélé"],"latitude":"10.9","longitude":"-13.03333","feature_class":"P","feature_code":"PPLA2","country_code":"GN","cc2":"","admin1_code":"D","admin2_code":"27","admin3_code":"","admin4_code":"","population":"30311","elevation":"","dem":"610","timezone":"Africa/Conakry","modification_date":"2012-07-07"},{"geonameid":"2415703","name":"Siguiri","asciiname":"Siguiri","alternatenames":["GII","Sigiri","Siguiri","Сигири"],"latitude":"11.42282","longitude":"-9.16852","feature_class":"P","feature_code":"PPLA2","country_code":"GN","cc2":"","admin1_code":"K","admin2_code":"39","admin3_code":"","admin4_code":"","population":"43601","elevation":"","dem":"368","timezone":"Africa/Conakry","modification_date":"2012-06-15"},{"geonameid":"2416061","name":"Sanguéya","asciiname":"Sangueya","alternatenames":["Sanguea","Sangueya","Sanguéa","Sanguéya"],"latitude":"10.7","longitude":"-14.36667","feature_class":"P","feature_code":"PPL","country_code":"GN","cc2":"","admin1_code":"B","admin2_code":"03","admin3_code":"","admin4_code":"","population":"6117","elevation":"","dem":"18","timezone":"Africa/Conakry","modification_date":"2012-06-14"},{"geonameid":"2416443","name":"Pita","asciiname":"Pita","alternatenames":[""],"latitude":"11.05915","longitude":"-12.39498","feature_class":"P","feature_code":"PPLA2","country_code":"GN","cc2":"","admin1_code":"M","admin2_code":"25","admin3_code":"","admin4_code":"","population":"20052","elevation":"","dem":"973","timezone":"Africa/Conakry","modification_date":"2015-03-05"},{"geonameid":"2416969","name":"Nzérékoré","asciiname":"Nzerekore","alternatenames":["NZE","Nzerekore","Nzérékoré","Нзерекоре"],"latitude":"7.75624","longitude":"-8.8179","feature_class":"P","feature_code":"PPLA","country_code":"GN","cc2":"","admin1_code":"N","admin2_code":"38","admin3_code":"","admin4_code":"","population":"132728","elevation":"","dem":"482","timezone":"Africa/Conakry","modification_date":"2013-05-10"},{"geonameid":"2417795","name":"Mandiana","asciiname":"Mandiana","alternatenames":["Mandiana"],"latitude":"10.62577","longitude":"-8.69413","feature_class":"P","feature_code":"PPLA2","country_code":"GN","cc2":"","admin1_code":"K","admin2_code":"37","admin3_code":"","admin4_code":"","population":"10609","elevation":"","dem":"373","timezone":"Africa/Conakry","modification_date":"2015-03-05"},{"geonameid":"2417833","name":"Mamou","asciiname":"Mamou","alternatenames":[""],"latitude":"10.37546","longitude":"-12.09148","feature_class":"P","feature_code":"PPLA","country_code":"GN","cc2":"","admin1_code":"M","admin2_code":"23","admin3_code":"","admin4_code":"","population":"41619","elevation":"","dem":"720","timezone":"Africa/Conakry","modification_date":"2012-06-15"},{"geonameid":"2417886","name":"Mali","asciiname":"Mali","alternatenames":["Mali","Meli"],"latitude":"12.079","longitude":"-12.2982","feature_class":"P","feature_code":"PPLA2","country_code":"GN","cc2":"","admin1_code":"L","admin2_code":"22","admin3_code":"","admin4_code":"","population":"5479","elevation":"","dem":"1440","timezone":"Africa/Conakry","modification_date":"2012-07-07"},{"geonameid":"2417988","name":"Macenta","asciiname":"Macenta","alternatenames":["MCA","Macenta","Magenta","Masenta","Масента"],"latitude":"8.54351","longitude":"-9.47099","feature_class":"P","feature_code":"PPLA2","country_code":"GN","cc2":"","admin1_code":"N","admin2_code":"21","admin3_code":"","admin4_code":"","population":"43102","elevation":"","dem":"546","timezone":"Africa/Conakry","modification_date":"2012-06-15"},{"geonameid":"2418092","name":"Lola","asciiname":"Lola","alternatenames":["Lola"],"latitude":"7.8","longitude":"-8.53333","feature_class":"P","feature_code":"PPLA2","country_code":"GN","cc2":"","admin1_code":"N","admin2_code":"36","admin3_code":"","admin4_code":"","population":"1982","elevation":"","dem":"468","timezone":"Africa/Conakry","modification_date":"2012-07-07"},{"geonameid":"2418362","name":"Labé","asciiname":"Labe","alternatenames":["LEK","Laba","Labe","Labé","Лаба"],"latitude":"11.31823","longitude":"-12.28332","feature_class":"P","feature_code":"PPLA2","country_code":"GN","cc2":"","admin1_code":"L","admin2_code":"34","admin3_code":"","admin4_code":"","population":"58649","elevation":"","dem":"1026","timezone":"Africa/Conakry","modification_date":"2013-07-07"},{"geonameid":"2418437","name":"Kouroussa","asciiname":"Kouroussa","alternatenames":["Kouroussa","Kurussa"],"latitude":"10.65","longitude":"-9.88333","feature_class":"P","feature_code":"PPLA2","country_code":"GN","cc2":"","admin1_code":"K","admin2_code":"19","admin3_code":"","admin4_code":"","population":"14223","elevation":"","dem":"383","timezone":"Africa/Conakry","modification_date":"2012-07-07"},{"geonameid":"2418596","name":"Koundara","asciiname":"Koundara","alternatenames":["Koundara","SBI"],"latitude":"12.48333","longitude":"-13.3","feature_class":"P","feature_code":"PPLA2","country_code":"GN","cc2":"","admin1_code":"B","admin2_code":"18","admin3_code":"","admin4_code":"","population":"13990","elevation":"","dem":"77","timezone":"Africa/Conakry","modification_date":"2012-07-07"},{"geonameid":"2418764","name":"Koubia","asciiname":"Koubia","alternatenames":["Koubia"],"latitude":"11.58632","longitude":"-11.89485","feature_class":"P","feature_code":"PPLA2","country_code":"GN","cc2":"","admin1_code":"L","admin2_code":"33","admin3_code":"","admin4_code":"","population":"9909","elevation":"","dem":"750","timezone":"Africa/Conakry","modification_date":"2015-03-05"},{"geonameid":"2419472","name":"Kissidougou","asciiname":"Kissidougou","alternatenames":["KSI","Kisidugu","Kissidougou","Kissidugu","Кисидугу"],"latitude":"9.1848","longitude":"-10.09987","feature_class":"P","feature_code":"PPLA2","country_code":"GN","cc2":"","admin1_code":"F","admin2_code":"17","admin3_code":"","admin4_code":"","population":"47099","elevation":"","dem":"530","timezone":"Africa/Conakry","modification_date":"2012-06-15"},{"geonameid":"2419533","name":"Kindia","asciiname":"Kindia","alternatenames":["Kindia","Kindla","Киндиа"],"latitude":"10.05692","longitude":"-12.86576","feature_class":"P","feature_code":"PPLA","country_code":"GN","cc2":"","admin1_code":"D","admin2_code":"16","admin3_code":"","admin4_code":"","population":"117062","elevation":"","dem":"415","timezone":"Africa/Conakry","modification_date":"2012-06-15"},{"geonameid":"2419538","name":"Kimbo","asciiname":"Kimbo","alternatenames":[""],"latitude":"10.4","longitude":"-13.55","feature_class":"P","feature_code":"PPL","country_code":"GN","cc2":"","admin1_code":"B","admin2_code":"11","admin3_code":"","admin4_code":"","population":"9326","elevation":"","dem":"262","timezone":"Africa/Conakry","modification_date":"2012-06-14"},{"geonameid":"2419622","name":"Kérouané","asciiname":"Kerouane","alternatenames":["Kerouane","Kérouané"],"latitude":"9.26667","longitude":"-9.01667","feature_class":"P","feature_code":"PPLA2","country_code":"GN","cc2":"","admin1_code":"K","admin2_code":"15","admin3_code":"","admin4_code":"","population":"7228","elevation":"","dem":"533","timezone":"Africa/Conakry","modification_date":"2012-07-07"},{"geonameid":"2419992","name":"Kankan","asciiname":"Kankan","alternatenames":["KNN","Kankan","Канкан"],"latitude":"10.38542","longitude":"-9.30568","feature_class":"P","feature_code":"PPLA","country_code":"GN","cc2":"","admin1_code":"K","admin2_code":"32","admin3_code":"","admin4_code":"","population":"114009","elevation":"","dem":"381","timezone":"Africa/Conakry","modification_date":"2012-06-15"},{"geonameid":"2420056","name":"Kamsar","asciiname":"Kamsar","alternatenames":["Kamissar","Kamsar","Kansar","Komsar","Port Kamsar","ka mu sa er","Комсар","卡姆薩爾"],"latitude":"10.66667","longitude":"-14.6","feature_class":"P","feature_code":"PPL","country_code":"GN","cc2":"GN","admin1_code":"B","admin2_code":"03","admin3_code":"","admin4_code":"","population":"61527","elevation":"","dem":"5","timezone":"Africa/Conakry","modification_date":"2012-06-14"},{"geonameid":"2420562","name":"Gueckedou","asciiname":"Gueckedou","alternatenames":["Gueckedou","Guekedou","Guéckédou","Guékédou"],"latitude":"8.56744","longitude":"-10.1336","feature_class":"P","feature_code":"PPLA2","country_code":"GN","cc2":"GN","admin1_code":"N","admin2_code":"13","admin3_code":"","admin4_code":"","population":"79140","elevation":"","dem":"430","timezone":"Africa/Conakry","modification_date":"2012-06-19"},{"geonameid":"2420826","name":"Gaoual","asciiname":"Gaoual","alternatenames":["Gaoual"],"latitude":"11.75","longitude":"-13.2","feature_class":"P","feature_code":"PPLA2","country_code":"GN","cc2":"","admin1_code":"B","admin2_code":"12","admin3_code":"","admin4_code":"","population":"7461","elevation":"","dem":"79","timezone":"Africa/Conakry","modification_date":"2012-07-07"},{"geonameid":"2420884","name":"Fria","asciiname":"Fria","alternatenames":["FIG","Firiya","Fria","Фриа"],"latitude":"10.36676","longitude":"-13.58253","feature_class":"P","feature_code":"PPLA2","country_code":"GN","cc2":"","admin1_code":"B","admin2_code":"11","admin3_code":"","admin4_code":"","population":"44369","elevation":"","dem":"210","timezone":"Africa/Conakry","modification_date":"2015-03-06"},{"geonameid":"2420985","name":"Forécariah","asciiname":"Forecariah","alternatenames":["Forecaria","Forecariah","Forikaria","Forécariah"],"latitude":"9.43056","longitude":"-13.08806","feature_class":"P","feature_code":"PPLA2","country_code":"GN","cc2":"","admin1_code":"D","admin2_code":"10","admin3_code":"","admin4_code":"","population":"12358","elevation":"","dem":"32","timezone":"Africa/Conakry","modification_date":"2012-07-07"},{"geonameid":"2421273","name":"Faranah","asciiname":"Faranah","alternatenames":["FAA","Faranah"],"latitude":"10.04036","longitude":"-10.74343","feature_class":"P","feature_code":"PPLA","country_code":"GN","cc2":"","admin1_code":"F","admin2_code":"09","admin3_code":"","admin4_code":"","population":"9350","elevation":"","dem":"433","timezone":"Africa/Conakry","modification_date":"2012-06-15"},{"geonameid":"2421535","name":"Dubréka","asciiname":"Dubreka","alternatenames":["Debreeka","Dubreka","Dubréka"],"latitude":"9.79111","longitude":"-13.52333","feature_class":"P","feature_code":"PPLA2","country_code":"GN","cc2":"","admin1_code":"D","admin2_code":"31","admin3_code":"","admin4_code":"","population":"10363","elevation":"","dem":"19","timezone":"Africa/Conakry","modification_date":"2012-07-07"},{"geonameid":"2421903","name":"Dinguiraye","asciiname":"Dinguiraye","alternatenames":["Dinguiray","Dinguiraye"],"latitude":"11.29062","longitude":"-10.7121","feature_class":"P","feature_code":"PPLA2","country_code":"GN","cc2":"","admin1_code":"F","admin2_code":"07","admin3_code":"","admin4_code":"","population":"6062","elevation":"","dem":"432","timezone":"Africa/Conakry","modification_date":"2015-03-05"},{"geonameid":"2422383","name":"Dalaba","asciiname":"Dalaba","alternatenames":["Dalaba"],"latitude":"10.69249","longitude":"-12.24967","feature_class":"P","feature_code":"PPLA2","country_code":"GN","cc2":"","admin1_code":"M","admin2_code":"06","admin3_code":"","admin4_code":"","population":"7036","elevation":"","dem":"1240","timezone":"Africa/Conakry","modification_date":"2015-03-06"},{"geonameid":"2422442","name":"Dabola","asciiname":"Dabola","alternatenames":["Dabola","Дабола"],"latitude":"10.7433","longitude":"-11.10778","feature_class":"P","feature_code":"PPLA2","country_code":"GN","cc2":"","admin1_code":"F","admin2_code":"05","admin3_code":"","admin4_code":"","population":"13057","elevation":"","dem":"434","timezone":"Africa/Conakry","modification_date":"2015-03-05"},{"geonameid":"2422457","name":"Coyah","asciiname":"Coyah","alternatenames":["Coya","Coyah","Koyah"],"latitude":"9.70643","longitude":"-13.38465","feature_class":"P","feature_code":"PPLA2","country_code":"GN","cc2":"","admin1_code":"D","admin2_code":"30","admin3_code":"","admin4_code":"","population":"77103","elevation":"","dem":"13","timezone":"Africa/Conakry","modification_date":"2015-03-06"},{"geonameid":"2422465","name":"Conakry","asciiname":"Conakry","alternatenames":["CKY","Conacri","Conakry","Konakri","Konakrio","Konakris","Konakry","ke na ke li","konakeuli","konakuri","Κόνακρι","Конакри","קונאקרי","コナクリ","科納克里","코나크리"],"latitude":"9.53795","longitude":"-13.67729","feature_class":"P","feature_code":"PPLC","country_code":"GN","cc2":"","admin1_code":"04","admin2_code":"","admin3_code":"","admin4_code":"","population":"1767200","elevation":"","dem":"13","timezone":"Africa/Conakry","modification_date":"2010-05-30"},{"geonameid":"2422488","name":"Camayenne","asciiname":"Camayenne","alternatenames":["Camayen","Camayenne"],"latitude":"9.535","longitude":"-13.68778","feature_class":"P","feature_code":"PPL","country_code":"GN","cc2":"","admin1_code":"04","admin2_code":"","admin3_code":"","admin4_code":"","population":"1871242","elevation":"","dem":"6","timezone":"Africa/Conakry","modification_date":"2012-01-18"},{"geonameid":"2422924","name":"Boké","asciiname":"Boke","alternatenames":["Boke","Boké","Boque","Boqué"],"latitude":"10.93217","longitude":"-14.29055","feature_class":"P","feature_code":"PPLA","country_code":"GN","cc2":"","admin1_code":"B","admin2_code":"03","admin3_code":"","admin4_code":"","population":"15460","elevation":"","dem":"49","timezone":"Africa/Conakry","modification_date":"2015-03-05"},{"geonameid":"2422968","name":"Boffa","asciiname":"Boffa","alternatenames":["Boffa","Bomma"],"latitude":"10.16667","longitude":"-14.03333","feature_class":"P","feature_code":"PPLA2","country_code":"GN","cc2":"","admin1_code":"B","admin2_code":"02","admin3_code":"","admin4_code":"","population":"2332","elevation":"","dem":"0","timezone":"Africa/Conakry","modification_date":"2012-07-07"},{"geonameid":"2423126","name":"Beyla","asciiname":"Beyla","alternatenames":["Beyla"],"latitude":"8.69011","longitude":"-8.64869","feature_class":"P","feature_code":"PPLA2","country_code":"GN","cc2":"","admin1_code":"N","admin2_code":"01","admin3_code":"","admin4_code":"","population":"11566","elevation":"","dem":"684","timezone":"Africa/Conakry","modification_date":"2015-03-06"},{"geonameid":"2578880","name":"Lélouma","asciiname":"Lelouma","alternatenames":["Lelouma","Lélouma"],"latitude":"11.42383","longitude":"-12.68183","feature_class":"P","feature_code":"PPLA2","country_code":"GN","cc2":"","admin1_code":"L","admin2_code":"35","admin3_code":"","admin4_code":"","population":"4777","elevation":"","dem":"955","timezone":"Africa/Conakry","modification_date":"2015-03-06"}]}