{"country_data":{"ISO":"GY","ISO3":"GUY","ISO_Numeric":"328","fips":"GY","country":"Guyana","capital":"Georgetown","area":"214970","Population":"748486","Continent":"SA","tld":".gy","CurrencyCode":"GYD","CurrencyName":"Dollar","Phone":"592","Postal_Code_Format":"","Postal_Code_Regex":"","Languages":"en-GY","geonameid":"3378535","neighbours":"SR,BR,VE","EquivalentFipsCode":""},"cities":[{"geonameid":"3375409","name":"Vreed-en-Hoop","asciiname":"Vreed-en-Hoop","alternatenames":["Vreed en Hoop","Vreed-en-Hoop"],"latitude":"6.80927","longitude":"-58.19798","feature_class":"P","feature_code":"PPLA","country_code":"GY","cc2":"","admin1_code":"14","admin2_code":"","admin3_code":"","admin4_code":"","population":"3073","elevation":"1","dem":"3","timezone":"America/Guyana","modification_date":"2013-05-05"},{"geonameid":"3375941","name":"Skeldon","asciiname":"Skeldon","alternatenames":["Number 80","SKM","Skeldon","Skeldon Place"],"latitude":"5.88333","longitude":"-57.13333","feature_class":"P","feature_code":"PPL","country_code":"GY","cc2":"","admin1_code":"13","admin2_code":"","admin3_code":"","admin4_code":"","population":"5859","elevation":"","dem":"0","timezone":"America/Guyana","modification_date":"2012-01-18"},{"geonameid":"3376223","name":"Rosignol","asciiname":"Rosignol","alternatenames":["Rosignal","Rosignol"],"latitude":"6.27095","longitude":"-57.53697","feature_class":"P","feature_code":"PPL","country_code":"GY","cc2":"","admin1_code":"15","admin2_code":"","admin3_code":"","admin4_code":"","population":"5782","elevation":"","dem":"3","timezone":"America/Guyana","modification_date":"2012-06-06"},{"geonameid":"3376520","name":"Parika","asciiname":"Parika","alternatenames":[""],"latitude":"6.83712","longitude":"-58.42941","feature_class":"P","feature_code":"PPL","country_code":"GY","cc2":"","admin1_code":"14","admin2_code":"","admin3_code":"","admin4_code":"","population":"4081","elevation":"","dem":"10","timezone":"America/Guyana","modification_date":"2010-07-05"},{"geonameid":"3376762","name":"New Amsterdam","asciiname":"New Amsterdam","alternatenames":["New Amsterdam","QSX"],"latitude":"6.24793","longitude":"-57.5171","feature_class":"P","feature_code":"PPLA","country_code":"GY","cc2":"","admin1_code":"13","admin2_code":"","admin3_code":"","admin4_code":"","population":"35039","elevation":"","dem":"7","timezone":"America/Guyana","modification_date":"2013-06-27"},{"geonameid":"3377263","name":"Mahdia","asciiname":"Mahdia","alternatenames":["MHA","Mahdia"],"latitude":"5.26667","longitude":"-59.15","feature_class":"P","feature_code":"PPLA","country_code":"GY","cc2":"","admin1_code":"17","admin2_code":"","admin3_code":"","admin4_code":"","population":"4200","elevation":"","dem":"81","timezone":"America/Guyana","modification_date":"2013-08-11"},{"geonameid":"3377265","name":"Mahaicony Village","asciiname":"Mahaicony Village","alternatenames":["Mahaicony","Mahaicony Village"],"latitude":"6.57633","longitude":"-57.80486","feature_class":"P","feature_code":"PPL","country_code":"GY","cc2":"","admin1_code":"15","admin2_code":"","admin3_code":"","admin4_code":"","population":"2130","elevation":"","dem":"4","timezone":"America/Guyana","modification_date":"2012-06-06"},{"geonameid":"3377267","name":"Mahaica Village","asciiname":"Mahaica Village","alternatenames":[""],"latitude":"6.68405","longitude":"-57.92181","feature_class":"P","feature_code":"PPL","country_code":"GY","cc2":"","admin1_code":"12","admin2_code":"","admin3_code":"","admin4_code":"","population":"4867","elevation":"","dem":"5","timezone":"America/Guyana","modification_date":"2013-05-08"},{"geonameid":"3377301","name":"Mabaruma","asciiname":"Mabaruma","alternatenames":["Mabaruma","USI"],"latitude":"8.2","longitude":"-59.78333","feature_class":"P","feature_code":"PPLA","country_code":"GY","cc2":"","admin1_code":"10","admin2_code":"","admin3_code":"","admin4_code":"","population":"717","elevation":"","dem":"13","timezone":"America/Guyana","modification_date":"2012-01-16"},{"geonameid":"3377408","name":"Linden","asciiname":"Linden","alternatenames":["Linden","Линден"],"latitude":"6.00809","longitude":"-58.30714","feature_class":"P","feature_code":"PPLA","country_code":"GY","cc2":"","admin1_code":"18","admin2_code":"","admin3_code":"","admin4_code":"","population":"44690","elevation":"","dem":"4","timezone":"America/Guyana","modification_date":"2013-06-27"},{"geonameid":"3377425","name":"Lethem","asciiname":"Lethem","alternatenames":["Bon Success","LTM","Lethem","Lethen"],"latitude":"3.38333","longitude":"-59.8","feature_class":"P","feature_code":"PPLA","country_code":"GY","cc2":"","admin1_code":"19","admin2_code":"","admin3_code":"","admin4_code":"","population":"716","elevation":"","dem":"85","timezone":"America/Guyana","modification_date":"2013-06-27"},{"geonameid":"3378644","name":"Georgetown","asciiname":"Georgetown","alternatenames":["Demerara","Dzhordzhtaun","Dzordztaun","Dzordztauna","Dzordztaunas","Džordžtauna","Džordžtaunas","GEO","Georgetown","Georgetown i Guyana","Georgiopolis","Gorad Dzhordzhtaun","Gorgtauno","Jojton","Jòjtòn","Tzortztaoun","cxrc thawn","gwrgtʼwn","jarajata'una","jarj ٹawn  gyana","jarjata'una","jojitaun","jorjata'una","jorjtavun","jrj‌tawn","jwrj tawn","jwrj twghn","qiao zhi dui","qiao zhi dun","Ĝorĝtaŭno","Τζορτζτάουν","Τζώρτζταουν","Џорџтаун","Горад Джорджтаўн","Джорджтаун","Ջորջթաուն","גורגטאון","جارج ٹاؤن، گیانا","جرج‌تاون","جورج تاون","جورج توغن","جورج‌تاو","जॉर्जटाउन","ਜਾਰਜਟਾਊਨ","ଜର୍ଜଟାଉନ","ஜோர்ஜ்டவுண்","จอร์จทาวน์","ཅོར་ཅི་ཐོན།","ჯორჯტაუნი","ጆርጅታውን","ジョージタウン","乔治敦","조지타운"],"latitude":"6.80448","longitude":"-58.15527","feature_class":"P","feature_code":"PPLC","country_code":"GY","cc2":"","admin1_code":"12","admin2_code":"","admin3_code":"","admin4_code":"","population":"235017","elevation":"","dem":"3","timezone":"America/Guyana","modification_date":"2010-05-30"},{"geonameid":"3379507","name":"Bartica","asciiname":"Bartica","alternatenames":["Barteke","Bartica","GFO"],"latitude":"6.40799","longitude":"-58.62192","feature_class":"P","feature_code":"PPLA","country_code":"GY","cc2":"","admin1_code":"11","admin2_code":"","admin3_code":"","admin4_code":"","population":"11157","elevation":"","dem":"6","timezone":"America/Guyana","modification_date":"2014-10-01"},{"geonameid":"7303406","name":"Anna Regina","asciiname":"Anna Regina","alternatenames":[""],"latitude":"7.26439","longitude":"-58.50769","feature_class":"P","feature_code":"PPLA","country_code":"GY","cc2":"","admin1_code":"16","admin2_code":"","admin3_code":"","admin4_code":"","population":"12448","elevation":"","dem":"3","timezone":"America/Guyana","modification_date":"2010-07-21"},{"geonameid":"8314122","name":"Fort Wellington","asciiname":"Fort Wellington","alternatenames":["Fort Wellington","Wellington"],"latitude":"6.39087","longitude":"-57.60381","feature_class":"P","feature_code":"PPLA","country_code":"GY","cc2":"","admin1_code":"15","admin2_code":"","admin3_code":"","admin4_code":"","population":"0","elevation":"","dem":"2","timezone":"America/Guyana","modification_date":"2014-10-02"}]}