{"country_data":{"ISO":"HT","ISO3":"HTI","ISO_Numeric":"332","fips":"HA","country":"Haiti","capital":"Port-au-Prince","area":"27750","Population":"9648924","Continent":"NA","tld":".ht","CurrencyCode":"HTG","CurrencyName":"Gourde","Phone":"509","Postal_Code_Format":"HT####","Postal_Code_Regex":"^(?:HT)*(\\d{4})$","Languages":"ht,fr-HT","geonameid":"3723988","neighbours":"DO","EquivalentFipsCode":""},"cities":[{"geonameid":"3716044","name":"Verrettes","asciiname":"Verrettes","alternatenames":["Les Verettes","Les Verrettes","Veret","Verrettes","Vèrèt"],"latitude":"19.05043","longitude":"-72.46172","feature_class":"P","feature_code":"PPL","country_code":"HT","cc2":"","admin1_code":"06","admin2_code":"3717587","admin3_code":"","admin4_code":"","population":"48724","elevation":"","dem":"67","timezone":"America/Port-au-Prince","modification_date":"2014-11-06"},{"geonameid":"3716224","name":"Trou du Nord","asciiname":"Trou du Nord","alternatenames":["Le Trou","Trou","Trou di No","Trou di Nò","Trou du Nord"],"latitude":"19.61448","longitude":"-72.02075","feature_class":"P","feature_code":"PPL","country_code":"HT","cc2":"","admin1_code":"10","admin2_code":"","admin3_code":"","admin4_code":"","population":"10569","elevation":"","dem":"39","timezone":"America/Port-au-Prince","modification_date":"2014-10-01"},{"geonameid":"3716403","name":"Torbeck","asciiname":"Torbeck","alternatenames":["Tobek","Torbeck","Tòbèk"],"latitude":"18.16667","longitude":"-73.81194","feature_class":"P","feature_code":"PPL","country_code":"HT","cc2":"","admin1_code":"12","admin2_code":"","admin3_code":"","admin4_code":"","population":"1918","elevation":"","dem":"12","timezone":"America/Port-au-Prince","modification_date":"2014-10-01"},{"geonameid":"3716619","name":"Tiburon","asciiname":"Tiburon","alternatenames":["Tiburon"],"latitude":"18.32589","longitude":"-74.39598","feature_class":"P","feature_code":"PPL","country_code":"HT","cc2":"","admin1_code":"12","admin2_code":"","admin3_code":"","admin4_code":"","population":"3054","elevation":"","dem":"12","timezone":"America/Port-au-Prince","modification_date":"2013-09-10"},{"geonameid":"3716663","name":"Thomonde","asciiname":"Thomonde","alternatenames":["Thomonde","Tomond"],"latitude":"19.01568","longitude":"-71.96076","feature_class":"P","feature_code":"PPL","country_code":"HT","cc2":"","admin1_code":"07","admin2_code":"","admin3_code":"","admin4_code":"","population":"3696","elevation":"","dem":"284","timezone":"America/Port-au-Prince","modification_date":"2014-10-01"},{"geonameid":"3716667","name":"Thomazeau","asciiname":"Thomazeau","alternatenames":["Thomazeau","Tomazo"],"latitude":"18.65094","longitude":"-72.09191","feature_class":"P","feature_code":"PPL","country_code":"HT","cc2":"","admin1_code":"11","admin2_code":"","admin3_code":"","admin4_code":"","population":"52017","elevation":"","dem":"36","timezone":"America/Port-au-Prince","modification_date":"2014-10-01"},{"geonameid":"3716669","name":"Thomassique","asciiname":"Thomassique","alternatenames":["Thomassique","Tomasik"],"latitude":"19.08058","longitude":"-71.83887","feature_class":"P","feature_code":"PPL","country_code":"HT","cc2":"","admin1_code":"07","admin2_code":"","admin3_code":"","admin4_code":"","population":"4857","elevation":"","dem":"288","timezone":"America/Port-au-Prince","modification_date":"2014-10-01"},{"geonameid":"3716679","name":"Thiote","asciiname":"Thiote","alternatenames":["Cai-Tiot","Caï-Tiot","Thiote","Thiotte","Tiote","Tyot","Tyòt"],"latitude":"18.24147","longitude":"-71.84077","feature_class":"P","feature_code":"PPL","country_code":"HT","cc2":"","admin1_code":"13","admin2_code":"","admin3_code":"","admin4_code":"","population":"2461","elevation":"","dem":"893","timezone":"America/Port-au-Prince","modification_date":"2014-10-01"},{"geonameid":"3717546","name":"Saint-Raphaël","asciiname":"Saint-Raphael","alternatenames":["Saint-Raphael","Saint-Raphaël","Sen Rafayel","Sen Rafayèl"],"latitude":"19.43799","longitude":"-72.19794","feature_class":"P","feature_code":"PPL","country_code":"HT","cc2":"","admin1_code":"09","admin2_code":"","admin3_code":"","admin4_code":"","population":"37739","elevation":"","dem":"373","timezone":"America/Port-au-Prince","modification_date":"2014-10-01"},{"geonameid":"3717588","name":"Saint-Marc","asciiname":"Saint-Marc","alternatenames":["Saint-Marc","Sen-Mark","Сен-Марк"],"latitude":"19.10819","longitude":"-72.69379","feature_class":"P","feature_code":"PPL","country_code":"HT","cc2":"","admin1_code":"06","admin2_code":"","admin3_code":"","admin4_code":"","population":"66226","elevation":"","dem":"16","timezone":"America/Port-au-Prince","modification_date":"2011-03-07"},{"geonameid":"3717596","name":"Saint-Louis du Sud","asciiname":"Saint-Louis du Sud","alternatenames":["Saint Louis","Saint-Louis du Sud","Sen Lwi di Sid"],"latitude":"18.26323","longitude":"-73.54502","feature_class":"P","feature_code":"PPL","country_code":"HT","cc2":"","admin1_code":"12","admin2_code":"","admin3_code":"","admin4_code":"","population":"1528","elevation":"","dem":"15","timezone":"America/Port-au-Prince","modification_date":"2014-10-01"},{"geonameid":"3717600","name":"Saint-Louis du Nord","asciiname":"Saint-Louis du Nord","alternatenames":["Saint Louis","Saint-Louis du Nord","Sen Lwi di No","Sen Lwi di Nò"],"latitude":"19.93264","longitude":"-72.72167","feature_class":"P","feature_code":"PPL","country_code":"HT","cc2":"","admin1_code":"03","admin2_code":"","admin3_code":"","admin4_code":"","population":"11849","elevation":"","dem":"22","timezone":"America/Port-au-Prince","modification_date":"2014-10-01"},{"geonameid":"3717916","name":"Roche-à-Bateau","asciiname":"Roche-a-Bateau","alternatenames":["Roche a Bateaux","Roche-a-Bateau","Roche-à-Bateau","Wochabato","Wòchabato"],"latitude":"18.18095","longitude":"-74.00104","feature_class":"P","feature_code":"PPL","country_code":"HT","cc2":"","admin1_code":"12","admin2_code":"","admin3_code":"","admin4_code":"","population":"1662","elevation":"","dem":"32","timezone":"America/Port-au-Prince","modification_date":"2014-10-01"},{"geonameid":"3718199","name":"Ranquitte","asciiname":"Ranquitte","alternatenames":["Rankit","Ranquite","Ranquitte"],"latitude":"19.41667","longitude":"-72.08333","feature_class":"P","feature_code":"PPL","country_code":"HT","cc2":"","admin1_code":"09","admin2_code":"","admin3_code":"","admin4_code":"","population":"1391","elevation":"","dem":"398","timezone":"America/Port-au-Prince","modification_date":"2014-10-01"},{"geonameid":"3718278","name":"Quartier Morin","asciiname":"Quartier Morin","alternatenames":["Katye Moren","Qartier-Morin","Quartier Morin","Ville de Quartier Morin"],"latitude":"19.69667","longitude":"-72.15694","feature_class":"P","feature_code":"PPL","country_code":"HT","cc2":"","admin1_code":"09","admin2_code":"","admin3_code":"","admin4_code":"","population":"1299","elevation":"","dem":"17","timezone":"America/Port-au-Prince","modification_date":"2014-10-01"},{"geonameid":"3718411","name":"Port Margot","asciiname":"Port Margot","alternatenames":["Po Mago","Port Margot","Pò Mago"],"latitude":"19.751","longitude":"-72.42787","feature_class":"P","feature_code":"PPL","country_code":"HT","cc2":"","admin1_code":"09","admin2_code":"","admin3_code":"","admin4_code":"","population":"3070","elevation":"","dem":"56","timezone":"America/Port-au-Prince","modification_date":"2014-10-01"},{"geonameid":"3718420","name":"Port-de-Paix","asciiname":"Port-de-Paix","alternatenames":["PAX","Podepe","Podpe","Por-de-Pe","Port Paix","Port-de-Paix","Pòdepè","Pòdpè","he ping gang","poleudeupei","porudope","Пор-де-Пе","ポールドペ","和平港","포르드페이"],"latitude":"19.9389","longitude":"-72.83257","feature_class":"P","feature_code":"PPLA","country_code":"HT","cc2":"","admin1_code":"03","admin2_code":"","admin3_code":"","admin4_code":"","population":"250000","elevation":"","dem":"10","timezone":"America/Port-au-Prince","modification_date":"2013-08-04"},{"geonameid":"3718426","name":"Port-au-Prince","asciiname":"Port-au-Prince","alternatenames":["Gorad Port-o-Prehns","Port au Prince","Port o Prens","Port o Prensas","Port-au-Prince","Port-o-Prens","Port-o-Prins","Porto Principe","Porto Príncipe","Portoprensa","Portoprinco","Portus Principis","Potoprens","Puerto Principe","Puerto Príncipe","Pòtoprens","Ville de Port-au-Prince","bwrt aw brans","poleutopeulaengseu","porata-o-prainsa","port-o-pirins","porta-a-prinsa","porta-au-prinsa","porta-o-prinsa","porutopuransu","pwrtw prns","tai zi gang","Πορτ-ο-Πρενς","Горад Порт-о-Прэнс","Порт о Пренс","Порт-о-Пренс","Պորտ-օ-Պրենս","פורט או פרינס","פורט-או-פרנס","بورت أو برانس","پورتو پرنس","پورٹ او پرنس","पोर्ट-ऑ-प्रिंस","पोर्ट-औ-प्रिन्स","পোর্ট-অ-প্রিন্স","ਪੋਰਤ-ਓ-ਪ੍ਰੈਂਸ","போர்ட்-ஓ-பிரின்ஸ்","ปอร์โตแปรงซ์","པོ་རོ་ཊི་ཨའུ་པི་རིན་སི།","პორტ-ო-პრენსი","ፖርቶፕሪንስ","ポルトープランス","太子港","포르토프랭스"],"latitude":"18.53917","longitude":"-72.335","feature_class":"P","feature_code":"PPLC","country_code":"HT","cc2":"","admin1_code":"11","admin2_code":"","admin3_code":"","admin4_code":"","population":"1234742","elevation":"","dem":"44","timezone":"America/Port-au-Prince","modification_date":"2015-01-07"},{"geonameid":"3718431","name":"Port-à-Piment","asciiname":"Port-a-Piment","alternatenames":["Port Piment","Port-a-Piment","Port-à-Piment"],"latitude":"18.24963","longitude":"-74.0971","feature_class":"P","feature_code":"PPL","country_code":"HT","cc2":"","admin1_code":"12","admin2_code":"","admin3_code":"","admin4_code":"","population":"3819","elevation":"","dem":"12","timezone":"America/Port-au-Prince","modification_date":"2013-09-10"},{"geonameid":"3718666","name":"Plaisance","asciiname":"Plaisance","alternatenames":["Plaisance","Plezans"],"latitude":"19.5969","longitude":"-72.46477","feature_class":"P","feature_code":"PPL","country_code":"HT","cc2":"","admin1_code":"09","admin2_code":"","admin3_code":"","admin4_code":"","population":"4152","elevation":"","dem":"395","timezone":"America/Port-au-Prince","modification_date":"2014-10-01"},{"geonameid":"3718707","name":"Plaine du Nord","asciiname":"Plaine du Nord","alternatenames":["Plaine du Nord","Plen di No","Plèn di Nò"],"latitude":"19.67477","longitude":"-72.26761","feature_class":"P","feature_code":"PPL","country_code":"HT","cc2":"","admin1_code":"09","admin2_code":"","admin3_code":"","admin4_code":"","population":"2492","elevation":"","dem":"20","timezone":"America/Port-au-Prince","modification_date":"2014-10-01"},{"geonameid":"3718826","name":"Pilate","asciiname":"Pilate","alternatenames":["Pilat","Pilate"],"latitude":"19.66667","longitude":"-72.55","feature_class":"P","feature_code":"PPL","country_code":"HT","cc2":"","admin1_code":"09","admin2_code":"","admin3_code":"","admin4_code":"","population":"4227","elevation":"","dem":"283","timezone":"America/Port-au-Prince","modification_date":"2014-10-01"},{"geonameid":"3718834","name":"Pignon","asciiname":"Pignon","alternatenames":["Dignon","Pignon","Piyon"],"latitude":"19.33512","longitude":"-72.11252","feature_class":"P","feature_code":"PPL","country_code":"HT","cc2":"","admin1_code":"09","admin2_code":"","admin3_code":"","admin4_code":"","population":"6731","elevation":"","dem":"334","timezone":"America/Port-au-Prince","modification_date":"2014-10-01"},{"geonameid":"3718924","name":"Phaéton","asciiname":"Phaeton","alternatenames":[""],"latitude":"19.67417","longitude":"-71.89722","feature_class":"P","feature_code":"PPL","country_code":"HT","cc2":"","admin1_code":"10","admin2_code":"","admin3_code":"","admin4_code":"","population":"2297","elevation":"","dem":"8","timezone":"America/Port-au-Prince","modification_date":"2006-01-17"},{"geonameid":"3718938","name":"Petit Trou de Nippes","asciiname":"Petit Trou de Nippes","alternatenames":["Petit Trou"],"latitude":"18.52535","longitude":"-73.50815","feature_class":"P","feature_code":"PPL","country_code":"HT","cc2":"","admin1_code":"15","admin2_code":"","admin3_code":"","admin4_code":"","population":"2130","elevation":"","dem":"6","timezone":"America/Port-au-Prince","modification_date":"2013-08-08"},{"geonameid":"3718962","name":"Tigwav","asciiname":"Tigwav","alternatenames":["Petit Goave","Petit Goâve","Tigwav","Ville de Petit Goave","Ville de Petit Goâve"],"latitude":"18.42939","longitude":"-72.86297","feature_class":"P","feature_code":"PPL","country_code":"HT","cc2":"","admin1_code":"11","admin2_code":"","admin3_code":"","admin4_code":"","population":"117504","elevation":"","dem":"23","timezone":"America/Port-au-Prince","modification_date":"2014-10-01"},{"geonameid":"3718975","name":"Petite Rivière de Nippes","asciiname":"Petite Riviere de Nippes","alternatenames":["Ville de Petite Riviere","Ville de Petite Rivière"],"latitude":"18.47611","longitude":"-73.23495","feature_class":"P","feature_code":"PPL","country_code":"HT","cc2":"","admin1_code":"14","admin2_code":"","admin3_code":"","admin4_code":"","population":"1794","elevation":"","dem":"15","timezone":"America/Port-au-Prince","modification_date":"2011-01-10"},{"geonameid":"3719008","name":"Petite Anse","asciiname":"Petite Anse","alternatenames":[""],"latitude":"19.62972","longitude":"-73.15444","feature_class":"P","feature_code":"PPL","country_code":"HT","cc2":"","admin1_code":"03","admin2_code":"","admin3_code":"","admin4_code":"","population":"1539","elevation":"","dem":"7","timezone":"America/Port-au-Prince","modification_date":"2006-01-17"},{"geonameid":"3719028","name":"Pétionville","asciiname":"Petionville","alternatenames":["Petionville","Petyon-Vil","Pétionville","Ville de Petion-Ville","Ville de Pétion-Ville"],"latitude":"18.5125","longitude":"-72.28528","feature_class":"P","feature_code":"PPL","country_code":"HT","cc2":"","admin1_code":"11","admin2_code":"","admin3_code":"","admin4_code":"","population":"283052","elevation":"","dem":"389","timezone":"America/Port-au-Prince","modification_date":"2014-10-15"},{"geonameid":"3719099","name":"Perches","asciiname":"Perches","alternatenames":["Pech","Perches","Pèch"],"latitude":"19.5206","longitude":"-71.92054","feature_class":"P","feature_code":"PPL","country_code":"HT","cc2":"","admin1_code":"10","admin2_code":"","admin3_code":"","admin4_code":"","population":"1889","elevation":"","dem":"116","timezone":"America/Port-au-Prince","modification_date":"2014-10-01"},{"geonameid":"3719436","name":"Ouanaminthe","asciiname":"Ouanaminthe","alternatenames":["Juana Mendez","Ouanaminthe","Quanamenthe","Wanament"],"latitude":"19.54807","longitude":"-71.72397","feature_class":"P","feature_code":"PPL","country_code":"HT","cc2":"","admin1_code":"10","admin2_code":"","admin3_code":"","admin4_code":"","population":"10118","elevation":"","dem":"45","timezone":"America/Port-au-Prince","modification_date":"2014-10-01"},{"geonameid":"3720455","name":"Moron","asciiname":"Moron","alternatenames":["Bourg de Moron","Monwon","Moron","Ville de Moron"],"latitude":"18.55757","longitude":"-74.25765","feature_class":"P","feature_code":"PPL","country_code":"HT","cc2":"","admin1_code":"14","admin2_code":"","admin3_code":"","admin4_code":"","population":"1830","elevation":"","dem":"76","timezone":"America/Port-au-Prince","modification_date":"2014-10-01"},{"geonameid":"3720667","name":"Mont Organisé","asciiname":"Mont Organise","alternatenames":["Lassalle","Mont Organise","Mont Organisé","Montorganize","Montòrganize"],"latitude":"19.40658","longitude":"-71.78077","feature_class":"P","feature_code":"PPL","country_code":"HT","cc2":"","admin1_code":"10","admin2_code":"","admin3_code":"","admin4_code":"","population":"2104","elevation":"","dem":"670","timezone":"America/Port-au-Prince","modification_date":"2014-10-01"},{"geonameid":"3720765","name":"Môle Saint-Nicolas","asciiname":"Mole Saint-Nicolas","alternatenames":["Le Mole","Le Mole Saint Nicolas","Le Môle","Le Môle Saint Nicolas","Mole Saint-Nicolas","Mole Taint-Nicolas","Môle Saint-Nicolas"],"latitude":"19.807","longitude":"-73.37605","feature_class":"P","feature_code":"PPL","country_code":"HT","cc2":"","admin1_code":"03","admin2_code":"","admin3_code":"","admin4_code":"","population":"3224","elevation":"","dem":"8","timezone":"America/Port-au-Prince","modification_date":"2014-04-15"},{"geonameid":"3720811","name":"Mirebalais","asciiname":"Mirebalais","alternatenames":["Bourg Saint Louis","Mibale","Mibalè","Mirebalais"],"latitude":"18.83333","longitude":"-72.10528","feature_class":"P","feature_code":"PPL","country_code":"HT","cc2":"","admin1_code":"07","admin2_code":"","admin3_code":"","admin4_code":"","population":"9082","elevation":"","dem":"121","timezone":"America/Port-au-Prince","modification_date":"2014-10-01"},{"geonameid":"3720824","name":"Miragoâne","asciiname":"Miragoane","alternatenames":[""],"latitude":"18.44232","longitude":"-73.08758","feature_class":"P","feature_code":"PPLA","country_code":"HT","cc2":"","admin1_code":"15","admin2_code":"","admin3_code":"","admin4_code":"","population":"89202","elevation":"","dem":"46","timezone":"America/Port-au-Prince","modification_date":"2010-01-27"},{"geonameid":"3720854","name":"Milot","asciiname":"Milot","alternatenames":["Milo","Milot"],"latitude":"19.6057","longitude":"-72.20989","feature_class":"P","feature_code":"PPL","country_code":"HT","cc2":"","admin1_code":"09","admin2_code":"","admin3_code":"","admin4_code":"","population":"5534","elevation":"","dem":"214","timezone":"America/Port-au-Prince","modification_date":"2014-10-01"},{"geonameid":"3721280","name":"Marmelade","asciiname":"Marmelade","alternatenames":["Mamelad","Marmeiade","Marmelade"],"latitude":"19.51602","longitude":"-72.35871","feature_class":"P","feature_code":"PPL","country_code":"HT","cc2":"","admin1_code":"06","admin2_code":"","admin3_code":"","admin4_code":"","population":"2184","elevation":"","dem":"759","timezone":"America/Port-au-Prince","modification_date":"2014-10-01"},{"geonameid":"3721313","name":"Marigot","asciiname":"Marigot","alternatenames":["Marigo","Marigot"],"latitude":"18.23231","longitude":"-72.31428","feature_class":"P","feature_code":"PPL","country_code":"HT","cc2":"","admin1_code":"13","admin2_code":"","admin3_code":"","admin4_code":"","population":"1698","elevation":"","dem":"15","timezone":"America/Port-au-Prince","modification_date":"2014-10-01"},{"geonameid":"3721711","name":"Mayisad","asciiname":"Mayisad","alternatenames":["Maissade","Mayisad","Maïssade"],"latitude":"19.17334","longitude":"-72.13456","feature_class":"P","feature_code":"PPL","country_code":"HT","cc2":"","admin1_code":"07","admin2_code":"","admin3_code":"","admin4_code":"","population":"5204","elevation":"","dem":"273","timezone":"America/Port-au-Prince","modification_date":"2014-10-01"},{"geonameid":"3722110","name":"Limonade","asciiname":"Limonade","alternatenames":["Limonad","Limonade"],"latitude":"19.66775","longitude":"-72.12284","feature_class":"P","feature_code":"PPL","country_code":"HT","cc2":"","admin1_code":"09","admin2_code":"","admin3_code":"","admin4_code":"","population":"3810","elevation":"","dem":"22","timezone":"America/Port-au-Prince","modification_date":"2014-10-01"},{"geonameid":"3722124","name":"Lenbe","asciiname":"Lenbe","alternatenames":["Le Limbe","Lenbe","Limbe","Limbé","Ville de Limbe","Ville de Limbé","Лимбе"],"latitude":"19.70409","longitude":"-72.40027","feature_class":"P","feature_code":"PPL","country_code":"HT","cc2":"","admin1_code":"09","admin2_code":"","admin3_code":"","admin4_code":"","population":"32645","elevation":"","dem":"34","timezone":"America/Port-au-Prince","modification_date":"2014-10-01"},{"geonameid":"3722239","name":"Les Irois","asciiname":"Les Irois","alternatenames":["Irois","Les Irois"],"latitude":"18.4049","longitude":"-74.4528","feature_class":"P","feature_code":"PPL","country_code":"HT","cc2":"","admin1_code":"14","admin2_code":"","admin3_code":"","admin4_code":"","population":"2265","elevation":"","dem":"14","timezone":"America/Port-au-Prince","modification_date":"2013-09-10"},{"geonameid":"3722253","name":"Les Anglais","asciiname":"Les Anglais","alternatenames":["Anglais","Les Anglais","Ville des Anglais"],"latitude":"18.3054","longitude":"-74.21968","feature_class":"P","feature_code":"PPL","country_code":"HT","cc2":"","admin1_code":"12","admin2_code":"","admin3_code":"","admin4_code":"","population":"8247","elevation":"","dem":"12","timezone":"America/Port-au-Prince","modification_date":"2011-01-10"},{"geonameid":"3722286","name":"Léogâne","asciiname":"Leogane","alternatenames":["Leogane","Leyogan","Leyogàn","Léogâne","Ville de Leogane","Ville de Léogane","Yaguana"],"latitude":"18.50959","longitude":"-72.63147","feature_class":"P","feature_code":"PPL","country_code":"HT","cc2":"","admin1_code":"11","admin2_code":"","admin3_code":"","admin4_code":"","population":"134190","elevation":"","dem":"22","timezone":"America/Port-au-Prince","modification_date":"2014-10-01"},{"geonameid":"3722339","name":"Le Borgne","asciiname":"Le Borgne","alternatenames":["Borgne","La Borgne","Le Borgne","Le Rorgne","Oboy","Obòy","Ville du Borgne"],"latitude":"19.84187","longitude":"-72.5206","feature_class":"P","feature_code":"PPL","country_code":"HT","cc2":"","admin1_code":"09","admin2_code":"","admin3_code":"","admin4_code":"","population":"4288","elevation":"","dem":"44","timezone":"America/Port-au-Prince","modification_date":"2014-10-01"},{"geonameid":"3722579","name":"Lascahobas","asciiname":"Lascahobas","alternatenames":["Las Cahobes","Las Caobas","Lascahobas","Laskawobas","Ville de Lascahobas"],"latitude":"18.82902","longitude":"-71.93299","feature_class":"P","feature_code":"PPL","country_code":"HT","cc2":"","admin1_code":"07","admin2_code":"","admin3_code":"","admin4_code":"","population":"7574","elevation":"","dem":"224","timezone":"America/Port-au-Prince","modification_date":"2014-10-01"},{"geonameid":"3723440","name":"Kenscoff","asciiname":"Kenscoff","alternatenames":["Kenscoff","Kenskof","Kenskoff","Kenskòf"],"latitude":"18.44773","longitude":"-72.28485","feature_class":"P","feature_code":"PPL","country_code":"HT","cc2":"","admin1_code":"11","admin2_code":"","admin3_code":"","admin4_code":"","population":"42175","elevation":"","dem":"1476","timezone":"America/Port-au-Prince","modification_date":"2014-10-01"},{"geonameid":"3723593","name":"Jérémie","asciiname":"Jeremie","alternatenames":["JEE","Jeremi","Jeremie","Jérémie","Zheremi","Жереми"],"latitude":"18.65","longitude":"-74.11667","feature_class":"P","feature_code":"PPLA","country_code":"HT","cc2":"","admin1_code":"14","admin2_code":"","admin3_code":"","admin4_code":"","population":"97503","elevation":"","dem":"12","timezone":"America/Port-au-Prince","modification_date":"2014-11-02"},{"geonameid":"3723618","name":"Jean-Rabel","asciiname":"Jean-Rabel","alternatenames":["Jan Rabel","Jan Rabèl","Jean-Rabel","Ville de Jean Rabel"],"latitude":"19.85333","longitude":"-73.19167","feature_class":"P","feature_code":"PPL","country_code":"HT","cc2":"","admin1_code":"03","admin2_code":"","admin3_code":"","admin4_code":"","population":"5419","elevation":"","dem":"70","timezone":"America/Port-au-Prince","modification_date":"2014-10-01"},{"geonameid":"3723779","name":"Jacmel","asciiname":"Jacmel","alternatenames":["JAK","Jacmel","Jakmel","Jakmèl","Zhakmel'","Zhakmele","jakumeru","ya ke mei lei","zʼqml","Жакмеле","Жакмель","זאקמל","ジャクメル","雅克梅勒"],"latitude":"18.23427","longitude":"-72.53539","feature_class":"P","feature_code":"PPLA","country_code":"HT","cc2":"","admin1_code":"13","admin2_code":"","admin3_code":"","admin4_code":"","population":"137966","elevation":"","dem":"33","timezone":"America/Port-au-Prince","modification_date":"2014-10-01"},{"geonameid":"3723841","name":"Hinche","asciiname":"Hinche","alternatenames":["Ench","Hinche"],"latitude":"19.15","longitude":"-72.01667","feature_class":"P","feature_code":"PPLA","country_code":"HT","cc2":"","admin1_code":"07","admin2_code":"","admin3_code":"","admin4_code":"","population":"18590","elevation":"","dem":"237","timezone":"America/Port-au-Prince","modification_date":"2014-10-01"},{"geonameid":"3724145","name":"Gros Morne","asciiname":"Gros Morne","alternatenames":["Gromon","Gromòn","Gros Morne"],"latitude":"19.66825","longitude":"-72.67761","feature_class":"P","feature_code":"PPL","country_code":"HT","cc2":"","admin1_code":"06","admin2_code":"","admin3_code":"","admin4_code":"","population":"7294","elevation":"","dem":"216","timezone":"America/Port-au-Prince","modification_date":"2014-10-01"},{"geonameid":"3724233","name":"Gressier","asciiname":"Gressier","alternatenames":["Gressier"],"latitude":"18.55","longitude":"-72.51667","feature_class":"P","feature_code":"PPL","country_code":"HT","cc2":"","admin1_code":"11","admin2_code":"","admin3_code":"","admin4_code":"","population":"25947","elevation":"","dem":"33","timezone":"America/Port-au-Prince","modification_date":"2012-01-19"},{"geonameid":"3724337","name":"Grangwav","asciiname":"Grangwav","alternatenames":["Grand Goave","Grand Goâve","Grande Goave","Grangwav"],"latitude":"18.4262","longitude":"-72.76653","feature_class":"P","feature_code":"PPL","country_code":"HT","cc2":"","admin1_code":"11","admin2_code":"","admin3_code":"","admin4_code":"","population":"49288","elevation":"","dem":"25","timezone":"America/Port-au-Prince","modification_date":"2014-10-01"},{"geonameid":"3724432","name":"Grande Saline","asciiname":"Grande Saline","alternatenames":["Grand Saline","Grande Saline","Ville de Grande Saline"],"latitude":"19.26513","longitude":"-72.76897","feature_class":"P","feature_code":"PPL","country_code":"HT","cc2":"","admin1_code":"06","admin2_code":"","admin3_code":"","admin4_code":"","population":"1787","elevation":"","dem":"3","timezone":"America/Port-au-Prince","modification_date":"2011-01-10"},{"geonameid":"3724439","name":"Grande Rivière du Nord","asciiname":"Grande Riviere du Nord","alternatenames":["Grand Riviere","Grande Riviere","Grande Riviere du Nord","Grande Rivière du Nord","Grann Rivye di No","Grann Rivyè di Nò","Sainte Rose","Ville de Grande Riviere du Nord","Ville de Grande Rivière du Nord"],"latitude":"19.57648","longitude":"-72.16576","feature_class":"P","feature_code":"PPL","country_code":"HT","cc2":"","admin1_code":"09","admin2_code":"","admin3_code":"","admin4_code":"","population":"8836","elevation":"","dem":"67","timezone":"America/Port-au-Prince","modification_date":"2014-10-01"},{"geonameid":"3724696","name":"Gonayiv","asciiname":"Gonayiv","alternatenames":["Gonaiv","Gonaives","Gonayiv","Gonaïves","Les Gonaives","Les Gonaïves","Ville des Gonaives","Ville des Gonaïves","Гонаив"],"latitude":"19.44749","longitude":"-72.68903","feature_class":"P","feature_code":"PPLA","country_code":"HT","cc2":"","admin1_code":"06","admin2_code":"","admin3_code":"","admin4_code":"","population":"84961","elevation":"","dem":"5","timezone":"America/Port-au-Prince","modification_date":"2014-10-01"},{"geonameid":"3725170","name":"Fort Liberté","asciiname":"Fort Liberte","alternatenames":["Folibete","Fort Liberte","Fort Liberté","Fort-Dauphin","Fòlibète","Ville de Fort Liberte","Ville de Fort Liberté"],"latitude":"19.66273","longitude":"-71.83798","feature_class":"P","feature_code":"PPLA","country_code":"HT","cc2":"","admin1_code":"10","admin2_code":"","admin3_code":"","admin4_code":"","population":"11465","elevation":"","dem":"8","timezone":"America/Port-au-Prince","modification_date":"2014-10-01"},{"geonameid":"3725222","name":"Fond Verrettes","asciiname":"Fond Verrettes","alternatenames":["Fon Veret","Fon Vèrèt","Fond Verrettes","Fonds Verettes","La Mission"],"latitude":"18.39249","longitude":"-71.85447","feature_class":"P","feature_code":"PPL","country_code":"HT","cc2":"","admin1_code":"11","admin2_code":"","admin3_code":"","admin4_code":"","population":"2789","elevation":"","dem":"869","timezone":"America/Port-au-Prince","modification_date":"2014-10-01"},{"geonameid":"3725276","name":"Fond Parisien","asciiname":"Fond Parisien","alternatenames":[""],"latitude":"18.50583","longitude":"-71.97667","feature_class":"P","feature_code":"PPL","country_code":"HT","cc2":"","admin1_code":"11","admin2_code":"","admin3_code":"","admin4_code":"","population":"18256","elevation":"","dem":"43","timezone":"America/Port-au-Prince","modification_date":"2006-01-17"},{"geonameid":"3725364","name":"Fond des Blancs","asciiname":"Fond des Blancs","alternatenames":["Fond des Blancs"],"latitude":"18.28194","longitude":"-73.13218","feature_class":"P","feature_code":"PPL","country_code":"HT","cc2":"","admin1_code":"12","admin2_code":"","admin3_code":"","admin4_code":"","population":"2653","elevation":"","dem":"304","timezone":"America/Port-au-Prince","modification_date":"2013-08-07"},{"geonameid":"3725416","name":"Fond Bassin Bleu","asciiname":"Fond Bassin Bleu","alternatenames":[""],"latitude":"19.8","longitude":"-72.8","feature_class":"P","feature_code":"PPL","country_code":"HT","cc2":"","admin1_code":"03","admin2_code":"","admin3_code":"","admin4_code":"","population":"1184","elevation":"","dem":"141","timezone":"America/Port-au-Prince","modification_date":"2006-01-17"},{"geonameid":"3725519","name":"Ferrier","asciiname":"Ferrier","alternatenames":["Ferie","Ferié","Ferrier","Ferye","Fèrye"],"latitude":"19.6141","longitude":"-71.77785","feature_class":"P","feature_code":"PPL","country_code":"HT","cc2":"","admin1_code":"10","admin2_code":"","admin3_code":"","admin4_code":"","population":"3804","elevation":"","dem":"18","timezone":"America/Port-au-Prince","modification_date":"2014-10-01"},{"geonameid":"3725663","name":"Ennery","asciiname":"Ennery","alternatenames":["Ennery","Ennri"],"latitude":"19.48333","longitude":"-72.48333","feature_class":"P","feature_code":"PPL","country_code":"HT","cc2":"","admin1_code":"06","admin2_code":"","admin3_code":"","admin4_code":"","population":"1511","elevation":"","dem":"336","timezone":"America/Port-au-Prince","modification_date":"2014-10-01"},{"geonameid":"3726263","name":"Dondon","asciiname":"Dondon","alternatenames":["Dondon"],"latitude":"19.5262","longitude":"-72.24031","feature_class":"P","feature_code":"PPL","country_code":"HT","cc2":"","admin1_code":"09","admin2_code":"","admin3_code":"","admin4_code":"","population":"5029","elevation":"","dem":"420","timezone":"America/Port-au-Prince","modification_date":"2013-08-07"},{"geonameid":"3726540","name":"Dessalines","asciiname":"Dessalines","alternatenames":["Desalin","Dessalines","Marchand"],"latitude":"19.26163","longitude":"-72.51349","feature_class":"P","feature_code":"PPL","country_code":"HT","cc2":"","admin1_code":"06","admin2_code":"","admin3_code":"","admin4_code":"","population":"12288","elevation":"","dem":"30","timezone":"America/Port-au-Prince","modification_date":"2014-10-01"},{"geonameid":"3726674","name":"Désarmes","asciiname":"Desarmes","alternatenames":[""],"latitude":"18.9916","longitude":"-72.38528","feature_class":"P","feature_code":"PPL","country_code":"HT","cc2":"","admin1_code":"06","admin2_code":"","admin3_code":"","admin4_code":"","population":"15594","elevation":"","dem":"68","timezone":"America/Port-au-Prince","modification_date":"2013-08-07"},{"geonameid":"3726728","name":"Dérac","asciiname":"Derac","alternatenames":["Derac","Dérac","Lagnon"],"latitude":"19.65","longitude":"-71.81667","feature_class":"P","feature_code":"PPL","country_code":"HT","cc2":"","admin1_code":"10","admin2_code":"","admin3_code":"","admin4_code":"","population":"1855","elevation":"","dem":"4","timezone":"America/Port-au-Prince","modification_date":"2012-01-19"},{"geonameid":"3726786","name":"Delmas 73","asciiname":"Delmas 73","alternatenames":[""],"latitude":"18.54472","longitude":"-72.30278","feature_class":"P","feature_code":"PPL","country_code":"HT","cc2":"","admin1_code":"11","admin2_code":"","admin3_code":"","admin4_code":"","population":"382920","elevation":"","dem":"129","timezone":"America/Port-au-Prince","modification_date":"2007-04-09"},{"geonameid":"3727055","name":"Dame-Marie","asciiname":"Dame-Marie","alternatenames":["Dame-Marie","Ville de Dame Marie"],"latitude":"18.56107","longitude":"-74.42167","feature_class":"P","feature_code":"PPL","country_code":"HT","cc2":"","admin1_code":"14","admin2_code":"","admin3_code":"","admin4_code":"","population":"6036","elevation":"","dem":"17","timezone":"America/Port-au-Prince","modification_date":"2013-09-10"},{"geonameid":"3727135","name":"Croix des Bouquets","asciiname":"Croix des Bouquets","alternatenames":[""],"latitude":"18.57512","longitude":"-72.22302","feature_class":"P","feature_code":"PPLX","country_code":"HT","cc2":"","admin1_code":"11","admin2_code":"","admin3_code":"","admin4_code":"","population":"229127","elevation":"","dem":"68","timezone":"America/Port-au-Prince","modification_date":"2013-08-07"},{"geonameid":"3727287","name":"Côtes-de-Fer","asciiname":"Cotes-de-Fer","alternatenames":["Cote de Fer","Cotes-de-Fer","Côtes-de-Fer","Kotdefe","Kotdefè"],"latitude":"18.18847","longitude":"-73.00203","feature_class":"P","feature_code":"PPL","country_code":"HT","cc2":"","admin1_code":"12","admin2_code":"","admin3_code":"","admin4_code":"","population":"2393","elevation":"","dem":"28","timezone":"America/Port-au-Prince","modification_date":"2014-10-01"},{"geonameid":"3727297","name":"Coteaux","asciiname":"Coteaux","alternatenames":["Coteau","Coteaux","Koto","Les Coteaux"],"latitude":"18.20599","longitude":"-74.03954","feature_class":"P","feature_code":"PPL","country_code":"HT","cc2":"","admin1_code":"12","admin2_code":"","admin3_code":"","admin4_code":"","population":"2065","elevation":"","dem":"12","timezone":"America/Port-au-Prince","modification_date":"2014-10-01"},{"geonameid":"3727327","name":"Cornillon","asciiname":"Cornillon","alternatenames":["Cornillon","Grands Bois","Koniyon","Kòniyon"],"latitude":"18.67429","longitude":"-71.9515","feature_class":"P","feature_code":"PPL","country_code":"HT","cc2":"","admin1_code":"11","admin2_code":"","admin3_code":"","admin4_code":"","population":"7572","elevation":"","dem":"980","timezone":"America/Port-au-Prince","modification_date":"2014-10-01"},{"geonameid":"3727398","name":"Corail","asciiname":"Corail","alternatenames":["Corail","Koray"],"latitude":"18.56585","longitude":"-73.89464","feature_class":"P","feature_code":"PPL","country_code":"HT","cc2":"","admin1_code":"14","admin2_code":"","admin3_code":"","admin4_code":"","population":"2782","elevation":"","dem":"18","timezone":"America/Port-au-Prince","modification_date":"2014-10-01"},{"geonameid":"3727902","name":"Chardonnière","asciiname":"Chardonniere","alternatenames":["Chardonniere","Chardonnieres","Chardonnière","Chardonnières","Ville de Chardonniere","Ville de Chardonnière"],"latitude":"18.27484","longitude":"-74.16613","feature_class":"P","feature_code":"PPL","country_code":"HT","cc2":"","admin1_code":"12","admin2_code":"","admin3_code":"","admin4_code":"","population":"3930","elevation":"","dem":"12","timezone":"America/Port-au-Prince","modification_date":"2011-01-10"},{"geonameid":"3727944","name":"Chantal","asciiname":"Chantal","alternatenames":["Chantal"],"latitude":"18.2011","longitude":"-73.88948","feature_class":"P","feature_code":"PPL","country_code":"HT","cc2":"","admin1_code":"12","admin2_code":"","admin3_code":"","admin4_code":"","population":"1848","elevation":"","dem":"54","timezone":"America/Port-au-Prince","modification_date":"2013-08-07"},{"geonameid":"3727984","name":"Chambellan","asciiname":"Chambellan","alternatenames":["Chambellan","Chanbelan","Chanbèlan"],"latitude":"18.56667","longitude":"-74.31667","feature_class":"P","feature_code":"PPL","country_code":"HT","cc2":"","admin1_code":"14","admin2_code":"","admin3_code":"","admin4_code":"","population":"1397","elevation":"","dem":"590","timezone":"America/Port-au-Prince","modification_date":"2014-10-01"},{"geonameid":"3728054","name":"Cerca la Source","asciiname":"Cerca la Source","alternatenames":["Cerca la Source","La Source","Seka Lasous","Sèka Lasous","Ville de Cerca la Source"],"latitude":"19.16271","longitude":"-71.7904","feature_class":"P","feature_code":"PPL","country_code":"HT","cc2":"","admin1_code":"07","admin2_code":"","admin3_code":"","admin4_code":"","population":"2792","elevation":"","dem":"360","timezone":"America/Port-au-Prince","modification_date":"2014-10-01"},{"geonameid":"3728093","name":"Cayes Jacmel","asciiname":"Cayes Jacmel","alternatenames":["Cayes Jacmel","Cayes de Jacmel","Kay Jakmel","Kay Jakmèl"],"latitude":"18.23073","longitude":"-72.39417","feature_class":"P","feature_code":"PPL","country_code":"HT","cc2":"","admin1_code":"13","admin2_code":"","admin3_code":"","admin4_code":"","population":"1609","elevation":"","dem":"12","timezone":"America/Port-au-Prince","modification_date":"2014-10-01"},{"geonameid":"3728097","name":"Les Cayes","asciiname":"Les Cayes","alternatenames":["Aux Cayes","CYA","Cayes","Les Cayes","Okay","Ville des Cayes"],"latitude":"18.19331","longitude":"-73.74601","feature_class":"P","feature_code":"PPLA","country_code":"HT","cc2":"","admin1_code":"12","admin2_code":"","admin3_code":"","admin4_code":"","population":"125799","elevation":"","dem":"9","timezone":"America/Port-au-Prince","modification_date":"2014-10-01"},{"geonameid":"3728122","name":"Cavaillon","asciiname":"Cavaillon","alternatenames":["Cauaillon","Cavaillon","Cavailon","Kavayon"],"latitude":"18.29928","longitude":"-73.65551","feature_class":"P","feature_code":"PPL","country_code":"HT","cc2":"","admin1_code":"12","admin2_code":"","admin3_code":"","admin4_code":"","population":"1023","elevation":"","dem":"20","timezone":"America/Port-au-Prince","modification_date":"2014-10-01"},{"geonameid":"3728338","name":"Carrefour","asciiname":"Carrefour","alternatenames":[""],"latitude":"18.54114","longitude":"-72.39922","feature_class":"P","feature_code":"PPLX","country_code":"HT","cc2":"","admin1_code":"11","admin2_code":"","admin3_code":"","admin4_code":"","population":"442156","elevation":"","dem":"32","timezone":"America/Port-au-Prince","modification_date":"2007-01-10"},{"geonameid":"3728386","name":"Carice","asciiname":"Carice","alternatenames":["Carice","Karis"],"latitude":"19.37587","longitude":"-71.83128","feature_class":"P","feature_code":"PPL","country_code":"HT","cc2":"","admin1_code":"10","admin2_code":"","admin3_code":"","admin4_code":"","population":"2104","elevation":"","dem":"623","timezone":"America/Port-au-Prince","modification_date":"2014-10-01"},{"geonameid":"3728428","name":"Caracol","asciiname":"Caracol","alternatenames":["Caracol","Karakol","Karakòl"],"latitude":"19.68925","longitude":"-72.01422","feature_class":"P","feature_code":"PPL","country_code":"HT","cc2":"","admin1_code":"10","admin2_code":"","admin3_code":"","admin4_code":"","population":"1549","elevation":"","dem":"9","timezone":"America/Port-au-Prince","modification_date":"2014-10-01"},{"geonameid":"3728474","name":"Okap","asciiname":"Okap","alternatenames":["Cabo Haitiano","Cap Haitien","Cap-Francais","Cap-Français","Cap-Haitien","Cap-Haïtien","Cape Haitien","Cape Haytien","Guarico","Guárico","Haitia Kabo","Kap Ayisyen","Kap-Ait'en","Kap-Ait'ene","Kap-Aitien","Le Cap","Okap","Ville du Cap-Haitien","hai de jiao","kap-hayytyn","kapaishan","kapeuaisiaeng","Καπ-Αϊτιέν","Кап-Аитьен","Кап-Аитьене","Кап-Аїтьєн","کاپ-هائیتین","カパイシャン","海地角","카프아이시앵"],"latitude":"19.75938","longitude":"-72.19815","feature_class":"P","feature_code":"PPLA","country_code":"HT","cc2":"","admin1_code":"09","admin2_code":"","admin3_code":"","admin4_code":"","population":"134815","elevation":"","dem":"7","timezone":"America/Port-au-Prince","modification_date":"2014-10-01"},{"geonameid":"3728964","name":"Cabaret","asciiname":"Cabaret","alternatenames":["Cabaret","Duvalierville","Kabare","Kabarè","Prince"],"latitude":"18.73583","longitude":"-72.4175","feature_class":"P","feature_code":"PPL","country_code":"HT","cc2":"","admin1_code":"11","admin2_code":"","admin3_code":"","admin4_code":"","population":"3951","elevation":"","dem":"49","timezone":"America/Port-au-Prince","modification_date":"2014-10-01"},{"geonameid":"3729548","name":"Bombardopolis","asciiname":"Bombardopolis","alternatenames":["Bombardopolis","Bonbadopolis","Ville de Bombardopolis"],"latitude":"19.69312","longitude":"-73.33296","feature_class":"P","feature_code":"PPL","country_code":"HT","cc2":"","admin1_code":"03","admin2_code":"","admin3_code":"","admin4_code":"","population":"1974","elevation":"","dem":"489","timezone":"America/Port-au-Prince","modification_date":"2014-10-01"},{"geonameid":"3730363","name":"Belle-Anse","asciiname":"Belle-Anse","alternatenames":["Belans","Belle-Anse","Saltrou"],"latitude":"18.23801","longitude":"-72.062","feature_class":"P","feature_code":"PPL","country_code":"HT","cc2":"","admin1_code":"13","admin2_code":"","admin3_code":"","admin4_code":"","population":"2611","elevation":"","dem":"7","timezone":"America/Port-au-Prince","modification_date":"2014-10-01"},{"geonameid":"3730800","name":"Baradères","asciiname":"Baraderes","alternatenames":["Baradaires","Barade","Baraderes","Baradè","Baradères"],"latitude":"18.48041","longitude":"-73.63759","feature_class":"P","feature_code":"PPL","country_code":"HT","cc2":"","admin1_code":"15","admin2_code":"","admin3_code":"","admin4_code":"","population":"1666","elevation":"","dem":"9","timezone":"America/Port-au-Prince","modification_date":"2014-10-01"},{"geonameid":"3730932","name":"Baie de Henne","asciiname":"Baie de Henne","alternatenames":["Baie de Haine","Baie de Henne","Be de En","Be de Èn","Henne","Henne Bay"],"latitude":"19.66569","longitude":"-73.20888","feature_class":"P","feature_code":"PPL","country_code":"HT","cc2":"","admin1_code":"03","admin2_code":"","admin3_code":"","admin4_code":"","population":"1660","elevation":"","dem":"15","timezone":"America/Port-au-Prince","modification_date":"2014-10-01"},{"geonameid":"3730937","name":"Bahon","asciiname":"Bahon","alternatenames":["Bahon","Bawon","Bohon"],"latitude":"19.46667","longitude":"-72.11667","feature_class":"P","feature_code":"PPL","country_code":"HT","cc2":"","admin1_code":"09","admin2_code":"","admin3_code":"","admin4_code":"","population":"1618","elevation":"","dem":"197","timezone":"America/Port-au-Prince","modification_date":"2014-10-01"},{"geonameid":"3731087","name":"Arcahaie","asciiname":"Arcahaie","alternatenames":[""],"latitude":"19.81667","longitude":"-72.91667","feature_class":"P","feature_code":"PPL","country_code":"HT","cc2":"","admin1_code":"03","admin2_code":"","admin3_code":"","admin4_code":"","population":"4119","elevation":"","dem":"189","timezone":"America/Port-au-Prince","modification_date":"2006-01-17"},{"geonameid":"3731095","name":"Aquin","asciiname":"Aquin","alternatenames":["Aken","Aquin"],"latitude":"18.28333","longitude":"-73.4","feature_class":"P","feature_code":"PPL","country_code":"HT","cc2":"","admin1_code":"12","admin2_code":"","admin3_code":"","admin4_code":"","population":"5246","elevation":"","dem":"25","timezone":"America/Port-au-Prince","modification_date":"2014-10-01"},{"geonameid":"3731105","name":"Anse Rouge","asciiname":"Anse Rouge","alternatenames":["Anse Rouge","Answouj","Ville de l'Anse Rouge","Ville de l’Anse Rouge"],"latitude":"19.63314","longitude":"-73.05573","feature_class":"P","feature_code":"PPL","country_code":"HT","cc2":"","admin1_code":"06","admin2_code":"","admin3_code":"","admin4_code":"","population":"4437","elevation":"","dem":"13","timezone":"America/Port-au-Prince","modification_date":"2014-10-01"},{"geonameid":"3731123","name":"Anse-à-Veau","asciiname":"Anse-a-Veau","alternatenames":["Ville de Anse a Veau","Ville de Anse à Veau"],"latitude":"18.5011","longitude":"-73.3449","feature_class":"P","feature_code":"PPL","country_code":"HT","cc2":"","admin1_code":"14","admin2_code":"","admin3_code":"","admin4_code":"","population":"1731","elevation":"","dem":"16","timezone":"America/Port-au-Prince","modification_date":"2011-01-10"},{"geonameid":"3731126","name":"Anse-à-Pitre","asciiname":"Anse-a-Pitre","alternatenames":["Anse Pitres","Anse-a-Pitre","Anse-a-Pitres","Anse-à-Pitre","Anse-à-Pitres","Anses a Pitre","Anses à Pitre","Anses-a-Pitres","Anses-a-Pîtres"],"latitude":"18.05","longitude":"-71.75","feature_class":"P","feature_code":"PPL","country_code":"HT","cc2":"","admin1_code":"13","admin2_code":"","admin3_code":"","admin4_code":"","population":"1736","elevation":"","dem":"30","timezone":"America/Port-au-Prince","modification_date":"2014-08-08"},{"geonameid":"3731132","name":"Anse à Galets","asciiname":"Anse a Galets","alternatenames":["Ansagale","Ansagalè","Anse Galets","Anse a Galet","Anse a Galets","Anse à Galet","Anse à Galets"],"latitude":"18.83104","longitude":"-72.86077","feature_class":"P","feature_code":"PPL","country_code":"HT","cc2":"","admin1_code":"11","admin2_code":"","admin3_code":"","admin4_code":"","population":"7178","elevation":"","dem":"14","timezone":"America/Port-au-Prince","modification_date":"2014-10-01"},{"geonameid":"3731233","name":"Acul du Nord","asciiname":"Acul du Nord","alternatenames":["Acul du Nord","Akil di No","Akil di Nò"],"latitude":"19.67804","longitude":"-72.31763","feature_class":"P","feature_code":"PPL","country_code":"HT","cc2":"","admin1_code":"09","admin2_code":"","admin3_code":"","admin4_code":"","population":"3454","elevation":"","dem":"55","timezone":"America/Port-au-Prince","modification_date":"2014-10-01"},{"geonameid":"3731257","name":"Abricots","asciiname":"Abricots","alternatenames":["Abricot","Abricots","Abriko","Les Abricots","Ville de Apricots"],"latitude":"18.63125","longitude":"-74.3417","feature_class":"P","feature_code":"PPL","country_code":"HT","cc2":"","admin1_code":"14","admin2_code":"","admin3_code":"","admin4_code":"","population":"1245","elevation":"","dem":"180","timezone":"America/Port-au-Prince","modification_date":"2014-10-01"},{"geonameid":"3740016","name":"Ti Port-de-Paix","asciiname":"Ti Port-de-Paix","alternatenames":[""],"latitude":"19.93333","longitude":"-72.83333","feature_class":"P","feature_code":"PPL","country_code":"HT","cc2":"","admin1_code":"03","admin2_code":"","admin3_code":"","admin4_code":"","population":"34657","elevation":"","dem":"75","timezone":"America/Port-au-Prince","modification_date":"2006-01-17"}]}