{"country_data":{"ISO":"HK","ISO3":"HKG","ISO_Numeric":"344","fips":"HK","country":"Hong Kong","capital":"Hong Kong","area":"1092","Population":"6898686","Continent":"AS","tld":".hk","CurrencyCode":"HKD","CurrencyName":"Dollar","Phone":"852","Postal_Code_Format":"","Postal_Code_Regex":"","Languages":"zh-HK,yue,zh,en","geonameid":"1819730","neighbours":"","EquivalentFipsCode":""},"cities":[{"geonameid":"1818209","name":"Tsuen Wan","asciiname":"Tsuen Wan","alternatenames":["Ch'uan-wan","Ch’üan-wan","Tsuen Wan","Tsun Wan","Tsun Wan Wai","quan wan","荃灣"],"latitude":"22.37066","longitude":"114.10479","feature_class":"P","feature_code":"PPLA","country_code":"HK","cc2":"","admin1_code":"NTW","admin2_code":"","admin3_code":"","admin4_code":"","population":"288728","elevation":"","dem":"1","timezone":"Asia/Hong_Kong","modification_date":"2013-07-07"},{"geonameid":"1818211","name":"Yung Shue Wan","asciiname":"Yung Shue Wan","alternatenames":["Rongshu Wan","Yung Shu Wan","Yung Shue Wan","rong shu wan","榕树湾","榕樹灣"],"latitude":"22.22623","longitude":"114.11241","feature_class":"P","feature_code":"PPL","country_code":"HK","cc2":"","admin1_code":"00","admin2_code":"","admin3_code":"","admin4_code":"","population":"6000","elevation":"","dem":"19","timezone":"Asia/Hong_Kong","modification_date":"2014-11-05"},{"geonameid":"1818223","name":"Yuen Long Kau Hui","asciiname":"Yuen Long Kau Hui","alternatenames":["Yuen Long Kau Hui","yuan lang jiu xu","元朗舊墟"],"latitude":"22.45","longitude":"114.03333","feature_class":"P","feature_code":"PPLA","country_code":"HK","cc2":"","admin1_code":"NYL","admin2_code":"","admin3_code":"","admin4_code":"","population":"141900","elevation":"","dem":"4","timezone":"Asia/Hong_Kong","modification_date":"2013-08-11"},{"geonameid":"1818304","name":"Wong Tai Sin","asciiname":"Wong Tai Sin","alternatenames":[""],"latitude":"22.35","longitude":"114.18333","feature_class":"P","feature_code":"PPLA","country_code":"HK","cc2":"","admin1_code":"KWT","admin2_code":"","admin3_code":"","admin4_code":"","population":"0","elevation":"","dem":"253","timezone":"Asia/Hong_Kong","modification_date":"2013-08-08"},{"geonameid":"1818379","name":"Wan Chai","asciiname":"Wan Chai","alternatenames":["Wan Chai","Wanchai","wan zi","灣仔"],"latitude":"22.28142","longitude":"114.17258","feature_class":"P","feature_code":"PPLA","country_code":"HK","cc2":"","admin1_code":"HWC","admin2_code":"","admin3_code":"","admin4_code":"","population":"0","elevation":"","dem":"40","timezone":"Asia/Hong_Kong","modification_date":"2013-07-07"},{"geonameid":"1818446","name":"Tuen Mun","asciiname":"Tuen Mun","alternatenames":["Tuen Mun","tun men","Туен Мун","屯門","屯门"],"latitude":"22.39175","longitude":"113.97157","feature_class":"P","feature_code":"PPLA","country_code":"HK","cc2":"","admin1_code":"NTM","admin2_code":"","admin3_code":"","admin4_code":"","population":"16940","elevation":"","dem":"7","timezone":"Asia/Hong_Kong","modification_date":"2013-08-09"},{"geonameid":"1818673","name":"Tai Po","asciiname":"Tai Po","alternatenames":["Tai Po Market","Tai Po Old Market","Tai-po-hui","Tai-wo-shi","da bu xu","大埔墟"],"latitude":"22.45007","longitude":"114.16877","feature_class":"P","feature_code":"PPLA","country_code":"HK","cc2":"","admin1_code":"NTP","admin2_code":"","admin3_code":"","admin4_code":"","population":"16302","elevation":"","dem":"22","timezone":"Asia/Hong_Kong","modification_date":"2015-02-07"},{"geonameid":"1818684","name":"Tai O","asciiname":"Tai O","alternatenames":["Da'ao","Da’ao","Tai O","Tai O Town","Tai ho","Taj O","da ao","Тай О","大澳"],"latitude":"22.25515","longitude":"113.86309","feature_class":"P","feature_code":"PPL","country_code":"HK","cc2":"","admin1_code":"00","admin2_code":"","admin3_code":"","admin4_code":"","population":"2000","elevation":"","dem":"4","timezone":"Asia/Hong_Kong","modification_date":"2014-11-20"},{"geonameid":"1818775","name":"Sok Kwu Wan","asciiname":"Sok Kwu Wan","alternatenames":["Sok Kwu Wan","Sok-Kvu-Van","Suogu Wan","suo gu wan","Сок-Кву-Ван","索罟湾","索罟灣"],"latitude":"22.20453","longitude":"114.13159","feature_class":"P","feature_code":"PPL","country_code":"HK","cc2":"","admin1_code":"00","admin2_code":"","admin3_code":"","admin4_code":"","population":"2100","elevation":"","dem":"37","timezone":"Asia/Hong_Kong","modification_date":"2014-11-05"},{"geonameid":"1818920","name":"Sha Tin","asciiname":"Sha Tin","alternatenames":["Sha Tin","Sha Tin New Town","Shatin"],"latitude":"22.38333","longitude":"114.18333","feature_class":"P","feature_code":"PPLA","country_code":"HK","cc2":"","admin1_code":"NST","admin2_code":"","admin3_code":"","admin4_code":"","population":"21559","elevation":"","dem":"115","timezone":"Asia/Hong_Kong","modification_date":"2013-08-09"},{"geonameid":"1818953","name":"Sham Shui Po","asciiname":"Sham Shui Po","alternatenames":["Sam shui po","Shamshuipo","Shan Shin Po","shen shui bu qu","深水埗區"],"latitude":"22.33023","longitude":"114.15945","feature_class":"P","feature_code":"PPLA","country_code":"HK","cc2":"","admin1_code":"KSS","admin2_code":"","admin3_code":"","admin4_code":"","population":"0","elevation":"","dem":"10","timezone":"Asia/Hong_Kong","modification_date":"2013-07-07"},{"geonameid":"1819050","name":"Sai Kung","asciiname":"Sai Kung","alternatenames":["Sai Kung","xi gong","西貢","西贡"],"latitude":"22.38333","longitude":"114.26667","feature_class":"P","feature_code":"PPLA","country_code":"HK","cc2":"","admin1_code":"NSK","admin2_code":"","admin3_code":"","admin4_code":"","population":"11927","elevation":"","dem":"54","timezone":"Asia/Hong_Kong","modification_date":"2013-08-08"},{"geonameid":"1819609","name":"Kowloon","asciiname":"Kowloon","alternatenames":["Chiu-lung","Czjulun","Kaulunas","Koulun","Kowloon","jiu long","julung","yi fa ban","Цзюлун","九龍","意法半","주룽"],"latitude":"22.31667","longitude":"114.18333","feature_class":"P","feature_code":"PPLA","country_code":"HK","cc2":"","admin1_code":"KKC","admin2_code":"","admin3_code":"","admin4_code":"","population":"2019533","elevation":"","dem":"92","timezone":"Asia/Hong_Kong","modification_date":"2013-07-07"},{"geonameid":"1819729","name":"Hong Kong","asciiname":"Hong Kong","alternatenames":["Gonkong","HKG","Hong Kong","Victoria","xiang gang","Гонконг","香港"],"latitude":"22.28552","longitude":"114.15769","feature_class":"P","feature_code":"PPLC","country_code":"HK","cc2":"","admin1_code":"00","admin2_code":"","admin3_code":"","admin4_code":"","population":"7012738","elevation":"","dem":"3","timezone":"Asia/Hong_Kong","modification_date":"2015-06-03"},{"geonameid":"8223932","name":"Central","asciiname":"Central","alternatenames":["Centralo","maiyam","senteuleol","sntral","sntrl","zhong huan","סנטרל","سنترال","மையம்","中環","센트럴"],"latitude":"22.28299","longitude":"114.15846","feature_class":"P","feature_code":"PPLA","country_code":"HK","cc2":"","admin1_code":"HCW","admin2_code":"","admin3_code":"","admin4_code":"","population":"0","elevation":"","dem":"29","timezone":"Asia/Hong_Kong","modification_date":"2013-07-07"}]}