{"country_data":{"ISO":"IS","ISO3":"ISL","ISO_Numeric":"352","fips":"IC","country":"Iceland","capital":"Reykjavik","area":"103000","Population":"308910","Continent":"EU","tld":".is","CurrencyCode":"ISK","CurrencyName":"Krona","Phone":"354","Postal_Code_Format":"###","Postal_Code_Regex":"^(\\d{3})$","Languages":"is,en,de,da,sv,no","geonameid":"2629691","neighbours":"","EquivalentFipsCode":""},"cities":[{"geonameid":"2627130","name":"Siglufjörður","asciiname":"Siglufjoerdur","alternatenames":["Siglufirdi","Siglufirði","Siglufjardar","Siglufjarðar","Siglufjoerd","Siglufjoerdur","Siglufjordur","Siglufjörð","Siglufjörður"],"latitude":"66.15198","longitude":"-18.90815","feature_class":"P","feature_code":"PPL","country_code":"IS","cc2":"","admin1_code":"40","admin2_code":"","admin3_code":"","admin4_code":"","population":"1190","elevation":"","dem":"-9999","timezone":"Atlantic/Reykjavik","modification_date":"2013-12-07"},{"geonameid":"2627309","name":"Sauðárkrókur","asciiname":"Saudarkrokur","alternatenames":["Saudarkrok","Saudarkroki","Saudarkrokr","Saudarkroks","Saudarkrokur","Saudharkrokur","Sauðarkrokur","Sauðárkrók","Sauðárkróki","Sauðárkróks","Sauðárkrókur","soizaurukuroukuru","ソイザウルクロウクル"],"latitude":"65.74611","longitude":"-19.63944","feature_class":"P","feature_code":"PPLA","country_code":"IS","cc2":"","admin1_code":"41","admin2_code":"","admin3_code":"","admin4_code":"","population":"2575","elevation":"","dem":"1","timezone":"Atlantic/Reykjavik","modification_date":"2013-12-11"},{"geonameid":"2628020","name":"Neskaupstaður","asciiname":"Neskaupstadur","alternatenames":["Neskaupstad","Neskaupstadar","Neskaupstadur","Neskaupstað","Neskaupstaðar","Neskaupstaður"],"latitude":"65.14819","longitude":"-13.68368","feature_class":"P","feature_code":"PPL","country_code":"IS","cc2":"","admin1_code":"38","admin2_code":"","admin3_code":"","admin4_code":"","population":"1466","elevation":"","dem":"1","timezone":"Atlantic/Reykjavik","modification_date":"2013-12-06"},{"geonameid":"2629833","name":"Húsavík","asciiname":"Husavik","alternatenames":["Husavik","Husavikur","Husayik","Húsavík","Húsavíkur","Khusavik","Nordurthing","Norðurþing","Хусавик"],"latitude":"66.04148","longitude":"-17.33834","feature_class":"P","feature_code":"PPL","country_code":"IS","cc2":"","admin1_code":"40","admin2_code":"","admin3_code":"","admin4_code":"","population":"2228","elevation":"","dem":"58","timezone":"Atlantic/Reykjavik","modification_date":"2014-06-17"},{"geonameid":"2630299","name":"Höfn","asciiname":"Hoefn","alternatenames":["Gepn","Gorad Khjobn","Hafnar","Hafnar i Hornafirdi","Hafnar í Hornafirði","Hoefn","Hoefn i Hornafirdi","Hofn","Höfn","Höfn í Hornafirði","Khebn","Khjobn","he ben","hepun","hoepeun","Гепн","Горад Хёбн","Хебн","Хёбн","ヘプン","赫本","회픈"],"latitude":"64.25388","longitude":"-15.21212","feature_class":"P","feature_code":"PPL","country_code":"IS","cc2":"","admin1_code":"38","admin2_code":"","admin3_code":"","admin4_code":"","population":"1690","elevation":"","dem":"1","timezone":"Atlantic/Reykjavik","modification_date":"2014-06-17"},{"geonameid":"2632028","name":"Eskifjörður","asciiname":"Eskifjoerdur","alternatenames":["Eskifirdi","Eskifirði","Eskifjardar","Eskifjarðar","Eskifjoerd","Eskifjoerdur","Eskifjordur","Eskifjörð","Eskifjörður"],"latitude":"65.07306","longitude":"-14.01525","feature_class":"P","feature_code":"PPL","country_code":"IS","cc2":"","admin1_code":"38","admin2_code":"","admin3_code":"","admin4_code":"","population":"1014","elevation":"","dem":"-9999","timezone":"Atlantic/Reykjavik","modification_date":"2013-12-08"},{"geonameid":"2632132","name":"Egilsstaðir","asciiname":"Egilsstadir","alternatenames":["Egilsstada","Egilsstadi","Egilsstadir","Egilsstaða","Egilsstaði","Egilsstaðir","Egilsstoedum","Egilsstöðum","Ehgil'sstadir","Эгильсстадир"],"latitude":"65.26687","longitude":"-14.39485","feature_class":"P","feature_code":"PPL","country_code":"IS","cc2":"","admin1_code":"38","admin2_code":"","admin3_code":"","admin4_code":"","population":"2303","elevation":"","dem":"33","timezone":"Atlantic/Reykjavik","modification_date":"2014-06-17"},{"geonameid":"2632287","name":"Dalvík","asciiname":"Dalvik","alternatenames":["Dalvik","Dalvikur","Dalvikurbyggd","Dalvík","Dalvíkur","Dalvíkurbyggð"],"latitude":"65.97018","longitude":"-18.52861","feature_class":"P","feature_code":"PPL","country_code":"IS","cc2":"","admin1_code":"40","admin2_code":"","admin3_code":"","admin4_code":"","population":"1359","elevation":"40","dem":"-9999","timezone":"Atlantic/Reykjavik","modification_date":"2013-12-11"},{"geonameid":"2632428","name":"Reyðarfjörður","asciiname":"Reydarfjoerdur","alternatenames":["Budareyri","Búðareyri","Fjardabyggd","Fjarðabyggð","Reydarfirdi","Reydarfjardar","Reydarfjoerd","Reydarfjoerdur","Reydarfjordur","Reyðarfirði","Reyðarfjarðar","Reyðarfjörð","Reyðarfjörður"],"latitude":"65.03164","longitude":"-14.21832","feature_class":"P","feature_code":"PPL","country_code":"IS","cc2":"","admin1_code":"38","admin2_code":"","admin3_code":"","admin4_code":"","population":"1152","elevation":"","dem":"-9999","timezone":"Atlantic/Reykjavik","modification_date":"2013-12-06"},{"geonameid":"2633274","name":"Akureyri","asciiname":"Akureyri","alternatenames":["AEY","Agireiri","Akirejri","Akjurejri","Akourefri","Akuereyri","Akureiris","Akurejri","Akureyrar","Akureyri","Aküreyri","Gorad Akjurehjry","a ke lei li","akuleili","akureiri","akwryry","Άκουρεϋρι","Акирејри","Акурейрі","Акюрейри","Горад Акюрэйры","Աքուրեյրի","אקוריירי","أكوريري","აკურეირი","アークレイリ","阿克雷里","아쿠레이리"],"latitude":"65.68353","longitude":"-18.0878","feature_class":"P","feature_code":"PPLA","country_code":"IS","cc2":"","admin1_code":"40","admin2_code":"","admin3_code":"","admin4_code":"","population":"17693","elevation":"","dem":"-9999","timezone":"Atlantic/Reykjavik","modification_date":"2013-12-11"},{"geonameid":"3412011","name":"Vogar","asciiname":"Vogar","alternatenames":["Voga","Vogar","Vogar a Vatnsleysustroend","Vogar á Vatnsleysuströnd","Vogum"],"latitude":"63.9816","longitude":"-22.38473","feature_class":"P","feature_code":"PPL","country_code":"IS","cc2":"","admin1_code":"43","admin2_code":"","admin3_code":"","admin4_code":"","population":"1029","elevation":"","dem":"7","timezone":"Atlantic/Reykjavik","modification_date":"2013-12-06"},{"geonameid":"3412093","name":"Vestmannaeyjar","asciiname":"Vestmannaeyjar","alternatenames":["VEY","Vestmannaehjjar","Vestmannaeyja","Vestmannaeyjar","Vestmannaeyjum","Вестманнаэйяр"],"latitude":"63.44273","longitude":"-20.27339","feature_class":"P","feature_code":"PPL","country_code":"IS","cc2":"","admin1_code":"42","admin2_code":"","admin3_code":"","admin4_code":"","population":"4219","elevation":"","dem":"25","timezone":"Atlantic/Reykjavik","modification_date":"2013-12-11"},{"geonameid":"3412589","name":"Þorlákshöfn","asciiname":"THorlakshoefn","alternatenames":["THorlakshafnar","THorlakshoefn","Thorlakshofn","Þorlákshafnar","Þorlákshöfn"],"latitude":"63.85591","longitude":"-21.38337","feature_class":"P","feature_code":"PPL","country_code":"IS","cc2":"","admin1_code":"42","admin2_code":"2627712","admin3_code":"","admin4_code":"","population":"1489","elevation":"","dem":"6","timezone":"Atlantic/Reykjavik","modification_date":"2013-12-06"},{"geonameid":"3412888","name":"Stykkishólmur","asciiname":"Stykkisholmur","alternatenames":["SYK","Stykkisholmi","Stykkisholmur","Stykkishólmi","Stykkishólmur"],"latitude":"65.07537","longitude":"-22.72977","feature_class":"P","feature_code":"PPL","country_code":"IS","cc2":"","admin1_code":"45","admin2_code":"","admin3_code":"","admin4_code":"","population":"1108","elevation":"","dem":"-9999","timezone":"Atlantic/Reykjavik","modification_date":"2013-12-06"},{"geonameid":"3413604","name":"Selfoss","asciiname":"Selfoss","alternatenames":["Arborg","Gorad Sel'fos","Sel'foss","Selfos","Selfosas","Selfoss","Selfossi","sai er fu si","selaphasa","selposeu","serufosu","slpws","Árborg","Σέλφος","Горад Сельфос","Селфос","Сельфосс","סלפוס","সেলফস","セールフォス","塞尔福斯","셀포스"],"latitude":"63.93311","longitude":"-20.99712","feature_class":"P","feature_code":"PPLA","country_code":"IS","cc2":"","admin1_code":"42","admin2_code":"","admin3_code":"","admin4_code":"","population":"6510","elevation":"","dem":"16","timezone":"Atlantic/Reykjavik","modification_date":"2013-12-11"},{"geonameid":"3413727","name":"Sandgerði","asciiname":"Sandgerdi","alternatenames":["Sandgerdi","Sandgerdis","Sandgerði","Sandgerðis","Sangerdi"],"latitude":"64.03762","longitude":"-22.70799","feature_class":"P","feature_code":"PPL","country_code":"IS","cc2":"","admin1_code":"43","admin2_code":"","admin3_code":"","admin4_code":"","population":"1546","elevation":"","dem":"12","timezone":"Atlantic/Reykjavik","modification_date":"2013-12-06"},{"geonameid":"3413829","name":"Reykjavík","asciiname":"Reykjavik","alternatenames":["Gorad Rehjkjavik","REK","Recwic","Refkiavik","Reiciavicia","Reicivic","Reikiavik","Reikiavike","Reikjaveks","Reikjavik","Reikjavika","Reikjavikas","Reikjavīka","Reiquiavik","Reiquiavique","Rejk'javik","Rejkijavik","Rejkjavik","Rejkjaviko","Rekyavik","Reykiavica","Reykjavik","Reykjavikur","Reykjavík","Reykjavíkur","Reykjawik","Reykyabik","Reykyavik","Rèkyavik","Réicivíc","Rēcwīc","Rėikjavėks","kartuli","lei ke ya wei ke","leikyabikeu","re'ikiyabhika","reikyavu~iku","rekavik","rekh ya wik","reki'avika","rekjabhika","rekjavika","rekyavika","reyikyavik","reykyavik","rykjawk","rykyafyk","rykyawk","rykyawyk","Ρέικιαβικ","Ρευκιαβικ","Горад Рэйкявік","Рейкиявик","Рейкьявик","Рейкявик","Рейкявік","Рејкјавик","Ռեյկյավիկ","רייקיאוויק","רעקיאוויק","ريكيافيك","ریکجاوک","ریکیاوک","ریکیاویک","رېيكياۋىك","ڕێکیاڤیک","रेक्जाविक","रेक्याविक","রেইকিয়াভিক","ਰੇਕਿਆਵਿਕ","ରେକ୍ଜାଭିକ","ரெய்க்யவிக்","రేకవిక్","റെയിക്യാവിക്","เรคยาวิก","རེཀ་ཇ་བིཀ།","რეიკიავიკი","ქართული","ሬይኪያቪክ","レイキャヴィーク","雷克亞維克","雷克雅未克","雷克雅維克","레이캬비크"],"latitude":"64.13548","longitude":"-21.89541","feature_class":"P","feature_code":"PPLC","country_code":"IS","cc2":"","admin1_code":"39","admin2_code":"","admin3_code":"","admin4_code":"","population":"118918","elevation":"","dem":"37","timezone":"Atlantic/Reykjavik","modification_date":"2014-06-26"},{"geonameid":"3414079","name":"Ólafsvík","asciiname":"Olafsvik","alternatenames":["Olafsvik","Ólafsvík"],"latitude":"64.89429","longitude":"-23.70918","feature_class":"P","feature_code":"PPL","country_code":"IS","cc2":"","admin1_code":"45","admin2_code":"","admin3_code":"","admin4_code":"","population":"1010","elevation":"","dem":"-9999","timezone":"Atlantic/Reykjavik","modification_date":"2013-12-06"},{"geonameid":"3414979","name":"Seltjarnarnes","asciiname":"Seltjarnarnes","alternatenames":["Seltjarnarnes","Seltjarnarnesi"],"latitude":"64.15309","longitude":"-21.99499","feature_class":"P","feature_code":"PPL","country_code":"IS","cc2":"","admin1_code":"39","admin2_code":"","admin3_code":"","admin4_code":"","population":"4322","elevation":"","dem":"9","timezone":"Atlantic/Reykjavik","modification_date":"2013-12-07"},{"geonameid":"3415021","name":"Mosfellsbær","asciiname":"Mosfellsbaer","alternatenames":["Mosfellsbae","Mosfellsbaejar","Mosfellsbaer","Mosfellsbæ","Mosfellsbæjar","Mosfellsbær"],"latitude":"64.16667","longitude":"-21.7","feature_class":"P","feature_code":"PPL","country_code":"IS","cc2":"","admin1_code":"39","admin2_code":"","admin3_code":"","admin4_code":"","population":"8651","elevation":"","dem":"22","timezone":"Atlantic/Reykjavik","modification_date":"2013-12-07"},{"geonameid":"3415212","name":"Kópavogur","asciiname":"Kopavogur","alternatenames":["Gorad Koupavagur","Kopavog","Kopavogi","Kopavogs","Kopavogsbaer","Kopavogskaupstadur","Kopavogur","Kopavonkour","Koupavogir","Koupavogjur","Koupavogur","Koupavoguras","Koupavogyur","Kópavog","Kópavogi","Kópavogs","Kópavogsbær","Kópavogskaupstaður","Kópavogur","ke pa wo yu er","kopabogwileu","kopavu~oguru","kwbafwghwr","kwpawwgwr","Κόπαβογκουρ","Горад Коўпавагур","Коупавогир","Коупавогюр","Коупавоґур","Կոուպավոգյուր","קואופווגיר","كوبافوغور","کوپاووگور","კუპავოგური","コーパヴォグル","科帕沃于尔","코파보귀르"],"latitude":"64.11234","longitude":"-21.91298","feature_class":"P","feature_code":"PPL","country_code":"IS","cc2":"","admin1_code":"39","admin2_code":"","admin3_code":"","admin4_code":"","population":"31719","elevation":"","dem":"37","timezone":"Atlantic/Reykjavik","modification_date":"2013-12-06"},{"geonameid":"3415667","name":"Ísafjörður","asciiname":"Isafjoerdur","alternatenames":["Gorad Isafijordur","IFJ","Isaf'ordjur","Isafiordour","Isafiordr","Isafirdi","Isafjardar","Isafjardardjup","Isafjerdir","Isafjoerd","Isafjoerdur","Isafjorduer","Isafjordur","Isafjorduras","Isafjordür","Isafyorduer","Issafjordur","Issafjörður","isafiyoruzu~uru","isapioeleudwileu","isapiorduri","yi sa fei e ze","Ísafirði","Ísafjardardjup","Ísafjarðar","Ísafjörð","Ísafjörður","İsafyordür","Ισαφιορδούρ","Ісафьордюр","Горад Ісафіёрдур","Исафьордюр","Исафјердир","איסאפיירדור","ისაფიორდური","イーサフィヨルズゥル","伊萨菲厄泽","이사피외르뒤르"],"latitude":"66.07475","longitude":"-23.13498","feature_class":"P","feature_code":"PPLA","country_code":"IS","cc2":"","admin1_code":"44","admin2_code":"","admin3_code":"","admin4_code":"","population":"2624","elevation":"","dem":"1","timezone":"Atlantic/Reykjavik","modification_date":"2014-06-26"},{"geonameid":"3415761","name":"Hveragerði","asciiname":"Hveragerdi","alternatenames":["Hveragerdi","Hveragerdis","Hveragerdisbaer","Hveragerði","Hveragerðis","Hveragerðisbær","kuberageruji","kuvu~erageruji","クベラゲルジ","クヴェラゲルジ"],"latitude":"64.00039","longitude":"-21.18602","feature_class":"P","feature_code":"PPL","country_code":"IS","cc2":"","admin1_code":"42","admin2_code":"","admin3_code":"","admin4_code":"","population":"2288","elevation":"","dem":"53","timezone":"Atlantic/Reykjavik","modification_date":"2013-12-06"},{"geonameid":"3416706","name":"Hafnarfjörður","asciiname":"Hafnarfjoerdur","alternatenames":["Chafnarfiordour","Gapnarfjordur","Gorad Khabnarfijordur","Habnarfjorduras","Habnarfyordyur","Hafnarfirdi","Hafnarfirði","Hafnarfjardar","Hafnarfjardarkaupstadur","Hafnarfjarðar","Hafnarfjarðarkaupstaður","Hafnarfjoerdur","Hafnarfjordur","Hafnarfjörður","Halfnarfjordur","Halfnarfjorður","Khabnarf'ordjur","Khabnarfjerdir","Khapnarf'ordjur","ha fu na fu yue du er","habnarpiorduri","hafnarfywrdwr","hafunarufiyoruzu~uru","hapeunaleupioeleudwileu","hpnrpyyrdyr","Χαφναρφιόρδουρ","Гапнарфйордур","Горад Хабнарфіёрдур","Хабнарфьордюр","Хабнарфјердир","Хапнарфьордюр","Հաբնարֆյորդյուր","הפנרפיירדיר","هافنارفيوردور","ჰაბნარფიორდური","ハフナルフィヨルズゥル","哈夫纳夫约杜尔","하프나르피외르뒤르"],"latitude":"64.0671","longitude":"-21.93774","feature_class":"P","feature_code":"PPL","country_code":"IS","cc2":"","admin1_code":"39","admin2_code":"","admin3_code":"","admin4_code":"","population":"26808","elevation":"","dem":"39","timezone":"Atlantic/Reykjavik","modification_date":"2013-12-11"},{"geonameid":"3416888","name":"Grindavík","asciiname":"Grindavik","alternatenames":["Gorad Gryndavik","Grindavik","Grindavikas","Grindavikur","Grindavikurbaer","Grindavík","Grindavíkur","Grindavíkurbær","ge lin da wei ke","geulindabikeu","gurindavu~iku","Горад Грындавік","Гриндавик","Ґріндавік","グリンダヴィーク","格林达维克","그린다비크"],"latitude":"63.83849","longitude":"-22.43931","feature_class":"P","feature_code":"PPL","country_code":"IS","cc2":"","admin1_code":"43","admin2_code":"","admin3_code":"","admin4_code":"","population":"2856","elevation":"","dem":"1","timezone":"Atlantic/Reykjavik","modification_date":"2013-12-06"},{"geonameid":"3417079","name":"Garður","asciiname":"Gardur","alternatenames":["Gard","Gardar","Gardi","Gardur","Garð","Garðar","Garði","Garður","Gerdar","Gerðar","Goerdum","Görðum"],"latitude":"64.06558","longitude":"-22.64656","feature_class":"P","feature_code":"PPL","country_code":"IS","cc2":"","admin1_code":"43","admin2_code":"","admin3_code":"","admin4_code":"","population":"1429","elevation":"","dem":"20","timezone":"Atlantic/Reykjavik","modification_date":"2013-12-06"},{"geonameid":"3417195","name":"Garðabær","asciiname":"Gardabaer","alternatenames":["Gardabae","Gardabaejar","Gardabaer","Gardabair","Gardabairas","Gardabajr","Gardabayr","Garðabaer","Garðabæ","Garðabæjar","Garðabær","Gorad Gardabajr","galeudabaileu","gardhabayr","garuzabairu","hardabairi","jia er zha bai er","Гардабайр","Горад Гардабайр","Ґардабаїр","Գարդաբայր","גארדבאיר","گارذابایر","ჰარდაბაირი","ガルザバイル","加尔扎拜尔","가르다바이르"],"latitude":"64.08865","longitude":"-21.92298","feature_class":"P","feature_code":"PPL","country_code":"IS","cc2":"","admin1_code":"39","admin2_code":"","admin3_code":"","admin4_code":"","population":"11421","elevation":"","dem":"41","timezone":"Atlantic/Reykjavik","modification_date":"2013-12-06"},{"geonameid":"3417972","name":"Álftanes","asciiname":"Alftanes","alternatenames":["Alftanes","Alftanesi","Álftanes","Álftanesi"],"latitude":"64.1","longitude":"-22.01667","feature_class":"P","feature_code":"PPL","country_code":"IS","cc2":"","admin1_code":"39","admin2_code":"","admin3_code":"","admin4_code":"","population":"2392","elevation":"","dem":"-9999","timezone":"Atlantic/Reykjavik","modification_date":"2013-12-11"},{"geonameid":"3418076","name":"Borgarnes","asciiname":"Borgarnes","alternatenames":["Borganes","Borgarbyggd","Borgarbyggð","Borgarnes","Borgarnesas","Borgarnesi","Borqarnes","Gorad Borgarnes","bo er jia nei si","boleugaleuneseu","borgarnesi","borugarunesu","Боргарнес","Горад Боргарнес","ბორგარნესი","ボルガルネース","博尔加内斯","보르가르네스"],"latitude":"64.53834","longitude":"-21.92064","feature_class":"P","feature_code":"PPLA","country_code":"IS","cc2":"","admin1_code":"45","admin2_code":"","admin3_code":"","admin4_code":"","population":"1759","elevation":"","dem":"1","timezone":"Atlantic/Reykjavik","modification_date":"2013-12-11"},{"geonameid":"3418653","name":"Akranes","asciiname":"Akranes","alternatenames":["Akranes","Akranesas","Akranesi","Akraneskaupstadur","Akraneskaupstaður","Skipaskagi","a ke la nei si","akeulaneseu","akuranesu","Ακρανές","Акранес","אקרנס","აკრანესი","アクラネース","阿克拉内斯","아크라네스"],"latitude":"64.32179","longitude":"-22.0749","feature_class":"P","feature_code":"PPL","country_code":"IS","cc2":"","admin1_code":"45","admin2_code":"","admin3_code":"","admin4_code":"","population":"6612","elevation":"","dem":"8","timezone":"Atlantic/Reykjavik","modification_date":"2013-12-07"},{"geonameid":"6354943","name":"Egilsstaðir","asciiname":"Egilsstadir","alternatenames":["Egilsstadir"],"latitude":"65.26533","longitude":"-14.39484","feature_class":"P","feature_code":"PPLA","country_code":"IS","cc2":"","admin1_code":"38","admin2_code":"","admin3_code":"","admin4_code":"","population":"2265","elevation":"","dem":"51","timezone":"Atlantic/Reykjavik","modification_date":"2011-10-18"},{"geonameid":"8643948","name":"Laugar","asciiname":"Laugar","alternatenames":["Laugar","Reykjadalur"],"latitude":"65.72159","longitude":"-17.37352","feature_class":"P","feature_code":"PPL","country_code":"IS","cc2":"","admin1_code":"40","admin2_code":"","admin3_code":"","admin4_code":"","population":"1001","elevation":"","dem":"40","timezone":"Atlantic/Reykjavik","modification_date":"2014-04-28"},{"geonameid":"8644037","name":"Reykjanesbær","asciiname":"Reykjanesbaer","alternatenames":["Reykjanesbae","Reykjanesbaejar","Reykjanesbaer","Reykjanesbar","Reykjanesbæ","Reykjanesbæjar","Reykjanesbær"],"latitude":"63.99813","longitude":"-22.56111","feature_class":"P","feature_code":"PPL","country_code":"IS","cc2":"","admin1_code":"43","admin2_code":"","admin3_code":"","admin4_code":"","population":"2013","elevation":"","dem":"13","timezone":"Atlantic/Reykjavik","modification_date":"2013-12-11"}]}