{"country_data":{"ISO":"CI","ISO3":"CIV","ISO_Numeric":"384","fips":"IV","country":"Ivory Coast","capital":"Yamoussoukro","area":"322460","Population":"21058798","Continent":"AF","tld":".ci","CurrencyCode":"XOF","CurrencyName":"Franc","Phone":"225","Postal_Code_Format":"","Postal_Code_Regex":"","Languages":"fr-CI","geonameid":"2287781","neighbours":"LR,GH,GN,BF,ML","EquivalentFipsCode":""},"cities":[{"geonameid":"2279172","name":"Zuénoula","asciiname":"Zuenoula","alternatenames":["Zenoula","Zouenoula","Zouénoula","Zuenoula","Zuénoula","Zénoula"],"latitude":"7.43027","longitude":"-6.05054","feature_class":"P","feature_code":"PPL","country_code":"CI","cc2":"","admin1_code":"83","admin2_code":"","admin3_code":"","admin4_code":"","population":"34435","elevation":"","dem":"207","timezone":"Africa/Abidjan","modification_date":"2012-02-28"},{"geonameid":"2279755","name":"Yamoussoukro","asciiname":"Yamoussoukro","alternatenames":["ASK","Giamoussoukro","Gorad Jamusukra","Jamusukras","Jamusukro","Jamusukro khot","Yamosukro","Yamousoukro","Yamoussokro","Yamoussoukro","Yamussukro","Yamusukro","ya mu su ke lei","ya mu su ke luo","ya mussu kor","yamusasutro","yamusukaro","yamusukeulo","yamusukro","yamusukuro","yamwswkrw","yamwwswwkrۆ","ywmwswkrw","Γιαμουσσούκρο","Јамусукро","Горад Ямусукра","Ямусукро","Ямусукро хот","Յամուսուկրո","יאמוסוקרו","ياموسوكرو","يامۇسسۇكرو","یاموسوکرو","یامووسووکرۆ","یوموسوکرو","यामूसूक्रो","ਯਾਮੂਸੂਕਰੋ","ୟାମୁସସୁତ୍ରୋ","ยามุสซุโกร","ཡམ་སོ་ཁེ་རོ།","იამუსუკრო","ያሙሱክሮ","ヤムスクロ","亚穆苏克罗","雅穆蘇克雷","야무수크로"],"latitude":"6.82055","longitude":"-5.27674","feature_class":"P","feature_code":"PPLC","country_code":"CI","cc2":"","admin1_code":"81","admin2_code":"","admin3_code":"","admin4_code":"","population":"194530","elevation":"","dem":"214","timezone":"Africa/Abidjan","modification_date":"2012-01-17"},{"geonameid":"2280045","name":"Vavoua","asciiname":"Vavoua","alternatenames":["Vavoua","Vavua","Вавуа"],"latitude":"7.38194","longitude":"-6.47778","feature_class":"P","feature_code":"PPL","country_code":"CI","cc2":"","admin1_code":"80","admin2_code":"","admin3_code":"","admin4_code":"","population":"31250","elevation":"","dem":"276","timezone":"Africa/Abidjan","modification_date":"2012-01-17"},{"geonameid":"2280316","name":"Toumodi","asciiname":"Toumodi","alternatenames":["Toumodi","Tumodi"],"latitude":"6.55799","longitude":"-5.01769","feature_class":"P","feature_code":"PPL","country_code":"CI","cc2":"","admin1_code":"81","admin2_code":"","admin3_code":"","admin4_code":"","population":"39005","elevation":"","dem":"159","timezone":"Africa/Abidjan","modification_date":"2012-02-28"},{"geonameid":"2280333","name":"Toulépleu Gueré","asciiname":"Toulepleu Guere","alternatenames":[""],"latitude":"6.57395","longitude":"-8.42592","feature_class":"P","feature_code":"PPL","country_code":"CI","cc2":"","admin1_code":"78","admin2_code":"","admin3_code":"","admin4_code":"","population":"14098","elevation":"","dem":"269","timezone":"Africa/Abidjan","modification_date":"2014-01-10"},{"geonameid":"2280376","name":"Touba","asciiname":"Touba","alternatenames":["TOZ","Touba","Tuba"],"latitude":"8.28333","longitude":"-7.68333","feature_class":"P","feature_code":"PPLA","country_code":"CI","cc2":"","admin1_code":"75","admin2_code":"","admin3_code":"","admin4_code":"","population":"27504","elevation":"","dem":"470","timezone":"Africa/Abidjan","modification_date":"2013-04-27"},{"geonameid":"2280589","name":"Tengrela","asciiname":"Tengrela","alternatenames":["Tengrela","Tingrela","Tingréla"],"latitude":"10.48115","longitude":"-6.40694","feature_class":"P","feature_code":"PPL","country_code":"CI","cc2":"","admin1_code":"87","admin2_code":"","admin3_code":"","admin4_code":"","population":"39277","elevation":"","dem":"370","timezone":"Africa/Abidjan","modification_date":"2012-02-28"},{"geonameid":"2280761","name":"Tiassalé","asciiname":"Tiassale","alternatenames":["Tiassale","Tiassalé"],"latitude":"5.89839","longitude":"-4.82293","feature_class":"P","feature_code":"PPL","country_code":"CI","cc2":"","admin1_code":"82","admin2_code":"","admin3_code":"","admin4_code":"","population":"35090","elevation":"","dem":"29","timezone":"Africa/Abidjan","modification_date":"2012-02-28"},{"geonameid":"2280995","name":"Tanda","asciiname":"Tanda","alternatenames":["Tan N'Da","Tan N’Da","Tanda","Tanga"],"latitude":"7.80335","longitude":"-3.16832","feature_class":"P","feature_code":"PPL","country_code":"CI","cc2":"","admin1_code":"92","admin2_code":"","admin3_code":"","admin4_code":"","population":"20161","elevation":"","dem":"274","timezone":"Africa/Abidjan","modification_date":"2012-02-28"},{"geonameid":"2281120","name":"Tabou","asciiname":"Tabou","alternatenames":["TXU","Tabou","Tabu"],"latitude":"4.42295","longitude":"-7.3528","feature_class":"P","feature_code":"PPL","country_code":"CI","cc2":"","admin1_code":"76","admin2_code":"","admin3_code":"","admin4_code":"","population":"17134","elevation":"","dem":"9","timezone":"Africa/Abidjan","modification_date":"2012-01-17"},{"geonameid":"2281606","name":"Sinfra","asciiname":"Sinfra","alternatenames":["Sinfra"],"latitude":"6.62103","longitude":"-5.91144","feature_class":"P","feature_code":"PPL","country_code":"CI","cc2":"","admin1_code":"92","admin2_code":"","admin3_code":"","admin4_code":"","population":"59919","elevation":"","dem":"265","timezone":"Africa/Abidjan","modification_date":"2013-08-05"},{"geonameid":"2281951","name":"Sassandra","asciiname":"Sassandra","alternatenames":["Sassandra","ZSS","Сассандра"],"latitude":"4.95384","longitude":"-6.08531","feature_class":"P","feature_code":"PPL","country_code":"CI","cc2":"","admin1_code":"76","admin2_code":"","admin3_code":"","admin4_code":"","population":"23274","elevation":"","dem":"38","timezone":"Africa/Abidjan","modification_date":"2013-05-11"},{"geonameid":"2282006","name":"San-Pédro","asciiname":"San-Pedro","alternatenames":["San-Pedro","San-Pédro"],"latitude":"4.74851","longitude":"-6.6363","feature_class":"P","feature_code":"PPLA","country_code":"CI","cc2":"","admin1_code":"76","admin2_code":"","admin3_code":"","admin4_code":"","population":"196751","elevation":"","dem":"9","timezone":"Africa/Abidjan","modification_date":"2012-01-17"},{"geonameid":"2282178","name":"Sakassou","asciiname":"Sakassou","alternatenames":["Sakasso","Sakassou","Sakassu"],"latitude":"7.45462","longitude":"-5.29263","feature_class":"P","feature_code":"PPL","country_code":"CI","cc2":"","admin1_code":"90","admin2_code":"","admin3_code":"","admin4_code":"","population":"15068","elevation":"","dem":"231","timezone":"Africa/Abidjan","modification_date":"2012-01-17"},{"geonameid":"2282827","name":"Oumé","asciiname":"Oume","alternatenames":["Oume","Oumé","Ume"],"latitude":"6.38309","longitude":"-5.41759","feature_class":"P","feature_code":"PPL","country_code":"CI","cc2":"","admin1_code":"79","admin2_code":"","admin3_code":"","admin4_code":"","population":"52070","elevation":"","dem":"211","timezone":"Africa/Abidjan","modification_date":"2012-01-17"},{"geonameid":"2283016","name":"Odienné","asciiname":"Odienne","alternatenames":["Odienne","Odienné","Odjene","Odjenė","ao die nei","Одиенне","奧迭內"],"latitude":"9.50511","longitude":"-7.56433","feature_class":"P","feature_code":"PPLA","country_code":"CI","cc2":"","admin1_code":"77","admin2_code":"","admin3_code":"","admin4_code":"","population":"49857","elevation":"","dem":"429","timezone":"Africa/Abidjan","modification_date":"2012-02-28"},{"geonameid":"2284589","name":"Mankono","asciiname":"Mankono","alternatenames":["Mankono"],"latitude":"8.05861","longitude":"-6.18972","feature_class":"P","feature_code":"PPL","country_code":"CI","cc2":"","admin1_code":"91","admin2_code":"","admin3_code":"","admin4_code":"","population":"19095","elevation":"","dem":"335","timezone":"Africa/Abidjan","modification_date":"2012-01-17"},{"geonameid":"2284647","name":"Man","asciiname":"Man","alternatenames":["MJC","Man"],"latitude":"7.41251","longitude":"-7.55383","feature_class":"P","feature_code":"PPLA","country_code":"CI","cc2":"","admin1_code":"78","admin2_code":"","admin3_code":"","admin4_code":"","population":"139341","elevation":"","dem":"329","timezone":"Africa/Abidjan","modification_date":"2012-01-17"},{"geonameid":"2284744","name":"Maféré","asciiname":"Mafere","alternatenames":["Mafere","Maféré"],"latitude":"5.4151","longitude":"-3.03006","feature_class":"P","feature_code":"PPLA2","country_code":"CI","cc2":"","admin1_code":"89","admin2_code":"","admin3_code":"","admin4_code":"","population":"0","elevation":"","dem":"122","timezone":"Africa/Abidjan","modification_date":"2012-01-17"},{"geonameid":"2285449","name":"Lakota","asciiname":"Lakota","alternatenames":["Iakota","Lakota","Лакота"],"latitude":"5.84752","longitude":"-5.682","feature_class":"P","feature_code":"PPL","country_code":"CI","cc2":"","admin1_code":"88","admin2_code":"","admin3_code":"","admin4_code":"","population":"38055","elevation":"","dem":"228","timezone":"Africa/Abidjan","modification_date":"2012-02-28"},{"geonameid":"2286304","name":"Korhogo","asciiname":"Korhogo","alternatenames":["HGO","Korhogas","Korhogo","Korogo","ke huo ge","kologo","korogo","Корого","コロゴ","科霍戈","코로고"],"latitude":"9.45803","longitude":"-5.62961","feature_class":"P","feature_code":"PPLA","country_code":"CI","cc2":"","admin1_code":"87","admin2_code":"","admin3_code":"","admin4_code":"","population":"167359","elevation":"","dem":"360","timezone":"Africa/Abidjan","modification_date":"2014-08-20"},{"geonameid":"2287298","name":"Katiola","asciiname":"Katiola","alternatenames":["Katiola","Lafouka"],"latitude":"8.13728","longitude":"-5.10095","feature_class":"P","feature_code":"PPL","country_code":"CI","cc2":"","admin1_code":"90","admin2_code":"","admin3_code":"","admin4_code":"","population":"59641","elevation":"","dem":"326","timezone":"Africa/Abidjan","modification_date":"2012-02-28"},{"geonameid":"2287778","name":"Jacqueville","asciiname":"Jacqueville","alternatenames":["Half Jack","Jackville","Jacqueville","Jaqueville"],"latitude":"5.20515","longitude":"-4.4146","feature_class":"P","feature_code":"PPLA2","country_code":"CI","cc2":"","admin1_code":"82","admin2_code":"","admin3_code":"","admin4_code":"","population":"0","elevation":"","dem":"12","timezone":"Africa/Abidjan","modification_date":"2012-01-17"},{"geonameid":"2287790","name":"Issia","asciiname":"Issia","alternatenames":["Issia"],"latitude":"6.49224","longitude":"-6.58558","feature_class":"P","feature_code":"PPL","country_code":"CI","cc2":"","admin1_code":"80","admin2_code":"","admin3_code":"","admin4_code":"","population":"50313","elevation":"","dem":"211","timezone":"Africa/Abidjan","modification_date":"2013-04-03"},{"geonameid":"2287958","name":"Guiglo","asciiname":"Guiglo","alternatenames":["GGO","Guglo","Guiglo"],"latitude":"6.54368","longitude":"-7.4935","feature_class":"P","feature_code":"PPL","country_code":"CI","cc2":"","admin1_code":"78","admin2_code":"","admin3_code":"","admin4_code":"","population":"39134","elevation":"","dem":"212","timezone":"Africa/Abidjan","modification_date":"2014-01-10"},{"geonameid":"2287970","name":"Guibéroua","asciiname":"Guiberoua","alternatenames":["Guibehorouo","Guiberou","Guiberoua","Guibieouroua","Guibiéouroua","Guibéhorouo","Guibéroua"],"latitude":"6.23869","longitude":"-6.17147","feature_class":"P","feature_code":"PPL","country_code":"CI","cc2":"","admin1_code":"79","admin2_code":"","admin3_code":"","admin4_code":"","population":"13186","elevation":"","dem":"230","timezone":"Africa/Abidjan","modification_date":"2012-02-28"},{"geonameid":"2288105","name":"Grand-Lahou","asciiname":"Grand-Lahou","alternatenames":["Grand Lahu","Grand-Lahou"],"latitude":"5.13553","longitude":"-5.02396","feature_class":"P","feature_code":"PPL","country_code":"CI","cc2":"","admin1_code":"82","admin2_code":"","admin3_code":"","admin4_code":"","population":"10273","elevation":"","dem":"6","timezone":"Africa/Abidjan","modification_date":"2014-01-10"},{"geonameid":"2288115","name":"Grand-Bassam","asciiname":"Grand-Bassam","alternatenames":["Gran Basamas","Gran-Basam","Gran-Bassam","Grand Bassam","Grand-Bassam","da ba sa mu","gran-basami","Гран-Басам","Гран-Бассам","גראן-בסאם","გრან-ბასამი","グラン・バッサム","大巴薩姆"],"latitude":"5.2118","longitude":"-3.73884","feature_class":"P","feature_code":"PPLA2","country_code":"CI","cc2":"","admin1_code":"89","admin2_code":"","admin3_code":"","admin4_code":"","population":"73772","elevation":"","dem":"7","timezone":"Africa/Abidjan","modification_date":"2013-08-05"},{"geonameid":"2288118","name":"Affery","asciiname":"Affery","alternatenames":["Aferi","Affery","Aféri","Grand Aferi","Grand Aféri"],"latitude":"6.32035","longitude":"-3.95235","feature_class":"P","feature_code":"PPL","country_code":"CI","cc2":"","admin1_code":"82","admin2_code":"","admin3_code":"","admin4_code":"","population":"29909","elevation":"","dem":"106","timezone":"Africa/Abidjan","modification_date":"2014-01-10"},{"geonameid":"2288829","name":"Gagnoa","asciiname":"Gagnoa","alternatenames":["GGN","Gagnoa","Gragnoa"],"latitude":"6.13193","longitude":"-5.9506","feature_class":"P","feature_code":"PPLA","country_code":"CI","cc2":"","admin1_code":"79","admin2_code":"","admin3_code":"","admin4_code":"","population":"123184","elevation":"","dem":"202","timezone":"Africa/Abidjan","modification_date":"2012-02-28"},{"geonameid":"2289049","name":"Ferkessédougou","asciiname":"Ferkessedougou","alternatenames":["Ferkesedugu","Ferkessedougou","Ferkessédougou","Firkessedougou","Firkessedugu","Firkessédougou","Firkessédugu","Pofire","Serkessedougou","Феркеседугу"],"latitude":"9.5928","longitude":"-5.19449","feature_class":"P","feature_code":"PPL","country_code":"CI","cc2":"","admin1_code":"87","admin2_code":"","admin3_code":"","admin4_code":"","population":"62008","elevation":"","dem":"334","timezone":"Africa/Abidjan","modification_date":"2012-02-28"},{"geonameid":"2289549","name":"Duekoué","asciiname":"Duekoue","alternatenames":["Duekoue","Duekoué"],"latitude":"6.74202","longitude":"-7.34918","feature_class":"P","feature_code":"PPL","country_code":"CI","cc2":"","admin1_code":"78","admin2_code":"","admin3_code":"","admin4_code":"","population":"47198","elevation":"","dem":"231","timezone":"Africa/Abidjan","modification_date":"2014-01-10"},{"geonameid":"2289887","name":"Divo","asciiname":"Divo","alternatenames":["Boudougou","DIV","Divo"],"latitude":"5.83739","longitude":"-5.35723","feature_class":"P","feature_code":"PPLA","country_code":"CI","cc2":"","admin1_code":"88","admin2_code":"","admin3_code":"","admin4_code":"","population":"127867","elevation":"","dem":"147","timezone":"Africa/Abidjan","modification_date":"2012-02-28"},{"geonameid":"2289983","name":"Dimbokro","asciiname":"Dimbokro","alternatenames":["DIM","Dimbokro"],"latitude":"6.64678","longitude":"-4.70519","feature_class":"P","feature_code":"PPLA","country_code":"CI","cc2":"","admin1_code":"81","admin2_code":"","admin3_code":"","admin4_code":"","population":"67349","elevation":"","dem":"94","timezone":"Africa/Abidjan","modification_date":"2014-01-10"},{"geonameid":"2290412","name":"Daoukro","asciiname":"Daoukro","alternatenames":["Daoukrou","Daukro","Даукро"],"latitude":"7.0591","longitude":"-3.9631","feature_class":"P","feature_code":"PPL","country_code":"CI","cc2":"","admin1_code":"86","admin2_code":"","admin3_code":"","admin4_code":"","population":"40175","elevation":"","dem":"188","timezone":"Africa/Abidjan","modification_date":"2010-01-29"},{"geonameid":"2290462","name":"Danané","asciiname":"Danane","alternatenames":["Danane","Danané","Fort Hittos","Данане"],"latitude":"7.25957","longitude":"-8.15498","feature_class":"P","feature_code":"PPL","country_code":"CI","cc2":"","admin1_code":"78","admin2_code":"","admin3_code":"","admin4_code":"","population":"53808","elevation":"","dem":"347","timezone":"Africa/Abidjan","modification_date":"2012-01-17"},{"geonameid":"2290486","name":"Daloa","asciiname":"Daloa","alternatenames":["DJO","Daloa","Далоа"],"latitude":"6.87735","longitude":"-6.45022","feature_class":"P","feature_code":"PPLA","country_code":"CI","cc2":"","admin1_code":"80","admin2_code":"","admin3_code":"","admin4_code":"","population":"215652","elevation":"","dem":"262","timezone":"Africa/Abidjan","modification_date":"2012-01-17"},{"geonameid":"2290582","name":"Dabou","asciiname":"Dabou","alternatenames":["Dab","Dabou","Dabu","Даб"],"latitude":"5.32556","longitude":"-4.37685","feature_class":"P","feature_code":"PPL","country_code":"CI","cc2":"","admin1_code":"82","admin2_code":"","admin3_code":"","admin4_code":"","population":"69661","elevation":"","dem":"21","timezone":"Africa/Abidjan","modification_date":"2014-01-21"},{"geonameid":"2290609","name":"Dabakala","asciiname":"Dabakala","alternatenames":["Dabakala","Dabakla"],"latitude":"8.36321","longitude":"-4.42863","feature_class":"P","feature_code":"PPL","country_code":"CI","cc2":"","admin1_code":"90","admin2_code":"","admin3_code":"","admin4_code":"","population":"13717","elevation":"","dem":"254","timezone":"Africa/Abidjan","modification_date":"2012-02-28"},{"geonameid":"2290836","name":"Boundiali","asciiname":"Boundiali","alternatenames":["BXI","Boundiali","Boundiouli","Bundiali","Бундиали"],"latitude":"9.52167","longitude":"-6.48694","feature_class":"P","feature_code":"PPL","country_code":"CI","cc2":"","admin1_code":"87","admin2_code":"","admin3_code":"","admin4_code":"","population":"38878","elevation":"","dem":"411","timezone":"Africa/Abidjan","modification_date":"2012-01-17"},{"geonameid":"2290849","name":"Bouna","asciiname":"Bouna","alternatenames":["BQO","Bouna","Buna","Буна"],"latitude":"9.26927","longitude":"-2.9951","feature_class":"P","feature_code":"PPL","country_code":"CI","cc2":"","admin1_code":"92","admin2_code":"","admin3_code":"","admin4_code":"","population":"23570","elevation":"","dem":"318","timezone":"Africa/Abidjan","modification_date":"2012-02-28"},{"geonameid":"2290956","name":"Bouaké","asciiname":"Bouake","alternatenames":["Bouake","Bouaké","Buake","Bvake","Bvakė","Bwake","baw ke","bu wa kai","buake","bwaky","Буаке","بواكي","บัวเก","ბუაკე","ブアケ","布瓦凯","부아케"],"latitude":"7.69385","longitude":"-5.03031","feature_class":"P","feature_code":"PPLA","country_code":"CI","cc2":"","admin1_code":"90","admin2_code":"","admin3_code":"","admin4_code":"","population":"567481","elevation":"","dem":"339","timezone":"Africa/Abidjan","modification_date":"2012-02-28"},{"geonameid":"2290964","name":"Bouaflé","asciiname":"Bouafle","alternatenames":["Bouafle","Bouaflé","Buafle"],"latitude":"6.99041","longitude":"-5.7442","feature_class":"P","feature_code":"PPLA","country_code":"CI","cc2":"","admin1_code":"83","admin2_code":"","admin3_code":"","admin4_code":"","population":"60962","elevation":"","dem":"208","timezone":"Africa/Abidjan","modification_date":"2012-01-17"},{"geonameid":"2290985","name":"Botro","asciiname":"Botro","alternatenames":["Botro"],"latitude":"7.85249","longitude":"-5.31063","feature_class":"P","feature_code":"PPL","country_code":"CI","cc2":"","admin1_code":"90","admin2_code":"","admin3_code":"","admin4_code":"","population":"13375","elevation":"","dem":"261","timezone":"Africa/Abidjan","modification_date":"2012-01-17"},{"geonameid":"2291087","name":"Bonoua","asciiname":"Bonoua","alternatenames":["Bonoua","Bonua","Bunua","Grand Akapless"],"latitude":"5.27247","longitude":"-3.59625","feature_class":"P","feature_code":"PPLA2","country_code":"CI","cc2":"","admin1_code":"89","admin2_code":"","admin3_code":"","admin4_code":"","population":"37312","elevation":"","dem":"30","timezone":"Africa/Abidjan","modification_date":"2013-08-05"},{"geonameid":"2291113","name":"Bongouanou","asciiname":"Bongouanou","alternatenames":["Bongouanou","Bonguanu","Bougouanou"],"latitude":"6.65175","longitude":"-4.20406","feature_class":"P","feature_code":"PPL","country_code":"CI","cc2":"","admin1_code":"81","admin2_code":"","admin3_code":"","admin4_code":"","population":"34405","elevation":"","dem":"213","timezone":"Africa/Abidjan","modification_date":"2014-01-10"},{"geonameid":"2291136","name":"Bondoukou","asciiname":"Bondoukou","alternatenames":["BDK","Bondoukau","Bondoukou","Bonduku","Boudoukou","Gontoukou","Бондуку"],"latitude":"8.0402","longitude":"-2.80003","feature_class":"P","feature_code":"PPLA","country_code":"CI","cc2":"","admin1_code":"92","admin2_code":"","admin3_code":"","admin4_code":"","population":"58297","elevation":"","dem":"350","timezone":"Africa/Abidjan","modification_date":"2012-02-28"},{"geonameid":"2291383","name":"Bocanda","asciiname":"Bocanda","alternatenames":["Bocanda","Bokanda"],"latitude":"7.06264","longitude":"-4.49948","feature_class":"P","feature_code":"PPL","country_code":"CI","cc2":"","admin1_code":"81","admin2_code":"","admin3_code":"","admin4_code":"","population":"13079","elevation":"","dem":"115","timezone":"Africa/Abidjan","modification_date":"2014-01-10"},{"geonameid":"2291580","name":"Bingerville","asciiname":"Bingerville","alternatenames":["Bingerville"],"latitude":"5.35581","longitude":"-3.88537","feature_class":"P","feature_code":"PPLA2","country_code":"CI","cc2":"","admin1_code":"82","admin2_code":"","admin3_code":"","admin4_code":"","population":"50694","elevation":"","dem":"59","timezone":"Africa/Abidjan","modification_date":"2012-02-28"},{"geonameid":"2291666","name":"Biankouma","asciiname":"Biankouma","alternatenames":["Biankouma"],"latitude":"7.73909","longitude":"-7.61377","feature_class":"P","feature_code":"PPL","country_code":"CI","cc2":"","admin1_code":"78","admin2_code":"","admin3_code":"","admin4_code":"","population":"22868","elevation":"","dem":"538","timezone":"Africa/Abidjan","modification_date":"2012-01-17"},{"geonameid":"2291779","name":"Béoumi","asciiname":"Beoumi","alternatenames":["Beoumi","Beumi","Béoumi"],"latitude":"7.67395","longitude":"-5.58085","feature_class":"P","feature_code":"PPL","country_code":"CI","cc2":"","admin1_code":"90","admin2_code":"","admin3_code":"","admin4_code":"","population":"23053","elevation":"","dem":"226","timezone":"Africa/Abidjan","modification_date":"2012-02-28"},{"geonameid":"2292179","name":"Bangolo","asciiname":"Bangolo","alternatenames":["Bangolo","Zagna"],"latitude":"7.01232","longitude":"-7.48639","feature_class":"P","feature_code":"PPL","country_code":"CI","cc2":"","admin1_code":"78","admin2_code":"","admin3_code":"","admin4_code":"","population":"17712","elevation":"","dem":"264","timezone":"Africa/Abidjan","modification_date":"2012-02-28"},{"geonameid":"2292531","name":"Azaguié","asciiname":"Azaguie","alternatenames":["Azaguie","Azaguié"],"latitude":"5.62984","longitude":"-4.08204","feature_class":"P","feature_code":"PPLA2","country_code":"CI","cc2":"","admin1_code":"82","admin2_code":"","admin3_code":"","admin4_code":"","population":"0","elevation":"","dem":"81","timezone":"Africa/Abidjan","modification_date":"2014-01-10"},{"geonameid":"2292542","name":"Ayamé","asciiname":"Ayame","alternatenames":["Ayame","Ayamé"],"latitude":"5.6052","longitude":"-3.15709","feature_class":"P","feature_code":"PPLA2","country_code":"CI","cc2":"","admin1_code":"89","admin2_code":"","admin3_code":"","admin4_code":"","population":"12315","elevation":"","dem":"82","timezone":"Africa/Abidjan","modification_date":"2012-02-28"},{"geonameid":"2292755","name":"Arrah","asciiname":"Arrah","alternatenames":["Arra","Arrah"],"latitude":"6.67342","longitude":"-3.96938","feature_class":"P","feature_code":"PPL","country_code":"CI","cc2":"","admin1_code":"81","admin2_code":"","admin3_code":"","admin4_code":"","population":"37432","elevation":"","dem":"143","timezone":"Africa/Abidjan","modification_date":"2014-01-10"},{"geonameid":"2292852","name":"Anyama","asciiname":"Anyama","alternatenames":["An'jame","Aniama","Anyama","Anyama Sossokoua","Аньяме"],"latitude":"5.49462","longitude":"-4.05183","feature_class":"P","feature_code":"PPLA2","country_code":"CI","cc2":"","admin1_code":"82","admin2_code":"","admin3_code":"","admin4_code":"","population":"100653","elevation":"","dem":"95","timezone":"Africa/Abidjan","modification_date":"2012-01-17"},{"geonameid":"2293045","name":"Alépé","asciiname":"Alepe","alternatenames":["Alepe","Alépé","Little Alepe"],"latitude":"5.5004","longitude":"-3.66308","feature_class":"P","feature_code":"PPLA2","country_code":"CI","cc2":"","admin1_code":"82","admin2_code":"","admin3_code":"","admin4_code":"","population":"0","elevation":"","dem":"13","timezone":"Africa/Abidjan","modification_date":"2012-01-17"},{"geonameid":"2293107","name":"Akoupé","asciiname":"Akoupe","alternatenames":["Akoupe","Akoupé","Akupe"],"latitude":"6.38423","longitude":"-3.88759","feature_class":"P","feature_code":"PPL","country_code":"CI","cc2":"","admin1_code":"82","admin2_code":"","admin3_code":"","admin4_code":"","population":"35970","elevation":"","dem":"142","timezone":"Africa/Abidjan","modification_date":"2014-01-10"},{"geonameid":"2293260","name":"Agnibilékrou","asciiname":"Agnibilekrou","alternatenames":["Agnibilekrou","Agnibilékrou","Anibelekru"],"latitude":"7.13113","longitude":"-3.20415","feature_class":"P","feature_code":"PPL","country_code":"CI","cc2":"","admin1_code":"85","admin2_code":"","admin3_code":"","admin4_code":"","population":"43061","elevation":"","dem":"236","timezone":"Africa/Abidjan","modification_date":"2012-02-28"},{"geonameid":"2293268","name":"Agboville","asciiname":"Agboville","alternatenames":["Agbovil'","Agbovile","Agbovilis","Agboville","a bo wei er","Агбовиле","Агбовиль","Агбовіль","阿博維爾"],"latitude":"5.92801","longitude":"-4.21319","feature_class":"P","feature_code":"PPLA","country_code":"CI","cc2":"","admin1_code":"74","admin2_code":"","admin3_code":"","admin4_code":"","population":"81770","elevation":"","dem":"35","timezone":"Africa/Abidjan","modification_date":"2013-06-27"},{"geonameid":"2293342","name":"Adzopé","asciiname":"Adzope","alternatenames":["Adzope","Adzopé","Адзопе"],"latitude":"6.10694","longitude":"-3.86194","feature_class":"P","feature_code":"PPL","country_code":"CI","cc2":"","admin1_code":"82","admin2_code":"","admin3_code":"","admin4_code":"","population":"61884","elevation":"","dem":"109","timezone":"Africa/Abidjan","modification_date":"2014-01-10"},{"geonameid":"2293428","name":"Adiaké","asciiname":"Adiake","alternatenames":["Adiake","Adiaké"],"latitude":"5.28634","longitude":"-3.30403","feature_class":"P","feature_code":"PPLA2","country_code":"CI","cc2":"","admin1_code":"89","admin2_code":"","admin3_code":"","admin4_code":"","population":"16531","elevation":"","dem":"40","timezone":"Africa/Abidjan","modification_date":"2012-01-17"},{"geonameid":"2293507","name":"Aboisso","asciiname":"Aboisso","alternatenames":["ABO","Abisso","Aboissa","Aboisso","Abuasso","Абуассо"],"latitude":"5.46779","longitude":"-3.20711","feature_class":"P","feature_code":"PPLA","country_code":"CI","cc2":"","admin1_code":"89","admin2_code":"","admin3_code":"","admin4_code":"","population":"37654","elevation":"","dem":"12","timezone":"Africa/Abidjan","modification_date":"2013-06-27"},{"geonameid":"2293521","name":"Abobo","asciiname":"Abobo","alternatenames":["Abobo","Abobo-Gare"],"latitude":"5.41613","longitude":"-4.0159","feature_class":"P","feature_code":"PPL","country_code":"CI","cc2":"","admin1_code":"82","admin2_code":"","admin3_code":"","admin4_code":"","population":"900000","elevation":"","dem":"105","timezone":"Africa/Abidjan","modification_date":"2012-02-28"},{"geonameid":"2293538","name":"Abidjan","asciiname":"Abidjan","alternatenames":["ABJ","Abican","Abidjan","Abidzan","Abidzana","Abidzanas","Abidzans","Abidzhan","Abidżan","Abidžan","Abidžana","Abidžanas","Abidžans","Abigano","Abijan","Abiyan","Abiyán","Abizhan khot","Abiĝano","Ampitzan","Gorad Abidzhan","a bi rang","a bi shang","abdjan","abijan","abijana","abijang","abijani","abydjan","abyjan","xabi can","ʼbydgʼn","Αμπιτζάν","Абиджан","Абижан хот","Абиџан","Абіджан","Горад Абіджан","Աբիջան","אבידגאן","אבידזשאן","آبدجان","آبیجان","أبيدجان","आबिजान","আবিজান","ਅਬੀਜਾਨ","അബിജാൻ","อาบีจาน","აბიჯანი","アビジャン","阿必尚","阿比让","아비장"],"latitude":"5.30966","longitude":"-4.01266","feature_class":"P","feature_code":"PPLA","country_code":"CI","cc2":"","admin1_code":"82","admin2_code":"","admin3_code":"","admin4_code":"","population":"3677115","elevation":"","dem":"10","timezone":"Africa/Abidjan","modification_date":"2012-02-28"},{"geonameid":"2293549","name":"Abengourou","asciiname":"Abengourou","alternatenames":["Abengourou","Abenguru","OGO","Абенгуру"],"latitude":"6.72972","longitude":"-3.49639","feature_class":"P","feature_code":"PPLA","country_code":"CI","cc2":"","admin1_code":"85","admin2_code":"","admin3_code":"","admin4_code":"","population":"104020","elevation":"","dem":"197","timezone":"Africa/Abidjan","modification_date":"2012-01-17"},{"geonameid":"2596934","name":"Séguéla","asciiname":"Seguela","alternatenames":["Segele","Seguela","Séguéla","Сегеле"],"latitude":"7.96111","longitude":"-6.67306","feature_class":"P","feature_code":"PPLA","country_code":"CI","cc2":"","admin1_code":"91","admin2_code":"","admin3_code":"","admin4_code":"","population":"51157","elevation":"","dem":"350","timezone":"Africa/Abidjan","modification_date":"2012-01-20"},{"geonameid":"2596951","name":"Agou","asciiname":"Agou","alternatenames":["Agou"],"latitude":"5.98289","longitude":"-3.94393","feature_class":"P","feature_code":"PPLA2","country_code":"CI","cc2":"","admin1_code":"82","admin2_code":"","admin3_code":"","admin4_code":"","population":"0","elevation":"","dem":"93","timezone":"Africa/Abidjan","modification_date":"2014-01-15"},{"geonameid":"2597172","name":"Tiapoum","asciiname":"Tiapoum","alternatenames":["Tiapoum"],"latitude":"5.13622","longitude":"-3.02308","feature_class":"P","feature_code":"PPLA2","country_code":"CI","cc2":"","admin1_code":"89","admin2_code":"","admin3_code":"","admin4_code":"","population":"0","elevation":"","dem":"14","timezone":"Africa/Abidjan","modification_date":"2012-01-20"},{"geonameid":"2598243","name":"Soubré","asciiname":"Soubre","alternatenames":["Soubre","Soubré"],"latitude":"5.78556","longitude":"-6.60833","feature_class":"P","feature_code":"PPL","country_code":"CI","cc2":"","admin1_code":"76","admin2_code":"","admin3_code":"","admin4_code":"","population":"58492","elevation":"","dem":"134","timezone":"Africa/Abidjan","modification_date":"2012-01-20"},{"geonameid":"8536562","name":"Songon","asciiname":"Songon","alternatenames":[""],"latitude":"5.3196","longitude":"-4.25415","feature_class":"P","feature_code":"PPLA2","country_code":"CI","cc2":"","admin1_code":"82","admin2_code":"","admin3_code":"","admin4_code":"","population":"0","elevation":"","dem":"19","timezone":"Africa/Abidjan","modification_date":"2013-06-05"},{"geonameid":"2279172","name":"Zuénoula","asciiname":"Zuenoula","alternatenames":["Zenoula","Zouenoula","Zouénoula","Zuenoula","Zuénoula","Zénoula"],"latitude":"7.43027","longitude":"-6.05054","feature_class":"P","feature_code":"PPL","country_code":"CI","cc2":"","admin1_code":"83","admin2_code":"","admin3_code":"","admin4_code":"","population":"34435","elevation":"","dem":"207","timezone":"Africa/Abidjan","modification_date":"2012-02-28"},{"geonameid":"2279755","name":"Yamoussoukro","asciiname":"Yamoussoukro","alternatenames":["ASK","Giamoussoukro","Gorad Jamusukra","Jamusukras","Jamusukro","Jamusukro khot","Yamosukro","Yamousoukro","Yamoussokro","Yamoussoukro","Yamussukro","Yamusukro","ya mu su ke lei","ya mu su ke luo","ya mussu kor","yamusasutro","yamusukaro","yamusukeulo","yamusukro","yamusukuro","yamwswkrw","yamwwswwkrۆ","ywmwswkrw","Γιαμουσσούκρο","Јамусукро","Горад Ямусукра","Ямусукро","Ямусукро хот","Յամուսուկրո","יאמוסוקרו","ياموسوكرو","يامۇسسۇكرو","یاموسوکرو","یامووسووکرۆ","یوموسوکرو","यामूसूक्रो","ਯਾਮੂਸੂਕਰੋ","ୟାମୁସସୁତ୍ରୋ","ยามุสซุโกร","ཡམ་སོ་ཁེ་རོ།","იამუსუკრო","ያሙሱክሮ","ヤムスクロ","亚穆苏克罗","雅穆蘇克雷","야무수크로"],"latitude":"6.82055","longitude":"-5.27674","feature_class":"P","feature_code":"PPLC","country_code":"CI","cc2":"","admin1_code":"81","admin2_code":"","admin3_code":"","admin4_code":"","population":"194530","elevation":"","dem":"214","timezone":"Africa/Abidjan","modification_date":"2012-01-17"},{"geonameid":"2280045","name":"Vavoua","asciiname":"Vavoua","alternatenames":["Vavoua","Vavua","Вавуа"],"latitude":"7.38194","longitude":"-6.47778","feature_class":"P","feature_code":"PPL","country_code":"CI","cc2":"","admin1_code":"80","admin2_code":"","admin3_code":"","admin4_code":"","population":"31250","elevation":"","dem":"276","timezone":"Africa/Abidjan","modification_date":"2012-01-17"},{"geonameid":"2280316","name":"Toumodi","asciiname":"Toumodi","alternatenames":["Toumodi","Tumodi"],"latitude":"6.55799","longitude":"-5.01769","feature_class":"P","feature_code":"PPL","country_code":"CI","cc2":"","admin1_code":"81","admin2_code":"","admin3_code":"","admin4_code":"","population":"39005","elevation":"","dem":"159","timezone":"Africa/Abidjan","modification_date":"2012-02-28"},{"geonameid":"2280333","name":"Toulépleu Gueré","asciiname":"Toulepleu Guere","alternatenames":[""],"latitude":"6.57395","longitude":"-8.42592","feature_class":"P","feature_code":"PPL","country_code":"CI","cc2":"","admin1_code":"78","admin2_code":"","admin3_code":"","admin4_code":"","population":"14098","elevation":"","dem":"269","timezone":"Africa/Abidjan","modification_date":"2014-01-10"},{"geonameid":"2280376","name":"Touba","asciiname":"Touba","alternatenames":["TOZ","Touba","Tuba"],"latitude":"8.28333","longitude":"-7.68333","feature_class":"P","feature_code":"PPLA","country_code":"CI","cc2":"","admin1_code":"75","admin2_code":"","admin3_code":"","admin4_code":"","population":"27504","elevation":"","dem":"470","timezone":"Africa/Abidjan","modification_date":"2013-04-27"},{"geonameid":"2280589","name":"Tengrela","asciiname":"Tengrela","alternatenames":["Tengrela","Tingrela","Tingréla"],"latitude":"10.48115","longitude":"-6.40694","feature_class":"P","feature_code":"PPL","country_code":"CI","cc2":"","admin1_code":"87","admin2_code":"","admin3_code":"","admin4_code":"","population":"39277","elevation":"","dem":"370","timezone":"Africa/Abidjan","modification_date":"2012-02-28"},{"geonameid":"2280761","name":"Tiassalé","asciiname":"Tiassale","alternatenames":["Tiassale","Tiassalé"],"latitude":"5.89839","longitude":"-4.82293","feature_class":"P","feature_code":"PPL","country_code":"CI","cc2":"","admin1_code":"82","admin2_code":"","admin3_code":"","admin4_code":"","population":"35090","elevation":"","dem":"29","timezone":"Africa/Abidjan","modification_date":"2012-02-28"},{"geonameid":"2280995","name":"Tanda","asciiname":"Tanda","alternatenames":["Tan N'Da","Tan N’Da","Tanda","Tanga"],"latitude":"7.80335","longitude":"-3.16832","feature_class":"P","feature_code":"PPL","country_code":"CI","cc2":"","admin1_code":"92","admin2_code":"","admin3_code":"","admin4_code":"","population":"20161","elevation":"","dem":"274","timezone":"Africa/Abidjan","modification_date":"2012-02-28"},{"geonameid":"2281120","name":"Tabou","asciiname":"Tabou","alternatenames":["TXU","Tabou","Tabu"],"latitude":"4.42295","longitude":"-7.3528","feature_class":"P","feature_code":"PPL","country_code":"CI","cc2":"","admin1_code":"76","admin2_code":"","admin3_code":"","admin4_code":"","population":"17134","elevation":"","dem":"9","timezone":"Africa/Abidjan","modification_date":"2012-01-17"},{"geonameid":"2281606","name":"Sinfra","asciiname":"Sinfra","alternatenames":["Sinfra"],"latitude":"6.62103","longitude":"-5.91144","feature_class":"P","feature_code":"PPL","country_code":"CI","cc2":"","admin1_code":"92","admin2_code":"","admin3_code":"","admin4_code":"","population":"59919","elevation":"","dem":"265","timezone":"Africa/Abidjan","modification_date":"2013-08-05"},{"geonameid":"2281951","name":"Sassandra","asciiname":"Sassandra","alternatenames":["Sassandra","ZSS","Сассандра"],"latitude":"4.95384","longitude":"-6.08531","feature_class":"P","feature_code":"PPL","country_code":"CI","cc2":"","admin1_code":"76","admin2_code":"","admin3_code":"","admin4_code":"","population":"23274","elevation":"","dem":"38","timezone":"Africa/Abidjan","modification_date":"2013-05-11"},{"geonameid":"2282006","name":"San-Pédro","asciiname":"San-Pedro","alternatenames":["San-Pedro","San-Pédro"],"latitude":"4.74851","longitude":"-6.6363","feature_class":"P","feature_code":"PPLA","country_code":"CI","cc2":"","admin1_code":"76","admin2_code":"","admin3_code":"","admin4_code":"","population":"196751","elevation":"","dem":"9","timezone":"Africa/Abidjan","modification_date":"2012-01-17"},{"geonameid":"2282178","name":"Sakassou","asciiname":"Sakassou","alternatenames":["Sakasso","Sakassou","Sakassu"],"latitude":"7.45462","longitude":"-5.29263","feature_class":"P","feature_code":"PPL","country_code":"CI","cc2":"","admin1_code":"90","admin2_code":"","admin3_code":"","admin4_code":"","population":"15068","elevation":"","dem":"231","timezone":"Africa/Abidjan","modification_date":"2012-01-17"},{"geonameid":"2282827","name":"Oumé","asciiname":"Oume","alternatenames":["Oume","Oumé","Ume"],"latitude":"6.38309","longitude":"-5.41759","feature_class":"P","feature_code":"PPL","country_code":"CI","cc2":"","admin1_code":"79","admin2_code":"","admin3_code":"","admin4_code":"","population":"52070","elevation":"","dem":"211","timezone":"Africa/Abidjan","modification_date":"2012-01-17"},{"geonameid":"2283016","name":"Odienné","asciiname":"Odienne","alternatenames":["Odienne","Odienné","Odjene","Odjenė","ao die nei","Одиенне","奧迭內"],"latitude":"9.50511","longitude":"-7.56433","feature_class":"P","feature_code":"PPLA","country_code":"CI","cc2":"","admin1_code":"77","admin2_code":"","admin3_code":"","admin4_code":"","population":"49857","elevation":"","dem":"429","timezone":"Africa/Abidjan","modification_date":"2012-02-28"},{"geonameid":"2284589","name":"Mankono","asciiname":"Mankono","alternatenames":["Mankono"],"latitude":"8.05861","longitude":"-6.18972","feature_class":"P","feature_code":"PPL","country_code":"CI","cc2":"","admin1_code":"91","admin2_code":"","admin3_code":"","admin4_code":"","population":"19095","elevation":"","dem":"335","timezone":"Africa/Abidjan","modification_date":"2012-01-17"},{"geonameid":"2284647","name":"Man","asciiname":"Man","alternatenames":["MJC","Man"],"latitude":"7.41251","longitude":"-7.55383","feature_class":"P","feature_code":"PPLA","country_code":"CI","cc2":"","admin1_code":"78","admin2_code":"","admin3_code":"","admin4_code":"","population":"139341","elevation":"","dem":"329","timezone":"Africa/Abidjan","modification_date":"2012-01-17"},{"geonameid":"2285449","name":"Lakota","asciiname":"Lakota","alternatenames":["Iakota","Lakota","Лакота"],"latitude":"5.84752","longitude":"-5.682","feature_class":"P","feature_code":"PPL","country_code":"CI","cc2":"","admin1_code":"88","admin2_code":"","admin3_code":"","admin4_code":"","population":"38055","elevation":"","dem":"228","timezone":"Africa/Abidjan","modification_date":"2012-02-28"},{"geonameid":"2286304","name":"Korhogo","asciiname":"Korhogo","alternatenames":["HGO","Korhogas","Korhogo","Korogo","ke huo ge","kologo","korogo","Корого","コロゴ","科霍戈","코로고"],"latitude":"9.45803","longitude":"-5.62961","feature_class":"P","feature_code":"PPLA","country_code":"CI","cc2":"","admin1_code":"87","admin2_code":"","admin3_code":"","admin4_code":"","population":"167359","elevation":"","dem":"360","timezone":"Africa/Abidjan","modification_date":"2014-08-20"},{"geonameid":"2287298","name":"Katiola","asciiname":"Katiola","alternatenames":["Katiola","Lafouka"],"latitude":"8.13728","longitude":"-5.10095","feature_class":"P","feature_code":"PPL","country_code":"CI","cc2":"","admin1_code":"90","admin2_code":"","admin3_code":"","admin4_code":"","population":"59641","elevation":"","dem":"326","timezone":"Africa/Abidjan","modification_date":"2012-02-28"},{"geonameid":"2287790","name":"Issia","asciiname":"Issia","alternatenames":["Issia"],"latitude":"6.49224","longitude":"-6.58558","feature_class":"P","feature_code":"PPL","country_code":"CI","cc2":"","admin1_code":"80","admin2_code":"","admin3_code":"","admin4_code":"","population":"50313","elevation":"","dem":"211","timezone":"Africa/Abidjan","modification_date":"2013-04-03"},{"geonameid":"2287958","name":"Guiglo","asciiname":"Guiglo","alternatenames":["GGO","Guglo","Guiglo"],"latitude":"6.54368","longitude":"-7.4935","feature_class":"P","feature_code":"PPL","country_code":"CI","cc2":"","admin1_code":"78","admin2_code":"","admin3_code":"","admin4_code":"","population":"39134","elevation":"","dem":"212","timezone":"Africa/Abidjan","modification_date":"2014-01-10"},{"geonameid":"2287970","name":"Guibéroua","asciiname":"Guiberoua","alternatenames":["Guibehorouo","Guiberou","Guiberoua","Guibieouroua","Guibiéouroua","Guibéhorouo","Guibéroua"],"latitude":"6.23869","longitude":"-6.17147","feature_class":"P","feature_code":"PPL","country_code":"CI","cc2":"","admin1_code":"79","admin2_code":"","admin3_code":"","admin4_code":"","population":"13186","elevation":"","dem":"230","timezone":"Africa/Abidjan","modification_date":"2012-02-28"},{"geonameid":"2288105","name":"Grand-Lahou","asciiname":"Grand-Lahou","alternatenames":["Grand Lahu","Grand-Lahou"],"latitude":"5.13553","longitude":"-5.02396","feature_class":"P","feature_code":"PPL","country_code":"CI","cc2":"","admin1_code":"82","admin2_code":"","admin3_code":"","admin4_code":"","population":"10273","elevation":"","dem":"6","timezone":"Africa/Abidjan","modification_date":"2014-01-10"},{"geonameid":"2288115","name":"Grand-Bassam","asciiname":"Grand-Bassam","alternatenames":["Gran Basamas","Gran-Basam","Gran-Bassam","Grand Bassam","Grand-Bassam","da ba sa mu","gran-basami","Гран-Басам","Гран-Бассам","גראן-בסאם","გრან-ბასამი","グラン・バッサム","大巴薩姆"],"latitude":"5.2118","longitude":"-3.73884","feature_class":"P","feature_code":"PPLA2","country_code":"CI","cc2":"","admin1_code":"89","admin2_code":"","admin3_code":"","admin4_code":"","population":"73772","elevation":"","dem":"7","timezone":"Africa/Abidjan","modification_date":"2013-08-05"},{"geonameid":"2288118","name":"Affery","asciiname":"Affery","alternatenames":["Aferi","Affery","Aféri","Grand Aferi","Grand Aféri"],"latitude":"6.32035","longitude":"-3.95235","feature_class":"P","feature_code":"PPL","country_code":"CI","cc2":"","admin1_code":"82","admin2_code":"","admin3_code":"","admin4_code":"","population":"29909","elevation":"","dem":"106","timezone":"Africa/Abidjan","modification_date":"2014-01-10"},{"geonameid":"2288829","name":"Gagnoa","asciiname":"Gagnoa","alternatenames":["GGN","Gagnoa","Gragnoa"],"latitude":"6.13193","longitude":"-5.9506","feature_class":"P","feature_code":"PPLA","country_code":"CI","cc2":"","admin1_code":"79","admin2_code":"","admin3_code":"","admin4_code":"","population":"123184","elevation":"","dem":"202","timezone":"Africa/Abidjan","modification_date":"2012-02-28"},{"geonameid":"2289049","name":"Ferkessédougou","asciiname":"Ferkessedougou","alternatenames":["Ferkesedugu","Ferkessedougou","Ferkessédougou","Firkessedougou","Firkessedugu","Firkessédougou","Firkessédugu","Pofire","Serkessedougou","Феркеседугу"],"latitude":"9.5928","longitude":"-5.19449","feature_class":"P","feature_code":"PPL","country_code":"CI","cc2":"","admin1_code":"87","admin2_code":"","admin3_code":"","admin4_code":"","population":"62008","elevation":"","dem":"334","timezone":"Africa/Abidjan","modification_date":"2012-02-28"},{"geonameid":"2289549","name":"Duekoué","asciiname":"Duekoue","alternatenames":["Duekoue","Duekoué"],"latitude":"6.74202","longitude":"-7.34918","feature_class":"P","feature_code":"PPL","country_code":"CI","cc2":"","admin1_code":"78","admin2_code":"","admin3_code":"","admin4_code":"","population":"47198","elevation":"","dem":"231","timezone":"Africa/Abidjan","modification_date":"2014-01-10"},{"geonameid":"2289887","name":"Divo","asciiname":"Divo","alternatenames":["Boudougou","DIV","Divo"],"latitude":"5.83739","longitude":"-5.35723","feature_class":"P","feature_code":"PPLA","country_code":"CI","cc2":"","admin1_code":"88","admin2_code":"","admin3_code":"","admin4_code":"","population":"127867","elevation":"","dem":"147","timezone":"Africa/Abidjan","modification_date":"2012-02-28"},{"geonameid":"2289983","name":"Dimbokro","asciiname":"Dimbokro","alternatenames":["DIM","Dimbokro"],"latitude":"6.64678","longitude":"-4.70519","feature_class":"P","feature_code":"PPLA","country_code":"CI","cc2":"","admin1_code":"81","admin2_code":"","admin3_code":"","admin4_code":"","population":"67349","elevation":"","dem":"94","timezone":"Africa/Abidjan","modification_date":"2014-01-10"},{"geonameid":"2290412","name":"Daoukro","asciiname":"Daoukro","alternatenames":["Daoukrou","Daukro","Даукро"],"latitude":"7.0591","longitude":"-3.9631","feature_class":"P","feature_code":"PPL","country_code":"CI","cc2":"","admin1_code":"86","admin2_code":"","admin3_code":"","admin4_code":"","population":"40175","elevation":"","dem":"188","timezone":"Africa/Abidjan","modification_date":"2010-01-29"},{"geonameid":"2290462","name":"Danané","asciiname":"Danane","alternatenames":["Danane","Danané","Fort Hittos","Данане"],"latitude":"7.25957","longitude":"-8.15498","feature_class":"P","feature_code":"PPL","country_code":"CI","cc2":"","admin1_code":"78","admin2_code":"","admin3_code":"","admin4_code":"","population":"53808","elevation":"","dem":"347","timezone":"Africa/Abidjan","modification_date":"2012-01-17"},{"geonameid":"2290486","name":"Daloa","asciiname":"Daloa","alternatenames":["DJO","Daloa","Далоа"],"latitude":"6.87735","longitude":"-6.45022","feature_class":"P","feature_code":"PPLA","country_code":"CI","cc2":"","admin1_code":"80","admin2_code":"","admin3_code":"","admin4_code":"","population":"215652","elevation":"","dem":"262","timezone":"Africa/Abidjan","modification_date":"2012-01-17"},{"geonameid":"2290582","name":"Dabou","asciiname":"Dabou","alternatenames":["Dab","Dabou","Dabu","Даб"],"latitude":"5.32556","longitude":"-4.37685","feature_class":"P","feature_code":"PPL","country_code":"CI","cc2":"","admin1_code":"82","admin2_code":"","admin3_code":"","admin4_code":"","population":"69661","elevation":"","dem":"21","timezone":"Africa/Abidjan","modification_date":"2014-01-21"},{"geonameid":"2290609","name":"Dabakala","asciiname":"Dabakala","alternatenames":["Dabakala","Dabakla"],"latitude":"8.36321","longitude":"-4.42863","feature_class":"P","feature_code":"PPL","country_code":"CI","cc2":"","admin1_code":"90","admin2_code":"","admin3_code":"","admin4_code":"","population":"13717","elevation":"","dem":"254","timezone":"Africa/Abidjan","modification_date":"2012-02-28"},{"geonameid":"2290836","name":"Boundiali","asciiname":"Boundiali","alternatenames":["BXI","Boundiali","Boundiouli","Bundiali","Бундиали"],"latitude":"9.52167","longitude":"-6.48694","feature_class":"P","feature_code":"PPL","country_code":"CI","cc2":"","admin1_code":"87","admin2_code":"","admin3_code":"","admin4_code":"","population":"38878","elevation":"","dem":"411","timezone":"Africa/Abidjan","modification_date":"2012-01-17"},{"geonameid":"2290849","name":"Bouna","asciiname":"Bouna","alternatenames":["BQO","Bouna","Buna","Буна"],"latitude":"9.26927","longitude":"-2.9951","feature_class":"P","feature_code":"PPL","country_code":"CI","cc2":"","admin1_code":"92","admin2_code":"","admin3_code":"","admin4_code":"","population":"23570","elevation":"","dem":"318","timezone":"Africa/Abidjan","modification_date":"2012-02-28"},{"geonameid":"2290956","name":"Bouaké","asciiname":"Bouake","alternatenames":["Bouake","Bouaké","Buake","Bvake","Bvakė","Bwake","baw ke","bu wa kai","buake","bwaky","Буаке","بواكي","บัวเก","ბუაკე","ブアケ","布瓦凯","부아케"],"latitude":"7.69385","longitude":"-5.03031","feature_class":"P","feature_code":"PPLA","country_code":"CI","cc2":"","admin1_code":"90","admin2_code":"","admin3_code":"","admin4_code":"","population":"567481","elevation":"","dem":"339","timezone":"Africa/Abidjan","modification_date":"2012-02-28"},{"geonameid":"2290964","name":"Bouaflé","asciiname":"Bouafle","alternatenames":["Bouafle","Bouaflé","Buafle"],"latitude":"6.99041","longitude":"-5.7442","feature_class":"P","feature_code":"PPLA","country_code":"CI","cc2":"","admin1_code":"83","admin2_code":"","admin3_code":"","admin4_code":"","population":"60962","elevation":"","dem":"208","timezone":"Africa/Abidjan","modification_date":"2012-01-17"},{"geonameid":"2290985","name":"Botro","asciiname":"Botro","alternatenames":["Botro"],"latitude":"7.85249","longitude":"-5.31063","feature_class":"P","feature_code":"PPL","country_code":"CI","cc2":"","admin1_code":"90","admin2_code":"","admin3_code":"","admin4_code":"","population":"13375","elevation":"","dem":"261","timezone":"Africa/Abidjan","modification_date":"2012-01-17"},{"geonameid":"2291087","name":"Bonoua","asciiname":"Bonoua","alternatenames":["Bonoua","Bonua","Bunua","Grand Akapless"],"latitude":"5.27247","longitude":"-3.59625","feature_class":"P","feature_code":"PPLA2","country_code":"CI","cc2":"","admin1_code":"89","admin2_code":"","admin3_code":"","admin4_code":"","population":"37312","elevation":"","dem":"30","timezone":"Africa/Abidjan","modification_date":"2013-08-05"},{"geonameid":"2291113","name":"Bongouanou","asciiname":"Bongouanou","alternatenames":["Bongouanou","Bonguanu","Bougouanou"],"latitude":"6.65175","longitude":"-4.20406","feature_class":"P","feature_code":"PPL","country_code":"CI","cc2":"","admin1_code":"81","admin2_code":"","admin3_code":"","admin4_code":"","population":"34405","elevation":"","dem":"213","timezone":"Africa/Abidjan","modification_date":"2014-01-10"},{"geonameid":"2291136","name":"Bondoukou","asciiname":"Bondoukou","alternatenames":["BDK","Bondoukau","Bondoukou","Bonduku","Boudoukou","Gontoukou","Бондуку"],"latitude":"8.0402","longitude":"-2.80003","feature_class":"P","feature_code":"PPLA","country_code":"CI","cc2":"","admin1_code":"92","admin2_code":"","admin3_code":"","admin4_code":"","population":"58297","elevation":"","dem":"350","timezone":"Africa/Abidjan","modification_date":"2012-02-28"},{"geonameid":"2291383","name":"Bocanda","asciiname":"Bocanda","alternatenames":["Bocanda","Bokanda"],"latitude":"7.06264","longitude":"-4.49948","feature_class":"P","feature_code":"PPL","country_code":"CI","cc2":"","admin1_code":"81","admin2_code":"","admin3_code":"","admin4_code":"","population":"13079","elevation":"","dem":"115","timezone":"Africa/Abidjan","modification_date":"2014-01-10"},{"geonameid":"2291580","name":"Bingerville","asciiname":"Bingerville","alternatenames":["Bingerville"],"latitude":"5.35581","longitude":"-3.88537","feature_class":"P","feature_code":"PPLA2","country_code":"CI","cc2":"","admin1_code":"82","admin2_code":"","admin3_code":"","admin4_code":"","population":"50694","elevation":"","dem":"59","timezone":"Africa/Abidjan","modification_date":"2012-02-28"},{"geonameid":"2291666","name":"Biankouma","asciiname":"Biankouma","alternatenames":["Biankouma"],"latitude":"7.73909","longitude":"-7.61377","feature_class":"P","feature_code":"PPL","country_code":"CI","cc2":"","admin1_code":"78","admin2_code":"","admin3_code":"","admin4_code":"","population":"22868","elevation":"","dem":"538","timezone":"Africa/Abidjan","modification_date":"2012-01-17"},{"geonameid":"2291779","name":"Béoumi","asciiname":"Beoumi","alternatenames":["Beoumi","Beumi","Béoumi"],"latitude":"7.67395","longitude":"-5.58085","feature_class":"P","feature_code":"PPL","country_code":"CI","cc2":"","admin1_code":"90","admin2_code":"","admin3_code":"","admin4_code":"","population":"23053","elevation":"","dem":"226","timezone":"Africa/Abidjan","modification_date":"2012-02-28"},{"geonameid":"2292179","name":"Bangolo","asciiname":"Bangolo","alternatenames":["Bangolo","Zagna"],"latitude":"7.01232","longitude":"-7.48639","feature_class":"P","feature_code":"PPL","country_code":"CI","cc2":"","admin1_code":"78","admin2_code":"","admin3_code":"","admin4_code":"","population":"17712","elevation":"","dem":"264","timezone":"Africa/Abidjan","modification_date":"2012-02-28"},{"geonameid":"2292542","name":"Ayamé","asciiname":"Ayame","alternatenames":["Ayame","Ayamé"],"latitude":"5.6052","longitude":"-3.15709","feature_class":"P","feature_code":"PPLA2","country_code":"CI","cc2":"","admin1_code":"89","admin2_code":"","admin3_code":"","admin4_code":"","population":"12315","elevation":"","dem":"82","timezone":"Africa/Abidjan","modification_date":"2012-02-28"},{"geonameid":"2292755","name":"Arrah","asciiname":"Arrah","alternatenames":["Arra","Arrah"],"latitude":"6.67342","longitude":"-3.96938","feature_class":"P","feature_code":"PPL","country_code":"CI","cc2":"","admin1_code":"81","admin2_code":"","admin3_code":"","admin4_code":"","population":"37432","elevation":"","dem":"143","timezone":"Africa/Abidjan","modification_date":"2014-01-10"},{"geonameid":"2292852","name":"Anyama","asciiname":"Anyama","alternatenames":["An'jame","Aniama","Anyama","Anyama Sossokoua","Аньяме"],"latitude":"5.49462","longitude":"-4.05183","feature_class":"P","feature_code":"PPLA2","country_code":"CI","cc2":"","admin1_code":"82","admin2_code":"","admin3_code":"","admin4_code":"","population":"100653","elevation":"","dem":"95","timezone":"Africa/Abidjan","modification_date":"2012-01-17"},{"geonameid":"2293107","name":"Akoupé","asciiname":"Akoupe","alternatenames":["Akoupe","Akoupé","Akupe"],"latitude":"6.38423","longitude":"-3.88759","feature_class":"P","feature_code":"PPL","country_code":"CI","cc2":"","admin1_code":"82","admin2_code":"","admin3_code":"","admin4_code":"","population":"35970","elevation":"","dem":"142","timezone":"Africa/Abidjan","modification_date":"2014-01-10"},{"geonameid":"2293260","name":"Agnibilékrou","asciiname":"Agnibilekrou","alternatenames":["Agnibilekrou","Agnibilékrou","Anibelekru"],"latitude":"7.13113","longitude":"-3.20415","feature_class":"P","feature_code":"PPL","country_code":"CI","cc2":"","admin1_code":"85","admin2_code":"","admin3_code":"","admin4_code":"","population":"43061","elevation":"","dem":"236","timezone":"Africa/Abidjan","modification_date":"2012-02-28"},{"geonameid":"2293268","name":"Agboville","asciiname":"Agboville","alternatenames":["Agbovil'","Agbovile","Agbovilis","Agboville","a bo wei er","Агбовиле","Агбовиль","Агбовіль","阿博維爾"],"latitude":"5.92801","longitude":"-4.21319","feature_class":"P","feature_code":"PPLA","country_code":"CI","cc2":"","admin1_code":"74","admin2_code":"","admin3_code":"","admin4_code":"","population":"81770","elevation":"","dem":"35","timezone":"Africa/Abidjan","modification_date":"2013-06-27"},{"geonameid":"2293342","name":"Adzopé","asciiname":"Adzope","alternatenames":["Adzope","Adzopé","Адзопе"],"latitude":"6.10694","longitude":"-3.86194","feature_class":"P","feature_code":"PPL","country_code":"CI","cc2":"","admin1_code":"82","admin2_code":"","admin3_code":"","admin4_code":"","population":"61884","elevation":"","dem":"109","timezone":"Africa/Abidjan","modification_date":"2014-01-10"},{"geonameid":"2293428","name":"Adiaké","asciiname":"Adiake","alternatenames":["Adiake","Adiaké"],"latitude":"5.28634","longitude":"-3.30403","feature_class":"P","feature_code":"PPLA2","country_code":"CI","cc2":"","admin1_code":"89","admin2_code":"","admin3_code":"","admin4_code":"","population":"16531","elevation":"","dem":"40","timezone":"Africa/Abidjan","modification_date":"2012-01-17"},{"geonameid":"2293507","name":"Aboisso","asciiname":"Aboisso","alternatenames":["ABO","Abisso","Aboissa","Aboisso","Abuasso","Абуассо"],"latitude":"5.46779","longitude":"-3.20711","feature_class":"P","feature_code":"PPLA","country_code":"CI","cc2":"","admin1_code":"89","admin2_code":"","admin3_code":"","admin4_code":"","population":"37654","elevation":"","dem":"12","timezone":"Africa/Abidjan","modification_date":"2013-06-27"},{"geonameid":"2293521","name":"Abobo","asciiname":"Abobo","alternatenames":["Abobo","Abobo-Gare"],"latitude":"5.41613","longitude":"-4.0159","feature_class":"P","feature_code":"PPL","country_code":"CI","cc2":"","admin1_code":"82","admin2_code":"","admin3_code":"","admin4_code":"","population":"900000","elevation":"","dem":"105","timezone":"Africa/Abidjan","modification_date":"2012-02-28"},{"geonameid":"2293538","name":"Abidjan","asciiname":"Abidjan","alternatenames":["ABJ","Abican","Abidjan","Abidzan","Abidzana","Abidzanas","Abidzans","Abidzhan","Abidżan","Abidžan","Abidžana","Abidžanas","Abidžans","Abigano","Abijan","Abiyan","Abiyán","Abizhan khot","Abiĝano","Ampitzan","Gorad Abidzhan","a bi rang","a bi shang","abdjan","abijan","abijana","abijang","abijani","abydjan","abyjan","xabi can","ʼbydgʼn","Αμπιτζάν","Абиджан","Абижан хот","Абиџан","Абіджан","Горад Абіджан","Աբիջան","אבידגאן","אבידזשאן","آبدجان","آبیجان","أبيدجان","आबिजान","আবিজান","ਅਬੀਜਾਨ","അബിജാൻ","อาบีจาน","აბიჯანი","アビジャン","阿必尚","阿比让","아비장"],"latitude":"5.30966","longitude":"-4.01266","feature_class":"P","feature_code":"PPLA","country_code":"CI","cc2":"","admin1_code":"82","admin2_code":"","admin3_code":"","admin4_code":"","population":"3677115","elevation":"","dem":"10","timezone":"Africa/Abidjan","modification_date":"2012-02-28"},{"geonameid":"2293549","name":"Abengourou","asciiname":"Abengourou","alternatenames":["Abengourou","Abenguru","OGO","Абенгуру"],"latitude":"6.72972","longitude":"-3.49639","feature_class":"P","feature_code":"PPLA","country_code":"CI","cc2":"","admin1_code":"85","admin2_code":"","admin3_code":"","admin4_code":"","population":"104020","elevation":"","dem":"197","timezone":"Africa/Abidjan","modification_date":"2012-01-17"},{"geonameid":"2596934","name":"Séguéla","asciiname":"Seguela","alternatenames":["Segele","Seguela","Séguéla","Сегеле"],"latitude":"7.96111","longitude":"-6.67306","feature_class":"P","feature_code":"PPLA","country_code":"CI","cc2":"","admin1_code":"91","admin2_code":"","admin3_code":"","admin4_code":"","population":"51157","elevation":"","dem":"350","timezone":"Africa/Abidjan","modification_date":"2012-01-20"},{"geonameid":"2598243","name":"Soubré","asciiname":"Soubre","alternatenames":["Soubre","Soubré"],"latitude":"5.78556","longitude":"-6.60833","feature_class":"P","feature_code":"PPL","country_code":"CI","cc2":"","admin1_code":"76","admin2_code":"","admin3_code":"","admin4_code":"","population":"58492","elevation":"","dem":"134","timezone":"Africa/Abidjan","modification_date":"2012-01-20"},{"geonameid":"2279172","name":"Zuénoula","asciiname":"Zuenoula","alternatenames":["Zenoula","Zouenoula","Zouénoula","Zuenoula","Zuénoula","Zénoula"],"latitude":"7.43027","longitude":"-6.05054","feature_class":"P","feature_code":"PPL","country_code":"CI","cc2":"","admin1_code":"83","admin2_code":"","admin3_code":"","admin4_code":"","population":"34435","elevation":"","dem":"207","timezone":"Africa/Abidjan","modification_date":"2012-02-28"},{"geonameid":"2279755","name":"Yamoussoukro","asciiname":"Yamoussoukro","alternatenames":["ASK","Giamoussoukro","Gorad Jamusukra","Jamusukras","Jamusukro","Jamusukro khot","Yamosukro","Yamousoukro","Yamoussokro","Yamoussoukro","Yamussukro","Yamusukro","ya mu su ke lei","ya mu su ke luo","ya mussu kor","yamusasutro","yamusukaro","yamusukeulo","yamusukro","yamusukuro","yamwswkrw","yamwwswwkrۆ","ywmwswkrw","Γιαμουσσούκρο","Јамусукро","Горад Ямусукра","Ямусукро","Ямусукро хот","Յամուսուկրո","יאמוסוקרו","ياموسوكرو","يامۇسسۇكرو","یاموسوکرو","یامووسووکرۆ","یوموسوکرو","यामूसूक्रो","ਯਾਮੂਸੂਕਰੋ","ୟାମୁସସୁତ୍ରୋ","ยามุสซุโกร","ཡམ་སོ་ཁེ་རོ།","იამუსუკრო","ያሙሱክሮ","ヤムスクロ","亚穆苏克罗","雅穆蘇克雷","야무수크로"],"latitude":"6.82055","longitude":"-5.27674","feature_class":"P","feature_code":"PPLC","country_code":"CI","cc2":"","admin1_code":"81","admin2_code":"","admin3_code":"","admin4_code":"","population":"194530","elevation":"","dem":"214","timezone":"Africa/Abidjan","modification_date":"2012-01-17"},{"geonameid":"2280045","name":"Vavoua","asciiname":"Vavoua","alternatenames":["Vavoua","Vavua","Вавуа"],"latitude":"7.38194","longitude":"-6.47778","feature_class":"P","feature_code":"PPL","country_code":"CI","cc2":"","admin1_code":"80","admin2_code":"","admin3_code":"","admin4_code":"","population":"31250","elevation":"","dem":"276","timezone":"Africa/Abidjan","modification_date":"2012-01-17"},{"geonameid":"2280316","name":"Toumodi","asciiname":"Toumodi","alternatenames":["Toumodi","Tumodi"],"latitude":"6.55799","longitude":"-5.01769","feature_class":"P","feature_code":"PPL","country_code":"CI","cc2":"","admin1_code":"81","admin2_code":"","admin3_code":"","admin4_code":"","population":"39005","elevation":"","dem":"159","timezone":"Africa/Abidjan","modification_date":"2012-02-28"},{"geonameid":"2280376","name":"Touba","asciiname":"Touba","alternatenames":["TOZ","Touba","Tuba"],"latitude":"8.28333","longitude":"-7.68333","feature_class":"P","feature_code":"PPLA","country_code":"CI","cc2":"","admin1_code":"75","admin2_code":"","admin3_code":"","admin4_code":"","population":"27504","elevation":"","dem":"470","timezone":"Africa/Abidjan","modification_date":"2013-04-27"},{"geonameid":"2280589","name":"Tengrela","asciiname":"Tengrela","alternatenames":["Tengrela","Tingrela","Tingréla"],"latitude":"10.48115","longitude":"-6.40694","feature_class":"P","feature_code":"PPL","country_code":"CI","cc2":"","admin1_code":"87","admin2_code":"","admin3_code":"","admin4_code":"","population":"39277","elevation":"","dem":"370","timezone":"Africa/Abidjan","modification_date":"2012-02-28"},{"geonameid":"2280761","name":"Tiassalé","asciiname":"Tiassale","alternatenames":["Tiassale","Tiassalé"],"latitude":"5.89839","longitude":"-4.82293","feature_class":"P","feature_code":"PPL","country_code":"CI","cc2":"","admin1_code":"82","admin2_code":"","admin3_code":"","admin4_code":"","population":"35090","elevation":"","dem":"29","timezone":"Africa/Abidjan","modification_date":"2012-02-28"},{"geonameid":"2280995","name":"Tanda","asciiname":"Tanda","alternatenames":["Tan N'Da","Tan N’Da","Tanda","Tanga"],"latitude":"7.80335","longitude":"-3.16832","feature_class":"P","feature_code":"PPL","country_code":"CI","cc2":"","admin1_code":"92","admin2_code":"","admin3_code":"","admin4_code":"","population":"20161","elevation":"","dem":"274","timezone":"Africa/Abidjan","modification_date":"2012-02-28"},{"geonameid":"2281120","name":"Tabou","asciiname":"Tabou","alternatenames":["TXU","Tabou","Tabu"],"latitude":"4.42295","longitude":"-7.3528","feature_class":"P","feature_code":"PPL","country_code":"CI","cc2":"","admin1_code":"76","admin2_code":"","admin3_code":"","admin4_code":"","population":"17134","elevation":"","dem":"9","timezone":"Africa/Abidjan","modification_date":"2012-01-17"},{"geonameid":"2281606","name":"Sinfra","asciiname":"Sinfra","alternatenames":["Sinfra"],"latitude":"6.62103","longitude":"-5.91144","feature_class":"P","feature_code":"PPL","country_code":"CI","cc2":"","admin1_code":"92","admin2_code":"","admin3_code":"","admin4_code":"","population":"59919","elevation":"","dem":"265","timezone":"Africa/Abidjan","modification_date":"2013-08-05"},{"geonameid":"2281951","name":"Sassandra","asciiname":"Sassandra","alternatenames":["Sassandra","ZSS","Сассандра"],"latitude":"4.95384","longitude":"-6.08531","feature_class":"P","feature_code":"PPL","country_code":"CI","cc2":"","admin1_code":"76","admin2_code":"","admin3_code":"","admin4_code":"","population":"23274","elevation":"","dem":"38","timezone":"Africa/Abidjan","modification_date":"2013-05-11"},{"geonameid":"2282006","name":"San-Pédro","asciiname":"San-Pedro","alternatenames":["San-Pedro","San-Pédro"],"latitude":"4.74851","longitude":"-6.6363","feature_class":"P","feature_code":"PPLA","country_code":"CI","cc2":"","admin1_code":"76","admin2_code":"","admin3_code":"","admin4_code":"","population":"196751","elevation":"","dem":"9","timezone":"Africa/Abidjan","modification_date":"2012-01-17"},{"geonameid":"2282178","name":"Sakassou","asciiname":"Sakassou","alternatenames":["Sakasso","Sakassou","Sakassu"],"latitude":"7.45462","longitude":"-5.29263","feature_class":"P","feature_code":"PPL","country_code":"CI","cc2":"","admin1_code":"90","admin2_code":"","admin3_code":"","admin4_code":"","population":"15068","elevation":"","dem":"231","timezone":"Africa/Abidjan","modification_date":"2012-01-17"},{"geonameid":"2282827","name":"Oumé","asciiname":"Oume","alternatenames":["Oume","Oumé","Ume"],"latitude":"6.38309","longitude":"-5.41759","feature_class":"P","feature_code":"PPL","country_code":"CI","cc2":"","admin1_code":"79","admin2_code":"","admin3_code":"","admin4_code":"","population":"52070","elevation":"","dem":"211","timezone":"Africa/Abidjan","modification_date":"2012-01-17"},{"geonameid":"2283016","name":"Odienné","asciiname":"Odienne","alternatenames":["Odienne","Odienné","Odjene","Odjenė","ao die nei","Одиенне","奧迭內"],"latitude":"9.50511","longitude":"-7.56433","feature_class":"P","feature_code":"PPLA","country_code":"CI","cc2":"","admin1_code":"77","admin2_code":"","admin3_code":"","admin4_code":"","population":"49857","elevation":"","dem":"429","timezone":"Africa/Abidjan","modification_date":"2012-02-28"},{"geonameid":"2284589","name":"Mankono","asciiname":"Mankono","alternatenames":["Mankono"],"latitude":"8.05861","longitude":"-6.18972","feature_class":"P","feature_code":"PPL","country_code":"CI","cc2":"","admin1_code":"91","admin2_code":"","admin3_code":"","admin4_code":"","population":"19095","elevation":"","dem":"335","timezone":"Africa/Abidjan","modification_date":"2012-01-17"},{"geonameid":"2284647","name":"Man","asciiname":"Man","alternatenames":["MJC","Man"],"latitude":"7.41251","longitude":"-7.55383","feature_class":"P","feature_code":"PPLA","country_code":"CI","cc2":"","admin1_code":"78","admin2_code":"","admin3_code":"","admin4_code":"","population":"139341","elevation":"","dem":"329","timezone":"Africa/Abidjan","modification_date":"2012-01-17"},{"geonameid":"2285449","name":"Lakota","asciiname":"Lakota","alternatenames":["Iakota","Lakota","Лакота"],"latitude":"5.84752","longitude":"-5.682","feature_class":"P","feature_code":"PPL","country_code":"CI","cc2":"","admin1_code":"88","admin2_code":"","admin3_code":"","admin4_code":"","population":"38055","elevation":"","dem":"228","timezone":"Africa/Abidjan","modification_date":"2012-02-28"},{"geonameid":"2286304","name":"Korhogo","asciiname":"Korhogo","alternatenames":["HGO","Korhogas","Korhogo","Korogo","ke huo ge","kologo","korogo","Корого","コロゴ","科霍戈","코로고"],"latitude":"9.45803","longitude":"-5.62961","feature_class":"P","feature_code":"PPLA","country_code":"CI","cc2":"","admin1_code":"87","admin2_code":"","admin3_code":"","admin4_code":"","population":"167359","elevation":"","dem":"360","timezone":"Africa/Abidjan","modification_date":"2014-08-20"},{"geonameid":"2287298","name":"Katiola","asciiname":"Katiola","alternatenames":["Katiola","Lafouka"],"latitude":"8.13728","longitude":"-5.10095","feature_class":"P","feature_code":"PPL","country_code":"CI","cc2":"","admin1_code":"90","admin2_code":"","admin3_code":"","admin4_code":"","population":"59641","elevation":"","dem":"326","timezone":"Africa/Abidjan","modification_date":"2012-02-28"},{"geonameid":"2287790","name":"Issia","asciiname":"Issia","alternatenames":["Issia"],"latitude":"6.49224","longitude":"-6.58558","feature_class":"P","feature_code":"PPL","country_code":"CI","cc2":"","admin1_code":"80","admin2_code":"","admin3_code":"","admin4_code":"","population":"50313","elevation":"","dem":"211","timezone":"Africa/Abidjan","modification_date":"2013-04-03"},{"geonameid":"2287958","name":"Guiglo","asciiname":"Guiglo","alternatenames":["GGO","Guglo","Guiglo"],"latitude":"6.54368","longitude":"-7.4935","feature_class":"P","feature_code":"PPL","country_code":"CI","cc2":"","admin1_code":"78","admin2_code":"","admin3_code":"","admin4_code":"","population":"39134","elevation":"","dem":"212","timezone":"Africa/Abidjan","modification_date":"2014-01-10"},{"geonameid":"2288115","name":"Grand-Bassam","asciiname":"Grand-Bassam","alternatenames":["Gran Basamas","Gran-Basam","Gran-Bassam","Grand Bassam","Grand-Bassam","da ba sa mu","gran-basami","Гран-Басам","Гран-Бассам","גראן-בסאם","გრან-ბასამი","グラン・バッサム","大巴薩姆"],"latitude":"5.2118","longitude":"-3.73884","feature_class":"P","feature_code":"PPLA2","country_code":"CI","cc2":"","admin1_code":"89","admin2_code":"","admin3_code":"","admin4_code":"","population":"73772","elevation":"","dem":"7","timezone":"Africa/Abidjan","modification_date":"2013-08-05"},{"geonameid":"2288118","name":"Affery","asciiname":"Affery","alternatenames":["Aferi","Affery","Aféri","Grand Aferi","Grand Aféri"],"latitude":"6.32035","longitude":"-3.95235","feature_class":"P","feature_code":"PPL","country_code":"CI","cc2":"","admin1_code":"82","admin2_code":"","admin3_code":"","admin4_code":"","population":"29909","elevation":"","dem":"106","timezone":"Africa/Abidjan","modification_date":"2014-01-10"},{"geonameid":"2288829","name":"Gagnoa","asciiname":"Gagnoa","alternatenames":["GGN","Gagnoa","Gragnoa"],"latitude":"6.13193","longitude":"-5.9506","feature_class":"P","feature_code":"PPLA","country_code":"CI","cc2":"","admin1_code":"79","admin2_code":"","admin3_code":"","admin4_code":"","population":"123184","elevation":"","dem":"202","timezone":"Africa/Abidjan","modification_date":"2012-02-28"},{"geonameid":"2289049","name":"Ferkessédougou","asciiname":"Ferkessedougou","alternatenames":["Ferkesedugu","Ferkessedougou","Ferkessédougou","Firkessedougou","Firkessedugu","Firkessédougou","Firkessédugu","Pofire","Serkessedougou","Феркеседугу"],"latitude":"9.5928","longitude":"-5.19449","feature_class":"P","feature_code":"PPL","country_code":"CI","cc2":"","admin1_code":"87","admin2_code":"","admin3_code":"","admin4_code":"","population":"62008","elevation":"","dem":"334","timezone":"Africa/Abidjan","modification_date":"2012-02-28"},{"geonameid":"2289549","name":"Duekoué","asciiname":"Duekoue","alternatenames":["Duekoue","Duekoué"],"latitude":"6.74202","longitude":"-7.34918","feature_class":"P","feature_code":"PPL","country_code":"CI","cc2":"","admin1_code":"78","admin2_code":"","admin3_code":"","admin4_code":"","population":"47198","elevation":"","dem":"231","timezone":"Africa/Abidjan","modification_date":"2014-01-10"},{"geonameid":"2289887","name":"Divo","asciiname":"Divo","alternatenames":["Boudougou","DIV","Divo"],"latitude":"5.83739","longitude":"-5.35723","feature_class":"P","feature_code":"PPLA","country_code":"CI","cc2":"","admin1_code":"88","admin2_code":"","admin3_code":"","admin4_code":"","population":"127867","elevation":"","dem":"147","timezone":"Africa/Abidjan","modification_date":"2012-02-28"},{"geonameid":"2289983","name":"Dimbokro","asciiname":"Dimbokro","alternatenames":["DIM","Dimbokro"],"latitude":"6.64678","longitude":"-4.70519","feature_class":"P","feature_code":"PPLA","country_code":"CI","cc2":"","admin1_code":"81","admin2_code":"","admin3_code":"","admin4_code":"","population":"67349","elevation":"","dem":"94","timezone":"Africa/Abidjan","modification_date":"2014-01-10"},{"geonameid":"2290412","name":"Daoukro","asciiname":"Daoukro","alternatenames":["Daoukrou","Daukro","Даукро"],"latitude":"7.0591","longitude":"-3.9631","feature_class":"P","feature_code":"PPL","country_code":"CI","cc2":"","admin1_code":"86","admin2_code":"","admin3_code":"","admin4_code":"","population":"40175","elevation":"","dem":"188","timezone":"Africa/Abidjan","modification_date":"2010-01-29"},{"geonameid":"2290462","name":"Danané","asciiname":"Danane","alternatenames":["Danane","Danané","Fort Hittos","Данане"],"latitude":"7.25957","longitude":"-8.15498","feature_class":"P","feature_code":"PPL","country_code":"CI","cc2":"","admin1_code":"78","admin2_code":"","admin3_code":"","admin4_code":"","population":"53808","elevation":"","dem":"347","timezone":"Africa/Abidjan","modification_date":"2012-01-17"},{"geonameid":"2290486","name":"Daloa","asciiname":"Daloa","alternatenames":["DJO","Daloa","Далоа"],"latitude":"6.87735","longitude":"-6.45022","feature_class":"P","feature_code":"PPLA","country_code":"CI","cc2":"","admin1_code":"80","admin2_code":"","admin3_code":"","admin4_code":"","population":"215652","elevation":"","dem":"262","timezone":"Africa/Abidjan","modification_date":"2012-01-17"},{"geonameid":"2290582","name":"Dabou","asciiname":"Dabou","alternatenames":["Dab","Dabou","Dabu","Даб"],"latitude":"5.32556","longitude":"-4.37685","feature_class":"P","feature_code":"PPL","country_code":"CI","cc2":"","admin1_code":"82","admin2_code":"","admin3_code":"","admin4_code":"","population":"69661","elevation":"","dem":"21","timezone":"Africa/Abidjan","modification_date":"2014-01-21"},{"geonameid":"2290836","name":"Boundiali","asciiname":"Boundiali","alternatenames":["BXI","Boundiali","Boundiouli","Bundiali","Бундиали"],"latitude":"9.52167","longitude":"-6.48694","feature_class":"P","feature_code":"PPL","country_code":"CI","cc2":"","admin1_code":"87","admin2_code":"","admin3_code":"","admin4_code":"","population":"38878","elevation":"","dem":"411","timezone":"Africa/Abidjan","modification_date":"2012-01-17"},{"geonameid":"2290849","name":"Bouna","asciiname":"Bouna","alternatenames":["BQO","Bouna","Buna","Буна"],"latitude":"9.26927","longitude":"-2.9951","feature_class":"P","feature_code":"PPL","country_code":"CI","cc2":"","admin1_code":"92","admin2_code":"","admin3_code":"","admin4_code":"","population":"23570","elevation":"","dem":"318","timezone":"Africa/Abidjan","modification_date":"2012-02-28"},{"geonameid":"2290956","name":"Bouaké","asciiname":"Bouake","alternatenames":["Bouake","Bouaké","Buake","Bvake","Bvakė","Bwake","baw ke","bu wa kai","buake","bwaky","Буаке","بواكي","บัวเก","ბუაკე","ブアケ","布瓦凯","부아케"],"latitude":"7.69385","longitude":"-5.03031","feature_class":"P","feature_code":"PPLA","country_code":"CI","cc2":"","admin1_code":"90","admin2_code":"","admin3_code":"","admin4_code":"","population":"567481","elevation":"","dem":"339","timezone":"Africa/Abidjan","modification_date":"2012-02-28"},{"geonameid":"2290964","name":"Bouaflé","asciiname":"Bouafle","alternatenames":["Bouafle","Bouaflé","Buafle"],"latitude":"6.99041","longitude":"-5.7442","feature_class":"P","feature_code":"PPLA","country_code":"CI","cc2":"","admin1_code":"83","admin2_code":"","admin3_code":"","admin4_code":"","population":"60962","elevation":"","dem":"208","timezone":"Africa/Abidjan","modification_date":"2012-01-17"},{"geonameid":"2291087","name":"Bonoua","asciiname":"Bonoua","alternatenames":["Bonoua","Bonua","Bunua","Grand Akapless"],"latitude":"5.27247","longitude":"-3.59625","feature_class":"P","feature_code":"PPLA2","country_code":"CI","cc2":"","admin1_code":"89","admin2_code":"","admin3_code":"","admin4_code":"","population":"37312","elevation":"","dem":"30","timezone":"Africa/Abidjan","modification_date":"2013-08-05"},{"geonameid":"2291113","name":"Bongouanou","asciiname":"Bongouanou","alternatenames":["Bongouanou","Bonguanu","Bougouanou"],"latitude":"6.65175","longitude":"-4.20406","feature_class":"P","feature_code":"PPL","country_code":"CI","cc2":"","admin1_code":"81","admin2_code":"","admin3_code":"","admin4_code":"","population":"34405","elevation":"","dem":"213","timezone":"Africa/Abidjan","modification_date":"2014-01-10"},{"geonameid":"2291136","name":"Bondoukou","asciiname":"Bondoukou","alternatenames":["BDK","Bondoukau","Bondoukou","Bonduku","Boudoukou","Gontoukou","Бондуку"],"latitude":"8.0402","longitude":"-2.80003","feature_class":"P","feature_code":"PPLA","country_code":"CI","cc2":"","admin1_code":"92","admin2_code":"","admin3_code":"","admin4_code":"","population":"58297","elevation":"","dem":"350","timezone":"Africa/Abidjan","modification_date":"2012-02-28"},{"geonameid":"2291580","name":"Bingerville","asciiname":"Bingerville","alternatenames":["Bingerville"],"latitude":"5.35581","longitude":"-3.88537","feature_class":"P","feature_code":"PPLA2","country_code":"CI","cc2":"","admin1_code":"82","admin2_code":"","admin3_code":"","admin4_code":"","population":"50694","elevation":"","dem":"59","timezone":"Africa/Abidjan","modification_date":"2012-02-28"},{"geonameid":"2291666","name":"Biankouma","asciiname":"Biankouma","alternatenames":["Biankouma"],"latitude":"7.73909","longitude":"-7.61377","feature_class":"P","feature_code":"PPL","country_code":"CI","cc2":"","admin1_code":"78","admin2_code":"","admin3_code":"","admin4_code":"","population":"22868","elevation":"","dem":"538","timezone":"Africa/Abidjan","modification_date":"2012-01-17"},{"geonameid":"2291779","name":"Béoumi","asciiname":"Beoumi","alternatenames":["Beoumi","Beumi","Béoumi"],"latitude":"7.67395","longitude":"-5.58085","feature_class":"P","feature_code":"PPL","country_code":"CI","cc2":"","admin1_code":"90","admin2_code":"","admin3_code":"","admin4_code":"","population":"23053","elevation":"","dem":"226","timezone":"Africa/Abidjan","modification_date":"2012-02-28"},{"geonameid":"2292179","name":"Bangolo","asciiname":"Bangolo","alternatenames":["Bangolo","Zagna"],"latitude":"7.01232","longitude":"-7.48639","feature_class":"P","feature_code":"PPL","country_code":"CI","cc2":"","admin1_code":"78","admin2_code":"","admin3_code":"","admin4_code":"","population":"17712","elevation":"","dem":"264","timezone":"Africa/Abidjan","modification_date":"2012-02-28"},{"geonameid":"2292755","name":"Arrah","asciiname":"Arrah","alternatenames":["Arra","Arrah"],"latitude":"6.67342","longitude":"-3.96938","feature_class":"P","feature_code":"PPL","country_code":"CI","cc2":"","admin1_code":"81","admin2_code":"","admin3_code":"","admin4_code":"","population":"37432","elevation":"","dem":"143","timezone":"Africa/Abidjan","modification_date":"2014-01-10"},{"geonameid":"2292852","name":"Anyama","asciiname":"Anyama","alternatenames":["An'jame","Aniama","Anyama","Anyama Sossokoua","Аньяме"],"latitude":"5.49462","longitude":"-4.05183","feature_class":"P","feature_code":"PPLA2","country_code":"CI","cc2":"","admin1_code":"82","admin2_code":"","admin3_code":"","admin4_code":"","population":"100653","elevation":"","dem":"95","timezone":"Africa/Abidjan","modification_date":"2012-01-17"},{"geonameid":"2293107","name":"Akoupé","asciiname":"Akoupe","alternatenames":["Akoupe","Akoupé","Akupe"],"latitude":"6.38423","longitude":"-3.88759","feature_class":"P","feature_code":"PPL","country_code":"CI","cc2":"","admin1_code":"82","admin2_code":"","admin3_code":"","admin4_code":"","population":"35970","elevation":"","dem":"142","timezone":"Africa/Abidjan","modification_date":"2014-01-10"},{"geonameid":"2293260","name":"Agnibilékrou","asciiname":"Agnibilekrou","alternatenames":["Agnibilekrou","Agnibilékrou","Anibelekru"],"latitude":"7.13113","longitude":"-3.20415","feature_class":"P","feature_code":"PPL","country_code":"CI","cc2":"","admin1_code":"85","admin2_code":"","admin3_code":"","admin4_code":"","population":"43061","elevation":"","dem":"236","timezone":"Africa/Abidjan","modification_date":"2012-02-28"},{"geonameid":"2293268","name":"Agboville","asciiname":"Agboville","alternatenames":["Agbovil'","Agbovile","Agbovilis","Agboville","a bo wei er","Агбовиле","Агбовиль","Агбовіль","阿博維爾"],"latitude":"5.92801","longitude":"-4.21319","feature_class":"P","feature_code":"PPLA","country_code":"CI","cc2":"","admin1_code":"74","admin2_code":"","admin3_code":"","admin4_code":"","population":"81770","elevation":"","dem":"35","timezone":"Africa/Abidjan","modification_date":"2013-06-27"},{"geonameid":"2293342","name":"Adzopé","asciiname":"Adzope","alternatenames":["Adzope","Adzopé","Адзопе"],"latitude":"6.10694","longitude":"-3.86194","feature_class":"P","feature_code":"PPL","country_code":"CI","cc2":"","admin1_code":"82","admin2_code":"","admin3_code":"","admin4_code":"","population":"61884","elevation":"","dem":"109","timezone":"Africa/Abidjan","modification_date":"2014-01-10"},{"geonameid":"2293428","name":"Adiaké","asciiname":"Adiake","alternatenames":["Adiake","Adiaké"],"latitude":"5.28634","longitude":"-3.30403","feature_class":"P","feature_code":"PPLA2","country_code":"CI","cc2":"","admin1_code":"89","admin2_code":"","admin3_code":"","admin4_code":"","population":"16531","elevation":"","dem":"40","timezone":"Africa/Abidjan","modification_date":"2012-01-17"},{"geonameid":"2293507","name":"Aboisso","asciiname":"Aboisso","alternatenames":["ABO","Abisso","Aboissa","Aboisso","Abuasso","Абуассо"],"latitude":"5.46779","longitude":"-3.20711","feature_class":"P","feature_code":"PPLA","country_code":"CI","cc2":"","admin1_code":"89","admin2_code":"","admin3_code":"","admin4_code":"","population":"37654","elevation":"","dem":"12","timezone":"Africa/Abidjan","modification_date":"2013-06-27"},{"geonameid":"2293521","name":"Abobo","asciiname":"Abobo","alternatenames":["Abobo","Abobo-Gare"],"latitude":"5.41613","longitude":"-4.0159","feature_class":"P","feature_code":"PPL","country_code":"CI","cc2":"","admin1_code":"82","admin2_code":"","admin3_code":"","admin4_code":"","population":"900000","elevation":"","dem":"105","timezone":"Africa/Abidjan","modification_date":"2012-02-28"},{"geonameid":"2293538","name":"Abidjan","asciiname":"Abidjan","alternatenames":["ABJ","Abican","Abidjan","Abidzan","Abidzana","Abidzanas","Abidzans","Abidzhan","Abidżan","Abidžan","Abidžana","Abidžanas","Abidžans","Abigano","Abijan","Abiyan","Abiyán","Abizhan khot","Abiĝano","Ampitzan","Gorad Abidzhan","a bi rang","a bi shang","abdjan","abijan","abijana","abijang","abijani","abydjan","abyjan","xabi can","ʼbydgʼn","Αμπιτζάν","Абиджан","Абижан хот","Абиџан","Абіджан","Горад Абіджан","Աբիջան","אבידגאן","אבידזשאן","آبدجان","آبیجان","أبيدجان","आबिजान","আবিজান","ਅਬੀਜਾਨ","അബിജാൻ","อาบีจาน","აბიჯანი","アビジャン","阿必尚","阿比让","아비장"],"latitude":"5.30966","longitude":"-4.01266","feature_class":"P","feature_code":"PPLA","country_code":"CI","cc2":"","admin1_code":"82","admin2_code":"","admin3_code":"","admin4_code":"","population":"3677115","elevation":"","dem":"10","timezone":"Africa/Abidjan","modification_date":"2012-02-28"},{"geonameid":"2293549","name":"Abengourou","asciiname":"Abengourou","alternatenames":["Abengourou","Abenguru","OGO","Абенгуру"],"latitude":"6.72972","longitude":"-3.49639","feature_class":"P","feature_code":"PPLA","country_code":"CI","cc2":"","admin1_code":"85","admin2_code":"","admin3_code":"","admin4_code":"","population":"104020","elevation":"","dem":"197","timezone":"Africa/Abidjan","modification_date":"2012-01-17"},{"geonameid":"2596934","name":"Séguéla","asciiname":"Seguela","alternatenames":["Segele","Seguela","Séguéla","Сегеле"],"latitude":"7.96111","longitude":"-6.67306","feature_class":"P","feature_code":"PPLA","country_code":"CI","cc2":"","admin1_code":"91","admin2_code":"","admin3_code":"","admin4_code":"","population":"51157","elevation":"","dem":"350","timezone":"Africa/Abidjan","modification_date":"2012-01-20"},{"geonameid":"2598243","name":"Soubré","asciiname":"Soubre","alternatenames":["Soubre","Soubré"],"latitude":"5.78556","longitude":"-6.60833","feature_class":"P","feature_code":"PPL","country_code":"CI","cc2":"","admin1_code":"76","admin2_code":"","admin3_code":"","admin4_code":"","population":"58492","elevation":"","dem":"134","timezone":"Africa/Abidjan","modification_date":"2012-01-20"}]}