{"country_data":{"ISO":"KE","ISO3":"KEN","ISO_Numeric":"404","fips":"KE","country":"Kenya","capital":"Nairobi","area":"582650","Population":"40046566","Continent":"AF","tld":".ke","CurrencyCode":"KES","CurrencyName":"Shilling","Phone":"254","Postal_Code_Format":"#####","Postal_Code_Regex":"^(\\d{5})$","Languages":"en-KE,sw-KE","geonameid":"192950","neighbours":"ET,TZ,SS,SO,UG","EquivalentFipsCode":""},"cities":[{"geonameid":"178073","name":"Wundanyi","asciiname":"Wundanyi","alternatenames":["Wundanyi"],"latitude":"-3.40193","longitude":"38.36402","feature_class":"P","feature_code":"PPLA","country_code":"KE","cc2":"","admin1_code":"47","admin2_code":"","admin3_code":"","admin4_code":"","population":"12501","elevation":"","dem":"1396","timezone":"Africa/Nairobi","modification_date":"2013-06-28"},{"geonameid":"178077","name":"Wote","asciiname":"Wote","alternatenames":["Wote"],"latitude":"-1.78079","longitude":"37.62882","feature_class":"P","feature_code":"PPLA","country_code":"KE","cc2":"","admin1_code":"32","admin2_code":"","admin3_code":"","admin4_code":"","population":"6133","elevation":"","dem":"1128","timezone":"Africa/Nairobi","modification_date":"2013-06-27"},{"geonameid":"178093","name":"Witu","asciiname":"Witu","alternatenames":["Witu"],"latitude":"-2.38885","longitude":"40.43821","feature_class":"P","feature_code":"PPL","country_code":"KE","cc2":"","admin1_code":"30","admin2_code":"","admin3_code":"","admin4_code":"","population":"5380","elevation":"","dem":"16","timezone":"Africa/Nairobi","modification_date":"2013-09-06"},{"geonameid":"178202","name":"Webuye","asciiname":"Webuye","alternatenames":["Broderick Falls","Webuye"],"latitude":"0.60751","longitude":"34.76966","feature_class":"P","feature_code":"PPL","country_code":"KE","cc2":"","admin1_code":"12","admin2_code":"","admin3_code":"","admin4_code":"","population":"22507","elevation":"","dem":"1522","timezone":"Africa/Nairobi","modification_date":"2013-09-06"},{"geonameid":"178443","name":"Wajir","asciiname":"Wajir","alternatenames":["El Sadi","WJR","Wajir"],"latitude":"1.7471","longitude":"40.05732","feature_class":"P","feature_code":"PPLA","country_code":"KE","cc2":"","admin1_code":"54","admin2_code":"","admin3_code":"","admin4_code":"","population":"45771","elevation":"","dem":"258","timezone":"Africa/Nairobi","modification_date":"2013-06-28"},{"geonameid":"178522","name":"Voi","asciiname":"Voi","alternatenames":["Voi"],"latitude":"-3.39605","longitude":"38.55609","feature_class":"P","feature_code":"PPL","country_code":"KE","cc2":"","admin1_code":"47","admin2_code":"","admin3_code":"","admin4_code":"","population":"45483","elevation":"","dem":"580","timezone":"Africa/Nairobi","modification_date":"2013-10-30"},{"geonameid":"179330","name":"Thika","asciiname":"Thika","alternatenames":["Dhika","Thika","Tik","Тик"],"latitude":"-1.03326","longitude":"37.06933","feature_class":"P","feature_code":"PPL","country_code":"KE","cc2":"","admin1_code":"05","admin2_code":"","admin3_code":"","admin4_code":"","population":"200000","elevation":"","dem":"1506","timezone":"Africa/Nairobi","modification_date":"2013-08-17"},{"geonameid":"179525","name":"Taveta","asciiname":"Taveta","alternatenames":["Taveta"],"latitude":"-3.39879","longitude":"37.68336","feature_class":"P","feature_code":"PPL","country_code":"KE","cc2":"","admin1_code":"02","admin2_code":"","admin3_code":"","admin4_code":"","population":"13377","elevation":"","dem":"753","timezone":"Africa/Nairobi","modification_date":"2012-05-29"},{"geonameid":"179634","name":"Takaungu","asciiname":"Takaungu","alternatenames":["Takaungu"],"latitude":"-3.68367","longitude":"39.85661","feature_class":"P","feature_code":"PPL","country_code":"KE","cc2":"","admin1_code":"23","admin2_code":"","admin3_code":"","admin4_code":"","population":"10760","elevation":"","dem":"16","timezone":"Africa/Nairobi","modification_date":"2013-09-06"},{"geonameid":"180646","name":"Sawa Sawa","asciiname":"Sawa Sawa","alternatenames":["Sawa Sawa","Sawasawa"],"latitude":"-4.47166","longitude":"39.48463","feature_class":"P","feature_code":"PPL","country_code":"KE","cc2":"","admin1_code":"28","admin2_code":"","admin3_code":"","admin4_code":"","population":"12975","elevation":"","dem":"15","timezone":"Africa/Nairobi","modification_date":"2013-09-06"},{"geonameid":"181135","name":"Rongai","asciiname":"Rongai","alternatenames":["Rongai"],"latitude":"-0.17333","longitude":"35.86382","feature_class":"P","feature_code":"PPL","country_code":"KE","cc2":"","admin1_code":"39","admin2_code":"","admin3_code":"","admin4_code":"","population":"30471","elevation":"","dem":"1874","timezone":"Africa/Nairobi","modification_date":"2013-09-06"},{"geonameid":"181501","name":"Pumwani","asciiname":"Pumwani","alternatenames":["Pumuani","Pumwani"],"latitude":"-1.28333","longitude":"36.85","feature_class":"P","feature_code":"PPLX","country_code":"KE","cc2":"KE","admin1_code":"05","admin2_code":"","admin3_code":"","admin4_code":"","population":"29616","elevation":"","dem":"1645","timezone":"Africa/Nairobi","modification_date":"2013-05-05"},{"geonameid":"181702","name":"Oyugis","asciiname":"Oyugis","alternatenames":["Oyugis"],"latitude":"-0.50898","longitude":"34.73583","feature_class":"P","feature_code":"PPL","country_code":"KE","cc2":"","admin1_code":"17","admin2_code":"","admin3_code":"","admin4_code":"","population":"10116","elevation":"","dem":"1420","timezone":"Africa/Nairobi","modification_date":"2013-09-06"},{"geonameid":"182701","name":"Nyeri","asciiname":"Nyeri","alternatenames":["N'eri","NYE","Njeri","Njeris","Nyeri","Nyiri","ni ye li","nieli","nieri","nyry  knya","Њери","Ньери","نیری، کنیا","ნიერი","ニエリ","尼耶利","니에리"],"latitude":"-0.42013","longitude":"36.94759","feature_class":"P","feature_code":"PPLA","country_code":"KE","cc2":"","admin1_code":"44","admin2_code":"","admin3_code":"","admin4_code":"","population":"51084","elevation":"","dem":"1812","timezone":"Africa/Nairobi","modification_date":"2013-05-06"},{"geonameid":"183027","name":"Nyahururu","asciiname":"Nyahururu","alternatenames":["Nyahururu","Nyahururu Falls","Thompsons Falls","Thomsons Falls","Thorason's Falls","Thorason’s Falls"],"latitude":"0.0421","longitude":"36.36734","feature_class":"P","feature_code":"PPL","country_code":"KE","cc2":"","admin1_code":"29","admin2_code":"","admin3_code":"","admin4_code":"","population":"31978","elevation":"","dem":"2352","timezone":"Africa/Nairobi","modification_date":"2013-09-06"},{"geonameid":"183595","name":"Ngong","asciiname":"Ngong","alternatenames":["Ngong"],"latitude":"-1.36175","longitude":"36.6566","feature_class":"P","feature_code":"PPL","country_code":"KE","cc2":"","admin1_code":"19","admin2_code":"","admin3_code":"","admin4_code":"","population":"9519","elevation":"","dem":"1957","timezone":"Africa/Nairobi","modification_date":"2013-09-06"},{"geonameid":"184367","name":"Naro Moru","asciiname":"Naro Moru","alternatenames":["Naro Moru"],"latitude":"-0.16756","longitude":"37.02129","feature_class":"P","feature_code":"PPL","country_code":"KE","cc2":"","admin1_code":"29","admin2_code":"","admin3_code":"","admin4_code":"","population":"9018","elevation":"","dem":"1983","timezone":"Africa/Nairobi","modification_date":"2013-09-06"},{"geonameid":"184379","name":"Narok","asciiname":"Narok","alternatenames":["Narok"],"latitude":"-1.07829","longitude":"35.86012","feature_class":"P","feature_code":"PPLA","country_code":"KE","cc2":"","admin1_code":"41","admin2_code":"","admin3_code":"","admin4_code":"","population":"36061","elevation":"","dem":"1898","timezone":"Africa/Nairobi","modification_date":"2013-06-27"},{"geonameid":"184433","name":"Nanyuki","asciiname":"Nanyuki","alternatenames":["NYK","Nanyuki"],"latitude":"0.01667","longitude":"37.07283","feature_class":"P","feature_code":"PPLA","country_code":"KE","cc2":"","admin1_code":"29","admin2_code":"","admin3_code":"","admin4_code":"","population":"36142","elevation":"","dem":"1930","timezone":"Africa/Nairobi","modification_date":"2013-06-27"},{"geonameid":"184570","name":"Namanga","asciiname":"Namanga","alternatenames":["Namanga"],"latitude":"-2.54327","longitude":"36.79053","feature_class":"P","feature_code":"PPL","country_code":"KE","cc2":"","admin1_code":"19","admin2_code":"","admin3_code":"","admin4_code":"","population":"13193","elevation":"","dem":"1307","timezone":"Africa/Nairobi","modification_date":"2013-09-06"},{"geonameid":"184622","name":"Nakuru","asciiname":"Nakuru","alternatenames":["Gorad Nakuru","NUU","Nakuru","na ku lu","nakulu","nakuru","nakwrw  knya","Горад Накуру","Накуру","ناکورو، کنیا","ნაკურუ","ナクル","纳库鲁","나쿠루"],"latitude":"-0.28333","longitude":"36.06667","feature_class":"P","feature_code":"PPLA","country_code":"KE","cc2":"","admin1_code":"39","admin2_code":"","admin3_code":"","admin4_code":"","population":"259903","elevation":"","dem":"1848","timezone":"Africa/Nairobi","modification_date":"2013-05-06"},{"geonameid":"184707","name":"Naivasha","asciiname":"Naivasha","alternatenames":["Naivasha","Najvasha","Найваша"],"latitude":"-0.71667","longitude":"36.43591","feature_class":"P","feature_code":"PPL","country_code":"KE","cc2":"","admin1_code":"39","admin2_code":"","admin3_code":"","admin4_code":"","population":"38366","elevation":"","dem":"1915","timezone":"Africa/Nairobi","modification_date":"2013-09-06"},{"geonameid":"184745","name":"Nairobi","asciiname":"Nairobi","alternatenames":["Gorad Najrobi","NBO","Nairoba","Nairobi","Nairobia","Nairobis","Nairobo","Nairoby","Nairobî","Nairompi","Nairòbi","Nairóbi","Najrobi","Najrobo","Nayrobi","Nayroobi","Naíróbí","Naýrobi","na'irobi","nai luo bi","nailobi","nairobi","nairopi","nayreabi","nayrwby","nei luo bi","nirobi","nyrwby","nyyrwby","Ναϊρόμπι","Горад Найробі","Найроби","Найробі","Најроби","Նայրոբի","נייראבי","ניירובי","نايروبى","نایروبی","نایرۆبی","نيروبي","نیروبی","नैरोबी","নাইরোবি","ਨੈਰੋਬੀ","நைரோபி","ನೈರೋಬಿ","നയ്റോബി","ไนโรบี","ནའི་རོ་བི།","နိုင်ရိုဘီမြို့","ნაირობი","ናይሮቢ","ナイロビ","内罗毕","奈洛比","나이로비"],"latitude":"-1.28333","longitude":"36.81667","feature_class":"P","feature_code":"PPLC","country_code":"KE","cc2":"","admin1_code":"05","admin2_code":"","admin3_code":"","admin4_code":"","population":"2750547","elevation":"","dem":"1684","timezone":"Africa/Nairobi","modification_date":"2014-10-29"},{"geonameid":"184921","name":"Mwingi","asciiname":"Mwingi","alternatenames":[""],"latitude":"-0.93435","longitude":"38.06005","feature_class":"P","feature_code":"PPL","country_code":"KE","cc2":"","admin1_code":"27","admin2_code":"","admin3_code":"","admin4_code":"","population":"11219","elevation":"","dem":"1017","timezone":"Africa/Nairobi","modification_date":"2013-09-06"},{"geonameid":"185579","name":"Murang’a","asciiname":"Murang'a","alternatenames":["Fort Hall","Murang'a","Murang’a"],"latitude":"-0.71667","longitude":"37.15","feature_class":"P","feature_code":"PPLA","country_code":"KE","cc2":"","admin1_code":"38","admin2_code":"","admin3_code":"","admin4_code":"","population":"11987","elevation":"","dem":"1359","timezone":"Africa/Nairobi","modification_date":"2013-06-27"},{"geonameid":"185702","name":"Mumias","asciiname":"Mumias","alternatenames":["Mumias"],"latitude":"0.33511","longitude":"34.4864","feature_class":"P","feature_code":"PPL","country_code":"KE","cc2":"","admin1_code":"20","admin2_code":"","admin3_code":"","admin4_code":"","population":"45485","elevation":"","dem":"1318","timezone":"Africa/Nairobi","modification_date":"2013-09-06"},{"geonameid":"185939","name":"Muhoroni","asciiname":"Muhoroni","alternatenames":["Muhoroni"],"latitude":"-0.15406","longitude":"35.19878","feature_class":"P","feature_code":"PPL","country_code":"KE","cc2":"","admin1_code":"26","admin2_code":"","admin3_code":"","admin4_code":"","population":"15217","elevation":"","dem":"1298","timezone":"Africa/Nairobi","modification_date":"2013-09-06"},{"geonameid":"186180","name":"Moyale","asciiname":"Moyale","alternatenames":["Fort Harrington","Moyale","OYL","Port Harrington"],"latitude":"3.5216","longitude":"39.05472","feature_class":"P","feature_code":"PPL","country_code":"KE","cc2":"","admin1_code":"34","admin2_code":"","admin3_code":"","admin4_code":"","population":"34314","elevation":"","dem":"1104","timezone":"Africa/Nairobi","modification_date":"2014-02-01"},{"geonameid":"186301","name":"Mombasa","asciiname":"Mombasa","alternatenames":["Gorad Mambasa","MBA","Mombaaso","Mombaca","Mombasa","Mombassa","Mombaça","Mombása","Mompasa","Mvita","meng ba sa","mmbasa","momabaka","mombasa","monbasa","mwmbasa","mwmbsh","Μομπάσα","Горад Мамбаса","Момбаса","מומבסה","ممباسا","مومباسا","मोम्बासा","মোমবাকা","მომბასა","モンバサ","蒙巴萨","몸바사"],"latitude":"-4.05466","longitude":"39.66359","feature_class":"P","feature_code":"PPLA","country_code":"KE","cc2":"","admin1_code":"37","admin2_code":"","admin3_code":"","admin4_code":"","population":"799668","elevation":"","dem":"20","timezone":"Africa/Nairobi","modification_date":"2014-10-29"},{"geonameid":"186315","name":"Molo","asciiname":"Molo","alternatenames":["Molo","Моло"],"latitude":"-0.2479","longitude":"35.73743","feature_class":"P","feature_code":"PPL","country_code":"KE","cc2":"","admin1_code":"39","admin2_code":"","admin3_code":"","admin4_code":"","population":"27896","elevation":"","dem":"2482","timezone":"Africa/Nairobi","modification_date":"2013-09-06"},{"geonameid":"186731","name":"Migori","asciiname":"Migori","alternatenames":["Migori"],"latitude":"-1.06343","longitude":"34.47313","feature_class":"P","feature_code":"PPLA","country_code":"KE","cc2":"","admin1_code":"36","admin2_code":"","admin3_code":"","admin4_code":"","population":"35240","elevation":"","dem":"1382","timezone":"Africa/Nairobi","modification_date":"2013-06-27"},{"geonameid":"186827","name":"Meru","asciiname":"Meru","alternatenames":["Meru","Mery","Меры"],"latitude":"0.04626","longitude":"37.65587","feature_class":"P","feature_code":"PPLA","country_code":"KE","cc2":"","admin1_code":"35","admin2_code":"","admin3_code":"","admin4_code":"","population":"47226","elevation":"","dem":"1579","timezone":"Africa/Nairobi","modification_date":"2013-06-27"},{"geonameid":"187110","name":"Mbale","asciiname":"Mbale","alternatenames":["Maragoli"],"latitude":"-3.4","longitude":"38.38333","feature_class":"P","feature_code":"PPLA","country_code":"KE","cc2":"","admin1_code":"53","admin2_code":"","admin3_code":"","admin4_code":"","population":"60000","elevation":"","dem":"1173","timezone":"Africa/Nairobi","modification_date":"2013-07-03"},{"geonameid":"187231","name":"Maua","asciiname":"Maua","alternatenames":["Maua"],"latitude":"0.23206","longitude":"37.94052","feature_class":"P","feature_code":"PPL","country_code":"KE","cc2":"","admin1_code":"18","admin2_code":"","admin3_code":"","admin4_code":"","population":"10804","elevation":"","dem":"1628","timezone":"Africa/Nairobi","modification_date":"2013-09-06"},{"geonameid":"187585","name":"Marsabit","asciiname":"Marsabit","alternatenames":["Marsabit","RBT"],"latitude":"2.32839","longitude":"37.98986","feature_class":"P","feature_code":"PPLA","country_code":"KE","cc2":"","admin1_code":"34","admin2_code":"","admin3_code":"","admin4_code":"","population":"15361","elevation":"","dem":"1362","timezone":"Africa/Nairobi","modification_date":"2013-06-27"},{"geonameid":"187661","name":"Mariakani","asciiname":"Mariakani","alternatenames":["Mariakani"],"latitude":"-3.86332","longitude":"39.47362","feature_class":"P","feature_code":"PPL","country_code":"KE","cc2":"","admin1_code":"28","admin2_code":"","admin3_code":"","admin4_code":"","population":"12786","elevation":"","dem":"205","timezone":"Africa/Nairobi","modification_date":"2013-09-06"},{"geonameid":"187725","name":"Maralal","asciiname":"Maralal","alternatenames":["Maralal"],"latitude":"1.09679","longitude":"36.69799","feature_class":"P","feature_code":"PPLA","country_code":"KE","cc2":"","admin1_code":"45","admin2_code":"","admin3_code":"","admin4_code":"","population":"20841","elevation":"","dem":"1941","timezone":"Africa/Nairobi","modification_date":"2013-06-28"},{"geonameid":"187896","name":"Mandera","asciiname":"Mandera","alternatenames":["Madera","Mandera","Mandere","NDE","Мандере"],"latitude":"3.93726","longitude":"41.85688","feature_class":"P","feature_code":"PPLA","country_code":"KE","cc2":"","admin1_code":"33","admin2_code":"","admin3_code":"","admin4_code":"","population":"36076","elevation":"","dem":"217","timezone":"Africa/Nairobi","modification_date":"2013-06-27"},{"geonameid":"187968","name":"Malindi","asciiname":"Malindi","alternatenames":["MYD","Malindi","Malindis","Melinde","ma lin di","malindi","mallindi","malyndy","malyndy  knya","marindi","Малинди","Малінді","ماليندي","مالیندی، کنیا","მალინდი","マリンディ","馬林迪","말린디"],"latitude":"-3.21799","longitude":"40.11692","feature_class":"P","feature_code":"PPL","country_code":"KE","cc2":"","admin1_code":"23","admin2_code":"","admin3_code":"","admin4_code":"","population":"118265","elevation":"","dem":"7","timezone":"Africa/Nairobi","modification_date":"2013-08-17"},{"geonameid":"188025","name":"Malaba","asciiname":"Malaba","alternatenames":["Malaba"],"latitude":"0.63457","longitude":"34.2756","feature_class":"P","feature_code":"PPL","country_code":"KE","cc2":"","admin1_code":"13","admin2_code":"","admin3_code":"","admin4_code":"","population":"8383","elevation":"","dem":"1156","timezone":"Africa/Nairobi","modification_date":"2013-09-06"},{"geonameid":"188080","name":"Makueni","asciiname":"Makueni","alternatenames":["Makueni","Makueni Boma"],"latitude":"-1.80409","longitude":"37.62034","feature_class":"P","feature_code":"PPL","country_code":"KE","cc2":"","admin1_code":"32","admin2_code":"","admin3_code":"","admin4_code":"","population":"20681","elevation":"","dem":"1240","timezone":"Africa/Nairobi","modification_date":"2013-09-06"},{"geonameid":"188408","name":"Magadi","asciiname":"Magadi","alternatenames":["Magadi"],"latitude":"-1.90122","longitude":"36.287","feature_class":"P","feature_code":"PPL","country_code":"KE","cc2":"","admin1_code":"19","admin2_code":"","admin3_code":"","admin4_code":"","population":"14529","elevation":"","dem":"617","timezone":"Africa/Nairobi","modification_date":"2013-09-06"},{"geonameid":"188492","name":"Machakos","asciiname":"Machakos","alternatenames":["Machakos","Machakosskij","Makhakos","Masaku","ma cha ke si","machakoseu","machakosu","machakws  knya","Махакос","Мачакос","Мачакосский","ماچاکوس، کنیا","მაჩაკოსი","マチャコス","马查科斯","마차코스"],"latitude":"-1.51667","longitude":"37.26667","feature_class":"P","feature_code":"PPLA","country_code":"KE","cc2":"","admin1_code":"31","admin2_code":"","admin3_code":"","admin4_code":"","population":"31971","elevation":"","dem":"1628","timezone":"Africa/Nairobi","modification_date":"2013-06-27"},{"geonameid":"188657","name":"Lugulu","asciiname":"Lugulu","alternatenames":["Busia","Lugulu"],"latitude":"0.39361","longitude":"34.30528","feature_class":"P","feature_code":"PPL","country_code":"KE","cc2":"","admin1_code":"13","admin2_code":"","admin3_code":"","admin4_code":"","population":"40894","elevation":"","dem":"1275","timezone":"Africa/Nairobi","modification_date":"2013-09-06"},{"geonameid":"188714","name":"Luanda","asciiname":"Luanda","alternatenames":["Luanda","Lwanda"],"latitude":"0.29668","longitude":"34.06459","feature_class":"P","feature_code":"PPL","country_code":"KE","cc2":"","admin1_code":"13","admin2_code":"","admin3_code":"","admin4_code":"","population":"10053","elevation":"","dem":"1182","timezone":"Africa/Nairobi","modification_date":"2013-09-06"},{"geonameid":"189280","name":"Lodwar","asciiname":"Lodwar","alternatenames":["LOK","Lodvar","Lodwar","Лодвар"],"latitude":"3.11911","longitude":"35.59727","feature_class":"P","feature_code":"PPLA","country_code":"KE","cc2":"","admin1_code":"51","admin2_code":"","admin3_code":"","admin4_code":"","population":"20219","elevation":"","dem":"505","timezone":"Africa/Nairobi","modification_date":"2013-06-28"},{"geonameid":"189386","name":"Limuru","asciiname":"Limuru","alternatenames":["Limuru"],"latitude":"-1.1","longitude":"36.65","feature_class":"P","feature_code":"PPL","country_code":"KE","cc2":"","admin1_code":"22","admin2_code":"","admin3_code":"","admin4_code":"","population":"6317","elevation":"","dem":"2317","timezone":"Africa/Nairobi","modification_date":"2013-09-06"},{"geonameid":"189741","name":"Lamu","asciiname":"Lamu","alternatenames":["Amu","LAU","Lama","Lamu","Лама"],"latitude":"-2.27169","longitude":"40.90201","feature_class":"P","feature_code":"PPLA","country_code":"KE","cc2":"","admin1_code":"30","admin2_code":"","admin3_code":"","admin4_code":"","population":"24525","elevation":"","dem":"14","timezone":"Africa/Nairobi","modification_date":"2013-07-03"},{"geonameid":"190108","name":"Kwale","asciiname":"Kwale","alternatenames":["Kwale"],"latitude":"-4.17375","longitude":"39.45206","feature_class":"P","feature_code":"PPLA","country_code":"KE","cc2":"","admin1_code":"28","admin2_code":"","admin3_code":"","admin4_code":"","population":"4883","elevation":"","dem":"403","timezone":"Africa/Nairobi","modification_date":"2013-06-27"},{"geonameid":"191038","name":"Kitui","asciiname":"Kitui","alternatenames":["Kitui"],"latitude":"-1.36696","longitude":"38.01055","feature_class":"P","feature_code":"PPLA","country_code":"KE","cc2":"","admin1_code":"27","admin2_code":"","admin3_code":"","admin4_code":"","population":"15954","elevation":"","dem":"1154","timezone":"Africa/Nairobi","modification_date":"2013-06-27"},{"geonameid":"191220","name":"Kitale","asciiname":"Kitale","alternatenames":["KTL","Kitale","Китале"],"latitude":"1.01572","longitude":"35.00622","feature_class":"P","feature_code":"PPLA","country_code":"KE","cc2":"","admin1_code":"50","admin2_code":"","admin3_code":"","admin4_code":"","population":"75123","elevation":"","dem":"1900","timezone":"Africa/Nairobi","modification_date":"2013-06-28"},{"geonameid":"191245","name":"Kisumu","asciiname":"Kisumu","alternatenames":["Gorad Kisumu","KIS","Kisumo","Kisumu","Lady Whitehouse","Port Florence","Winam","ji su mu","kisumu","kyswmw  knya","kyzymw","Горад Кісуму","Кисуму","Кісуму","كيزيمو","کیسومو، کنیا","კისუმუ","キスム","基蘇木","키수무"],"latitude":"-0.10221","longitude":"34.76171","feature_class":"P","feature_code":"PPLA","country_code":"KE","cc2":"","admin1_code":"26","admin2_code":"","admin3_code":"","admin4_code":"","population":"216479","elevation":"","dem":"1174","timezone":"Africa/Nairobi","modification_date":"2013-05-06"},{"geonameid":"191299","name":"Kisii","asciiname":"Kisii","alternatenames":["Kisii"],"latitude":"-0.68174","longitude":"34.76666","feature_class":"P","feature_code":"PPLA","country_code":"KE","cc2":"","admin1_code":"25","admin2_code":"","admin3_code":"","admin4_code":"","population":"28547","elevation":"","dem":"1686","timezone":"Africa/Nairobi","modification_date":"2013-06-27"},{"geonameid":"191833","name":"Kinango","asciiname":"Kinango","alternatenames":[""],"latitude":"-4.13723","longitude":"39.31528","feature_class":"P","feature_code":"PPL","country_code":"KE","cc2":"","admin1_code":"28","admin2_code":"","admin3_code":"","admin4_code":"","population":"8070","elevation":"","dem":"206","timezone":"Africa/Nairobi","modification_date":"2013-09-06"},{"geonameid":"191837","name":"Kihancha","asciiname":"Kihancha","alternatenames":["Kihancha","Kinancha"],"latitude":"-1.18376","longitude":"34.62616","feature_class":"P","feature_code":"PPL","country_code":"KE","cc2":"","admin1_code":"36","admin2_code":"","admin3_code":"","admin4_code":"","population":"13162","elevation":"","dem":"1461","timezone":"Africa/Nairobi","modification_date":"2013-09-06"},{"geonameid":"192067","name":"Kilifi","asciiname":"Kilifi","alternatenames":["Kilifi","Килифи"],"latitude":"-3.63045","longitude":"39.84992","feature_class":"P","feature_code":"PPLA","country_code":"KE","cc2":"","admin1_code":"23","admin2_code":"","admin3_code":"","admin4_code":"","population":"46118","elevation":"","dem":"24","timezone":"Africa/Nairobi","modification_date":"2013-06-27"},{"geonameid":"192710","name":"Kiambu","asciiname":"Kiambu","alternatenames":["Kiambu","Kiambuu","Киамбу"],"latitude":"-1.16667","longitude":"36.83333","feature_class":"P","feature_code":"PPLA","country_code":"KE","cc2":"","admin1_code":"22","admin2_code":"","admin3_code":"","admin4_code":"","population":"21234","elevation":"","dem":"1703","timezone":"Africa/Nairobi","modification_date":"2013-06-27"},{"geonameid":"192859","name":"Keruguya","asciiname":"Keruguya","alternatenames":["Kerugoya","Keruguya"],"latitude":"-0.49887","longitude":"37.28031","feature_class":"P","feature_code":"PPLA","country_code":"KE","cc2":"","admin1_code":"24","admin2_code":"","admin3_code":"","admin4_code":"","population":"15287","elevation":"","dem":"1548","timezone":"Africa/Nairobi","modification_date":"2013-06-27"},{"geonameid":"192900","name":"Kericho","asciiname":"Kericho","alternatenames":[""],"latitude":"-0.36774","longitude":"35.28314","feature_class":"P","feature_code":"PPLA","country_code":"KE","cc2":"","admin1_code":"21","admin2_code":"","admin3_code":"","admin4_code":"","population":"35748","elevation":"","dem":"2002","timezone":"Africa/Nairobi","modification_date":"2013-06-27"},{"geonameid":"193627","name":"Karuri","asciiname":"Karuri","alternatenames":[""],"latitude":"-0.7","longitude":"37.18333","feature_class":"P","feature_code":"PPL","country_code":"KE","cc2":"","admin1_code":"38","admin2_code":"","admin3_code":"","admin4_code":"","population":"21476","elevation":"","dem":"1211","timezone":"Africa/Nairobi","modification_date":"2013-09-06"},{"geonameid":"193985","name":"Kapsowar","asciiname":"Kapsowar","alternatenames":["Kapsowar","Marakwet"],"latitude":"0.98119","longitude":"35.56145","feature_class":"P","feature_code":"PPLA","country_code":"KE","cc2":"","admin1_code":"14","admin2_code":"","admin3_code":"","admin4_code":"","population":"9152","elevation":"","dem":"2257","timezone":"Africa/Nairobi","modification_date":"2013-07-03"},{"geonameid":"194038","name":"Kapsabet","asciiname":"Kapsabet","alternatenames":["Kapsabet","Nandi"],"latitude":"0.20387","longitude":"35.105","feature_class":"P","feature_code":"PPLA","country_code":"KE","cc2":"","admin1_code":"40","admin2_code":"","admin3_code":"","admin4_code":"","population":"3758","elevation":"","dem":"1998","timezone":"Africa/Nairobi","modification_date":"2013-06-27"},{"geonameid":"194160","name":"Kapenguria","asciiname":"Kapenguria","alternatenames":["Kap-Nguria","Kapenguria"],"latitude":"1.23333","longitude":"35.11667","feature_class":"P","feature_code":"PPLA","country_code":"KE","cc2":"","admin1_code":"55","admin2_code":"","admin3_code":"","admin4_code":"","population":"56000","elevation":"","dem":"2033","timezone":"Africa/Nairobi","modification_date":"2013-07-03"},{"geonameid":"194406","name":"Kangundo","asciiname":"Kangundo","alternatenames":["Kangundo","Kangundu"],"latitude":"-1.29792","longitude":"37.34705","feature_class":"P","feature_code":"PPL","country_code":"KE","cc2":"","admin1_code":"31","admin2_code":"","admin3_code":"","admin4_code":"","population":"10094","elevation":"","dem":"1600","timezone":"Africa/Nairobi","modification_date":"2013-09-06"},{"geonameid":"195272","name":"Kakamega","asciiname":"Kakamega","alternatenames":["GGM","Kakamega","Kakamege","Какамеге"],"latitude":"0.28422","longitude":"34.75229","feature_class":"P","feature_code":"PPLA","country_code":"KE","cc2":"","admin1_code":"20","admin2_code":"","admin3_code":"","admin4_code":"","population":"63426","elevation":"","dem":"1563","timezone":"Africa/Nairobi","modification_date":"2013-05-06"},{"geonameid":"195298","name":"Kajiado","asciiname":"Kajiado","alternatenames":["Kajiado","Ol Kejuado"],"latitude":"-1.85238","longitude":"36.77683","feature_class":"P","feature_code":"PPLA","country_code":"KE","cc2":"","admin1_code":"19","admin2_code":"","admin3_code":"","admin4_code":"","population":"11198","elevation":"","dem":"1725","timezone":"Africa/Nairobi","modification_date":"2013-06-28"},{"geonameid":"195821","name":"Kabarnet","asciiname":"Kabarnet","alternatenames":["Kabarnet"],"latitude":"0.49194","longitude":"35.74303","feature_class":"P","feature_code":"PPLA","country_code":"KE","cc2":"","admin1_code":"10","admin2_code":"","admin3_code":"","admin4_code":"","population":"24661","elevation":"","dem":"2048","timezone":"Africa/Nairobi","modification_date":"2013-07-03"},{"geonameid":"196231","name":"Isiolo","asciiname":"Isiolo","alternatenames":["Isiolo","Исиоло"],"latitude":"0.35462","longitude":"37.58218","feature_class":"P","feature_code":"PPLA","country_code":"KE","cc2":"","admin1_code":"18","admin2_code":"","admin3_code":"","admin4_code":"","population":"33207","elevation":"","dem":"1095","timezone":"Africa/Nairobi","modification_date":"2013-06-27"},{"geonameid":"196742","name":"Homa Bay","asciiname":"Homa Bay","alternatenames":["Homa","Homa Bay"],"latitude":"-0.52731","longitude":"34.45714","feature_class":"P","feature_code":"PPLA","country_code":"KE","cc2":"","admin1_code":"17","admin2_code":"","admin3_code":"","admin4_code":"","population":"40319","elevation":"","dem":"1165","timezone":"Africa/Nairobi","modification_date":"2013-06-27"},{"geonameid":"196752","name":"Hola","asciiname":"Hola","alternatenames":["Galole","HOA","Hola"],"latitude":"-1.48256","longitude":"40.03341","feature_class":"P","feature_code":"PPLA2","country_code":"KE","cc2":"","admin1_code":"48","admin2_code":"","admin3_code":"","admin4_code":"","population":"6932","elevation":"","dem":"65","timezone":"Africa/Nairobi","modification_date":"2013-11-12"},{"geonameid":"197514","name":"Gazi","asciiname":"Gazi","alternatenames":["Gasi","Gaze","Gazi"],"latitude":"-4.42402","longitude":"39.50588","feature_class":"P","feature_code":"PPL","country_code":"KE","cc2":"","admin1_code":"28","admin2_code":"","admin3_code":"","admin4_code":"","population":"5222","elevation":"","dem":"15","timezone":"Africa/Nairobi","modification_date":"2013-09-06"},{"geonameid":"197745","name":"Garissa","asciiname":"Garissa","alternatenames":["GAS","Garisa","Garissa","Гариса"],"latitude":"-0.45275","longitude":"39.64601","feature_class":"P","feature_code":"PPLA","country_code":"KE","cc2":"","admin1_code":"16","admin2_code":"","admin3_code":"","admin4_code":"","population":"67861","elevation":"","dem":"147","timezone":"Africa/Nairobi","modification_date":"2013-05-06"},{"geonameid":"198476","name":"Embu","asciiname":"Embu","alternatenames":["Ehmba","Embu","Kirimari","Эмба"],"latitude":"-0.53112","longitude":"37.45061","feature_class":"P","feature_code":"PPLA","country_code":"KE","cc2":"","admin1_code":"15","admin2_code":"","admin3_code":"","admin4_code":"","population":"34922","elevation":"","dem":"1406","timezone":"Africa/Nairobi","modification_date":"2013-05-06"},{"geonameid":"198629","name":"Eldoret","asciiname":"Eldoret","alternatenames":["EDL","Ehldoret","Eldoret","Eldoretas","Olderet","Olteret","ai er duo lei te","aldwrt  knya","eldoleteu","erudoretto","xel do ret","Елдорет","Элдорет","الدورت، کنیا","เอลโดเรต","ელდორეტი","エルドレット","埃爾多雷特","엘도레트"],"latitude":"0.52036","longitude":"35.26993","feature_class":"P","feature_code":"PPLA","country_code":"KE","cc2":"","admin1_code":"52","admin2_code":"","admin3_code":"","admin4_code":"","population":"218446","elevation":"","dem":"2095","timezone":"Africa/Nairobi","modification_date":"2013-06-28"},{"geonameid":"198636","name":"Eldama Ravine","asciiname":"Eldama Ravine","alternatenames":["Eldama","Eldama Ravine","Shimoni"],"latitude":"0.05158","longitude":"35.73078","feature_class":"P","feature_code":"PPL","country_code":"KE","cc2":"","admin1_code":"10","admin2_code":"","admin3_code":"","admin4_code":"","population":"12524","elevation":"","dem":"2124","timezone":"Africa/Nairobi","modification_date":"2013-09-06"},{"geonameid":"199284","name":"Chuka","asciiname":"Chuka","alternatenames":["Chuka"],"latitude":"-0.33316","longitude":"37.64587","feature_class":"P","feature_code":"PPLA2","country_code":"KE","cc2":"","admin1_code":"49","admin2_code":"","admin3_code":"","admin4_code":"","population":"9347","elevation":"","dem":"1452","timezone":"Africa/Nairobi","modification_date":"2013-11-12"},{"geonameid":"199971","name":"Butere","asciiname":"Butere","alternatenames":["Butere"],"latitude":"0.20636","longitude":"34.49348","feature_class":"P","feature_code":"PPL","country_code":"KE","cc2":"","admin1_code":"20","admin2_code":"","admin3_code":"","admin4_code":"","population":"11205","elevation":"","dem":"1380","timezone":"Africa/Nairobi","modification_date":"2013-09-06"},{"geonameid":"199989","name":"Busia","asciiname":"Busia","alternatenames":["Busia"],"latitude":"0.46005","longitude":"34.11169","feature_class":"P","feature_code":"PPLA","country_code":"KE","cc2":"","admin1_code":"13","admin2_code":"","admin3_code":"","admin4_code":"","population":"51981","elevation":"","dem":"1222","timezone":"Africa/Nairobi","modification_date":"2013-08-04"},{"geonameid":"200061","name":"Port Bunyala","asciiname":"Port Bunyala","alternatenames":["Bunyala","Port Bunyala","Port Victoria"],"latitude":"0.09388","longitude":"33.97559","feature_class":"P","feature_code":"PPL","country_code":"KE","cc2":"","admin1_code":"13","admin2_code":"","admin3_code":"","admin4_code":"","population":"6793","elevation":"","dem":"1183","timezone":"Africa/Nairobi","modification_date":"2013-09-06"},{"geonameid":"200067","name":"Bungoma","asciiname":"Bungoma","alternatenames":["Bungoma","Бунгома"],"latitude":"0.5635","longitude":"34.56055","feature_class":"P","feature_code":"PPLA","country_code":"KE","cc2":"","admin1_code":"12","admin2_code":"","admin3_code":"","admin4_code":"","population":"55962","elevation":"","dem":"1427","timezone":"Africa/Nairobi","modification_date":"2013-06-27"},{"geonameid":"200304","name":"Bondo","asciiname":"Bondo","alternatenames":["Bondo"],"latitude":"0.23861","longitude":"34.26944","feature_class":"P","feature_code":"PPL","country_code":"KE","cc2":"","admin1_code":"46","admin2_code":"","admin3_code":"","admin4_code":"","population":"8683","elevation":"","dem":"1266","timezone":"Africa/Nairobi","modification_date":"2013-09-06"},{"geonameid":"200308","name":"Bomet","asciiname":"Bomet","alternatenames":["Bomet","Sotik","Sotik Post"],"latitude":"-0.78129","longitude":"35.34156","feature_class":"P","feature_code":"PPLA","country_code":"KE","cc2":"","admin1_code":"11","admin2_code":"","admin3_code":"","admin4_code":"","population":"5270","elevation":"","dem":"1959","timezone":"Africa/Nairobi","modification_date":"2013-06-28"},{"geonameid":"200575","name":"Baringo","asciiname":"Baringo","alternatenames":[""],"latitude":"0.46667","longitude":"35.96667","feature_class":"P","feature_code":"PPL","country_code":"KE","cc2":"","admin1_code":"10","admin2_code":"","admin3_code":"","admin4_code":"","population":"7656","elevation":"","dem":"1090","timezone":"Africa/Nairobi","modification_date":"2013-09-06"},{"geonameid":"200787","name":"Athi River","asciiname":"Athi River","alternatenames":["Athi River"],"latitude":"-1.4563","longitude":"36.97826","feature_class":"P","feature_code":"PPL","country_code":"KE","cc2":"","admin1_code":"31","admin2_code":"","admin3_code":"","admin4_code":"","population":"24530","elevation":"","dem":"1505","timezone":"Africa/Nairobi","modification_date":"2013-11-04"},{"geonameid":"201229","name":"Ahero","asciiname":"Ahero","alternatenames":["Ahero"],"latitude":"-0.17462","longitude":"34.9163","feature_class":"P","feature_code":"PPL","country_code":"KE","cc2":"","admin1_code":"26","admin2_code":"","admin3_code":"","admin4_code":"","population":"8788","elevation":"","dem":"1154","timezone":"Africa/Nairobi","modification_date":"2013-09-06"},{"geonameid":"383388","name":"Siaya","asciiname":"Siaya","alternatenames":["Siaya"],"latitude":"0.06116","longitude":"34.28823","feature_class":"P","feature_code":"PPLA","country_code":"KE","cc2":"","admin1_code":"46","admin2_code":"","admin3_code":"","admin4_code":"","population":"15354","elevation":"","dem":"1321","timezone":"Africa/Nairobi","modification_date":"2013-06-28"},{"geonameid":"7931933","name":"Ol Kalou","asciiname":"Ol Kalou","alternatenames":[""],"latitude":"-0.27088","longitude":"36.37917","feature_class":"P","feature_code":"PPLA","country_code":"KE","cc2":"","admin1_code":"43","admin2_code":"","admin3_code":"","admin4_code":"","population":"47795","elevation":"","dem":"2348","timezone":"Africa/Nairobi","modification_date":"2013-08-04"},{"geonameid":"8051336","name":"Nyamira","asciiname":"Nyamira","alternatenames":[""],"latitude":"-0.648","longitude":"34.967","feature_class":"P","feature_code":"PPLA","country_code":"KE","cc2":"","admin1_code":"42","admin2_code":"","admin3_code":"","admin4_code":"","population":"10000","elevation":"","dem":"1895","timezone":"Africa/Nairobi","modification_date":"2013-07-03"},{"geonameid":"178202","name":"Webuye","asciiname":"Webuye","alternatenames":["Broderick Falls","Webuye"],"latitude":"0.60751","longitude":"34.76966","feature_class":"P","feature_code":"PPL","country_code":"KE","cc2":"","admin1_code":"12","admin2_code":"","admin3_code":"","admin4_code":"","population":"22507","elevation":"","dem":"1522","timezone":"Africa/Nairobi","modification_date":"2013-09-06"},{"geonameid":"178443","name":"Wajir","asciiname":"Wajir","alternatenames":["El Sadi","WJR","Wajir"],"latitude":"1.7471","longitude":"40.05732","feature_class":"P","feature_code":"PPLA","country_code":"KE","cc2":"","admin1_code":"54","admin2_code":"","admin3_code":"","admin4_code":"","population":"45771","elevation":"","dem":"258","timezone":"Africa/Nairobi","modification_date":"2013-06-28"},{"geonameid":"178522","name":"Voi","asciiname":"Voi","alternatenames":["Voi"],"latitude":"-3.39605","longitude":"38.55609","feature_class":"P","feature_code":"PPL","country_code":"KE","cc2":"","admin1_code":"47","admin2_code":"","admin3_code":"","admin4_code":"","population":"45483","elevation":"","dem":"580","timezone":"Africa/Nairobi","modification_date":"2013-10-30"},{"geonameid":"179330","name":"Thika","asciiname":"Thika","alternatenames":["Dhika","Thika","Tik","Тик"],"latitude":"-1.03326","longitude":"37.06933","feature_class":"P","feature_code":"PPL","country_code":"KE","cc2":"","admin1_code":"05","admin2_code":"","admin3_code":"","admin4_code":"","population":"200000","elevation":"","dem":"1506","timezone":"Africa/Nairobi","modification_date":"2013-08-17"},{"geonameid":"181135","name":"Rongai","asciiname":"Rongai","alternatenames":["Rongai"],"latitude":"-0.17333","longitude":"35.86382","feature_class":"P","feature_code":"PPL","country_code":"KE","cc2":"","admin1_code":"39","admin2_code":"","admin3_code":"","admin4_code":"","population":"30471","elevation":"","dem":"1874","timezone":"Africa/Nairobi","modification_date":"2013-09-06"},{"geonameid":"181501","name":"Pumwani","asciiname":"Pumwani","alternatenames":["Pumuani","Pumwani"],"latitude":"-1.28333","longitude":"36.85","feature_class":"P","feature_code":"PPLX","country_code":"KE","cc2":"KE","admin1_code":"05","admin2_code":"","admin3_code":"","admin4_code":"","population":"29616","elevation":"","dem":"1645","timezone":"Africa/Nairobi","modification_date":"2013-05-05"},{"geonameid":"182701","name":"Nyeri","asciiname":"Nyeri","alternatenames":["N'eri","NYE","Njeri","Njeris","Nyeri","Nyiri","ni ye li","nieli","nieri","nyry  knya","Њери","Ньери","نیری، کنیا","ნიერი","ニエリ","尼耶利","니에리"],"latitude":"-0.42013","longitude":"36.94759","feature_class":"P","feature_code":"PPLA","country_code":"KE","cc2":"","admin1_code":"44","admin2_code":"","admin3_code":"","admin4_code":"","population":"51084","elevation":"","dem":"1812","timezone":"Africa/Nairobi","modification_date":"2013-05-06"},{"geonameid":"183027","name":"Nyahururu","asciiname":"Nyahururu","alternatenames":["Nyahururu","Nyahururu Falls","Thompsons Falls","Thomsons Falls","Thorason's Falls","Thorason’s Falls"],"latitude":"0.0421","longitude":"36.36734","feature_class":"P","feature_code":"PPL","country_code":"KE","cc2":"","admin1_code":"29","admin2_code":"","admin3_code":"","admin4_code":"","population":"31978","elevation":"","dem":"2352","timezone":"Africa/Nairobi","modification_date":"2013-09-06"},{"geonameid":"184379","name":"Narok","asciiname":"Narok","alternatenames":["Narok"],"latitude":"-1.07829","longitude":"35.86012","feature_class":"P","feature_code":"PPLA","country_code":"KE","cc2":"","admin1_code":"41","admin2_code":"","admin3_code":"","admin4_code":"","population":"36061","elevation":"","dem":"1898","timezone":"Africa/Nairobi","modification_date":"2013-06-27"},{"geonameid":"184433","name":"Nanyuki","asciiname":"Nanyuki","alternatenames":["NYK","Nanyuki"],"latitude":"0.01667","longitude":"37.07283","feature_class":"P","feature_code":"PPLA","country_code":"KE","cc2":"","admin1_code":"29","admin2_code":"","admin3_code":"","admin4_code":"","population":"36142","elevation":"","dem":"1930","timezone":"Africa/Nairobi","modification_date":"2013-06-27"},{"geonameid":"184622","name":"Nakuru","asciiname":"Nakuru","alternatenames":["Gorad Nakuru","NUU","Nakuru","na ku lu","nakulu","nakuru","nakwrw  knya","Горад Накуру","Накуру","ناکورو، کنیا","ნაკურუ","ナクル","纳库鲁","나쿠루"],"latitude":"-0.28333","longitude":"36.06667","feature_class":"P","feature_code":"PPLA","country_code":"KE","cc2":"","admin1_code":"39","admin2_code":"","admin3_code":"","admin4_code":"","population":"259903","elevation":"","dem":"1848","timezone":"Africa/Nairobi","modification_date":"2013-05-06"},{"geonameid":"184707","name":"Naivasha","asciiname":"Naivasha","alternatenames":["Naivasha","Najvasha","Найваша"],"latitude":"-0.71667","longitude":"36.43591","feature_class":"P","feature_code":"PPL","country_code":"KE","cc2":"","admin1_code":"39","admin2_code":"","admin3_code":"","admin4_code":"","population":"38366","elevation":"","dem":"1915","timezone":"Africa/Nairobi","modification_date":"2013-09-06"},{"geonameid":"184745","name":"Nairobi","asciiname":"Nairobi","alternatenames":["Gorad Najrobi","NBO","Nairoba","Nairobi","Nairobia","Nairobis","Nairobo","Nairoby","Nairobî","Nairompi","Nairòbi","Nairóbi","Najrobi","Najrobo","Nayrobi","Nayroobi","Naíróbí","Naýrobi","na'irobi","nai luo bi","nailobi","nairobi","nairopi","nayreabi","nayrwby","nei luo bi","nirobi","nyrwby","nyyrwby","Ναϊρόμπι","Горад Найробі","Найроби","Найробі","Најроби","Նայրոբի","נייראבי","ניירובי","نايروبى","نایروبی","نایرۆبی","نيروبي","نیروبی","नैरोबी","নাইরোবি","ਨੈਰੋਬੀ","நைரோபி","ನೈರೋಬಿ","നയ്റോബി","ไนโรบี","ནའི་རོ་བི།","နိုင်ရိုဘီမြို့","ნაირობი","ናይሮቢ","ナイロビ","内罗毕","奈洛比","나이로비"],"latitude":"-1.28333","longitude":"36.81667","feature_class":"P","feature_code":"PPLC","country_code":"KE","cc2":"","admin1_code":"05","admin2_code":"","admin3_code":"","admin4_code":"","population":"2750547","elevation":"","dem":"1684","timezone":"Africa/Nairobi","modification_date":"2014-10-29"},{"geonameid":"185702","name":"Mumias","asciiname":"Mumias","alternatenames":["Mumias"],"latitude":"0.33511","longitude":"34.4864","feature_class":"P","feature_code":"PPL","country_code":"KE","cc2":"","admin1_code":"20","admin2_code":"","admin3_code":"","admin4_code":"","population":"45485","elevation":"","dem":"1318","timezone":"Africa/Nairobi","modification_date":"2013-09-06"},{"geonameid":"185939","name":"Muhoroni","asciiname":"Muhoroni","alternatenames":["Muhoroni"],"latitude":"-0.15406","longitude":"35.19878","feature_class":"P","feature_code":"PPL","country_code":"KE","cc2":"","admin1_code":"26","admin2_code":"","admin3_code":"","admin4_code":"","population":"15217","elevation":"","dem":"1298","timezone":"Africa/Nairobi","modification_date":"2013-09-06"},{"geonameid":"186180","name":"Moyale","asciiname":"Moyale","alternatenames":["Fort Harrington","Moyale","OYL","Port Harrington"],"latitude":"3.5216","longitude":"39.05472","feature_class":"P","feature_code":"PPL","country_code":"KE","cc2":"","admin1_code":"34","admin2_code":"","admin3_code":"","admin4_code":"","population":"34314","elevation":"","dem":"1104","timezone":"Africa/Nairobi","modification_date":"2014-02-01"},{"geonameid":"186301","name":"Mombasa","asciiname":"Mombasa","alternatenames":["Gorad Mambasa","MBA","Mombaaso","Mombaca","Mombasa","Mombassa","Mombaça","Mombása","Mompasa","Mvita","meng ba sa","mmbasa","momabaka","mombasa","monbasa","mwmbasa","mwmbsh","Μομπάσα","Горад Мамбаса","Момбаса","מומבסה","ممباسا","مومباسا","मोम्बासा","মোমবাকা","მომბასა","モンバサ","蒙巴萨","몸바사"],"latitude":"-4.05466","longitude":"39.66359","feature_class":"P","feature_code":"PPLA","country_code":"KE","cc2":"","admin1_code":"37","admin2_code":"","admin3_code":"","admin4_code":"","population":"799668","elevation":"","dem":"20","timezone":"Africa/Nairobi","modification_date":"2014-10-29"},{"geonameid":"186315","name":"Molo","asciiname":"Molo","alternatenames":["Molo","Моло"],"latitude":"-0.2479","longitude":"35.73743","feature_class":"P","feature_code":"PPL","country_code":"KE","cc2":"","admin1_code":"39","admin2_code":"","admin3_code":"","admin4_code":"","population":"27896","elevation":"","dem":"2482","timezone":"Africa/Nairobi","modification_date":"2013-09-06"},{"geonameid":"186731","name":"Migori","asciiname":"Migori","alternatenames":["Migori"],"latitude":"-1.06343","longitude":"34.47313","feature_class":"P","feature_code":"PPLA","country_code":"KE","cc2":"","admin1_code":"36","admin2_code":"","admin3_code":"","admin4_code":"","population":"35240","elevation":"","dem":"1382","timezone":"Africa/Nairobi","modification_date":"2013-06-27"},{"geonameid":"186827","name":"Meru","asciiname":"Meru","alternatenames":["Meru","Mery","Меры"],"latitude":"0.04626","longitude":"37.65587","feature_class":"P","feature_code":"PPLA","country_code":"KE","cc2":"","admin1_code":"35","admin2_code":"","admin3_code":"","admin4_code":"","population":"47226","elevation":"","dem":"1579","timezone":"Africa/Nairobi","modification_date":"2013-06-27"},{"geonameid":"187110","name":"Mbale","asciiname":"Mbale","alternatenames":["Maragoli"],"latitude":"-3.4","longitude":"38.38333","feature_class":"P","feature_code":"PPLA","country_code":"KE","cc2":"","admin1_code":"53","admin2_code":"","admin3_code":"","admin4_code":"","population":"60000","elevation":"","dem":"1173","timezone":"Africa/Nairobi","modification_date":"2013-07-03"},{"geonameid":"187585","name":"Marsabit","asciiname":"Marsabit","alternatenames":["Marsabit","RBT"],"latitude":"2.32839","longitude":"37.98986","feature_class":"P","feature_code":"PPLA","country_code":"KE","cc2":"","admin1_code":"34","admin2_code":"","admin3_code":"","admin4_code":"","population":"15361","elevation":"","dem":"1362","timezone":"Africa/Nairobi","modification_date":"2013-06-27"},{"geonameid":"187725","name":"Maralal","asciiname":"Maralal","alternatenames":["Maralal"],"latitude":"1.09679","longitude":"36.69799","feature_class":"P","feature_code":"PPLA","country_code":"KE","cc2":"","admin1_code":"45","admin2_code":"","admin3_code":"","admin4_code":"","population":"20841","elevation":"","dem":"1941","timezone":"Africa/Nairobi","modification_date":"2013-06-28"},{"geonameid":"187896","name":"Mandera","asciiname":"Mandera","alternatenames":["Madera","Mandera","Mandere","NDE","Мандере"],"latitude":"3.93726","longitude":"41.85688","feature_class":"P","feature_code":"PPLA","country_code":"KE","cc2":"","admin1_code":"33","admin2_code":"","admin3_code":"","admin4_code":"","population":"36076","elevation":"","dem":"217","timezone":"Africa/Nairobi","modification_date":"2013-06-27"},{"geonameid":"187968","name":"Malindi","asciiname":"Malindi","alternatenames":["MYD","Malindi","Malindis","Melinde","ma lin di","malindi","mallindi","malyndy","malyndy  knya","marindi","Малинди","Малінді","ماليندي","مالیندی، کنیا","მალინდი","マリンディ","馬林迪","말린디"],"latitude":"-3.21799","longitude":"40.11692","feature_class":"P","feature_code":"PPL","country_code":"KE","cc2":"","admin1_code":"23","admin2_code":"","admin3_code":"","admin4_code":"","population":"118265","elevation":"","dem":"7","timezone":"Africa/Nairobi","modification_date":"2013-08-17"},{"geonameid":"188080","name":"Makueni","asciiname":"Makueni","alternatenames":["Makueni","Makueni Boma"],"latitude":"-1.80409","longitude":"37.62034","feature_class":"P","feature_code":"PPL","country_code":"KE","cc2":"","admin1_code":"32","admin2_code":"","admin3_code":"","admin4_code":"","population":"20681","elevation":"","dem":"1240","timezone":"Africa/Nairobi","modification_date":"2013-09-06"},{"geonameid":"188492","name":"Machakos","asciiname":"Machakos","alternatenames":["Machakos","Machakosskij","Makhakos","Masaku","ma cha ke si","machakoseu","machakosu","machakws  knya","Махакос","Мачакос","Мачакосский","ماچاکوس، کنیا","მაჩაკოსი","マチャコス","马查科斯","마차코스"],"latitude":"-1.51667","longitude":"37.26667","feature_class":"P","feature_code":"PPLA","country_code":"KE","cc2":"","admin1_code":"31","admin2_code":"","admin3_code":"","admin4_code":"","population":"31971","elevation":"","dem":"1628","timezone":"Africa/Nairobi","modification_date":"2013-06-27"},{"geonameid":"188657","name":"Lugulu","asciiname":"Lugulu","alternatenames":["Busia","Lugulu"],"latitude":"0.39361","longitude":"34.30528","feature_class":"P","feature_code":"PPL","country_code":"KE","cc2":"","admin1_code":"13","admin2_code":"","admin3_code":"","admin4_code":"","population":"40894","elevation":"","dem":"1275","timezone":"Africa/Nairobi","modification_date":"2013-09-06"},{"geonameid":"189280","name":"Lodwar","asciiname":"Lodwar","alternatenames":["LOK","Lodvar","Lodwar","Лодвар"],"latitude":"3.11911","longitude":"35.59727","feature_class":"P","feature_code":"PPLA","country_code":"KE","cc2":"","admin1_code":"51","admin2_code":"","admin3_code":"","admin4_code":"","population":"20219","elevation":"","dem":"505","timezone":"Africa/Nairobi","modification_date":"2013-06-28"},{"geonameid":"189741","name":"Lamu","asciiname":"Lamu","alternatenames":["Amu","LAU","Lama","Lamu","Лама"],"latitude":"-2.27169","longitude":"40.90201","feature_class":"P","feature_code":"PPLA","country_code":"KE","cc2":"","admin1_code":"30","admin2_code":"","admin3_code":"","admin4_code":"","population":"24525","elevation":"","dem":"14","timezone":"Africa/Nairobi","modification_date":"2013-07-03"},{"geonameid":"191038","name":"Kitui","asciiname":"Kitui","alternatenames":["Kitui"],"latitude":"-1.36696","longitude":"38.01055","feature_class":"P","feature_code":"PPLA","country_code":"KE","cc2":"","admin1_code":"27","admin2_code":"","admin3_code":"","admin4_code":"","population":"15954","elevation":"","dem":"1154","timezone":"Africa/Nairobi","modification_date":"2013-06-27"},{"geonameid":"191220","name":"Kitale","asciiname":"Kitale","alternatenames":["KTL","Kitale","Китале"],"latitude":"1.01572","longitude":"35.00622","feature_class":"P","feature_code":"PPLA","country_code":"KE","cc2":"","admin1_code":"50","admin2_code":"","admin3_code":"","admin4_code":"","population":"75123","elevation":"","dem":"1900","timezone":"Africa/Nairobi","modification_date":"2013-06-28"},{"geonameid":"191245","name":"Kisumu","asciiname":"Kisumu","alternatenames":["Gorad Kisumu","KIS","Kisumo","Kisumu","Lady Whitehouse","Port Florence","Winam","ji su mu","kisumu","kyswmw  knya","kyzymw","Горад Кісуму","Кисуму","Кісуму","كيزيمو","کیسومو، کنیا","კისუმუ","キスム","基蘇木","키수무"],"latitude":"-0.10221","longitude":"34.76171","feature_class":"P","feature_code":"PPLA","country_code":"KE","cc2":"","admin1_code":"26","admin2_code":"","admin3_code":"","admin4_code":"","population":"216479","elevation":"","dem":"1174","timezone":"Africa/Nairobi","modification_date":"2013-05-06"},{"geonameid":"191299","name":"Kisii","asciiname":"Kisii","alternatenames":["Kisii"],"latitude":"-0.68174","longitude":"34.76666","feature_class":"P","feature_code":"PPLA","country_code":"KE","cc2":"","admin1_code":"25","admin2_code":"","admin3_code":"","admin4_code":"","population":"28547","elevation":"","dem":"1686","timezone":"Africa/Nairobi","modification_date":"2013-06-27"},{"geonameid":"192067","name":"Kilifi","asciiname":"Kilifi","alternatenames":["Kilifi","Килифи"],"latitude":"-3.63045","longitude":"39.84992","feature_class":"P","feature_code":"PPLA","country_code":"KE","cc2":"","admin1_code":"23","admin2_code":"","admin3_code":"","admin4_code":"","population":"46118","elevation":"","dem":"24","timezone":"Africa/Nairobi","modification_date":"2013-06-27"},{"geonameid":"192710","name":"Kiambu","asciiname":"Kiambu","alternatenames":["Kiambu","Kiambuu","Киамбу"],"latitude":"-1.16667","longitude":"36.83333","feature_class":"P","feature_code":"PPLA","country_code":"KE","cc2":"","admin1_code":"22","admin2_code":"","admin3_code":"","admin4_code":"","population":"21234","elevation":"","dem":"1703","timezone":"Africa/Nairobi","modification_date":"2013-06-27"},{"geonameid":"192859","name":"Keruguya","asciiname":"Keruguya","alternatenames":["Kerugoya","Keruguya"],"latitude":"-0.49887","longitude":"37.28031","feature_class":"P","feature_code":"PPLA","country_code":"KE","cc2":"","admin1_code":"24","admin2_code":"","admin3_code":"","admin4_code":"","population":"15287","elevation":"","dem":"1548","timezone":"Africa/Nairobi","modification_date":"2013-06-27"},{"geonameid":"192900","name":"Kericho","asciiname":"Kericho","alternatenames":[""],"latitude":"-0.36774","longitude":"35.28314","feature_class":"P","feature_code":"PPLA","country_code":"KE","cc2":"","admin1_code":"21","admin2_code":"","admin3_code":"","admin4_code":"","population":"35748","elevation":"","dem":"2002","timezone":"Africa/Nairobi","modification_date":"2013-06-27"},{"geonameid":"193627","name":"Karuri","asciiname":"Karuri","alternatenames":[""],"latitude":"-0.7","longitude":"37.18333","feature_class":"P","feature_code":"PPL","country_code":"KE","cc2":"","admin1_code":"38","admin2_code":"","admin3_code":"","admin4_code":"","population":"21476","elevation":"","dem":"1211","timezone":"Africa/Nairobi","modification_date":"2013-09-06"},{"geonameid":"194160","name":"Kapenguria","asciiname":"Kapenguria","alternatenames":["Kap-Nguria","Kapenguria"],"latitude":"1.23333","longitude":"35.11667","feature_class":"P","feature_code":"PPLA","country_code":"KE","cc2":"","admin1_code":"55","admin2_code":"","admin3_code":"","admin4_code":"","population":"56000","elevation":"","dem":"2033","timezone":"Africa/Nairobi","modification_date":"2013-07-03"},{"geonameid":"195272","name":"Kakamega","asciiname":"Kakamega","alternatenames":["GGM","Kakamega","Kakamege","Какамеге"],"latitude":"0.28422","longitude":"34.75229","feature_class":"P","feature_code":"PPLA","country_code":"KE","cc2":"","admin1_code":"20","admin2_code":"","admin3_code":"","admin4_code":"","population":"63426","elevation":"","dem":"1563","timezone":"Africa/Nairobi","modification_date":"2013-05-06"},{"geonameid":"195821","name":"Kabarnet","asciiname":"Kabarnet","alternatenames":["Kabarnet"],"latitude":"0.49194","longitude":"35.74303","feature_class":"P","feature_code":"PPLA","country_code":"KE","cc2":"","admin1_code":"10","admin2_code":"","admin3_code":"","admin4_code":"","population":"24661","elevation":"","dem":"2048","timezone":"Africa/Nairobi","modification_date":"2013-07-03"},{"geonameid":"196231","name":"Isiolo","asciiname":"Isiolo","alternatenames":["Isiolo","Исиоло"],"latitude":"0.35462","longitude":"37.58218","feature_class":"P","feature_code":"PPLA","country_code":"KE","cc2":"","admin1_code":"18","admin2_code":"","admin3_code":"","admin4_code":"","population":"33207","elevation":"","dem":"1095","timezone":"Africa/Nairobi","modification_date":"2013-06-27"},{"geonameid":"196742","name":"Homa Bay","asciiname":"Homa Bay","alternatenames":["Homa","Homa Bay"],"latitude":"-0.52731","longitude":"34.45714","feature_class":"P","feature_code":"PPLA","country_code":"KE","cc2":"","admin1_code":"17","admin2_code":"","admin3_code":"","admin4_code":"","population":"40319","elevation":"","dem":"1165","timezone":"Africa/Nairobi","modification_date":"2013-06-27"},{"geonameid":"197745","name":"Garissa","asciiname":"Garissa","alternatenames":["GAS","Garisa","Garissa","Гариса"],"latitude":"-0.45275","longitude":"39.64601","feature_class":"P","feature_code":"PPLA","country_code":"KE","cc2":"","admin1_code":"16","admin2_code":"","admin3_code":"","admin4_code":"","population":"67861","elevation":"","dem":"147","timezone":"Africa/Nairobi","modification_date":"2013-05-06"},{"geonameid":"198476","name":"Embu","asciiname":"Embu","alternatenames":["Ehmba","Embu","Kirimari","Эмба"],"latitude":"-0.53112","longitude":"37.45061","feature_class":"P","feature_code":"PPLA","country_code":"KE","cc2":"","admin1_code":"15","admin2_code":"","admin3_code":"","admin4_code":"","population":"34922","elevation":"","dem":"1406","timezone":"Africa/Nairobi","modification_date":"2013-05-06"},{"geonameid":"198629","name":"Eldoret","asciiname":"Eldoret","alternatenames":["EDL","Ehldoret","Eldoret","Eldoretas","Olderet","Olteret","ai er duo lei te","aldwrt  knya","eldoleteu","erudoretto","xel do ret","Елдорет","Элдорет","الدورت، کنیا","เอลโดเรต","ელდორეტი","エルドレット","埃爾多雷特","엘도레트"],"latitude":"0.52036","longitude":"35.26993","feature_class":"P","feature_code":"PPLA","country_code":"KE","cc2":"","admin1_code":"52","admin2_code":"","admin3_code":"","admin4_code":"","population":"218446","elevation":"","dem":"2095","timezone":"Africa/Nairobi","modification_date":"2013-06-28"},{"geonameid":"199989","name":"Busia","asciiname":"Busia","alternatenames":["Busia"],"latitude":"0.46005","longitude":"34.11169","feature_class":"P","feature_code":"PPLA","country_code":"KE","cc2":"","admin1_code":"13","admin2_code":"","admin3_code":"","admin4_code":"","population":"51981","elevation":"","dem":"1222","timezone":"Africa/Nairobi","modification_date":"2013-08-04"},{"geonameid":"200067","name":"Bungoma","asciiname":"Bungoma","alternatenames":["Bungoma","Бунгома"],"latitude":"0.5635","longitude":"34.56055","feature_class":"P","feature_code":"PPLA","country_code":"KE","cc2":"","admin1_code":"12","admin2_code":"","admin3_code":"","admin4_code":"","population":"55962","elevation":"","dem":"1427","timezone":"Africa/Nairobi","modification_date":"2013-06-27"},{"geonameid":"200787","name":"Athi River","asciiname":"Athi River","alternatenames":["Athi River"],"latitude":"-1.4563","longitude":"36.97826","feature_class":"P","feature_code":"PPL","country_code":"KE","cc2":"","admin1_code":"31","admin2_code":"","admin3_code":"","admin4_code":"","population":"24530","elevation":"","dem":"1505","timezone":"Africa/Nairobi","modification_date":"2013-11-04"},{"geonameid":"383388","name":"Siaya","asciiname":"Siaya","alternatenames":["Siaya"],"latitude":"0.06116","longitude":"34.28823","feature_class":"P","feature_code":"PPLA","country_code":"KE","cc2":"","admin1_code":"46","admin2_code":"","admin3_code":"","admin4_code":"","population":"15354","elevation":"","dem":"1321","timezone":"Africa/Nairobi","modification_date":"2013-06-28"},{"geonameid":"7931933","name":"Ol Kalou","asciiname":"Ol Kalou","alternatenames":[""],"latitude":"-0.27088","longitude":"36.37917","feature_class":"P","feature_code":"PPLA","country_code":"KE","cc2":"","admin1_code":"43","admin2_code":"","admin3_code":"","admin4_code":"","population":"47795","elevation":"","dem":"2348","timezone":"Africa/Nairobi","modification_date":"2013-08-04"}]}