{"country_data":{"ISO":"KI","ISO3":"KIR","ISO_Numeric":"296","fips":"KR","country":"Kiribati","capital":"Tarawa","area":"811","Population":"92533","Continent":"OC","tld":".ki","CurrencyCode":"AUD","CurrencyName":"Dollar","Phone":"686","Postal_Code_Format":"","Postal_Code_Regex":"","Languages":"en-KI,gil","geonameid":"4030945","neighbours":"","EquivalentFipsCode":""},"cities":[{"geonameid":"2110248","name":"Betio Village","asciiname":"Betio Village","alternatenames":[""],"latitude":"1.35797","longitude":"172.92105","feature_class":"P","feature_code":"PPL","country_code":"KI","cc2":"","admin1_code":"01","admin2_code":"TW","admin3_code":"","admin4_code":"","population":"12509","elevation":"","dem":"9","timezone":"Pacific/Tarawa","modification_date":"2010-11-09"},{"geonameid":"2110257","name":"Tarawa","asciiname":"Tarawa","alternatenames":["Juzhnaja Tarava","South Tarawa","Sued-Tarawa","Süd-Tarawa","TRW","Tarawa","Tarawa Sud","Tarawa do Sul","Tarawa-Sud","Zuid-Tarawa","sauseutalawa","Южная Тарава","דרום טאראווה","사우스타라와"],"latitude":"1.3278","longitude":"172.97696","feature_class":"P","feature_code":"PPLC","country_code":"KI","cc2":"","admin1_code":"01","admin2_code":"TW","admin3_code":"","admin4_code":"","population":"40311","elevation":"","dem":"6","timezone":"Pacific/Tarawa","modification_date":"2014-08-19"},{"geonameid":"7601774","name":"Bikenibeu Village","asciiname":"Bikenibeu Village","alternatenames":[""],"latitude":"1.3673","longitude":"173.12415","feature_class":"P","feature_code":"PPL","country_code":"KI","cc2":"","admin1_code":"01","admin2_code":"TW","admin3_code":"","admin4_code":"","population":"6170","elevation":"","dem":"11","timezone":"Pacific/Tarawa","modification_date":"2010-11-09"},{"geonameid":"2110257","name":"Tarawa","asciiname":"Tarawa","alternatenames":["Juzhnaja Tarava","South Tarawa","Sued-Tarawa","Süd-Tarawa","TRW","Tarawa","Tarawa Sud","Tarawa do Sul","Tarawa-Sud","Zuid-Tarawa","sauseutalawa","Южная Тарава","דרום טאראווה","사우스타라와"],"latitude":"1.3278","longitude":"172.97696","feature_class":"P","feature_code":"PPLC","country_code":"KI","cc2":"","admin1_code":"01","admin2_code":"TW","admin3_code":"","admin4_code":"","population":"40311","elevation":"","dem":"6","timezone":"Pacific/Tarawa","modification_date":"2014-08-19"}]}