{"country_data":{"ISO":"KG","ISO3":"KGZ","ISO_Numeric":"417","fips":"KG","country":"Kyrgyzstan","capital":"Bishkek","area":"198500","Population":"5508626","Continent":"AS","tld":".kg","CurrencyCode":"KGS","CurrencyName":"Som","Phone":"996","Postal_Code_Format":"######","Postal_Code_Regex":"^(\\d{6})$","Languages":"ky,uz,ru","geonameid":"1527747","neighbours":"CN,TJ,UZ,KZ","EquivalentFipsCode":""},"cities":[{"geonameid":"1222562","name":"Suluktu","asciiname":"Suluktu","alternatenames":["Seluka","Selukta","Suljukta","Sulyukta","Sүlүktү","Сулюкта","Сүлүктү"],"latitude":"39.93652","longitude":"69.56779","feature_class":"P","feature_code":"PPL","country_code":"KG","cc2":"","admin1_code":"09","admin2_code":"","admin3_code":"","admin4_code":"","population":"15019","elevation":"","dem":"1251","timezone":"Asia/Bishkek","modification_date":"2015-05-23"},{"geonameid":"1222635","name":"Aydarken","asciiname":"Aydarken","alternatenames":["Aidarken","Ajdarken","Aydarken","Khaidarkan","Khajdarkan","Khaydarkan","Khaydarken","Xaydarkon","Айдаркен","Хайдаркан"],"latitude":"39.94319","longitude":"71.34184","feature_class":"P","feature_code":"PPL","country_code":"KG","cc2":"","admin1_code":"09","admin2_code":"","admin3_code":"","admin4_code":"","population":"11857","elevation":"","dem":"1928","timezone":"Asia/Bishkek","modification_date":"2015-07-03"},{"geonameid":"1222662","name":"Isfana","asciiname":"Isfana","alternatenames":["Isfana","Isfina","aysfana  qrqyzstan","yi si fa na","yysfana","İsfana","Ісфана","Исфана","ئیسفانا","ایسفانا، قرقیزستان","伊斯法納"],"latitude":"39.83895","longitude":"69.5276","feature_class":"P","feature_code":"PPLA2","country_code":"KG","cc2":"","admin1_code":"09","admin2_code":"","admin3_code":"","admin4_code":"","population":"16952","elevation":"","dem":"1302","timezone":"Asia/Bishkek","modification_date":"2015-07-03"},{"geonameid":"1527004","name":"Balykchy","asciiname":"Balykchy","alternatenames":["Balykchi","Balykchy","Issyk-Kul'","Issyk-Kul’","Rybach'e","Rybach'ye","Rybach’e","Rybach’ye","Ysyk-Kol","Ysyk-Köl","Балыкчи","Рыбачье"],"latitude":"42.46017","longitude":"76.18709","feature_class":"P","feature_code":"PPL","country_code":"KG","cc2":"","admin1_code":"07","admin2_code":"","admin3_code":"","admin4_code":"","population":"40000","elevation":"","dem":"1641","timezone":"Asia/Bishkek","modification_date":"2015-06-07"},{"geonameid":"1527121","name":"Tyup","asciiname":"Tyup","alternatenames":["Preobrazhenskoye","Tjup","Tup","Tyup","Tüp","Тюп"],"latitude":"42.7276","longitude":"78.36476","feature_class":"P","feature_code":"PPLA2","country_code":"KG","cc2":"","admin1_code":"07","admin2_code":"","admin3_code":"","admin4_code":"","population":"13437","elevation":"","dem":"1629","timezone":"Asia/Bishkek","modification_date":"2015-05-25"},{"geonameid":"1527199","name":"Tokmok","asciiname":"Tokmok","alternatenames":["Tokmak","Tokmok","Токмак","Токмок"],"latitude":"42.84194","longitude":"75.30149","feature_class":"P","feature_code":"PPLA2","country_code":"KG","cc2":"","admin1_code":"02","admin2_code":"","admin3_code":"","admin4_code":"","population":"63047","elevation":"800","dem":"824","timezone":"Asia/Bishkek","modification_date":"2015-05-26"},{"geonameid":"1527232","name":"Ak-Suu","asciiname":"Ak-Suu","alternatenames":["Ak-Suu","Teplokljuchenka","Teploklyuchenka","Teploklyuchinka","Ак-Суу","Теплоключенка"],"latitude":"42.49948","longitude":"78.52702","feature_class":"P","feature_code":"PPLA2","country_code":"KG","cc2":"","admin1_code":"07","admin2_code":"","admin3_code":"","admin4_code":"","population":"10823","elevation":"","dem":"1814","timezone":"Asia/Bishkek","modification_date":"2015-05-24"},{"geonameid":"1527260","name":"Tash-Kumyr","asciiname":"Tash-Kumyr","alternatenames":["Naryn","Tash-Komur","Tash-Kumyr","Tash-Kömür","Tashkumor","Tashkumör","Таш-Кумыр"],"latitude":"41.34612","longitude":"72.21707","feature_class":"P","feature_code":"PPL","country_code":"KG","cc2":"","admin1_code":"03","admin2_code":"","admin3_code":"","admin4_code":"","population":"23594","elevation":"","dem":"612","timezone":"Asia/Bishkek","modification_date":"2015-06-07"},{"geonameid":"1527299","name":"Talas","asciiname":"Talas","alternatenames":["Dmitriyevka","Dmitriyevskoye","Talas","Talass","Талас"],"latitude":"42.52277","longitude":"72.24274","feature_class":"P","feature_code":"PPLA","country_code":"KG","cc2":"","admin1_code":"06","admin2_code":"","admin3_code":"","admin4_code":"","population":"35172","elevation":"","dem":"1238","timezone":"Asia/Bishkek","modification_date":"2015-06-07"},{"geonameid":"1527351","name":"Sosnovka","asciiname":"Sosnovka","alternatenames":["Sosnovka","Сосновка"],"latitude":"42.63707","longitude":"73.89608","feature_class":"P","feature_code":"PPL","country_code":"KG","cc2":"","admin1_code":"02","admin2_code":"","admin3_code":"","admin4_code":"","population":"5885","elevation":"","dem":"1208","timezone":"Asia/Bishkek","modification_date":"2015-05-28"},{"geonameid":"1527497","name":"Kyzyl-Suu","asciiname":"Kyzyl-Suu","alternatenames":["Kyzyl-Suu","Leninskoye","Nov Pokrovka","Novo-Pokrovskoye","Pokrovka","Кызыл-Суу","Покровка"],"latitude":"42.34211","longitude":"78.00644","feature_class":"P","feature_code":"PPLA2","country_code":"KG","cc2":"","admin1_code":"07","admin2_code":"","admin3_code":"","admin4_code":"","population":"16927","elevation":"","dem":"1757","timezone":"Asia/Bishkek","modification_date":"2015-05-25"},{"geonameid":"1527513","name":"Uzgen","asciiname":"Uzgen","alternatenames":["Ozgon","Uzgen","Uzkend","Özgön","Узген"],"latitude":"40.76994","longitude":"73.30068","feature_class":"P","feature_code":"PPL","country_code":"KG","cc2":"","admin1_code":"08","admin2_code":"","admin3_code":"","admin4_code":"","population":"40360","elevation":"","dem":"1027","timezone":"Asia/Bishkek","modification_date":"2015-06-07"},{"geonameid":"1527534","name":"Osh","asciiname":"Osh","alternatenames":["Gorad Osh","O'sh","OSS","Och","Oix","Os","Osa","Osas","Osch","Osh","Osj","Osz","Ox","Oŝ","Oş","Oš","Oša","Ošas","Oʻsh","ao shen","awsh","osa","oshi","osi","xxch","Горад Ош","Ош","אוש","أوش","اوش","ओश","ออช","ოში","オシ","奧什","오시"],"latitude":"40.52828","longitude":"72.7985","feature_class":"P","feature_code":"PPLA","country_code":"KG","cc2":"","admin1_code":"08","admin2_code":"","admin3_code":"","admin4_code":"","population":"200000","elevation":"","dem":"988","timezone":"Asia/Bishkek","modification_date":"2015-06-04"},{"geonameid":"1527592","name":"Naryn","asciiname":"Naryn","alternatenames":["Naron","Naryn","Нарын"],"latitude":"41.42866","longitude":"75.99111","feature_class":"P","feature_code":"PPLA","country_code":"KG","cc2":"","admin1_code":"04","admin2_code":"","admin3_code":"","admin4_code":"","population":"52300","elevation":"","dem":"2048","timezone":"Asia/Bishkek","modification_date":"2015-06-07"},{"geonameid":"1527719","name":"Kyzyl-Kyya","asciiname":"Kyzyl-Kyya","alternatenames":["Kizol-Kiva","Kizyl-Kiya","Kizöl-Kiva","Kyzyl-Kija","Kyzyl-Kiya","Kyzyl-Kyja","Kyzyl-Kyya","Kzyl-Kiya","Кызыл-Кия","Кызыл-Кыя"],"latitude":"40.25684","longitude":"72.12793","feature_class":"P","feature_code":"PPL","country_code":"KG","cc2":"","admin1_code":"09","admin2_code":"","admin3_code":"","admin4_code":"","population":"32000","elevation":"","dem":"999","timezone":"Asia/Bishkek","modification_date":"2015-07-03"},{"geonameid":"1528091","name":"Kara Suu","asciiname":"Kara Suu","alternatenames":["Kara Suu","Kara-Su","Kara-Suu","Кара Суу","Кара-Суу"],"latitude":"40.7046","longitude":"72.86666","feature_class":"P","feature_code":"PPL","country_code":"KG","cc2":"","admin1_code":"08","admin2_code":"","admin3_code":"","admin4_code":"","population":"17800","elevation":"","dem":"744","timezone":"Asia/Bishkek","modification_date":"2015-06-07"},{"geonameid":"1528121","name":"Karakol","asciiname":"Karakol","alternatenames":["Gorad Karakol","Karakol","Karakolas","Karakoł","Karakul","Khargol","Prjeval'sk","Prjeval’sk","Przheval'sk","Przheval’sk","ka la ke er","kalakol","karakola","karakoru","kha ra khxl","qaraqwl  qrqyzstan","Горад Каракол","Каракол","Пржевальск","Харгол","Қарақол","قاراقول، قرقیزستان","قاراقۆل","काराकोल","คาราคอล","カラコル","卡拉科尔","카라콜"],"latitude":"42.49068","longitude":"78.39362","feature_class":"P","feature_code":"PPLA","country_code":"KG","cc2":"","admin1_code":"07","admin2_code":"","admin3_code":"","admin4_code":"","population":"70171","elevation":"","dem":"1751","timezone":"Asia/Bishkek","modification_date":"2015-06-07"},{"geonameid":"1528182","name":"Kara-Balta","asciiname":"Kara-Balta","alternatenames":["Imeni Mikoyana","Kara-Balta","Kara-Balty","Karabalto","Karabaltö","Кара-Балта"],"latitude":"42.81423","longitude":"73.84813","feature_class":"P","feature_code":"PPLA2","country_code":"KG","cc2":"","admin1_code":"02","admin2_code":"","admin3_code":"","admin4_code":"","population":"62796","elevation":"","dem":"789","timezone":"Asia/Bishkek","modification_date":"2015-05-25"},{"geonameid":"1528193","name":"Kant","asciiname":"Kant","alternatenames":["Kant","Кант"],"latitude":"42.89106","longitude":"74.85077","feature_class":"P","feature_code":"PPLA2","country_code":"KG","cc2":"","admin1_code":"02","admin2_code":"","admin3_code":"","admin4_code":"","population":"20181","elevation":"","dem":"743","timezone":"Asia/Bishkek","modification_date":"2015-06-07"},{"geonameid":"1528234","name":"Kaindy","asciiname":"Kaindy","alternatenames":["Kainda","Kaindy","Kayyngdy","Molotovsk","Molotovskiy","Каинды"],"latitude":"42.82469","longitude":"73.67585","feature_class":"P","feature_code":"PPLA2","country_code":"KG","cc2":"","admin1_code":"02","admin2_code":"","admin3_code":"","admin4_code":"","population":"10616","elevation":"","dem":"738","timezone":"Asia/Bishkek","modification_date":"2015-06-07"},{"geonameid":"1528249","name":"Jalal-Abad","asciiname":"Jalal-Abad","alternatenames":["Celalabad","Djalalabad","Dschalalabat","Dzalal Abadas","Dzalal-Abad","Dzalalabad","Dzalalabat","Dzhalal Abad","Dzhalal-Abad","Dzjalal-Abad","Dzsalalabad","Dżalalabad","Džalal Abadas","Džalal-Abad","Džalalabat","Jalal-Abad","Jalalabat","Jalolobod","Zalalabad","Zalalabat","Zhalal-Abad","Zhalal-Abad shaary","gu la la ba de","jalalabada","jallal-abateu","jararabado","Ĵalalabat","Žalalabad","Žalalabat","Джалал Абад","Джалал-Абад","Жалал-Абад","Жалал-Абад шаары","جلال‌آباد، قرقیزستان","جەلالابات، قرغیزستان","जलालाबाद","ジャララバード","賈拉拉巴德","잘랄아바트"],"latitude":"40.93333","longitude":"73","feature_class":"P","feature_code":"PPLA","country_code":"KG","cc2":"KG","admin1_code":"03","admin2_code":"","admin3_code":"","admin4_code":"","population":"75700","elevation":"","dem":"772","timezone":"Asia/Bishkek","modification_date":"2015-06-07"},{"geonameid":"1528283","name":"Iradan","asciiname":"Iradan","alternatenames":["Iradan","Radinan","Ирадан"],"latitude":"40.26667","longitude":"72.1","feature_class":"P","feature_code":"PPL","country_code":"KG","cc2":"KG","admin1_code":"09","admin2_code":"","admin3_code":"","admin4_code":"","population":"26200","elevation":"","dem":"933","timezone":"Asia/Bishkek","modification_date":"2015-05-25"},{"geonameid":"1528339","name":"Nookat","asciiname":"Nookat","alternatenames":["Eski-Nookat","Iski-Naukat"],"latitude":"40.26597","longitude":"72.61834","feature_class":"P","feature_code":"PPL","country_code":"KG","cc2":"","admin1_code":"00","admin2_code":"","admin3_code":"","admin4_code":"","population":"14371","elevation":"","dem":"1295","timezone":"Asia/Bishkek","modification_date":"2015-05-24"},{"geonameid":"1528512","name":"Cholpon-Ata","asciiname":"Cholpon-Ata","alternatenames":["Chalpan-Ata","Cholpon-Ata","Stanovishche Chalpan-Ata","Чолпон-Ата"],"latitude":"42.64944","longitude":"77.08225","feature_class":"P","feature_code":"PPLA2","country_code":"KG","cc2":"","admin1_code":"07","admin2_code":"","admin3_code":"","admin4_code":"","population":"18595","elevation":"","dem":"1630","timezone":"Asia/Bishkek","modification_date":"2015-06-07"},{"geonameid":"1528606","name":"Kemin","asciiname":"Kemin","alternatenames":["Bostrorechenskoye","Bystrorechenskoye","Bystrovka","Kemin","Быстровка","Кемин"],"latitude":"42.78458","longitude":"75.68917","feature_class":"P","feature_code":"PPLA2","country_code":"KG","cc2":"","admin1_code":"02","admin2_code":"","admin3_code":"","admin4_code":"","population":"10295","elevation":"","dem":"1120","timezone":"Asia/Bishkek","modification_date":"2015-05-31"},{"geonameid":"1528675","name":"Bishkek","asciiname":"Bishkek","alternatenames":["Bichkek","Biscecum","Bischkek","Bishkek","Bishkek osh","Bisjkek","Biskek","Biskeka","Biskekas","Biskeko","Biskekʻ","Bisqeq","Bisqueque","Biszkek","Bixkek","Biŝkeko","Bişkek","Bişqeq","Biškek","Biškeka","Biškekas","Bișkek","Bîşkek","FRU","Frunze","Gorad Bishkek","Mpiskek","Pishkek","Pishpek","bi shen kai ke","bichkhek","bisakeka","bishukeku","biskek","biskeka","biskekk","bisyukekeu","bshkyk","byshkk","byshkyk","bysqq","picukkek","Μπισκέκ","Бишкек","Бишкек ош","Бішкек","Горад Бішкек","Բիշկեք","בישקעק","בישקק","بشکیک","بيشكك","بيشكيك","بيشکک","بیشکک","بیشکێک","बिश्केक","বিশকেক","ਬਿਸ਼ਕੇਕ","பிசுக்கெக்","ಬಿಷ್ಕೆಕ್","ബിഷ്കെക്ക്","บิชเคก","པི་སི་ཁེག","ბიშკეკი","ቢሽኬክ","ビシュケク","比什凯克","비슈케크"],"latitude":"42.87","longitude":"74.59","feature_class":"P","feature_code":"PPLC","country_code":"KG","cc2":"KG","admin1_code":"01","admin2_code":"","admin3_code":"","admin4_code":"","population":"900000","elevation":"","dem":"767","timezone":"Asia/Bishkek","modification_date":"2015-05-27"},{"geonameid":"1528717","name":"Bazar-Korgon","asciiname":"Bazar-Korgon","alternatenames":["Bazar","Bazar-Korgon","Базар-Коргон"],"latitude":"41.0376","longitude":"72.74586","feature_class":"P","feature_code":"PPLA2","country_code":"KG","cc2":"","admin1_code":"03","admin2_code":"","admin3_code":"","admin4_code":"","population":"27704","elevation":"","dem":"729","timezone":"Asia/Bishkek","modification_date":"2015-06-07"},{"geonameid":"1528735","name":"Batken","asciiname":"Batken","alternatenames":["Batken","Баткен"],"latitude":"40.06259","longitude":"70.81939","feature_class":"P","feature_code":"PPLA","country_code":"KG","cc2":"","admin1_code":"09","admin2_code":"","admin3_code":"","admin4_code":"","population":"10155","elevation":"","dem":"1038","timezone":"Asia/Bishkek","modification_date":"2012-08-04"},{"geonameid":"1528796","name":"At-Bashi","asciiname":"At-Bashi","alternatenames":["At-Bashi","At-Bashy","Ат-Баши","Ат-Башы"],"latitude":"41.16951","longitude":"75.80099","feature_class":"P","feature_code":"PPLA2","country_code":"KG","cc2":"","admin1_code":"04","admin2_code":"","admin3_code":"","admin4_code":"","population":"15226","elevation":"","dem":"2047","timezone":"Asia/Bishkek","modification_date":"2015-05-25"},{"geonameid":"1538648","name":"Toktogul","asciiname":"Toktogul","alternatenames":["Toktogul","Токтогул"],"latitude":"41.87442","longitude":"72.94192","feature_class":"P","feature_code":"PPLA2","country_code":"KG","cc2":"","admin1_code":"03","admin2_code":"","admin3_code":"","admin4_code":"","population":"19336","elevation":"988","dem":"987","timezone":"Asia/Bishkek","modification_date":"2015-05-26"},{"geonameid":"1222562","name":"Suluktu","asciiname":"Suluktu","alternatenames":["Seluka","Selukta","Suljukta","Sulyukta","Sүlүktү","Сулюкта","Сүлүктү"],"latitude":"39.93652","longitude":"69.56779","feature_class":"P","feature_code":"PPL","country_code":"KG","cc2":"","admin1_code":"09","admin2_code":"","admin3_code":"","admin4_code":"","population":"15019","elevation":"","dem":"1251","timezone":"Asia/Bishkek","modification_date":"2015-05-23"},{"geonameid":"1222662","name":"Isfana","asciiname":"Isfana","alternatenames":["Isfana","Isfina","aysfana  qrqyzstan","yi si fa na","yysfana","İsfana","Ісфана","Исфана","ئیسفانا","ایسفانا، قرقیزستان","伊斯法納"],"latitude":"39.83895","longitude":"69.5276","feature_class":"P","feature_code":"PPLA2","country_code":"KG","cc2":"","admin1_code":"09","admin2_code":"","admin3_code":"","admin4_code":"","population":"16952","elevation":"","dem":"1302","timezone":"Asia/Bishkek","modification_date":"2015-07-03"},{"geonameid":"1527004","name":"Balykchy","asciiname":"Balykchy","alternatenames":["Balykchi","Balykchy","Issyk-Kul'","Issyk-Kul’","Rybach'e","Rybach'ye","Rybach’e","Rybach’ye","Ysyk-Kol","Ysyk-Köl","Балыкчи","Рыбачье"],"latitude":"42.46017","longitude":"76.18709","feature_class":"P","feature_code":"PPL","country_code":"KG","cc2":"","admin1_code":"07","admin2_code":"","admin3_code":"","admin4_code":"","population":"40000","elevation":"","dem":"1641","timezone":"Asia/Bishkek","modification_date":"2015-06-07"},{"geonameid":"1527199","name":"Tokmok","asciiname":"Tokmok","alternatenames":["Tokmak","Tokmok","Токмак","Токмок"],"latitude":"42.84194","longitude":"75.30149","feature_class":"P","feature_code":"PPLA2","country_code":"KG","cc2":"","admin1_code":"02","admin2_code":"","admin3_code":"","admin4_code":"","population":"63047","elevation":"800","dem":"824","timezone":"Asia/Bishkek","modification_date":"2015-05-26"},{"geonameid":"1527260","name":"Tash-Kumyr","asciiname":"Tash-Kumyr","alternatenames":["Naryn","Tash-Komur","Tash-Kumyr","Tash-Kömür","Tashkumor","Tashkumör","Таш-Кумыр"],"latitude":"41.34612","longitude":"72.21707","feature_class":"P","feature_code":"PPL","country_code":"KG","cc2":"","admin1_code":"03","admin2_code":"","admin3_code":"","admin4_code":"","population":"23594","elevation":"","dem":"612","timezone":"Asia/Bishkek","modification_date":"2015-06-07"},{"geonameid":"1527299","name":"Talas","asciiname":"Talas","alternatenames":["Dmitriyevka","Dmitriyevskoye","Talas","Talass","Талас"],"latitude":"42.52277","longitude":"72.24274","feature_class":"P","feature_code":"PPLA","country_code":"KG","cc2":"","admin1_code":"06","admin2_code":"","admin3_code":"","admin4_code":"","population":"35172","elevation":"","dem":"1238","timezone":"Asia/Bishkek","modification_date":"2015-06-07"},{"geonameid":"1527497","name":"Kyzyl-Suu","asciiname":"Kyzyl-Suu","alternatenames":["Kyzyl-Suu","Leninskoye","Nov Pokrovka","Novo-Pokrovskoye","Pokrovka","Кызыл-Суу","Покровка"],"latitude":"42.34211","longitude":"78.00644","feature_class":"P","feature_code":"PPLA2","country_code":"KG","cc2":"","admin1_code":"07","admin2_code":"","admin3_code":"","admin4_code":"","population":"16927","elevation":"","dem":"1757","timezone":"Asia/Bishkek","modification_date":"2015-05-25"},{"geonameid":"1527513","name":"Uzgen","asciiname":"Uzgen","alternatenames":["Ozgon","Uzgen","Uzkend","Özgön","Узген"],"latitude":"40.76994","longitude":"73.30068","feature_class":"P","feature_code":"PPL","country_code":"KG","cc2":"","admin1_code":"08","admin2_code":"","admin3_code":"","admin4_code":"","population":"40360","elevation":"","dem":"1027","timezone":"Asia/Bishkek","modification_date":"2015-06-07"},{"geonameid":"1527534","name":"Osh","asciiname":"Osh","alternatenames":["Gorad Osh","O'sh","OSS","Och","Oix","Os","Osa","Osas","Osch","Osh","Osj","Osz","Ox","Oŝ","Oş","Oš","Oša","Ošas","Oʻsh","ao shen","awsh","osa","oshi","osi","xxch","Горад Ош","Ош","אוש","أوش","اوش","ओश","ออช","ოში","オシ","奧什","오시"],"latitude":"40.52828","longitude":"72.7985","feature_class":"P","feature_code":"PPLA","country_code":"KG","cc2":"","admin1_code":"08","admin2_code":"","admin3_code":"","admin4_code":"","population":"200000","elevation":"","dem":"988","timezone":"Asia/Bishkek","modification_date":"2015-06-04"},{"geonameid":"1527592","name":"Naryn","asciiname":"Naryn","alternatenames":["Naron","Naryn","Нарын"],"latitude":"41.42866","longitude":"75.99111","feature_class":"P","feature_code":"PPLA","country_code":"KG","cc2":"","admin1_code":"04","admin2_code":"","admin3_code":"","admin4_code":"","population":"52300","elevation":"","dem":"2048","timezone":"Asia/Bishkek","modification_date":"2015-06-07"},{"geonameid":"1527719","name":"Kyzyl-Kyya","asciiname":"Kyzyl-Kyya","alternatenames":["Kizol-Kiva","Kizyl-Kiya","Kizöl-Kiva","Kyzyl-Kija","Kyzyl-Kiya","Kyzyl-Kyja","Kyzyl-Kyya","Kzyl-Kiya","Кызыл-Кия","Кызыл-Кыя"],"latitude":"40.25684","longitude":"72.12793","feature_class":"P","feature_code":"PPL","country_code":"KG","cc2":"","admin1_code":"09","admin2_code":"","admin3_code":"","admin4_code":"","population":"32000","elevation":"","dem":"999","timezone":"Asia/Bishkek","modification_date":"2015-07-03"},{"geonameid":"1528091","name":"Kara Suu","asciiname":"Kara Suu","alternatenames":["Kara Suu","Kara-Su","Kara-Suu","Кара Суу","Кара-Суу"],"latitude":"40.7046","longitude":"72.86666","feature_class":"P","feature_code":"PPL","country_code":"KG","cc2":"","admin1_code":"08","admin2_code":"","admin3_code":"","admin4_code":"","population":"17800","elevation":"","dem":"744","timezone":"Asia/Bishkek","modification_date":"2015-06-07"},{"geonameid":"1528121","name":"Karakol","asciiname":"Karakol","alternatenames":["Gorad Karakol","Karakol","Karakolas","Karakoł","Karakul","Khargol","Prjeval'sk","Prjeval’sk","Przheval'sk","Przheval’sk","ka la ke er","kalakol","karakola","karakoru","kha ra khxl","qaraqwl  qrqyzstan","Горад Каракол","Каракол","Пржевальск","Харгол","Қарақол","قاراقول، قرقیزستان","قاراقۆل","काराकोल","คาราคอล","カラコル","卡拉科尔","카라콜"],"latitude":"42.49068","longitude":"78.39362","feature_class":"P","feature_code":"PPLA","country_code":"KG","cc2":"","admin1_code":"07","admin2_code":"","admin3_code":"","admin4_code":"","population":"70171","elevation":"","dem":"1751","timezone":"Asia/Bishkek","modification_date":"2015-06-07"},{"geonameid":"1528182","name":"Kara-Balta","asciiname":"Kara-Balta","alternatenames":["Imeni Mikoyana","Kara-Balta","Kara-Balty","Karabalto","Karabaltö","Кара-Балта"],"latitude":"42.81423","longitude":"73.84813","feature_class":"P","feature_code":"PPLA2","country_code":"KG","cc2":"","admin1_code":"02","admin2_code":"","admin3_code":"","admin4_code":"","population":"62796","elevation":"","dem":"789","timezone":"Asia/Bishkek","modification_date":"2015-05-25"},{"geonameid":"1528193","name":"Kant","asciiname":"Kant","alternatenames":["Kant","Кант"],"latitude":"42.89106","longitude":"74.85077","feature_class":"P","feature_code":"PPLA2","country_code":"KG","cc2":"","admin1_code":"02","admin2_code":"","admin3_code":"","admin4_code":"","population":"20181","elevation":"","dem":"743","timezone":"Asia/Bishkek","modification_date":"2015-06-07"},{"geonameid":"1528249","name":"Jalal-Abad","asciiname":"Jalal-Abad","alternatenames":["Celalabad","Djalalabad","Dschalalabat","Dzalal Abadas","Dzalal-Abad","Dzalalabad","Dzalalabat","Dzhalal Abad","Dzhalal-Abad","Dzjalal-Abad","Dzsalalabad","Dżalalabad","Džalal Abadas","Džalal-Abad","Džalalabat","Jalal-Abad","Jalalabat","Jalolobod","Zalalabad","Zalalabat","Zhalal-Abad","Zhalal-Abad shaary","gu la la ba de","jalalabada","jallal-abateu","jararabado","Ĵalalabat","Žalalabad","Žalalabat","Джалал Абад","Джалал-Абад","Жалал-Абад","Жалал-Абад шаары","جلال‌آباد، قرقیزستان","جەلالابات، قرغیزستان","जलालाबाद","ジャララバード","賈拉拉巴德","잘랄아바트"],"latitude":"40.93333","longitude":"73","feature_class":"P","feature_code":"PPLA","country_code":"KG","cc2":"KG","admin1_code":"03","admin2_code":"","admin3_code":"","admin4_code":"","population":"75700","elevation":"","dem":"772","timezone":"Asia/Bishkek","modification_date":"2015-06-07"},{"geonameid":"1528283","name":"Iradan","asciiname":"Iradan","alternatenames":["Iradan","Radinan","Ирадан"],"latitude":"40.26667","longitude":"72.1","feature_class":"P","feature_code":"PPL","country_code":"KG","cc2":"KG","admin1_code":"09","admin2_code":"","admin3_code":"","admin4_code":"","population":"26200","elevation":"","dem":"933","timezone":"Asia/Bishkek","modification_date":"2015-05-25"},{"geonameid":"1528512","name":"Cholpon-Ata","asciiname":"Cholpon-Ata","alternatenames":["Chalpan-Ata","Cholpon-Ata","Stanovishche Chalpan-Ata","Чолпон-Ата"],"latitude":"42.64944","longitude":"77.08225","feature_class":"P","feature_code":"PPLA2","country_code":"KG","cc2":"","admin1_code":"07","admin2_code":"","admin3_code":"","admin4_code":"","population":"18595","elevation":"","dem":"1630","timezone":"Asia/Bishkek","modification_date":"2015-06-07"},{"geonameid":"1528675","name":"Bishkek","asciiname":"Bishkek","alternatenames":["Bichkek","Biscecum","Bischkek","Bishkek","Bishkek osh","Bisjkek","Biskek","Biskeka","Biskekas","Biskeko","Biskekʻ","Bisqeq","Bisqueque","Biszkek","Bixkek","Biŝkeko","Bişkek","Bişqeq","Biškek","Biškeka","Biškekas","Bișkek","Bîşkek","FRU","Frunze","Gorad Bishkek","Mpiskek","Pishkek","Pishpek","bi shen kai ke","bichkhek","bisakeka","bishukeku","biskek","biskeka","biskekk","bisyukekeu","bshkyk","byshkk","byshkyk","bysqq","picukkek","Μπισκέκ","Бишкек","Бишкек ош","Бішкек","Горад Бішкек","Բիշկեք","בישקעק","בישקק","بشکیک","بيشكك","بيشكيك","بيشکک","بیشکک","بیشکێک","बिश्केक","বিশকেক","ਬਿਸ਼ਕੇਕ","பிசுக்கெக்","ಬಿಷ್ಕೆಕ್","ബിഷ്കെക്ക്","บิชเคก","པི་སི་ཁེག","ბიშკეკი","ቢሽኬክ","ビシュケク","比什凯克","비슈케크"],"latitude":"42.87","longitude":"74.59","feature_class":"P","feature_code":"PPLC","country_code":"KG","cc2":"KG","admin1_code":"01","admin2_code":"","admin3_code":"","admin4_code":"","population":"900000","elevation":"","dem":"767","timezone":"Asia/Bishkek","modification_date":"2015-05-27"},{"geonameid":"1528717","name":"Bazar-Korgon","asciiname":"Bazar-Korgon","alternatenames":["Bazar","Bazar-Korgon","Базар-Коргон"],"latitude":"41.0376","longitude":"72.74586","feature_class":"P","feature_code":"PPLA2","country_code":"KG","cc2":"","admin1_code":"03","admin2_code":"","admin3_code":"","admin4_code":"","population":"27704","elevation":"","dem":"729","timezone":"Asia/Bishkek","modification_date":"2015-06-07"},{"geonameid":"1528796","name":"At-Bashi","asciiname":"At-Bashi","alternatenames":["At-Bashi","At-Bashy","Ат-Баши","Ат-Башы"],"latitude":"41.16951","longitude":"75.80099","feature_class":"P","feature_code":"PPLA2","country_code":"KG","cc2":"","admin1_code":"04","admin2_code":"","admin3_code":"","admin4_code":"","population":"15226","elevation":"","dem":"2047","timezone":"Asia/Bishkek","modification_date":"2015-05-25"},{"geonameid":"1538648","name":"Toktogul","asciiname":"Toktogul","alternatenames":["Toktogul","Токтогул"],"latitude":"41.87442","longitude":"72.94192","feature_class":"P","feature_code":"PPLA2","country_code":"KG","cc2":"","admin1_code":"03","admin2_code":"","admin3_code":"","admin4_code":"","population":"19336","elevation":"988","dem":"987","timezone":"Asia/Bishkek","modification_date":"2015-05-26"}]}