{"country_data":{"ISO":"LA","ISO3":"LAO","ISO_Numeric":"418","fips":"LA","country":"Laos","capital":"Vientiane","area":"236800","Population":"6368162","Continent":"AS","tld":".la","CurrencyCode":"LAK","CurrencyName":"Kip","Phone":"856","Postal_Code_Format":"#####","Postal_Code_Regex":"^(\\d{5})$","Languages":"lo,fr,en","geonameid":"1655842","neighbours":"CN,MM,KH,TH,VN","EquivalentFipsCode":""},"cities":[{"geonameid":"1651944","name":"Vientiane","asciiname":"Vientiane","alternatenames":["Bientian","Fanhyiengh","Gorad Venc'jan","Nakhon Viangchan","V'ent'jan","VTE","Vent'jan","Ventjan","Vianchan","Viang chan","Viangchan","Vien Can","Vien Chang","Vienciana","Vieng Chan","Vieng-Caen","Vieng-Chan","Vieng-Cæn","Viengchan","Viengtjan","Vientane","Vientian","Vientianas","Vientiane","Vientijan","Vientián","Vientjan","Vijentijan","Viêng Chăn","Vjencana","Vjentiano","Vjenčana","Vyantyan","Vyantyàn","Vyentyan","Wei-t'ien","Wei-t’ien","Wiang Chan","Wiangcan","Wien Tsjan","Wientian","Wiën Tsjan","Wyentyan","Wyéntyan","bhiyenatiyena","bientian","fyyntyan","vhi'antiyana","vi'anga cana","viyancan","viyen tiyen","vu~ienchan","vu~ienchan shi","wan xiang","weiyngcanthn","wyntyan","yong zhen","Βιεντιάν","Вентян","Виентијан","Виентян","Вијентијан","Вьентьян","Вєнтьян","Горад Венцьян","Վյենտյան","ויינטיאן","فيينتيان","وینتیان","ڤیێنتیان","व्हिआंतियान","ভিয়েনতিয়েন","ਵਿਆਂਗ ਚਾਨ","வியஞ்சான்","ವಿಯೆನ್ ಟಿಯೇನ್","വിയന്റിയൻ","เวียงจันทน์","ວຽງຈນ","ວຽງຈັນ","ཝིན་ཆིའང་","ვიენტიანი","ቭየንትዬን","ヴィエンチャン","ヴィエンチャン市","万象","永珍","비엔티안"],"latitude":"17.96667","longitude":"102.6","feature_class":"P","feature_code":"PPLC","country_code":"LA","cc2":"","admin1_code":"24","admin2_code":"","admin3_code":"","admin4_code":"","population":"196731","elevation":"","dem":"174","timezone":"Asia/Vientiane","modification_date":"2012-01-17"},{"geonameid":"1652203","name":"Xam Nua","asciiname":"Xam Nua","alternatenames":["Muang Sam","Sammeua","Samnua","Xam Nua"],"latitude":"20.41591","longitude":"104.04838","feature_class":"P","feature_code":"PPLA","country_code":"LA","cc2":"","admin1_code":"03","admin2_code":"","admin3_code":"","admin4_code":"","population":"38992","elevation":"","dem":"956","timezone":"Asia/Vientiane","modification_date":"2012-11-08"},{"geonameid":"1653316","name":"Savannakhét","asciiname":"Savannakhet","alternatenames":["Khwaeng Savannakhet","Khwaeng_Savannakhet","Muang Savannaket","Savannaket","Savannakhet","Savannakhét","Savannakkhet","Suvannakhet","Suwanakhet","Svannakhet","Svannakhét","sawan'naketo xian","Саваннакхет","แขวงสะหวันนะเขต","サワンナケート県"],"latitude":"16.56505","longitude":"104.75273","feature_class":"P","feature_code":"PPLA","country_code":"LA","cc2":"","admin1_code":"20","admin2_code":"","admin3_code":"","admin4_code":"","population":"66553","elevation":"","dem":"142","timezone":"Asia/Vientiane","modification_date":"2013-01-10"},{"geonameid":"1653334","name":"Salavan","asciiname":"Salavan","alternatenames":["Muang Saravane","Salavan","Saravan","Saravane","Sarawan"],"latitude":"15.71677","longitude":"106.42172","feature_class":"P","feature_code":"PPLA","country_code":"LA","cc2":"","admin1_code":"19","admin2_code":"","admin3_code":"","admin4_code":"","population":"5521","elevation":"","dem":"184","timezone":"Asia/Vientiane","modification_date":"2013-01-10"},{"geonameid":"1653894","name":"Phôngsali","asciiname":"Phongsali","alternatenames":["Fong Sali","Muong Hou","Phong Saly","Phongsali","Phôngsali"],"latitude":"21.68372","longitude":"102.10536","feature_class":"P","feature_code":"PPLA","country_code":"LA","cc2":"","admin1_code":"18","admin2_code":"","admin3_code":"","admin4_code":"","population":"13500","elevation":"","dem":"1423","timezone":"Asia/Vientiane","modification_date":"2012-11-08"},{"geonameid":"1654379","name":"Pakxé","asciiname":"Pakxe","alternatenames":["Pakse","Paksé","Pakxe","Pakxé"],"latitude":"15.12022","longitude":"105.79898","feature_class":"P","feature_code":"PPLA","country_code":"LA","cc2":"","admin1_code":"02","admin2_code":"","admin3_code":"","admin4_code":"","population":"88332","elevation":"","dem":"105","timezone":"Asia/Vientiane","modification_date":"2013-01-10"},{"geonameid":"1655078","name":"Muang Xay","asciiname":"Muang Xay","alternatenames":["Mouang Sai","Muang Xai","Muang Xay","Muangsaj","Muong Sai","ODY","Oudomsay","Udomxai","Муангсай"],"latitude":"20.69229","longitude":"101.98368","feature_class":"P","feature_code":"PPLA","country_code":"LA","cc2":"LA","admin1_code":"07","admin2_code":"","admin3_code":"","admin4_code":"","population":"25000","elevation":"","dem":"652","timezone":"Asia/Vientiane","modification_date":"2012-12-15"},{"geonameid":"1655084","name":"Sainyabuli","asciiname":"Sainyabuli","alternatenames":["Ban Samaboury","Khwaeng Sainyabuli","Muang Xaignabouri","Muong Samaboury","Muong Sayaboury","Sainyabuli","Sajnjabuli","Saniabouri","Sayaboury","Xaignabouli","Xayaboury","Xayaburi","Xayabury","ZBY","Сайнябули"],"latitude":"19.25756","longitude":"101.71032","feature_class":"P","feature_code":"PPLA","country_code":"LA","cc2":"","admin1_code":"13","admin2_code":"","admin3_code":"","admin4_code":"","population":"13500","elevation":"","dem":"292","timezone":"Asia/Vientiane","modification_date":"2014-04-19"},{"geonameid":"1655087","name":"Vangviang","asciiname":"Vangviang","alternatenames":["Muang Vangviang","Vang V'eng","Vang Vieng","Vangviang","Viangviang","Ванг Вьенг"],"latitude":"18.9235","longitude":"102.44784","feature_class":"P","feature_code":"PPL","country_code":"LA","cc2":"","admin1_code":"27","admin2_code":"","admin3_code":"","admin4_code":"","population":"25000","elevation":"","dem":"243","timezone":"Asia/Vientiane","modification_date":"2012-10-06"},{"geonameid":"1655123","name":"Muang Phônsavan","asciiname":"Muang Phonsavan","alternatenames":["Muang Phonsavan","Muang Phônsavan","Phone Savan","Phong Savan","Phonsavan","Phônsavan","ໂພນສະຫວນ","ໂພນສະຫວັນ"],"latitude":"19.45","longitude":"103.21667","feature_class":"P","feature_code":"PPLA","country_code":"LA","cc2":"","admin1_code":"14","admin2_code":"","admin3_code":"","admin4_code":"","population":"37507","elevation":"","dem":"1129","timezone":"Asia/Vientiane","modification_date":"2013-08-04"},{"geonameid":"1655124","name":"Muang Phôn-Hông","asciiname":"Muang Phon-Hong","alternatenames":["Ban Phon Hong","Ban Phong Hong","Muang Phon-Hong","Muang Phone","Muang Phone Hong","Muang Phôn-Hông","Phone Hong","Phong Hong","Phonhong"],"latitude":"18.49565","longitude":"102.41421","feature_class":"P","feature_code":"PPLA","country_code":"LA","cc2":"","admin1_code":"27","admin2_code":"","admin3_code":"","admin4_code":"","population":"10112","elevation":"","dem":"200","timezone":"Asia/Vientiane","modification_date":"2012-10-06"},{"geonameid":"1655140","name":"Muang Pakxan","asciiname":"Muang Pakxan","alternatenames":["Muang Pakxan","Paksan","Paksane","Pakxan"],"latitude":"18.38261","longitude":"103.65857","feature_class":"P","feature_code":"PPLA","country_code":"LA","cc2":"","admin1_code":"23","admin2_code":"","admin3_code":"","admin4_code":"","population":"21967","elevation":"","dem":"162","timezone":"Asia/Vientiane","modification_date":"2012-10-06"},{"geonameid":"1655192","name":"Không","asciiname":"Khong","alternatenames":["Khon","Khong","Không","Muang Khong","Muang Không","Muong Khong"],"latitude":"14.11726","longitude":"105.85322","feature_class":"P","feature_code":"PPLA2","country_code":"LA","cc2":"","admin1_code":"02","admin2_code":"","admin3_code":"","admin4_code":"","population":"15000","elevation":"","dem":"97","timezone":"Asia/Vientiane","modification_date":"2015-06-25"},{"geonameid":"1655199","name":"Thakhèk","asciiname":"Thakhek","alternatenames":["Khammouane","Muang Khammouan","Muang Thakek","Tha Khaek","Thakhek","Thakhet","Thakhok","Thakhèk"],"latitude":"17.41027","longitude":"104.83068","feature_class":"P","feature_code":"PPLA","country_code":"LA","cc2":"","admin1_code":"15","admin2_code":"","admin3_code":"","admin4_code":"","population":"26200","elevation":"","dem":"176","timezone":"Asia/Vientiane","modification_date":"2010-08-21"},{"geonameid":"1655559","name":"Louangphabang","asciiname":"Louangphabang","alternatenames":["Louang Prabang","Louangphabang","Louangphrabang","Luan Praban","Luang Phrabang","Luang Prabang","Luangpkhabang","Luangprabang","hlwng phra bang","lang bo la bang","ruanpaban jun","Луангпхабанг","หลวงพระบาง","ຫລວງພະບາງ","ルアンパバーン郡","琅勃拉邦"],"latitude":"19.88601","longitude":"102.13503","feature_class":"P","feature_code":"PPLA","country_code":"LA","cc2":"","admin1_code":"17","admin2_code":"","admin3_code":"","admin4_code":"","population":"47378","elevation":"","dem":"300","timezone":"Asia/Vientiane","modification_date":"2014-05-29"},{"geonameid":"1655562","name":"Louang Namtha","asciiname":"Louang Namtha","alternatenames":["Khong Luong Nam Tha","Louang Namtha","Loung Nam Tha","Luong Nam Tha","Muang Luong Nam Tha","Muong Long Nam Tha","Muong Luong","Muong Luong Nam Ta","Muong Luong Nam Tha","Nam Tha"],"latitude":"20.9486","longitude":"101.40188","feature_class":"P","feature_code":"PPLA","country_code":"LA","cc2":"","admin1_code":"16","admin2_code":"","admin3_code":"","admin4_code":"","population":"3225","elevation":"","dem":"551","timezone":"Asia/Vientiane","modification_date":"2012-08-04"},{"geonameid":"1657819","name":"Champasak","asciiname":"Champasak","alternatenames":["Basak","Bassac","Bassak","Champasak","Champassac","Champassak","Чампасак"],"latitude":"14.89162","longitude":"105.87818","feature_class":"P","feature_code":"PPL","country_code":"LA","cc2":"","admin1_code":"02","admin2_code":"","admin3_code":"","admin4_code":"","population":"12994","elevation":"","dem":"104","timezone":"Asia/Vientiane","modification_date":"2013-01-10"},{"geonameid":"1659990","name":"Lamam","asciiname":"Lamam","alternatenames":["Ban Phon","Ban Phone","Ban Phôn","Lamam","Lamarm","Phone"],"latitude":"15.41705","longitude":"106.69461","feature_class":"P","feature_code":"PPLA","country_code":"LA","cc2":"","admin1_code":"26","admin2_code":"","admin3_code":"","admin4_code":"","population":"4463","elevation":"","dem":"199","timezone":"Asia/Vientiane","modification_date":"2013-01-10"},{"geonameid":"1663526","name":"Ban Houayxay","asciiname":"Ban Houayxay","alternatenames":["Ban Houayxai","Ban Houayxay","Ban Houei Sai","Ban Huei Sai","Ban Hueu Sai","Ban Hwei Sai","Fort Carnot","Houayxay","Houei Sai","Hovei Sai","Huoei Sai","Van Houei Sai"],"latitude":"20.27652","longitude":"100.41302","feature_class":"P","feature_code":"PPLA","country_code":"LA","cc2":"","admin1_code":"22","admin2_code":"","admin3_code":"","admin4_code":"","population":"12500","elevation":"","dem":"387","timezone":"Asia/Vientiane","modification_date":"2012-08-04"},{"geonameid":"1665046","name":"Attapu","asciiname":"Attapu","alternatenames":["Atpu","Attapeu","Attapu","Attopeu","Muang Mai","Muang Samakhixai","Muong Attopeu","attapu xian","アッタプー県"],"latitude":"14.81071","longitude":"106.83184","feature_class":"P","feature_code":"PPLA","country_code":"LA","cc2":"","admin1_code":"01","admin2_code":"","admin3_code":"","admin4_code":"","population":"4297","elevation":"","dem":"100","timezone":"Asia/Vientiane","modification_date":"2013-01-10"},{"geonameid":"1904391","name":"Ban Houakhoua","asciiname":"Ban Houakhoua","alternatenames":["Ban  Khojjaksjau","Ban Houakhoua","Ban Houayxay","Бан  Хойяксяу"],"latitude":"20.2467","longitude":"100.45401","feature_class":"P","feature_code":"PPL","country_code":"LA","cc2":"","admin1_code":"22","admin2_code":"","admin3_code":"","admin4_code":"","population":"15500","elevation":"","dem":"361","timezone":"Asia/Vientiane","modification_date":"2013-08-13"},{"geonameid":"1952156","name":"Phonsavan","asciiname":"Phonsavan","alternatenames":["Phonsavan","Pkhonsavan","Ponsavanas","XKH","feng sha wan","phon swrrkh","ponsawan jun","Пхонсаван","โพนสวรรค์","ໂພນສະຫວນ","ໂພນສະຫວັນ","ポーンサワン郡","豐沙灣"],"latitude":"19.45907","longitude":"103.17999","feature_class":"P","feature_code":"PPL","country_code":"LA","cc2":"","admin1_code":"14","admin2_code":"","admin3_code":"","admin4_code":"","population":"37507","elevation":"","dem":"1086","timezone":"Asia/Vientiane","modification_date":"2013-12-01"},{"geonameid":"1651944","name":"Vientiane","asciiname":"Vientiane","alternatenames":["Bientian","Fanhyiengh","Gorad Venc'jan","Nakhon Viangchan","V'ent'jan","VTE","Vent'jan","Ventjan","Vianchan","Viang chan","Viangchan","Vien Can","Vien Chang","Vienciana","Vieng Chan","Vieng-Caen","Vieng-Chan","Vieng-Cæn","Viengchan","Viengtjan","Vientane","Vientian","Vientianas","Vientiane","Vientijan","Vientián","Vientjan","Vijentijan","Viêng Chăn","Vjencana","Vjentiano","Vjenčana","Vyantyan","Vyantyàn","Vyentyan","Wei-t'ien","Wei-t’ien","Wiang Chan","Wiangcan","Wien Tsjan","Wientian","Wiën Tsjan","Wyentyan","Wyéntyan","bhiyenatiyena","bientian","fyyntyan","vhi'antiyana","vi'anga cana","viyancan","viyen tiyen","vu~ienchan","vu~ienchan shi","wan xiang","weiyngcanthn","wyntyan","yong zhen","Βιεντιάν","Вентян","Виентијан","Виентян","Вијентијан","Вьентьян","Вєнтьян","Горад Венцьян","Վյենտյան","ויינטיאן","فيينتيان","وینتیان","ڤیێنتیان","व्हिआंतियान","ভিয়েনতিয়েন","ਵਿਆਂਗ ਚਾਨ","வியஞ்சான்","ವಿಯೆನ್ ಟಿಯೇನ್","വിയന്റിയൻ","เวียงจันทน์","ວຽງຈນ","ວຽງຈັນ","ཝིན་ཆིའང་","ვიენტიანი","ቭየንትዬን","ヴィエンチャン","ヴィエンチャン市","万象","永珍","비엔티안"],"latitude":"17.96667","longitude":"102.6","feature_class":"P","feature_code":"PPLC","country_code":"LA","cc2":"","admin1_code":"24","admin2_code":"","admin3_code":"","admin4_code":"","population":"196731","elevation":"","dem":"174","timezone":"Asia/Vientiane","modification_date":"2012-01-17"},{"geonameid":"1652203","name":"Xam Nua","asciiname":"Xam Nua","alternatenames":["Muang Sam","Sammeua","Samnua","Xam Nua"],"latitude":"20.41591","longitude":"104.04838","feature_class":"P","feature_code":"PPLA","country_code":"LA","cc2":"","admin1_code":"03","admin2_code":"","admin3_code":"","admin4_code":"","population":"38992","elevation":"","dem":"956","timezone":"Asia/Vientiane","modification_date":"2012-11-08"},{"geonameid":"1653316","name":"Savannakhét","asciiname":"Savannakhet","alternatenames":["Khwaeng Savannakhet","Khwaeng_Savannakhet","Muang Savannaket","Savannaket","Savannakhet","Savannakhét","Savannakkhet","Suvannakhet","Suwanakhet","Svannakhet","Svannakhét","sawan'naketo xian","Саваннакхет","แขวงสะหวันนะเขต","サワンナケート県"],"latitude":"16.56505","longitude":"104.75273","feature_class":"P","feature_code":"PPLA","country_code":"LA","cc2":"","admin1_code":"20","admin2_code":"","admin3_code":"","admin4_code":"","population":"66553","elevation":"","dem":"142","timezone":"Asia/Vientiane","modification_date":"2013-01-10"},{"geonameid":"1654379","name":"Pakxé","asciiname":"Pakxe","alternatenames":["Pakse","Paksé","Pakxe","Pakxé"],"latitude":"15.12022","longitude":"105.79898","feature_class":"P","feature_code":"PPLA","country_code":"LA","cc2":"","admin1_code":"02","admin2_code":"","admin3_code":"","admin4_code":"","population":"88332","elevation":"","dem":"105","timezone":"Asia/Vientiane","modification_date":"2013-01-10"},{"geonameid":"1655078","name":"Muang Xay","asciiname":"Muang Xay","alternatenames":["Mouang Sai","Muang Xai","Muang Xay","Muangsaj","Muong Sai","ODY","Oudomsay","Udomxai","Муангсай"],"latitude":"20.69229","longitude":"101.98368","feature_class":"P","feature_code":"PPLA","country_code":"LA","cc2":"LA","admin1_code":"07","admin2_code":"","admin3_code":"","admin4_code":"","population":"25000","elevation":"","dem":"652","timezone":"Asia/Vientiane","modification_date":"2012-12-15"},{"geonameid":"1655087","name":"Vangviang","asciiname":"Vangviang","alternatenames":["Muang Vangviang","Vang V'eng","Vang Vieng","Vangviang","Viangviang","Ванг Вьенг"],"latitude":"18.9235","longitude":"102.44784","feature_class":"P","feature_code":"PPL","country_code":"LA","cc2":"","admin1_code":"27","admin2_code":"","admin3_code":"","admin4_code":"","population":"25000","elevation":"","dem":"243","timezone":"Asia/Vientiane","modification_date":"2012-10-06"},{"geonameid":"1655123","name":"Muang Phônsavan","asciiname":"Muang Phonsavan","alternatenames":["Muang Phonsavan","Muang Phônsavan","Phone Savan","Phong Savan","Phonsavan","Phônsavan","ໂພນສະຫວນ","ໂພນສະຫວັນ"],"latitude":"19.45","longitude":"103.21667","feature_class":"P","feature_code":"PPLA","country_code":"LA","cc2":"","admin1_code":"14","admin2_code":"","admin3_code":"","admin4_code":"","population":"37507","elevation":"","dem":"1129","timezone":"Asia/Vientiane","modification_date":"2013-08-04"},{"geonameid":"1655140","name":"Muang Pakxan","asciiname":"Muang Pakxan","alternatenames":["Muang Pakxan","Paksan","Paksane","Pakxan"],"latitude":"18.38261","longitude":"103.65857","feature_class":"P","feature_code":"PPLA","country_code":"LA","cc2":"","admin1_code":"23","admin2_code":"","admin3_code":"","admin4_code":"","population":"21967","elevation":"","dem":"162","timezone":"Asia/Vientiane","modification_date":"2012-10-06"},{"geonameid":"1655199","name":"Thakhèk","asciiname":"Thakhek","alternatenames":["Khammouane","Muang Khammouan","Muang Thakek","Tha Khaek","Thakhek","Thakhet","Thakhok","Thakhèk"],"latitude":"17.41027","longitude":"104.83068","feature_class":"P","feature_code":"PPLA","country_code":"LA","cc2":"","admin1_code":"15","admin2_code":"","admin3_code":"","admin4_code":"","population":"26200","elevation":"","dem":"176","timezone":"Asia/Vientiane","modification_date":"2010-08-21"},{"geonameid":"1655559","name":"Louangphabang","asciiname":"Louangphabang","alternatenames":["Louang Prabang","Louangphabang","Louangphrabang","Luan Praban","Luang Phrabang","Luang Prabang","Luangpkhabang","Luangprabang","hlwng phra bang","lang bo la bang","ruanpaban jun","Луангпхабанг","หลวงพระบาง","ຫລວງພະບາງ","ルアンパバーン郡","琅勃拉邦"],"latitude":"19.88601","longitude":"102.13503","feature_class":"P","feature_code":"PPLA","country_code":"LA","cc2":"","admin1_code":"17","admin2_code":"","admin3_code":"","admin4_code":"","population":"47378","elevation":"","dem":"300","timezone":"Asia/Vientiane","modification_date":"2014-05-29"},{"geonameid":"1904391","name":"Ban Houakhoua","asciiname":"Ban Houakhoua","alternatenames":["Ban  Khojjaksjau","Ban Houakhoua","Ban Houayxay","Бан  Хойяксяу"],"latitude":"20.2467","longitude":"100.45401","feature_class":"P","feature_code":"PPL","country_code":"LA","cc2":"","admin1_code":"22","admin2_code":"","admin3_code":"","admin4_code":"","population":"15500","elevation":"","dem":"361","timezone":"Asia/Vientiane","modification_date":"2013-08-13"},{"geonameid":"1952156","name":"Phonsavan","asciiname":"Phonsavan","alternatenames":["Phonsavan","Pkhonsavan","Ponsavanas","XKH","feng sha wan","phon swrrkh","ponsawan jun","Пхонсаван","โพนสวรรค์","ໂພນສະຫວນ","ໂພນສະຫວັນ","ポーンサワン郡","豐沙灣"],"latitude":"19.45907","longitude":"103.17999","feature_class":"P","feature_code":"PPL","country_code":"LA","cc2":"","admin1_code":"14","admin2_code":"","admin3_code":"","admin4_code":"","population":"37507","elevation":"","dem":"1086","timezone":"Asia/Vientiane","modification_date":"2013-12-01"}]}