{"country_data":{"ISO":"LV","ISO3":"LVA","ISO_Numeric":"428","fips":"LG","country":"Latvia","capital":"Riga","area":"64589","Population":"2217969","Continent":"EU","tld":".lv","CurrencyCode":"EUR","CurrencyName":"Euro","Phone":"371","Postal_Code_Format":"LV-####","Postal_Code_Regex":"^(?:LV)*(\\d{4})$","Languages":"lv,ru,lt","geonameid":"458258","neighbours":"LT,EE,BY,RU","EquivalentFipsCode":""},"cities":[{"geonameid":"453754","name":"Valmiera","asciiname":"Valmiera","alternatenames":["Gorad Valmiera","Valmeena","Valmeera","Valmeira","Valmera","Valmiera","Valmieras","Valmijera","Valmėira","Vol'mar","Wolmar","almyra","balmiela","valamira","valmiera","vu~arumiera","wa er mi ye la","wlmyrh","Валмиера","Валмијера","Валмієра","Горад Валміера","ולמירה","الميرا","ਵਾਲਮੀਰਾ","ვალმიერა","ヴァルミエラ","瓦爾米耶拉","발미에라"],"latitude":"57.54108","longitude":"25.42751","feature_class":"P","feature_code":"PPLA","country_code":"LV","cc2":"","admin1_code":"31","admin2_code":"","admin3_code":"","admin4_code":"","population":"26963","elevation":"45","dem":"43","timezone":"Europe/Riga","modification_date":"2013-08-28"},{"geonameid":"453850","name":"Zilupe","asciiname":"Zilupe","alternatenames":["Zilupe","Zilupes","Ziluppe","Зилупе"],"latitude":"56.38616","longitude":"28.12165","feature_class":"P","feature_code":"PPLA","country_code":"LV","cc2":"","admin1_code":"E9","admin2_code":"","admin3_code":"","admin4_code":"","population":"1897","elevation":"","dem":"124","timezone":"Europe/Riga","modification_date":"2014-06-27"},{"geonameid":"453922","name":"Zelmeņi","asciiname":"Zelmeni","alternatenames":["Bites","Sovkhoz Brivays-Tsel'sh","Sovkhoz Brivays-Tsel’sh","Zelmeni","Zelmeņi"],"latitude":"56.45167","longitude":"23.35194","feature_class":"P","feature_code":"PPLA","country_code":"LV","cc2":"","admin1_code":"D5","admin2_code":"","admin3_code":"","admin4_code":"","population":"0","elevation":"","dem":"51","timezone":"Europe/Riga","modification_date":"2013-06-30"},{"geonameid":"454130","name":"Viļaka","asciiname":"Vilaka","alternatenames":["Vilaka","Viljaka","Vilyaka","Viļaka","Виляка"],"latitude":"57.18458","longitude":"27.6722","feature_class":"P","feature_code":"PPLA","country_code":"LV","cc2":"","admin1_code":"E7","admin2_code":"","admin3_code":"","admin4_code":"","population":"1525","elevation":"","dem":"97","timezone":"Europe/Riga","modification_date":"2014-06-27"},{"geonameid":"454178","name":"Viļāni","asciiname":"Vilani","alternatenames":["Veleny","Vilani","Vilany","Vileni","Viljani","Viljany","Vilyane","Vilyani","Vilyany","Vilēni","Viļāni","Weleny","Виляны"],"latitude":"56.55253","longitude":"26.92449","feature_class":"P","feature_code":"PPLA","country_code":"LV","cc2":"","admin1_code":"E8","admin2_code":"","admin3_code":"","admin4_code":"","population":"3934","elevation":"","dem":"116","timezone":"Europe/Riga","modification_date":"2014-06-26"},{"geonameid":"454216","name":"Viesīte","asciiname":"Viesite","alternatenames":["Eckengrafen","Vesite","Viesite","Viesīte","Viyesite","Виесите"],"latitude":"56.34751","longitude":"25.55514","feature_class":"P","feature_code":"PPLA","country_code":"LV","cc2":"","admin1_code":"E6","admin2_code":"","admin3_code":"","admin4_code":"","population":"2162","elevation":"","dem":"117","timezone":"Europe/Riga","modification_date":"2014-06-27"},{"geonameid":"454273","name":"Vecumnieki","asciiname":"Vecumnieki","alternatenames":["Vecmuiza","Vecmuiža","Vecumnieki","Vetsmuizha","Vetsumneki","Vetsumniyeki","Вецумниеки"],"latitude":"56.60639","longitude":"24.52222","feature_class":"P","feature_code":"PPLA","country_code":"LV","cc2":"","admin1_code":"E4","admin2_code":"","admin3_code":"","admin4_code":"","population":"2487","elevation":"35","dem":"35","timezone":"Europe/Riga","modification_date":"2012-02-28"},{"geonameid":"454310","name":"Ventspils","asciiname":"Ventspils","alternatenames":["VNT","Ventspilis","Ventspils","Vindau","Vindava","Wentspils","Windau","Вентспилс"],"latitude":"57.38944","longitude":"21.56056","feature_class":"P","feature_code":"PPLA","country_code":"LV","cc2":"","admin1_code":"32","admin2_code":"","admin3_code":"","admin4_code":"","population":"42644","elevation":"","dem":"11","timezone":"Europe/Riga","modification_date":"2015-03-31"},{"geonameid":"454372","name":"Vecvārkava","asciiname":"Vecvarkava","alternatenames":["Varkava","Varkava II","Vecvarkava","Vecvārkava","Vārkava","Варкава"],"latitude":"56.18333","longitude":"26.51667","feature_class":"P","feature_code":"PPLA","country_code":"LV","cc2":"","admin1_code":"E2","admin2_code":"","admin3_code":"","admin4_code":"","population":"0","elevation":"","dem":"96","timezone":"Europe/Riga","modification_date":"2012-01-16"},{"geonameid":"454408","name":"Vecpiebalga","asciiname":"Vecpiebalga","alternatenames":["Myza Vetspiebalgas","Vecpiebalga","Vecpiebalgas Muiza","Vecpiebalgas Muiža","Vetspiyebalga"],"latitude":"57.0609","longitude":"25.81624","feature_class":"P","feature_code":"PPLA","country_code":"LV","cc2":"","admin1_code":"E3","admin2_code":"","admin3_code":"","admin4_code":"","population":"596","elevation":"","dem":"212","timezone":"Europe/Riga","modification_date":"2013-08-04"},{"geonameid":"454432","name":"Vec-Liepāja","asciiname":"Vec-Liepaja","alternatenames":["Old Libau","Old Liepaja","Old Liepāja","Staraya Libava","Vec-Liepaja","Vec-Liepāja"],"latitude":"56.53333","longitude":"21.01667","feature_class":"P","feature_code":"PPLX","country_code":"LV","cc2":"","admin1_code":"16","admin2_code":"","admin3_code":"","admin4_code":"","population":"85260","elevation":"","dem":"6","timezone":"Europe/Riga","modification_date":"2012-01-16"},{"geonameid":"454530","name":"Varakļāni","asciiname":"Varaklani","alternatenames":["Varaklani","Varakljany","Varaklyany","Varakļāni","Varklyane","Warkland","Warklany","Варакляны"],"latitude":"56.60826","longitude":"26.75377","feature_class":"P","feature_code":"PPLA","country_code":"LV","cc2":"","admin1_code":"E1","admin2_code":"","admin3_code":"","admin4_code":"","population":"2106","elevation":"","dem":"100","timezone":"Europe/Riga","modification_date":"2014-06-26"},{"geonameid":"454572","name":"Valka","asciiname":"Valka","alternatenames":["Gorad Valka","Valga","Valk","Valka","Valkas","Walk","balka","valaka","vu~aruka","wa er ka","Βάλκα","Валка","Горад Валка","ਵਾਲਕਾ","ヴァルカ","瓦爾卡","발카"],"latitude":"57.7752","longitude":"26.01013","feature_class":"P","feature_code":"PPLA","country_code":"LV","cc2":"","admin1_code":"30","admin2_code":"","admin3_code":"","admin4_code":"","population":"6589","elevation":"","dem":"53","timezone":"Europe/Riga","modification_date":"2013-07-07"},{"geonameid":"454602","name":"Vaiņode","asciiname":"Vainode","alternatenames":["Vain'ody","Vainode","Vainodes","Vain’ody","Vaiņode","Vaiņodes","Vaynede","Vaynëde"],"latitude":"56.43333","longitude":"21.86667","feature_class":"P","feature_code":"PPLA","country_code":"LV","cc2":"","admin1_code":"D7","admin2_code":"","admin3_code":"","admin4_code":"","population":"0","elevation":"","dem":"158","timezone":"Europe/Riga","modification_date":"2012-01-16"},{"geonameid":"454714","name":"Ulbroka","asciiname":"Ulbroka","alternatenames":["Sarkanmuiza","Sarkanmuiža","Ulbroka","Ulbroke"],"latitude":"56.94111","longitude":"24.28972","feature_class":"P","feature_code":"PPLA","country_code":"LV","cc2":"","admin1_code":"D2","admin2_code":"","admin3_code":"","admin4_code":"","population":"2800","elevation":"","dem":"10","timezone":"Europe/Riga","modification_date":"2012-01-16"},{"geonameid":"454768","name":"Tukums","asciiname":"Tukums","alternatenames":["Tukkum","Tukum","Tukumas","Tukumes","Tukums","Tukumės","to~ukumusu","tu ku mu si","tukumseu","Тукумс","トゥクムス","圖庫姆斯","투쿰스"],"latitude":"56.96694","longitude":"23.15528","feature_class":"P","feature_code":"PPLA","country_code":"LV","cc2":"","admin1_code":"29","admin2_code":"","admin3_code":"","admin4_code":"","population":"18348","elevation":"","dem":"63","timezone":"Europe/Riga","modification_date":"2012-01-16"},{"geonameid":"454970","name":"Talsi","asciiname":"Talsi","alternatenames":["Talsai","Talsen","Talsi","Talsy","Telsy","Талси"],"latitude":"57.24562","longitude":"22.58137","feature_class":"P","feature_code":"PPLA","country_code":"LV","cc2":"","admin1_code":"28","admin2_code":"","admin3_code":"","admin4_code":"","population":"12022","elevation":"","dem":"76","timezone":"Europe/Riga","modification_date":"2013-07-07"},{"geonameid":"455166","name":"Strenči","asciiname":"Strenci","alternatenames":["Stackeln","Stakkeln","Strenchi","Strenci","Strencis","Strenči","Стренчи"],"latitude":"57.62574","longitude":"25.68535","feature_class":"P","feature_code":"PPLA","country_code":"LV","cc2":"","admin1_code":"D3","admin2_code":"","admin3_code":"","admin4_code":"","population":"1593","elevation":"","dem":"45","timezone":"Europe/Riga","modification_date":"2014-06-26"},{"geonameid":"455293","name":"Stalbe","asciiname":"Stalbe","alternatenames":["Myza Stalbe","Stalbe","Stalbes Muiza","Stalbes Muiža","Сталбе"],"latitude":"57.37065","longitude":"25.03106","feature_class":"P","feature_code":"PPLA","country_code":"LV","cc2":"","admin1_code":"A4","admin2_code":"","admin3_code":"","admin4_code":"","population":"0","elevation":"","dem":"66","timezone":"Europe/Riga","modification_date":"2013-07-01"},{"geonameid":"455406","name":"Smiltene","asciiname":"Smiltene","alternatenames":["Smilten","Smiltene"],"latitude":"57.42444","longitude":"25.90164","feature_class":"P","feature_code":"PPLA","country_code":"LV","cc2":"","admin1_code":"D1","admin2_code":"","admin3_code":"","admin4_code":"","population":"6108","elevation":"","dem":"98","timezone":"Europe/Riga","modification_date":"2013-07-01"},{"geonameid":"455427","name":"Smārde","asciiname":"Smarde","alternatenames":["Myza Smarde","Smarde","Smardes Muiza","Smārde","Smārdes Muiža","Vecsmardes Pusmuizas Centrs","Vecsmārdes Pusmuižas Centrs","Смарде"],"latitude":"56.9542","longitude":"23.33736","feature_class":"P","feature_code":"PPLA","country_code":"LV","cc2":"","admin1_code":"62","admin2_code":"","admin3_code":"","admin4_code":"","population":"734","elevation":"","dem":"21","timezone":"Europe/Riga","modification_date":"2013-07-01"},{"geonameid":"455520","name":"Skrunda","asciiname":"Skrunda","alternatenames":["Skrunda"],"latitude":"56.68333","longitude":"22.01667","feature_class":"P","feature_code":"PPLA","country_code":"LV","cc2":"","admin1_code":"C9","admin2_code":"","admin3_code":"","admin4_code":"","population":"2659","elevation":"","dem":"31","timezone":"Europe/Riga","modification_date":"2012-02-01"},{"geonameid":"455523","name":"Skrīveri","asciiname":"Skriveri","alternatenames":["Skriveri","Skrīveri","Скривери"],"latitude":"56.645","longitude":"25.12058","feature_class":"P","feature_code":"PPLA","country_code":"LV","cc2":"","admin1_code":"C8","admin2_code":"","admin3_code":"","admin4_code":"","population":"2879","elevation":"","dem":"77","timezone":"Europe/Riga","modification_date":"2014-06-27"},{"geonameid":"455718","name":"Sigulda","asciiname":"Sigulda","alternatenames":["Segewold","Segolda","Sigulda","Sėgolda","sigulda","su~iguruda","sygwldh","xi gu er da","Сигулда","Сігулда","סיגולדה","სიგულდა","スィグルダ","錫古爾達","시굴다"],"latitude":"57.15194","longitude":"24.86472","feature_class":"P","feature_code":"PPLA","country_code":"LV","cc2":"","admin1_code":"C7","admin2_code":"","admin3_code":"","admin4_code":"","population":"10422","elevation":"","dem":"101","timezone":"Europe/Riga","modification_date":"2014-06-27"},{"geonameid":"455812","name":"Saulkrasti","asciiname":"Saulkrasti","alternatenames":["Neibade","Neybade","Saulkrastai","Saulkraste","Saulkrasti","Saulkrasty","Saulkrastē","shao er ke la si di","Саулкрасти","Саулкрасты","紹爾克拉斯蒂"],"latitude":"57.26224","longitude":"24.41471","feature_class":"P","feature_code":"PPLA","country_code":"LV","cc2":"","admin1_code":"C5","admin2_code":"","admin3_code":"","admin4_code":"","population":"3184","elevation":"","dem":"13","timezone":"Europe/Riga","modification_date":"2014-06-27"},{"geonameid":"455890","name":"Saldus","asciiname":"Saldus","alternatenames":["Frauenburg","Saldus","Салдус"],"latitude":"56.66363","longitude":"22.48807","feature_class":"P","feature_code":"PPLA","country_code":"LV","cc2":"","admin1_code":"27","admin2_code":"","admin3_code":"","admin4_code":"","population":"12224","elevation":"","dem":"92","timezone":"Europe/Riga","modification_date":"2013-07-07"},{"geonameid":"455898","name":"Salaspils","asciiname":"Salaspils","alternatenames":["Kirchholm","Kirkholm","Salaspeles","Salaspilis","Salaspils","Salaspėlės","sa la si pi er si","sallaseupilseu","Саласпилс","Саласпілс","薩拉斯皮爾斯","살라스필스"],"latitude":"56.86014","longitude":"24.36544","feature_class":"P","feature_code":"PPLA","country_code":"LV","cc2":"","admin1_code":"C3","admin2_code":"","admin3_code":"","admin4_code":"","population":"17606","elevation":"","dem":"21","timezone":"Europe/Riga","modification_date":"2013-06-30"},{"geonameid":"455910","name":"Salacgrīva","asciiname":"Salacgriva","alternatenames":["Salacgriva","Salacgrīva","Salatsgriva","Salismunde","Salismünde","Салацгрива"],"latitude":"57.75361","longitude":"24.35806","feature_class":"P","feature_code":"PPLA","country_code":"LV","cc2":"","admin1_code":"C1","admin2_code":"","admin3_code":"","admin4_code":"","population":"3427","elevation":"","dem":"7","timezone":"Europe/Riga","modification_date":"2014-06-27"},{"geonameid":"455915","name":"Sala","asciiname":"Sala","alternatenames":[""],"latitude":"56.50675","longitude":"25.76423","feature_class":"P","feature_code":"PPLA","country_code":"LV","cc2":"","admin1_code":"C2","admin2_code":"","admin3_code":"","admin4_code":"","population":"0","elevation":"","dem":"83","timezone":"Europe/Riga","modification_date":"2013-07-01"},{"geonameid":"456008","name":"Rūjiena","asciiname":"Rujiena","alternatenames":["Aujiena","Ruhja","Ruiena","Ruiyena","Rujen","Rujene","Rujiena","Rujienas","Rujina","Ruyen","Ruyena","Ruyyena","Rūjiena","Rūjienas","Руиена"],"latitude":"57.89752","longitude":"25.33155","feature_class":"P","feature_code":"PPLA","country_code":"LV","cc2":"","admin1_code":"B8","admin2_code":"","admin3_code":"","admin4_code":"","population":"3638","elevation":"","dem":"62","timezone":"Europe/Riga","modification_date":"2014-06-26"},{"geonameid":"456015","name":"Rugāji","asciiname":"Rugaji","alternatenames":["Rugai","Rugaji","Rugaju","Rugayi","Rugāji","Rugāju","Ругаи"],"latitude":"57","longitude":"27.13333","feature_class":"P","feature_code":"PPLA","country_code":"LV","cc2":"","admin1_code":"B7","admin2_code":"","admin3_code":"","admin4_code":"","population":"0","elevation":"","dem":"99","timezone":"Europe/Riga","modification_date":"2012-01-16"},{"geonameid":"456050","name":"Rucava","asciiname":"Rucava","alternatenames":["Paurupe","Rucava","Rucavas","Rutsava","Ruzau"],"latitude":"56.16314","longitude":"21.16156","feature_class":"P","feature_code":"PPLA","country_code":"LV","cc2":"","admin1_code":"B6","admin2_code":"","admin3_code":"","admin4_code":"","population":"547","elevation":"","dem":"12","timezone":"Europe/Riga","modification_date":"2013-07-01"},{"geonameid":"456089","name":"Garkalne","asciiname":"Garkalne","alternatenames":["Garkalne","Ropazhi","Ropazi","Ropaži"],"latitude":"57.04611","longitude":"24.42139","feature_class":"P","feature_code":"PPLA","country_code":"LV","cc2":"","admin1_code":"64","admin2_code":"","admin3_code":"","admin4_code":"","population":"0","elevation":"","dem":"19","timezone":"Europe/Riga","modification_date":"2013-07-07"},{"geonameid":"456090","name":"Ropaži","asciiname":"Ropazi","alternatenames":["Myza Ropazhi","Myza Ropazhu","Ropazhi","Ropazi","Ropaži","Ропажи"],"latitude":"56.97389","longitude":"24.63361","feature_class":"P","feature_code":"PPLA","country_code":"LV","cc2":"","admin1_code":"B5","admin2_code":"","admin3_code":"","admin4_code":"","population":"0","elevation":"","dem":"43","timezone":"Europe/Riga","modification_date":"2012-01-16"},{"geonameid":"456107","name":"Roja","asciiname":"Roja","alternatenames":["Roja","Roya","Роя"],"latitude":"57.5","longitude":"22.81667","feature_class":"P","feature_code":"PPLA","country_code":"LV","cc2":"","admin1_code":"B4","admin2_code":"","admin3_code":"","admin4_code":"","population":"1800","elevation":"","dem":"8","timezone":"Europe/Riga","modification_date":"2012-01-16"},{"geonameid":"456172","name":"Riga","asciiname":"Riga","alternatenames":["Gorad Ryga","RIX","Reiga","Riga","Rigae","Rige","Rigg-a","Rigo","Riia","Riigaa","Riika","Rija","Riqa","Ryga","Ríga","Ríge","Rīga","li jia","liga","ri ka","riga","rika","ryga","rygh","rygha","ryja","Ρίγα","Горад Рыга","Ригæ","Рига","Ріґа","Ռիգա","ריגה","ריגע","رىگا","ريجا","ريغا","ریگا","रिगा","रीगा","রিগা","ரீகா","รีกา","རི་ག","რიგა","ሪጋ","リガ","里加","리가"],"latitude":"56.946","longitude":"24.10589","feature_class":"P","feature_code":"PPLC","country_code":"LV","cc2":"","admin1_code":"25","admin2_code":"","admin3_code":"","admin4_code":"","population":"742572","elevation":"","dem":"6","timezone":"Europe/Riga","modification_date":"2011-09-24"},{"geonameid":"456185","name":"Riebiņi","asciiname":"Riebini","alternatenames":["Riebini","Riebiņi"],"latitude":"56.3428","longitude":"26.79995","feature_class":"P","feature_code":"PPLA","country_code":"LV","cc2":"","admin1_code":"B3","admin2_code":"","admin3_code":"","admin4_code":"","population":"0","elevation":"","dem":"139","timezone":"Europe/Riga","modification_date":"2013-07-01"},{"geonameid":"456202","name":"Rēzekne","asciiname":"Rezekne","alternatenames":["Gorad Rehzehkneh","Rezekne","Rezeknė","Rezhitsa","Rezne","Riezekne","Riezeknė","Rositten","Ryezhitsa","Rzezyca","Rzeżyca","Rēzekne","Rēzne","Rėzeknė","lei ze ke nei","lejekeune","rezekune","ryzkny","rzqnh","Ρέζεκνε","Горад Рэзэкнэ","Резекне","Ռեզեկնե","רזקנה","ريزكني","რეზეკნე","レーゼクネ","雷澤克內","레제크네"],"latitude":"56.5","longitude":"27.31667","feature_class":"P","feature_code":"PPLA","country_code":"LV","cc2":"","admin1_code":"23","admin2_code":"","admin3_code":"","admin4_code":"","population":"38340","elevation":"","dem":"137","timezone":"Europe/Riga","modification_date":"2013-07-07"},{"geonameid":"456272","name":"Rauna","asciiname":"Rauna","alternatenames":["Rauna","Ronneburg","Рауна"],"latitude":"57.33173","longitude":"25.60947","feature_class":"P","feature_code":"PPLA","country_code":"LV","cc2":"","admin1_code":"B1","admin2_code":"","admin3_code":"","admin4_code":"","population":"0","elevation":"","dem":"114","timezone":"Europe/Riga","modification_date":"2013-07-01"},{"geonameid":"456341","name":"Ragana","asciiname":"Ragana","alternatenames":["Ragana","Raganas","Рагана"],"latitude":"57.18074","longitude":"24.70731","feature_class":"P","feature_code":"PPLA","country_code":"LV","cc2":"","admin1_code":"84","admin2_code":"","admin3_code":"","admin4_code":"","population":"0","elevation":"","dem":"48","timezone":"Europe/Riga","modification_date":"2013-07-01"},{"geonameid":"456503","name":"Priekuļi","asciiname":"Priekuli","alternatenames":["Myza Priekulu","Myza Priyekuli","Priekuli","Priekulu Muiza","Priekuļi","Priekuļu Muiža","Priyekuli","Приекули"],"latitude":"57.315","longitude":"25.36147","feature_class":"P","feature_code":"PPLA","country_code":"LV","cc2":"","admin1_code":"A9","admin2_code":"","admin3_code":"","admin4_code":"","population":"2532","elevation":"","dem":"116","timezone":"Europe/Riga","modification_date":"2013-07-07"},{"geonameid":"456506","name":"Priekule","asciiname":"Priekule","alternatenames":["Preekuln","Prekule","Prekuln","Priekule","Priyekule","Priyekuli","Приекуле"],"latitude":"56.44679","longitude":"21.58968","feature_class":"P","feature_code":"PPLA","country_code":"LV","cc2":"","admin1_code":"A8","admin2_code":"","admin3_code":"","admin4_code":"","population":"2550","elevation":"","dem":"59","timezone":"Europe/Riga","modification_date":"2013-07-01"},{"geonameid":"456530","name":"Preiļi","asciiname":"Preili","alternatenames":["Preili","Preiļi","Prejli","Preli","Preyli","Prieli","Прейли"],"latitude":"56.29444","longitude":"26.72459","feature_class":"P","feature_code":"PPLA","country_code":"LV","cc2":"","admin1_code":"22","admin2_code":"","admin3_code":"","admin4_code":"","population":"8656","elevation":"","dem":"127","timezone":"Europe/Riga","modification_date":"2014-06-27"},{"geonameid":"456635","name":"Pļaviņas","asciiname":"Plavinas","alternatenames":["Plavinas","Plavinyas","Pljavinjas","Plyavinas","Plyavinyas","Pļaviņas","Плявиняс"],"latitude":"56.6178","longitude":"25.72552","feature_class":"P","feature_code":"PPLA","country_code":"LV","cc2":"","admin1_code":"A6","admin2_code":"","admin3_code":"","admin4_code":"","population":"3848","elevation":"","dem":"75","timezone":"Europe/Riga","modification_date":"2014-06-26"},{"geonameid":"456685","name":"Piņķi","asciiname":"Pinki","alternatenames":["Myza Pintu","Pin'ki","Pin'ti","Pinki","Pin’ti","Piņķi","Saliena","Saliyena","Пиньки"],"latitude":"56.94194","longitude":"23.91083","feature_class":"P","feature_code":"PPLA","country_code":"LV","cc2":"","admin1_code":"45","admin2_code":"","admin3_code":"","admin4_code":"","population":"3033","elevation":"","dem":"7","timezone":"Europe/Riga","modification_date":"2014-05-07"},{"geonameid":"456698","name":"Pilsrundāle","asciiname":"Pilsrundale","alternatenames":["Pilsrundale","Pilsrundāle"],"latitude":"56.41667","longitude":"24","feature_class":"P","feature_code":"PPLA","country_code":"LV","cc2":"","admin1_code":"B9","admin2_code":"","admin3_code":"","admin4_code":"","population":"0","elevation":"","dem":"22","timezone":"Europe/Riga","modification_date":"2012-01-16"},{"geonameid":"456827","name":"Pāvilosta","asciiname":"Pavilosta","alternatenames":["Akagals","Paulshafen","Pavilosta","Porvilostu","Pāvilosta","Ākagals"],"latitude":"56.88791","longitude":"21.18593","feature_class":"P","feature_code":"PPLA","country_code":"LV","cc2":"","admin1_code":"A5","admin2_code":"","admin3_code":"","admin4_code":"","population":"1171","elevation":"","dem":"8","timezone":"Europe/Riga","modification_date":"2013-06-30"},{"geonameid":"456954","name":"Ozolnieki","asciiname":"Ozolnieki","alternatenames":["Ozolnieki","Ozolniyeki"],"latitude":"56.68639","longitude":"23.78778","feature_class":"P","feature_code":"PPLA","country_code":"LV","cc2":"","admin1_code":"A3","admin2_code":"","admin3_code":"","admin4_code":"","population":"3400","elevation":"","dem":"3","timezone":"Europe/Riga","modification_date":"2012-01-16"},{"geonameid":"457052","name":"Olaine","asciiname":"Olaine","alternatenames":["Olaine","Olayne"],"latitude":"56.78528","longitude":"23.93806","feature_class":"P","feature_code":"PPLA","country_code":"LV","cc2":"","admin1_code":"A2","admin2_code":"","admin3_code":"","admin4_code":"","population":"12584","elevation":"","dem":"13","timezone":"Europe/Riga","modification_date":"2012-01-16"},{"geonameid":"457065","name":"Ogre","asciiname":"Ogre","alternatenames":["Ogre","Uogre","Uogrė","Огре"],"latitude":"56.8162","longitude":"24.61401","feature_class":"P","feature_code":"PPLA","country_code":"LV","cc2":"","admin1_code":"21","admin2_code":"","admin3_code":"","admin4_code":"","population":"26760","elevation":"","dem":"21","timezone":"Europe/Riga","modification_date":"2014-06-27"},{"geonameid":"457142","name":"Nīca","asciiname":"Nica","alternatenames":["Nica","Nicas Muiza","Nitsa","Nīca","Nīcas Muiža"],"latitude":"56.34601","longitude":"21.06401","feature_class":"P","feature_code":"PPLA","country_code":"LV","cc2":"","admin1_code":"99","admin2_code":"","admin3_code":"","admin4_code":"","population":"0","elevation":"","dem":"6","timezone":"Europe/Riga","modification_date":"2013-06-30"},{"geonameid":"457148","name":"Nereta","asciiname":"Nereta","alternatenames":["Myza Nereta","Nereta","Neretas","Нерета"],"latitude":"56.20279","longitude":"25.30752","feature_class":"P","feature_code":"PPLA","country_code":"LV","cc2":"","admin1_code":"98","admin2_code":"","admin3_code":"","admin4_code":"","population":"1282","elevation":"","dem":"80","timezone":"Europe/Riga","modification_date":"2014-06-27"},{"geonameid":"457161","name":"Naukšēni","asciiname":"Naukseni","alternatenames":["Myza Nauksheny","Naukseni","Nauksenu Muiza","Nauksheni","Nauksheny","Naukšēni","Naukšēnu Muiža","Nauskuela","Nausküla","Наукшени"],"latitude":"57.88349","longitude":"25.45609","feature_class":"P","feature_code":"PPLA","country_code":"LV","cc2":"","admin1_code":"97","admin2_code":"","admin3_code":"","admin4_code":"","population":"0","elevation":"","dem":"51","timezone":"Europe/Riga","modification_date":"2013-06-30"},{"geonameid":"457211","name":"Murmuiža","asciiname":"Murmuiza","alternatenames":["Murmuiza","Murmuiža","Murmujzha","Мурмуйжа"],"latitude":"57.48333","longitude":"25.48333","feature_class":"P","feature_code":"PPLA","country_code":"LV","cc2":"","admin1_code":"50","admin2_code":"","admin3_code":"","admin4_code":"","population":"0","elevation":"","dem":"61","timezone":"Europe/Riga","modification_date":"2012-01-16"},{"geonameid":"457408","name":"Mērsrags","asciiname":"Mersrags","alternatenames":["Margraf","Markgrafen","Mererags","Mersrag","Mersragciems","Mersragiems","Mersrags","Mersya","Mērsrags"],"latitude":"57.33535","longitude":"23.12455","feature_class":"P","feature_code":"PPLA","country_code":"LV","cc2":"","admin1_code":"F1","admin2_code":"","admin3_code":"","admin4_code":"","population":"1860","elevation":"","dem":"5","timezone":"Europe/Riga","modification_date":"2013-06-30"},{"geonameid":"457533","name":"Mazsalaca","asciiname":"Mazsalaca","alternatenames":["Mazsalaca","Mazsalace","Mazsalatsa","Mazsalatse","Salisburg"],"latitude":"57.86329","longitude":"25.05475","feature_class":"P","feature_code":"PPLA","country_code":"LV","cc2":"","admin1_code":"96","admin2_code":"","admin3_code":"","admin4_code":"","population":"2412","elevation":"","dem":"58","timezone":"Europe/Riga","modification_date":"2013-07-01"},{"geonameid":"457615","name":"Matīši","asciiname":"Matisi","alternatenames":["Matishi","Matisi","Matīši","Матиши"],"latitude":"57.69892","longitude":"25.15886","feature_class":"P","feature_code":"PPLA","country_code":"LV","cc2":"","admin1_code":"52","admin2_code":"","admin3_code":"","admin4_code":"","population":"0","elevation":"","dem":"69","timezone":"Europe/Riga","modification_date":"2013-07-01"},{"geonameid":"457676","name":"Mālpils","asciiname":"Malpils","alternatenames":["Malpils","Malpils Muiza","Malpils Muiža","Myza Malpil","Myza Malpils","Mālpils"],"latitude":"57.01111","longitude":"24.96306","feature_class":"P","feature_code":"PPLA","country_code":"LV","cc2":"","admin1_code":"94","admin2_code":"","admin3_code":"","admin4_code":"","population":"0","elevation":"","dem":"89","timezone":"Europe/Riga","modification_date":"2012-01-16"},{"geonameid":"457714","name":"Madona","asciiname":"Madona","alternatenames":[""],"latitude":"56.85329","longitude":"26.21698","feature_class":"P","feature_code":"PPLA","country_code":"LV","cc2":"","admin1_code":"20","admin2_code":"","admin3_code":"","admin4_code":"","population":"9280","elevation":"","dem":"149","timezone":"Europe/Riga","modification_date":"2013-07-07"},{"geonameid":"457776","name":"Ludza","asciiname":"Ludza","alternatenames":["Gorad Ludza","Loutza","Lucyn","Ludsen","Ludza","Ludze","Lyutsin","lu zha","luja","lwdzh","Λούτζα","Горад Лудза","Лудза","לודזה","盧扎","루자"],"latitude":"56.55","longitude":"27.71667","feature_class":"P","feature_code":"PPLA","country_code":"LV","cc2":"","admin1_code":"19","admin2_code":"","admin3_code":"","admin4_code":"","population":"10514","elevation":"","dem":"129","timezone":"Europe/Riga","modification_date":"2012-01-16"},{"geonameid":"457799","name":"Lubāna","asciiname":"Lubana","alternatenames":["Lubana","Lubāna","Лубана"],"latitude":"56.9","longitude":"26.71667","feature_class":"P","feature_code":"PPLA","country_code":"LV","cc2":"","admin1_code":"91","admin2_code":"","admin3_code":"","admin4_code":"","population":"1918","elevation":"","dem":"94","timezone":"Europe/Riga","modification_date":"2014-06-26"},{"geonameid":"457822","name":"Loja","asciiname":"Loja","alternatenames":["Loja","Loya"],"latitude":"57.15444","longitude":"24.64444","feature_class":"P","feature_code":"PPLA","country_code":"LV","cc2":"","admin1_code":"C6","admin2_code":"","admin3_code":"","admin4_code":"","population":"0","elevation":"","dem":"55","timezone":"Europe/Riga","modification_date":"2012-01-16"},{"geonameid":"457860","name":"Līvāni","asciiname":"Livani","alternatenames":["Livani","Livany","Līvāni","Ливаны"],"latitude":"56.35431","longitude":"26.17579","feature_class":"P","feature_code":"PPLA","country_code":"LV","cc2":"","admin1_code":"90","admin2_code":"","admin3_code":"","admin4_code":"","population":"10073","elevation":"","dem":"92","timezone":"Europe/Riga","modification_date":"2014-06-27"},{"geonameid":"457890","name":"Limbaži","asciiname":"Limbazi","alternatenames":["Lemsal","Lemzal","Limbazhi","Limbazi","Limbaziai","Limbaži","Limbažiai","Лимбажи"],"latitude":"57.51287","longitude":"24.71941","feature_class":"P","feature_code":"PPLA","country_code":"LV","cc2":"","admin1_code":"18","admin2_code":"","admin3_code":"","admin4_code":"","population":"8974","elevation":"","dem":"78","timezone":"Europe/Riga","modification_date":"2013-06-28"},{"geonameid":"457912","name":"Līgatne","asciiname":"Ligatne","alternatenames":["Ligat","Ligatne","Līgatne","Patmale","Лигатне"],"latitude":"57.23429","longitude":"25.04059","feature_class":"P","feature_code":"PPLA","country_code":"LV","cc2":"","admin1_code":"88","admin2_code":"","admin3_code":"","admin4_code":"","population":"1433","elevation":"","dem":"56","timezone":"Europe/Riga","modification_date":"2014-06-27"},{"geonameid":"457954","name":"Liepāja","asciiname":"Liepaja","alternatenames":["Gorad Liepaja","LPX","Leepaja","Lepaya","Libau","Libava","Liepagia","Liepaiya","Liepaja","Liepaya","Liepoja","Liepāja","Lietaja","Lietaya","Lijepaja","Lipawa","Liyepaya","li ye pa ya","lipaya","liyepaya","lyypʼyh","riepaya","Λιεπάγια","Λιεπαγια","Горад Ліепая","Лиепая","Лијепаја","Лієпая","לייפאיה","लीपाया","ლიეპაია","リエパーヤ","利耶帕亚","리예파야"],"latitude":"56.51667","longitude":"21.01667","feature_class":"P","feature_code":"PPLA","country_code":"LV","cc2":"","admin1_code":"16","admin2_code":"","admin3_code":"","admin4_code":"","population":"85132","elevation":"","dem":"6","timezone":"Europe/Riga","modification_date":"2012-01-16"},{"geonameid":"457965","name":"Lielvārde","asciiname":"Lielvarde","alternatenames":["Lielvarde","Lielvārde","Liyelvarde","Лиелварде"],"latitude":"56.72066","longitude":"24.80743","feature_class":"P","feature_code":"PPLA","country_code":"LV","cc2":"","admin1_code":"87","admin2_code":"","admin3_code":"","admin4_code":"","population":"5114","elevation":"","dem":"47","timezone":"Europe/Riga","modification_date":"2014-06-26"},{"geonameid":"458065","name":"Lieģi","asciiname":"Liegi","alternatenames":["Liege","Lieges Muiza","Lieges Muiža","Liegi","Lieģi","Myza Liyege"],"latitude":"56.58173","longitude":"21.33399","feature_class":"P","feature_code":"PPLA","country_code":"LV","cc2":"","admin1_code":"61","admin2_code":"","admin3_code":"","admin4_code":"","population":"0","elevation":"","dem":"47","timezone":"Europe/Riga","modification_date":"2013-07-01"},{"geonameid":"458460","name":"Kuldīga","asciiname":"Kuldiga","alternatenames":["Goldingen","Gorad Kuldyga","Kuldiga","Kuldigas","Kuldyga","Kuldīga","Kuldīgas","ku er di jia","kuladiga","kuldiga","kurudiga","Горад Кулдыга","Кулдига","Кулдіга","ਕੁਲਡਿਗਾ","კულდიგა","クルディーガ","库尔迪加","쿨디가"],"latitude":"56.97399","longitude":"21.95721","feature_class":"P","feature_code":"PPLA","country_code":"LV","cc2":"","admin1_code":"15","admin2_code":"","admin3_code":"","admin4_code":"","population":"13289","elevation":"","dem":"28","timezone":"Europe/Riga","modification_date":"2013-06-28"},{"geonameid":"458623","name":"Krāslava","asciiname":"Kraslava","alternatenames":["Gorad Kraslava","Kraaslava","Kraslava","Kraslaw","Krasław","Kreslavka","Kreslawka","Kruoslova","Krāslava","karasalava","ke la si la wa","Горад Краслава","Краслава","ਕਰਾਸਲਾਵਾ","克拉斯拉瓦"],"latitude":"55.89514","longitude":"27.16799","feature_class":"P","feature_code":"PPLA","country_code":"LV","cc2":"","admin1_code":"14","admin2_code":"","admin3_code":"","admin4_code":"","population":"11088","elevation":"","dem":"114","timezone":"Europe/Riga","modification_date":"2014-06-26"},{"geonameid":"458687","name":"Koknese","asciiname":"Koknese","alternatenames":["Koaknese","Kokenhusen","Kokenhuza","Koknese","Kokneses Muiza","Kokneses Muiža","Kukenojs","Кокнесе","Кукенойс"],"latitude":"56.65","longitude":"25.43333","feature_class":"P","feature_code":"PPLA","country_code":"LV","cc2":"","admin1_code":"82","admin2_code":"","admin3_code":"","admin4_code":"","population":"0","elevation":"","dem":"85","timezone":"Europe/Riga","modification_date":"2014-06-26"},{"geonameid":"458695","name":"Kocēni","asciiname":"Koceni","alternatenames":["Koceni","Koceny","Kociena","Kocēni","Kokmuiza","Kokmuiža","Kokmuyzha","Myza Kok","Коцены"],"latitude":"57.52057","longitude":"25.33821","feature_class":"P","feature_code":"PPLA","country_code":"LV","cc2":"","admin1_code":"81","admin2_code":"","admin3_code":"","admin4_code":"","population":"0","elevation":"","dem":"62","timezone":"Europe/Riga","modification_date":"2013-08-28"},{"geonameid":"458880","name":"Ķekava","asciiname":"Kekava","alternatenames":["Kekava","Liel Kekava","Liel Ķekava","Tekava","Ķekava","Кекава"],"latitude":"56.82662","longitude":"24.23","feature_class":"P","feature_code":"PPLA","country_code":"LV","cc2":"","admin1_code":"80","admin2_code":"","admin3_code":"","admin4_code":"","population":"4600","elevation":"","dem":"9","timezone":"Europe/Riga","modification_date":"2013-07-01"},{"geonameid":"458892","name":"Ķegums","asciiname":"Kegums","alternatenames":["Keggum","Keggums","Kegums","Ķegums","Кегумс"],"latitude":"56.7451","longitude":"24.72439","feature_class":"P","feature_code":"PPLA","country_code":"LV","cc2":"","admin1_code":"79","admin2_code":"","admin3_code":"","admin4_code":"","population":"2372","elevation":"","dem":"41","timezone":"Europe/Riga","modification_date":"2014-06-26"},{"geonameid":"458972","name":"Kārsava","asciiname":"Karsava","alternatenames":["Karsava","Korsovka","Korsowka","Kārsava","Карсава"],"latitude":"56.78405","longitude":"27.68829","feature_class":"P","feature_code":"PPLA","country_code":"LV","cc2":"","admin1_code":"78","admin2_code":"","admin3_code":"","admin4_code":"","population":"2645","elevation":"","dem":"101","timezone":"Europe/Riga","modification_date":"2014-06-26"},{"geonameid":"458995","name":"Kara Osta","asciiname":"Kara Osta","alternatenames":["Kara Osta","Karaosta","Karosta","Karya Osta","Port Aleksandra III","Кароста","Порт Александра III"],"latitude":"56.55","longitude":"21.01667","feature_class":"P","feature_code":"PPL","country_code":"LV","cc2":"","admin1_code":"16","admin2_code":"","admin3_code":"","admin4_code":"","population":"7500","elevation":"","dem":"8","timezone":"Europe/Riga","modification_date":"2015-07-01"},{"geonameid":"459031","name":"Kandava","asciiname":"Kandava","alternatenames":["Kandau","Kandava","Кандава"],"latitude":"57.04087","longitude":"22.77466","feature_class":"P","feature_code":"PPLA","country_code":"LV","cc2":"","admin1_code":"77","admin2_code":"","admin3_code":"","admin4_code":"","population":"3592","elevation":"","dem":"81","timezone":"Europe/Riga","modification_date":"2013-07-01"},{"geonameid":"459201","name":"Jūrmala","asciiname":"Jurmala","alternatenames":["Jurmala","Jūrmala","Riga Beach","Riga-Strand","Rigas Iurmala","Rigas Jormalas Pilseta","Rigas Jurmala","Rigas Yurmala","Rigastrand","Rizhskoye Vzmor'ye","Rīgas Jormalas Pilsēta","Rīgas Jūrmala","Yuomala","Yurmala","Юрмала"],"latitude":"56.968","longitude":"23.77038","feature_class":"P","feature_code":"PPLA","country_code":"LV","cc2":"","admin1_code":"13","admin2_code":"","admin3_code":"","admin4_code":"","population":"54088","elevation":"","dem":"6","timezone":"Europe/Riga","modification_date":"2013-07-07"},{"geonameid":"459279","name":"Jelgava","asciiname":"Jelgava","alternatenames":["Elgava","Iyelgava","Jelgava","Jelgawa","Mitau","Mitava","Mitawa","Yelgava","Елгава","Елґава"],"latitude":"56.65","longitude":"23.71278","feature_class":"P","feature_code":"PPLA","country_code":"LV","cc2":"","admin1_code":"11","admin2_code":"","admin3_code":"","admin4_code":"","population":"61791","elevation":"","dem":"5","timezone":"Europe/Riga","modification_date":"2013-07-07"},{"geonameid":"459283","name":"Jēkabpils","asciiname":"Jekabpils","alternatenames":["Ekabpils","Gorad Ekabpils","Jakobstadt","Jakubmists","Jekabpeles","Jekabpilis","Jekabpils","Jākubmīsts","Jēkabpils","Jėkabpilis","Jėkabpėlės","Kreuzburg","Krustpils","Yakabpils","Yekabpils","i~ekabupirusu","jikabapilasa","ye ka bu pi er si","yekabpilseu","yqbpyls","Єкабпілс","Јекабпилс","Горад Екабпілс","Екабпилс","Йекабпилс","יקבפילס","ਜੀਕਾਬਪਿਲਸ","იეკაბპილსი","イェーカブピルス","葉卡布皮爾斯","예캅필스"],"latitude":"56.49903","longitude":"25.85735","feature_class":"P","feature_code":"PPLA","country_code":"LV","cc2":"","admin1_code":"10","admin2_code":"","admin3_code":"","admin4_code":"","population":"27078","elevation":"","dem":"83","timezone":"Europe/Riga","modification_date":"2014-06-27"},{"geonameid":"459357","name":"Jaunpils","asciiname":"Jaunpils","alternatenames":["Jaunpils","Jaunpils Muiza","Jaunpils Muiža","Yaunpils","Яунпилс"],"latitude":"56.7325","longitude":"23.01361","feature_class":"P","feature_code":"PPLA","country_code":"LV","cc2":"","admin1_code":"73","admin2_code":"","admin3_code":"","admin4_code":"","population":"1029","elevation":"","dem":"72","timezone":"Europe/Riga","modification_date":"2014-05-07"},{"geonameid":"459359","name":"Jaunpiebalga","asciiname":"Jaunpiebalga","alternatenames":["Jaun Piebalga Muizas Centrs","Jaun Piebalga Muižas Centrs","Jaunpiebalga","Jaunpiebalgas Muiza","Jaunpiebalgas Muiža","Myza Yaunpiebalga","Yaunpiebalga","Yaunpiyebalga"],"latitude":"57.18333","longitude":"26.05","feature_class":"P","feature_code":"PPLA","country_code":"LV","cc2":"","admin1_code":"72","admin2_code":"","admin3_code":"","admin4_code":"","population":"0","elevation":"","dem":"157","timezone":"Europe/Riga","modification_date":"2012-01-16"},{"geonameid":"459402","name":"Jaunjelgava","asciiname":"Jaunjelgava","alternatenames":["Friedrichstadt","Jaunelgava","Jaunjelgava","Yaun-Yelgava","Yaunelgava","Яунелгава"],"latitude":"56.61667","longitude":"25.08333","feature_class":"P","feature_code":"PPLA","country_code":"LV","cc2":"","admin1_code":"71","admin2_code":"","admin3_code":"","admin4_code":"","population":"1938","elevation":"","dem":"37","timezone":"Europe/Riga","modification_date":"2014-06-26"},{"geonameid":"459563","name":"Inčukalns","asciiname":"Incukalns","alternatenames":["Inchukaln","Inchukalns","Incukalns","Inčukalns","Инчукалнс"],"latitude":"57.09806","longitude":"24.68639","feature_class":"P","feature_code":"PPLA","country_code":"LV","cc2":"","admin1_code":"70","admin2_code":"","admin3_code":"","admin4_code":"","population":"2028","elevation":"","dem":"55","timezone":"Europe/Riga","modification_date":"2013-08-11"},{"geonameid":"459586","name":"Ilūkste","asciiname":"Ilukste","alternatenames":["Ilukste","Ilūkste","Илуксте"],"latitude":"55.97754","longitude":"26.29655","feature_class":"P","feature_code":"PPLA","country_code":"LV","cc2":"","admin1_code":"69","admin2_code":"","admin3_code":"","admin4_code":"","population":"2898","elevation":"","dem":"99","timezone":"Europe/Riga","modification_date":"2014-06-26"},{"geonameid":"459598","name":"Ikšķile","asciiname":"Ikskile","alternatenames":["Ikshkile","Ikshtile","Ikskile","Ikškilė","Ikšķile","Ykskylae","Ykskylä","Икшкиле"],"latitude":"56.83333","longitude":"24.5","feature_class":"P","feature_code":"PPLA","country_code":"LV","cc2":"","admin1_code":"68","admin2_code":"","admin3_code":"","admin4_code":"","population":"3368","elevation":"","dem":"37","timezone":"Europe/Riga","modification_date":"2014-06-27"},{"geonameid":"459624","name":"Iecava","asciiname":"Iecava","alternatenames":["Eckau","Iecava","Iyetsava","Иецава"],"latitude":"56.59861","longitude":"24.20222","feature_class":"P","feature_code":"PPLA","country_code":"LV","cc2":"","admin1_code":"67","admin2_code":"","admin3_code":"","admin4_code":"","population":"4000","elevation":"","dem":"23","timezone":"Europe/Riga","modification_date":"2014-06-26"},{"geonameid":"459668","name":"Gulbene","asciiname":"Gulbene","alternatenames":["Alt-Schwaneburg","Golbene","Golbėnė","Gorad Gulbehneh","Gulbene","Gulbenė","gu er bei nei","gulbene","Горад Гулбэнэ","Гулбене","გულბენე","古爾貝內","굴베네"],"latitude":"57.17767","longitude":"26.75291","feature_class":"P","feature_code":"PPLA","country_code":"LV","cc2":"","admin1_code":"09","admin2_code":"","admin3_code":"","admin4_code":"","population":"9355","elevation":"","dem":"120","timezone":"Europe/Riga","modification_date":"2014-06-27"},{"geonameid":"459692","name":"Grobiņa","asciiname":"Grobina","alternatenames":["Gerobin","Grobin","Grobina","Grobinya","Grobiņa"],"latitude":"56.53521","longitude":"21.16782","feature_class":"P","feature_code":"PPLA","country_code":"LV","cc2":"","admin1_code":"65","admin2_code":"","admin3_code":"","admin4_code":"","population":"4203","elevation":"","dem":"24","timezone":"Europe/Riga","modification_date":"2013-07-01"},{"geonameid":"459984","name":"Cibla","asciiname":"Cibla","alternatenames":["Cibla","Eversmuiza","Eversmuiža","Tsibla","Цибла"],"latitude":"56.55","longitude":"27.88333","feature_class":"P","feature_code":"PPLA","country_code":"LV","cc2":"","admin1_code":"56","admin2_code":"","admin3_code":"","admin4_code":"","population":"0","elevation":"","dem":"118","timezone":"Europe/Riga","modification_date":"2012-01-16"},{"geonameid":"460001","name":"Ērgļi","asciiname":"Ergli","alternatenames":["Ehrgli","Ergli","Ergli Bijusas Muizas Centrs","Erglu Muiza","Myza Ergli","Ērgļi","Ērgļi Bijušās Muižas Centrs","Ērgļu Muiža","Эргли"],"latitude":"56.89752","longitude":"25.63668","feature_class":"P","feature_code":"PPLA","country_code":"LV","cc2":"","admin1_code":"63","admin2_code":"","admin3_code":"","admin4_code":"","population":"2186","elevation":"","dem":"171","timezone":"Europe/Riga","modification_date":"2014-06-27"},{"geonameid":"460187","name":"Dundaga","asciiname":"Dundaga","alternatenames":["Dundaga","Dundagas"],"latitude":"57.51667","longitude":"22.35","feature_class":"P","feature_code":"PPLA","country_code":"LV","cc2":"","admin1_code":"60","admin2_code":"","admin3_code":"","admin4_code":"","population":"0","elevation":"","dem":"62","timezone":"Europe/Riga","modification_date":"2012-01-16"},{"geonameid":"460285","name":"Drabeši","asciiname":"Drabesi","alternatenames":["Drabeshi","Drabesi","Drabesu Muiza","Drabeši","Drabešu Muiža","Myza Drabeshi","Myza Drabeshu"],"latitude":"57.24316","longitude":"25.27748","feature_class":"P","feature_code":"PPLA","country_code":"LV","cc2":"","admin1_code":"42","admin2_code":"","admin3_code":"","admin4_code":"","population":"0","elevation":"","dem":"147","timezone":"Europe/Riga","modification_date":"2013-07-01"},{"geonameid":"460312","name":"Dobele","asciiname":"Dobele","alternatenames":["Dobele","Doblen","Doubele","Doubelė","Duobele","Duobelė","dobelle","duo bei lai","dwblh","Добеле","דובלה","多貝萊","도벨레"],"latitude":"56.625","longitude":"23.27861","feature_class":"P","feature_code":"PPLA","country_code":"LV","cc2":"","admin1_code":"08","admin2_code":"","admin3_code":"","admin4_code":"","population":"11225","elevation":"","dem":"44","timezone":"Europe/Riga","modification_date":"2012-01-16"},{"geonameid":"460413","name":"Daugavpils","asciiname":"Daugavpils","alternatenames":["DGP","Daugavpils","Daugawpils","Daugpilis","Daugpils","Daugpiļs","Duenaburg","Dunaburg","Duneburgum","Dvinsk","Dwinsk","Dyneburg","Dünaburg","Gorad Daugaupils","Ntaounkavpils","Vaeinaenlinna","Väinänlinna","daugafupirusu","daugapeupilseu","daugaupilsa","dawghafbyls","dwgapyls","tao ge fu pi er si","Νταουγκάβπιλς","Горад Даўгаўпілс","Даугавпилс","Даугавпілс","Дауґавпілс","דאוגבפילס","דענענבורג","داوغافبيلس","دوگاپیلس","दौगौपिल्स","დაუგავპილსი","ダウガフピルス","陶格夫匹尔斯","다우가프필스","𐌳𐌰𐍅𐌲𐌰𐍅𐍀𐌹𐌻𐍃"],"latitude":"55.88333","longitude":"26.53333","feature_class":"P","feature_code":"PPLA","country_code":"LV","cc2":"","admin1_code":"07","admin2_code":"","admin3_code":"","admin4_code":"","population":"111564","elevation":"","dem":"103","timezone":"Europe/Riga","modification_date":"2013-07-07"},{"geonameid":"460416","name":"Daugavgrīva","asciiname":"Daugavgriva","alternatenames":["Daugavgriva","Daugavgrīva","Dinamjunde","Duenamuende","Dynemunt","Dünamünde","Ust'-Dvinsk","Даугавгрива","Динамюнде","Усть-Двинск"],"latitude":"57.04315","longitude":"24.03613","feature_class":"P","feature_code":"PPLX","country_code":"LV","cc2":"LV","admin1_code":"25","admin2_code":"","admin3_code":"","admin4_code":"","population":"9952","elevation":"6","dem":"5","timezone":"Europe/Riga","modification_date":"2010-07-26"},{"geonameid":"460474","name":"Dagda","asciiname":"Dagda","alternatenames":["Dagda","Дагда"],"latitude":"56.09512","longitude":"27.53723","feature_class":"P","feature_code":"PPLA","country_code":"LV","cc2":"","admin1_code":"57","admin2_code":"","admin3_code":"","admin4_code":"","population":"2740","elevation":"","dem":"171","timezone":"Europe/Riga","modification_date":"2014-06-27"},{"geonameid":"460568","name":"Cesvaine","asciiname":"Cesvaine","alternatenames":["Cesvaine","Cesvaines Muiza","Cesvaines Muiža","Cesvajne","Tsesvayne","Цесвайне"],"latitude":"56.96667","longitude":"26.31667","feature_class":"P","feature_code":"PPLA","country_code":"LV","cc2":"","admin1_code":"55","admin2_code":"","admin3_code":"","admin4_code":"","population":"1811","elevation":"","dem":"151","timezone":"Europe/Riga","modification_date":"2014-06-27"},{"geonameid":"460570","name":"Cēsis","asciiname":"Cesis","alternatenames":["Cesis","Cesys","Ciesis","Cēsis","Cėsys","Kies","Kieś","Tsesis","Venden","Wenden","cai xi si","chesiseu","tsu~eshisu","zsys","Цесис","Цесіс","צסיס","ツェーシス","采西斯","체시스"],"latitude":"57.31188","longitude":"25.27456","feature_class":"P","feature_code":"PPLA","country_code":"LV","cc2":"","admin1_code":"05","admin2_code":"","admin3_code":"","admin4_code":"","population":"18198","elevation":"","dem":"102","timezone":"Europe/Riga","modification_date":"2013-06-28"},{"geonameid":"460659","name":"Carnikava","asciiname":"Carnikava","alternatenames":["Carnikava","Carnikavas Muiza","Carnikavas Muiža","Tsarnikava","Царникава"],"latitude":"57.12944","longitude":"24.27444","feature_class":"P","feature_code":"PPLA","country_code":"LV","cc2":"","admin1_code":"53","admin2_code":"","admin3_code":"","admin4_code":"","population":"0","elevation":"","dem":"4","timezone":"Europe/Riga","modification_date":"2012-01-16"},{"geonameid":"460786","name":"Brocēni","asciiname":"Broceni","alternatenames":["Broceni","Brocenu Muiza","Brocēni","Brocēnu Muiža","Brotseny","Myza Brotseny"],"latitude":"56.7","longitude":"22.53333","feature_class":"P","feature_code":"PPLA","country_code":"LV","cc2":"","admin1_code":"51","admin2_code":"","admin3_code":"","admin4_code":"","population":"3486","elevation":"","dem":"102","timezone":"Europe/Riga","modification_date":"2012-01-16"},{"geonameid":"460885","name":"Bolderaja","asciiname":"Bolderaja","alternatenames":["Bol'deraa","Bolderaa","Bolderaj","Bolderaja","Bolderāja","Болдерай","Болдерая","Больдераа"],"latitude":"57.03132","longitude":"24.05571","feature_class":"P","feature_code":"PPLX","country_code":"LV","cc2":"LV","admin1_code":"25","admin2_code":"","admin3_code":"","admin4_code":"","population":"14771","elevation":"9","dem":"7","timezone":"Europe/Riga","modification_date":"2010-07-23"},{"geonameid":"461064","name":"Berģi","asciiname":"Bergi","alternatenames":["Bergi","Berģi","Juglasciems"],"latitude":"56.98639","longitude":"24.29917","feature_class":"P","feature_code":"PPLA","country_code":"LV","cc2":"","admin1_code":"25","admin2_code":"","admin3_code":"","admin4_code":"","population":"0","elevation":"","dem":"14","timezone":"Europe/Riga","modification_date":"2013-07-01"},{"geonameid":"461114","name":"Bauska","asciiname":"Bauska","alternatenames":["Baouska","Bauska","Bauske","Bauskė","Bosko","bao si ka","bausaka","Μπαούσκα","Бауска","באוסקה","ਬੌਸਕਾ","ბაუსკა","包斯卡"],"latitude":"56.4075","longitude":"24.19056","feature_class":"P","feature_code":"PPLA","country_code":"LV","cc2":"","admin1_code":"04","admin2_code":"","admin3_code":"","admin4_code":"","population":"10532","elevation":"","dem":"30","timezone":"Europe/Riga","modification_date":"2012-01-16"},{"geonameid":"461163","name":"Balvi","asciiname":"Balvi","alternatenames":["Balvi","Balvy","Bolowsk","Bolvi","Балви"],"latitude":"57.1313","longitude":"27.26583","feature_class":"P","feature_code":"PPLA","country_code":"LV","cc2":"","admin1_code":"03","admin2_code":"","admin3_code":"","admin4_code":"","population":"8409","elevation":"","dem":"117","timezone":"Europe/Riga","modification_date":"2014-06-27"},{"geonameid":"461180","name":"Baltinava","asciiname":"Baltinava","alternatenames":["Baltinava","Baltinova","Балтинава"],"latitude":"56.95","longitude":"27.65","feature_class":"P","feature_code":"PPLA","country_code":"LV","cc2":"","admin1_code":"47","admin2_code":"","admin3_code":"","admin4_code":"","population":"0","elevation":"","dem":"92","timezone":"Europe/Riga","modification_date":"2012-01-16"},{"geonameid":"461224","name":"Baldone","asciiname":"Baldone","alternatenames":["Baldone"],"latitude":"56.74278","longitude":"24.39444","feature_class":"P","feature_code":"PPLA","country_code":"LV","cc2":"","admin1_code":"46","admin2_code":"","admin3_code":"","admin4_code":"","population":"2025","elevation":"","dem":"34","timezone":"Europe/Riga","modification_date":"2012-02-28"},{"geonameid":"461336","name":"Auce","asciiname":"Auce","alternatenames":["Auce","Aucė","Autse","Autz"],"latitude":"56.45981","longitude":"22.90169","feature_class":"P","feature_code":"PPLA","country_code":"LV","cc2":"","admin1_code":"44","admin2_code":"","admin3_code":"","admin4_code":"","population":"3125","elevation":"","dem":"91","timezone":"Europe/Riga","modification_date":"2013-07-01"},{"geonameid":"461442","name":"Ape","asciiname":"Ape","alternatenames":["Ape","Ope","Апе"],"latitude":"57.53928","longitude":"26.69291","feature_class":"P","feature_code":"PPLA","country_code":"LV","cc2":"","admin1_code":"43","admin2_code":"","admin3_code":"","admin4_code":"","population":"1521","elevation":"","dem":"82","timezone":"Europe/Riga","modification_date":"2014-06-26"},{"geonameid":"461528","name":"Alūksne","asciiname":"Aluksne","alternatenames":["Alksne","Alouksne","Aluksne","Alūksne","Alūksnė","Marienburg","a lu ke si nei","alukasana","aluksne","Αλούκσνε","Алуксне","אלוקסנה","ਅਲੁਕਸਨ","ალუქსნე","阿盧克斯內"],"latitude":"57.41667","longitude":"27.05","feature_class":"P","feature_code":"PPLA","country_code":"LV","cc2":"","admin1_code":"02","admin2_code":"","admin3_code":"","admin4_code":"","population":"2264","elevation":"","dem":"196","timezone":"Europe/Riga","modification_date":"2012-01-16"},{"geonameid":"461534","name":"Alsunga","asciiname":"Alsunga","alternatenames":["Alshvanga","Alsung","Alsunga","Alsvanga","Alšvanga","Алсунга"],"latitude":"56.98194","longitude":"21.55938","feature_class":"P","feature_code":"PPLA","country_code":"LV","cc2":"","admin1_code":"40","admin2_code":"","admin3_code":"","admin4_code":"","population":"940","elevation":"","dem":"33","timezone":"Europe/Riga","modification_date":"2013-07-01"},{"geonameid":"461539","name":"Aloja","asciiname":"Aloja","alternatenames":["Aloja","Alojas Muiza","Alojas Muiža","Aloya","Myza Aloya","Алоя"],"latitude":"57.76694","longitude":"24.8825","feature_class":"P","feature_code":"PPLA","country_code":"LV","cc2":"","admin1_code":"39","admin2_code":"","admin3_code":"","admin4_code":"","population":"1509","elevation":"","dem":"85","timezone":"Europe/Riga","modification_date":"2014-06-26"},{"geonameid":"461566","name":"Aknīste","asciiname":"Akniste","alternatenames":["Akniste","Aknīste","Акнисте"],"latitude":"56.16152","longitude":"25.74783","feature_class":"P","feature_code":"PPLA","country_code":"LV","cc2":"","admin1_code":"38","admin2_code":"","admin3_code":"","admin4_code":"","population":"1314","elevation":"","dem":"91","timezone":"Europe/Riga","modification_date":"2014-06-27"},{"geonameid":"461602","name":"Aizpute","asciiname":"Aizpute","alternatenames":["Aispute","Aizpute","Aizputė","Ayzpute","Gazenpot","Hazenpot"],"latitude":"56.71667","longitude":"21.6","feature_class":"P","feature_code":"PPLA","country_code":"LV","cc2":"","admin1_code":"37","admin2_code":"","admin3_code":"","admin4_code":"","population":"5634","elevation":"","dem":"66","timezone":"Europe/Riga","modification_date":"2012-01-16"},{"geonameid":"461615","name":"Aizkraukle","asciiname":"Aizkraukle","alternatenames":["Aizkraukle","Aizkraukles Muiza","Aizkraukles Muiža","Ayzkraukle"],"latitude":"56.60477","longitude":"25.25534","feature_class":"P","feature_code":"PPLA","country_code":"LV","cc2":"","admin1_code":"01","admin2_code":"","admin3_code":"","admin4_code":"","population":"8840","elevation":"","dem":"88","timezone":"Europe/Riga","modification_date":"2013-05-05"},{"geonameid":"461631","name":"Aglona","asciiname":"Aglona","alternatenames":["Aglona","Aglonas Muiza","Aglonas Muiža","Agluna","Myza Agluna","Аглона"],"latitude":"56.13333","longitude":"27.01667","feature_class":"P","feature_code":"PPLA","country_code":"LV","cc2":"","admin1_code":"35","admin2_code":"","admin3_code":"","admin4_code":"","population":"0","elevation":"","dem":"155","timezone":"Europe/Riga","modification_date":"2012-01-16"},{"geonameid":"461650","name":"Ādaži","asciiname":"Adazi","alternatenames":["Adazhi","Adazi","Ādaži"],"latitude":"57.07583","longitude":"24.32139","feature_class":"P","feature_code":"PPLA","country_code":"LV","cc2":"","admin1_code":"34","admin2_code":"","admin3_code":"","admin4_code":"","population":"0","elevation":"","dem":"5","timezone":"Europe/Riga","modification_date":"2012-01-16"},{"geonameid":"864723","name":"Mārupe","asciiname":"Marupe","alternatenames":[""],"latitude":"56.90544","longitude":"24.05113","feature_class":"P","feature_code":"PPLA","country_code":"LV","cc2":"","admin1_code":"95","admin2_code":"","admin3_code":"","admin4_code":"","population":"0","elevation":"","dem":"11","timezone":"Europe/Riga","modification_date":"2013-06-30"},{"geonameid":"453754","name":"Valmiera","asciiname":"Valmiera","alternatenames":["Gorad Valmiera","Valmeena","Valmeera","Valmeira","Valmera","Valmiera","Valmieras","Valmijera","Valmėira","Vol'mar","Wolmar","almyra","balmiela","valamira","valmiera","vu~arumiera","wa er mi ye la","wlmyrh","Валмиера","Валмијера","Валмієра","Горад Валміера","ולמירה","الميرا","ਵਾਲਮੀਰਾ","ვალმიერა","ヴァルミエラ","瓦爾米耶拉","발미에라"],"latitude":"57.54108","longitude":"25.42751","feature_class":"P","feature_code":"PPLA","country_code":"LV","cc2":"","admin1_code":"31","admin2_code":"","admin3_code":"","admin4_code":"","population":"26963","elevation":"45","dem":"43","timezone":"Europe/Riga","modification_date":"2013-08-28"},{"geonameid":"454310","name":"Ventspils","asciiname":"Ventspils","alternatenames":["VNT","Ventspilis","Ventspils","Vindau","Vindava","Wentspils","Windau","Вентспилс"],"latitude":"57.38944","longitude":"21.56056","feature_class":"P","feature_code":"PPLA","country_code":"LV","cc2":"","admin1_code":"32","admin2_code":"","admin3_code":"","admin4_code":"","population":"42644","elevation":"","dem":"11","timezone":"Europe/Riga","modification_date":"2015-03-31"},{"geonameid":"454432","name":"Vec-Liepāja","asciiname":"Vec-Liepaja","alternatenames":["Old Libau","Old Liepaja","Old Liepāja","Staraya Libava","Vec-Liepaja","Vec-Liepāja"],"latitude":"56.53333","longitude":"21.01667","feature_class":"P","feature_code":"PPLX","country_code":"LV","cc2":"","admin1_code":"16","admin2_code":"","admin3_code":"","admin4_code":"","population":"85260","elevation":"","dem":"6","timezone":"Europe/Riga","modification_date":"2012-01-16"},{"geonameid":"454768","name":"Tukums","asciiname":"Tukums","alternatenames":["Tukkum","Tukum","Tukumas","Tukumes","Tukums","Tukumės","to~ukumusu","tu ku mu si","tukumseu","Тукумс","トゥクムス","圖庫姆斯","투쿰스"],"latitude":"56.96694","longitude":"23.15528","feature_class":"P","feature_code":"PPLA","country_code":"LV","cc2":"","admin1_code":"29","admin2_code":"","admin3_code":"","admin4_code":"","population":"18348","elevation":"","dem":"63","timezone":"Europe/Riga","modification_date":"2012-01-16"},{"geonameid":"455898","name":"Salaspils","asciiname":"Salaspils","alternatenames":["Kirchholm","Kirkholm","Salaspeles","Salaspilis","Salaspils","Salaspėlės","sa la si pi er si","sallaseupilseu","Саласпилс","Саласпілс","薩拉斯皮爾斯","살라스필스"],"latitude":"56.86014","longitude":"24.36544","feature_class":"P","feature_code":"PPLA","country_code":"LV","cc2":"","admin1_code":"C3","admin2_code":"","admin3_code":"","admin4_code":"","population":"17606","elevation":"","dem":"21","timezone":"Europe/Riga","modification_date":"2013-06-30"},{"geonameid":"456172","name":"Riga","asciiname":"Riga","alternatenames":["Gorad Ryga","RIX","Reiga","Riga","Rigae","Rige","Rigg-a","Rigo","Riia","Riigaa","Riika","Rija","Riqa","Ryga","Ríga","Ríge","Rīga","li jia","liga","ri ka","riga","rika","ryga","rygh","rygha","ryja","Ρίγα","Горад Рыга","Ригæ","Рига","Ріґа","Ռիգա","ריגה","ריגע","رىگا","ريجا","ريغا","ریگا","रिगा","रीगा","রিগা","ரீகா","รีกา","རི་ག","რიგა","ሪጋ","リガ","里加","리가"],"latitude":"56.946","longitude":"24.10589","feature_class":"P","feature_code":"PPLC","country_code":"LV","cc2":"","admin1_code":"25","admin2_code":"","admin3_code":"","admin4_code":"","population":"742572","elevation":"","dem":"6","timezone":"Europe/Riga","modification_date":"2011-09-24"},{"geonameid":"456202","name":"Rēzekne","asciiname":"Rezekne","alternatenames":["Gorad Rehzehkneh","Rezekne","Rezeknė","Rezhitsa","Rezne","Riezekne","Riezeknė","Rositten","Ryezhitsa","Rzezyca","Rzeżyca","Rēzekne","Rēzne","Rėzeknė","lei ze ke nei","lejekeune","rezekune","ryzkny","rzqnh","Ρέζεκνε","Горад Рэзэкнэ","Резекне","Ռեզեկնե","רזקנה","ريزكني","რეზეკნე","レーゼクネ","雷澤克內","레제크네"],"latitude":"56.5","longitude":"27.31667","feature_class":"P","feature_code":"PPLA","country_code":"LV","cc2":"","admin1_code":"23","admin2_code":"","admin3_code":"","admin4_code":"","population":"38340","elevation":"","dem":"137","timezone":"Europe/Riga","modification_date":"2013-07-07"},{"geonameid":"457065","name":"Ogre","asciiname":"Ogre","alternatenames":["Ogre","Uogre","Uogrė","Огре"],"latitude":"56.8162","longitude":"24.61401","feature_class":"P","feature_code":"PPLA","country_code":"LV","cc2":"","admin1_code":"21","admin2_code":"","admin3_code":"","admin4_code":"","population":"26760","elevation":"","dem":"21","timezone":"Europe/Riga","modification_date":"2014-06-27"},{"geonameid":"457954","name":"Liepāja","asciiname":"Liepaja","alternatenames":["Gorad Liepaja","LPX","Leepaja","Lepaya","Libau","Libava","Liepagia","Liepaiya","Liepaja","Liepaya","Liepoja","Liepāja","Lietaja","Lietaya","Lijepaja","Lipawa","Liyepaya","li ye pa ya","lipaya","liyepaya","lyypʼyh","riepaya","Λιεπάγια","Λιεπαγια","Горад Ліепая","Лиепая","Лијепаја","Лієпая","לייפאיה","लीपाया","ლიეპაია","リエパーヤ","利耶帕亚","리예파야"],"latitude":"56.51667","longitude":"21.01667","feature_class":"P","feature_code":"PPLA","country_code":"LV","cc2":"","admin1_code":"16","admin2_code":"","admin3_code":"","admin4_code":"","population":"85132","elevation":"","dem":"6","timezone":"Europe/Riga","modification_date":"2012-01-16"},{"geonameid":"459201","name":"Jūrmala","asciiname":"Jurmala","alternatenames":["Jurmala","Jūrmala","Riga Beach","Riga-Strand","Rigas Iurmala","Rigas Jormalas Pilseta","Rigas Jurmala","Rigas Yurmala","Rigastrand","Rizhskoye Vzmor'ye","Rīgas Jormalas Pilsēta","Rīgas Jūrmala","Yuomala","Yurmala","Юрмала"],"latitude":"56.968","longitude":"23.77038","feature_class":"P","feature_code":"PPLA","country_code":"LV","cc2":"","admin1_code":"13","admin2_code":"","admin3_code":"","admin4_code":"","population":"54088","elevation":"","dem":"6","timezone":"Europe/Riga","modification_date":"2013-07-07"},{"geonameid":"459279","name":"Jelgava","asciiname":"Jelgava","alternatenames":["Elgava","Iyelgava","Jelgava","Jelgawa","Mitau","Mitava","Mitawa","Yelgava","Елгава","Елґава"],"latitude":"56.65","longitude":"23.71278","feature_class":"P","feature_code":"PPLA","country_code":"LV","cc2":"","admin1_code":"11","admin2_code":"","admin3_code":"","admin4_code":"","population":"61791","elevation":"","dem":"5","timezone":"Europe/Riga","modification_date":"2013-07-07"},{"geonameid":"459283","name":"Jēkabpils","asciiname":"Jekabpils","alternatenames":["Ekabpils","Gorad Ekabpils","Jakobstadt","Jakubmists","Jekabpeles","Jekabpilis","Jekabpils","Jākubmīsts","Jēkabpils","Jėkabpilis","Jėkabpėlės","Kreuzburg","Krustpils","Yakabpils","Yekabpils","i~ekabupirusu","jikabapilasa","ye ka bu pi er si","yekabpilseu","yqbpyls","Єкабпілс","Јекабпилс","Горад Екабпілс","Екабпилс","Йекабпилс","יקבפילס","ਜੀਕਾਬਪਿਲਸ","იეკაბპილსი","イェーカブピルス","葉卡布皮爾斯","예캅필스"],"latitude":"56.49903","longitude":"25.85735","feature_class":"P","feature_code":"PPLA","country_code":"LV","cc2":"","admin1_code":"10","admin2_code":"","admin3_code":"","admin4_code":"","population":"27078","elevation":"","dem":"83","timezone":"Europe/Riga","modification_date":"2014-06-27"},{"geonameid":"460413","name":"Daugavpils","asciiname":"Daugavpils","alternatenames":["DGP","Daugavpils","Daugawpils","Daugpilis","Daugpils","Daugpiļs","Duenaburg","Dunaburg","Duneburgum","Dvinsk","Dwinsk","Dyneburg","Dünaburg","Gorad Daugaupils","Ntaounkavpils","Vaeinaenlinna","Väinänlinna","daugafupirusu","daugapeupilseu","daugaupilsa","dawghafbyls","dwgapyls","tao ge fu pi er si","Νταουγκάβπιλς","Горад Даўгаўпілс","Даугавпилс","Даугавпіл��","Дауґавпілс","דאוגבפילס","דענענבורג","داوغافبيلس","دوگاپیلس","दौगौपिल्स","დაუგავპილსი","ダウガフピルス","陶格夫匹尔斯","다우가프필스","𐌳𐌰𐍅𐌲𐌰𐍅𐍀𐌹𐌻𐍃"],"latitude":"55.88333","longitude":"26.53333","feature_class":"P","feature_code":"PPLA","country_code":"LV","cc2":"","admin1_code":"07","admin2_code":"","admin3_code":"","admin4_code":"","population":"111564","elevation":"","dem":"103","timezone":"Europe/Riga","modification_date":"2013-07-07"},{"geonameid":"460570","name":"Cēsis","asciiname":"Cesis","alternatenames":["Cesis","Cesys","Ciesis","Cēsis","Cėsys","Kies","Kieś","Tsesis","Venden","Wenden","cai xi si","chesiseu","tsu~eshisu","zsys","Цесис","Цесіс","צסיס","ツェーシス","采西斯","체시스"],"latitude":"57.31188","longitude":"25.27456","feature_class":"P","feature_code":"PPLA","country_code":"LV","cc2":"","admin1_code":"05","admin2_code":"","admin3_code":"","admin4_code":"","population":"18198","elevation":"","dem":"102","timezone":"Europe/Riga","modification_date":"2013-06-28"}]}