{"country_data":{"ISO":"LB","ISO3":"LBN","ISO_Numeric":"422","fips":"LE","country":"Lebanon","capital":"Beirut","area":"10400","Population":"4125247","Continent":"AS","tld":".lb","CurrencyCode":"LBP","CurrencyName":"Pound","Phone":"961","Postal_Code_Format":"#### ####|####","Postal_Code_Regex":"^(\\d{4}(\\d{4})?)$","Languages":"ar-LB,fr-LB,en,hy","geonameid":"272103","neighbours":"SY,IL","EquivalentFipsCode":""},"cities":[{"geonameid":"266045","name":"Zahlé","asciiname":"Zahle","alternatenames":["Gorad Zakhle","QZQ","Zachle","Zahla","Zahlah","Zahle","Zahleh","Zahlé","Zahlė","Zakhla","Zakhle","Zaḩlah","jaheulle","zare","zha he lei","zhlh","zhlh  lbnan","zhlt","Ζάχλε","Горад Захле","Захла","Захле","זאכלא","זחלה","زحلة","زحله","زحله، لبنان","زحلہ","ザーレ","扎赫勒","자흘레"],"latitude":"33.84675","longitude":"35.90203","feature_class":"P","feature_code":"PPLA","country_code":"LB","cc2":"","admin1_code":"08","admin2_code":"","admin3_code":"","admin4_code":"","population":"78145","elevation":"","dem":"963","timezone":"Asia/Beirut","modification_date":"2013-04-21"},{"geonameid":"266826","name":"Tripoli","asciiname":"Tripoli","alternatenames":["Gorad Trypali","KYE","Tarabulus","Trablous","Trablussam","Trablusşam","Tripol","Tripoli","Tripolis","Tripolo","Tripuli","Trypolis","Trâblous","Trìpuli","Trípol","Trípoli","de li bo li","teulipolli","toripori","trabls","trabls alsham","tripoli","trippeali","trypwly","Ţarābulus","Τρίπολη","Горад Трыпалі","Триполи","Триполі","Տրիպոլի","טריפאלי","טריפולי","ترابلس","طرابلس","طرابلس الشام","त्रिपोली","ട്രിപ്പൊളി","ตริโปลี","ტრიპოლი","トリポリ","的黎波里","트리폴리"],"latitude":"34.43667","longitude":"35.84972","feature_class":"P","feature_code":"PPLA","country_code":"LB","cc2":"","admin1_code":"09","admin2_code":"","admin3_code":"","admin4_code":"","population":"229398","elevation":"","dem":"77","timezone":"Asia/Beirut","modification_date":"2012-02-02"},{"geonameid":"267008","name":"Tyre","asciiname":"Tyre","alternatenames":["Es Sur","Sor","Sour","Soûr","Sur","Surru","Tir","Tiro","Tyr","Tyras","Tyre","Tyros","Tyrus","Týros","alswr","swr","tai er","tirusu","zr","zwr","Şūr","Τύρος","Тир","Тір","Тѵръ","צור","צר","الصور","صور","Ṣur","Ṣurru","Ṣōr","ティルス","泰爾"],"latitude":"33.27333","longitude":"35.19389","feature_class":"P","feature_code":"PPLA2","country_code":"LB","cc2":"","admin1_code":"06","admin2_code":"","admin3_code":"","admin4_code":"","population":"135204","elevation":"","dem":"7","timezone":"Asia/Beirut","modification_date":"2012-02-02"},{"geonameid":"268064","name":"Sidon","asciiname":"Sidon","alternatenames":["Cidono","Gorad Sajda","QSQ","Saida","Sajda","Sayda","Saïda","Sido","Sidon","Sidona","Sidonas","Sidone","Sidun","Sidó","Sidón","Sidѡnu","Sydon","Sydón","Sídon","sai da","saida","si dxn","sidon","sidoni","syda","zydwn","Şaydā","Σιδώνα","Горад Сайда","Сайда","Сидон","Сідон","Сїдѡнъ","Սայդա","צידון","صيدا","صیدا","ไซดอน","სიდონი","サイダ","赛达","시돈"],"latitude":"33.55993","longitude":"35.37564","feature_class":"P","feature_code":"PPLA","country_code":"LB","cc2":"","admin1_code":"06","admin2_code":"","admin3_code":"","admin4_code":"","population":"163554","elevation":"","dem":"22","timezone":"Asia/Beirut","modification_date":"2013-04-04"},{"geonameid":"268743","name":"Ra’s Bayrūt","asciiname":"Ra's Bayrut","alternatenames":[""],"latitude":"33.9","longitude":"35.48333","feature_class":"P","feature_code":"PPLX","country_code":"LB","cc2":"","admin1_code":"04","admin2_code":"","admin3_code":"","admin4_code":"","population":"1251739","elevation":"","dem":"35","timezone":"Asia/Beirut","modification_date":"2006-01-17"},{"geonameid":"273140","name":"Djounie","asciiname":"Djounie","alternatenames":["Djounie","Jounie","Joünié","Juniyah","Jūniyah","jwnyh","جونيه"],"latitude":"33.98083","longitude":"35.61778","feature_class":"P","feature_code":"PPLA2","country_code":"LB","cc2":"","admin1_code":"05","admin2_code":"","admin3_code":"","admin4_code":"","population":"96315","elevation":"","dem":"40","timezone":"Asia/Beirut","modification_date":"2012-01-18"},{"geonameid":"273203","name":"Jbaïl","asciiname":"Jbail","alternatenames":["Bibl (Bibl)","Biblo","Biblos","Biblos (Biblos)","Biblus","Bueblosz","Byblos","Büblosz","Bīblūs","Djebail","Djébail","Gebal","Gibelet","Giblet","Gubayl","Gubla","Jbail","Jbayl","Jbaïl","Jbeil","Jebail","Jebaïl","Jubayl","Kypt (Keben)","Kypt (Kepen)","biburosu","byblws","gbl  (gbl)","jbyl","vyvlos (byblos)","Ǧubayl","βύβλος (byblos)","Библ (Bibl)","Библос (Biblos)","גבל  (gbl)","بيبلوس","جبيل","ビブロス"],"latitude":"34.12111","longitude":"35.64806","feature_class":"P","feature_code":"PPLA2","country_code":"LB","cc2":"","admin1_code":"05","admin2_code":"","admin3_code":"","admin4_code":"","population":"20784","elevation":"","dem":"33","timezone":"Asia/Beirut","modification_date":"2014-03-08"},{"geonameid":"274723","name":"Halba","asciiname":"Halba","alternatenames":["Aakar","Akkar","Halba","Halbe","`Akkar","hlba","حلبا","عكار","Ḩalbā","‘Akkār"],"latitude":"34.54278","longitude":"36.07972","feature_class":"P","feature_code":"PPLA","country_code":"LB","cc2":"","admin1_code":"10","admin2_code":"","admin3_code":"","admin4_code":"","population":"0","elevation":"","dem":"157","timezone":"Asia/Beirut","modification_date":"2012-02-02"},{"geonameid":"274874","name":"Habboûch","asciiname":"Habbouch","alternatenames":["Habbouch","Habboush","Habboûch","Habbush","Khabbushe","hbwsh","Хаббуше","حبوش","Ḩabbūsh"],"latitude":"33.40729","longitude":"35.48169","feature_class":"P","feature_code":"PPL","country_code":"LB","cc2":"","admin1_code":"07","admin2_code":"","admin3_code":"","admin4_code":"","population":"98433","elevation":"","dem":"457","timezone":"Asia/Beirut","modification_date":"2013-08-06"},{"geonameid":"276359","name":"Bcharré","asciiname":"Bcharre","alternatenames":["Basharri","Basharrī","Bcharre","Bcharreh","Bcharri","Bcharré","Bcharrī","Becharri","Besherri","Bishari","Bisharri","Bsharri","Bsharrī","Bsherri","bshry","Бишари","بشري"],"latitude":"34.25083","longitude":"36.01056","feature_class":"P","feature_code":"PPLA2","country_code":"LB","cc2":"","admin1_code":"09","admin2_code":"","admin3_code":"","admin4_code":"","population":"20000","elevation":"","dem":"1442","timezone":"Asia/Beirut","modification_date":"2012-01-18"},{"geonameid":"276781","name":"Beirut","asciiname":"Beirut","alternatenames":["BEY","Baeyrut","Bayrut","Bayrūt","Beiriut","Beiroet","Beirot","Beirots","Beirout","Beiroūt","Beirut","Beiruta","Beirutas","Beirute","Beirút","Beirût","Beirūta","Bejrut","Bejrut oshs'","Bejruto","Bejrút","Berut","Berytos","Berytus","Bewout","Beyrouth","Beyrut","Beyrutʻ","Birut","Bäyrut","Béiriút","Bêrût","Gorad Bejrut","bairut","bairuta","bayrut","bei lu te","beiluteu","beiruti","beiruto","berut","beruta","beyaruta","beyruta","beyrutt","biruta","byrwt","byyrwt","peyrut","Βηρυτός","Бейрут","Бейрут ошсь","Бејрут","Бәйрут","Горад Бейрут","Բեյրութ","ביירוט","ביירות","بيروت","بَيْرُوت","بیروت","بېيرۇت","بەیرووت","ܒܝܪܘܬ","बेयरूत","बेय्रुत","बैरूत","বৈরুত","ਬੇਰੂਤ","ବିରୁଟ","பெய்ரூத்","ಬೈರುತ್","ബെയ്റൂട്ട്","เบรุต","པ་ར་ཐ།","པེ་རུ་ཐེ།","ဘေရွတ်မြို့","ბეირუთი","ቤይሩት","ベイルート","貝魯特","贝鲁特","베이루트"],"latitude":"33.88894","longitude":"35.49442","feature_class":"P","feature_code":"PPLC","country_code":"LB","cc2":"","admin1_code":"04","admin2_code":"","admin3_code":"","admin4_code":"","population":"1916100","elevation":"","dem":"102","timezone":"Asia/Beirut","modification_date":"2010-08-11"},{"geonameid":"277130","name":"Baalbek","asciiname":"Baalbek","alternatenames":["Ba`albak","Ba`labak","Ba`labakk","Baal'bek","Baalbeck","Baalbek","Baalbekas","Baalmpek","Baglabek","Ba‘albak","Ba‘labak","Ba‘labakk","Heliopolis","Héliopolis","ba lei bei ke","baalbekeu","baalbeki","barubekku","bʻlbk","Μπάαλμπεκ","Баалбек","Баальбек","Бағлабек","Բաալբեկ","בעלבכ","بعلبك","بعلبک","ბაალბექი","バールベック","巴勒贝克","바알베크"],"latitude":"34.00583","longitude":"36.21806","feature_class":"P","feature_code":"PPLA","country_code":"LB","cc2":"","admin1_code":"11","admin2_code":"","admin3_code":"","admin4_code":"","population":"30916","elevation":"","dem":"1183","timezone":"Asia/Beirut","modification_date":"2014-03-09"},{"geonameid":"277226","name":"Baabda","asciiname":"Baabda","alternatenames":["B`abda","Baabda","Babda","B‘abdā","ba bo da","Баабда","Բաաբդա","באאבדע","בעבדא","بعبدا","بعبدا، لبنان","巴卜達"],"latitude":"33.83389","longitude":"35.54417","feature_class":"P","feature_code":"PPLA","country_code":"LB","cc2":"","admin1_code":"05","admin2_code":"","admin3_code":"","admin4_code":"","population":"9000","elevation":"","dem":"215","timezone":"Asia/Beirut","modification_date":"2013-08-09"},{"geonameid":"278832","name":"En Nâqoûra","asciiname":"En Naqoura","alternatenames":["An Naqurah","An Nāqūrah","En Nakura","En Naqoura","En Naqura","En Nâqoûra","En Nāqūra","En-Naqourah","Enn Naqoura","Enn Nâqoura","Naqoura"],"latitude":"33.11806","longitude":"35.13972","feature_class":"P","feature_code":"PPL","country_code":"LB","cc2":"","admin1_code":"06","admin2_code":"","admin3_code":"","admin4_code":"","population":"24910","elevation":"174","dem":"71","timezone":"Asia/Beirut","modification_date":"2014-09-05"},{"geonameid":"278913","name":"Nabatîyé et Tahta","asciiname":"Nabatiye et Tahta","alternatenames":["An Nabatiyah at Tahta","An Nabaţīyah at Taḩtā","NABATIEH TAHTA"],"latitude":"33.37889","longitude":"35.48389","feature_class":"P","feature_code":"PPLA","country_code":"LB","cc2":"","admin1_code":"07","admin2_code":"","admin3_code":"","admin4_code":"","population":"120000","elevation":"","dem":"428","timezone":"Asia/Beirut","modification_date":"2011-06-27"},{"geonameid":"280328","name":"Batroûn","asciiname":"Batroun","alternatenames":["Al Batrun","Al Batrūn","Batroun","Batroûn","Batrun","Batrūn","Botrys","albtrwn","البترون"],"latitude":"34.25528","longitude":"35.65806","feature_class":"P","feature_code":"PPLA2","country_code":"LB","cc2":"","admin1_code":"09","admin2_code":"","admin3_code":"","admin4_code":"","population":"10852","elevation":"","dem":"13","timezone":"Asia/Beirut","modification_date":"2012-01-18"},{"geonameid":"266045","name":"Zahlé","asciiname":"Zahle","alternatenames":["Gorad Zakhle","QZQ","Zachle","Zahla","Zahlah","Zahle","Zahleh","Zahlé","Zahlė","Zakhla","Zakhle","Zaḩlah","jaheulle","zare","zha he lei","zhlh","zhlh  lbnan","zhlt","Ζάχλε","Горад Захле","Захла","Захле","זאכלא","זחלה","زحلة","زحله","زحله، لبنان","زحلہ","ザーレ","扎赫勒","자흘레"],"latitude":"33.84675","longitude":"35.90203","feature_class":"P","feature_code":"PPLA","country_code":"LB","cc2":"","admin1_code":"08","admin2_code":"","admin3_code":"","admin4_code":"","population":"78145","elevation":"","dem":"963","timezone":"Asia/Beirut","modification_date":"2013-04-21"},{"geonameid":"266826","name":"Tripoli","asciiname":"Tripoli","alternatenames":["Gorad Trypali","KYE","Tarabulus","Trablous","Trablussam","Trablusşam","Tripol","Tripoli","Tripolis","Tripolo","Tripuli","Trypolis","Trâblous","Trìpuli","Trípol","Trípoli","de li bo li","teulipolli","toripori","trabls","trabls alsham","tripoli","trippeali","trypwly","Ţarābulus","Τρίπολη","Горад Трыпалі","Триполи","Триполі","Տրիպոլի","טריפאלי","טריפולי","ترابلس","طرابلس","طرابلس الشام","त्रिपोली","ട്രിപ്പൊളി","ตริโปลี","ტრიპოლი","トリポリ","的黎波里","트리폴리"],"latitude":"34.43667","longitude":"35.84972","feature_class":"P","feature_code":"PPLA","country_code":"LB","cc2":"","admin1_code":"09","admin2_code":"","admin3_code":"","admin4_code":"","population":"229398","elevation":"","dem":"77","timezone":"Asia/Beirut","modification_date":"2012-02-02"},{"geonameid":"267008","name":"Tyre","asciiname":"Tyre","alternatenames":["Es Sur","Sor","Sour","Soûr","Sur","Surru","Tir","Tiro","Tyr","Tyras","Tyre","Tyros","Tyrus","Týros","alswr","swr","tai er","tirusu","zr","zwr","Şūr","Τύρος","Тир","Тір","Тѵръ","צור","צר","الصور","صور","Ṣur","Ṣurru","Ṣōr","ティルス","泰爾"],"latitude":"33.27333","longitude":"35.19389","feature_class":"P","feature_code":"PPLA2","country_code":"LB","cc2":"","admin1_code":"06","admin2_code":"","admin3_code":"","admin4_code":"","population":"135204","elevation":"","dem":"7","timezone":"Asia/Beirut","modification_date":"2012-02-02"},{"geonameid":"268064","name":"Sidon","asciiname":"Sidon","alternatenames":["Cidono","Gorad Sajda","QSQ","Saida","Sajda","Sayda","Saïda","Sido","Sidon","Sidona","Sidonas","Sidone","Sidun","Sidó","Sidón","Sidѡnu","Sydon","Sydón","Sídon","sai da","saida","si dxn","sidon","sidoni","syda","zydwn","Şaydā","Σιδώνα","Горад Сайда","Сайда","Сидон","Сідон","Сїдѡнъ","Սայդա","צידון","صيدا","صیدا","ไซดอน","სიდონი","サイダ","赛达","시돈"],"latitude":"33.55993","longitude":"35.37564","feature_class":"P","feature_code":"PPLA","country_code":"LB","cc2":"","admin1_code":"06","admin2_code":"","admin3_code":"","admin4_code":"","population":"163554","elevation":"","dem":"22","timezone":"Asia/Beirut","modification_date":"2013-04-04"},{"geonameid":"268743","name":"Ra’s Bayrūt","asciiname":"Ra's Bayrut","alternatenames":[""],"latitude":"33.9","longitude":"35.48333","feature_class":"P","feature_code":"PPLX","country_code":"LB","cc2":"","admin1_code":"04","admin2_code":"","admin3_code":"","admin4_code":"","population":"1251739","elevation":"","dem":"35","timezone":"Asia/Beirut","modification_date":"2006-01-17"},{"geonameid":"273140","name":"Djounie","asciiname":"Djounie","alternatenames":["Djounie","Jounie","Joünié","Juniyah","Jūniyah","jwnyh","جونيه"],"latitude":"33.98083","longitude":"35.61778","feature_class":"P","feature_code":"PPLA2","country_code":"LB","cc2":"","admin1_code":"05","admin2_code":"","admin3_code":"","admin4_code":"","population":"96315","elevation":"","dem":"40","timezone":"Asia/Beirut","modification_date":"2012-01-18"},{"geonameid":"273203","name":"Jbaïl","asciiname":"Jbail","alternatenames":["Bibl (Bibl)","Biblo","Biblos","Biblos (Biblos)","Biblus","Bueblosz","Byblos","Büblosz","Bīblūs","Djebail","Djébail","Gebal","Gibelet","Giblet","Gubayl","Gubla","Jbail","Jbayl","Jbaïl","Jbeil","Jebail","Jebaïl","Jubayl","Kypt (Keben)","Kypt (Kepen)","biburosu","byblws","gbl  (gbl)","jbyl","vyvlos (byblos)","Ǧubayl","βύβλος (byblos)","Библ (Bibl)","Библос (Biblos)","גבל  (gbl)","بيبلوس","جبيل","ビブロス"],"latitude":"34.12111","longitude":"35.64806","feature_class":"P","feature_code":"PPLA2","country_code":"LB","cc2":"","admin1_code":"05","admin2_code":"","admin3_code":"","admin4_code":"","population":"20784","elevation":"","dem":"33","timezone":"Asia/Beirut","modification_date":"2014-03-08"},{"geonameid":"274874","name":"Habboûch","asciiname":"Habbouch","alternatenames":["Habbouch","Habboush","Habboûch","Habbush","Khabbushe","hbwsh","Хаббуше","حبوش","Ḩabbūsh"],"latitude":"33.40729","longitude":"35.48169","feature_class":"P","feature_code":"PPL","country_code":"LB","cc2":"","admin1_code":"07","admin2_code":"","admin3_code":"","admin4_code":"","population":"98433","elevation":"","dem":"457","timezone":"Asia/Beirut","modification_date":"2013-08-06"},{"geonameid":"276359","name":"Bcharré","asciiname":"Bcharre","alternatenames":["Basharri","Basharrī","Bcharre","Bcharreh","Bcharri","Bcharré","Bcharrī","Becharri","Besherri","Bishari","Bisharri","Bsharri","Bsharrī","Bsherri","bshry","Бишари","بشري"],"latitude":"34.25083","longitude":"36.01056","feature_class":"P","feature_code":"PPLA2","country_code":"LB","cc2":"","admin1_code":"09","admin2_code":"","admin3_code":"","admin4_code":"","population":"20000","elevation":"","dem":"1442","timezone":"Asia/Beirut","modification_date":"2012-01-18"},{"geonameid":"276781","name":"Beirut","asciiname":"Beirut","alternatenames":["BEY","Baeyrut","Bayrut","Bayrūt","Beiriut","Beiroet","Beirot","Beirots","Beirout","Beiroūt","Beirut","Beiruta","Beirutas","Beirute","Beirút","Beirût","Beirūta","Bejrut","Bejrut oshs'","Bejruto","Bejrút","Berut","Berytos","Berytus","Bewout","Beyrouth","Beyrut","Beyrutʻ","Birut","Bäyrut","Béiriút","Bêrût","Gorad Bejrut","bairut","bairuta","bayrut","bei lu te","beiluteu","beiruti","beiruto","berut","beruta","beyaruta","beyruta","beyrutt","biruta","byrwt","byyrwt","peyrut","Βηρυτός","Бейрут","Бейрут ошсь","Бејрут","Бәйрут","Горад Бейрут","Բեյրութ","ביירוט","ביירות","بيروت","بَيْرُوت","بیروت","بېيرۇت","بەیرووت","ܒܝܪܘܬ","बेयरूत","बेय्रुत","बैरूत","বৈরুত","ਬੇਰੂਤ","ବିରୁଟ","பெய்ரூத்","ಬೈರುತ್","ബെയ്റൂട്ട്","เบรุต","པ་ར་ཐ།","པེ་རུ་ཐེ།","ဘေရွတ်မြို့","ბეირუთი","ቤይሩት","ベイルート","貝魯特","贝鲁特","베이루트"],"latitude":"33.88894","longitude":"35.49442","feature_class":"P","feature_code":"PPLC","country_code":"LB","cc2":"","admin1_code":"04","admin2_code":"","admin3_code":"","admin4_code":"","population":"1916100","elevation":"","dem":"102","timezone":"Asia/Beirut","modification_date":"2010-08-11"},{"geonameid":"277130","name":"Baalbek","asciiname":"Baalbek","alternatenames":["Ba`albak","Ba`labak","Ba`labakk","Baal'bek","Baalbeck","Baalbek","Baalbekas","Baalmpek","Baglabek","Ba‘albak","Ba‘labak","Ba‘labakk","Heliopolis","Héliopolis","ba lei bei ke","baalbekeu","baalbeki","barubekku","bʻlbk","Μπάαλμπεκ","Баалбек","Баальбек","Бағлабек","Բաալբեկ","בעלבכ","بعلبك","بعلبک","ბაალბექი","バールベック","巴勒贝克","바알베크"],"latitude":"34.00583","longitude":"36.21806","feature_class":"P","feature_code":"PPLA","country_code":"LB","cc2":"","admin1_code":"11","admin2_code":"","admin3_code":"","admin4_code":"","population":"30916","elevation":"","dem":"1183","timezone":"Asia/Beirut","modification_date":"2014-03-09"},{"geonameid":"278832","name":"En Nâqoûra","asciiname":"En Naqoura","alternatenames":["An Naqurah","An Nāqūrah","En Nakura","En Naqoura","En Naqura","En Nâqoûra","En Nāqūra","En-Naqourah","Enn Naqoura","Enn Nâqoura","Naqoura"],"latitude":"33.11806","longitude":"35.13972","feature_class":"P","feature_code":"PPL","country_code":"LB","cc2":"","admin1_code":"06","admin2_code":"","admin3_code":"","admin4_code":"","population":"24910","elevation":"174","dem":"71","timezone":"Asia/Beirut","modification_date":"2014-09-05"},{"geonameid":"278913","name":"Nabatîyé et Tahta","asciiname":"Nabatiye et Tahta","alternatenames":["An Nabatiyah at Tahta","An Nabaţīyah at Taḩtā","NABATIEH TAHTA"],"latitude":"33.37889","longitude":"35.48389","feature_class":"P","feature_code":"PPLA","country_code":"LB","cc2":"","admin1_code":"07","admin2_code":"","admin3_code":"","admin4_code":"","population":"120000","elevation":"","dem":"428","timezone":"Asia/Beirut","modification_date":"2011-06-27"}]}