{"country_data":{"ISO":"LR","ISO3":"LBR","ISO_Numeric":"430","fips":"LI","country":"Liberia","capital":"Monrovia","area":"111370","Population":"3685076","Continent":"AF","tld":".lr","CurrencyCode":"LRD","CurrencyName":"Dollar","Phone":"231","Postal_Code_Format":"####","Postal_Code_Regex":"^(\\d{4})$","Languages":"en-LR","geonameid":"2275384","neighbours":"SL,CI,GN","EquivalentFipsCode":""},"cities":[{"geonameid":"2272491","name":"Zwedru","asciiname":"Zwedru","alternatenames":["Tchien","Zvedru","Zwadhru","Zwedru","Зведру"],"latitude":"6.06846","longitude":"-8.13559","feature_class":"P","feature_code":"PPLA","country_code":"LR","cc2":"","admin1_code":"19","admin2_code":"","admin3_code":"","admin4_code":"","population":"25678","elevation":"","dem":"221","timezone":"Africa/Monrovia","modification_date":"2015-01-07"},{"geonameid":"2272790","name":"New Yekepa","asciiname":"New Yekepa","alternatenames":["Lamco","Lamco Community","New Yekepa","Yekepa"],"latitude":"7.57944","longitude":"-8.53778","feature_class":"P","feature_code":"PPL","country_code":"LR","cc2":"","admin1_code":"09","admin2_code":"","admin3_code":"","admin4_code":"","population":"24695","elevation":"","dem":"510","timezone":"Africa/Monrovia","modification_date":"2012-01-17"},{"geonameid":"2273312","name":"Voinjama","asciiname":"Voinjama","alternatenames":["VOI","Voinjama","Voinyamai","Vonjama"],"latitude":"8.42194","longitude":"-9.74778","feature_class":"P","feature_code":"PPLA","country_code":"LR","cc2":"LR","admin1_code":"20","admin2_code":"","admin3_code":"","admin4_code":"","population":"26594","elevation":"","dem":"550","timezone":"Africa/Monrovia","modification_date":"2012-01-17"},{"geonameid":"2273435","name":"Tubmanburg","asciiname":"Tubmanburg","alternatenames":["Bomi Hills","Tubmanburg","Vai Tieda","Vaitown"],"latitude":"6.87064","longitude":"-10.8211","feature_class":"P","feature_code":"PPLA","country_code":"LR","cc2":"","admin1_code":"15","admin2_code":"","admin3_code":"","admin4_code":"","population":"3155","elevation":"","dem":"71","timezone":"Africa/Monrovia","modification_date":"2014-11-05"},{"geonameid":"2273638","name":"Fish Town","asciiname":"Fish Town","alternatenames":["Datoda","Fish Town","Fish Town City","Tendekehn"],"latitude":"5.19739","longitude":"-7.87579","feature_class":"P","feature_code":"PPLA","country_code":"LR","cc2":"","admin1_code":"22","admin2_code":"","admin3_code":"","admin4_code":"","population":"3328","elevation":"","dem":"199","timezone":"Africa/Monrovia","modification_date":"2015-05-06"},{"geonameid":"2274129","name":"Sanniquellie","asciiname":"Sanniquellie","alternatenames":["Sanaquelli","Sangbui","Saniquellie","Sanniguellie","Sanniquellie","Sanniquellie City","Sanokole","Sanokwele","Sanokwelle","Sanoquelli","Sanquilly","Senbui"],"latitude":"7.36215","longitude":"-8.71326","feature_class":"P","feature_code":"PPLA","country_code":"LR","cc2":"","admin1_code":"09","admin2_code":"","admin3_code":"","admin4_code":"","population":"11415","elevation":"","dem":"430","timezone":"Africa/Monrovia","modification_date":"2015-05-06"},{"geonameid":"2274275","name":"Robertsport","asciiname":"Robertsport","alternatenames":["Port Robert","Robert Port","Roberts Port","Robertson","Robertsport","Robertstown"],"latitude":"6.75329","longitude":"-11.3671","feature_class":"P","feature_code":"PPLA","country_code":"LR","cc2":"","admin1_code":"12","admin2_code":"","admin3_code":"","admin4_code":"","population":"11969","elevation":"","dem":"25","timezone":"Africa/Monrovia","modification_date":"2014-11-05"},{"geonameid":"2274288","name":"Cestos City","asciiname":"Cestos City","alternatenames":["Cesstos City","Cestos City","Niboinkui","RVC","River Cess","River Cess Settlement","Rivercess"],"latitude":"5.45683","longitude":"-9.58167","feature_class":"P","feature_code":"PPLA","country_code":"LR","cc2":"","admin1_code":"18","admin2_code":"","admin3_code":"","admin4_code":"","population":"2578","elevation":"","dem":"5","timezone":"Africa/Monrovia","modification_date":"2014-12-03"},{"geonameid":"2274895","name":"Monrovia","asciiname":"Monrovia","alternatenames":["Gorad Manrovija","MLW","Monrobia","Monrofia","Monrovi","Monrovia","Monrovija","Monrovio","Monroviya","Monrowia","Monròvia","Monróvia","Monróvía","manarobhiya","manroweiy","meng luo wei ya","monarovi'a","monlobia","monrobia","monrovhiya","monrovia","monroviya","mwnrwbyh","mwnrwfya","mwnrwwya","Μονρόβια","Горад Манровія","Монрови","Монровия","Монровија","Монровія","Մոնրովիա","מאנראוויע","מונרוביה","مونروفيا","مونروویا","مۆنرۆڤیا","मोन्रोव्हिया","মনরোভিয়া","ਮੋਨਰੋਵੀਆ","மொன்ரோவியா","มันโรเวีย","མོང་རོ་ཝི་ཡ།","მონროვია","ሞንሮቪያ","モンロビア","蒙罗维亚","蒙羅維亞","몬로비아"],"latitude":"6.30054","longitude":"-10.7969","feature_class":"P","feature_code":"PPLC","country_code":"LR","cc2":"","admin1_code":"14","admin2_code":"","admin3_code":"","admin4_code":"","population":"939524","elevation":"","dem":"32","timezone":"Africa/Monrovia","modification_date":"2010-05-30"},{"geonameid":"2276086","name":"Kakata","asciiname":"Kakata","alternatenames":["Kakata","Kakata City"],"latitude":"6.53104","longitude":"-10.35368","feature_class":"P","feature_code":"PPLA","country_code":"LR","cc2":"","admin1_code":"17","admin2_code":"","admin3_code":"","admin4_code":"","population":"33945","elevation":"","dem":"97","timezone":"Africa/Monrovia","modification_date":"2015-05-06"},{"geonameid":"2276492","name":"Harper","asciiname":"Harper","alternatenames":["CPA","Cape Palmas","Harper","Harper City"],"latitude":"4.3782","longitude":"-7.71081","feature_class":"P","feature_code":"PPLA","country_code":"LR","cc2":"","admin1_code":"13","admin2_code":"","admin3_code":"","admin4_code":"","population":"32661","elevation":"","dem":"14","timezone":"Africa/Monrovia","modification_date":"2015-07-03"},{"geonameid":"2276600","name":"Greenville","asciiname":"Greenville","alternatenames":["Greenville","Greenville City","SNI","Sino","Sinoe","Sinu","Sinu Village"],"latitude":"5.01133","longitude":"-9.0388","feature_class":"P","feature_code":"PPLA","country_code":"LR","cc2":"","admin1_code":"10","admin2_code":"","admin3_code":"","admin4_code":"","population":"16434","elevation":"","dem":"10","timezone":"Africa/Monrovia","modification_date":"2015-05-06"},{"geonameid":"2277060","name":"Gbarnga","asciiname":"Gbarnga","alternatenames":["Gbanga","Gbanka","Gbarnga","Gbarnga City","Gbarnge","Gbarnka","Гбарнге"],"latitude":"6.99543","longitude":"-9.47122","feature_class":"P","feature_code":"PPLA","country_code":"LR","cc2":"","admin1_code":"01","admin2_code":"","admin3_code":"","admin4_code":"","population":"45835","elevation":"","dem":"253","timezone":"Africa/Monrovia","modification_date":"2015-05-06"},{"geonameid":"2277197","name":"Ganta","asciiname":"Ganta","alternatenames":[""],"latitude":"7.30222","longitude":"-8.53083","feature_class":"P","feature_code":"PPL","country_code":"LR","cc2":"","admin1_code":"09","admin2_code":"","admin3_code":"","admin4_code":"","population":"13802","elevation":"","dem":"408","timezone":"Africa/Monrovia","modification_date":"2006-01-17"},{"geonameid":"2278158","name":"Buchanan","asciiname":"Buchanan","alternatenames":["B'jukenen","Buchanan","Fish Town","Grand Bassa","Lower Buchanan","UCN","Бьюкенен"],"latitude":"5.88109","longitude":"-10.04472","feature_class":"P","feature_code":"PPLA","country_code":"LR","cc2":"","admin1_code":"11","admin2_code":"","admin3_code":"","admin4_code":"","population":"25731","elevation":"","dem":"15","timezone":"Africa/Monrovia","modification_date":"2014-11-05"},{"geonameid":"2278248","name":"Bopolu","asciiname":"Bopolu","alternatenames":["Bopolu","Bopora","Boporo"],"latitude":"7.06667","longitude":"-10.4875","feature_class":"P","feature_code":"PPLA","country_code":"LR","cc2":"LR","admin1_code":"21","admin2_code":"","admin3_code":"","admin4_code":"","population":"2908","elevation":"","dem":"179","timezone":"Africa/Monrovia","modification_date":"2012-01-17"},{"geonameid":"2278682","name":"Bensonville","asciiname":"Bensonville","alternatenames":["Bensonville","Bensonville City","Bentol","Bentol City","Бенсонвилле"],"latitude":"6.44716","longitude":"-10.61283","feature_class":"P","feature_code":"PPLA","country_code":"LR","cc2":"","admin1_code":"14","admin2_code":"","admin3_code":"","admin4_code":"","population":"33188","elevation":"","dem":"54","timezone":"Africa/Monrovia","modification_date":"2015-07-03"},{"geonameid":"2278889","name":"Barclayville","asciiname":"Barclayville","alternatenames":["Barclayville","Barlayville"],"latitude":"4.67443","longitude":"-8.23306","feature_class":"P","feature_code":"PPLA","country_code":"LR","cc2":"","admin1_code":"16","admin2_code":"","admin3_code":"","admin4_code":"","population":"2733","elevation":"","dem":"20","timezone":"Africa/Monrovia","modification_date":"2014-12-03"},{"geonameid":"2272491","name":"Zwedru","asciiname":"Zwedru","alternatenames":["Tchien","Zvedru","Zwadhru","Zwedru","Зведру"],"latitude":"6.06846","longitude":"-8.13559","feature_class":"P","feature_code":"PPLA","country_code":"LR","cc2":"","admin1_code":"19","admin2_code":"","admin3_code":"","admin4_code":"","population":"25678","elevation":"","dem":"221","timezone":"Africa/Monrovia","modification_date":"2015-01-07"},{"geonameid":"2272790","name":"New Yekepa","asciiname":"New Yekepa","alternatenames":["Lamco","Lamco Community","New Yekepa","Yekepa"],"latitude":"7.57944","longitude":"-8.53778","feature_class":"P","feature_code":"PPL","country_code":"LR","cc2":"","admin1_code":"09","admin2_code":"","admin3_code":"","admin4_code":"","population":"24695","elevation":"","dem":"510","timezone":"Africa/Monrovia","modification_date":"2012-01-17"},{"geonameid":"2273312","name":"Voinjama","asciiname":"Voinjama","alternatenames":["VOI","Voinjama","Voinyamai","Vonjama"],"latitude":"8.42194","longitude":"-9.74778","feature_class":"P","feature_code":"PPLA","country_code":"LR","cc2":"LR","admin1_code":"20","admin2_code":"","admin3_code":"","admin4_code":"","population":"26594","elevation":"","dem":"550","timezone":"Africa/Monrovia","modification_date":"2012-01-17"},{"geonameid":"2274895","name":"Monrovia","asciiname":"Monrovia","alternatenames":["Gorad Manrovija","MLW","Monrobia","Monrofia","Monrovi","Monrovia","Monrovija","Monrovio","Monroviya","Monrowia","Monròvia","Monróvia","Monróvía","manarobhiya","manroweiy","meng luo wei ya","monarovi'a","monlobia","monrobia","monrovhiya","monrovia","monroviya","mwnrwbyh","mwnrwfya","mwnrwwya","Μονρόβια","Горад Манровія","Монрови","Монровия","Монровија","Монровія","Մոնրովիա","מאנראוויע","מונרוביה","مونروفيا","مونروویا","مۆنرۆڤیا","मोन्रोव्हिया","মনরোভিয়া","ਮੋਨਰੋਵੀਆ","மொன்ரோவியா","มันโรเวีย","མོང་རོ་ཝི་ཡ།","მონროვია","ሞንሮቪያ","モンロビア","蒙罗维亚","蒙羅維亞","몬로비아"],"latitude":"6.30054","longitude":"-10.7969","feature_class":"P","feature_code":"PPLC","country_code":"LR","cc2":"","admin1_code":"14","admin2_code":"","admin3_code":"","admin4_code":"","population":"939524","elevation":"","dem":"32","timezone":"Africa/Monrovia","modification_date":"2010-05-30"},{"geonameid":"2276086","name":"Kakata","asciiname":"Kakata","alternatenames":["Kakata","Kakata City"],"latitude":"6.53104","longitude":"-10.35368","feature_class":"P","feature_code":"PPLA","country_code":"LR","cc2":"","admin1_code":"17","admin2_code":"","admin3_code":"","admin4_code":"","population":"33945","elevation":"","dem":"97","timezone":"Africa/Monrovia","modification_date":"2015-05-06"},{"geonameid":"2276492","name":"Harper","asciiname":"Harper","alternatenames":["CPA","Cape Palmas","Harper","Harper City"],"latitude":"4.3782","longitude":"-7.71081","feature_class":"P","feature_code":"PPLA","country_code":"LR","cc2":"","admin1_code":"13","admin2_code":"","admin3_code":"","admin4_code":"","population":"32661","elevation":"","dem":"14","timezone":"Africa/Monrovia","modification_date":"2015-07-03"},{"geonameid":"2276600","name":"Greenville","asciiname":"Greenville","alternatenames":["Greenville","Greenville City","SNI","Sino","Sinoe","Sinu","Sinu Village"],"latitude":"5.01133","longitude":"-9.0388","feature_class":"P","feature_code":"PPLA","country_code":"LR","cc2":"","admin1_code":"10","admin2_code":"","admin3_code":"","admin4_code":"","population":"16434","elevation":"","dem":"10","timezone":"Africa/Monrovia","modification_date":"2015-05-06"},{"geonameid":"2277060","name":"Gbarnga","asciiname":"Gbarnga","alternatenames":["Gbanga","Gbanka","Gbarnga","Gbarnga City","Gbarnge","Gbarnka","Гбарнге"],"latitude":"6.99543","longitude":"-9.47122","feature_class":"P","feature_code":"PPLA","country_code":"LR","cc2":"","admin1_code":"01","admin2_code":"","admin3_code":"","admin4_code":"","population":"45835","elevation":"","dem":"253","timezone":"Africa/Monrovia","modification_date":"2015-05-06"},{"geonameid":"2278158","name":"Buchanan","asciiname":"Buchanan","alternatenames":["B'jukenen","Buchanan","Fish Town","Grand Bassa","Lower Buchanan","UCN","Бьюкенен"],"latitude":"5.88109","longitude":"-10.04472","feature_class":"P","feature_code":"PPLA","country_code":"LR","cc2":"","admin1_code":"11","admin2_code":"","admin3_code":"","admin4_code":"","population":"25731","elevation":"","dem":"15","timezone":"Africa/Monrovia","modification_date":"2014-11-05"},{"geonameid":"2278682","name":"Bensonville","asciiname":"Bensonville","alternatenames":["Bensonville","Bensonville City","Bentol","Bentol City","Бенсонвилле"],"latitude":"6.44716","longitude":"-10.61283","feature_class":"P","feature_code":"PPLA","country_code":"LR","cc2":"","admin1_code":"14","admin2_code":"","admin3_code":"","admin4_code":"","population":"33188","elevation":"","dem":"54","timezone":"Africa/Monrovia","modification_date":"2015-07-03"}]}