{"country_data":{"ISO":"LI","ISO3":"LIE","ISO_Numeric":"438","fips":"LS","country":"Liechtenstein","capital":"Vaduz","area":"160","Population":"35000","Continent":"EU","tld":".li","CurrencyCode":"CHF","CurrencyName":"Franc","Phone":"423","Postal_Code_Format":"####","Postal_Code_Regex":"^(\\d{4})$","Languages":"de-LI","geonameid":"3042058","neighbours":"CH,AT","EquivalentFipsCode":""},"cities":[{"geonameid":"3042030","name":"Vaduz","asciiname":"Vaduz","alternatenames":["Bantouz","QVU","Vaduc","Vaducas","Vaduz","Vaduzo","fado~utsu","paducheu","vadutsi","wa dou zi","Βαντούζ","Вадуц","פאדוץ","ვადუცი","ፋዱጽ","ファドゥーツ","瓦都茲","파두츠"],"latitude":"47.14151","longitude":"9.52154","feature_class":"P","feature_code":"PPLC","country_code":"LI","cc2":"","admin1_code":"11","admin2_code":"","admin3_code":"","admin4_code":"","population":"5197","elevation":"","dem":"465","timezone":"Europe/Vaduz","modification_date":"2013-04-02"},{"geonameid":"3042033","name":"Triesenberg","asciiname":"Triesenberg","alternatenames":["Triesenberg","torizenberuku","トリーゼンベルク"],"latitude":"47.11815","longitude":"9.54197","feature_class":"P","feature_code":"PPLA","country_code":"LI","cc2":"","admin1_code":"10","admin2_code":"","admin3_code":"","admin4_code":"","population":"2689","elevation":"","dem":"854","timezone":"Europe/Vaduz","modification_date":"2013-04-02"},{"geonameid":"3042035","name":"Triesen","asciiname":"Triesen","alternatenames":["Triesen","Trizen","torizen","Тризен","トリーゼン"],"latitude":"47.10752","longitude":"9.52815","feature_class":"P","feature_code":"PPLA","country_code":"LI","cc2":"","admin1_code":"09","admin2_code":"","admin3_code":"","admin4_code":"","population":"4701","elevation":"","dem":"500","timezone":"Europe/Vaduz","modification_date":"2013-10-13"},{"geonameid":"3042037","name":"Schellenberg","asciiname":"Schellenberg","alternatenames":["Schellenberg","sherenberuku","シェレンベルク"],"latitude":"47.23123","longitude":"9.54678","feature_class":"P","feature_code":"PPLA","country_code":"LI","cc2":"","admin1_code":"08","admin2_code":"","admin3_code":"","admin4_code":"","population":"1004","elevation":"","dem":"631","timezone":"Europe/Vaduz","modification_date":"2013-04-02"},{"geonameid":"3042041","name":"Schaan","asciiname":"Schaan","alternatenames":["Schaan","Schan","Shaan","shan","Шаан","شان","シャーン"],"latitude":"47.16498","longitude":"9.50867","feature_class":"P","feature_code":"PPLA","country_code":"LI","cc2":"","admin1_code":"07","admin2_code":"","admin3_code":"","admin4_code":"","population":"5748","elevation":"","dem":"453","timezone":"Europe/Vaduz","modification_date":"2013-10-13"},{"geonameid":"3042046","name":"Ruggell","asciiname":"Ruggell","alternatenames":["Rugell","Ruggell","Ruggell'","ruggeru","Руггелль","ルッゲル"],"latitude":"47.23799","longitude":"9.5254","feature_class":"P","feature_code":"PPLA","country_code":"LI","cc2":"","admin1_code":"06","admin2_code":"","admin3_code":"","admin4_code":"","population":"1862","elevation":"","dem":"434","timezone":"Europe/Vaduz","modification_date":"2013-04-02"},{"geonameid":"3042049","name":"Planken","asciiname":"Planken","alternatenames":["Blanken","Planken","puranken","Планкен","プランケン"],"latitude":"47.18516","longitude":"9.54437","feature_class":"P","feature_code":"PPLA","country_code":"LI","cc2":"","admin1_code":"05","admin2_code":"","admin3_code":"","admin4_code":"","population":"377","elevation":"","dem":"785","timezone":"Europe/Vaduz","modification_date":"2013-04-02"},{"geonameid":"3042055","name":"Mauren","asciiname":"Mauren","alternatenames":["Mauern","Mauren","mauren","マウレン"],"latitude":"47.21805","longitude":"9.5442","feature_class":"P","feature_code":"PPLA","country_code":"LI","cc2":"","admin1_code":"04","admin2_code":"","admin3_code":"","admin4_code":"","population":"3626","elevation":"","dem":"452","timezone":"Europe/Vaduz","modification_date":"2013-04-02"},{"geonameid":"3042062","name":"Gamprin","asciiname":"Gamprin","alternatenames":["Gambrin","Gamprin","Gamprin-Bendern","ganpurin","Гамприн","ガンプリン"],"latitude":"47.22038","longitude":"9.50935","feature_class":"P","feature_code":"PPLA","country_code":"LI","cc2":"","admin1_code":"03","admin2_code":"","admin3_code":"","admin4_code":"","population":"1268","elevation":"","dem":"470","timezone":"Europe/Vaduz","modification_date":"2013-04-02"},{"geonameid":"3042068","name":"Eschen","asciiname":"Eschen","alternatenames":["Eschen","esshen","エッシェン"],"latitude":"47.21071","longitude":"9.52223","feature_class":"P","feature_code":"PPLA","country_code":"LI","cc2":"","admin1_code":"02","admin2_code":"","admin3_code":"","admin4_code":"","population":"4008","elevation":"","dem":"446","timezone":"Europe/Vaduz","modification_date":"2013-04-02"},{"geonameid":"3042073","name":"Balzers","asciiname":"Balzers","alternatenames":["Balzers","baruzasu","バルザース"],"latitude":"47.06667","longitude":"9.5","feature_class":"P","feature_code":"PPLA","country_code":"LI","cc2":"LI","admin1_code":"01","admin2_code":"","admin3_code":"","admin4_code":"","population":"4447","elevation":"","dem":"476","timezone":"Europe/Vaduz","modification_date":"2013-04-02"},{"geonameid":"3042030","name":"Vaduz","asciiname":"Vaduz","alternatenames":["Bantouz","QVU","Vaduc","Vaducas","Vaduz","Vaduzo","fado~utsu","paducheu","vadutsi","wa dou zi","Βαντούζ","Вадуц","פאדוץ","ვადუცი","ፋዱጽ","ファドゥーツ","瓦都茲","파두츠"],"latitude":"47.14151","longitude":"9.52154","feature_class":"P","feature_code":"PPLC","country_code":"LI","cc2":"","admin1_code":"11","admin2_code":"","admin3_code":"","admin4_code":"","population":"5197","elevation":"","dem":"465","timezone":"Europe/Vaduz","modification_date":"2013-04-02"}]}