{"country_data":{"ISO":"LT","ISO3":"LTU","ISO_Numeric":"440","fips":"LH","country":"Lithuania","capital":"Vilnius","area":"65200","Population":"2944459","Continent":"EU","tld":".lt","CurrencyCode":"EUR","CurrencyName":"Euro","Phone":"370","Postal_Code_Format":"LT-#####","Postal_Code_Regex":"^(?:LT)*(\\d{5})$","Languages":"lt,ru,pl","geonameid":"597427","neighbours":"PL,BY,RU,LV","EquivalentFipsCode":""},"cities":[{"geonameid":"592891","name":"Zarasai","asciiname":"Zarasai","alternatenames":["Ezerenai","Ežerėnai","Jeziorossy","Jeziorosy","Novo Aleksandrovsko","Novo Alexandrovsk","Novoaleksandrovsk","Zarasai","Zarasaj","Zarasay","Zarasu","Zarasų","Zargrad","Зарасай"],"latitude":"55.73333","longitude":"26.25","feature_class":"P","feature_code":"PPL","country_code":"LT","cc2":"","admin1_code":"00","admin2_code":"","admin3_code":"","admin4_code":"","population":"8095","elevation":"","dem":"155","timezone":"Europe/Vilnius","modification_date":"2014-06-27"},{"geonameid":"593063","name":"Visaginas","asciiname":"Visaginas","alternatenames":["Snechkus","Snieckus","Sniečkus","Visagina","Visaginas","Wisaginia","visaginas","Висагинас"],"latitude":"55.6","longitude":"26.41667","feature_class":"P","feature_code":"PPL","country_code":"LT","cc2":"","admin1_code":"64","admin2_code":"","admin3_code":"","admin4_code":"","population":"28348","elevation":"","dem":"170","timezone":"Europe/Vilnius","modification_date":"2015-01-15"},{"geonameid":"593116","name":"Vilnius","asciiname":"Vilnius","alternatenames":["Bilna","Bilnious","Gorad Vil'njus","IVilnyusi","VNO","Vil'njus","Vil'no","Vil'nyus","Viln'","Vilna","Vilnia","Vilnias","Vilniaus miestas","Vilnious","Vilnis","Vilnius","Vilnjus","Vilnjûs","Vilno","Vilnues","Vilnus","Vilnyus","Vilníus","Vilnüs","Viļņa","Vílnius","Wilna","Wilniyus","Wilno","Wilnus","Wilñus","bhilani'usa","bilnyuseu","fylnyws","vhilniyasa","vilniusi","vilniyas","vu~irinyusu","vylnyws","wei er niu si","wi lni xus","wlnys","wylnh","wylnyws","Βίλνα","Βίλνιους","Βιλνιους","Вилниус","Вилнус","Вилнюс","Вилн҄ь","Вильнюс","Вилњус","Виљнус","Вільнюс","Горад Вільнюс","Վիլնյուս","ווילנע","וילנה","فيلنيوس","ولنیس","ویلنیوس","ڤیلنیوس","व्हिल्नियस","ভিলনিউস","வில்னியஸ்","วิลนีอุส","ལྦེ་ནི་སུ་ནི།","ვილნიუსი","ቪልኒውስ","ᕕᓪᓂᐅᔅ/vilnius","ヴィリニュス","维尔纽斯","빌뉴스"],"latitude":"54.68916","longitude":"25.2798","feature_class":"P","feature_code":"PPLC","country_code":"LT","cc2":"","admin1_code":"65","admin2_code":"41","admin3_code":"","admin4_code":"","population":"542366","elevation":"","dem":"98","timezone":"Europe/Vilnius","modification_date":"2014-10-05"},{"geonameid":"593153","name":"Vilkaviskis","asciiname":"Vilkaviskis","alternatenames":["Bilkabiskis","Vil'kavishkis","Vilkavishkis","Vilkaviski","Vilkaviskio","Vilkaviskis","Vilkaviškio","Vilkaviškis","Vilkavišķi","Wilkowyszki","Wiłkowyszki","Wylkowyszki","Wyłkowyszki","Βιλκαβίσκις","Вилкавишкис","Вилькавишкис"],"latitude":"54.65167","longitude":"23.03222","feature_class":"P","feature_code":"PPL","country_code":"LT","cc2":"","admin1_code":"00","admin2_code":"","admin3_code":"","admin4_code":"","population":"13011","elevation":"","dem":"55","timezone":"Europe/Vilnius","modification_date":"2014-09-24"},{"geonameid":"593191","name":"Vievis","asciiname":"Vievis","alternatenames":["Anastasevskaya","Jewie","V'yevis","Vevis","Vievio","Vievis","Viyevis","V’yevis","Yev'ye","Yev’ye","Вевис"],"latitude":"54.76667","longitude":"24.8","feature_class":"P","feature_code":"PPL","country_code":"LT","cc2":"","admin1_code":"65","admin2_code":"13","admin3_code":"","admin4_code":"","population":"5269","elevation":"","dem":"134","timezone":"Europe/Vilnius","modification_date":"2014-09-26"},{"geonameid":"593406","name":"Varėna","asciiname":"Varena","alternatenames":["Orany","Varena","Varėna"],"latitude":"54.21667","longitude":"24.56667","feature_class":"P","feature_code":"PPL","country_code":"LT","cc2":"","admin1_code":"56","admin2_code":"","admin3_code":"","admin4_code":"","population":"10304","elevation":"","dem":"123","timezone":"Europe/Vilnius","modification_date":"2013-01-17"},{"geonameid":"593672","name":"Utena","asciiname":"Utena","alternatenames":["Gorad Ucina","Otena","Outena","Uciana","Uciany","Utena","Utena ili","Utenos","Utyana","Uzjany","awtyna","utena","wu tian na","Ουτένα","Горад Уціна","Утена","اوتینا","უტენა","ウテナ","乌田纳","우테나"],"latitude":"55.5","longitude":"25.6","feature_class":"P","feature_code":"PPLA","country_code":"LT","cc2":"","admin1_code":"64","admin2_code":"82","admin3_code":"","admin4_code":"","population":"33240","elevation":"","dem":"112","timezone":"Europe/Vilnius","modification_date":"2014-09-26"},{"geonameid":"593733","name":"Ukmerge","asciiname":"Ukmerge","alternatenames":["Gorad Ukmergeh","Okmergie","Oukmernke","Ukmerge","Ukmerge kommune","Ukmerges","Ukmergė","Ukmergė kommune","Ukmergės","Ukmerģe","Ukmjarge","Vilkmerge","Vilkmergė","Vilkomir","Wilkomierz","Wilkomir","Wiłkomierz","ukeumeleuge","ukumeruge","wu ke mei er gai","Ουκμεργκέ","Горад Укмергэ","Укмерге","Укмярге","אוקמרגה","ווילקאמיר","უკმერგე","ウクメルゲ","烏克梅爾蓋","우크메르게"],"latitude":"55.25","longitude":"24.75","feature_class":"P","feature_code":"PPL","country_code":"LT","cc2":"","admin1_code":"65","admin2_code":"","admin3_code":"","admin4_code":"","population":"25886","elevation":"","dem":"72","timezone":"Europe/Vilnius","modification_date":"2014-09-24"},{"geonameid":"593871","name":"Trakai","asciiname":"Trakai","alternatenames":["Novyye Troki","Trakai","Trakai kommune","Trakaj","Trakay","Troki","Troki Nove","Troki Nowe","Τρακάι","Тракай","Трокі"],"latitude":"54.63783","longitude":"24.93433","feature_class":"P","feature_code":"PPL","country_code":"LT","cc2":"","admin1_code":"00","admin2_code":"","admin3_code":"","admin4_code":"","population":"5530","elevation":"","dem":"153","timezone":"Europe/Vilnius","modification_date":"2015-06-26"},{"geonameid":"593926","name":"Telsiai","asciiname":"Telsiai","alternatenames":["Gorad Cel'shaj","Tel'she","Tel'shjaj","Telsai","Telsche","Telschen","Telse","Telshay","Telshi","Telshjaj","Telshyay","Telsi","Telsiai","Telsiao","Telsiu","Telsze","Telŝiao","Telšai","Telši","Telšiai","Telšių","Telšē","te er xi ai","telsyai","terushei","tlz","tylshyayy","Τελσιάι","Горад Цельшай","Телшяй","Телшјај","Тельше","Тельшяй","טלז","تیلشیائی","ტელშიაი","テルシェイ","特爾希艾","텔샤이"],"latitude":"55.98139","longitude":"22.24722","feature_class":"P","feature_code":"PPLA","country_code":"LT","cc2":"","admin1_code":"63","admin2_code":"78","admin3_code":"","admin4_code":"","population":"30098","elevation":"","dem":"135","timezone":"Europe/Vilnius","modification_date":"2014-09-26"},{"geonameid":"593959","name":"Taurage","asciiname":"Taurage","alternatenames":["Gorad Taurage","Taouranke","Taurage","Taurages","Tauragie","Tauragė","Tauragės","Tauraģe","Taurogen","Tauroggen","Taurogi","tao la ge","taulage","taurage","Ταουραγκέ","Горад Таўраге","Таураге","טאורגה","تاؤراگے","ტაურაგე","タウラゲ","陶拉格","타우라게"],"latitude":"55.25222","longitude":"22.28972","feature_class":"P","feature_code":"PPLA","country_code":"LT","cc2":"","admin1_code":"62","admin2_code":"","admin3_code":"","admin4_code":"","population":"27662","elevation":"","dem":"36","timezone":"Europe/Vilnius","modification_date":"2014-09-24"},{"geonameid":"594064","name":"Švenčionys","asciiname":"Svencionys","alternatenames":["Shvenchenis","Shvenchionis","Shvenchënis","Svencionys","Sventsyany","Swieciany","Swięciany","Švenčionys","Швенченис"],"latitude":"55.15","longitude":"26.16667","feature_class":"P","feature_code":"PPL","country_code":"LT","cc2":"","admin1_code":"00","admin2_code":"","admin3_code":"","admin4_code":"","population":"5538","elevation":"","dem":"217","timezone":"Europe/Vilnius","modification_date":"2014-06-26"},{"geonameid":"594067","name":"Švenčionėliai","asciiname":"Svencioneliai","alternatenames":["Nove S'ventsyany","Nove S’ventsyany","Novo-Sventsyany","Novyye S'ventsyany","Novyye Svenchany","Novyye S’ventsyany","Nowe Swieciany","Nowe Święciany","Nowo-Swieciany","Nowo-Swięciany","Shvencheneljaj","Shvenchenelyay","Shvenchënelyay","Svencioneliai","Švenčionėliai","Швенченеляй"],"latitude":"55.16667","longitude":"26","feature_class":"P","feature_code":"PPL","country_code":"LT","cc2":"","admin1_code":"00","admin2_code":"","admin3_code":"","admin4_code":"","population":"6790","elevation":"","dem":"158","timezone":"Europe/Vilnius","modification_date":"2014-06-26"},{"geonameid":"594488","name":"Skuodas","asciiname":"Skuodas","alternatenames":["Schoden","Skoda","Skouontas","Skudoas","Skuodas","Skuodo","Szkudy","Σκουόντας","Скуодас"],"latitude":"56.26667","longitude":"21.53333","feature_class":"P","feature_code":"PPL","country_code":"LT","cc2":"","admin1_code":"00","admin2_code":"","admin3_code":"","admin4_code":"","population":"7726","elevation":"","dem":"18","timezone":"Europe/Vilnius","modification_date":"2012-01-17"},{"geonameid":"594607","name":"Širvintos","asciiname":"Sirvintos","alternatenames":["Shirvintay","Shirvintos","Sirvintai","Sirvintar","Sirvintos","Sirvintu","Szyrwinty","Širvintai","Širvintar","Širvintos","Širvintų","Ширвинтос"],"latitude":"55.05","longitude":"24.95","feature_class":"P","feature_code":"PPL","country_code":"LT","cc2":"","admin1_code":"00","admin2_code":"","admin3_code":"","admin4_code":"","population":"7321","elevation":"","dem":"112","timezone":"Europe/Vilnius","modification_date":"2014-06-26"},{"geonameid":"594656","name":"Silute","asciiname":"Silute","alternatenames":["Heidekrug","Heydekrug","Heydekrug-Matzicken","Shilute","Silute","Szylokarczma","Szyłokarczma","sillute","Šilute","Šilutė","Шилуте","실루테"],"latitude":"55.34889","longitude":"21.48306","feature_class":"P","feature_code":"PPL","country_code":"LT","cc2":"","admin1_code":"58","admin2_code":"","admin3_code":"","admin4_code":"","population":"21760","elevation":"","dem":"8","timezone":"Europe/Vilnius","modification_date":"2014-09-24"},{"geonameid":"594693","name":"Šilalė","asciiname":"Silale","alternatenames":["Shilale","Silale","Silales","Szyiele","Szylele","Šilalė","Šilalės","Шилале"],"latitude":"55.49056","longitude":"22.18139","feature_class":"P","feature_code":"PPL","country_code":"LT","cc2":"","admin1_code":"00","admin2_code":"","admin3_code":"","admin4_code":"","population":"6026","elevation":"","dem":"100","timezone":"Europe/Vilnius","modification_date":"2014-06-27"},{"geonameid":"594739","name":"Šiauliai","asciiname":"Siauliai","alternatenames":["Comune urbano di Siauliai","Comune urbano di Šiauliai","Gorad Shauljaj","SQQ","Sauli","Schaulen","Shaulyay","Shavli","Shawllay","Shjaulaj","Shjauljaj","Shyaulyay","Siaouliai","Siaule","Siauliai","Siauliu","Sjaulaj","Sokniai","Syaulyay","Szawle","cheale","shaurei","shiauliai","shyawlyay","shyawlyayy","syaullyai","xi ao li ai","Ŝjaulaj","Şyaulyay","Šauļi","Šiauliai","Šiaulių","Šiaulē","Σιαουλιάι","Горад Шаўляй","Шяуляй","Шјауљај","שאולאי","شياولياي","شیاؤلیائی","เชาเล","შიაულიაი","シャウレイ","希奥利艾","샤울랴이"],"latitude":"55.93333","longitude":"23.31667","feature_class":"P","feature_code":"PPLA","country_code":"LT","cc2":"","admin1_code":"61","admin2_code":"91","admin3_code":"","admin4_code":"","population":"130587","elevation":"","dem":"129","timezone":"Europe/Vilnius","modification_date":"2014-09-26"},{"geonameid":"595016","name":"Šalčininkai","asciiname":"Salcininkai","alternatenames":["Bol'shiye Solechniki","Bol’shiye Solechniki","Salcininkai","Shal'chininkaj","Shal'chininkay","Shal’chininkay","Soleczniki Wielkie","Vel'ke Solechniki","Velikiye Solechniki","Velke Solecniki","Velke Solečniki","Vel’ke Solechniki","Šalčininkai","Шальчининкай"],"latitude":"54.3","longitude":"25.38333","feature_class":"P","feature_code":"PPL","country_code":"LT","cc2":"","admin1_code":"00","admin2_code":"","admin3_code":"","admin4_code":"","population":"6891","elevation":"","dem":"173","timezone":"Europe/Vilnius","modification_date":"2014-06-27"},{"geonameid":"595044","name":"Šakiai","asciiname":"Sakiai","alternatenames":["Sakiai","Sakiu","Shaki","Shakjaj","Šakiai","Šakių","Шакяй"],"latitude":"54.95472","longitude":"23.03583","feature_class":"P","feature_code":"PPL","country_code":"LT","cc2":"","admin1_code":"00","admin2_code":"","admin3_code":"","admin4_code":"","population":"6613","elevation":"","dem":"51","timezone":"Europe/Vilnius","modification_date":"2014-06-26"},{"geonameid":"595213","name":"Rokiškis","asciiname":"Rokiskis","alternatenames":["Myasto Rokishkis","Rakischki","Rakishki","Rakiskis","Rakiszki","Rakiškis","Rokishkis","Rokiski","Rokiskio","Rokiskis","Rokiškio","Rokiškis","Rokišķi","Рокишкис"],"latitude":"55.96667","longitude":"25.58333","feature_class":"P","feature_code":"PPL","country_code":"LT","cc2":"","admin1_code":"60","admin2_code":"","admin3_code":"","admin4_code":"","population":"16255","elevation":"","dem":"126","timezone":"Europe/Vilnius","modification_date":"2013-10-30"},{"geonameid":"595378","name":"Raseiniai","asciiname":"Raseiniai","alternatenames":["Raseinen","Raseini","Raseiniai","Raseiniu","Raseinių","Raseiņi","Raseynyay","Reseiniai","Rosienie","Rossienie","Rossieny","Rossingen","Rossiyeny"],"latitude":"55.37361","longitude":"23.12167","feature_class":"P","feature_code":"PPL","country_code":"LT","cc2":"","admin1_code":"00","admin2_code":"","admin3_code":"","admin4_code":"","population":"12523","elevation":"","dem":"91","timezone":"Europe/Vilnius","modification_date":"2012-01-17"},{"geonameid":"595449","name":"Radviliskis","asciiname":"Radviliskis","alternatenames":["Radvilai","Radvilishkis","Radviliski","Radviliskio","Radviliskis","Radviliskis-Nemunelio","Radvilisks","Radviliškio","Radviliškis","Radvilišks","Radvilišķi","Radziwiliszki","Rantbiliskis","Ραντβιλίσκις","Радвилишкис"],"latitude":"55.81667","longitude":"23.53333","feature_class":"P","feature_code":"PPL","country_code":"LT","cc2":"","admin1_code":"61","admin2_code":"","admin3_code":"","admin4_code":"","population":"20339","elevation":"","dem":"124","timezone":"Europe/Vilnius","modification_date":"2014-09-24"},{"geonameid":"595596","name":"Prienai","asciiname":"Prienai","alternatenames":["Prenaj","Prenay","Preny","Prienai","Prieni","Prienu","Prienų","Priyenay","Пренай"],"latitude":"54.63333","longitude":"23.95","feature_class":"P","feature_code":"PPL","country_code":"LT","cc2":"","admin1_code":"00","admin2_code":"","admin3_code":"","admin4_code":"","population":"11352","elevation":"","dem":"53","timezone":"Europe/Vilnius","modification_date":"2014-06-27"},{"geonameid":"595689","name":"Plunge","asciiname":"Plunge","alternatenames":["Plunge","Plunges","Plungiany","Plungė","Plungės","Płungiany","Плунге"],"latitude":"55.91139","longitude":"21.84417","feature_class":"P","feature_code":"PPL","country_code":"LT","cc2":"","admin1_code":"63","admin2_code":"","admin3_code":"","admin4_code":"","population":"23381","elevation":"","dem":"106","timezone":"Europe/Vilnius","modification_date":"2014-09-24"},{"geonameid":"595997","name":"Pasvalys","asciiname":"Pasvalys","alternatenames":["Pasvalio","Pasvalis","Pasvalys","Posvol","Poswol","Пасвалис"],"latitude":"56.05944","longitude":"24.40361","feature_class":"P","feature_code":"PPL","country_code":"LT","cc2":"","admin1_code":"60","admin2_code":"595998","admin3_code":"","admin4_code":"","population":"8510","elevation":"","dem":"35","timezone":"Europe/Vilnius","modification_date":"2014-06-27"},{"geonameid":"596128","name":"Panevėžys","asciiname":"Panevezys","alternatenames":["PNV","Paneveza","Panevezhi","Panevezhis","Panevezio","Panevezis","Panevezys","Panevežis","Panevjazhys","Panevēža","Panevėžio","Panevėžys","Panevėžīs","Panjavezhis","Ponewesch","Poniewesch","Poniewiesh","Poniewiez","Poniewież","pa nei wei ri si","pa neiy weci s","panebejiseu","panevu~ejisu","pwnybz","pynywyzhys","Πανεβέζυς","Паневежис","Паневяжыс","Панявежис","פוניבז","پینیویژیس","ปาเนียเวจีส","პანევეჟისი","パネヴェジース","帕內韋日斯","파네베지스"],"latitude":"55.73333","longitude":"24.35","feature_class":"P","feature_code":"PPLA","country_code":"LT","cc2":"","admin1_code":"60","admin2_code":"27","admin3_code":"","admin4_code":"","population":"117395","elevation":"","dem":"52","timezone":"Europe/Vilnius","modification_date":"2014-09-26"},{"geonameid":"596238","name":"Palanga","asciiname":"Palanga","alternatenames":["Gorad Palanga","PLQ","Palanga","Palanga bykommune","Palangos","Palonga","Polaga","Polanga","Polangen","Połąga","pa lan jia","palanga","pallang-ga","paranga","Горад Паланга","Паланга","פלאנגה","პალანგა","パランガ","帕兰加","팔랑가"],"latitude":"55.9175","longitude":"21.06861","feature_class":"P","feature_code":"PPL","country_code":"LT","cc2":"","admin1_code":"58","admin2_code":"55","admin3_code":"","admin4_code":"","population":"17796","elevation":"","dem":"5","timezone":"Europe/Vilnius","modification_date":"2014-09-26"},{"geonameid":"596260","name":"Pakruojis","asciiname":"Pakruojis","alternatenames":["Pakruois","Pakruojis","Pakruojo","Pakruojus","Pakruoyus"],"latitude":"55.96667","longitude":"23.86667","feature_class":"P","feature_code":"PPL","country_code":"LT","cc2":"","admin1_code":"61","admin2_code":"","admin3_code":"","admin4_code":"","population":"5964","elevation":"","dem":"61","timezone":"Europe/Vilnius","modification_date":"2013-01-25"},{"geonameid":"596473","name":"Pabradė","asciiname":"Pabrade","alternatenames":["Maloye Podbrodze","Pabrade","Pabradė","Пабраде"],"latitude":"55","longitude":"25.78333","feature_class":"P","feature_code":"PPL","country_code":"LT","cc2":"","admin1_code":"00","admin2_code":"","admin3_code":"","admin4_code":"","population":"6375","elevation":"","dem":"141","timezone":"Europe/Vilnius","modification_date":"2014-06-26"},{"geonameid":"596479","name":"Fabijoniškės","asciiname":"Fabijoniskes","alternatenames":["Fabijoniskes","Fabijoniškės"],"latitude":"54.73333","longitude":"25.24167","feature_class":"P","feature_code":"PPLX","country_code":"LT","cc2":"","admin1_code":"65","admin2_code":"41","admin3_code":"","admin4_code":"","population":"39759","elevation":"","dem":"184","timezone":"Europe/Vilnius","modification_date":"2015-02-12"},{"geonameid":"596664","name":"Nemenčinė","asciiname":"Nemencine","alternatenames":["Nemenchin","Nemenchine","Nemenchyn","Nemencine","Nemenčinė","Niemenczyn","Неменчине"],"latitude":"54.85","longitude":"25.48333","feature_class":"P","feature_code":"PPL","country_code":"LT","cc2":"","admin1_code":"00","admin2_code":"","admin3_code":"","admin4_code":"","population":"6062","elevation":"","dem":"133","timezone":"Europe/Vilnius","modification_date":"2014-06-27"},{"geonameid":"596719","name":"Naujoji Akmene","asciiname":"Naujoji Akmene","alternatenames":["Karpenai","Karpėnai","Naougiogi Akmene","Naujogi-Akmene","Naujogi-Akmenė","Naujoji Akmene","Naujoji Akmenė","Nauyeyi-Akmyane","Nauyëyi-Akmyane","Nowe Okmiany","Ναουγιόγι Ακμενέ"],"latitude":"56.31667","longitude":"22.9","feature_class":"P","feature_code":"PPL","country_code":"LT","cc2":"","admin1_code":"00","admin2_code":"","admin3_code":"","admin4_code":"","population":"11922","elevation":"","dem":"79","timezone":"Europe/Vilnius","modification_date":"2014-09-24"},{"geonameid":"596867","name":"Molėtai","asciiname":"Moletai","alternatenames":["Malaty","Maletai","Maletay","Maletu","Malyaty","Malėtai","Malėtų","Moletai","Moletaj","Moletay","Molėtai","Молетай"],"latitude":"55.23333","longitude":"25.41667","feature_class":"P","feature_code":"PPL","country_code":"LT","cc2":"","admin1_code":"00","admin2_code":"","admin3_code":"","admin4_code":"","population":"7243","elevation":"","dem":"155","timezone":"Europe/Vilnius","modification_date":"2014-06-27"},{"geonameid":"597188","name":"Mazeikiai","asciiname":"Mazeikiai","alternatenames":["Mazeiki","Mazeikiai","Mazeikiu","Mazhejkjaj","Mazheykyay","Mažeikiai","Mažeikių","Mažeiķi","Mozejki","Możejki","Muravjovo","Murawlewo","Μαζεϊκιάι","Мажейкяй"],"latitude":"56.31667","longitude":"22.33333","feature_class":"P","feature_code":"PPL","country_code":"LT","cc2":"","admin1_code":"63","admin2_code":"","admin3_code":"","admin4_code":"","population":"41309","elevation":"","dem":"70","timezone":"Europe/Vilnius","modification_date":"2014-09-24"},{"geonameid":"597231","name":"Marijampolė","asciiname":"Marijampole","alternatenames":["Gorad Maryjampale","Kapsukas","Marejampuole","Mariampol","Mariampol'","Mariampole","Mariampoles","Mariampolė","Mariampolės","Mariampol’","Marigiampole","Marijampole","Marijampolė","Mariyampol'","Mariyampole","Mariyampol’","Marjampol","Marėjampuolė","Pasesupiai","Pašešupiai","Starapole","Starapolė","ma li yang po lie","maliyampolle","mariyanpore","maryambwlh","Μαριγιαμπολέ","Горад Марыямпале","Мариямполе","Маријамполе","Маріямполе","מריאמפול","ماريامبوله","ماریجمپولے","მარიამპოლე","マリヤーンポレ","馬里揚泊列","마리얌폴레"],"latitude":"54.56667","longitude":"23.35","feature_class":"P","feature_code":"PPLA","country_code":"LT","cc2":"","admin1_code":"59","admin2_code":"18","admin3_code":"","admin4_code":"","population":"47613","elevation":"","dem":"66","timezone":"Europe/Vilnius","modification_date":"2015-01-15"},{"geonameid":"597532","name":"Lentvaris","asciiname":"Lentvaris","alternatenames":["Landvaruv","Landwarow","Landwarów","Lentvaravas","Lentvaris","Liudvtvaras","Liutavariskes","Liutavariškės","Lyandvarovo","Lyandvaruv","Лентварис"],"latitude":"54.65","longitude":"25.05","feature_class":"P","feature_code":"PPL","country_code":"LT","cc2":"","admin1_code":"00","admin2_code":"","admin3_code":"","admin4_code":"","population":"11588","elevation":"","dem":"155","timezone":"Europe/Vilnius","modification_date":"2014-06-27"},{"geonameid":"597729","name":"Kybartai","asciiname":"Kybartai","alternatenames":["Kibartaj","Kibartay","Kibarty","Kybartai","Kybartu","Kybartų","Кибартай"],"latitude":"54.63858","longitude":"22.76316","feature_class":"P","feature_code":"PPL","country_code":"LT","cc2":"","admin1_code":"00","admin2_code":"","admin3_code":"","admin4_code":"","population":"6355","elevation":"","dem":"56","timezone":"Europe/Vilnius","modification_date":"2014-06-26"},{"geonameid":"597769","name":"Kuršėnai","asciiname":"Kursenai","alternatenames":["Koursenai","Kursenai","Kurseni","Kurshchenay","Kurshenaj","Kurshenay","Kurszany","Kurzenu","Kuršēni","Kuršėnai","Kuržėnų","Κουρσέναι","Κουρσενάι","Куршенай"],"latitude":"55.985","longitude":"22.91889","feature_class":"P","feature_code":"PPL","country_code":"LT","cc2":"","admin1_code":"00","admin2_code":"","admin3_code":"","admin4_code":"","population":"13914","elevation":"","dem":"109","timezone":"Europe/Vilnius","modification_date":"2012-01-17"},{"geonameid":"597806","name":"Kupiskis","asciiname":"Kupiskis","alternatenames":["Koupiskis","Kupishki","Kupishkis","Kupiskio","Kupiskis","Kupiszki","Kupiškio","Kupiškis","Myasto Kupishkis","Κουπίσκις","Купишкис"],"latitude":"55.83333","longitude":"24.96667","feature_class":"P","feature_code":"PPL","country_code":"LT","cc2":"","admin1_code":"00","admin2_code":"","admin3_code":"","admin4_code":"","population":"8263","elevation":"","dem":"91","timezone":"Europe/Vilnius","modification_date":"2014-09-24"},{"geonameid":"597989","name":"Kretinga","asciiname":"Kretinga","alternatenames":["Kratinga","Kretin'nka","Kretinga","Kretingos","Kretynga","Krottingen","Myasto Kretinga","keuleting-ga","Κρετίνγκα","Кретинга","크레팅가"],"latitude":"55.87583","longitude":"21.25083","feature_class":"P","feature_code":"PPL","country_code":"LT","cc2":"","admin1_code":"58","admin2_code":"","admin3_code":"","admin4_code":"","population":"22236","elevation":"","dem":"28","timezone":"Europe/Vilnius","modification_date":"2013-11-04"},{"geonameid":"598098","name":"Klaipėda","asciiname":"Klaipeda","alternatenames":["KLJ","Klaipada","Klaipeda","Klaipenta","Klaipéda","Klaipēda","Klaipėda","Klajpeda","Klaypeda","Kłajpeda","Lungsod ng Klaipeda","Lungsod ng Klaipėda","Memel","Memela","ke lai pei da","keullaipeda","khil pheda","klaipedas","kuraipeda","qlypdh","qlyypdh","Κλαϊπέντα","Клаипеда","Клайпеда","Клајпеда","קלייפדה","קליפדה","ไคลเพดา","クライペダ","克莱佩达","클라이페다"],"latitude":"55.71722","longitude":"21.1175","feature_class":"P","feature_code":"PPLA","country_code":"LT","cc2":"","admin1_code":"58","admin2_code":"55","admin3_code":"","admin4_code":"","population":"192307","elevation":"","dem":"3","timezone":"Europe/Vilnius","modification_date":"2014-09-26"},{"geonameid":"598257","name":"Kelmė","asciiname":"Kelme","alternatenames":["Kel'me","Kelme","Kelmes","Kelmė","Kelmės","Kielmy","kelme","Кельме","켈메"],"latitude":"55.63389","longitude":"22.93417","feature_class":"P","feature_code":"PPL","country_code":"LT","cc2":"","admin1_code":"00","admin2_code":"","admin3_code":"","admin4_code":"","population":"10626","elevation":"","dem":"126","timezone":"Europe/Vilnius","modification_date":"2012-01-17"},{"geonameid":"598272","name":"Kėdainiai","asciiname":"Kedainiai","alternatenames":["Gorad Kedajnjaj","Kedaini","Kedainiai","Kedainiu","Kedainių","Kedajnaj","Kedajnjaj","Kedayny","Kedaynyai","Kedaynyay","Kehdain'aj","Keidany","Kentainiai","Keydany","Kidaynay","Kidayñay","Kiedaine","Kiedainē","Kiejdany","Kėdainiai","kai dai ni ai","kedaimai","kedainai","kedainei","kedajnjaj","Ķēdaiņi","Κενταϊνιάι","Горад Кедайняй","Кедайняй","Кедајњај","Кэдаиньай","Кєиданꙑ","קדאייני","केदैंऐ","केदैञै","კედაინიაი","ケダイネイ","凱代尼艾","케다이네이"],"latitude":"55.28833","longitude":"23.97472","feature_class":"P","feature_code":"PPL","country_code":"LT","cc2":"","admin1_code":"57","admin2_code":"","admin3_code":"","admin4_code":"","population":"31980","elevation":"","dem":"32","timezone":"Europe/Vilnius","modification_date":"2013-01-11"},{"geonameid":"598286","name":"Kazlų Rūda","asciiname":"Kazlu Ruda","alternatenames":["Kazlai","Kazlu Ruda","Kazlu Rudos","Kazlu-Ruda","Kazlų Rūda","Kazlų Rūdos","Kozlova-Ruda","Kozlowa Ruda","Kozłowa Ruda","Казлу-Руда"],"latitude":"54.76667","longitude":"23.5","feature_class":"P","feature_code":"PPL","country_code":"LT","cc2":"","admin1_code":"00","admin2_code":"","admin3_code":"","admin4_code":"","population":"7247","elevation":"","dem":"80","timezone":"Europe/Vilnius","modification_date":"2012-01-17"},{"geonameid":"598316","name":"Kaunas","asciiname":"Kaunas","alternatenames":["Caunas","Couna","Gorad Kaunas","KUN","Kaounas","Kauen","Kauna","Kaunas","Kauno","Kauns","Kauņa","Kawnas","Kaŭno","Kovno","Kowno","Palemonas","kao na si","kaunaseu","kaunasu","kawnas","khea nas","konasa","qwbnh","Κάουνας","Горад Каўнас","Каунас","קאוונע","קובנה","كاوناس","کاؤناس","کاوناس","कॉनास","เคานัส","კაუნასი","ᑯᓇᔅ/kunas","カウナス","考那斯","카우나스"],"latitude":"54.9","longitude":"23.9","feature_class":"P","feature_code":"PPLA","country_code":"LT","cc2":"","admin1_code":"57","admin2_code":"52","admin3_code":"","admin4_code":"","population":"374643","elevation":"","dem":"66","timezone":"Europe/Vilnius","modification_date":"2014-09-26"},{"geonameid":"598567","name":"Kaišiadorys","asciiname":"Kaisiadorys","alternatenames":["Kaisedorys","Kaisiadorio","Kaisiadorys","Kaišedorys","Kaišiadorio","Kaišiadorys","Kajshjadoris","Kashedary","Kasheydarys","Kayshadoris","Kayshadorys","Kayshyadoris","Koshedary","Koszedary","Кайшядорис"],"latitude":"54.86667","longitude":"24.45","feature_class":"P","feature_code":"PPL","country_code":"LT","cc2":"","admin1_code":"00","admin2_code":"","admin3_code":"","admin4_code":"","population":"9867","elevation":"","dem":"82","timezone":"Europe/Vilnius","modification_date":"2012-01-17"},{"geonameid":"598655","name":"Jurbarkas","asciiname":"Jurbarkas","alternatenames":["Georgenburg","Jurbarka","Jurbarkas","Jurbarko","Jurbork","Yurbarkas","Yurburg","ywrbwrg","Юрбаркас","יורבורג"],"latitude":"55.07778","longitude":"22.76639","feature_class":"P","feature_code":"PPL","country_code":"LT","cc2":"","admin1_code":"62","admin2_code":"94","admin3_code":"","admin4_code":"","population":"13102","elevation":"","dem":"17","timezone":"Europe/Vilnius","modification_date":"2014-09-26"},{"geonameid":"598796","name":"Joniškis","asciiname":"Joniskis","alternatenames":["Gioniskis","Ionishkis","Janiszki","Jonischki","Jonishkis","Joniski","Joniskio","Joniskis","Joniškio","Joniškis","Jonišķi","Yanishki","Yonishkis","Γιονίσκις","Йонишкис"],"latitude":"56.24028","longitude":"23.61528","feature_class":"P","feature_code":"PPL","country_code":"LT","cc2":"","admin1_code":"61","admin2_code":"47","admin3_code":"","admin4_code":"","population":"11113","elevation":"","dem":"51","timezone":"Europe/Vilnius","modification_date":"2014-09-26"},{"geonameid":"598818","name":"Jonava","asciiname":"Jonava","alternatenames":["Gorad Ionava","Ionava","Janow","Janów","Jonava","Jonavos Miestelis","Juonava","Yonava","Yonawa","ionava","yonaba","yonavu~a","yue na wa","Јонава","Горад Іонава","Ионава","Йонава","იონავა","ヨナヴァ","約納瓦","요나바"],"latitude":"55.08333","longitude":"24.28333","feature_class":"P","feature_code":"PPL","country_code":"LT","cc2":"","admin1_code":"57","admin2_code":"598814","admin3_code":"","admin4_code":"","population":"34993","elevation":"","dem":"70","timezone":"Europe/Vilnius","modification_date":"2014-06-26"},{"geonameid":"598998","name":"Ignalina","asciiname":"Ignalina","alternatenames":["Ignalina","Ignaline","Ignalino","Ignalinė","Inknalina","Ιγκναλίνα","Игналина"],"latitude":"55.35","longitude":"26.16667","feature_class":"P","feature_code":"PPL","country_code":"LT","cc2":"","admin1_code":"00","admin2_code":"","admin3_code":"","admin4_code":"","population":"6421","elevation":"","dem":"167","timezone":"Europe/Vilnius","modification_date":"2012-01-17"},{"geonameid":"599161","name":"Grigiškės","asciiname":"Grigiskes","alternatenames":["Grigishkes","Grigiskes","Grigiškės","Grigor'yevo","Grigor’yevo","Григишкес"],"latitude":"54.68333","longitude":"25.08333","feature_class":"P","feature_code":"PPLX","country_code":"LT","cc2":"","admin1_code":"00","admin2_code":"","admin3_code":"","admin4_code":"","population":"11555","elevation":"","dem":"85","timezone":"Europe/Vilnius","modification_date":"2015-02-12"},{"geonameid":"599504","name":"Garliava","asciiname":"Garliava","alternatenames":["Garliava","Garliavos","Garljava","Garlyava","Godlewo","Godlezo","Gorleva","Гарлява"],"latitude":"54.81667","longitude":"23.86667","feature_class":"P","feature_code":"PPL","country_code":"LT","cc2":"","admin1_code":"57","admin2_code":"19","admin3_code":"","admin4_code":"","population":"13809","elevation":"","dem":"72","timezone":"Europe/Vilnius","modification_date":"2014-09-26"},{"geonameid":"599506","name":"Gargždai","asciiname":"Gargzdai","alternatenames":["Gardzdai","Gardždai","Gargzdai","Gargzdi","Gargzdu","Gargzhdaj","Gargzhday","Gargždai","Gargždi","Gargždų","Garsden","Garzdai","Garždai","Gorzdy","Gorżdy","Гаргждай"],"latitude":"55.71278","longitude":"21.40333","feature_class":"P","feature_code":"PPL","country_code":"LT","cc2":"","admin1_code":"58","admin2_code":"","admin3_code":"","admin4_code":"","population":"16433","elevation":"","dem":"30","timezone":"Europe/Vilnius","modification_date":"2013-10-30"},{"geonameid":"599602","name":"Elektrėnai","asciiname":"Elektrenai","alternatenames":["Ehlektrenaj","Elektrenai","Elektrenaj","Elektrenay","Elektreni","Elektreny","Elektriena","Elektrienā","Elektrēni","Elektrėnai","Gorad Ehlektrehnaj","ai lai ke te lun ai","ellegteulenai","erekutorenai","Горад Электрэнай","Електренай","Електренај","Электренай","エレクトレナイ","埃莱克特伦艾","엘렉트레나이"],"latitude":"54.78544","longitude":"24.66302","feature_class":"P","feature_code":"PPL","country_code":"LT","cc2":"","admin1_code":"65","admin2_code":"","admin3_code":"","admin4_code":"","population":"13721","elevation":"","dem":"114","timezone":"Europe/Vilnius","modification_date":"2014-07-25"},{"geonameid":"599757","name":"Druskininkai","asciiname":"Druskininkai","alternatenames":["Droskininka","Droskininkā","Drushkininkaj","Druskeniki","Druskieniki","Druskiniki","Druskininkai","Druskininkaj","Druskininkay","Druskininki","Druśkieniki","Gorad Druskininkaj","Ntrouskinin'kai","de lu si ji ning kai","dorusukininkai","Ντρουσκινίνκαϊ","Горад Друскінінкай","Друскининкай","Друскінінкай","Друшкининкај","דרוסקינינקאי","ドルスキニンカイ","德魯斯基寧凱"],"latitude":"54.01667","longitude":"23.96667","feature_class":"P","feature_code":"PPL","country_code":"LT","cc2":"","admin1_code":"56","admin2_code":"","admin3_code":"","admin4_code":"","population":"17791","elevation":"","dem":"88","timezone":"Europe/Vilnius","modification_date":"2013-10-30"},{"geonameid":"600438","name":"Birzai","asciiname":"Birzai","alternatenames":["Birsche","Birsen","Birza","Birzai","Birze","Birzhaj","Birzhay","Birzhi","Birzi","Birzu","Birże","Biržai","Birži","Biržā","Biržų","Gorad Birzhaj","Mpirzai","Myasto Birzhay","bi er zha yi","birujai","birzhai","byrzs","Μπιρζάι","Биржай","Биржај","Біржай","Горад Біржай","בירזש","ბირჟაი","ビルジャイ","比爾扎伊"],"latitude":"56.2","longitude":"24.75","feature_class":"P","feature_code":"PPL","country_code":"LT","cc2":"","admin1_code":"60","admin2_code":"36","admin3_code":"","admin4_code":"","population":"14911","elevation":"","dem":"53","timezone":"Europe/Vilnius","modification_date":"2014-09-26"},{"geonameid":"600994","name":"Anyksciai","asciiname":"Anyksciai","alternatenames":["Aniksci","Anikshchay","Anikshchyay","Anikshhjaj","Anyksciai","Anyksciu","Anykshchay","Anykstsiai","Anykščiai","Anykščių","Anīkšči","Onikschty","Onikshty","Onikszty","Onukszty","Ανυκστσιάι","Аникщяй"],"latitude":"55.52557","longitude":"25.10264","feature_class":"P","feature_code":"PPL","country_code":"LT","cc2":"","admin1_code":"64","admin2_code":"34","admin3_code":"","admin4_code":"","population":"11958","elevation":"","dem":"74","timezone":"Europe/Vilnius","modification_date":"2014-09-26"},{"geonameid":"601084","name":"Alytus","asciiname":"Alytus","alternatenames":["Alita","Alitos","Alitus","Alytaus","Alytous","Alytus","Alīta","Alītos","Gorad Alitus","Olita","a li tu si","allituseu","alwts","alyts","arito~usu","Αλύτους","Алитус","Алітус","Горад Алітус","אליטא","أليتس","الوتس","ალიტუსი","アリートゥス","阿利图斯","알리투스"],"latitude":"54.4","longitude":"24.05","feature_class":"P","feature_code":"PPLA","country_code":"LT","cc2":"","admin1_code":"56","admin2_code":"33","admin3_code":"","admin4_code":"","population":"70747","elevation":"","dem":"83","timezone":"Europe/Vilnius","modification_date":"2014-09-26"},{"geonameid":"601138","name":"Aleksotas","asciiname":"Aleksotas","alternatenames":["Aleksota","Aleksotas","Aleksoto"],"latitude":"54.88333","longitude":"23.9","feature_class":"P","feature_code":"PPLX","country_code":"LT","cc2":"","admin1_code":"57","admin2_code":"52","admin3_code":"","admin4_code":"","population":"24270","elevation":"","dem":"69","timezone":"Europe/Vilnius","modification_date":"2014-09-26"},{"geonameid":"6618486","name":"Dainava (Kaunas)","asciiname":"Dainava (Kaunas)","alternatenames":[""],"latitude":"54.91525","longitude":"23.96831","feature_class":"P","feature_code":"PPLX","country_code":"LT","cc2":"","admin1_code":"57","admin2_code":"","admin3_code":"","admin4_code":"","population":"70000","elevation":"100","dem":"70","timezone":"Europe/Vilnius","modification_date":"2014-09-23"},{"geonameid":"9610004","name":"Šilainiai","asciiname":"Silainiai","alternatenames":[""],"latitude":"54.92911","longitude":"23.88599","feature_class":"P","feature_code":"PPLX","country_code":"LT","cc2":"","admin1_code":"57","admin2_code":"52","admin3_code":"","admin4_code":"","population":"40600","elevation":"","dem":"88","timezone":"Europe/Vilnius","modification_date":"2014-09-26"},{"geonameid":"9610008","name":"Eiguliai","asciiname":"Eiguliai","alternatenames":[""],"latitude":"54.93133","longitude":"23.93243","feature_class":"P","feature_code":"PPLX","country_code":"LT","cc2":"","admin1_code":"57","admin2_code":"52","admin3_code":"","admin4_code":"","population":"61700","elevation":"","dem":"83","timezone":"Europe/Vilnius","modification_date":"2014-09-26"},{"geonameid":"10062599","name":"Pašilaičiai","asciiname":"Pasilaiciai","alternatenames":[""],"latitude":"54.73429","longitude":"25.21912","feature_class":"P","feature_code":"PPLX","country_code":"LT","cc2":"","admin1_code":"65","admin2_code":"","admin3_code":"","admin4_code":"","population":"33056","elevation":"","dem":"188","timezone":"Europe/Vilnius","modification_date":"2015-02-12"},{"geonameid":"10062600","name":"Pilaitė","asciiname":"Pilaite","alternatenames":[""],"latitude":"54.69981","longitude":"25.18393","feature_class":"P","feature_code":"PPLX","country_code":"LT","cc2":"","admin1_code":"65","admin2_code":"","admin3_code":"","admin4_code":"","population":"20320","elevation":"","dem":"159","timezone":"Europe/Vilnius","modification_date":"2015-02-12"},{"geonameid":"10062601","name":"Justiniškės","asciiname":"Justiniskes","alternatenames":[""],"latitude":"54.71664","longitude":"25.2174","feature_class":"P","feature_code":"PPLX","country_code":"LT","cc2":"","admin1_code":"65","admin2_code":"","admin3_code":"","admin4_code":"","population":"27462","elevation":"","dem":"182","timezone":"Europe/Vilnius","modification_date":"2015-02-12"},{"geonameid":"10062602","name":"Šeškinė","asciiname":"Seskine","alternatenames":[""],"latitude":"54.70972","longitude":"25.25053","feature_class":"P","feature_code":"PPLX","country_code":"LT","cc2":"","admin1_code":"65","admin2_code":"","admin3_code":"","admin4_code":"","population":"31333","elevation":"","dem":"161","timezone":"Europe/Vilnius","modification_date":"2015-02-12"},{"geonameid":"10062605","name":"Lazdynai","asciiname":"Lazdynai","alternatenames":[""],"latitude":"54.66815","longitude":"25.20684","feature_class":"P","feature_code":"PPLX","country_code":"LT","cc2":"","admin1_code":"65","admin2_code":"","admin3_code":"","admin4_code":"","population":"31097","elevation":"","dem":"125","timezone":"Europe/Vilnius","modification_date":"2015-02-12"},{"geonameid":"10062606","name":"Vilkpėdė","asciiname":"Vilkpede","alternatenames":[""],"latitude":"54.66969","longitude":"25.2477","feature_class":"P","feature_code":"PPLX","country_code":"LT","cc2":"","admin1_code":"65","admin2_code":"","admin3_code":"","admin4_code":"","population":"21346","elevation":"","dem":"145","timezone":"Europe/Vilnius","modification_date":"2015-02-12"},{"geonameid":"10062607","name":"Naujamiestis","asciiname":"Naujamiestis","alternatenames":[""],"latitude":"54.67951","longitude":"25.26855","feature_class":"P","feature_code":"PPLX","country_code":"LT","cc2":"","admin1_code":"65","admin2_code":"","admin3_code":"","admin4_code":"","population":"23232","elevation":"","dem":"138","timezone":"Europe/Vilnius","modification_date":"2015-02-12"},{"geonameid":"10062609","name":"Rasos","asciiname":"Rasos","alternatenames":[""],"latitude":"54.67877","longitude":"25.31173","feature_class":"P","feature_code":"PPLX","country_code":"LT","cc2":"","admin1_code":"65","admin2_code":"","admin3_code":"","admin4_code":"","population":"10597","elevation":"","dem":"122","timezone":"Europe/Vilnius","modification_date":"2015-02-12"},{"geonameid":"593063","name":"Visaginas","asciiname":"Visaginas","alternatenames":["Snechkus","Snieckus","Sniečkus","Visagina","Visaginas","Wisaginia","visaginas","Висагинас"],"latitude":"55.6","longitude":"26.41667","feature_class":"P","feature_code":"PPL","country_code":"LT","cc2":"","admin1_code":"64","admin2_code":"","admin3_code":"","admin4_code":"","population":"28348","elevation":"","dem":"170","timezone":"Europe/Vilnius","modification_date":"2015-01-15"},{"geonameid":"593116","name":"Vilnius","asciiname":"Vilnius","alternatenames":["Bilna","Bilnious","Gorad Vil'njus","IVilnyusi","VNO","Vil'njus","Vil'no","Vil'nyus","Viln'","Vilna","Vilnia","Vilnias","Vilniaus miestas","Vilnious","Vilnis","Vilnius","Vilnjus","Vilnjûs","Vilno","Vilnues","Vilnus","Vilnyus","Vilníus","Vilnüs","Viļņa","Vílnius","Wilna","Wilniyus","Wilno","Wilnus","Wilñus","bhilani'usa","bilnyuseu","fylnyws","vhilniyasa","vilniusi","vilniyas","vu~irinyusu","vylnyws","wei er niu si","wi lni xus","wlnys","wylnh","wylnyws","Βίλνα","Βίλνιους","Βιλνιους","Вилниус","Вилнус","Вилнюс","Вилн҄ь","Вильнюс","Вилњус","Виљнус","Вільнюс","Горад Вільнюс","Վիլնյուս","ווילנע","וילנה","فيلنيوس","ولنیس","ویلنیوس","ڤیلنیوس","व्हिल्नियस","ভিলনিউস","வில்னியஸ்","วิลนีอุส","ལྦེ་ནི་སུ་ནི།","ვილნიუსი","ቪልኒውስ","ᕕᓪᓂᐅᔅ/vilnius","ヴィリニュス","维尔纽斯","빌뉴스"],"latitude":"54.68916","longitude":"25.2798","feature_class":"P","feature_code":"PPLC","country_code":"LT","cc2":"","admin1_code":"65","admin2_code":"41","admin3_code":"","admin4_code":"","population":"542366","elevation":"","dem":"98","timezone":"Europe/Vilnius","modification_date":"2014-10-05"},{"geonameid":"593672","name":"Utena","asciiname":"Utena","alternatenames":["Gorad Ucina","Otena","Outena","Uciana","Uciany","Utena","Utena ili","Utenos","Utyana","Uzjany","awtyna","utena","wu tian na","Ουτένα","Горад Уціна","Утена","اوتینا","უტენა","ウテナ","乌田纳","우테나"],"latitude":"55.5","longitude":"25.6","feature_class":"P","feature_code":"PPLA","country_code":"LT","cc2":"","admin1_code":"64","admin2_code":"82","admin3_code":"","admin4_code":"","population":"33240","elevation":"","dem":"112","timezone":"Europe/Vilnius","modification_date":"2014-09-26"},{"geonameid":"593733","name":"Ukmerge","asciiname":"Ukmerge","alternatenames":["Gorad Ukmergeh","Okmergie","Oukmernke","Ukmerge","Ukmerge kommune","Ukmerges","Ukmergė","Ukmergė kommune","Ukmergės","Ukmerģe","Ukmjarge","Vilkmerge","Vilkmergė","Vilkomir","Wilkomierz","Wilkomir","Wiłkomierz","ukeumeleuge","ukumeruge","wu ke mei er gai","Ουκμεργκέ","Горад Укмергэ","Укмерге","Укмярге","אוקמרגה","ווילקאמיר","უკმერგე","ウクメルゲ","烏克梅爾蓋","우크메르게"],"latitude":"55.25","longitude":"24.75","feature_class":"P","feature_code":"PPL","country_code":"LT","cc2":"","admin1_code":"65","admin2_code":"","admin3_code":"","admin4_code":"","population":"25886","elevation":"","dem":"72","timezone":"Europe/Vilnius","modification_date":"2014-09-24"},{"geonameid":"593926","name":"Telsiai","asciiname":"Telsiai","alternatenames":["Gorad Cel'shaj","Tel'she","Tel'shjaj","Telsai","Telsche","Telschen","Telse","Telshay","Telshi","Telshjaj","Telshyay","Telsi","Telsiai","Telsiao","Telsiu","Telsze","Telŝiao","Telšai","Telši","Telšiai","Telšių","Telšē","te er xi ai","telsyai","terushei","tlz","tylshyayy","Τελσιάι","Горад Цельшай","Телшяй","Телшјај","Тельше","Тельшяй","טלז","تیلشیائی","ტელშიაი","テルシェイ","特爾希艾","텔샤이"],"latitude":"55.98139","longitude":"22.24722","feature_class":"P","feature_code":"PPLA","country_code":"LT","cc2":"","admin1_code":"63","admin2_code":"78","admin3_code":"","admin4_code":"","population":"30098","elevation":"","dem":"135","timezone":"Europe/Vilnius","modification_date":"2014-09-26"},{"geonameid":"593959","name":"Taurage","asciiname":"Taurage","alternatenames":["Gorad Taurage","Taouranke","Taurage","Taurages","Tauragie","Tauragė","Tauragės","Tauraģe","Taurogen","Tauroggen","Taurogi","tao la ge","taulage","taurage","Ταουραγκέ","Горад Таўраге","Таураге","טאורגה","تاؤراگے","ტაურაგე","タウラゲ","陶拉格","타우라게"],"latitude":"55.25222","longitude":"22.28972","feature_class":"P","feature_code":"PPLA","country_code":"LT","cc2":"","admin1_code":"62","admin2_code":"","admin3_code":"","admin4_code":"","population":"27662","elevation":"","dem":"36","timezone":"Europe/Vilnius","modification_date":"2014-09-24"},{"geonameid":"594656","name":"Silute","asciiname":"Silute","alternatenames":["Heidekrug","Heydekrug","Heydekrug-Matzicken","Shilute","Silute","Szylokarczma","Szyłokarczma","sillute","Šilute","Šilutė","Шилуте","실루테"],"latitude":"55.34889","longitude":"21.48306","feature_class":"P","feature_code":"PPL","country_code":"LT","cc2":"","admin1_code":"58","admin2_code":"","admin3_code":"","admin4_code":"","population":"21760","elevation":"","dem":"8","timezone":"Europe/Vilnius","modification_date":"2014-09-24"},{"geonameid":"594739","name":"Šiauliai","asciiname":"Siauliai","alternatenames":["Comune urbano di Siauliai","Comune urbano di Šiauliai","Gorad Shauljaj","SQQ","Sauli","Schaulen","Shaulyay","Shavli","Shawllay","Shjaulaj","Shjauljaj","Shyaulyay","Siaouliai","Siaule","Siauliai","Siauliu","Sjaulaj","Sokniai","Syaulyay","Szawle","cheale","shaurei","shiauliai","shyawlyay","shyawlyayy","syaullyai","xi ao li ai","Ŝjaulaj","Şyaulyay","Šauļi","Šiauliai","Šiaulių","Šiaulē","Σιαουλιάι","Горад Шаўляй","Шяуляй","Шјауљај","שאולאי","شياولياي","شیاؤلیائی","เชาเล","შიაულიაი","シャウレイ","希奥利艾","샤울랴이"],"latitude":"55.93333","longitude":"23.31667","feature_class":"P","feature_code":"PPLA","country_code":"LT","cc2":"","admin1_code":"61","admin2_code":"91","admin3_code":"","admin4_code":"","population":"130587","elevation":"","dem":"129","timezone":"Europe/Vilnius","modification_date":"2014-09-26"},{"geonameid":"595213","name":"Rokiškis","asciiname":"Rokiskis","alternatenames":["Myasto Rokishkis","Rakischki","Rakishki","Rakiskis","Rakiszki","Rakiškis","Rokishkis","Rokiski","Rokiskio","Rokiskis","Rokiškio","Rokiškis","Rokišķi","Рокишкис"],"latitude":"55.96667","longitude":"25.58333","feature_class":"P","feature_code":"PPL","country_code":"LT","cc2":"","admin1_code":"60","admin2_code":"","admin3_code":"","admin4_code":"","population":"16255","elevation":"","dem":"126","timezone":"Europe/Vilnius","modification_date":"2013-10-30"},{"geonameid":"595449","name":"Radviliskis","asciiname":"Radviliskis","alternatenames":["Radvilai","Radvilishkis","Radviliski","Radviliskio","Radviliskis","Radviliskis-Nemunelio","Radvilisks","Radviliškio","Radviliškis","Radvilišks","Radvilišķi","Radziwiliszki","Rantbiliskis","Ραντβιλίσκις","Радвилишкис"],"latitude":"55.81667","longitude":"23.53333","feature_class":"P","feature_code":"PPL","country_code":"LT","cc2":"","admin1_code":"61","admin2_code":"","admin3_code":"","admin4_code":"","population":"20339","elevation":"","dem":"124","timezone":"Europe/Vilnius","modification_date":"2014-09-24"},{"geonameid":"595689","name":"Plunge","asciiname":"Plunge","alternatenames":["Plunge","Plunges","Plungiany","Plungė","Plungės","Płungiany","Плунге"],"latitude":"55.91139","longitude":"21.84417","feature_class":"P","feature_code":"PPL","country_code":"LT","cc2":"","admin1_code":"63","admin2_code":"","admin3_code":"","admin4_code":"","population":"23381","elevation":"","dem":"106","timezone":"Europe/Vilnius","modification_date":"2014-09-24"},{"geonameid":"596128","name":"Panevėžys","asciiname":"Panevezys","alternatenames":["PNV","Paneveza","Panevezhi","Panevezhis","Panevezio","Panevezis","Panevezys","Panevežis","Panevjazhys","Panevēža","Panevėžio","Panevėžys","Panevėžīs","Panjavezhis","Ponewesch","Poniewesch","Poniewiesh","Poniewiez","Poniewież","pa nei wei ri si","pa neiy weci s","panebejiseu","panevu~ejisu","pwnybz","pynywyzhys","Πανεβέζυς","Паневежис","Паневяжыс","Панявежис","פוניבז","پینیویژیس","ปาเนียเวจีส","პანევეჟისი","パネヴェジース","帕內韋日斯","파네베지스"],"latitude":"55.73333","longitude":"24.35","feature_class":"P","feature_code":"PPLA","country_code":"LT","cc2":"","admin1_code":"60","admin2_code":"27","admin3_code":"","admin4_code":"","population":"117395","elevation":"","dem":"52","timezone":"Europe/Vilnius","modification_date":"2014-09-26"},{"geonameid":"596238","name":"Palanga","asciiname":"Palanga","alternatenames":["Gorad Palanga","PLQ","Palanga","Palanga bykommune","Palangos","Palonga","Polaga","Polanga","Polangen","Połąga","pa lan jia","palanga","pallang-ga","paranga","Горад Паланга","Паланга","פלאנגה","პალანგა","パランガ","帕兰加","팔랑가"],"latitude":"55.9175","longitude":"21.06861","feature_class":"P","feature_code":"PPL","country_code":"LT","cc2":"","admin1_code":"58","admin2_code":"55","admin3_code":"","admin4_code":"","population":"17796","elevation":"","dem":"5","timezone":"Europe/Vilnius","modification_date":"2014-09-26"},{"geonameid":"596479","name":"Fabijoniškės","asciiname":"Fabijoniskes","alternatenames":["Fabijoniskes","Fabijoniškės"],"latitude":"54.73333","longitude":"25.24167","feature_class":"P","feature_code":"PPLX","country_code":"LT","cc2":"","admin1_code":"65","admin2_code":"41","admin3_code":"","admin4_code":"","population":"39759","elevation":"","dem":"184","timezone":"Europe/Vilnius","modification_date":"2015-02-12"},{"geonameid":"597188","name":"Mazeikiai","asciiname":"Mazeikiai","alternatenames":["Mazeiki","Mazeikiai","Mazeikiu","Mazhejkjaj","Mazheykyay","Mažeikiai","Mažeikių","Mažeiķi","Mozejki","Możejki","Muravjovo","Murawlewo","Μαζεϊκιάι","Мажейкяй"],"latitude":"56.31667","longitude":"22.33333","feature_class":"P","feature_code":"PPL","country_code":"LT","cc2":"","admin1_code":"63","admin2_code":"","admin3_code":"","admin4_code":"","population":"41309","elevation":"","dem":"70","timezone":"Europe/Vilnius","modification_date":"2014-09-24"},{"geonameid":"597231","name":"Marijampolė","asciiname":"Marijampole","alternatenames":["Gorad Maryjampale","Kapsukas","Marejampuole","Mariampol","Mariampol'","Mariampole","Mariampoles","Mariampolė","Mariampolės","Mariampol’","Marigiampole","Marijampole","Marijampolė","Mariyampol'","Mariyampole","Mariyampol’","Marjampol","Marėjampuolė","Pasesupiai","Pašešupiai","Starapole","Starapolė","ma li yang po lie","maliyampolle","mariyanpore","maryambwlh","Μαριγιαμπολέ","Горад Марыямпале","Мариямполе","Маријамполе","Маріямполе","מריאמפול","ماريامبوله","ماریجمپولے","მარიამპოლე","マリヤーンポレ","馬里揚泊列","마리얌폴레"],"latitude":"54.56667","longitude":"23.35","feature_class":"P","feature_code":"PPLA","country_code":"LT","cc2":"","admin1_code":"59","admin2_code":"18","admin3_code":"","admin4_code":"","population":"47613","elevation":"","dem":"66","timezone":"Europe/Vilnius","modification_date":"2015-01-15"},{"geonameid":"597989","name":"Kretinga","asciiname":"Kretinga","alternatenames":["Kratinga","Kretin'nka","Kretinga","Kretingos","Kretynga","Krottingen","Myasto Kretinga","keuleting-ga","Κρετίνγκα","Кретинга","크레팅가"],"latitude":"55.87583","longitude":"21.25083","feature_class":"P","feature_code":"PPL","country_code":"LT","cc2":"","admin1_code":"58","admin2_code":"","admin3_code":"","admin4_code":"","population":"22236","elevation":"","dem":"28","timezone":"Europe/Vilnius","modification_date":"2013-11-04"},{"geonameid":"598098","name":"Klaipėda","asciiname":"Klaipeda","alternatenames":["KLJ","Klaipada","Klaipeda","Klaipenta","Klaipéda","Klaipēda","Klaipėda","Klajpeda","Klaypeda","Kłajpeda","Lungsod ng Klaipeda","Lungsod ng Klaipėda","Memel","Memela","ke lai pei da","keullaipeda","khil pheda","klaipedas","kuraipeda","qlypdh","qlyypdh","Κλαϊπέντα","Клаипеда","Клайпеда","Клајпеда","קלייפדה","קליפדה","ไคลเพดา","クライペダ","克莱佩达","클라이페다"],"latitude":"55.71722","longitude":"21.1175","feature_class":"P","feature_code":"PPLA","country_code":"LT","cc2":"","admin1_code":"58","admin2_code":"55","admin3_code":"","admin4_code":"","population":"192307","elevation":"","dem":"3","timezone":"Europe/Vilnius","modification_date":"2014-09-26"},{"geonameid":"598272","name":"Kėdainiai","asciiname":"Kedainiai","alternatenames":["Gorad Kedajnjaj","Kedaini","Kedainiai","Kedainiu","Kedainių","Kedajnaj","Kedajnjaj","Kedayny","Kedaynyai","Kedaynyay","Kehdain'aj","Keidany","Kentainiai","Keydany","Kidaynay","Kidayñay","Kiedaine","Kiedainē","Kiejdany","Kėdainiai","kai dai ni ai","kedaimai","kedainai","kedainei","kedajnjaj","Ķēdaiņi","Κενταϊνιάι","Горад Кедайняй","Кедайняй","Кедајњај","Кэдаиньай","Кєиданꙑ","קדאייני","केदैंऐ","केदैञै","კედაინიაი","ケダイネイ","凱代尼艾","케다이네이"],"latitude":"55.28833","longitude":"23.97472","feature_class":"P","feature_code":"PPL","country_code":"LT","cc2":"","admin1_code":"57","admin2_code":"","admin3_code":"","admin4_code":"","population":"31980","elevation":"","dem":"32","timezone":"Europe/Vilnius","modification_date":"2013-01-11"},{"geonameid":"598316","name":"Kaunas","asciiname":"Kaunas","alternatenames":["Caunas","Couna","Gorad Kaunas","KUN","Kaounas","Kauen","Kauna","Kaunas","Kauno","Kauns","Kauņa","Kawnas","Kaŭno","Kovno","Kowno","Palemonas","kao na si","kaunaseu","kaunasu","kawnas","khea nas","konasa","qwbnh","Κάουνας","Горад Каўнас","Каунас","קאוונע","קובנה","كاوناس","کاؤناس","کاوناس","कॉनास","เคานัส","კაუნასი","ᑯᓇᔅ/kunas","カウナス","考那斯","카우나스"],"latitude":"54.9","longitude":"23.9","feature_class":"P","feature_code":"PPLA","country_code":"LT","cc2":"","admin1_code":"57","admin2_code":"52","admin3_code":"","admin4_code":"","population":"374643","elevation":"","dem":"66","timezone":"Europe/Vilnius","modification_date":"2014-09-26"},{"geonameid":"598818","name":"Jonava","asciiname":"Jonava","alternatenames":["Gorad Ionava","Ionava","Janow","Janów","Jonava","Jonavos Miestelis","Juonava","Yonava","Yonawa","ionava","yonaba","yonavu~a","yue na wa","Јонава","Горад Іонава","Ионава","Йонава","იონავა","ヨナヴァ","約納瓦","요나바"],"latitude":"55.08333","longitude":"24.28333","feature_class":"P","feature_code":"PPL","country_code":"LT","cc2":"","admin1_code":"57","admin2_code":"598814","admin3_code":"","admin4_code":"","population":"34993","elevation":"","dem":"70","timezone":"Europe/Vilnius","modification_date":"2014-06-26"},{"geonameid":"599506","name":"Gargždai","asciiname":"Gargzdai","alternatenames":["Gardzdai","Gardždai","Gargzdai","Gargzdi","Gargzdu","Gargzhdaj","Gargzhday","Gargždai","Gargždi","Gargždų","Garsden","Garzdai","Garždai","Gorzdy","Gorżdy","Гаргждай"],"latitude":"55.71278","longitude":"21.40333","feature_class":"P","feature_code":"PPL","country_code":"LT","cc2":"","admin1_code":"58","admin2_code":"","admin3_code":"","admin4_code":"","population":"16433","elevation":"","dem":"30","timezone":"Europe/Vilnius","modification_date":"2013-10-30"},{"geonameid":"599757","name":"Druskininkai","asciiname":"Druskininkai","alternatenames":["Droskininka","Droskininkā","Drushkininkaj","Druskeniki","Druskieniki","Druskiniki","Druskininkai","Druskininkaj","Druskininkay","Druskininki","Druśkieniki","Gorad Druskininkaj","Ntrouskinin'kai","de lu si ji ning kai","dorusukininkai","Ντρουσκινίνκαϊ","Горад Друскінінкай","Друскининкай","Друскінінкай","Друшкининкај","דרוסקינינקאי","ドルスキニンカイ","德魯斯基寧凱"],"latitude":"54.01667","longitude":"23.96667","feature_class":"P","feature_code":"PPL","country_code":"LT","cc2":"","admin1_code":"56","admin2_code":"","admin3_code":"","admin4_code":"","population":"17791","elevation":"","dem":"88","timezone":"Europe/Vilnius","modification_date":"2013-10-30"},{"geonameid":"601084","name":"Alytus","asciiname":"Alytus","alternatenames":["Alita","Alitos","Alitus","Alytaus","Alytous","Alytus","Alīta","Alītos","Gorad Alitus","Olita","a li tu si","allituseu","alwts","alyts","arito~usu","Αλύτους","Алитус","Алітус","Горад Алітус","אליטא","أليتس","الوتس","ალიტუსი","アリートゥス","阿利图斯","알리투스"],"latitude":"54.4","longitude":"24.05","feature_class":"P","feature_code":"PPLA","country_code":"LT","cc2":"","admin1_code":"56","admin2_code":"33","admin3_code":"","admin4_code":"","population":"70747","elevation":"","dem":"83","timezone":"Europe/Vilnius","modification_date":"2014-09-26"},{"geonameid":"601138","name":"Aleksotas","asciiname":"Aleksotas","alternatenames":["Aleksota","Aleksotas","Aleksoto"],"latitude":"54.88333","longitude":"23.9","feature_class":"P","feature_code":"PPLX","country_code":"LT","cc2":"","admin1_code":"57","admin2_code":"52","admin3_code":"","admin4_code":"","population":"24270","elevation":"","dem":"69","timezone":"Europe/Vilnius","modification_date":"2014-09-26"},{"geonameid":"6618486","name":"Dainava (Kaunas)","asciiname":"Dainava (Kaunas)","alternatenames":[""],"latitude":"54.91525","longitude":"23.96831","feature_class":"P","feature_code":"PPLX","country_code":"LT","cc2":"","admin1_code":"57","admin2_code":"","admin3_code":"","admin4_code":"","population":"70000","elevation":"100","dem":"70","timezone":"Europe/Vilnius","modification_date":"2014-09-23"},{"geonameid":"9610004","name":"Šilainiai","asciiname":"Silainiai","alternatenames":[""],"latitude":"54.92911","longitude":"23.88599","feature_class":"P","feature_code":"PPLX","country_code":"LT","cc2":"","admin1_code":"57","admin2_code":"52","admin3_code":"","admin4_code":"","population":"40600","elevation":"","dem":"88","timezone":"Europe/Vilnius","modification_date":"2014-09-26"},{"geonameid":"9610008","name":"Eiguliai","asciiname":"Eiguliai","alternatenames":[""],"latitude":"54.93133","longitude":"23.93243","feature_class":"P","feature_code":"PPLX","country_code":"LT","cc2":"","admin1_code":"57","admin2_code":"52","admin3_code":"","admin4_code":"","population":"61700","elevation":"","dem":"83","timezone":"Europe/Vilnius","modification_date":"2014-09-26"},{"geonameid":"10062599","name":"Pašilaičiai","asciiname":"Pasilaiciai","alternatenames":[""],"latitude":"54.73429","longitude":"25.21912","feature_class":"P","feature_code":"PPLX","country_code":"LT","cc2":"","admin1_code":"65","admin2_code":"","admin3_code":"","admin4_code":"","population":"33056","elevation":"","dem":"188","timezone":"Europe/Vilnius","modification_date":"2015-02-12"},{"geonameid":"10062600","name":"Pilaitė","asciiname":"Pilaite","alternatenames":[""],"latitude":"54.69981","longitude":"25.18393","feature_class":"P","feature_code":"PPLX","country_code":"LT","cc2":"","admin1_code":"65","admin2_code":"","admin3_code":"","admin4_code":"","population":"20320","elevation":"","dem":"159","timezone":"Europe/Vilnius","modification_date":"2015-02-12"},{"geonameid":"10062601","name":"Justiniškės","asciiname":"Justiniskes","alternatenames":[""],"latitude":"54.71664","longitude":"25.2174","feature_class":"P","feature_code":"PPLX","country_code":"LT","cc2":"","admin1_code":"65","admin2_code":"","admin3_code":"","admin4_code":"","population":"27462","elevation":"","dem":"182","timezone":"Europe/Vilnius","modification_date":"2015-02-12"},{"geonameid":"10062602","name":"Šeškinė","asciiname":"Seskine","alternatenames":[""],"latitude":"54.70972","longitude":"25.25053","feature_class":"P","feature_code":"PPLX","country_code":"LT","cc2":"","admin1_code":"65","admin2_code":"","admin3_code":"","admin4_code":"","population":"31333","elevation":"","dem":"161","timezone":"Europe/Vilnius","modification_date":"2015-02-12"},{"geonameid":"10062605","name":"Lazdynai","asciiname":"Lazdynai","alternatenames":[""],"latitude":"54.66815","longitude":"25.20684","feature_class":"P","feature_code":"PPLX","country_code":"LT","cc2":"","admin1_code":"65","admin2_code":"","admin3_code":"","admin4_code":"","population":"31097","elevation":"","dem":"125","timezone":"Europe/Vilnius","modification_date":"2015-02-12"},{"geonameid":"10062606","name":"Vilkpėdė","asciiname":"Vilkpede","alternatenames":[""],"latitude":"54.66969","longitude":"25.2477","feature_class":"P","feature_code":"PPLX","country_code":"LT","cc2":"","admin1_code":"65","admin2_code":"","admin3_code":"","admin4_code":"","population":"21346","elevation":"","dem":"145","timezone":"Europe/Vilnius","modification_date":"2015-02-12"},{"geonameid":"10062607","name":"Naujamiestis","asciiname":"Naujamiestis","alternatenames":[""],"latitude":"54.67951","longitude":"25.26855","feature_class":"P","feature_code":"PPLX","country_code":"LT","cc2":"","admin1_code":"65","admin2_code":"","admin3_code":"","admin4_code":"","population":"23232","elevation":"","dem":"138","timezone":"Europe/Vilnius","modification_date":"2015-02-12"}]}