{"country_data":{"ISO":"LU","ISO3":"LUX","ISO_Numeric":"442","fips":"LU","country":"Luxembourg","capital":"Luxembourg","area":"2586","Population":"497538","Continent":"EU","tld":".lu","CurrencyCode":"EUR","CurrencyName":"Euro","Phone":"352","Postal_Code_Format":"L-####","Postal_Code_Regex":"^(\\d{4})$","Languages":"lb,de-LU,fr-LU","geonameid":"2960313","neighbours":"DE,BE,FR","EquivalentFipsCode":""},"cities":[{"geonameid":"2960054","name":"Strassen","asciiname":"Strassen","alternatenames":["Strassen"],"latitude":"49.62056","longitude":"6.07333","feature_class":"P","feature_code":"PPLA3","country_code":"LU","cc2":"","admin1_code":"03","admin2_code":"04","admin3_code":"08","admin4_code":"","population":"6006","elevation":"","dem":"309","timezone":"Europe/Luxembourg","modification_date":"2014-01-10"},{"geonameid":"2960102","name":"Schifflange","asciiname":"Schifflange","alternatenames":["Scheffleng","Schifflange","Schëffleng"],"latitude":"49.50639","longitude":"6.01278","feature_class":"P","feature_code":"PPLA3","country_code":"LU","cc2":"","admin1_code":"03","admin2_code":"03","admin3_code":"14","admin4_code":"","population":"8155","elevation":"","dem":"292","timezone":"Europe/Luxembourg","modification_date":"2014-01-10"},{"geonameid":"2960187","name":"Pétange","asciiname":"Petange","alternatenames":["Gemeng Peiteng","Gemeng Péiteng","Peiteng","Petange","Petanzas","Petanzh","Petanžas","Petingen","Péiteng","Pétange","ptanzh","Петанж","پتانژ"],"latitude":"49.55833","longitude":"5.88056","feature_class":"P","feature_code":"PPLA3","country_code":"LU","cc2":"","admin1_code":"03","admin2_code":"03","admin3_code":"09","admin4_code":"","population":"7187","elevation":"","dem":"278","timezone":"Europe/Luxembourg","modification_date":"2014-01-10"},{"geonameid":"2960299","name":"Mamer","asciiname":"Mamer","alternatenames":["Gemeng Mamer","Mamer","Mameris","ma mo","mamr","Мамер","مامر","马默"],"latitude":"49.6275","longitude":"6.02333","feature_class":"P","feature_code":"PPLA3","country_code":"LU","cc2":"","admin1_code":"03","admin2_code":"02","admin3_code":"09","admin4_code":"","population":"5017","elevation":"","dem":"294","timezone":"Europe/Luxembourg","modification_date":"2014-01-10"},{"geonameid":"2960316","name":"Luxembourg","asciiname":"Luxembourg","alternatenames":["Bandar Luxembourg","Ciudad de Luxemburgo","Ciutat de Luxemburg","Dinas Lwcsembwrg","Gorad Ljuksemburg","LUX","Letzebuerg","Letzeburg","Liksanbou","Liuksemburgas","Ljuksemburg","Louxemvourgo","Lucemburk","Lucilinburhuc","Lucsamburg","Lucsemburg","Lueksemburg","Lueksemburq","Luessemburgh","Luksambuur","Luksemboarch","Luksembourg","Luksemburg","Luksemburga","Luksemburgo","Luksemburgu","Luksembùrg","Luksimbur","Lungsod ng Luksemburgo","Lusenburgo","Lussemborgh","Lussemburgo","Lussemburgu","Lussimbork veye","Luxemboerg","Luxemborg","Luxemborj","Luxembourg","Luxembourg by","Luxemburg","Luxemburgo","Luxemburgum","Luxembuurich","Luxembôrg","Luxembörg","Luxenburgo","Lëtzebuerg","Lúksemboarch","Lúxemborg","Lüksemburg","Lüksemburq","Lüssemburgh","Rakapuo","Rakapuō","Stad Letzebuerg","Stad Lëtzebuerg","Stadt Luxemburg","Ville de Luxembourg","lak sem beirk","lakcampark","lakjhembarga","lksmbrg","lu sen bao cheng","lu sen bao shi","lugsembuleukeu","luksemaburga","luksemburgi","lwksmbwrgh","lwkzambwrg","lwqsmbwrg","rukusenburuku","Λουξεμβούργο","Горад Люксембург","Луксембург","Люксембург","Лүксембург","Լյուքսեմբուրգ","לוקסמבורג","لوكسمبورغ","لوکزامبورگ","لوکسەمبورگ","ليۇكسېمبۇرگ شەھىرى","لکسمبرگ","लक्झेंबर्ग","লুক্সেমবুর্গ","லக்சம்பர்க்","ลักเซมเบิร์ก","ལུ་སེམ་བའུརག","ლუქსემბურგი","ሉክሰምበርግ","ルクセンブルク","盧森堡城","盧森堡市","룩셈부르크"],"latitude":"49.61167","longitude":"6.13","feature_class":"P","feature_code":"PPLC","country_code":"LU","cc2":"","admin1_code":"03","admin2_code":"04","admin3_code":"","admin4_code":"","population":"76684","elevation":"","dem":"316","timezone":"Europe/Luxembourg","modification_date":"2014-05-09"},{"geonameid":"2960515","name":"Grevenmacher","asciiname":"Grevenmacher","alternatenames":["Greiwemaacher","Grevenmacher","Gréiwemaacher"],"latitude":"49.67472","longitude":"6.44194","feature_class":"P","feature_code":"PPLA","country_code":"LU","cc2":"","admin1_code":"02","admin2_code":"12","admin3_code":"04","admin4_code":"","population":"3958","elevation":"","dem":"134","timezone":"Europe/Luxembourg","modification_date":"2014-02-08"},{"geonameid":"2960589","name":"Ettelbruck","asciiname":"Ettelbruck","alternatenames":["Ehtehl'bruk","Ehttel'brjuk","Etelbrek","Etelbriukas","Ettel'brjuk","Ettelbreck","Ettelbruck","Ettelbrueck","Ettelbréck","Ettelbrück","Ettlebruk","Gemeng Ettelbreck","Gemeng Ettelbréck","atlbrwk","Етелбрек","Еттельбрюк","Эттельбрюк","Этэльбрук","اتلبروک"],"latitude":"49.8475","longitude":"6.10417","feature_class":"P","feature_code":"PPLA3","country_code":"LU","cc2":"","admin1_code":"01","admin2_code":"07","admin3_code":"07","admin4_code":"","population":"6364","elevation":"","dem":"199","timezone":"Europe/Luxembourg","modification_date":"2014-01-10"},{"geonameid":"2960596","name":"Esch-sur-Alzette","asciiname":"Esch-sur-Alzette","alternatenames":["Ehsh-sjur-Al'zet","Ehsh-sjur-Al'zett","Ehsh-sjur-Alzette","Es-syr-Alzet","Esas prie Alzeto","Esch","Esch an der Alzette","Esch-Uelzecht","Esch-an-der-Alzette","Esch-an-der-Alzig","Esch-sur-Alzette","Esh sir Alzet","Esh-sjur-Al'zett","Ešas prie Alzeto","a er ze te he pan ai shi","ash-swr-alzt","eshu=shuru=aruzetto","esyuswileualjeteu","Ες-συρ-Αλζέτ","Еш сир Алзет","Еш-сюр-Альзетт","Эш-сюр-Алзетте","Эш-сюр-Альзет","Эш-сюр-Альзетт","اش-سور-الزت","エシュ＝シュル＝アルゼット","阿尔泽特河畔埃施","에슈쉬르알제트"],"latitude":"49.49583","longitude":"5.98056","feature_class":"P","feature_code":"PPLA2","country_code":"LU","cc2":"","admin1_code":"03","admin2_code":"03","admin3_code":"04","admin4_code":"","population":"28228","elevation":"","dem":"295","timezone":"Europe/Luxembourg","modification_date":"2014-02-08"},{"geonameid":"2960634","name":"Dudelange","asciiname":"Dudelange","alternatenames":["Diddeleng","Didelanzh","Diudelanzas","Diudelanžas","Djudelanzh","Dudelange","Dudelingen","Duedelingen","Dzjudzelanzh","Düdelingen","Gemeng Diddeleng","dwdlanzh","Дзюдзеланж","Диделанж","Дюделанж","دودلانژ"],"latitude":"49.48056","longitude":"6.0875","feature_class":"P","feature_code":"PPLA3","country_code":"LU","cc2":"","admin1_code":"03","admin2_code":"03","admin3_code":"03","admin4_code":"","population":"18013","elevation":"","dem":"295","timezone":"Europe/Luxembourg","modification_date":"2014-01-10"},{"geonameid":"2960651","name":"Differdange","asciiname":"Differdange","alternatenames":["Deifferdeng","Diferdanzas","Diferdanžas","Differdange","Differdanzh","Differdingen","Dziferdanzh","Déifferdeng","Gemeng Deifferdeng","Gemeng Déifferdeng","di fu dang ri","dyfrdanzh","Дзіферданж","Дифферданж","Діфферданж","دیفردانژ","迪弗當日"],"latitude":"49.52417","longitude":"5.89139","feature_class":"P","feature_code":"PPLA3","country_code":"LU","cc2":"","admin1_code":"03","admin2_code":"03","admin3_code":"02","admin4_code":"","population":"5296","elevation":"","dem":"304","timezone":"Europe/Luxembourg","modification_date":"2014-01-10"},{"geonameid":"2960657","name":"Diekirch","asciiname":"Diekirch","alternatenames":["Diekirch","Dikirkh","Dikrech","Dykirchas","Dzikirkh","di ji xi","dykyrsh","dyqyrk","Дзікірх","Дикирх","Дікірх","דיקירך","دیکیرش","迪基希"],"latitude":"49.86778","longitude":"6.15583","feature_class":"P","feature_code":"PPLA","country_code":"LU","cc2":"","admin1_code":"01","admin2_code":"07","admin3_code":"04","admin4_code":"","population":"6242","elevation":"","dem":"195","timezone":"Europe/Luxembourg","modification_date":"2012-01-18"},{"geonameid":"2960777","name":"Bettembourg","asciiname":"Bettembourg","alternatenames":["Beetebuerg","Betehmbur","Betemburas","Betembūras","Bettambur","Bettembourg","Bettemburg","Gemeng Beetebuerg","btmbwrg","Беттамбур","Беттембург","Бетэмбур","بتمبورگ"],"latitude":"49.51861","longitude":"6.10278","feature_class":"P","feature_code":"PPLA3","country_code":"LU","cc2":"","admin1_code":"03","admin2_code":"03","admin3_code":"01","admin4_code":"","population":"7437","elevation":"","dem":"278","timezone":"Europe/Luxembourg","modification_date":"2014-01-10"},{"geonameid":"2960782","name":"Bertrange","asciiname":"Bertrange","alternatenames":["Bertrange"],"latitude":"49.61111","longitude":"6.05","feature_class":"P","feature_code":"PPLA3","country_code":"LU","cc2":"","admin1_code":"03","admin2_code":"04","admin3_code":"01","admin4_code":"","population":"5615","elevation":"","dem":"287","timezone":"Europe/Luxembourg","modification_date":"2014-01-10"},{"geonameid":"2960800","name":"Belvaux","asciiname":"Belvaux","alternatenames":["Beles","Belvaux"],"latitude":"49.51278","longitude":"5.92944","feature_class":"P","feature_code":"PPL","country_code":"LU","cc2":"","admin1_code":"03","admin2_code":"","admin3_code":"","admin4_code":"","population":"5313","elevation":"","dem":"341","timezone":"Europe/Luxembourg","modification_date":"2012-01-18"},{"geonameid":"2960316","name":"Luxembourg","asciiname":"Luxembourg","alternatenames":["Bandar Luxembourg","Ciudad de Luxemburgo","Ciutat de Luxemburg","Dinas Lwcsembwrg","Gorad Ljuksemburg","LUX","Letzebuerg","Letzeburg","Liksanbou","Liuksemburgas","Ljuksemburg","Louxemvourgo","Lucemburk","Lucilinburhuc","Lucsamburg","Lucsemburg","Lueksemburg","Lueksemburq","Luessemburgh","Luksambuur","Luksemboarch","Luksembourg","Luksemburg","Luksemburga","Luksemburgo","Luksemburgu","Luksembùrg","Luksimbur","Lungsod ng Luksemburgo","Lusenburgo","Lussemborgh","Lussemburgo","Lussemburgu","Lussimbork veye","Luxemboerg","Luxemborg","Luxemborj","Luxembourg","Luxembourg by","Luxemburg","Luxemburgo","Luxemburgum","Luxembuurich","Luxembôrg","Luxembörg","Luxenburgo","Lëtzebuerg","Lúksemboarch","Lúxemborg","Lüksemburg","Lüksemburq","Lüssemburgh","Rakapuo","Rakapuō","Stad Letzebuerg","Stad Lëtzebuerg","Stadt Luxemburg","Ville de Luxembourg","lak sem beirk","lakcampark","lakjhembarga","lksmbrg","lu sen bao cheng","lu sen bao shi","lugsembuleukeu","luksemaburga","luksemburgi","lwksmbwrgh","lwkzambwrg","lwqsmbwrg","rukusenburuku","Λουξεμβούργο","Горад Люксембург","Луксембург","Люксембург","Лүксембург","Լյուքսեմբուրգ","לוקסמבורג","لوكسمبورغ","لوکزامبورگ","لوکسەمبورگ","ليۇكسېمبۇرگ شەھىرى","لکسمبرگ","लक्झेंबर्ग","লুক্সেমবুর্গ","லக்சம்பர்க்","ลักเซมเบิร์ก","ལུ་སེམ་བའུརག","ლუქსემბურგი","ሉክሰምበርግ","ルクセンブルク","盧森堡城","盧森堡市","룩셈부르크"],"latitude":"49.61167","longitude":"6.13","feature_class":"P","feature_code":"PPLC","country_code":"LU","cc2":"","admin1_code":"03","admin2_code":"04","admin3_code":"","admin4_code":"","population":"76684","elevation":"","dem":"316","timezone":"Europe/Luxembourg","modification_date":"2014-05-09"},{"geonameid":"2960596","name":"Esch-sur-Alzette","asciiname":"Esch-sur-Alzette","alternatenames":["Ehsh-sjur-Al'zet","Ehsh-sjur-Al'zett","Ehsh-sjur-Alzette","Es-syr-Alzet","Esas prie Alzeto","Esch","Esch an der Alzette","Esch-Uelzecht","Esch-an-der-Alzette","Esch-an-der-Alzig","Esch-sur-Alzette","Esh sir Alzet","Esh-sjur-Al'zett","Ešas prie Alzeto","a er ze te he pan ai shi","ash-swr-alzt","eshu=shuru=aruzetto","esyuswileualjeteu","Ες-συρ-Αλζέτ","Еш сир Алзет","Еш-сюр-Альзетт","Эш-сюр-Алзетте","Эш-сюр-Альзет","Эш-сюр-Альзетт","اش-سور-الزت","エシュ＝シュル＝アルゼット","阿尔泽特河畔埃施","에슈쉬르알제트"],"latitude":"49.49583","longitude":"5.98056","feature_class":"P","feature_code":"PPLA2","country_code":"LU","cc2":"","admin1_code":"03","admin2_code":"03","admin3_code":"04","admin4_code":"","population":"28228","elevation":"","dem":"295","timezone":"Europe/Luxembourg","modification_date":"2014-02-08"},{"geonameid":"2960634","name":"Dudelange","asciiname":"Dudelange","alternatenames":["Diddeleng","Didelanzh","Diudelanzas","Diudelanžas","Djudelanzh","Dudelange","Dudelingen","Duedelingen","Dzjudzelanzh","Düdelingen","Gemeng Diddeleng","dwdlanzh","Дзюдзеланж","Диделанж","Дюделанж","دودلانژ"],"latitude":"49.48056","longitude":"6.0875","feature_class":"P","feature_code":"PPLA3","country_code":"LU","cc2":"","admin1_code":"03","admin2_code":"03","admin3_code":"03","admin4_code":"","population":"18013","elevation":"","dem":"295","timezone":"Europe/Luxembourg","modification_date":"2014-01-10"}]}