{"country_data":{"ISO":"MO","ISO3":"MAC","ISO_Numeric":"446","fips":"MC","country":"Macao","capital":"Macao","area":"254","Population":"449198","Continent":"AS","tld":".mo","CurrencyCode":"MOP","CurrencyName":"Pataca","Phone":"853","Postal_Code_Format":"","Postal_Code_Regex":"","Languages":"zh,zh-MO,pt","geonameid":"1821275","neighbours":"","EquivalentFipsCode":""},"cities":[{"geonameid":"1821274","name":"Macau","asciiname":"Macau","alternatenames":["Aomen","Aomin'","Au-mun","Aumwnz","Aumyn","Cidade de Macau","Cidade do Santo Nome de Deus de Macau","MFM","Ma Cao","Macao","Macau","Macaum","Makaa","Makaaw","Makao","Makaou","Makau","Makaw","Makawo","Makaó","Makee","Makèë","Màkáù","O-muong","ao men","maka","maka'o","maka'u","makao","makavu","makaw","makayw","makkavu","mkaw","Àu-mûn","Ó̤-muòng","Μακάου","Аоминь","Аумын","Макаа","Макао","מקאו","ئاۋمېن","ماكاو","ماکائو","مکاؤ","މަކާއޫ","मकाउ","मकाओ","মাকাউ","ਮਕਾਉ","મકાઉ","மக்காவு","మకావు","ಮಕಾವು","മകൗ","เขตบริหารพิเศษมาเก๊า","မကာအို","მაკაო","マカオ","澳門","澳门","마카오"],"latitude":"22.20056","longitude":"113.54611","feature_class":"P","feature_code":"PPLC","country_code":"MO","cc2":"","admin1_code":"02","admin2_code":"","admin3_code":"","admin4_code":"","population":"520400","elevation":"","dem":"22","timezone":"Asia/Macau","modification_date":"2011-10-27"},{"geonameid":"1821274","name":"Macau","asciiname":"Macau","alternatenames":["Aomen","Aomin'","Au-mun","Aumwnz","Aumyn","Cidade de Macau","Cidade do Santo Nome de Deus de Macau","MFM","Ma Cao","Macao","Macau","Macaum","Makaa","Makaaw","Makao","Makaou","Makau","Makaw","Makawo","Makaó","Makee","Makèë","Màkáù","O-muong","ao men","maka","maka'o","maka'u","makao","makavu","makaw","makayw","makkavu","mkaw","Àu-mûn","Ó̤-muòng","Μακάου","Аоминь","Аумын","Макаа","Макао","מקאו","ئاۋمېن","ماكاو","ماکائو","مکاؤ","މަކާއޫ","मकाउ","मकाओ","মাকাউ","ਮਕਾਉ","મકાઉ","மக்காவு","మకావు","ಮಕಾವು","മകൗ","เขตบริหารพิเศษมาเก๊า","မကာအို","მაკაო","マカオ","澳門","澳门","마카오"],"latitude":"22.20056","longitude":"113.54611","feature_class":"P","feature_code":"PPLC","country_code":"MO","cc2":"","admin1_code":"02","admin2_code":"","admin3_code":"","admin4_code":"","population":"520400","elevation":"","dem":"22","timezone":"Asia/Macau","modification_date":"2011-10-27"},{"geonameid":"1821274","name":"Macau","asciiname":"Macau","alternatenames":["Aomen","Aomin'","Au-mun","Aumwnz","Aumyn","Cidade de Macau","Cidade do Santo Nome de Deus de Macau","MFM","Ma Cao","Macao","Macau","Macaum","Makaa","Makaaw","Makao","Makaou","Makau","Makaw","Makawo","Makaó","Makee","Makèë","Màkáù","O-muong","ao men","maka","maka'o","maka'u","makao","makavu","makaw","makayw","makkavu","mkaw","Àu-mûn","Ó̤-muòng","Μακάου","Аоминь","Аумын","Макаа","Макао","מקאו","ئاۋمېن","ماكاو","ماکائو","مکاؤ","މަކާއޫ","मकाउ","मकाओ","মাকাউ","ਮਕਾਉ","મકાઉ","மக்காவு","మకావు","ಮಕಾವು","മകൗ","เขตบริหารพิเศษมาเก๊า","မကာအို","მაკაო","マカオ","澳門","澳门","마카오"],"latitude":"22.20056","longitude":"113.54611","feature_class":"P","feature_code":"PPLC","country_code":"MO","cc2":"","admin1_code":"02","admin2_code":"","admin3_code":"","admin4_code":"","population":"520400","elevation":"","dem":"22","timezone":"Asia/Macau","modification_date":"2011-10-27"}]}