{"country_data":{"ISO":"MK","ISO3":"MKD","ISO_Numeric":"807","fips":"MK","country":"Macedonia","capital":"Skopje","area":"25333","Population":"2062294","Continent":"EU","tld":".mk","CurrencyCode":"MKD","CurrencyName":"Denar","Phone":"389","Postal_Code_Format":"####","Postal_Code_Regex":"^(\\d{4})$","Languages":"mk,sq,tr,rmm,sr","geonameid":"718075","neighbours":"AL,GR,BG,RS,XK","EquivalentFipsCode":""},"cities":[{"geonameid":"783809","name":"Zrnovci","asciiname":"Zrnovci","alternatenames":["Zrnovce","Zrnovci","Зрновци"],"latitude":"41.85417","longitude":"22.44444","feature_class":"P","feature_code":"PPLA","country_code":"MK","cc2":"","admin1_code":"C6","admin2_code":"","admin3_code":"","admin4_code":"","population":"3236","elevation":"","dem":"361","timezone":"Europe/Skopje","modification_date":"2014-08-06"},{"geonameid":"783926","name":"Желино","asciiname":"Zhelino","alternatenames":["Zelino","Zeljino","Zheline","Zhelino","Zhelinë","Željino","Желино"],"latitude":"41.98028","longitude":"21.06417","feature_class":"P","feature_code":"PPLA","country_code":"MK","cc2":"","admin1_code":"C3","admin2_code":"","admin3_code":"","admin4_code":"","population":"25422","elevation":"","dem":"448","timezone":"Europe/Skopje","modification_date":"2007-08-11"},{"geonameid":"783938","name":"Зелениково","asciiname":"Zelenikovo","alternatenames":["Zelenikove","Zelenikovo","Zelenikovë","Зелениково"],"latitude":"41.88667","longitude":"21.58694","feature_class":"P","feature_code":"PPLA","country_code":"MK","cc2":"","admin1_code":"C2","admin2_code":"","admin3_code":"","admin4_code":"","population":"4020","elevation":"","dem":"230","timezone":"Europe/Skopje","modification_date":"2007-08-11"},{"geonameid":"784027","name":"Zajas","asciiname":"Zajas","alternatenames":["Zajac","Zajas","Зајас"],"latitude":"41.60722","longitude":"20.93833","feature_class":"P","feature_code":"PPL","country_code":"MK","cc2":"","admin1_code":"43","admin2_code":"","admin3_code":"","admin4_code":"","population":"12218","elevation":"","dem":"748","timezone":"Europe/Skopje","modification_date":"2014-11-06"},{"geonameid":"784114","name":"Vrutok","asciiname":"Vrutok","alternatenames":["Vrutog","Vrutok","Вруток"],"latitude":"41.76861","longitude":"20.83917","feature_class":"P","feature_code":"PPL","country_code":"MK","cc2":"","admin1_code":"D4","admin2_code":"","admin3_code":"","admin4_code":"","population":"5999","elevation":"","dem":"677","timezone":"Europe/Skopje","modification_date":"2014-10-01"},{"geonameid":"784212","name":"Vrapčište","asciiname":"Vrapciste","alternatenames":["Vrapchishte","Vrapcicshte","Vrapcista","Vrapciste","Vrapçicshtë","Vrapčišta","Vrapčište","Врапчиште"],"latitude":"41.83439","longitude":"20.88563","feature_class":"P","feature_code":"PPLA","country_code":"MK","cc2":"","admin1_code":"B7","admin2_code":"","admin3_code":"","admin4_code":"","population":"8652","elevation":"","dem":"571","timezone":"Europe/Skopje","modification_date":"2014-10-01"},{"geonameid":"784424","name":"Vinica","asciiname":"Vinica","alternatenames":["Vinica","Виница"],"latitude":"41.88278","longitude":"22.50917","feature_class":"P","feature_code":"PPLA","country_code":"MK","cc2":"","admin1_code":"B4","admin2_code":"","admin3_code":"","admin4_code":"","population":"18218","elevation":"","dem":"407","timezone":"Europe/Skopje","modification_date":"2014-08-06"},{"geonameid":"784462","name":"Vevčani","asciiname":"Vevcani","alternatenames":["Vehcane","Vehcani","Vehčane","Vehčani","Vevcane","Vevcani","Vevchani","Vevčane","Vevčani","Вевчани"],"latitude":"41.24056","longitude":"20.59333","feature_class":"P","feature_code":"PPLA","country_code":"MK","cc2":"","admin1_code":"B3","admin2_code":"","admin3_code":"","admin4_code":"","population":"2429","elevation":"","dem":"867","timezone":"Europe/Skopje","modification_date":"2012-12-06"},{"geonameid":"784679","name":"Velesta","asciiname":"Velesta","alternatenames":["Veleshta","Velesta","Veleste","Velešte","Велешта"],"latitude":"41.24083","longitude":"20.64389","feature_class":"P","feature_code":"PPL","country_code":"MK","cc2":"","admin1_code":"B2","admin2_code":"","admin3_code":"","admin4_code":"","population":"8646","elevation":"","dem":"716","timezone":"Europe/Skopje","modification_date":"2010-08-13"},{"geonameid":"784700","name":"Василево","asciiname":"Vasilevo","alternatenames":["Vasilevo","Vasiljevo","Василево"],"latitude":"41.47611","longitude":"22.64167","feature_class":"P","feature_code":"PPLA","country_code":"MK","cc2":"","admin1_code":"A9","admin2_code":"","admin3_code":"","admin4_code":"","population":"12382","elevation":"","dem":"235","timezone":"Europe/Skopje","modification_date":"2007-08-11"},{"geonameid":"784733","name":"Valandovo","asciiname":"Valandovo","alternatenames":["Valandova","Valandovo","Валандово"],"latitude":"41.31744","longitude":"22.56002","feature_class":"P","feature_code":"PPLA","country_code":"MK","cc2":"","admin1_code":"E9","admin2_code":"","admin3_code":"","admin4_code":"","population":"3798","elevation":"","dem":"127","timezone":"Europe/Skopje","modification_date":"2014-06-05"},{"geonameid":"785058","name":"Veles","asciiname":"Veles","alternatenames":["Koprulu","Köprülü","Titov Veles","Veles","Velesa","Velesas","Velesi","Velessa","Velesu","Vélès","Weles","Wełes","belleseu","fylys","velesi","vu~eresu","wei lai si","wls","Βελεσά","Велес","Вєлєсъ","ולס","فيليس","ველესი","ヴェレス","韋萊斯","벨레스"],"latitude":"41.71556","longitude":"21.77556","feature_class":"P","feature_code":"PPLA","country_code":"MK","cc2":"","admin1_code":"F1","admin2_code":"","admin3_code":"","admin4_code":"","population":"57873","elevation":"","dem":"210","timezone":"Europe/Skopje","modification_date":"2014-04-06"},{"geonameid":"785082","name":"Tetovo","asciiname":"Tetovo","alternatenames":["Kalkandelen","Qalqan Delen","Tetobo","Tetova","Tetovas","Tetove","Tetovo","Tetovë","Tetowo","tai tuo wo","tetobo","tetovu~o","ttwbw","ttwfw","tytwfw","Τέτοβο","Тетово","Хътѣтово","טטובו","تتوفو","تيتوفو","ტეტოვო","テトヴォ","泰托沃","테토보"],"latitude":"42.00973","longitude":"20.97155","feature_class":"P","feature_code":"PPLA","country_code":"MK","cc2":"","admin1_code":"E8","admin2_code":"","admin3_code":"","admin4_code":"","population":"72944","elevation":"","dem":"466","timezone":"Europe/Skopje","modification_date":"2014-09-05"},{"geonameid":"785113","name":"Теарце","asciiname":"Tearce","alternatenames":["Tearce","Теарце"],"latitude":"42.07444","longitude":"21.0525","feature_class":"P","feature_code":"PPLA","country_code":"MK","cc2":"","admin1_code":"A5","admin2_code":"","admin3_code":"","admin4_code":"","population":"23096","elevation":"","dem":"503","timezone":"Europe/Skopje","modification_date":"2007-08-11"},{"geonameid":"785201","name":"Sveti Nikole","asciiname":"Sveti Nikole","alternatenames":["Kilisseli","Sveti Nikola","Sveti Nikole"],"latitude":"41.86956","longitude":"21.95274","feature_class":"P","feature_code":"PPLA","country_code":"MK","cc2":"MK","admin1_code":"A4","admin2_code":"","admin3_code":"","admin4_code":"","population":"13292","elevation":"","dem":"297","timezone":"Europe/Skopje","modification_date":"2011-08-15"},{"geonameid":"785345","name":"Студеничани","asciiname":"Studenichani","alternatenames":["Studenicane","Studenichani","Studeničane","Студеничани"],"latitude":"41.91583","longitude":"21.53056","feature_class":"P","feature_code":"PPLA","country_code":"MK","cc2":"","admin1_code":"A2","admin2_code":"","admin3_code":"","admin4_code":"","population":"18219","elevation":"","dem":"292","timezone":"Europe/Skopje","modification_date":"2007-08-06"},{"geonameid":"785380","name":"Strumica","asciiname":"Strumica","alternatenames":["Stromitza","Stromnitsa","Stromnitza","Stroumitsa","Strumica","Strumitsa","Strumitza","Ustrumcha","Струмица"],"latitude":"41.4375","longitude":"22.64333","feature_class":"P","feature_code":"PPLA","country_code":"MK","cc2":"","admin1_code":"E7","admin2_code":"","admin3_code":"","admin4_code":"","population":"45508","elevation":"","dem":"228","timezone":"Europe/Skopje","modification_date":"2014-06-05"},{"geonameid":"785387","name":"Struga","asciiname":"Struga","alternatenames":["Gorad Struga","QXP","Strouga","Struga","Ustrugha","astrwga","si te lu jia","strwgh","strwgha","sutoruga","Горад Струга","Строуга","Струга","סטרוגה","استروگا","ستروغا","სტრუგა","ストルガ","斯特鲁加"],"latitude":"41.17799","longitude":"20.67784","feature_class":"P","feature_code":"PPLA","country_code":"MK","cc2":"","admin1_code":"E6","admin2_code":"","admin3_code":"","admin4_code":"","population":"37387","elevation":"","dem":"696","timezone":"Europe/Skopje","modification_date":"2012-12-06"},{"geonameid":"785482","name":"Shtip","asciiname":"Shtip","alternatenames":["Ishtib","Istip","Shhip","Shtip","Stip","Stiplia","İştip","Štip","Штип","Щип"],"latitude":"41.74583","longitude":"22.19583","feature_class":"P","feature_code":"PPLA","country_code":"MK","cc2":"","admin1_code":"98","admin2_code":"","admin3_code":"","admin4_code":"","population":"48279","elevation":"","dem":"294","timezone":"Europe/Skopje","modification_date":"2011-08-15"},{"geonameid":"785515","name":"Старо Нагоричане","asciiname":"Staro Nagorichane","alternatenames":["Nagorican i Vjeter","Nagoriçan i Vjetër","Staro Nagoricane","Staro Nagoricino","Staro Nagoričane","Staro Nagoričino"],"latitude":"42.19806","longitude":"21.82861","feature_class":"P","feature_code":"PPLA","country_code":"MK","cc2":"","admin1_code":"97","admin2_code":"","admin3_code":"","admin4_code":"","population":"4112","elevation":"","dem":"427","timezone":"Europe/Skopje","modification_date":"2006-10-04"},{"geonameid":"785537","name":"Star Dojran","asciiname":"Star Dojran","alternatenames":["Doerane","Dojran","Doēranē","Star Dojran","Stari Dojran","Стар Дојран"],"latitude":"41.18647","longitude":"22.7203","feature_class":"P","feature_code":"PPLA","country_code":"MK","cc2":"","admin1_code":"E5","admin2_code":"","admin3_code":"","admin4_code":"","population":"3348","elevation":"","dem":"168","timezone":"Europe/Skopje","modification_date":"2012-11-08"},{"geonameid":"785679","name":"Сопиште","asciiname":"Sopishte","alternatenames":["Sopishte","Sopiste","Sopište"],"latitude":"41.95472","longitude":"21.4275","feature_class":"P","feature_code":"PPLA","country_code":"MK","cc2":"","admin1_code":"92","admin2_code":"","admin3_code":"","admin4_code":"","population":"9460","elevation":"","dem":"501","timezone":"Europe/Skopje","modification_date":"2006-10-04"},{"geonameid":"785842","name":"Skopje","asciiname":"Skopje","alternatenames":["Gorad Skop'e","SKP","Scopia","Scupi","Shkup","Shkupi","Skop'e","Skope","Skopeia","Skopia","Skopie","Skopiye","Skopje","Skopjo","Skopjė","Skople","Skoplie","Skoplje","Skopye","Szkopje","UEskuep","Uskub","Usküb","askwpyh","s ko peiy","sakopi'e","seukope","si ke pu li","skopje","skopye","skwbyh","sqwpyh","sukopie","Üsküp","Σκόπια","Горад Скоп'е","Скоп'є","Скопе","Скопие","Скопье","Скопје","Скопље","Съкопиѥ","Սկոպյե","סקאפיע","סקופיה","اسکوپیه","اسکوپیہ","سكوبيه","سكوپليې","سکوپ جے","स्कोप्ये","ਸਕੋਪੀਏ","ஸ்கோப்ஜே","สโกเปีย","སི་ཀོཔ་ཇི།","სკოპიე","ስኮፕዬ","スコピエ","斯科普里","스코페"],"latitude":"41.99646","longitude":"21.43141","feature_class":"P","feature_code":"PPLC","country_code":"MK","cc2":"","admin1_code":"41","admin2_code":"","admin3_code":"","admin4_code":"","population":"474889","elevation":"","dem":"247","timezone":"Europe/Skopje","modification_date":"2013-06-05"},{"geonameid":"785881","name":"Šipkovica","asciiname":"Sipkovica","alternatenames":["Mezefovica","Shipkovica","Shipkovice","Shipkovicë","Siikovica","Sipkovica","Šipkovica","Шипковица"],"latitude":"42.035","longitude":"20.91556","feature_class":"P","feature_code":"PPL","country_code":"MK","cc2":"","admin1_code":"E8","admin2_code":"","admin3_code":"","admin4_code":"","population":"8228","elevation":"","dem":"1086","timezone":"Europe/Skopje","modification_date":"2014-09-05"},{"geonameid":"786093","name":"Сарај","asciiname":"Saraj","alternatenames":["Saraj","Сарай","Сарај"],"latitude":"42","longitude":"21.32778","feature_class":"P","feature_code":"PPLA","country_code":"MK","cc2":"","admin1_code":"90","admin2_code":"","admin3_code":"","admin4_code":"","population":"25379","elevation":"","dem":"271","timezone":"Europe/Skopje","modification_date":"2010-01-29"},{"geonameid":"786238","name":"Ростуша","asciiname":"Rostusha","alternatenames":["Rostusa","Rostusha","Ростуша"],"latitude":"41.61","longitude":"20.6","feature_class":"P","feature_code":"PPLA","country_code":"MK","cc2":"","admin1_code":"E4","admin2_code":"","admin3_code":"","admin4_code":"","population":"9147","elevation":"","dem":"789","timezone":"Europe/Skopje","modification_date":"2010-08-09"},{"geonameid":"786239","name":"Rosoman","asciiname":"Rosoman","alternatenames":["Rasoman","Rosoman","Росоман"],"latitude":"41.51671","longitude":"21.94585","feature_class":"P","feature_code":"PPLA","country_code":"MK","cc2":"","admin1_code":"87","admin2_code":"","admin3_code":"","admin4_code":"","population":"4106","elevation":"","dem":"143","timezone":"Europe/Skopje","modification_date":"2014-04-30"},{"geonameid":"786341","name":"Ресен","asciiname":"Resen","alternatenames":["Resan","Resen","Resna","Ресен"],"latitude":"41.08889","longitude":"21.01222","feature_class":"P","feature_code":"PPLA","country_code":"MK","cc2":"","admin1_code":"86","admin2_code":"","admin3_code":"","admin4_code":"","population":"16539","elevation":"","dem":"885","timezone":"Europe/Skopje","modification_date":"2007-08-11"},{"geonameid":"786477","name":"Ранковце","asciiname":"Rankovce","alternatenames":["Rankovci","Ранковци"],"latitude":"42.16964","longitude":"22.11617","feature_class":"P","feature_code":"PPLA","country_code":"MK","cc2":"","admin1_code":"85","admin2_code":"","admin3_code":"","admin4_code":"","population":"4071","elevation":"","dem":"472","timezone":"Europe/Skopje","modification_date":"2011-08-15"},{"geonameid":"786565","name":"Радовиш","asciiname":"Radovish","alternatenames":["Radovis","Radovish","Radoviste","Radovište","Rodovis","Rodoviš","Радовиш"],"latitude":"41.63833","longitude":"22.46472","feature_class":"P","feature_code":"PPLA","country_code":"MK","cc2":"","admin1_code":"84","admin2_code":"","admin3_code":"","admin4_code":"","population":"24984","elevation":"","dem":"382","timezone":"Europe/Skopje","modification_date":"2007-08-11"},{"geonameid":"786700","name":"Probishtip","asciiname":"Probishtip","alternatenames":["Probishtip","Probistip","Пробиштип"],"latitude":"42.00306","longitude":"22.17861","feature_class":"P","feature_code":"PPLA","country_code":"MK","cc2":"","admin1_code":"83","admin2_code":"","admin3_code":"","admin4_code":"","population":"12702","elevation":"","dem":"589","timezone":"Europe/Skopje","modification_date":"2011-08-15"},{"geonameid":"786735","name":"Prilep","asciiname":"Prilep","alternatenames":["Perlepe","Perlepes","Perlepé","Pirlepe","Prilep","Prilepa","Prilepas","pirlepe","Прилеп"],"latitude":"41.34514","longitude":"21.55504","feature_class":"P","feature_code":"PPLA","country_code":"MK","cc2":"","admin1_code":"E3","admin2_code":"","admin3_code":"","admin4_code":"","population":"73814","elevation":"","dem":"652","timezone":"Europe/Skopje","modification_date":"2014-03-08"},{"geonameid":"787016","name":"Пласница","asciiname":"Plasnica","alternatenames":["Plasnica","Пласница"],"latitude":"41.46722","longitude":"21.12306","feature_class":"P","feature_code":"PPLA","country_code":"MK","cc2":"","admin1_code":"80","admin2_code":"","admin3_code":"","admin4_code":"","population":"4574","elevation":"","dem":"686","timezone":"Europe/Skopje","modification_date":"2007-08-11"},{"geonameid":"787072","name":"Петровец","asciiname":"Petrovec","alternatenames":["Ibraimovo","Petrovac","Petrovec"],"latitude":"41.93889","longitude":"21.615","feature_class":"P","feature_code":"PPLA","country_code":"MK","cc2":"","admin1_code":"79","admin2_code":"","admin3_code":"","admin4_code":"","population":"8298","elevation":"","dem":"225","timezone":"Europe/Skopje","modification_date":"2006-10-04"},{"geonameid":"787147","name":"Pehčevo","asciiname":"Pehcevo","alternatenames":["Pehcevo","Pehčevo","Pekhchevo","Пехчево"],"latitude":"41.75944","longitude":"22.89056","feature_class":"P","feature_code":"PPLA","country_code":"MK","cc2":"","admin1_code":"78","admin2_code":"","admin3_code":"","admin4_code":"","population":"2440","elevation":"","dem":"1047","timezone":"Europe/Skopje","modification_date":"2012-01-19"},{"geonameid":"787487","name":"Ohrid","asciiname":"Ohrid","alternatenames":["Akhris","Gorad Okhryd","OHD","Ochrid","Ochrida","Ochridas","Ochryda","Ocrida","Ohri","Ohrid","Ohrida","Okhri","Okhrid","Okhridu","ao he li de","awhryd","awkhryd","ofurido","oheulideu","ohridi","xo kh rid","Οχρίδα","Горад Охрыд","Охрид","Охрїдъ","אוחריד","آکریڈا","أوخريد","اوهرید","โอครีด","ოჰრიდი","オフリド","奥赫里德","오흐리드"],"latitude":"41.11722","longitude":"20.80194","feature_class":"P","feature_code":"PPLA","country_code":"MK","cc2":"","admin1_code":"E2","admin2_code":"","admin3_code":"","admin4_code":"","population":"54908","elevation":"","dem":"701","timezone":"Europe/Skopje","modification_date":"2012-11-08"},{"geonameid":"787574","name":"Ново Село","asciiname":"Novo Selo","alternatenames":["Jenikej","Jenikoj","Jeniköj","Novo Selo","Yenikoey","Yenikoj","Yeniköy","Ново Село"],"latitude":"41.41389","longitude":"22.88111","feature_class":"P","feature_code":"PPLA","country_code":"MK","cc2":"","admin1_code":"72","admin2_code":"","admin3_code":"","admin4_code":"","population":"11818","elevation":"","dem":"239","timezone":"Europe/Skopje","modification_date":"2014-08-27"},{"geonameid":"787624","name":"Novaci","asciiname":"Novaci","alternatenames":["Komuna e Novacit","Municipalidad de Novaci","Novaci","Novaci Municipality","Novatsi","Opcina Novaci","Opshtina Novaci","Opstina Novaci","Općina Novaci","Opština Novaci","Vilojati Novatsi","nuo wa ji qu","Вилояти Новатси","Новаци","Новаці","Општина Новаци","諾瓦濟區"],"latitude":"41.04197","longitude":"21.45866","feature_class":"P","feature_code":"PPLA","country_code":"MK","cc2":"","admin1_code":"E1","admin2_code":"","admin3_code":"","admin4_code":"","population":"2357","elevation":"","dem":"581","timezone":"Europe/Skopje","modification_date":"2014-03-08"},{"geonameid":"787715","name":"Неготино","asciiname":"Negotino","alternatenames":["Negotin","Negotino","Negotino-Poloshko","Negotino-Polosko","Negotino-Pološko","Неготино","Неготино-Полошко"],"latitude":"41.87861","longitude":"20.88389","feature_class":"P","feature_code":"PPL","country_code":"MK","cc2":"","admin1_code":"B7","admin2_code":"","admin3_code":"","admin4_code":"","population":"17518","elevation":"","dem":"576","timezone":"Europe/Skopje","modification_date":"2013-06-20"},{"geonameid":"787716","name":"Negotino","asciiname":"Negotino","alternatenames":["Negotin","Negotin Vardarski","Negotina","Negotino","nei ge di nuo","ngwtynw","Неготино","نگوتینو","ნეგოტინო","內戈蒂諾"],"latitude":"41.48456","longitude":"22.09056","feature_class":"P","feature_code":"PPLA","country_code":"MK","cc2":"","admin1_code":"69","admin2_code":"","admin3_code":"","admin4_code":"","population":"19515","elevation":"","dem":"144","timezone":"Europe/Skopje","modification_date":"2014-04-30"},{"geonameid":"787778","name":"Demir Hisar","asciiname":"Demir Hisar","alternatenames":["Demir Hisar","Demir Khisar","Murgasevo","Murgashevo","Murgaševo","Демир Хисар","Мургашево"],"latitude":"41.22097","longitude":"21.20302","feature_class":"P","feature_code":"PPLA","country_code":"MK","cc2":"","admin1_code":"D3","admin2_code":"","admin3_code":"","admin4_code":"","population":"2283","elevation":"","dem":"644","timezone":"Europe/Skopje","modification_date":"2014-02-10"},{"geonameid":"787877","name":"Могила","asciiname":"Mogila","alternatenames":["Mogila","Могила"],"latitude":"41.10833","longitude":"21.37861","feature_class":"P","feature_code":"PPLA","country_code":"MK","cc2":"","admin1_code":"D9","admin2_code":"","admin3_code":"","admin4_code":"","population":"4392","elevation":"","dem":"588","timezone":"Europe/Skopje","modification_date":"2010-08-09"},{"geonameid":"788654","name":"Липково","asciiname":"Lipkovo","alternatenames":["Lipkove","Lipkovo","Lipkovë","Липково"],"latitude":"42.15639","longitude":"21.58528","feature_class":"P","feature_code":"PPLA","country_code":"MK","cc2":"","admin1_code":"59","admin2_code":"","admin3_code":"","admin4_code":"","population":"28102","elevation":"","dem":"441","timezone":"Europe/Skopje","modification_date":"2007-08-11"},{"geonameid":"788819","name":"Лабуништа","asciiname":"Labunishta","alternatenames":["Labunishta","Labunista","Labuniste","Labunište","Лабуништа"],"latitude":"41.26861","longitude":"20.59611","feature_class":"P","feature_code":"PPL","country_code":"MK","cc2":"","admin1_code":"58","admin2_code":"","admin3_code":"","admin4_code":"","population":"8805","elevation":"","dem":"865","timezone":"Europe/Skopje","modification_date":"2010-08-13"},{"geonameid":"788886","name":"Kumanovo","asciiname":"Kumanovo","alternatenames":["Koumanovo","Kumanova","Kumanovas","Kumanove","Kumanovo","Kumanovë","Kumanowo","ku ma nuo wo","kumanobo","kumanovu~o","kwmanwfw","Κουμάνοβο","Коуманово","Куманово","קומאנובו","كومانوفو","کومانوفو","კუმანოვო","クマノヴォ","库马诺沃","쿠마노보"],"latitude":"42.13222","longitude":"21.71444","feature_class":"P","feature_code":"PPLA","country_code":"MK","cc2":"","admin1_code":"D7","admin2_code":"","admin3_code":"","admin4_code":"","population":"76275","elevation":"","dem":"344","timezone":"Europe/Skopje","modification_date":"2015-06-08"},{"geonameid":"788961","name":"Крушево","asciiname":"Krushevo","alternatenames":["Krusevo","Krushevo","Krusovo","Krušovo","Крушево"],"latitude":"41.36889","longitude":"21.24889","feature_class":"P","feature_code":"PPLA","country_code":"MK","cc2":"MK","admin1_code":"54","admin2_code":"","admin3_code":"","admin4_code":"","population":"5211","elevation":"","dem":"1207","timezone":"Europe/Skopje","modification_date":"2007-08-11"},{"geonameid":"789028","name":"Krivogashtani","asciiname":"Krivogashtani","alternatenames":["Krivogashtani","Krivogastane","Krivogastani","Krivogaštane","Кривогаштани"],"latitude":"41.33611","longitude":"21.33306","feature_class":"P","feature_code":"PPLA","country_code":"MK","cc2":"","admin1_code":"53","admin2_code":"","admin3_code":"","admin4_code":"","population":"5899","elevation":"","dem":"607","timezone":"Europe/Skopje","modification_date":"2011-08-16"},{"geonameid":"789045","name":"Крива Паланка","asciiname":"Kriva Palanka","alternatenames":["Kriva Palanka","Palangha","Крива Паланка"],"latitude":"42.20194","longitude":"22.33194","feature_class":"P","feature_code":"PPLA","country_code":"MK","cc2":"","admin1_code":"52","admin2_code":"","admin3_code":"","admin4_code":"","population":"20820","elevation":"","dem":"644","timezone":"Europe/Skopje","modification_date":"2007-08-11"},{"geonameid":"789091","name":"Kratovo","asciiname":"Kratovo","alternatenames":["Kratova","Kratovo","Кратово"],"latitude":"42.07838","longitude":"22.1807","feature_class":"P","feature_code":"PPLA","country_code":"MK","cc2":"","admin1_code":"51","admin2_code":"","admin3_code":"","admin4_code":"","population":"10288","elevation":"","dem":"615","timezone":"Europe/Skopje","modification_date":"2014-06-05"},{"geonameid":"789339","name":"Кондово","asciiname":"Kondovo","alternatenames":["Kondovo"],"latitude":"42.01167","longitude":"21.31361","feature_class":"P","feature_code":"PPL","country_code":"MK","cc2":"","admin1_code":"48","admin2_code":"","admin3_code":"","admin4_code":"","population":"11656","elevation":"","dem":"285","timezone":"Europe/Skopje","modification_date":"2010-08-13"},{"geonameid":"789342","name":"Konče","asciiname":"Konce","alternatenames":["Konca","Konce","Konche","Konča","Konče","Конче"],"latitude":"41.49511","longitude":"22.38359","feature_class":"P","feature_code":"PPLA","country_code":"MK","cc2":"","admin1_code":"47","admin2_code":"","admin3_code":"","admin4_code":"","population":"3475","elevation":"","dem":"580","timezone":"Europe/Skopje","modification_date":"2014-06-05"},{"geonameid":"789403","name":"Kochani","asciiname":"Kochani","alternatenames":["Kocane","Kocani","Kochani","Kočane","Kočani","Кочани"],"latitude":"41.91639","longitude":"22.41278","feature_class":"P","feature_code":"PPLA","country_code":"MK","cc2":"","admin1_code":"46","admin2_code":"","admin3_code":"","admin4_code":"","population":"34258","elevation":"","dem":"354","timezone":"Europe/Skopje","modification_date":"2011-08-15"},{"geonameid":"789527","name":"Kičevo","asciiname":"Kicevo","alternatenames":["Kercova","Kicevas","Kicevo","Kichevo","Kiczewo","Kircova","Kitchevo","Kitsevo","Kičevas","Kičevo","Kërçova","Kırçova","ji qie wo","kichevu~o","kychfw","kytshyfw","Κίτσεβο","Кичево","Кꙑчєво","كيتشيفو","کیچفو","კიჩევო","キチェヴォ","基切沃"],"latitude":"41.51267","longitude":"20.95886","feature_class":"P","feature_code":"PPLA","country_code":"MK","cc2":"","admin1_code":"43","admin2_code":"","admin3_code":"","admin4_code":"","population":"31123","elevation":"","dem":"615","timezone":"Europe/Skopje","modification_date":"2014-11-06"},{"geonameid":"789541","name":"Kavadarci","asciiname":"Kavadarci","alternatenames":["Kavadar","Kavadarci","Kavadarcis","Kavadari","Kavadartsi","Kavantartsi","Kawadarci","Tikves","Tikvesh","Tikveš","ka wa da er qi","kafadarchy","qbdrzy","Καβάνταρτσι","Кавадарци","Кавадарці","קבדרצי","کافادارچی","კავადარცი","卡瓦達爾奇"],"latitude":"41.43306","longitude":"22.01194","feature_class":"P","feature_code":"PPLA","country_code":"MK","cc2":"","admin1_code":"D6","admin2_code":"","admin3_code":"","admin4_code":"","population":"38799","elevation":"","dem":"276","timezone":"Europe/Skopje","modification_date":"2014-04-30"},{"geonameid":"789563","name":"Karbinci","asciiname":"Karbinci","alternatenames":["Karabinci","Karbinci","Карбинци"],"latitude":"41.81758","longitude":"22.23529","feature_class":"P","feature_code":"PPLA","country_code":"MK","cc2":"","admin1_code":"40","admin2_code":"","admin3_code":"","admin4_code":"","population":"3900","elevation":"","dem":"288","timezone":"Europe/Skopje","modification_date":"2014-08-06"},{"geonameid":"789611","name":"Kamenjane","asciiname":"Kamenjane","alternatenames":["Kamenane","Kamenjan","Kamenjane","Камењане"],"latitude":"41.94568","longitude":"20.92894","feature_class":"P","feature_code":"PPL","country_code":"MK","cc2":"","admin1_code":"C7","admin2_code":"","admin3_code":"","admin4_code":"","population":"15376","elevation":"","dem":"485","timezone":"Europe/Skopje","modification_date":"2014-10-01"},{"geonameid":"789629","name":"Makedonska Kamenica","asciiname":"Makedonska Kamenica","alternatenames":["Kamenica","Makedonska Kamenica","Македонска Каменица"],"latitude":"42.02079","longitude":"22.5876","feature_class":"P","feature_code":"PPLA","country_code":"MK","cc2":"","admin1_code":"62","admin2_code":"","admin3_code":"","admin4_code":"","population":"8114","elevation":"","dem":"531","timezone":"Europe/Skopje","modification_date":"2013-04-04"},{"geonameid":"789822","name":"Јегуновце","asciiname":"Jegunovce","alternatenames":["Jegunovce","Јегуновце"],"latitude":"42.07361","longitude":"21.12361","feature_class":"P","feature_code":"PPLA","country_code":"MK","cc2":"","admin1_code":"D5","admin2_code":"","admin3_code":"","admin4_code":"","population":"7313","elevation":"","dem":"392","timezone":"Europe/Skopje","modification_date":"2010-08-09"},{"geonameid":"790217","name":"Gradsko","asciiname":"Gradsko","alternatenames":["Gradsko","Градско"],"latitude":"41.5775","longitude":"21.94278","feature_class":"P","feature_code":"PPLA","country_code":"MK","cc2":"","admin1_code":"35","admin2_code":"","admin3_code":"","admin4_code":"","population":"3737","elevation":"","dem":"159","timezone":"Europe/Skopje","modification_date":"2014-04-30"},{"geonameid":"790295","name":"Gostivar","asciiname":"Gostivar","alternatenames":["Gostivar","Gostivar'","Gostivara","Gostivaras","Gostivari","Gostiwar","Kostovon","Nkostivar","ge si di wa er","ghwstyfar","goseutibaleu","gosutivu~aru","gshtyfar","Γκόστιβαρ","Гостивар","Гостивар҄ь","غوستيفار","گشتیفار","გოსტივარი","ゴスティヴァル","戈斯蒂瓦尔","고스티바르"],"latitude":"41.79601","longitude":"20.90819","feature_class":"P","feature_code":"PPLA","country_code":"MK","cc2":"","admin1_code":"D4","admin2_code":"","admin3_code":"","admin4_code":"","population":"50974","elevation":"","dem":"535","timezone":"Europe/Skopje","modification_date":"2014-10-01"},{"geonameid":"790744","name":"Gevgelija","asciiname":"Gevgelija","alternatenames":["Devdelijad","Gevegeli","Gevgeli","Gevgelia","Gevgelija","Gevgeliya","Gewgelija","Gjevgjelia","Guevgueliya","gai fu gai li ya","gbglyh","gevgelia","gevugeriya","gflya","ghyfghlya","Ðevđelijad","Γευγελή","Ђевђелија","Гевгели","Гевгелия","Гевгелија","Гєѵгєла","גבגליה","غيفغليا","گفلیا","გევგელია","ゲヴゲリヤ","蓋夫蓋利亞"],"latitude":"41.14166","longitude":"22.50141","feature_class":"P","feature_code":"PPLA","country_code":"MK","cc2":"","admin1_code":"33","admin2_code":"","admin3_code":"","admin4_code":"","population":"20664","elevation":"","dem":"62","timezone":"Europe/Skopje","modification_date":"2012-12-06"},{"geonameid":"790848","name":"Лозово","asciiname":"Lozovo","alternatenames":["Dzumajlija","Dzumali","Džumajlija","Džumali","Lozovo","Лозово"],"latitude":"41.78389","longitude":"21.90556","feature_class":"P","feature_code":"PPLA","country_code":"MK","cc2":"","admin1_code":"60","admin2_code":"","admin3_code":"","admin4_code":"","population":"2836","elevation":"","dem":"287","timezone":"Europe/Skopje","modification_date":"2007-08-17"},{"geonameid":"790857","name":"Džepčište","asciiname":"Dzepciste","alternatenames":["Dzepchishte","Dzepciste","Dzepiste","Džepište","Džepčište","Џепчиште"],"latitude":"42.03287","longitude":"20.99817","feature_class":"P","feature_code":"PPL","country_code":"MK","cc2":"","admin1_code":"E8","admin2_code":"","admin3_code":"","admin4_code":"","population":"8166","elevation":"","dem":"483","timezone":"Europe/Skopje","modification_date":"2014-10-01"},{"geonameid":"791009","name":"Другово","asciiname":"Drugovo","alternatenames":["Drugovo","Другово"],"latitude":"41.48417","longitude":"20.92333","feature_class":"P","feature_code":"PPLA","country_code":"MK","cc2":"","admin1_code":"30","admin2_code":"","admin3_code":"","admin4_code":"","population":"3149","elevation":"","dem":"638","timezone":"Europe/Skopje","modification_date":"2007-08-11"},{"geonameid":"791363","name":"Долнени","asciiname":"Dolneni","alternatenames":["Dolneni","Dolnjane","Dolnjani","Долнени"],"latitude":"41.42528","longitude":"21.45472","feature_class":"P","feature_code":"PPLA","country_code":"MK","cc2":"","admin1_code":"28","admin2_code":"","admin3_code":"","admin4_code":"","population":"11534","elevation":"","dem":"622","timezone":"Europe/Skopje","modification_date":"2007-08-11"},{"geonameid":"791371","name":"Dolna Banjica","asciiname":"Dolna Banjica","alternatenames":["Dolna Banica","Dolna Banjica","Долна Бањица"],"latitude":"41.78611","longitude":"20.90611","feature_class":"P","feature_code":"PPL","country_code":"MK","cc2":"","admin1_code":"D4","admin2_code":"","admin3_code":"","admin4_code":"","population":"10147","elevation":"","dem":"540","timezone":"Europe/Skopje","modification_date":"2012-04-06"},{"geonameid":"791542","name":"Демир Капија","asciiname":"Demir Kapija","alternatenames":["Banja","Demir Kapija","Демир Капија"],"latitude":"41.405","longitude":"22.24889","feature_class":"P","feature_code":"PPLA","country_code":"MK","cc2":"","admin1_code":"25","admin2_code":"","admin3_code":"","admin4_code":"","population":"4451","elevation":"","dem":"108","timezone":"Europe/Skopje","modification_date":"2007-08-11"},{"geonameid":"791548","name":"Delogožda","asciiname":"Delogozda","alternatenames":["Delagozde","Delagožde","Delogozda","Delogozdi","Delogozhda","Delogozhdi","Delogožda","Delogoždi","Делогожда","Делогожди"],"latitude":"41.25728","longitude":"20.7218","feature_class":"P","feature_code":"PPL","country_code":"MK","cc2":"","admin1_code":"E6","admin2_code":"","admin3_code":"","admin4_code":"","population":"8413","elevation":"","dem":"773","timezone":"Europe/Skopje","modification_date":"2013-10-09"},{"geonameid":"791559","name":"Delcevo","asciiname":"Delcevo","alternatenames":["Carevo Selo","Delcevo","Delchevo","Делчево"],"latitude":"41.96722","longitude":"22.76944","feature_class":"P","feature_code":"PPLA","country_code":"MK","cc2":"","admin1_code":"22","admin2_code":"","admin3_code":"","admin4_code":"","population":"17415","elevation":"","dem":"593","timezone":"Europe/Skopje","modification_date":"2014-03-01"},{"geonameid":"791606","name":"Debar","asciiname":"Debar","alternatenames":["Bebar","Debar","Debara","Debaru","Debre","Debur","Dibra","Dibre-i-Bala","Divri","dbar","de ba er","debari","dybar","Δίβρη","Дебар","Дебър","Дєбаръ","دبار","ديبار","დებარი","德巴爾"],"latitude":"41.52444","longitude":"20.52421","feature_class":"P","feature_code":"PPLA","country_code":"MK","cc2":"","admin1_code":"D2","admin2_code":"","admin3_code":"","admin4_code":"","population":"18074","elevation":"","dem":"655","timezone":"Europe/Skopje","modification_date":"2014-10-01"},{"geonameid":"791720","name":"Чучер - Сандево","asciiname":"Chucher - Sandevo","alternatenames":["Chucher","Cucer","Cucer-Sandevo","Čučer","Čučer-Sandevo","Чучер"],"latitude":"42.10361","longitude":"21.38222","feature_class":"P","feature_code":"PPLA","country_code":"MK","cc2":"","admin1_code":"20","admin2_code":"","admin3_code":"","admin4_code":"","population":"8646","elevation":"","dem":"525","timezone":"Europe/Skopje","modification_date":"2007-05-11"},{"geonameid":"791954","name":"Češinovo","asciiname":"Cesinovo","alternatenames":["Cesinovis","Cesinovo","Cheshinovo","Češinovis","Češinovo","Чешиново"],"latitude":"41.87148","longitude":"22.28961","feature_class":"P","feature_code":"PPLA","country_code":"MK","cc2":"","admin1_code":"19","admin2_code":"","admin3_code":"","admin4_code":"","population":"2377","elevation":"","dem":"296","timezone":"Europe/Skopje","modification_date":"2014-08-06"},{"geonameid":"792019","name":"Чегране","asciiname":"Chegrane","alternatenames":["Cegran","Cegrane","Chegrane","Çegran","Чегране"],"latitude":"41.83889","longitude":"20.97583","feature_class":"P","feature_code":"PPL","country_code":"MK","cc2":"","admin1_code":"16","admin2_code":"","admin3_code":"","admin4_code":"","population":"12523","elevation":"","dem":"488","timezone":"Europe/Skopje","modification_date":"2010-08-13"},{"geonameid":"792034","name":"Čaška","asciiname":"Caska","alternatenames":["Caska","Chashka","Čaška","Чашка"],"latitude":"41.65056","longitude":"21.66222","feature_class":"P","feature_code":"PPLA","country_code":"MK","cc2":"","admin1_code":"C9","admin2_code":"","admin3_code":"","admin4_code":"","population":"2878","elevation":"","dem":"344","timezone":"Europe/Skopje","modification_date":"2013-08-07"},{"geonameid":"792227","name":"Brvenica","asciiname":"Brvenica","alternatenames":["Bervenice","Brvence","Brvenica","Bërvenicë","Брвеница","Брвенце"],"latitude":"41.96722","longitude":"20.98083","feature_class":"P","feature_code":"PPLA","country_code":"MK","cc2":"","admin1_code":"12","admin2_code":"","admin3_code":"","admin4_code":"","population":"16267","elevation":"","dem":"435","timezone":"Europe/Skopje","modification_date":"2014-10-01"},{"geonameid":"792257","name":"Makedonski Brod","asciiname":"Makedonski Brod","alternatenames":["Brod","Brod Makedonski","Brodi","Juzni Brod","Južni Brod","Makedon'sku Brodu","Makedons'ki-Brod","Makedonska Broda","Makedonski Brod","Makedonski-Brod","brwd","ma qi dun bu luo de","mkdwnsky bwrd","Брод","Македонски Брод","Македонски-Брод","Македонськи-Брод","Макєдоньскъ Бродъ","برود","مکدونسکی بورد","მაკედონსკი-ბროდი","馬其頓布羅德"],"latitude":"41.51361","longitude":"21.21528","feature_class":"P","feature_code":"PPLA","country_code":"MK","cc2":"","admin1_code":"D8","admin2_code":"","admin3_code":"","admin4_code":"","population":"5607","elevation":"","dem":"552","timezone":"Europe/Skopje","modification_date":"2013-06-05"},{"geonameid":"792419","name":"Bosilovo","asciiname":"Bosilovo","alternatenames":["Bosilevo","Bosiljevo","Bosiljovo","Bosilovo","Босилово"],"latitude":"41.44056","longitude":"22.72778","feature_class":"P","feature_code":"PPLA","country_code":"MK","cc2":"","admin1_code":"11","admin2_code":"","admin3_code":"","admin4_code":"","population":"12447","elevation":"","dem":"216","timezone":"Europe/Skopje","modification_date":"2014-08-27"},{"geonameid":"792501","name":"Bogovinje","asciiname":"Bogovinje","alternatenames":["Bogovina","Bogovine","Bogovinje","Bogovino","Боговиње"],"latitude":"41.92361","longitude":"20.91361","feature_class":"P","feature_code":"PPLA","country_code":"MK","cc2":"","admin1_code":"C7","admin2_code":"","admin3_code":"","admin4_code":"","population":"15166","elevation":"","dem":"539","timezone":"Europe/Skopje","modification_date":"2014-10-01"},{"geonameid":"792523","name":"Богданци","asciiname":"Bogdanci","alternatenames":["Bogdanci","Богданци"],"latitude":"41.20306","longitude":"22.57556","feature_class":"P","feature_code":"PPLA","country_code":"MK","cc2":"","admin1_code":"08","admin2_code":"","admin3_code":"","admin4_code":"","population":"8636","elevation":"","dem":"97","timezone":"Europe/Skopje","modification_date":"2007-08-11"},{"geonameid":"792578","name":"Bitola","asciiname":"Bitola","alternatenames":["Bitol","Bitola","Bitolj","Bitolja","Bitolya","Manastir","Manastiri","Manastır","Monasterium","Monasteron","Monastir","Monastiri","Monastirion","Obitѣl'","QBI","bi tuo la","bitolla","bitora","bytwla","bytwlh","Μοναστήρι","Μοναστήριον","Μπίτολα","Битола","Битоля","Битољ","Бітола","Манастир","Обитѣль","ביטולה","بيتولا","بیتولا","ビトラ","比托拉","비톨라"],"latitude":"41.03143","longitude":"21.33474","feature_class":"P","feature_code":"PPLA","country_code":"MK","cc2":"","admin1_code":"06","admin2_code":"","admin3_code":"","admin4_code":"","population":"86528","elevation":"","dem":"615","timezone":"Europe/Skopje","modification_date":"2015-04-11"},{"geonameid":"792656","name":"Berovo","asciiname":"Berovo","alternatenames":["Berovo","Берово"],"latitude":"41.70306","longitude":"22.85778","feature_class":"P","feature_code":"PPLA","country_code":"MK","cc2":"","admin1_code":"04","admin2_code":"","admin3_code":"","admin4_code":"","population":"13847","elevation":"","dem":"862","timezone":"Europe/Skopje","modification_date":"2015-06-08"},{"geonameid":"792767","name":"Belčišta","asciiname":"Belcista","alternatenames":["Belchishta","Belcista","Belciste","Belčišta","Belčište","Белчишта"],"latitude":"41.30278","longitude":"20.83028","feature_class":"P","feature_code":"PPLA","country_code":"MK","cc2":"","admin1_code":"F5","admin2_code":"","admin3_code":"","admin4_code":"","population":"2804","elevation":"","dem":"770","timezone":"Europe/Skopje","modification_date":"2014-01-13"},{"geonameid":"793113","name":"Арачиново","asciiname":"Arachinovo","alternatenames":["Aracine","Aracinovo","Araçinë","Aračinovo"],"latitude":"42.02639","longitude":"21.56194","feature_class":"P","feature_code":"PPLA","country_code":"MK","cc2":"","admin1_code":"01","admin2_code":"","admin3_code":"","admin4_code":"","population":"12800","elevation":"","dem":"271","timezone":"Europe/Skopje","modification_date":"2006-10-04"},{"geonameid":"833258","name":"Šuto Orizare","asciiname":"Suto Orizare","alternatenames":["Shuto Orizari","Suto Orizare","Šuto Orizare","Шуто Оризари"],"latitude":"42.04","longitude":"21.425","feature_class":"P","feature_code":"PPLA","country_code":"MK","cc2":"","admin1_code":"A3","admin2_code":"","admin3_code":"","admin4_code":"","population":"20800","elevation":"","dem":"307","timezone":"Europe/Skopje","modification_date":"2013-08-09"},{"geonameid":"833260","name":"Butel","asciiname":"Butel","alternatenames":["Butel","Butelj","Бутел"],"latitude":"42.03083","longitude":"21.44667","feature_class":"P","feature_code":"PPLA","country_code":"MK","cc2":"","admin1_code":"F4","admin2_code":"","admin3_code":"","admin4_code":"","population":"36154","elevation":"","dem":"288","timezone":"Europe/Skopje","modification_date":"2013-08-04"},{"geonameid":"833262","name":"Čair","asciiname":"Cair","alternatenames":["Cair","Chair","Čair","Чаир"],"latitude":"42.01528","longitude":"21.44111","feature_class":"P","feature_code":"PPLA","country_code":"MK","cc2":"","admin1_code":"C8","admin2_code":"","admin3_code":"","admin4_code":"","population":"64773","elevation":"","dem":"270","timezone":"Europe/Skopje","modification_date":"2013-08-04"},{"geonameid":"833357","name":"Ilinden","asciiname":"Ilinden","alternatenames":["Belimbegovo","Ilinden","Белимбегово","Илинден"],"latitude":"41.99451","longitude":"21.58002","feature_class":"P","feature_code":"PPLA","country_code":"MK","cc2":"","admin1_code":"36","admin2_code":"","admin3_code":"","admin4_code":"","population":"16406","elevation":"","dem":"228","timezone":"Europe/Skopje","modification_date":"2013-11-11"},{"geonameid":"863675","name":"Kisela Voda","asciiname":"Kisela Voda","alternatenames":["Kisela Voda","Кисела Вода"],"latitude":"41.94889","longitude":"21.50278","feature_class":"P","feature_code":"PPLA","country_code":"MK","cc2":"","admin1_code":"44","admin2_code":"","admin3_code":"","admin4_code":"","population":"58216","elevation":"","dem":"239","timezone":"Europe/Skopje","modification_date":"2013-08-04"},{"geonameid":"7886881","name":"Centar Župa","asciiname":"Centar Zupa","alternatenames":["Centar Zhupa","Merkez Jupa","Центар Жупа"],"latitude":"41.47849","longitude":"20.55945","feature_class":"P","feature_code":"PPLA","country_code":"MK","cc2":"","admin1_code":"18","admin2_code":"","admin3_code":"","admin4_code":"","population":"45412","elevation":"","dem":"738","timezone":"Europe/Skopje","modification_date":"2013-08-09"},{"geonameid":"783926","name":"Желино","asciiname":"Zhelino","alternatenames":["Zelino","Zeljino","Zheline","Zhelino","Zhelinë","Željino","Желино"],"latitude":"41.98028","longitude":"21.06417","feature_class":"P","feature_code":"PPLA","country_code":"MK","cc2":"","admin1_code":"C3","admin2_code":"","admin3_code":"","admin4_code":"","population":"25422","elevation":"","dem":"448","timezone":"Europe/Skopje","modification_date":"2007-08-11"},{"geonameid":"784424","name":"Vinica","asciiname":"Vinica","alternatenames":["Vinica","Виница"],"latitude":"41.88278","longitude":"22.50917","feature_class":"P","feature_code":"PPLA","country_code":"MK","cc2":"","admin1_code":"B4","admin2_code":"","admin3_code":"","admin4_code":"","population":"18218","elevation":"","dem":"407","timezone":"Europe/Skopje","modification_date":"2014-08-06"},{"geonameid":"785058","name":"Veles","asciiname":"Veles","alternatenames":["Koprulu","Köprülü","Titov Veles","Veles","Velesa","Velesas","Velesi","Velessa","Velesu","Vélès","Weles","Wełes","belleseu","fylys","velesi","vu~eresu","wei lai si","wls","Βελεσά","Велес","Вєлєсъ","ולס","فيليس","ველესი","ヴェレス","韋萊斯","벨레스"],"latitude":"41.71556","longitude":"21.77556","feature_class":"P","feature_code":"PPLA","country_code":"MK","cc2":"","admin1_code":"F1","admin2_code":"","admin3_code":"","admin4_code":"","population":"57873","elevation":"","dem":"210","timezone":"Europe/Skopje","modification_date":"2014-04-06"},{"geonameid":"785082","name":"Tetovo","asciiname":"Tetovo","alternatenames":["Kalkandelen","Qalqan Delen","Tetobo","Tetova","Tetovas","Tetove","Tetovo","Tetovë","Tetowo","tai tuo wo","tetobo","tetovu~o","ttwbw","ttwfw","tytwfw","Τέτοβο","Тетово","Хътѣтово","טטובו","تتوفو","تيتوفو","ტეტოვო","テトヴォ","泰托沃","테토보"],"latitude":"42.00973","longitude":"20.97155","feature_class":"P","feature_code":"PPLA","country_code":"MK","cc2":"","admin1_code":"E8","admin2_code":"","admin3_code":"","admin4_code":"","population":"72944","elevation":"","dem":"466","timezone":"Europe/Skopje","modification_date":"2014-09-05"},{"geonameid":"785113","name":"Теарце","asciiname":"Tearce","alternatenames":["Tearce","Теарце"],"latitude":"42.07444","longitude":"21.0525","feature_class":"P","feature_code":"PPLA","country_code":"MK","cc2":"","admin1_code":"A5","admin2_code":"","admin3_code":"","admin4_code":"","population":"23096","elevation":"","dem":"503","timezone":"Europe/Skopje","modification_date":"2007-08-11"},{"geonameid":"785345","name":"Студеничани","asciiname":"Studenichani","alternatenames":["Studenicane","Studenichani","Studeničane","Студеничани"],"latitude":"41.91583","longitude":"21.53056","feature_class":"P","feature_code":"PPLA","country_code":"MK","cc2":"","admin1_code":"A2","admin2_code":"","admin3_code":"","admin4_code":"","population":"18219","elevation":"","dem":"292","timezone":"Europe/Skopje","modification_date":"2007-08-06"},{"geonameid":"785380","name":"Strumica","asciiname":"Strumica","alternatenames":["Stromitza","Stromnitsa","Stromnitza","Stroumitsa","Strumica","Strumitsa","Strumitza","Ustrumcha","Струмица"],"latitude":"41.4375","longitude":"22.64333","feature_class":"P","feature_code":"PPLA","country_code":"MK","cc2":"","admin1_code":"E7","admin2_code":"","admin3_code":"","admin4_code":"","population":"45508","elevation":"","dem":"228","timezone":"Europe/Skopje","modification_date":"2014-06-05"},{"geonameid":"785387","name":"Struga","asciiname":"Struga","alternatenames":["Gorad Struga","QXP","Strouga","Struga","Ustrugha","astrwga","si te lu jia","strwgh","strwgha","sutoruga","Горад Струга","Строуга","Струга","סטרוגה","استروگا","ستروغا","სტრუგა","ストルガ","斯特鲁加"],"latitude":"41.17799","longitude":"20.67784","feature_class":"P","feature_code":"PPLA","country_code":"MK","cc2":"","admin1_code":"E6","admin2_code":"","admin3_code":"","admin4_code":"","population":"37387","elevation":"","dem":"696","timezone":"Europe/Skopje","modification_date":"2012-12-06"},{"geonameid":"785482","name":"Shtip","asciiname":"Shtip","alternatenames":["Ishtib","Istip","Shhip","Shtip","Stip","Stiplia","İştip","Štip","Штип","Щип"],"latitude":"41.74583","longitude":"22.19583","feature_class":"P","feature_code":"PPLA","country_code":"MK","cc2":"","admin1_code":"98","admin2_code":"","admin3_code":"","admin4_code":"","population":"48279","elevation":"","dem":"294","timezone":"Europe/Skopje","modification_date":"2011-08-15"},{"geonameid":"785842","name":"Skopje","asciiname":"Skopje","alternatenames":["Gorad Skop'e","SKP","Scopia","Scupi","Shkup","Shkupi","Skop'e","Skope","Skopeia","Skopia","Skopie","Skopiye","Skopje","Skopjo","Skopjė","Skople","Skoplie","Skoplje","Skopye","Szkopje","UEskuep","Uskub","Usküb","askwpyh","s ko peiy","sakopi'e","seukope","si ke pu li","skopje","skopye","skwbyh","sqwpyh","sukopie","Üsküp","Σκόπια","Горад Скоп'е","Скоп'є","Скопе","Скопие","Скопье","Скопје","Скопље","Съкопиѥ","Սկոպյե","סקאפיע","סקופיה","اسکوپیه","اسکوپیہ","سكوبيه","سكوپليې","سکوپ جے","स्कोप्ये","ਸਕੋਪੀਏ","ஸ்கோப்ஜே","สโกเปีย","སི་ཀོཔ་ཇི།","სკოპიე","ስኮፕዬ","スコピエ","斯科普里","스코페"],"latitude":"41.99646","longitude":"21.43141","feature_class":"P","feature_code":"PPLC","country_code":"MK","cc2":"","admin1_code":"41","admin2_code":"","admin3_code":"","admin4_code":"","population":"474889","elevation":"","dem":"247","timezone":"Europe/Skopje","modification_date":"2013-06-05"},{"geonameid":"786093","name":"Сарај","asciiname":"Saraj","alternatenames":["Saraj","Сарай","Сарај"],"latitude":"42","longitude":"21.32778","feature_class":"P","feature_code":"PPLA","country_code":"MK","cc2":"","admin1_code":"90","admin2_code":"","admin3_code":"","admin4_code":"","population":"25379","elevation":"","dem":"271","timezone":"Europe/Skopje","modification_date":"2010-01-29"},{"geonameid":"786341","name":"Ресен","asciiname":"Resen","alternatenames":["Resan","Resen","Resna","Ресен"],"latitude":"41.08889","longitude":"21.01222","feature_class":"P","feature_code":"PPLA","country_code":"MK","cc2":"","admin1_code":"86","admin2_code":"","admin3_code":"","admin4_code":"","population":"16539","elevation":"","dem":"885","timezone":"Europe/Skopje","modification_date":"2007-08-11"},{"geonameid":"786565","name":"Радовиш","asciiname":"Radovish","alternatenames":["Radovis","Radovish","Radoviste","Radovište","Rodovis","Rodoviš","Радовиш"],"latitude":"41.63833","longitude":"22.46472","feature_class":"P","feature_code":"PPLA","country_code":"MK","cc2":"","admin1_code":"84","admin2_code":"","admin3_code":"","admin4_code":"","population":"24984","elevation":"","dem":"382","timezone":"Europe/Skopje","modification_date":"2007-08-11"},{"geonameid":"786735","name":"Prilep","asciiname":"Prilep","alternatenames":["Perlepe","Perlepes","Perlepé","Pirlepe","Prilep","Prilepa","Prilepas","pirlepe","Прилеп"],"latitude":"41.34514","longitude":"21.55504","feature_class":"P","feature_code":"PPLA","country_code":"MK","cc2":"","admin1_code":"E3","admin2_code":"","admin3_code":"","admin4_code":"","population":"73814","elevation":"","dem":"652","timezone":"Europe/Skopje","modification_date":"2014-03-08"},{"geonameid":"787487","name":"Ohrid","asciiname":"Ohrid","alternatenames":["Akhris","Gorad Okhryd","OHD","Ochrid","Ochrida","Ochridas","Ochryda","Ocrida","Ohri","Ohrid","Ohrida","Okhri","Okhrid","Okhridu","ao he li de","awhryd","awkhryd","ofurido","oheulideu","ohridi","xo kh rid","Οχρίδα","Горад Охрыд","Охрид","Охрїдъ","אוחריד","آکریڈا","أوخريد","اوهرید","โอครีด","ოჰრიდი","オフリド","奥赫里德","오흐리드"],"latitude":"41.11722","longitude":"20.80194","feature_class":"P","feature_code":"PPLA","country_code":"MK","cc2":"","admin1_code":"E2","admin2_code":"","admin3_code":"","admin4_code":"","population":"54908","elevation":"","dem":"701","timezone":"Europe/Skopje","modification_date":"2012-11-08"},{"geonameid":"787715","name":"Неготино","asciiname":"Negotino","alternatenames":["Negotin","Negotino","Negotino-Poloshko","Negotino-Polosko","Negotino-Pološko","Неготино","Неготино-Полошко"],"latitude":"41.87861","longitude":"20.88389","feature_class":"P","feature_code":"PPL","country_code":"MK","cc2":"","admin1_code":"B7","admin2_code":"","admin3_code":"","admin4_code":"","population":"17518","elevation":"","dem":"576","timezone":"Europe/Skopje","modification_date":"2013-06-20"},{"geonameid":"787716","name":"Negotino","asciiname":"Negotino","alternatenames":["Negotin","Negotin Vardarski","Negotina","Negotino","nei ge di nuo","ngwtynw","Неготино","نگوتینو","ნეგოტინო","內戈蒂諾"],"latitude":"41.48456","longitude":"22.09056","feature_class":"P","feature_code":"PPLA","country_code":"MK","cc2":"","admin1_code":"69","admin2_code":"","admin3_code":"","admin4_code":"","population":"19515","elevation":"","dem":"144","timezone":"Europe/Skopje","modification_date":"2014-04-30"},{"geonameid":"788654","name":"Липково","asciiname":"Lipkovo","alternatenames":["Lipkove","Lipkovo","Lipkovë","Липково"],"latitude":"42.15639","longitude":"21.58528","feature_class":"P","feature_code":"PPLA","country_code":"MK","cc2":"","admin1_code":"59","admin2_code":"","admin3_code":"","admin4_code":"","population":"28102","elevation":"","dem":"441","timezone":"Europe/Skopje","modification_date":"2007-08-11"},{"geonameid":"788886","name":"Kumanovo","asciiname":"Kumanovo","alternatenames":["Koumanovo","Kumanova","Kumanovas","Kumanove","Kumanovo","Kumanovë","Kumanowo","ku ma nuo wo","kumanobo","kumanovu~o","kwmanwfw","Κουμάνοβο","Коуманово","Куманово","קומאנובו","كومانوفو","کومانوفو","კუმანოვო","クマノヴォ","库马诺沃","쿠마노보"],"latitude":"42.13222","longitude":"21.71444","feature_class":"P","feature_code":"PPLA","country_code":"MK","cc2":"","admin1_code":"D7","admin2_code":"","admin3_code":"","admin4_code":"","population":"76275","elevation":"","dem":"344","timezone":"Europe/Skopje","modification_date":"2015-06-08"},{"geonameid":"789045","name":"Крива Паланка","asciiname":"Kriva Palanka","alternatenames":["Kriva Palanka","Palangha","Крива Паланка"],"latitude":"42.20194","longitude":"22.33194","feature_class":"P","feature_code":"PPLA","country_code":"MK","cc2":"","admin1_code":"52","admin2_code":"","admin3_code":"","admin4_code":"","population":"20820","elevation":"","dem":"644","timezone":"Europe/Skopje","modification_date":"2007-08-11"},{"geonameid":"789403","name":"Kochani","asciiname":"Kochani","alternatenames":["Kocane","Kocani","Kochani","Kočane","Kočani","Кочани"],"latitude":"41.91639","longitude":"22.41278","feature_class":"P","feature_code":"PPLA","country_code":"MK","cc2":"","admin1_code":"46","admin2_code":"","admin3_code":"","admin4_code":"","population":"34258","elevation":"","dem":"354","timezone":"Europe/Skopje","modification_date":"2011-08-15"},{"geonameid":"789527","name":"Kičevo","asciiname":"Kicevo","alternatenames":["Kercova","Kicevas","Kicevo","Kichevo","Kiczewo","Kircova","Kitchevo","Kitsevo","Kičevas","Kičevo","Kërçova","Kırçova","ji qie wo","kichevu~o","kychfw","kytshyfw","Κίτσεβο","Кичево","Кꙑчєво","كيتشيفو","کیچفو","კიჩევო","キチェヴォ","基切沃"],"latitude":"41.51267","longitude":"20.95886","feature_class":"P","feature_code":"PPLA","country_code":"MK","cc2":"","admin1_code":"43","admin2_code":"","admin3_code":"","admin4_code":"","population":"31123","elevation":"","dem":"615","timezone":"Europe/Skopje","modification_date":"2014-11-06"},{"geonameid":"789541","name":"Kavadarci","asciiname":"Kavadarci","alternatenames":["Kavadar","Kavadarci","Kavadarcis","Kavadari","Kavadartsi","Kavantartsi","Kawadarci","Tikves","Tikvesh","Tikveš","ka wa da er qi","kafadarchy","qbdrzy","Καβάνταρτσι","Кавадарци","Кавадарці","קבדרצי","کافادارچی","კავადარცი","卡瓦達爾奇"],"latitude":"41.43306","longitude":"22.01194","feature_class":"P","feature_code":"PPLA","country_code":"MK","cc2":"","admin1_code":"D6","admin2_code":"","admin3_code":"","admin4_code":"","population":"38799","elevation":"","dem":"276","timezone":"Europe/Skopje","modification_date":"2014-04-30"},{"geonameid":"789611","name":"Kamenjane","asciiname":"Kamenjane","alternatenames":["Kamenane","Kamenjan","Kamenjane","Камењане"],"latitude":"41.94568","longitude":"20.92894","feature_class":"P","feature_code":"PPL","country_code":"MK","cc2":"","admin1_code":"C7","admin2_code":"","admin3_code":"","admin4_code":"","population":"15376","elevation":"","dem":"485","timezone":"Europe/Skopje","modification_date":"2014-10-01"},{"geonameid":"790295","name":"Gostivar","asciiname":"Gostivar","alternatenames":["Gostivar","Gostivar'","Gostivara","Gostivaras","Gostivari","Gostiwar","Kostovon","Nkostivar","ge si di wa er","ghwstyfar","goseutibaleu","gosutivu~aru","gshtyfar","Γκόστιβαρ","Гостивар","Гостивар҄ь","غوستيفار","گشتیفار","გოსტივარი","ゴスティヴァル","戈斯蒂瓦尔","고스티바르"],"latitude":"41.79601","longitude":"20.90819","feature_class":"P","feature_code":"PPLA","country_code":"MK","cc2":"","admin1_code":"D4","admin2_code":"","admin3_code":"","admin4_code":"","population":"50974","elevation":"","dem":"535","timezone":"Europe/Skopje","modification_date":"2014-10-01"},{"geonameid":"790744","name":"Gevgelija","asciiname":"Gevgelija","alternatenames":["Devdelijad","Gevegeli","Gevgeli","Gevgelia","Gevgelija","Gevgeliya","Gewgelija","Gjevgjelia","Guevgueliya","gai fu gai li ya","gbglyh","gevgelia","gevugeriya","gflya","ghyfghlya","Ðevđelijad","Γευγελή","Ђевђелија","Гевгели","Гевгелия","Гевгелија","Гєѵгєла","גבגליה","غيفغليا","گفلیا","გევგელია","ゲヴゲリヤ","蓋夫蓋利亞"],"latitude":"41.14166","longitude":"22.50141","feature_class":"P","feature_code":"PPLA","country_code":"MK","cc2":"","admin1_code":"33","admin2_code":"","admin3_code":"","admin4_code":"","population":"20664","elevation":"","dem":"62","timezone":"Europe/Skopje","modification_date":"2012-12-06"},{"geonameid":"791559","name":"Delcevo","asciiname":"Delcevo","alternatenames":["Carevo Selo","Delcevo","Delchevo","Делчево"],"latitude":"41.96722","longitude":"22.76944","feature_class":"P","feature_code":"PPLA","country_code":"MK","cc2":"","admin1_code":"22","admin2_code":"","admin3_code":"","admin4_code":"","population":"17415","elevation":"","dem":"593","timezone":"Europe/Skopje","modification_date":"2014-03-01"},{"geonameid":"791606","name":"Debar","asciiname":"Debar","alternatenames":["Bebar","Debar","Debara","Debaru","Debre","Debur","Dibra","Dibre-i-Bala","Divri","dbar","de ba er","debari","dybar","Δίβρη","Дебар","Дебър","Дєбаръ","دبار","ديبار","დებარი","德巴爾"],"latitude":"41.52444","longitude":"20.52421","feature_class":"P","feature_code":"PPLA","country_code":"MK","cc2":"","admin1_code":"D2","admin2_code":"","admin3_code":"","admin4_code":"","population":"18074","elevation":"","dem":"655","timezone":"Europe/Skopje","modification_date":"2014-10-01"},{"geonameid":"792227","name":"Brvenica","asciiname":"Brvenica","alternatenames":["Bervenice","Brvence","Brvenica","Bërvenicë","Брвеница","Брвенце"],"latitude":"41.96722","longitude":"20.98083","feature_class":"P","feature_code":"PPLA","country_code":"MK","cc2":"","admin1_code":"12","admin2_code":"","admin3_code":"","admin4_code":"","population":"16267","elevation":"","dem":"435","timezone":"Europe/Skopje","modification_date":"2014-10-01"},{"geonameid":"792501","name":"Bogovinje","asciiname":"Bogovinje","alternatenames":["Bogovina","Bogovine","Bogovinje","Bogovino","Боговиње"],"latitude":"41.92361","longitude":"20.91361","feature_class":"P","feature_code":"PPLA","country_code":"MK","cc2":"","admin1_code":"C7","admin2_code":"","admin3_code":"","admin4_code":"","population":"15166","elevation":"","dem":"539","timezone":"Europe/Skopje","modification_date":"2014-10-01"},{"geonameid":"792578","name":"Bitola","asciiname":"Bitola","alternatenames":["Bitol","Bitola","Bitolj","Bitolja","Bitolya","Manastir","Manastiri","Manastır","Monasterium","Monasteron","Monastir","Monastiri","Monastirion","Obitѣl'","QBI","bi tuo la","bitolla","bitora","bytwla","bytwlh","Μοναστήρι","Μοναστήριον","Μπίτολα","Битола","Битоля","Битољ","Бітола","Манастир","Обитѣль","ביטולה","بيتولا","بیتولا","ビトラ","比托拉","비톨라"],"latitude":"41.03143","longitude":"21.33474","feature_class":"P","feature_code":"PPLA","country_code":"MK","cc2":"","admin1_code":"06","admin2_code":"","admin3_code":"","admin4_code":"","population":"86528","elevation":"","dem":"615","timezone":"Europe/Skopje","modification_date":"2015-04-11"},{"geonameid":"833258","name":"Šuto Orizare","asciiname":"Suto Orizare","alternatenames":["Shuto Orizari","Suto Orizare","Šuto Orizare","Шуто Оризари"],"latitude":"42.04","longitude":"21.425","feature_class":"P","feature_code":"PPLA","country_code":"MK","cc2":"","admin1_code":"A3","admin2_code":"","admin3_code":"","admin4_code":"","population":"20800","elevation":"","dem":"307","timezone":"Europe/Skopje","modification_date":"2013-08-09"},{"geonameid":"833260","name":"Butel","asciiname":"Butel","alternatenames":["Butel","Butelj","Бутел"],"latitude":"42.03083","longitude":"21.44667","feature_class":"P","feature_code":"PPLA","country_code":"MK","cc2":"","admin1_code":"F4","admin2_code":"","admin3_code":"","admin4_code":"","population":"36154","elevation":"","dem":"288","timezone":"Europe/Skopje","modification_date":"2013-08-04"},{"geonameid":"833262","name":"Čair","asciiname":"Cair","alternatenames":["Cair","Chair","Čair","Чаир"],"latitude":"42.01528","longitude":"21.44111","feature_class":"P","feature_code":"PPLA","country_code":"MK","cc2":"","admin1_code":"C8","admin2_code":"","admin3_code":"","admin4_code":"","population":"64773","elevation":"","dem":"270","timezone":"Europe/Skopje","modification_date":"2013-08-04"},{"geonameid":"833357","name":"Ilinden","asciiname":"Ilinden","alternatenames":["Belimbegovo","Ilinden","Белимбегово","Илинден"],"latitude":"41.99451","longitude":"21.58002","feature_class":"P","feature_code":"PPLA","country_code":"MK","cc2":"","admin1_code":"36","admin2_code":"","admin3_code":"","admin4_code":"","population":"16406","elevation":"","dem":"228","timezone":"Europe/Skopje","modification_date":"2013-11-11"},{"geonameid":"863675","name":"Kisela Voda","asciiname":"Kisela Voda","alternatenames":["Kisela Voda","Кисела Вода"],"latitude":"41.94889","longitude":"21.50278","feature_class":"P","feature_code":"PPLA","country_code":"MK","cc2":"","admin1_code":"44","admin2_code":"","admin3_code":"","admin4_code":"","population":"58216","elevation":"","dem":"239","timezone":"Europe/Skopje","modification_date":"2013-08-04"},{"geonameid":"7886881","name":"Centar Župa","asciiname":"Centar Zupa","alternatenames":["Centar Zhupa","Merkez Jupa","Центар Жупа"],"latitude":"41.47849","longitude":"20.55945","feature_class":"P","feature_code":"PPLA","country_code":"MK","cc2":"","admin1_code":"18","admin2_code":"","admin3_code":"","admin4_code":"","population":"45412","elevation":"","dem":"738","timezone":"Europe/Skopje","modification_date":"2013-08-09"}]}