{"country_data":{"ISO":"MW","ISO3":"MWI","ISO_Numeric":"454","fips":"MI","country":"Malawi","capital":"Lilongwe","area":"118480","Population":"15447500","Continent":"AF","tld":".mw","CurrencyCode":"MWK","CurrencyName":"Kwacha","Phone":"265","Postal_Code_Format":"","Postal_Code_Regex":"","Languages":"ny,yao,tum,swk","geonameid":"927384","neighbours":"TZ,MZ,ZM","EquivalentFipsCode":""},"cities":[{"geonameid":"235715","name":"Karonga","asciiname":"Karonga","alternatenames":["KGJ","Karonga","Каронга"],"latitude":"-9.93333","longitude":"33.93333","feature_class":"P","feature_code":"PPLA2","country_code":"MW","cc2":"","admin1_code":"N","admin2_code":"08","admin3_code":"","admin4_code":"","population":"34207","elevation":"","dem":"486","timezone":"Africa/Blantyre","modification_date":"2011-04-25"},{"geonameid":"235751","name":"Chitipa","asciiname":"Chitipa","alternatenames":["Chipita","Chitipa","Fort Hill"],"latitude":"-9.70237","longitude":"33.26969","feature_class":"P","feature_code":"PPLA2","country_code":"MW","cc2":"","admin1_code":"N","admin2_code":"04","admin3_code":"","admin4_code":"","population":"8824","elevation":"","dem":"1286","timezone":"Africa/Blantyre","modification_date":"2011-04-25"},{"geonameid":"923295","name":"Zomba","asciiname":"Zomba","alternatenames":["Zomba","jomba","song ba","zomba","zonba","Зомба","ზომბა","ゾンバ","松巴","좀바"],"latitude":"-15.38596","longitude":"35.3188","feature_class":"P","feature_code":"PPLA2","country_code":"MW","cc2":"","admin1_code":"S","admin2_code":"23","admin3_code":"","admin4_code":"","population":"80932","elevation":"","dem":"949","timezone":"Africa/Blantyre","modification_date":"2011-04-25"},{"geonameid":"923652","name":"Thyolo","asciiname":"Thyolo","alternatenames":["Cholo","Thyolo"],"latitude":"-16.06775","longitude":"35.14046","feature_class":"P","feature_code":"PPLA2","country_code":"MW","cc2":"","admin1_code":"S","admin2_code":"05","admin3_code":"","admin4_code":"","population":"5775","elevation":"","dem":"912","timezone":"Africa/Blantyre","modification_date":"2011-11-08"},{"geonameid":"924055","name":"Salima","asciiname":"Salima","alternatenames":["LMB","Salima","Салима"],"latitude":"-13.7804","longitude":"34.4587","feature_class":"P","feature_code":"PPLA2","country_code":"MW","cc2":"","admin1_code":"C","admin2_code":"22","admin3_code":"","admin4_code":"","population":"30052","elevation":"","dem":"512","timezone":"Africa/Blantyre","modification_date":"2011-04-25"},{"geonameid":"924102","name":"Rumphi","asciiname":"Rumphi","alternatenames":["Rumphi","Rumpi","Rumpi Boma"],"latitude":"-11.01863","longitude":"33.85746","feature_class":"P","feature_code":"PPLA2","country_code":"MW","cc2":"","admin1_code":"N","admin2_code":"21","admin3_code":"","admin4_code":"","population":"20727","elevation":"","dem":"1084","timezone":"Africa/Blantyre","modification_date":"2011-11-08"},{"geonameid":"924206","name":"Phalombe","asciiname":"Phalombe","alternatenames":["Palombe","Palombe Market","Phalombe"],"latitude":"-15.80635","longitude":"35.65067","feature_class":"P","feature_code":"PPLA2","country_code":"MW","cc2":"","admin1_code":"S","admin2_code":"30","admin3_code":"","admin4_code":"","population":"2663","elevation":"","dem":"766","timezone":"Africa/Blantyre","modification_date":"2011-04-25"},{"geonameid":"924491","name":"Ntchisi","asciiname":"Ntchisi","alternatenames":["Nchisi","Nchisi Boma","Ntchisi"],"latitude":"-13.52775","longitude":"33.9149","feature_class":"P","feature_code":"PPLA2","country_code":"MW","cc2":"","admin1_code":"C","admin2_code":"20","admin3_code":"","admin4_code":"","population":"7918","elevation":"","dem":"1545","timezone":"Africa/Blantyre","modification_date":"2011-06-02"},{"geonameid":"924492","name":"Ntcheu","asciiname":"Ntcheu","alternatenames":["Ncheu","Nitcheu","Ntcheu"],"latitude":"-14.82027","longitude":"34.63586","feature_class":"P","feature_code":"PPLA2","country_code":"MW","cc2":"","admin1_code":"C","admin2_code":"16","admin3_code":"","admin4_code":"","population":"10445","elevation":"","dem":"1132","timezone":"Africa/Blantyre","modification_date":"2011-11-08"},{"geonameid":"924572","name":"Nsanje","asciiname":"Nsanje","alternatenames":["Chimombi","Nsanje","Port Herald"],"latitude":"-16.91995","longitude":"35.26199","feature_class":"P","feature_code":"PPLA2","country_code":"MW","cc2":"","admin1_code":"S","admin2_code":"19","admin3_code":"","admin4_code":"","population":"21774","elevation":"","dem":"55","timezone":"Africa/Blantyre","modification_date":"2011-11-08"},{"geonameid":"924705","name":"Nkhotakota","asciiname":"Nkhotakota","alternatenames":["Kota Kota","Nkhotakota"],"latitude":"-12.92744","longitude":"34.29614","feature_class":"P","feature_code":"PPLA2","country_code":"MW","cc2":"","admin1_code":"C","admin2_code":"18","admin3_code":"","admin4_code":"","population":"24865","elevation":"","dem":"497","timezone":"Africa/Blantyre","modification_date":"2011-11-08"},{"geonameid":"924732","name":"Nkhata Bay","asciiname":"Nkhata Bay","alternatenames":["Nkata","Nkata Bay","Nkhata Bay"],"latitude":"-11.60659","longitude":"34.29073","feature_class":"P","feature_code":"PPLA2","country_code":"MW","cc2":"","admin1_code":"N","admin2_code":"17","admin3_code":"","admin4_code":"","population":"11721","elevation":"","dem":"547","timezone":"Africa/Blantyre","modification_date":"2011-11-08"},{"geonameid":"924963","name":"Neno","asciiname":"Neno","alternatenames":[""],"latitude":"-15.39805","longitude":"34.65343","feature_class":"P","feature_code":"PPLA2","country_code":"MW","cc2":"","admin1_code":"S","admin2_code":"31","admin3_code":"","admin4_code":"","population":"0","elevation":"","dem":"907","timezone":"Africa/Blantyre","modification_date":"2011-04-25"},{"geonameid":"925475","name":"Mzuzu","asciiname":"Mzuzu","alternatenames":["Kaningina","Mzouzou","Mzuzo","Mzuzu","ZZU","eumjuju","mu zu zu","muzuzu","Μζούζου","Мзузу","ムズズ","姆祖祖","음주주"],"latitude":"-11.46556","longitude":"34.02071","feature_class":"P","feature_code":"PPLA","country_code":"MW","cc2":"","admin1_code":"N","admin2_code":"15","admin3_code":"","admin4_code":"","population":"175345","elevation":"","dem":"1275","timezone":"Africa/Blantyre","modification_date":"2013-08-05"},{"geonameid":"925498","name":"Mzimba","asciiname":"Mzimba","alternatenames":["Mzimba","Мзимба"],"latitude":"-11.9","longitude":"33.6","feature_class":"P","feature_code":"PPLA2","country_code":"MW","cc2":"","admin1_code":"N","admin2_code":"15","admin3_code":"","admin4_code":"","population":"19308","elevation":"","dem":"1339","timezone":"Africa/Blantyre","modification_date":"2011-04-25"},{"geonameid":"925596","name":"Mwanza","asciiname":"Mwanza","alternatenames":["Mwanza"],"latitude":"-15.60262","longitude":"34.52479","feature_class":"P","feature_code":"PPLA2","country_code":"MW","cc2":"","admin1_code":"S","admin2_code":"25","admin3_code":"","admin4_code":"","population":"11379","elevation":"","dem":"654","timezone":"Africa/Blantyre","modification_date":"2011-11-08"},{"geonameid":"925789","name":"Mulanje","asciiname":"Mulanje","alternatenames":["Mlange","Mlanje","Mlanje Boma","Mulanje"],"latitude":"-16.03163","longitude":"35.5","feature_class":"P","feature_code":"PPLA2","country_code":"MW","cc2":"","admin1_code":"S","admin2_code":"29","admin3_code":"","admin4_code":"","population":"16483","elevation":"","dem":"609","timezone":"Africa/Blantyre","modification_date":"2011-11-08"},{"geonameid":"926087","name":"Mponela","asciiname":"Mponela","alternatenames":["Mponela"],"latitude":"-13.53194","longitude":"33.74008","feature_class":"P","feature_code":"PPL","country_code":"MW","cc2":"","admin1_code":"C","admin2_code":"07","admin3_code":"","admin4_code":"","population":"11222","elevation":"","dem":"1216","timezone":"Africa/Blantyre","modification_date":"2012-01-18"},{"geonameid":"926308","name":"Monkey Bay","asciiname":"Monkey Bay","alternatenames":["Lusumbwe","MYZ","Monkey Bay"],"latitude":"-14.08239","longitude":"34.91652","feature_class":"P","feature_code":"PPL","country_code":"MW","cc2":"","admin1_code":"S","admin2_code":"12","admin3_code":"","admin4_code":"","population":"11619","elevation":"","dem":"484","timezone":"Africa/Blantyre","modification_date":"2012-05-21"},{"geonameid":"926747","name":"Mchinji","asciiname":"Mchinji","alternatenames":["Chimji","Fort Manning","Mchinji"],"latitude":"-13.79841","longitude":"32.88019","feature_class":"P","feature_code":"PPLA2","country_code":"MW","cc2":"","admin1_code":"C","admin2_code":"13","admin3_code":"","admin4_code":"","population":"18305","elevation":"","dem":"1186","timezone":"Africa/Blantyre","modification_date":"2011-11-08"},{"geonameid":"927246","name":"Mangochi","asciiname":"Mangochi","alternatenames":["Fort Johnston","MAI","Mangoche","Mangochi","Mponda","Мангочи"],"latitude":"-14.47815","longitude":"35.26448","feature_class":"P","feature_code":"PPLA2","country_code":"MW","cc2":"","admin1_code":"S","admin2_code":"12","admin3_code":"","admin4_code":"","population":"40236","elevation":"","dem":"484","timezone":"Africa/Blantyre","modification_date":"2011-04-25"},{"geonameid":"927643","name":"Machinga","asciiname":"Machinga","alternatenames":[""],"latitude":"-15.16849","longitude":"35.30002","feature_class":"P","feature_code":"PPLA2","country_code":"MW","cc2":"","admin1_code":"S","admin2_code":"28","admin3_code":"","admin4_code":"","population":"1418","elevation":"","dem":"768","timezone":"Africa/Blantyre","modification_date":"2011-11-08"},{"geonameid":"927792","name":"Luchenza","asciiname":"Luchenza","alternatenames":["Luchenya","Luchenza","Lughenza"],"latitude":"-16.00693","longitude":"35.30947","feature_class":"P","feature_code":"PPL","country_code":"MW","cc2":"","admin1_code":"S","admin2_code":"05","admin3_code":"","admin4_code":"","population":"11939","elevation":"","dem":"682","timezone":"Africa/Blantyre","modification_date":"2012-01-18"},{"geonameid":"927834","name":"Liwonde","asciiname":"Liwonde","alternatenames":["Liwonde","Old Liwonde Boma","VUU"],"latitude":"-15.06665","longitude":"35.22543","feature_class":"P","feature_code":"PPL","country_code":"MW","cc2":"","admin1_code":"S","admin2_code":"28","admin3_code":"","admin4_code":"","population":"22469","elevation":"","dem":"499","timezone":"Africa/Blantyre","modification_date":"2013-04-27"},{"geonameid":"927856","name":"Livingstonia","asciiname":"Livingstonia","alternatenames":["Kondowe","Livingstonia","Livingstonia Mission"],"latitude":"-10.60602","longitude":"34.10628","feature_class":"P","feature_code":"PPL","country_code":"MW","cc2":"","admin1_code":"N","admin2_code":"21","admin3_code":"","admin4_code":"","population":"5552","elevation":"","dem":"1350","timezone":"Africa/Blantyre","modification_date":"2012-01-18"},{"geonameid":"927967","name":"Lilongwe","asciiname":"Lilongwe","alternatenames":["Gorad Lilongveh","LLW","Lilon'nkoue","Lilonguee","Lilongve","Lilongvo","Lilongvė","Lilongwe","Lilongüe","Lilonqve","Lílongve","li lang wei","li long gui","li lxng we","lilamgve","lilangave","lillong-gwe","lilongve","lilonve","lylwnghwy","lylwngwh","lylwngwwh","rironguu~e","Λιλόνγκουε","Горад Лілонгвэ","Лилонгве","Лілонгве","Լիլոնգվե","לילאנגווע","לילונגווה","ليلونغوي","لیلونگوه","لیلونگوے","لیلۆنگوێ","لیلیونگوے","लिलाँग्वे","ਲਿਲਾਂਗਵੇ","லிலொங்வே","ลิลองเว","ལི་ལོང་ཀུའེ།","ლილონგვე","ሊሎንጔ","リロングウェ","利隆圭","里朗威","릴롱궤"],"latitude":"-13.96692","longitude":"33.78725","feature_class":"P","feature_code":"PPLC","country_code":"MW","cc2":"","admin1_code":"C","admin2_code":"11","admin3_code":"","admin4_code":"","population":"646750","elevation":"","dem":"1056","timezone":"Africa/Blantyre","modification_date":"2012-01-18"},{"geonameid":"928534","name":"Kasungu","asciiname":"Kasungu","alternatenames":["KBQ","Kasungu","Касунгу"],"latitude":"-13.03333","longitude":"33.48333","feature_class":"P","feature_code":"PPLA2","country_code":"MW","cc2":"","admin1_code":"C","admin2_code":"09","admin3_code":"","admin4_code":"","population":"42555","elevation":"","dem":"1051","timezone":"Africa/Blantyre","modification_date":"2011-04-25"},{"geonameid":"929977","name":"Dowa","asciiname":"Dowa","alternatenames":["Dowa"],"latitude":"-13.65399","longitude":"33.93754","feature_class":"P","feature_code":"PPLA2","country_code":"MW","cc2":"","admin1_code":"C","admin2_code":"07","admin3_code":"","admin4_code":"","population":"5565","elevation":"","dem":"1361","timezone":"Africa/Blantyre","modification_date":"2011-04-25"},{"geonameid":"930025","name":"Dedza","asciiname":"Dedza","alternatenames":["Dedza"],"latitude":"-14.3779","longitude":"34.33322","feature_class":"P","feature_code":"PPLA2","country_code":"MW","cc2":"","admin1_code":"C","admin2_code":"06","admin3_code":"","admin4_code":"","population":"15608","elevation":"","dem":"1608","timezone":"Africa/Blantyre","modification_date":"2011-04-25"},{"geonameid":"930580","name":"Chiradzulu","asciiname":"Chiradzulu","alternatenames":["Chiradzulu","Chiradzulu Boma"],"latitude":"-15.67461","longitude":"35.14071","feature_class":"P","feature_code":"PPLA2","country_code":"MW","cc2":"","admin1_code":"S","admin2_code":"03","admin3_code":"","admin4_code":"","population":"1580","elevation":"","dem":"1118","timezone":"Africa/Blantyre","modification_date":"2011-11-08"},{"geonameid":"930582","name":"Chipyela","asciiname":"Chipyela","alternatenames":[""],"latitude":"-12.06618","longitude":"34.74092","feature_class":"P","feature_code":"PPLA2","country_code":"MW","cc2":"","admin1_code":"N","admin2_code":"27","admin3_code":"","admin4_code":"","population":"0","elevation":"","dem":"491","timezone":"Africa/Blantyre","modification_date":"2011-04-25"},{"geonameid":"930629","name":"Chipoka","asciiname":"Chipoka","alternatenames":["Chipoka"],"latitude":"-13.99329","longitude":"34.51566","feature_class":"P","feature_code":"PPL","country_code":"MW","cc2":"","admin1_code":"C","admin2_code":"22","admin3_code":"","admin4_code":"","population":"4346","elevation":"","dem":"483","timezone":"Africa/Blantyre","modification_date":"2012-01-18"},{"geonameid":"931070","name":"Chikwawa","asciiname":"Chikwawa","alternatenames":["Chikwawa"],"latitude":"-16.03352","longitude":"34.80091","feature_class":"P","feature_code":"PPLA2","country_code":"MW","cc2":"","admin1_code":"S","admin2_code":"02","admin3_code":"","admin4_code":"","population":"6987","elevation":"","dem":"106","timezone":"Africa/Blantyre","modification_date":"2011-11-09"},{"geonameid":"931755","name":"Blantyre","asciiname":"Blantyre","alternatenames":["BLZ","Blantair","Blantairas","Blantajer","Blantajr","Blantyre","Blantyre-Limbe","Gorad Blantajr","Kapeni","beullaentaieo","blamtayara","blantyry","bu lan tai er","burantaiya","Μπλαντάιρ","Блантайр","Блантајер","Горад Блантайр","بلانتيري","ब्लँटायर","ブランタイヤ","布兰太尔","블랜타이어"],"latitude":"-15.78499","longitude":"35.00854","feature_class":"P","feature_code":"PPLA","country_code":"MW","cc2":"","admin1_code":"S","admin2_code":"24","admin3_code":"","admin4_code":"","population":"584877","elevation":"","dem":"1041","timezone":"Africa/Blantyre","modification_date":"2014-07-21"},{"geonameid":"931865","name":"Balaka","asciiname":"Balaka","alternatenames":["Balaka","Balakas","Palaka","Балака"],"latitude":"-14.97928","longitude":"34.95575","feature_class":"P","feature_code":"PPLA2","country_code":"MW","cc2":"","admin1_code":"S","admin2_code":"26","admin3_code":"","admin4_code":"","population":"18902","elevation":"","dem":"633","timezone":"Africa/Blantyre","modification_date":"2011-11-08"},{"geonameid":"7839184","name":"Makata","asciiname":"Makata","alternatenames":[""],"latitude":"-15.78721","longitude":"35.03046","feature_class":"P","feature_code":"PPLA3","country_code":"MW","cc2":"","admin1_code":"S","admin2_code":"","admin3_code":"","admin4_code":"","population":"0","elevation":"","dem":"1085","timezone":"Africa/Blantyre","modification_date":"2011-06-01"},{"geonameid":"235715","name":"Karonga","asciiname":"Karonga","alternatenames":["KGJ","Karonga","Каронга"],"latitude":"-9.93333","longitude":"33.93333","feature_class":"P","feature_code":"PPLA2","country_code":"MW","cc2":"","admin1_code":"N","admin2_code":"08","admin3_code":"","admin4_code":"","population":"34207","elevation":"","dem":"486","timezone":"Africa/Blantyre","modification_date":"2011-04-25"},{"geonameid":"235751","name":"Chitipa","asciiname":"Chitipa","alternatenames":["Chipita","Chitipa","Fort Hill"],"latitude":"-9.70237","longitude":"33.26969","feature_class":"P","feature_code":"PPLA2","country_code":"MW","cc2":"","admin1_code":"N","admin2_code":"04","admin3_code":"","admin4_code":"","population":"8824","elevation":"","dem":"1286","timezone":"Africa/Blantyre","modification_date":"2011-04-25"},{"geonameid":"923295","name":"Zomba","asciiname":"Zomba","alternatenames":["Zomba","jomba","song ba","zomba","zonba","Зомба","ზომბა","ゾンバ","松巴","좀바"],"latitude":"-15.38596","longitude":"35.3188","feature_class":"P","feature_code":"PPLA2","country_code":"MW","cc2":"","admin1_code":"S","admin2_code":"23","admin3_code":"","admin4_code":"","population":"80932","elevation":"","dem":"949","timezone":"Africa/Blantyre","modification_date":"2011-04-25"},{"geonameid":"923652","name":"Thyolo","asciiname":"Thyolo","alternatenames":["Cholo","Thyolo"],"latitude":"-16.06775","longitude":"35.14046","feature_class":"P","feature_code":"PPLA2","country_code":"MW","cc2":"","admin1_code":"S","admin2_code":"05","admin3_code":"","admin4_code":"","population":"5775","elevation":"","dem":"912","timezone":"Africa/Blantyre","modification_date":"2011-11-08"},{"geonameid":"924055","name":"Salima","asciiname":"Salima","alternatenames":["LMB","Salima","Салима"],"latitude":"-13.7804","longitude":"34.4587","feature_class":"P","feature_code":"PPLA2","country_code":"MW","cc2":"","admin1_code":"C","admin2_code":"22","admin3_code":"","admin4_code":"","population":"30052","elevation":"","dem":"512","timezone":"Africa/Blantyre","modification_date":"2011-04-25"},{"geonameid":"924102","name":"Rumphi","asciiname":"Rumphi","alternatenames":["Rumphi","Rumpi","Rumpi Boma"],"latitude":"-11.01863","longitude":"33.85746","feature_class":"P","feature_code":"PPLA2","country_code":"MW","cc2":"","admin1_code":"N","admin2_code":"21","admin3_code":"","admin4_code":"","population":"20727","elevation":"","dem":"1084","timezone":"Africa/Blantyre","modification_date":"2011-11-08"},{"geonameid":"924491","name":"Ntchisi","asciiname":"Ntchisi","alternatenames":["Nchisi","Nchisi Boma","Ntchisi"],"latitude":"-13.52775","longitude":"33.9149","feature_class":"P","feature_code":"PPLA2","country_code":"MW","cc2":"","admin1_code":"C","admin2_code":"20","admin3_code":"","admin4_code":"","population":"7918","elevation":"","dem":"1545","timezone":"Africa/Blantyre","modification_date":"2011-06-02"},{"geonameid":"924492","name":"Ntcheu","asciiname":"Ntcheu","alternatenames":["Ncheu","Nitcheu","Ntcheu"],"latitude":"-14.82027","longitude":"34.63586","feature_class":"P","feature_code":"PPLA2","country_code":"MW","cc2":"","admin1_code":"C","admin2_code":"16","admin3_code":"","admin4_code":"","population":"10445","elevation":"","dem":"1132","timezone":"Africa/Blantyre","modification_date":"2011-11-08"},{"geonameid":"924572","name":"Nsanje","asciiname":"Nsanje","alternatenames":["Chimombi","Nsanje","Port Herald"],"latitude":"-16.91995","longitude":"35.26199","feature_class":"P","feature_code":"PPLA2","country_code":"MW","cc2":"","admin1_code":"S","admin2_code":"19","admin3_code":"","admin4_code":"","population":"21774","elevation":"","dem":"55","timezone":"Africa/Blantyre","modification_date":"2011-11-08"},{"geonameid":"924705","name":"Nkhotakota","asciiname":"Nkhotakota","alternatenames":["Kota Kota","Nkhotakota"],"latitude":"-12.92744","longitude":"34.29614","feature_class":"P","feature_code":"PPLA2","country_code":"MW","cc2":"","admin1_code":"C","admin2_code":"18","admin3_code":"","admin4_code":"","population":"24865","elevation":"","dem":"497","timezone":"Africa/Blantyre","modification_date":"2011-11-08"},{"geonameid":"924732","name":"Nkhata Bay","asciiname":"Nkhata Bay","alternatenames":["Nkata","Nkata Bay","Nkhata Bay"],"latitude":"-11.60659","longitude":"34.29073","feature_class":"P","feature_code":"PPLA2","country_code":"MW","cc2":"","admin1_code":"N","admin2_code":"17","admin3_code":"","admin4_code":"","population":"11721","elevation":"","dem":"547","timezone":"Africa/Blantyre","modification_date":"2011-11-08"},{"geonameid":"925475","name":"Mzuzu","asciiname":"Mzuzu","alternatenames":["Kaningina","Mzouzou","Mzuzo","Mzuzu","ZZU","eumjuju","mu zu zu","muzuzu","Μζούζου","Мзузу","ムズズ","姆祖祖","음주주"],"latitude":"-11.46556","longitude":"34.02071","feature_class":"P","feature_code":"PPLA","country_code":"MW","cc2":"","admin1_code":"N","admin2_code":"15","admin3_code":"","admin4_code":"","population":"175345","elevation":"","dem":"1275","timezone":"Africa/Blantyre","modification_date":"2013-08-05"},{"geonameid":"925498","name":"Mzimba","asciiname":"Mzimba","alternatenames":["Mzimba","Мзимба"],"latitude":"-11.9","longitude":"33.6","feature_class":"P","feature_code":"PPLA2","country_code":"MW","cc2":"","admin1_code":"N","admin2_code":"15","admin3_code":"","admin4_code":"","population":"19308","elevation":"","dem":"1339","timezone":"Africa/Blantyre","modification_date":"2011-04-25"},{"geonameid":"925596","name":"Mwanza","asciiname":"Mwanza","alternatenames":["Mwanza"],"latitude":"-15.60262","longitude":"34.52479","feature_class":"P","feature_code":"PPLA2","country_code":"MW","cc2":"","admin1_code":"S","admin2_code":"25","admin3_code":"","admin4_code":"","population":"11379","elevation":"","dem":"654","timezone":"Africa/Blantyre","modification_date":"2011-11-08"},{"geonameid":"925789","name":"Mulanje","asciiname":"Mulanje","alternatenames":["Mlange","Mlanje","Mlanje Boma","Mulanje"],"latitude":"-16.03163","longitude":"35.5","feature_class":"P","feature_code":"PPLA2","country_code":"MW","cc2":"","admin1_code":"S","admin2_code":"29","admin3_code":"","admin4_code":"","population":"16483","elevation":"","dem":"609","timezone":"Africa/Blantyre","modification_date":"2011-11-08"},{"geonameid":"926087","name":"Mponela","asciiname":"Mponela","alternatenames":["Mponela"],"latitude":"-13.53194","longitude":"33.74008","feature_class":"P","feature_code":"PPL","country_code":"MW","cc2":"","admin1_code":"C","admin2_code":"07","admin3_code":"","admin4_code":"","population":"11222","elevation":"","dem":"1216","timezone":"Africa/Blantyre","modification_date":"2012-01-18"},{"geonameid":"926308","name":"Monkey Bay","asciiname":"Monkey Bay","alternatenames":["Lusumbwe","MYZ","Monkey Bay"],"latitude":"-14.08239","longitude":"34.91652","feature_class":"P","feature_code":"PPL","country_code":"MW","cc2":"","admin1_code":"S","admin2_code":"12","admin3_code":"","admin4_code":"","population":"11619","elevation":"","dem":"484","timezone":"Africa/Blantyre","modification_date":"2012-05-21"},{"geonameid":"926747","name":"Mchinji","asciiname":"Mchinji","alternatenames":["Chimji","Fort Manning","Mchinji"],"latitude":"-13.79841","longitude":"32.88019","feature_class":"P","feature_code":"PPLA2","country_code":"MW","cc2":"","admin1_code":"C","admin2_code":"13","admin3_code":"","admin4_code":"","population":"18305","elevation":"","dem":"1186","timezone":"Africa/Blantyre","modification_date":"2011-11-08"},{"geonameid":"927246","name":"Mangochi","asciiname":"Mangochi","alternatenames":["Fort Johnston","MAI","Mangoche","Mangochi","Mponda","Мангочи"],"latitude":"-14.47815","longitude":"35.26448","feature_class":"P","feature_code":"PPLA2","country_code":"MW","cc2":"","admin1_code":"S","admin2_code":"12","admin3_code":"","admin4_code":"","population":"40236","elevation":"","dem":"484","timezone":"Africa/Blantyre","modification_date":"2011-04-25"},{"geonameid":"927792","name":"Luchenza","asciiname":"Luchenza","alternatenames":["Luchenya","Luchenza","Lughenza"],"latitude":"-16.00693","longitude":"35.30947","feature_class":"P","feature_code":"PPL","country_code":"MW","cc2":"","admin1_code":"S","admin2_code":"05","admin3_code":"","admin4_code":"","population":"11939","elevation":"","dem":"682","timezone":"Africa/Blantyre","modification_date":"2012-01-18"},{"geonameid":"927834","name":"Liwonde","asciiname":"Liwonde","alternatenames":["Liwonde","Old Liwonde Boma","VUU"],"latitude":"-15.06665","longitude":"35.22543","feature_class":"P","feature_code":"PPL","country_code":"MW","cc2":"","admin1_code":"S","admin2_code":"28","admin3_code":"","admin4_code":"","population":"22469","elevation":"","dem":"499","timezone":"Africa/Blantyre","modification_date":"2013-04-27"},{"geonameid":"927856","name":"Livingstonia","asciiname":"Livingstonia","alternatenames":["Kondowe","Livingstonia","Livingstonia Mission"],"latitude":"-10.60602","longitude":"34.10628","feature_class":"P","feature_code":"PPL","country_code":"MW","cc2":"","admin1_code":"N","admin2_code":"21","admin3_code":"","admin4_code":"","population":"5552","elevation":"","dem":"1350","timezone":"Africa/Blantyre","modification_date":"2012-01-18"},{"geonameid":"927967","name":"Lilongwe","asciiname":"Lilongwe","alternatenames":["Gorad Lilongveh","LLW","Lilon'nkoue","Lilonguee","Lilongve","Lilongvo","Lilongvė","Lilongwe","Lilongüe","Lilonqve","Lílongve","li lang wei","li long gui","li lxng we","lilamgve","lilangave","lillong-gwe","lilongve","lilonve","lylwnghwy","lylwngwh","lylwngwwh","rironguu~e","Λιλόνγκουε","Горад Лілонгвэ","Лилонгве","Лілонгве","Լիլոնգվե","לילאנגווע","לילונגווה","ليلونغوي","لیلونگوه","لیلونگوے","لیلۆنگوێ","لیلیونگوے","लिलाँग्वे","ਲਿਲਾਂਗਵੇ","லிலொங்வே","ลิลองเว","ལི་ལོང་ཀུའེ།","ლილონგვე","ሊሎንጔ","リロングウェ","利隆圭","里朗威","릴롱궤"],"latitude":"-13.96692","longitude":"33.78725","feature_class":"P","feature_code":"PPLC","country_code":"MW","cc2":"","admin1_code":"C","admin2_code":"11","admin3_code":"","admin4_code":"","population":"646750","elevation":"","dem":"1056","timezone":"Africa/Blantyre","modification_date":"2012-01-18"},{"geonameid":"928534","name":"Kasungu","asciiname":"Kasungu","alternatenames":["KBQ","Kasungu","Касунгу"],"latitude":"-13.03333","longitude":"33.48333","feature_class":"P","feature_code":"PPLA2","country_code":"MW","cc2":"","admin1_code":"C","admin2_code":"09","admin3_code":"","admin4_code":"","population":"42555","elevation":"","dem":"1051","timezone":"Africa/Blantyre","modification_date":"2011-04-25"},{"geonameid":"929977","name":"Dowa","asciiname":"Dowa","alternatenames":["Dowa"],"latitude":"-13.65399","longitude":"33.93754","feature_class":"P","feature_code":"PPLA2","country_code":"MW","cc2":"","admin1_code":"C","admin2_code":"07","admin3_code":"","admin4_code":"","population":"5565","elevation":"","dem":"1361","timezone":"Africa/Blantyre","modification_date":"2011-04-25"},{"geonameid":"930025","name":"Dedza","asciiname":"Dedza","alternatenames":["Dedza"],"latitude":"-14.3779","longitude":"34.33322","feature_class":"P","feature_code":"PPLA2","country_code":"MW","cc2":"","admin1_code":"C","admin2_code":"06","admin3_code":"","admin4_code":"","population":"15608","elevation":"","dem":"1608","timezone":"Africa/Blantyre","modification_date":"2011-04-25"},{"geonameid":"931070","name":"Chikwawa","asciiname":"Chikwawa","alternatenames":["Chikwawa"],"latitude":"-16.03352","longitude":"34.80091","feature_class":"P","feature_code":"PPLA2","country_code":"MW","cc2":"","admin1_code":"S","admin2_code":"02","admin3_code":"","admin4_code":"","population":"6987","elevation":"","dem":"106","timezone":"Africa/Blantyre","modification_date":"2011-11-09"},{"geonameid":"931755","name":"Blantyre","asciiname":"Blantyre","alternatenames":["BLZ","Blantair","Blantairas","Blantajer","Blantajr","Blantyre","Blantyre-Limbe","Gorad Blantajr","Kapeni","beullaentaieo","blamtayara","blantyry","bu lan tai er","burantaiya","Μπλαντάιρ","Блантайр","Блантајер","Горад Блантайр","بلانتيري","ब्लँटायर","ブランタイヤ","布兰太尔","블랜타이어"],"latitude":"-15.78499","longitude":"35.00854","feature_class":"P","feature_code":"PPLA","country_code":"MW","cc2":"","admin1_code":"S","admin2_code":"24","admin3_code":"","admin4_code":"","population":"584877","elevation":"","dem":"1041","timezone":"Africa/Blantyre","modification_date":"2014-07-21"},{"geonameid":"931865","name":"Balaka","asciiname":"Balaka","alternatenames":["Balaka","Balakas","Palaka","Балака"],"latitude":"-14.97928","longitude":"34.95575","feature_class":"P","feature_code":"PPLA2","country_code":"MW","cc2":"","admin1_code":"S","admin2_code":"26","admin3_code":"","admin4_code":"","population":"18902","elevation":"","dem":"633","timezone":"Africa/Blantyre","modification_date":"2011-11-08"},{"geonameid":"235715","name":"Karonga","asciiname":"Karonga","alternatenames":["KGJ","Karonga","Каронга"],"latitude":"-9.93333","longitude":"33.93333","feature_class":"P","feature_code":"PPLA2","country_code":"MW","cc2":"","admin1_code":"N","admin2_code":"08","admin3_code":"","admin4_code":"","population":"34207","elevation":"","dem":"486","timezone":"Africa/Blantyre","modification_date":"2011-04-25"},{"geonameid":"923295","name":"Zomba","asciiname":"Zomba","alternatenames":["Zomba","jomba","song ba","zomba","zonba","Зомба","ზომბა","ゾンバ","松巴","좀바"],"latitude":"-15.38596","longitude":"35.3188","feature_class":"P","feature_code":"PPLA2","country_code":"MW","cc2":"","admin1_code":"S","admin2_code":"23","admin3_code":"","admin4_code":"","population":"80932","elevation":"","dem":"949","timezone":"Africa/Blantyre","modification_date":"2011-04-25"},{"geonameid":"924055","name":"Salima","asciiname":"Salima","alternatenames":["LMB","Salima","Салима"],"latitude":"-13.7804","longitude":"34.4587","feature_class":"P","feature_code":"PPLA2","country_code":"MW","cc2":"","admin1_code":"C","admin2_code":"22","admin3_code":"","admin4_code":"","population":"30052","elevation":"","dem":"512","timezone":"Africa/Blantyre","modification_date":"2011-04-25"},{"geonameid":"924102","name":"Rumphi","asciiname":"Rumphi","alternatenames":["Rumphi","Rumpi","Rumpi Boma"],"latitude":"-11.01863","longitude":"33.85746","feature_class":"P","feature_code":"PPLA2","country_code":"MW","cc2":"","admin1_code":"N","admin2_code":"21","admin3_code":"","admin4_code":"","population":"20727","elevation":"","dem":"1084","timezone":"Africa/Blantyre","modification_date":"2011-11-08"},{"geonameid":"924572","name":"Nsanje","asciiname":"Nsanje","alternatenames":["Chimombi","Nsanje","Port Herald"],"latitude":"-16.91995","longitude":"35.26199","feature_class":"P","feature_code":"PPLA2","country_code":"MW","cc2":"","admin1_code":"S","admin2_code":"19","admin3_code":"","admin4_code":"","population":"21774","elevation":"","dem":"55","timezone":"Africa/Blantyre","modification_date":"2011-11-08"},{"geonameid":"924705","name":"Nkhotakota","asciiname":"Nkhotakota","alternatenames":["Kota Kota","Nkhotakota"],"latitude":"-12.92744","longitude":"34.29614","feature_class":"P","feature_code":"PPLA2","country_code":"MW","cc2":"","admin1_code":"C","admin2_code":"18","admin3_code":"","admin4_code":"","population":"24865","elevation":"","dem":"497","timezone":"Africa/Blantyre","modification_date":"2011-11-08"},{"geonameid":"925475","name":"Mzuzu","asciiname":"Mzuzu","alternatenames":["Kaningina","Mzouzou","Mzuzo","Mzuzu","ZZU","eumjuju","mu zu zu","muzuzu","Μζούζου","Мзузу","ムズズ","姆祖祖","음주주"],"latitude":"-11.46556","longitude":"34.02071","feature_class":"P","feature_code":"PPLA","country_code":"MW","cc2":"","admin1_code":"N","admin2_code":"15","admin3_code":"","admin4_code":"","population":"175345","elevation":"","dem":"1275","timezone":"Africa/Blantyre","modification_date":"2013-08-05"},{"geonameid":"925498","name":"Mzimba","asciiname":"Mzimba","alternatenames":["Mzimba","Мзимба"],"latitude":"-11.9","longitude":"33.6","feature_class":"P","feature_code":"PPLA2","country_code":"MW","cc2":"","admin1_code":"N","admin2_code":"15","admin3_code":"","admin4_code":"","population":"19308","elevation":"","dem":"1339","timezone":"Africa/Blantyre","modification_date":"2011-04-25"},{"geonameid":"925789","name":"Mulanje","asciiname":"Mulanje","alternatenames":["Mlange","Mlanje","Mlanje Boma","Mulanje"],"latitude":"-16.03163","longitude":"35.5","feature_class":"P","feature_code":"PPLA2","country_code":"MW","cc2":"","admin1_code":"S","admin2_code":"29","admin3_code":"","admin4_code":"","population":"16483","elevation":"","dem":"609","timezone":"Africa/Blantyre","modification_date":"2011-11-08"},{"geonameid":"926747","name":"Mchinji","asciiname":"Mchinji","alternatenames":["Chimji","Fort Manning","Mchinji"],"latitude":"-13.79841","longitude":"32.88019","feature_class":"P","feature_code":"PPLA2","country_code":"MW","cc2":"","admin1_code":"C","admin2_code":"13","admin3_code":"","admin4_code":"","population":"18305","elevation":"","dem":"1186","timezone":"Africa/Blantyre","modification_date":"2011-11-08"},{"geonameid":"927246","name":"Mangochi","asciiname":"Mangochi","alternatenames":["Fort Johnston","MAI","Mangoche","Mangochi","Mponda","Мангочи"],"latitude":"-14.47815","longitude":"35.26448","feature_class":"P","feature_code":"PPLA2","country_code":"MW","cc2":"","admin1_code":"S","admin2_code":"12","admin3_code":"","admin4_code":"","population":"40236","elevation":"","dem":"484","timezone":"Africa/Blantyre","modification_date":"2011-04-25"},{"geonameid":"927834","name":"Liwonde","asciiname":"Liwonde","alternatenames":["Liwonde","Old Liwonde Boma","VUU"],"latitude":"-15.06665","longitude":"35.22543","feature_class":"P","feature_code":"PPL","country_code":"MW","cc2":"","admin1_code":"S","admin2_code":"28","admin3_code":"","admin4_code":"","population":"22469","elevation":"","dem":"499","timezone":"Africa/Blantyre","modification_date":"2013-04-27"},{"geonameid":"927967","name":"Lilongwe","asciiname":"Lilongwe","alternatenames":["Gorad Lilongveh","LLW","Lilon'nkoue","Lilonguee","Lilongve","Lilongvo","Lilongvė","Lilongwe","Lilongüe","Lilonqve","Lílongve","li lang wei","li long gui","li lxng we","lilamgve","lilangave","lillong-gwe","lilongve","lilonve","lylwnghwy","lylwngwh","lylwngwwh","rironguu~e","Λιλόνγκουε","Горад Лілонгвэ","Лилонгве","Лілонгве","Լիլոնգվե","לילאנגווע","לילונגווה","ليلونغوي","لیلونگوه","لیلونگوے","لیلۆنگوێ","لیلیونگوے","लिलाँग्वे","ਲਿਲਾਂਗਵੇ","லிலொங்வே","ลิลองเว","ལི་ལོང་ཀུའེ།","ლილონგვე","ሊሎንጔ","リロングウェ","利隆圭","里朗威","릴롱궤"],"latitude":"-13.96692","longitude":"33.78725","feature_class":"P","feature_code":"PPLC","country_code":"MW","cc2":"","admin1_code":"C","admin2_code":"11","admin3_code":"","admin4_code":"","population":"646750","elevation":"","dem":"1056","timezone":"Africa/Blantyre","modification_date":"2012-01-18"},{"geonameid":"928534","name":"Kasungu","asciiname":"Kasungu","alternatenames":["KBQ","Kasungu","Касунгу"],"latitude":"-13.03333","longitude":"33.48333","feature_class":"P","feature_code":"PPLA2","country_code":"MW","cc2":"","admin1_code":"C","admin2_code":"09","admin3_code":"","admin4_code":"","population":"42555","elevation":"","dem":"1051","timezone":"Africa/Blantyre","modification_date":"2011-04-25"},{"geonameid":"930025","name":"Dedza","asciiname":"Dedza","alternatenames":["Dedza"],"latitude":"-14.3779","longitude":"34.33322","feature_class":"P","feature_code":"PPLA2","country_code":"MW","cc2":"","admin1_code":"C","admin2_code":"06","admin3_code":"","admin4_code":"","population":"15608","elevation":"","dem":"1608","timezone":"Africa/Blantyre","modification_date":"2011-04-25"},{"geonameid":"931755","name":"Blantyre","asciiname":"Blantyre","alternatenames":["BLZ","Blantair","Blantairas","Blantajer","Blantajr","Blantyre","Blantyre-Limbe","Gorad Blantajr","Kapeni","beullaentaieo","blamtayara","blantyry","bu lan tai er","burantaiya","Μπλαντάιρ","Блантайр","Блантајер","Горад Блантайр","بلانتيري","ब्लँटायर","ブランタイヤ","布兰太尔","블랜타이어"],"latitude":"-15.78499","longitude":"35.00854","feature_class":"P","feature_code":"PPLA","country_code":"MW","cc2":"","admin1_code":"S","admin2_code":"24","admin3_code":"","admin4_code":"","population":"584877","elevation":"","dem":"1041","timezone":"Africa/Blantyre","modification_date":"2014-07-21"},{"geonameid":"931865","name":"Balaka","asciiname":"Balaka","alternatenames":["Balaka","Balakas","Palaka","Балака"],"latitude":"-14.97928","longitude":"34.95575","feature_class":"P","feature_code":"PPLA2","country_code":"MW","cc2":"","admin1_code":"S","admin2_code":"26","admin3_code":"","admin4_code":"","population":"18902","elevation":"","dem":"633","timezone":"Africa/Blantyre","modification_date":"2011-11-08"}]}