{"country_data":{"ISO":"MV","ISO3":"MDV","ISO_Numeric":"462","fips":"MV","country":"Maldives","capital":"Male","area":"300","Population":"395650","Continent":"AS","tld":".mv","CurrencyCode":"MVR","CurrencyName":"Rufiyaa","Phone":"960","Postal_Code_Format":"#####","Postal_Code_Regex":"^(\\d{5})$","Languages":"dv,en","geonameid":"1282028","neighbours":"","EquivalentFipsCode":""},"cities":[{"geonameid":"1281980","name":"Meedhoo","asciiname":"Meedhoo","alternatenames":[""],"latitude":"-0.58333","longitude":"73.23333","feature_class":"P","feature_code":"PPL","country_code":"MV","cc2":"","admin1_code":"01","admin2_code":"","admin3_code":"","admin4_code":"","population":"1726","elevation":"","dem":"1","timezone":"Indian/Maldives","modification_date":"2011-07-15"},{"geonameid":"1282027","name":"Male","asciiname":"Male","alternatenames":["MLE","Maale","Male","Malé","Malė","ma lei","ma lu","male","malle","mare","Μαλέ","Мале","מאלה","މާލެ","माले","মালে","மாலே","มาเล","มาเล่","マレ","瑪律","馬累","말레"],"latitude":"4.1748","longitude":"73.50888","feature_class":"P","feature_code":"PPLC","country_code":"MV","cc2":"","admin1_code":"40","admin2_code":"","admin3_code":"","admin4_code":"","population":"103693","elevation":"","dem":"8","timezone":"Indian/Maldives","modification_date":"2010-07-21"},{"geonameid":"1282256","name":"Hithadhoo","asciiname":"Hithadhoo","alternatenames":["Hitaddu","Hithadhoo"],"latitude":"-0.6","longitude":"73.08333","feature_class":"P","feature_code":"PPL","country_code":"MV","cc2":"","admin1_code":"48","admin2_code":"","admin3_code":"","admin4_code":"","population":"9927","elevation":"","dem":"6","timezone":"Indian/Maldives","modification_date":"2012-01-18"},{"geonameid":"1337605","name":"Mahibadhoo","asciiname":"Mahibadhoo","alternatenames":["Mahibadhoo"],"latitude":"3.75713","longitude":"72.96893","feature_class":"P","feature_code":"PPL","country_code":"MV","cc2":"","admin1_code":"53","admin2_code":"","admin3_code":"","admin4_code":"","population":"2156","elevation":"","dem":"9","timezone":"Indian/Maldives","modification_date":"2013-04-07"},{"geonameid":"1337606","name":"Eydhafushi","asciiname":"Eydhafushi","alternatenames":[""],"latitude":"5.10327","longitude":"73.07078","feature_class":"P","feature_code":"PPLA","country_code":"MV","cc2":"","admin1_code":"31","admin2_code":"","admin3_code":"","admin4_code":"","population":"2808","elevation":"","dem":"7","timezone":"Indian/Maldives","modification_date":"2013-07-04"},{"geonameid":"1337607","name":"Kudahuvadhoo","asciiname":"Kudahuvadhoo","alternatenames":[""],"latitude":"2.67075","longitude":"72.89437","feature_class":"P","feature_code":"PPLA","country_code":"MV","cc2":"","admin1_code":"32","admin2_code":"","admin3_code":"","admin4_code":"","population":"1562","elevation":"","dem":"9","timezone":"Indian/Maldives","modification_date":"2013-07-04"},{"geonameid":"1337609","name":"Viligili","asciiname":"Viligili","alternatenames":["Viligili","Villingili"],"latitude":"0.75906","longitude":"73.43296","feature_class":"P","feature_code":"PPLA","country_code":"MV","cc2":"","admin1_code":"34","admin2_code":"","admin3_code":"","admin4_code":"","population":"2925","elevation":"","dem":"5","timezone":"Indian/Maldives","modification_date":"2013-07-04"},{"geonameid":"1337610","name":"Thinadhoo","asciiname":"Thinadhoo","alternatenames":["Thinadhoo"],"latitude":"0.53333","longitude":"72.93333","feature_class":"P","feature_code":"PPLA","country_code":"MV","cc2":"","admin1_code":"35","admin2_code":"","admin3_code":"","admin4_code":"","population":"6376","elevation":"","dem":"-9999","timezone":"Indian/Maldives","modification_date":"2013-07-04"},{"geonameid":"1337611","name":"Fuvahmulah","asciiname":"Fuvahmulah","alternatenames":[""],"latitude":"-0.29878","longitude":"73.42403","feature_class":"P","feature_code":"PPLA","country_code":"MV","cc2":"","admin1_code":"42","admin2_code":"","admin3_code":"","admin4_code":"","population":"11140","elevation":"","dem":"9","timezone":"Indian/Maldives","modification_date":"2013-07-04"},{"geonameid":"1337612","name":"Dhidhdhoo","asciiname":"Dhidhdhoo","alternatenames":["Dhidhdhoo"],"latitude":"6.88744","longitude":"73.11402","feature_class":"P","feature_code":"PPLA","country_code":"MV","cc2":"","admin1_code":"36","admin2_code":"","admin3_code":"","admin4_code":"","population":"3039","elevation":"","dem":"8","timezone":"Indian/Maldives","modification_date":"2015-06-29"},{"geonameid":"1337613","name":"Kulhudhuffushi","asciiname":"Kulhudhuffushi","alternatenames":[""],"latitude":"6.62207","longitude":"73.06998","feature_class":"P","feature_code":"PPLA","country_code":"MV","cc2":"","admin1_code":"37","admin2_code":"","admin3_code":"","admin4_code":"","population":"9500","elevation":"","dem":"6","timezone":"Indian/Maldives","modification_date":"2013-07-04"},{"geonameid":"1337616","name":"Naifaru","asciiname":"Naifaru","alternatenames":[""],"latitude":"5.44438","longitude":"73.36571","feature_class":"P","feature_code":"PPLA","country_code":"MV","cc2":"","admin1_code":"39","admin2_code":"","admin3_code":"","admin4_code":"","population":"5044","elevation":"","dem":"6","timezone":"Indian/Maldives","modification_date":"2013-07-04"},{"geonameid":"1337617","name":"Muli","asciiname":"Muli","alternatenames":["Muli"],"latitude":"2.91667","longitude":"73.56667","feature_class":"P","feature_code":"PPLA","country_code":"MV","cc2":"","admin1_code":"41","admin2_code":"","admin3_code":"","admin4_code":"","population":"1008","elevation":"","dem":"-9999","timezone":"Indian/Maldives","modification_date":"2013-07-04"},{"geonameid":"1337618","name":"Manadhoo","asciiname":"Manadhoo","alternatenames":["Manadhoo"],"latitude":"5.76687","longitude":"73.4136","feature_class":"P","feature_code":"PPLA","country_code":"MV","cc2":"","admin1_code":"43","admin2_code":"","admin3_code":"","admin4_code":"","population":"1580","elevation":"","dem":"8","timezone":"Indian/Maldives","modification_date":"2013-07-04"},{"geonameid":"1337619","name":"Ugoofaaru","asciiname":"Ugoofaaru","alternatenames":["U'ngoofaaru","Ugoofaaru","U’ngoofaaru"],"latitude":"5.66812","longitude":"73.03017","feature_class":"P","feature_code":"PPLA","country_code":"MV","cc2":"","admin1_code":"44","admin2_code":"","admin3_code":"","admin4_code":"","population":"1575","elevation":"","dem":"9","timezone":"Indian/Maldives","modification_date":"2013-07-04"},{"geonameid":"1337620","name":"Funadhoo","asciiname":"Funadhoo","alternatenames":["Farukolhufunadhoo","Funadhoo"],"latitude":"6.15091","longitude":"73.29013","feature_class":"P","feature_code":"PPLA","country_code":"MV","cc2":"","admin1_code":"45","admin2_code":"","admin3_code":"","admin4_code":"","population":"2900","elevation":"","dem":"9","timezone":"Indian/Maldives","modification_date":"2013-07-04"},{"geonameid":"1337622","name":"Veymandoo","asciiname":"Veymandoo","alternatenames":["Veymandhoo","Veymandoo"],"latitude":"2.18772","longitude":"73.09556","feature_class":"P","feature_code":"PPLA","country_code":"MV","cc2":"","admin1_code":"46","admin2_code":"","admin3_code":"","admin4_code":"","population":"1100","elevation":"","dem":"10","timezone":"Indian/Maldives","modification_date":"2013-09-22"},{"geonameid":"1337623","name":"Felidhoo","asciiname":"Felidhoo","alternatenames":["Felidhoo"],"latitude":"3.47182","longitude":"73.54699","feature_class":"P","feature_code":"PPLA","country_code":"MV","cc2":"","admin1_code":"47","admin2_code":"","admin3_code":"","admin4_code":"","population":"541","elevation":"","dem":"8","timezone":"Indian/Maldives","modification_date":"2013-07-04"},{"geonameid":"7874641","name":"Fonadhoo","asciiname":"Fonadhoo","alternatenames":[""],"latitude":"1.83243","longitude":"73.50257","feature_class":"P","feature_code":"PPLA","country_code":"MV","cc2":"","admin1_code":"05","admin2_code":"","admin3_code":"","admin4_code":"","population":"1773","elevation":"","dem":"7","timezone":"Indian/Maldives","modification_date":"2013-07-04"},{"geonameid":"7910632","name":"Vilufushi","asciiname":"Vilufushi","alternatenames":[""],"latitude":"2.50306","longitude":"73.30859","feature_class":"P","feature_code":"PPL","country_code":"MV","cc2":"","admin1_code":"","admin2_code":"","admin3_code":"","admin4_code":"","population":"2077","elevation":"","dem":"7","timezone":"Indian/Maldives","modification_date":"2011-07-29"},{"geonameid":"7911024","name":"Madifushi","asciiname":"Madifushi","alternatenames":[""],"latitude":"2.35582","longitude":"73.35473","feature_class":"P","feature_code":"PPL","country_code":"MV","cc2":"","admin1_code":"","admin2_code":"","admin3_code":"","admin4_code":"","population":"1110","elevation":"","dem":"9","timezone":"Indian/Maldives","modification_date":"2011-08-04"},{"geonameid":"8410622","name":"Open Stage","asciiname":"Open Stage","alternatenames":[""],"latitude":"5.1053","longitude":"73.07115","feature_class":"P","feature_code":"PPLL","country_code":"MV","cc2":"","admin1_code":"","admin2_code":"","admin3_code":"","admin4_code":"","population":"1258","elevation":"250","dem":"8","timezone":"Indian/Maldives","modification_date":"2012-10-10"},{"geonameid":"1282027","name":"Male","asciiname":"Male","alternatenames":["MLE","Maale","Male","Malé","Malė","ma lei","ma lu","male","malle","mare","Μαλέ","Мале","מאלה","މާލެ","माले","মালে","மாலே","มาเล","มาเล่","マレ","瑪律","馬累","말레"],"latitude":"4.1748","longitude":"73.50888","feature_class":"P","feature_code":"PPLC","country_code":"MV","cc2":"","admin1_code":"40","admin2_code":"","admin3_code":"","admin4_code":"","population":"103693","elevation":"","dem":"8","timezone":"Indian/Maldives","modification_date":"2010-07-21"},{"geonameid":"1282256","name":"Hithadhoo","asciiname":"Hithadhoo","alternatenames":["Hitaddu","Hithadhoo"],"latitude":"-0.6","longitude":"73.08333","feature_class":"P","feature_code":"PPL","country_code":"MV","cc2":"","admin1_code":"48","admin2_code":"","admin3_code":"","admin4_code":"","population":"9927","elevation":"","dem":"6","timezone":"Indian/Maldives","modification_date":"2012-01-18"},{"geonameid":"1337606","name":"Eydhafushi","asciiname":"Eydhafushi","alternatenames":[""],"latitude":"5.10327","longitude":"73.07078","feature_class":"P","feature_code":"PPLA","country_code":"MV","cc2":"","admin1_code":"31","admin2_code":"","admin3_code":"","admin4_code":"","population":"2808","elevation":"","dem":"7","timezone":"Indian/Maldives","modification_date":"2013-07-04"},{"geonameid":"1337607","name":"Kudahuvadhoo","asciiname":"Kudahuvadhoo","alternatenames":[""],"latitude":"2.67075","longitude":"72.89437","feature_class":"P","feature_code":"PPLA","country_code":"MV","cc2":"","admin1_code":"32","admin2_code":"","admin3_code":"","admin4_code":"","population":"1562","elevation":"","dem":"9","timezone":"Indian/Maldives","modification_date":"2013-07-04"},{"geonameid":"1337609","name":"Viligili","asciiname":"Viligili","alternatenames":["Viligili","Villingili"],"latitude":"0.75906","longitude":"73.43296","feature_class":"P","feature_code":"PPLA","country_code":"MV","cc2":"","admin1_code":"34","admin2_code":"","admin3_code":"","admin4_code":"","population":"2925","elevation":"","dem":"5","timezone":"Indian/Maldives","modification_date":"2013-07-04"},{"geonameid":"1337610","name":"Thinadhoo","asciiname":"Thinadhoo","alternatenames":["Thinadhoo"],"latitude":"0.53333","longitude":"72.93333","feature_class":"P","feature_code":"PPLA","country_code":"MV","cc2":"","admin1_code":"35","admin2_code":"","admin3_code":"","admin4_code":"","population":"6376","elevation":"","dem":"-9999","timezone":"Indian/Maldives","modification_date":"2013-07-04"},{"geonameid":"1337611","name":"Fuvahmulah","asciiname":"Fuvahmulah","alternatenames":[""],"latitude":"-0.29878","longitude":"73.42403","feature_class":"P","feature_code":"PPLA","country_code":"MV","cc2":"","admin1_code":"42","admin2_code":"","admin3_code":"","admin4_code":"","population":"11140","elevation":"","dem":"9","timezone":"Indian/Maldives","modification_date":"2013-07-04"},{"geonameid":"1337612","name":"Dhidhdhoo","asciiname":"Dhidhdhoo","alternatenames":["Dhidhdhoo"],"latitude":"6.88744","longitude":"73.11402","feature_class":"P","feature_code":"PPLA","country_code":"MV","cc2":"","admin1_code":"36","admin2_code":"","admin3_code":"","admin4_code":"","population":"3039","elevation":"","dem":"8","timezone":"Indian/Maldives","modification_date":"2015-06-29"},{"geonameid":"1337613","name":"Kulhudhuffushi","asciiname":"Kulhudhuffushi","alternatenames":[""],"latitude":"6.62207","longitude":"73.06998","feature_class":"P","feature_code":"PPLA","country_code":"MV","cc2":"","admin1_code":"37","admin2_code":"","admin3_code":"","admin4_code":"","population":"9500","elevation":"","dem":"6","timezone":"Indian/Maldives","modification_date":"2013-07-04"},{"geonameid":"1337616","name":"Naifaru","asciiname":"Naifaru","alternatenames":[""],"latitude":"5.44438","longitude":"73.36571","feature_class":"P","feature_code":"PPLA","country_code":"MV","cc2":"","admin1_code":"39","admin2_code":"","admin3_code":"","admin4_code":"","population":"5044","elevation":"","dem":"6","timezone":"Indian/Maldives","modification_date":"2013-07-04"},{"geonameid":"1337617","name":"Muli","asciiname":"Muli","alternatenames":["Muli"],"latitude":"2.91667","longitude":"73.56667","feature_class":"P","feature_code":"PPLA","country_code":"MV","cc2":"","admin1_code":"41","admin2_code":"","admin3_code":"","admin4_code":"","population":"1008","elevation":"","dem":"-9999","timezone":"Indian/Maldives","modification_date":"2013-07-04"},{"geonameid":"1337618","name":"Manadhoo","asciiname":"Manadhoo","alternatenames":["Manadhoo"],"latitude":"5.76687","longitude":"73.4136","feature_class":"P","feature_code":"PPLA","country_code":"MV","cc2":"","admin1_code":"43","admin2_code":"","admin3_code":"","admin4_code":"","population":"1580","elevation":"","dem":"8","timezone":"Indian/Maldives","modification_date":"2013-07-04"},{"geonameid":"1337619","name":"Ugoofaaru","asciiname":"Ugoofaaru","alternatenames":["U'ngoofaaru","Ugoofaaru","U’ngoofaaru"],"latitude":"5.66812","longitude":"73.03017","feature_class":"P","feature_code":"PPLA","country_code":"MV","cc2":"","admin1_code":"44","admin2_code":"","admin3_code":"","admin4_code":"","population":"1575","elevation":"","dem":"9","timezone":"Indian/Maldives","modification_date":"2013-07-04"},{"geonameid":"1337620","name":"Funadhoo","asciiname":"Funadhoo","alternatenames":["Farukolhufunadhoo","Funadhoo"],"latitude":"6.15091","longitude":"73.29013","feature_class":"P","feature_code":"PPLA","country_code":"MV","cc2":"","admin1_code":"45","admin2_code":"","admin3_code":"","admin4_code":"","population":"2900","elevation":"","dem":"9","timezone":"Indian/Maldives","modification_date":"2013-07-04"},{"geonameid":"1337622","name":"Veymandoo","asciiname":"Veymandoo","alternatenames":["Veymandhoo","Veymandoo"],"latitude":"2.18772","longitude":"73.09556","feature_class":"P","feature_code":"PPLA","country_code":"MV","cc2":"","admin1_code":"46","admin2_code":"","admin3_code":"","admin4_code":"","population":"1100","elevation":"","dem":"10","timezone":"Indian/Maldives","modification_date":"2013-09-22"},{"geonameid":"1337623","name":"Felidhoo","asciiname":"Felidhoo","alternatenames":["Felidhoo"],"latitude":"3.47182","longitude":"73.54699","feature_class":"P","feature_code":"PPLA","country_code":"MV","cc2":"","admin1_code":"47","admin2_code":"","admin3_code":"","admin4_code":"","population":"541","elevation":"","dem":"8","timezone":"Indian/Maldives","modification_date":"2013-07-04"},{"geonameid":"7874641","name":"Fonadhoo","asciiname":"Fonadhoo","alternatenames":[""],"latitude":"1.83243","longitude":"73.50257","feature_class":"P","feature_code":"PPLA","country_code":"MV","cc2":"","admin1_code":"05","admin2_code":"","admin3_code":"","admin4_code":"","population":"1773","elevation":"","dem":"7","timezone":"Indian/Maldives","modification_date":"2013-07-04"},{"geonameid":"1282027","name":"Male","asciiname":"Male","alternatenames":["MLE","Maale","Male","Malé","Malė","ma lei","ma lu","male","malle","mare","Μαλέ","Мале","מאלה","މާލެ","माले","মালে","மாலே","มาเล","มาเล่","マレ","瑪律","馬累","말레"],"latitude":"4.1748","longitude":"73.50888","feature_class":"P","feature_code":"PPLC","country_code":"MV","cc2":"","admin1_code":"40","admin2_code":"","admin3_code":"","admin4_code":"","population":"103693","elevation":"","dem":"8","timezone":"Indian/Maldives","modification_date":"2010-07-21"}]}