{"country_data":{"ISO":"MT","ISO3":"MLT","ISO_Numeric":"470","fips":"MT","country":"Malta","capital":"Valletta","area":"316","Population":"403000","Continent":"EU","tld":".mt","CurrencyCode":"EUR","CurrencyName":"Euro","Phone":"356","Postal_Code_Format":"@@@ ###|@@@ ##","Postal_Code_Regex":"^([A-Z]{3}\\d{2}\\d?)$","Languages":"mt,en-MT","geonameid":"2562770","neighbours":"","EquivalentFipsCode":""},"cities":[{"geonameid":"2562247","name":"Marsaxlokk","asciiname":"Marsaxlokk","alternatenames":["M'Xloxx","Marsa Scirocco","Marsa Shlok","Marsashlokk","Marsaxlok","Marsaxlokk","M’Xloxx","Марсашлокк"],"latitude":"35.84194","longitude":"14.54306","feature_class":"P","feature_code":"PPLA","country_code":"MT","cc2":"","admin1_code":"33","admin2_code":"","admin3_code":"","admin4_code":"","population":"3026","elevation":"","dem":"17","timezone":"Europe/Malta","modification_date":"2012-07-04"},{"geonameid":"2562250","name":"Żurrieq","asciiname":"Zurrieq","alternatenames":["Casal Zurrico","Iz-Zurrieq","Iż-Żurrieq","Zurrico","Zurriek","Zurrieq","Żurrieq"],"latitude":"35.83111","longitude":"14.47417","feature_class":"P","feature_code":"PPLA","country_code":"MT","cc2":"","admin1_code":"68","admin2_code":"","admin3_code":"","admin4_code":"","population":"9149","elevation":"","dem":"111","timezone":"Europe/Malta","modification_date":"2012-07-04"},{"geonameid":"2562258","name":"Żejtun","asciiname":"Zejtun","alternatenames":["Casal Zeitun","Iz Zeitun","Iz-Zejtun","Iż-Żejtun","Zeitun","Zeitunas","Zeitūnas","Zejtun","zi dun","zytwn  malt","Żejtun","Зейтун","Зејтун","زیتون، مالت","زەیتوون، ماڵتا","榟橔"],"latitude":"35.85583","longitude":"14.53306","feature_class":"P","feature_code":"PPLA","country_code":"MT","cc2":"","admin1_code":"67","admin2_code":"","admin3_code":"","admin4_code":"","population":"11549","elevation":"","dem":"56","timezone":"Europe/Malta","modification_date":"2012-07-04"},{"geonameid":"2562260","name":"Żebbuġ","asciiname":"Zebbug","alternatenames":["Iz-Zebbug","Iz-Zebbug (Gozo)","Iż-Żebbuġ","Iż-Żebbuġ (Gozo)","Zebbug","Zebbug (Gozo)","Zebbuj","Żebbuġ","Żebbuġ (Gozo)"],"latitude":"36.07222","longitude":"14.23583","feature_class":"P","feature_code":"PPLA","country_code":"MT","cc2":"","admin1_code":"66","admin2_code":"","admin3_code":"","admin4_code":"","population":"1770","elevation":"","dem":"138","timezone":"Europe/Malta","modification_date":"2013-08-05"},{"geonameid":"2562261","name":"Haz-Zebbug","asciiname":"Haz-Zebbug","alternatenames":["Haz-Zebbug","Lebbug","Zebbudzh","Zebbuj","Зеббудж"],"latitude":"35.87194","longitude":"14.44111","feature_class":"P","feature_code":"PPLA","country_code":"MT","cc2":"","admin1_code":"65","admin2_code":"","admin3_code":"","admin4_code":"","population":"11063","elevation":"","dem":"100","timezone":"Europe/Malta","modification_date":"2014-04-28"},{"geonameid":"2562266","name":"Żabbar","asciiname":"Zabbar","alternatenames":["Haz-Zabbar","Haż-Żabbar","Zabbar","Żabbar"],"latitude":"35.87611","longitude":"14.535","feature_class":"P","feature_code":"PPLA","country_code":"MT","cc2":"","admin1_code":"64","admin2_code":"","admin3_code":"","admin4_code":"","population":"15030","elevation":"","dem":"47","timezone":"Europe/Malta","modification_date":"2012-07-04"},{"geonameid":"2562273","name":"Xgħajra","asciiname":"Xghajra","alternatenames":["Ix-Xghara","Ix-Xgħara","Sh'ayra","Shghaira","Sh’ayra","Xghaira","Xghajra","Xgħajra"],"latitude":"35.88556","longitude":"14.5475","feature_class":"P","feature_code":"PPLA","country_code":"MT","cc2":"","admin1_code":"63","admin2_code":"","admin3_code":"","admin4_code":"","population":"837","elevation":"","dem":"31","timezone":"Europe/Malta","modification_date":"2012-07-04"},{"geonameid":"2562274","name":"Xewkija","asciiname":"Xewkija","alternatenames":["Ix-Xewkija","Showkiya","Xeuchia","Xewkija"],"latitude":"36.03278","longitude":"14.25806","feature_class":"P","feature_code":"PPLA","country_code":"MT","cc2":"","admin1_code":"62","admin2_code":"","admin3_code":"","admin4_code":"","population":"3303","elevation":"","dem":"99","timezone":"Europe/Malta","modification_date":"2012-07-04"},{"geonameid":"2562280","name":"Xagħra","asciiname":"Xaghra","alternatenames":["Caccia","Ix-Xaghra","Kacca","Kacha","Kaċċa","Shaghra","Xaghra","Xagħra"],"latitude":"36.05","longitude":"14.26444","feature_class":"P","feature_code":"PPLA","country_code":"MT","cc2":"","admin1_code":"61","admin2_code":"","admin3_code":"","admin4_code":"","population":"3680","elevation":"","dem":"144","timezone":"Europe/Malta","modification_date":"2012-07-04"},{"geonameid":"2562305","name":"Valletta","asciiname":"Valletta","alternatenames":["A Valeta","A Valletta","Baleta","Baletta","La Valet","La Valeta","La Valeto","La Valetta","La Valette","La Valletta","La Valèt","La Valëtta","La-Valeto","Vaileite","Valeta","Valetta","Valleta","Vallett","Valletta","Vallettae","Waleta","balleta","baretta","bhalletta","falyta","hua lie ta","valaita","valletta","vheleta","wa lai ta","wal let ta","walta","wlth","Ła Vałeta","Βαλέτα","Βαλέττα","Валета","Валлеттæ","Валлетта","Ла Валета","Վալետա","ולטה","فاليتا","والتا","والیٹا","ولیٹا","ڤالێتا","व्हॅलेटा","ভাল্লেত্তা","ਵਲੈਟਾ","வல்லெட்டா","วัลเลตตา","ཝ་ལེ་ཐ།","ვალეტა","ቫሌታ","バレッタ","瓦莱塔","華列他","발레타"],"latitude":"35.89972","longitude":"14.51472","feature_class":"P","feature_code":"PPLC","country_code":"MT","cc2":"","admin1_code":"60","admin2_code":"","admin3_code":"","admin4_code":"","population":"6794","elevation":"","dem":"44","timezone":"Europe/Malta","modification_date":"2014-04-28"},{"geonameid":"2562320","name":"Ta’ Xbiex","asciiname":"Ta' Xbiex","alternatenames":["Ta' Shbiesh","Ta' Xbiex","Ta-Shbish","Tas Biesh","Tasbiesch","Ta’ Shbiesh","Ta’ Xbiex","Та-Шбиш"],"latitude":"35.89917","longitude":"14.49444","feature_class":"P","feature_code":"PPLA","country_code":"MT","cc2":"","admin1_code":"59","admin2_code":"","admin3_code":"","admin4_code":"","population":"1642","elevation":"","dem":"21","timezone":"Europe/Malta","modification_date":"2012-07-04"},{"geonameid":"2562349","name":"Tarxien","asciiname":"Tarxien","alternatenames":["Casal Tarxien","Hal Tarxien","Tarscen","Tarshien","Tarshin","Tarsinas","Tarxien","Taršinas","ta er xin","taleusien","tarshyn","trzyn","Ħal Tarxien","Таршин","Таршіен","تارشین","ترزین","塔爾欣","타르시엔"],"latitude":"35.86583","longitude":"14.515","feature_class":"P","feature_code":"PPLA","country_code":"MT","cc2":"","admin1_code":"58","admin2_code":"","admin3_code":"","admin4_code":"","population":"7761","elevation":"","dem":"62","timezone":"Europe/Malta","modification_date":"2012-07-04"},{"geonameid":"2562501","name":"Sliema","asciiname":"Sliema","alternatenames":["Sliema","Slijema","Slima","Tas-Sliema","seulliema","si li ma","slyma","Слима","Слијема","Сліма","סליאמה","سلیما","斯利馬","슬리에마"],"latitude":"35.9125","longitude":"14.50194","feature_class":"P","feature_code":"PPLA","country_code":"MT","cc2":"","admin1_code":"56","admin2_code":"","admin3_code":"","admin4_code":"","population":"11318","elevation":"","dem":"40","timezone":"Europe/Malta","modification_date":"2012-07-04"},{"geonameid":"2562504","name":"Siġġiewi","asciiname":"Siggiewi","alternatenames":["Is-Siggiewi","Is-Siġġiewi","Siggieui","Siggiewi","Sijuwi","Siġġiewi"],"latitude":"35.85556","longitude":"14.43639","feature_class":"P","feature_code":"PPLA","country_code":"MT","cc2":"","admin1_code":"55","admin2_code":"","admin3_code":"","admin4_code":"","population":"7676","elevation":"","dem":"126","timezone":"Europe/Malta","modification_date":"2012-07-04"},{"geonameid":"2562518","name":"Santa Venera","asciiname":"Santa Venera","alternatenames":["Saint Venera","Santa Venera","Santa Vennera"],"latitude":"35.89083","longitude":"14.47417","feature_class":"P","feature_code":"PPLA","country_code":"MT","cc2":"","admin1_code":"53","admin2_code":"","admin3_code":"","admin4_code":"","population":"6264","elevation":"","dem":"52","timezone":"Europe/Malta","modification_date":"2012-07-04"},{"geonameid":"2562528","name":"Saint Lucia","asciiname":"Saint Lucia","alternatenames":["Saint Lucia","Santa Lucia","Santa Lucija","Santa Luċia","Santa Luċija"],"latitude":"36.04306","longitude":"14.21722","feature_class":"P","feature_code":"PPLA","country_code":"MT","cc2":"","admin1_code":"51","admin2_code":"","admin3_code":"","admin4_code":"","population":"3186","elevation":"","dem":"126","timezone":"Europe/Malta","modification_date":"2013-08-05"},{"geonameid":"2562529","name":"Santa Luċija","asciiname":"Santa Lucija","alternatenames":["Santa Lucia","Santa Lucija","Santa Luċija"],"latitude":"35.86278","longitude":"14.5075","feature_class":"P","feature_code":"PPLX","country_code":"MT","cc2":"","admin1_code":"51","admin2_code":"","admin3_code":"","admin4_code":"","population":"3760","elevation":"","dem":"58","timezone":"Europe/Malta","modification_date":"2012-07-04"},{"geonameid":"2562541","name":"San Pawl il-Baħar","asciiname":"San Pawl il-Bahar","alternatenames":["Baia di San Paolo","Saint Paul's Bay","San Paul Amere","San Paul a Mare","San Paul à Mare"],"latitude":"35.95064","longitude":"14.41561","feature_class":"P","feature_code":"PPLA","country_code":"MT","cc2":"","admin1_code":"52","admin2_code":"","admin3_code":"","admin4_code":"","population":"14057","elevation":"","dem":"22","timezone":"Europe/Malta","modification_date":"2013-07-04"},{"geonameid":"2562545","name":"Sannat","asciiname":"Sannat","alternatenames":["Is-Sannat","Sannat"],"latitude":"36.02444","longitude":"14.24278","feature_class":"P","feature_code":"PPLA","country_code":"MT","cc2":"","admin1_code":"54","admin2_code":"","admin3_code":"","admin4_code":"","population":"1681","elevation":"","dem":"119","timezone":"Europe/Malta","modification_date":"2012-07-04"},{"geonameid":"2562552","name":"San Lawrenz","asciiname":"San Lawrenz","alternatenames":["Saint Lawrence","San Laurenz","San Lawrenz"],"latitude":"36.05556","longitude":"14.20361","feature_class":"P","feature_code":"PPLA","country_code":"MT","cc2":"","admin1_code":"50","admin2_code":"","admin3_code":"","admin4_code":"","population":"530","elevation":"","dem":"131","timezone":"Europe/Malta","modification_date":"2012-07-04"},{"geonameid":"2562557","name":"San Ġiljan","asciiname":"San Giljan","alternatenames":["Saint Julian","Saint Julian's","San Gilian","San Giljan","San Julian","San Julian's","San Julián","San Ġilian","San Ġiljan","Sent-Dzhulians","St. Julian's","Сент-Джулианс"],"latitude":"35.91839","longitude":"14.48977","feature_class":"P","feature_code":"PPLA","country_code":"MT","cc2":"","admin1_code":"49","admin2_code":"","admin3_code":"","admin4_code":"","population":"6799","elevation":"","dem":"19","timezone":"Europe/Malta","modification_date":"2013-07-03"},{"geonameid":"2562598","name":"Safi","asciiname":"Safi","alternatenames":["Casal Safi","Hal Safi","Safi","Ħal Safi"],"latitude":"35.83306","longitude":"14.48472","feature_class":"P","feature_code":"PPLA","country_code":"MT","cc2":"","admin1_code":"47","admin2_code":"","admin3_code":"","admin4_code":"","population":"1863","elevation":"","dem":"106","timezone":"Europe/Malta","modification_date":"2012-07-04"},{"geonameid":"2562617","name":"Paola","asciiname":"Paola","alternatenames":["Casal Paola","Casal Paolo","Casal Paula","Paola","Paula","Pawla","Rahal Gdid","Rahal Jedid","Raħal Ġdid"],"latitude":"35.87306","longitude":"14.49889","feature_class":"P","feature_code":"PPLA","country_code":"MT","cc2":"","admin1_code":"39","admin2_code":"","admin3_code":"","admin4_code":"","population":"9257","elevation":"","dem":"9","timezone":"Europe/Malta","modification_date":"2012-07-04"},{"geonameid":"2562619","name":"Victoria","asciiname":"Victoria","alternatenames":["Rabat","Victoria","Victoria Town","Victòria","Viktorija","Vittoria","wyqtwryh","Виктория","Рабат","ויקטוריה"],"latitude":"36.04444","longitude":"14.23972","feature_class":"P","feature_code":"PPLA","country_code":"MT","cc2":"","admin1_code":"46","admin2_code":"","admin3_code":"","admin4_code":"","population":"6596","elevation":"","dem":"104","timezone":"Europe/Malta","modification_date":"2014-10-26"},{"geonameid":"2562620","name":"Rabat","asciiname":"Rabat","alternatenames":["Ir-Rabat","Ir-Rabt","Rabat","Rabato","Рабат"],"latitude":"35.88152","longitude":"14.39872","feature_class":"P","feature_code":"PPL","country_code":"MT","cc2":"","admin1_code":"45","admin2_code":"","admin3_code":"","admin4_code":"","population":"7064","elevation":"","dem":"205","timezone":"Europe/Malta","modification_date":"2014-10-29"},{"geonameid":"2562622","name":"Qrendi","asciiname":"Qrendi","alternatenames":["Casal Krendi","Il-Qrendi","Krendi","Qrendi"],"latitude":"35.83472","longitude":"14.45833","feature_class":"P","feature_code":"PPLA","country_code":"MT","cc2":"","admin1_code":"44","admin2_code":"","admin3_code":"","admin4_code":"","population":"2493","elevation":"","dem":"110","timezone":"Europe/Malta","modification_date":"2012-07-04"},{"geonameid":"2562629","name":"Qormi","asciiname":"Qormi","alternatenames":["Curmi","Hal Qormi","Kormi","Kormis","ge er mi","kwrmy","Ħal Qormi","Корми","Кормі","قۆرمی","کورمی","戈爾米"],"latitude":"35.87601","longitude":"14.472","feature_class":"P","feature_code":"PPLA","country_code":"MT","cc2":"","admin1_code":"43","admin2_code":"","admin3_code":"","admin4_code":"","population":"18230","elevation":"","dem":"41","timezone":"Europe/Malta","modification_date":"2013-07-03"},{"geonameid":"2562655","name":"Qala","asciiname":"Qala","alternatenames":["Casal Qala","Il-Qala","Kala","Qala"],"latitude":"36.03611","longitude":"14.30944","feature_class":"P","feature_code":"PPL","country_code":"MT","cc2":"","admin1_code":"42","admin2_code":"","admin3_code":"","admin4_code":"","population":"1534","elevation":"","dem":"112","timezone":"Europe/Malta","modification_date":"2014-07-24"},{"geonameid":"2562664","name":"Pietà","asciiname":"Pieta","alternatenames":["Pieta","Pietà","Tal-Pieta","Tal-Pietà"],"latitude":"35.89472","longitude":"14.495","feature_class":"P","feature_code":"PPLA","country_code":"MT","cc2":"","admin1_code":"41","admin2_code":"","admin3_code":"","admin4_code":"","population":"3846","elevation":"","dem":"30","timezone":"Europe/Malta","modification_date":"2013-08-05"},{"geonameid":"2562683","name":"Naxxar","asciiname":"Naxxar","alternatenames":["In-Naxxar","Nasciar","Nashar","Naxaro","Naxxar"],"latitude":"35.91361","longitude":"14.44361","feature_class":"P","feature_code":"PPLA","country_code":"MT","cc2":"","admin1_code":"38","admin2_code":"","admin3_code":"","admin4_code":"","population":"10378","elevation":"","dem":"121","timezone":"Europe/Malta","modification_date":"2012-07-04"},{"geonameid":"2562687","name":"Nadur","asciiname":"Nadur","alternatenames":["In-Nadur","Nadur"],"latitude":"36.03778","longitude":"14.29417","feature_class":"P","feature_code":"PPLA","country_code":"MT","cc2":"","admin1_code":"37","admin2_code":"","admin3_code":"","admin4_code":"","population":"3933","elevation":"","dem":"161","timezone":"Europe/Malta","modification_date":"2012-07-04"},{"geonameid":"2562693","name":"Munxar","asciiname":"Munxar","alternatenames":["Monsciar","Munshar","Munxar"],"latitude":"36.03","longitude":"14.23333","feature_class":"P","feature_code":"PPLA","country_code":"MT","cc2":"","admin1_code":"36","admin2_code":"","admin3_code":"","admin4_code":"","population":"840","elevation":"","dem":"80","timezone":"Europe/Malta","modification_date":"2012-07-04"},{"geonameid":"2562694","name":"Imtarfa","asciiname":"Imtarfa","alternatenames":["Imtarfa","Imtarfa Barracks","L-Imtarfa","Mtarfa"],"latitude":"35.89333","longitude":"14.39889","feature_class":"P","feature_code":"PPLA","country_code":"MT","cc2":"","admin1_code":"24","admin2_code":"","admin3_code":"","admin4_code":"","population":"2430","elevation":"","dem":"195","timezone":"Europe/Malta","modification_date":"2013-08-05"},{"geonameid":"2562698","name":"Imsida","asciiname":"Imsida","alternatenames":["Imsida","L-Imsida","Misida","Msida","Мсида"],"latitude":"35.8925","longitude":"14.48278","feature_class":"P","feature_code":"PPLA","country_code":"MT","cc2":"","admin1_code":"23","admin2_code":"","admin3_code":"","admin4_code":"","population":"6920","elevation":"","dem":"39","timezone":"Europe/Malta","modification_date":"2012-07-04"},{"geonameid":"2562701","name":"Mqabba","asciiname":"Mqabba","alternatenames":["Casal Micabiba","Imkabba","L-Imqabba","Micabba"],"latitude":"35.84763","longitude":"14.46824","feature_class":"P","feature_code":"PPLA","country_code":"MT","cc2":"","admin1_code":"22","admin2_code":"","admin3_code":"","admin4_code":"","population":"2891","elevation":"","dem":"95","timezone":"Europe/Malta","modification_date":"2013-07-10"},{"geonameid":"2562704","name":"Mosta","asciiname":"Mosta","alternatenames":["Il-Mosta","Masta","Mosta","Musta","Моста"],"latitude":"35.90917","longitude":"14.42556","feature_class":"P","feature_code":"PPLA","country_code":"MT","cc2":"","admin1_code":"35","admin2_code":"","admin3_code":"","admin4_code":"","population":"17789","elevation":"","dem":"80","timezone":"Europe/Malta","modification_date":"2012-07-04"},{"geonameid":"2562734","name":"Mġarr","asciiname":"Mgarr","alternatenames":["Imjar","L-Imgarr","L-Imġarr","Mgarr","Mġarr"],"latitude":"36.02528","longitude":"14.295","feature_class":"P","feature_code":"PPL","country_code":"MT","cc2":"","admin1_code":"11","admin2_code":"","admin3_code":"","admin4_code":"","population":"2868","elevation":"","dem":"38","timezone":"Europe/Malta","modification_date":"2012-07-04"},{"geonameid":"2562735","name":"Imġarr","asciiname":"Imgarr","alternatenames":["Imgarr","Imgiar","Imjar","Imġarr","L-Mgarr","L-Mġarr","Mgar","Mgarr","Mġarr","Мгар"],"latitude":"35.92056","longitude":"14.36639","feature_class":"P","feature_code":"PPLA","country_code":"MT","cc2":"","admin1_code":"21","admin2_code":"","admin3_code":"","admin4_code":"","population":"3000","elevation":"","dem":"110","timezone":"Europe/Malta","modification_date":"2012-07-04"},{"geonameid":"2562744","name":"Mellieħa","asciiname":"Mellieha","alternatenames":["Il-Mellieha","Il-Mellieħa","Mellieha","Mellieħa","Mellikha","Меллиха"],"latitude":"35.95639","longitude":"14.36222","feature_class":"P","feature_code":"PPLA","country_code":"MT","cc2":"","admin1_code":"34","admin2_code":"","admin3_code":"","admin4_code":"","population":"5976","elevation":"","dem":"121","timezone":"Europe/Malta","modification_date":"2012-07-04"},{"geonameid":"2562746","name":"Imdina","asciiname":"Imdina","alternatenames":["Citta Notabile","Citta Vecchia","Citta Vechia","Città Notabile","Imdina","L-Imdina","Mdina","Mdina a Rabat","Medina Notabile","Melita","Notabile","Мдина"],"latitude":"35.88694","longitude":"14.4025","feature_class":"P","feature_code":"PPLA","country_code":"MT","cc2":"","admin1_code":"20","admin2_code":"","admin3_code":"","admin4_code":"","population":"360","elevation":"","dem":"198","timezone":"Europe/Malta","modification_date":"2012-07-04"},{"geonameid":"2562750","name":"Marsaskala","asciiname":"Marsaskala","alternatenames":["M'Skala","Marsa Scala","Marsascala","Marsaskala","Wied il Ghain","Wied il-Ghajn","Wied il-Għajn","Марсаскала"],"latitude":"35.8622","longitude":"14.56701","feature_class":"P","feature_code":"PPLA","country_code":"MT","cc2":"","admin1_code":"32","admin2_code":"","admin3_code":"","admin4_code":"","population":"10024","elevation":"","dem":"30","timezone":"Europe/Malta","modification_date":"2013-10-26"},{"geonameid":"2562755","name":"Marsa","asciiname":"Marsa","alternatenames":["Il-Marsa","Marsa"],"latitude":"35.87917","longitude":"14.49528","feature_class":"P","feature_code":"PPLA","country_code":"MT","cc2":"","admin1_code":"31","admin2_code":"","admin3_code":"","admin4_code":"","population":"5116","elevation":"","dem":"8","timezone":"Europe/Malta","modification_date":"2012-07-04"},{"geonameid":"2562788","name":"Luqa","asciiname":"Luqa","alternatenames":["Casal Luca","Hal Luqa","Luca","Luqa","MLA","Ħal Luqa"],"latitude":"35.85889","longitude":"14.48861","feature_class":"P","feature_code":"PPLA","country_code":"MT","cc2":"","admin1_code":"30","admin2_code":"","admin3_code":"","admin4_code":"","population":"5053","elevation":"","dem":"79","timezone":"Europe/Malta","modification_date":"2013-12-25"},{"geonameid":"2562792","name":"Senglea","asciiname":"Senglea","alternatenames":["Isla","L-Isla","Senglea","Исла","Сенглеа"],"latitude":"35.8875","longitude":"14.51694","feature_class":"P","feature_code":"PPLA","country_code":"MT","cc2":"","admin1_code":"25","admin2_code":"","admin3_code":"","admin4_code":"","population":"2964","elevation":"","dem":"18","timezone":"Europe/Malta","modification_date":"2012-07-04"},{"geonameid":"2562800","name":"L-Iklin","asciiname":"L-Iklin","alternatenames":["Iklin","L'Inglin","L-Iclin"],"latitude":"35.90414","longitude":"14.45415","feature_class":"P","feature_code":"PPLA","country_code":"MT","cc2":"","admin1_code":"19","admin2_code":"","admin3_code":"","admin4_code":"","population":"3360","elevation":"","dem":"62","timezone":"Europe/Malta","modification_date":"2013-07-23"},{"geonameid":"2562801","name":"Lija","asciiname":"Lija","alternatenames":["Casal Lia","Hal Lija","Lia","Lija","Ħal Lija"],"latitude":"35.90056","longitude":"14.44639","feature_class":"P","feature_code":"PPLA","country_code":"MT","cc2":"","admin1_code":"29","admin2_code":"","admin3_code":"","admin4_code":"","population":"2471","elevation":"","dem":"69","timezone":"Europe/Malta","modification_date":"2012-07-04"},{"geonameid":"2562815","name":"Kirkop","asciiname":"Kirkop","alternatenames":["Casal Chircop","Hal-Kirkop","Kirkop","Ħal-Kirkop"],"latitude":"35.84222","longitude":"14.48528","feature_class":"P","feature_code":"PPLA","country_code":"MT","cc2":"","admin1_code":"28","admin2_code":"","admin3_code":"","admin4_code":"","population":"2137","elevation":"","dem":"82","timezone":"Europe/Malta","modification_date":"2012-07-04"},{"geonameid":"2562816","name":"Kerċem","asciiname":"Kercem","alternatenames":["Kercem","Kerchem","Kerċem"],"latitude":"36.04194","longitude":"14.22667","feature_class":"P","feature_code":"PPLA","country_code":"MT","cc2":"","admin1_code":"27","admin2_code":"","admin3_code":"","admin4_code":"","population":"1627","elevation":"","dem":"111","timezone":"Europe/Malta","modification_date":"2012-07-04"},{"geonameid":"2562830","name":"Kalkara","asciiname":"Kalkara","alternatenames":["Calcara","Il-Kalkara","Kalkara"],"latitude":"35.88917","longitude":"14.53278","feature_class":"P","feature_code":"PPLA","country_code":"MT","cc2":"","admin1_code":"26","admin2_code":"","admin3_code":"","admin4_code":"","population":"2982","elevation":"","dem":"34","timezone":"Europe/Malta","modification_date":"2012-07-04"},{"geonameid":"2562850","name":"Swieqi","asciiname":"Swieqi","alternatenames":["Is Suieki","Is-Swieki","Is-Swieqi","Swieqi"],"latitude":"35.9225","longitude":"14.48","feature_class":"P","feature_code":"PPLA","country_code":"MT","cc2":"","admin1_code":"57","admin2_code":"","admin3_code":"","admin4_code":"","population":"5973","elevation":"","dem":"46","timezone":"Europe/Malta","modification_date":"2012-07-04"},{"geonameid":"2562946","name":"Gżira","asciiname":"Gzira","alternatenames":["Gzira","Gżira","Il-Gzira","Il-Gżira","Гзира"],"latitude":"35.90583","longitude":"14.48806","feature_class":"P","feature_code":"PPLA","country_code":"MT","cc2":"","admin1_code":"17","admin2_code":"","admin3_code":"","admin4_code":"","population":"7513","elevation":"","dem":"31","timezone":"Europe/Malta","modification_date":"2012-07-04"},{"geonameid":"2562955","name":"Floriana","asciiname":"Floriana","alternatenames":["Floriana","Il-Furjana","Флориана"],"latitude":"35.89583","longitude":"14.50833","feature_class":"P","feature_code":"PPLA","country_code":"MT","cc2":"","admin1_code":"09","admin2_code":"","admin3_code":"","admin4_code":"","population":"2516","elevation":"","dem":"47","timezone":"Europe/Malta","modification_date":"2012-07-04"},{"geonameid":"2562966","name":"Vittoriosa","asciiname":"Vittoriosa","alternatenames":["Birgu","Il-Birgu","Vittoriosa","Vittorioza","Биргу","Витториоза"],"latitude":"35.89222","longitude":"14.51833","feature_class":"P","feature_code":"PPLA","country_code":"MT","cc2":"","admin1_code":"03","admin2_code":"","admin3_code":"","admin4_code":"","population":"2936","elevation":"","dem":"-9999","timezone":"Europe/Malta","modification_date":"2012-07-04"},{"geonameid":"2562998","name":"Ħamrun","asciiname":"Hamrun","alternatenames":["Ham Rum","Hamrun","Il-Hamrun","Ħamrun"],"latitude":"35.88472","longitude":"14.48444","feature_class":"P","feature_code":"PPLA","country_code":"MT","cc2":"","admin1_code":"18","admin2_code":"","admin3_code":"","admin4_code":"","population":"10680","elevation":"","dem":"44","timezone":"Europe/Malta","modification_date":"2013-07-23"},{"geonameid":"2563020","name":"Gudja","asciiname":"Gudja","alternatenames":["Gudia","Gudja","Il-Gudja"],"latitude":"35.84917","longitude":"14.50306","feature_class":"P","feature_code":"PPLA","country_code":"MT","cc2":"","admin1_code":"16","admin2_code":"","admin3_code":"","admin4_code":"","population":"3023","elevation":"","dem":"79","timezone":"Europe/Malta","modification_date":"2012-07-04"},{"geonameid":"2563046","name":"Għaxaq","asciiname":"Ghaxaq","alternatenames":["Ashiak","Axiak","Casal Asciak","Ghashiak","Ghaxaq","Għaxaq","Hal Ghaxaq","Hal Ghaxiak","Ħal Għaxaq"],"latitude":"35.84889","longitude":"14.51667","feature_class":"P","feature_code":"PPLA","country_code":"MT","cc2":"","admin1_code":"15","admin2_code":"","admin3_code":"","admin4_code":"","population":"4375","elevation":"","dem":"73","timezone":"Europe/Malta","modification_date":"2012-07-04"},{"geonameid":"2563062","name":"Hal Gharghur","asciiname":"Hal Gharghur","alternatenames":["Gargur","Gharghur","Għargħur"],"latitude":"35.92409","longitude":"14.45118","feature_class":"P","feature_code":"PPLA","country_code":"MT","cc2":"","admin1_code":"13","admin2_code":"","admin3_code":"","admin4_code":"","population":"2025","elevation":"","dem":"132","timezone":"Europe/Malta","modification_date":"2014-09-13"},{"geonameid":"2563063","name":"Għarb","asciiname":"Gharb","alternatenames":["Gharb","Għarb","Il-Gharb","Il-Għarb"],"latitude":"36.06","longitude":"14.20889","feature_class":"P","feature_code":"PPLA","country_code":"MT","cc2":"","admin1_code":"12","admin2_code":"","admin3_code":"","admin4_code":"","population":"971","elevation":"","dem":"121","timezone":"Europe/Malta","modification_date":"2012-07-04"},{"geonameid":"2563081","name":"Għajnsielem","asciiname":"Ghajnsielem","alternatenames":["Ainsielem","Ghain Sielem","Ghajnsielem","Għajnsielem"],"latitude":"36.02639","longitude":"14.285","feature_class":"P","feature_code":"PPLA","country_code":"MT","cc2":"","admin1_code":"11","admin2_code":"","admin3_code":"","admin4_code":"","population":"3260","elevation":"","dem":"78","timezone":"Europe/Malta","modification_date":"2013-08-05"},{"geonameid":"2563115","name":"Fgura","asciiname":"Fgura","alternatenames":["Fgura","Il-Fgura","Kunsill Lokali Fgura","Фгура"],"latitude":"35.87028","longitude":"14.51333","feature_class":"P","feature_code":"PPLQ","country_code":"MT","cc2":"","admin1_code":"08","admin2_code":"","admin3_code":"","admin4_code":"","population":"11676","elevation":"","dem":"64","timezone":"Europe/Malta","modification_date":"2013-08-18"},{"geonameid":"2563140","name":"Dingli","asciiname":"Dingli","alternatenames":["Casal Dingli","Dingli","Had-Dingli","Ħad-Dingli"],"latitude":"35.86139","longitude":"14.38222","feature_class":"P","feature_code":"PPLA","country_code":"MT","cc2":"","admin1_code":"07","admin2_code":"","admin3_code":"","admin4_code":"","population":"3009","elevation":"","dem":"231","timezone":"Europe/Malta","modification_date":"2012-07-04"},{"geonameid":"2563181","name":"Cospicua","asciiname":"Cospicua","alternatenames":["Bormla","Cospicua","Cospiosa"],"latitude":"35.88556","longitude":"14.5275","feature_class":"P","feature_code":"PPLA","country_code":"MT","cc2":"","admin1_code":"06","admin2_code":"","admin3_code":"","admin4_code":"","population":"6096","elevation":"","dem":"39","timezone":"Europe/Malta","modification_date":"2012-07-04"},{"geonameid":"2563189","name":"Birżebbuġa","asciiname":"Birzebbuga","alternatenames":["B'Buga","B'Bugia","Birzbbu","Birzebbu","Birzebbudzha","Birzebbuga","Birzebbugia","Birzebuggia","Birżebbuġa","B’Bugia","B’Buġa","bi er ze bu jia","Бирзеббуджа","比尔泽布贾"],"latitude":"35.82583","longitude":"14.52694","feature_class":"P","feature_code":"PPLA","country_code":"MT","cc2":"","admin1_code":"05","admin2_code":"","admin3_code":"","admin4_code":"","population":"8668","elevation":"","dem":"20","timezone":"Europe/Malta","modification_date":"2012-07-04"},{"geonameid":"2563191","name":"Birkirkara","asciiname":"Birkirkara","alternatenames":["B'Kara","Birchircara","Birkirkara","B’Kara","Casal Birchircara","byrqyrqrh","Биркиркара","בירקירקרה","ቢርኪርካራ"],"latitude":"35.89722","longitude":"14.46111","feature_class":"P","feature_code":"PPLA","country_code":"MT","cc2":"","admin1_code":"04","admin2_code":"","admin3_code":"","admin4_code":"","population":"21676","elevation":"","dem":"41","timezone":"Europe/Malta","modification_date":"2012-07-04"},{"geonameid":"2563217","name":"Balzan","asciiname":"Balzan","alternatenames":["Balzan","Casal Balzan","Hal Balzan","Ħal Balzan"],"latitude":"35.90028","longitude":"14.455","feature_class":"P","feature_code":"PPLA","country_code":"MT","cc2":"","admin1_code":"02","admin2_code":"","admin3_code":"","admin4_code":"","population":"3240","elevation":"","dem":"51","timezone":"Europe/Malta","modification_date":"2012-07-04"},{"geonameid":"2563232","name":"Attard","asciiname":"Attard","alternatenames":["Attard","Casal Attard","H'Attard","Ħ’Attard","Аттард"],"latitude":"35.88972","longitude":"14.4425","feature_class":"P","feature_code":"PPLA","country_code":"MT","cc2":"","admin1_code":"01","admin2_code":"","admin3_code":"","admin4_code":"","population":"9510","elevation":"","dem":"69","timezone":"Europe/Malta","modification_date":"2012-07-04"},{"geonameid":"2567539","name":"Saint John","asciiname":"Saint John","alternatenames":["Saint John","San Gwann","San Ġwann"],"latitude":"35.90556","longitude":"14.47611","feature_class":"P","feature_code":"PPLA","country_code":"MT","cc2":"","admin1_code":"48","admin2_code":"","admin3_code":"","admin4_code":"","population":"12346","elevation":"","dem":"67","timezone":"Europe/Malta","modification_date":"2012-07-04"},{"geonameid":"8337342","name":"Fontana","asciiname":"Fontana","alternatenames":["Fontana"],"latitude":"36.0375","longitude":"14.23611","feature_class":"P","feature_code":"PPLA","country_code":"MT","cc2":"","admin1_code":"10","admin2_code":"","admin3_code":"","admin4_code":"","population":"1011","elevation":"","dem":"71","timezone":"Europe/Malta","modification_date":"2013-08-05"},{"geonameid":"8337353","name":"Pembroke","asciiname":"Pembroke","alternatenames":["Pembroke"],"latitude":"35.93056","longitude":"14.47639","feature_class":"P","feature_code":"PPLA","country_code":"MT","cc2":"","admin1_code":"40","admin2_code":"","admin3_code":"","admin4_code":"","population":"3038","elevation":"","dem":"41","timezone":"Europe/Malta","modification_date":"2013-08-05"},{"geonameid":"2562247","name":"Marsaxlokk","asciiname":"Marsaxlokk","alternatenames":["M'Xloxx","Marsa Scirocco","Marsa Shlok","Marsashlokk","Marsaxlok","Marsaxlokk","M’Xloxx","Марсашлокк"],"latitude":"35.84194","longitude":"14.54306","feature_class":"P","feature_code":"PPLA","country_code":"MT","cc2":"","admin1_code":"33","admin2_code":"","admin3_code":"","admin4_code":"","population":"3026","elevation":"","dem":"17","timezone":"Europe/Malta","modification_date":"2012-07-04"},{"geonameid":"2562250","name":"Żurrieq","asciiname":"Zurrieq","alternatenames":["Casal Zurrico","Iz-Zurrieq","Iż-Żurrieq","Zurrico","Zurriek","Zurrieq","Żurrieq"],"latitude":"35.83111","longitude":"14.47417","feature_class":"P","feature_code":"PPLA","country_code":"MT","cc2":"","admin1_code":"68","admin2_code":"","admin3_code":"","admin4_code":"","population":"9149","elevation":"","dem":"111","timezone":"Europe/Malta","modification_date":"2012-07-04"},{"geonameid":"2562258","name":"Żejtun","asciiname":"Zejtun","alternatenames":["Casal Zeitun","Iz Zeitun","Iz-Zejtun","Iż-Żejtun","Zeitun","Zeitunas","Zeitūnas","Zejtun","zi dun","zytwn  malt","Żejtun","Зейтун","Зејтун","زیتون، مالت","زەیتوون، ماڵتا","榟橔"],"latitude":"35.85583","longitude":"14.53306","feature_class":"P","feature_code":"PPLA","country_code":"MT","cc2":"","admin1_code":"67","admin2_code":"","admin3_code":"","admin4_code":"","population":"11549","elevation":"","dem":"56","timezone":"Europe/Malta","modification_date":"2012-07-04"},{"geonameid":"2562260","name":"Żebbuġ","asciiname":"Zebbug","alternatenames":["Iz-Zebbug","Iz-Zebbug (Gozo)","Iż-Żebbuġ","Iż-Żebbuġ (Gozo)","Zebbug","Zebbug (Gozo)","Zebbuj","Żebbuġ","Żebbuġ (Gozo)"],"latitude":"36.07222","longitude":"14.23583","feature_class":"P","feature_code":"PPLA","country_code":"MT","cc2":"","admin1_code":"66","admin2_code":"","admin3_code":"","admin4_code":"","population":"1770","elevation":"","dem":"138","timezone":"Europe/Malta","modification_date":"2013-08-05"},{"geonameid":"2562261","name":"Haz-Zebbug","asciiname":"Haz-Zebbug","alternatenames":["Haz-Zebbug","Lebbug","Zebbudzh","Zebbuj","Зеббудж"],"latitude":"35.87194","longitude":"14.44111","feature_class":"P","feature_code":"PPLA","country_code":"MT","cc2":"","admin1_code":"65","admin2_code":"","admin3_code":"","admin4_code":"","population":"11063","elevation":"","dem":"100","timezone":"Europe/Malta","modification_date":"2014-04-28"},{"geonameid":"2562266","name":"Żabbar","asciiname":"Zabbar","alternatenames":["Haz-Zabbar","Haż-Żabbar","Zabbar","Żabbar"],"latitude":"35.87611","longitude":"14.535","feature_class":"P","feature_code":"PPLA","country_code":"MT","cc2":"","admin1_code":"64","admin2_code":"","admin3_code":"","admin4_code":"","population":"15030","elevation":"","dem":"47","timezone":"Europe/Malta","modification_date":"2012-07-04"},{"geonameid":"2562273","name":"Xgħajra","asciiname":"Xghajra","alternatenames":["Ix-Xghara","Ix-Xgħara","Sh'ayra","Shghaira","Sh’ayra","Xghaira","Xghajra","Xgħajra"],"latitude":"35.88556","longitude":"14.5475","feature_class":"P","feature_code":"PPLA","country_code":"MT","cc2":"","admin1_code":"63","admin2_code":"","admin3_code":"","admin4_code":"","population":"837","elevation":"","dem":"31","timezone":"Europe/Malta","modification_date":"2012-07-04"},{"geonameid":"2562274","name":"Xewkija","asciiname":"Xewkija","alternatenames":["Ix-Xewkija","Showkiya","Xeuchia","Xewkija"],"latitude":"36.03278","longitude":"14.25806","feature_class":"P","feature_code":"PPLA","country_code":"MT","cc2":"","admin1_code":"62","admin2_code":"","admin3_code":"","admin4_code":"","population":"3303","elevation":"","dem":"99","timezone":"Europe/Malta","modification_date":"2012-07-04"},{"geonameid":"2562280","name":"Xagħra","asciiname":"Xaghra","alternatenames":["Caccia","Ix-Xaghra","Kacca","Kacha","Kaċċa","Shaghra","Xaghra","Xagħra"],"latitude":"36.05","longitude":"14.26444","feature_class":"P","feature_code":"PPLA","country_code":"MT","cc2":"","admin1_code":"61","admin2_code":"","admin3_code":"","admin4_code":"","population":"3680","elevation":"","dem":"144","timezone":"Europe/Malta","modification_date":"2012-07-04"},{"geonameid":"2562305","name":"Valletta","asciiname":"Valletta","alternatenames":["A Valeta","A Valletta","Baleta","Baletta","La Valet","La Valeta","La Valeto","La Valetta","La Valette","La Valletta","La Valèt","La Valëtta","La-Valeto","Vaileite","Valeta","Valetta","Valleta","Vallett","Valletta","Vallettae","Waleta","balleta","baretta","bhalletta","falyta","hua lie ta","valaita","valletta","vheleta","wa lai ta","wal let ta","walta","wlth","Ła Vałeta","Βαλέτα","Βαλέττα","Валета","Валлеттæ","Валлетта","Ла Валета","Վալետա","ולטה","فاليتا","والتا","والیٹا","ولیٹا","ڤالێتا","व्हॅलेटा","ভাল্লেত্তা","ਵਲੈਟਾ","வல்லெட்டா","วัลเลตตา","ཝ་ལེ་ཐ།","ვალეტა","ቫሌታ","バレッタ","瓦莱塔","華列他","발레타"],"latitude":"35.89972","longitude":"14.51472","feature_class":"P","feature_code":"PPLC","country_code":"MT","cc2":"","admin1_code":"60","admin2_code":"","admin3_code":"","admin4_code":"","population":"6794","elevation":"","dem":"44","timezone":"Europe/Malta","modification_date":"2014-04-28"},{"geonameid":"2562320","name":"Ta’ Xbiex","asciiname":"Ta' Xbiex","alternatenames":["Ta' Shbiesh","Ta' Xbiex","Ta-Shbish","Tas Biesh","Tasbiesch","Ta’ Shbiesh","Ta’ Xbiex","Та-Шбиш"],"latitude":"35.89917","longitude":"14.49444","feature_class":"P","feature_code":"PPLA","country_code":"MT","cc2":"","admin1_code":"59","admin2_code":"","admin3_code":"","admin4_code":"","population":"1642","elevation":"","dem":"21","timezone":"Europe/Malta","modification_date":"2012-07-04"},{"geonameid":"2562349","name":"Tarxien","asciiname":"Tarxien","alternatenames":["Casal Tarxien","Hal Tarxien","Tarscen","Tarshien","Tarshin","Tarsinas","Tarxien","Taršinas","ta er xin","taleusien","tarshyn","trzyn","Ħal Tarxien","Таршин","Таршіен","تارشین","ترزین","塔爾欣","타르시엔"],"latitude":"35.86583","longitude":"14.515","feature_class":"P","feature_code":"PPLA","country_code":"MT","cc2":"","admin1_code":"58","admin2_code":"","admin3_code":"","admin4_code":"","population":"7761","elevation":"","dem":"62","timezone":"Europe/Malta","modification_date":"2012-07-04"},{"geonameid":"2562501","name":"Sliema","asciiname":"Sliema","alternatenames":["Sliema","Slijema","Slima","Tas-Sliema","seulliema","si li ma","slyma","Слима","Слијема","Сліма","סליאמה","سلیما","斯利馬","슬리에마"],"latitude":"35.9125","longitude":"14.50194","feature_class":"P","feature_code":"PPLA","country_code":"MT","cc2":"","admin1_code":"56","admin2_code":"","admin3_code":"","admin4_code":"","population":"11318","elevation":"","dem":"40","timezone":"Europe/Malta","modification_date":"2012-07-04"},{"geonameid":"2562504","name":"Siġġiewi","asciiname":"Siggiewi","alternatenames":["Is-Siggiewi","Is-Siġġiewi","Siggieui","Siggiewi","Sijuwi","Siġġiewi"],"latitude":"35.85556","longitude":"14.43639","feature_class":"P","feature_code":"PPLA","country_code":"MT","cc2":"","admin1_code":"55","admin2_code":"","admin3_code":"","admin4_code":"","population":"7676","elevation":"","dem":"126","timezone":"Europe/Malta","modification_date":"2012-07-04"},{"geonameid":"2562518","name":"Santa Venera","asciiname":"Santa Venera","alternatenames":["Saint Venera","Santa Venera","Santa Vennera"],"latitude":"35.89083","longitude":"14.47417","feature_class":"P","feature_code":"PPLA","country_code":"MT","cc2":"","admin1_code":"53","admin2_code":"","admin3_code":"","admin4_code":"","population":"6264","elevation":"","dem":"52","timezone":"Europe/Malta","modification_date":"2012-07-04"},{"geonameid":"2562528","name":"Saint Lucia","asciiname":"Saint Lucia","alternatenames":["Saint Lucia","Santa Lucia","Santa Lucija","Santa Luċia","Santa Luċija"],"latitude":"36.04306","longitude":"14.21722","feature_class":"P","feature_code":"PPLA","country_code":"MT","cc2":"","admin1_code":"51","admin2_code":"","admin3_code":"","admin4_code":"","population":"3186","elevation":"","dem":"126","timezone":"Europe/Malta","modification_date":"2013-08-05"},{"geonameid":"2562541","name":"San Pawl il-Baħar","asciiname":"San Pawl il-Bahar","alternatenames":["Baia di San Paolo","Saint Paul's Bay","San Paul Amere","San Paul a Mare","San Paul à Mare"],"latitude":"35.95064","longitude":"14.41561","feature_class":"P","feature_code":"PPLA","country_code":"MT","cc2":"","admin1_code":"52","admin2_code":"","admin3_code":"","admin4_code":"","population":"14057","elevation":"","dem":"22","timezone":"Europe/Malta","modification_date":"2013-07-04"},{"geonameid":"2562545","name":"Sannat","asciiname":"Sannat","alternatenames":["Is-Sannat","Sannat"],"latitude":"36.02444","longitude":"14.24278","feature_class":"P","feature_code":"PPLA","country_code":"MT","cc2":"","admin1_code":"54","admin2_code":"","admin3_code":"","admin4_code":"","population":"1681","elevation":"","dem":"119","timezone":"Europe/Malta","modification_date":"2012-07-04"},{"geonameid":"2562552","name":"San Lawrenz","asciiname":"San Lawrenz","alternatenames":["Saint Lawrence","San Laurenz","San Lawrenz"],"latitude":"36.05556","longitude":"14.20361","feature_class":"P","feature_code":"PPLA","country_code":"MT","cc2":"","admin1_code":"50","admin2_code":"","admin3_code":"","admin4_code":"","population":"530","elevation":"","dem":"131","timezone":"Europe/Malta","modification_date":"2012-07-04"},{"geonameid":"2562557","name":"San Ġiljan","asciiname":"San Giljan","alternatenames":["Saint Julian","Saint Julian's","San Gilian","San Giljan","San Julian","San Julian's","San Julián","San Ġilian","San Ġiljan","Sent-Dzhulians","St. Julian's","Сент-Джулианс"],"latitude":"35.91839","longitude":"14.48977","feature_class":"P","feature_code":"PPLA","country_code":"MT","cc2":"","admin1_code":"49","admin2_code":"","admin3_code":"","admin4_code":"","population":"6799","elevation":"","dem":"19","timezone":"Europe/Malta","modification_date":"2013-07-03"},{"geonameid":"2562598","name":"Safi","asciiname":"Safi","alternatenames":["Casal Safi","Hal Safi","Safi","Ħal Safi"],"latitude":"35.83306","longitude":"14.48472","feature_class":"P","feature_code":"PPLA","country_code":"MT","cc2":"","admin1_code":"47","admin2_code":"","admin3_code":"","admin4_code":"","population":"1863","elevation":"","dem":"106","timezone":"Europe/Malta","modification_date":"2012-07-04"},{"geonameid":"2562617","name":"Paola","asciiname":"Paola","alternatenames":["Casal Paola","Casal Paolo","Casal Paula","Paola","Paula","Pawla","Rahal Gdid","Rahal Jedid","Raħal Ġdid"],"latitude":"35.87306","longitude":"14.49889","feature_class":"P","feature_code":"PPLA","country_code":"MT","cc2":"","admin1_code":"39","admin2_code":"","admin3_code":"","admin4_code":"","population":"9257","elevation":"","dem":"9","timezone":"Europe/Malta","modification_date":"2012-07-04"},{"geonameid":"2562619","name":"Victoria","asciiname":"Victoria","alternatenames":["Rabat","Victoria","Victoria Town","Victòria","Viktorija","Vittoria","wyqtwryh","Виктория","Рабат","ויקטוריה"],"latitude":"36.04444","longitude":"14.23972","feature_class":"P","feature_code":"PPLA","country_code":"MT","cc2":"","admin1_code":"46","admin2_code":"","admin3_code":"","admin4_code":"","population":"6596","elevation":"","dem":"104","timezone":"Europe/Malta","modification_date":"2014-10-26"},{"geonameid":"2562620","name":"Rabat","asciiname":"Rabat","alternatenames":["Ir-Rabat","Ir-Rabt","Rabat","Rabato","Рабат"],"latitude":"35.88152","longitude":"14.39872","feature_class":"P","feature_code":"PPL","country_code":"MT","cc2":"","admin1_code":"45","admin2_code":"","admin3_code":"","admin4_code":"","population":"7064","elevation":"","dem":"205","timezone":"Europe/Malta","modification_date":"2014-10-29"},{"geonameid":"2562622","name":"Qrendi","asciiname":"Qrendi","alternatenames":["Casal Krendi","Il-Qrendi","Krendi","Qrendi"],"latitude":"35.83472","longitude":"14.45833","feature_class":"P","feature_code":"PPLA","country_code":"MT","cc2":"","admin1_code":"44","admin2_code":"","admin3_code":"","admin4_code":"","population":"2493","elevation":"","dem":"110","timezone":"Europe/Malta","modification_date":"2012-07-04"},{"geonameid":"2562629","name":"Qormi","asciiname":"Qormi","alternatenames":["Curmi","Hal Qormi","Kormi","Kormis","ge er mi","kwrmy","Ħal Qormi","Корми","Кормі","قۆرمی","کورمی","戈爾米"],"latitude":"35.87601","longitude":"14.472","feature_class":"P","feature_code":"PPLA","country_code":"MT","cc2":"","admin1_code":"43","admin2_code":"","admin3_code":"","admin4_code":"","population":"18230","elevation":"","dem":"41","timezone":"Europe/Malta","modification_date":"2013-07-03"},{"geonameid":"2562664","name":"Pietà","asciiname":"Pieta","alternatenames":["Pieta","Pietà","Tal-Pieta","Tal-Pietà"],"latitude":"35.89472","longitude":"14.495","feature_class":"P","feature_code":"PPLA","country_code":"MT","cc2":"","admin1_code":"41","admin2_code":"","admin3_code":"","admin4_code":"","population":"3846","elevation":"","dem":"30","timezone":"Europe/Malta","modification_date":"2013-08-05"},{"geonameid":"2562683","name":"Naxxar","asciiname":"Naxxar","alternatenames":["In-Naxxar","Nasciar","Nashar","Naxaro","Naxxar"],"latitude":"35.91361","longitude":"14.44361","feature_class":"P","feature_code":"PPLA","country_code":"MT","cc2":"","admin1_code":"38","admin2_code":"","admin3_code":"","admin4_code":"","population":"10378","elevation":"","dem":"121","timezone":"Europe/Malta","modification_date":"2012-07-04"},{"geonameid":"2562687","name":"Nadur","asciiname":"Nadur","alternatenames":["In-Nadur","Nadur"],"latitude":"36.03778","longitude":"14.29417","feature_class":"P","feature_code":"PPLA","country_code":"MT","cc2":"","admin1_code":"37","admin2_code":"","admin3_code":"","admin4_code":"","population":"3933","elevation":"","dem":"161","timezone":"Europe/Malta","modification_date":"2012-07-04"},{"geonameid":"2562693","name":"Munxar","asciiname":"Munxar","alternatenames":["Monsciar","Munshar","Munxar"],"latitude":"36.03","longitude":"14.23333","feature_class":"P","feature_code":"PPLA","country_code":"MT","cc2":"","admin1_code":"36","admin2_code":"","admin3_code":"","admin4_code":"","population":"840","elevation":"","dem":"80","timezone":"Europe/Malta","modification_date":"2012-07-04"},{"geonameid":"2562694","name":"Imtarfa","asciiname":"Imtarfa","alternatenames":["Imtarfa","Imtarfa Barracks","L-Imtarfa","Mtarfa"],"latitude":"35.89333","longitude":"14.39889","feature_class":"P","feature_code":"PPLA","country_code":"MT","cc2":"","admin1_code":"24","admin2_code":"","admin3_code":"","admin4_code":"","population":"2430","elevation":"","dem":"195","timezone":"Europe/Malta","modification_date":"2013-08-05"},{"geonameid":"2562698","name":"Imsida","asciiname":"Imsida","alternatenames":["Imsida","L-Imsida","Misida","Msida","Мсида"],"latitude":"35.8925","longitude":"14.48278","feature_class":"P","feature_code":"PPLA","country_code":"MT","cc2":"","admin1_code":"23","admin2_code":"","admin3_code":"","admin4_code":"","population":"6920","elevation":"","dem":"39","timezone":"Europe/Malta","modification_date":"2012-07-04"},{"geonameid":"2562701","name":"Mqabba","asciiname":"Mqabba","alternatenames":["Casal Micabiba","Imkabba","L-Imqabba","Micabba"],"latitude":"35.84763","longitude":"14.46824","feature_class":"P","feature_code":"PPLA","country_code":"MT","cc2":"","admin1_code":"22","admin2_code":"","admin3_code":"","admin4_code":"","population":"2891","elevation":"","dem":"95","timezone":"Europe/Malta","modification_date":"2013-07-10"},{"geonameid":"2562704","name":"Mosta","asciiname":"Mosta","alternatenames":["Il-Mosta","Masta","Mosta","Musta","Моста"],"latitude":"35.90917","longitude":"14.42556","feature_class":"P","feature_code":"PPLA","country_code":"MT","cc2":"","admin1_code":"35","admin2_code":"","admin3_code":"","admin4_code":"","population":"17789","elevation":"","dem":"80","timezone":"Europe/Malta","modification_date":"2012-07-04"},{"geonameid":"2562735","name":"Imġarr","asciiname":"Imgarr","alternatenames":["Imgarr","Imgiar","Imjar","Imġarr","L-Mgarr","L-Mġarr","Mgar","Mgarr","Mġarr","Мгар"],"latitude":"35.92056","longitude":"14.36639","feature_class":"P","feature_code":"PPLA","country_code":"MT","cc2":"","admin1_code":"21","admin2_code":"","admin3_code":"","admin4_code":"","population":"3000","elevation":"","dem":"110","timezone":"Europe/Malta","modification_date":"2012-07-04"},{"geonameid":"2562744","name":"Mellieħa","asciiname":"Mellieha","alternatenames":["Il-Mellieha","Il-Mellieħa","Mellieha","Mellieħa","Mellikha","Меллиха"],"latitude":"35.95639","longitude":"14.36222","feature_class":"P","feature_code":"PPLA","country_code":"MT","cc2":"","admin1_code":"34","admin2_code":"","admin3_code":"","admin4_code":"","population":"5976","elevation":"","dem":"121","timezone":"Europe/Malta","modification_date":"2012-07-04"},{"geonameid":"2562746","name":"Imdina","asciiname":"Imdina","alternatenames":["Citta Notabile","Citta Vecchia","Citta Vechia","Città Notabile","Imdina","L-Imdina","Mdina","Mdina a Rabat","Medina Notabile","Melita","Notabile","Мдина"],"latitude":"35.88694","longitude":"14.4025","feature_class":"P","feature_code":"PPLA","country_code":"MT","cc2":"","admin1_code":"20","admin2_code":"","admin3_code":"","admin4_code":"","population":"360","elevation":"","dem":"198","timezone":"Europe/Malta","modification_date":"2012-07-04"},{"geonameid":"2562750","name":"Marsaskala","asciiname":"Marsaskala","alternatenames":["M'Skala","Marsa Scala","Marsascala","Marsaskala","Wied il Ghain","Wied il-Ghajn","Wied il-Għajn","Марсаскала"],"latitude":"35.8622","longitude":"14.56701","feature_class":"P","feature_code":"PPLA","country_code":"MT","cc2":"","admin1_code":"32","admin2_code":"","admin3_code":"","admin4_code":"","population":"10024","elevation":"","dem":"30","timezone":"Europe/Malta","modification_date":"2013-10-26"},{"geonameid":"2562755","name":"Marsa","asciiname":"Marsa","alternatenames":["Il-Marsa","Marsa"],"latitude":"35.87917","longitude":"14.49528","feature_class":"P","feature_code":"PPLA","country_code":"MT","cc2":"","admin1_code":"31","admin2_code":"","admin3_code":"","admin4_code":"","population":"5116","elevation":"","dem":"8","timezone":"Europe/Malta","modification_date":"2012-07-04"},{"geonameid":"2562788","name":"Luqa","asciiname":"Luqa","alternatenames":["Casal Luca","Hal Luqa","Luca","Luqa","MLA","Ħal Luqa"],"latitude":"35.85889","longitude":"14.48861","feature_class":"P","feature_code":"PPLA","country_code":"MT","cc2":"","admin1_code":"30","admin2_code":"","admin3_code":"","admin4_code":"","population":"5053","elevation":"","dem":"79","timezone":"Europe/Malta","modification_date":"2013-12-25"},{"geonameid":"2562792","name":"Senglea","asciiname":"Senglea","alternatenames":["Isla","L-Isla","Senglea","Исла","Сенглеа"],"latitude":"35.8875","longitude":"14.51694","feature_class":"P","feature_code":"PPLA","country_code":"MT","cc2":"","admin1_code":"25","admin2_code":"","admin3_code":"","admin4_code":"","population":"2964","elevation":"","dem":"18","timezone":"Europe/Malta","modification_date":"2012-07-04"},{"geonameid":"2562800","name":"L-Iklin","asciiname":"L-Iklin","alternatenames":["Iklin","L'Inglin","L-Iclin"],"latitude":"35.90414","longitude":"14.45415","feature_class":"P","feature_code":"PPLA","country_code":"MT","cc2":"","admin1_code":"19","admin2_code":"","admin3_code":"","admin4_code":"","population":"3360","elevation":"","dem":"62","timezone":"Europe/Malta","modification_date":"2013-07-23"},{"geonameid":"2562801","name":"Lija","asciiname":"Lija","alternatenames":["Casal Lia","Hal Lija","Lia","Lija","Ħal Lija"],"latitude":"35.90056","longitude":"14.44639","feature_class":"P","feature_code":"PPLA","country_code":"MT","cc2":"","admin1_code":"29","admin2_code":"","admin3_code":"","admin4_code":"","population":"2471","elevation":"","dem":"69","timezone":"Europe/Malta","modification_date":"2012-07-04"},{"geonameid":"2562815","name":"Kirkop","asciiname":"Kirkop","alternatenames":["Casal Chircop","Hal-Kirkop","Kirkop","Ħal-Kirkop"],"latitude":"35.84222","longitude":"14.48528","feature_class":"P","feature_code":"PPLA","country_code":"MT","cc2":"","admin1_code":"28","admin2_code":"","admin3_code":"","admin4_code":"","population":"2137","elevation":"","dem":"82","timezone":"Europe/Malta","modification_date":"2012-07-04"},{"geonameid":"2562816","name":"Kerċem","asciiname":"Kercem","alternatenames":["Kercem","Kerchem","Kerċem"],"latitude":"36.04194","longitude":"14.22667","feature_class":"P","feature_code":"PPLA","country_code":"MT","cc2":"","admin1_code":"27","admin2_code":"","admin3_code":"","admin4_code":"","population":"1627","elevation":"","dem":"111","timezone":"Europe/Malta","modification_date":"2012-07-04"},{"geonameid":"2562830","name":"Kalkara","asciiname":"Kalkara","alternatenames":["Calcara","Il-Kalkara","Kalkara"],"latitude":"35.88917","longitude":"14.53278","feature_class":"P","feature_code":"PPLA","country_code":"MT","cc2":"","admin1_code":"26","admin2_code":"","admin3_code":"","admin4_code":"","population":"2982","elevation":"","dem":"34","timezone":"Europe/Malta","modification_date":"2012-07-04"},{"geonameid":"2562850","name":"Swieqi","asciiname":"Swieqi","alternatenames":["Is Suieki","Is-Swieki","Is-Swieqi","Swieqi"],"latitude":"35.9225","longitude":"14.48","feature_class":"P","feature_code":"PPLA","country_code":"MT","cc2":"","admin1_code":"57","admin2_code":"","admin3_code":"","admin4_code":"","population":"5973","elevation":"","dem":"46","timezone":"Europe/Malta","modification_date":"2012-07-04"},{"geonameid":"2562946","name":"Gżira","asciiname":"Gzira","alternatenames":["Gzira","Gżira","Il-Gzira","Il-Gżira","Гзира"],"latitude":"35.90583","longitude":"14.48806","feature_class":"P","feature_code":"PPLA","country_code":"MT","cc2":"","admin1_code":"17","admin2_code":"","admin3_code":"","admin4_code":"","population":"7513","elevation":"","dem":"31","timezone":"Europe/Malta","modification_date":"2012-07-04"},{"geonameid":"2562955","name":"Floriana","asciiname":"Floriana","alternatenames":["Floriana","Il-Furjana","Флориана"],"latitude":"35.89583","longitude":"14.50833","feature_class":"P","feature_code":"PPLA","country_code":"MT","cc2":"","admin1_code":"09","admin2_code":"","admin3_code":"","admin4_code":"","population":"2516","elevation":"","dem":"47","timezone":"Europe/Malta","modification_date":"2012-07-04"},{"geonameid":"2562966","name":"Vittoriosa","asciiname":"Vittoriosa","alternatenames":["Birgu","Il-Birgu","Vittoriosa","Vittorioza","Биргу","Витториоза"],"latitude":"35.89222","longitude":"14.51833","feature_class":"P","feature_code":"PPLA","country_code":"MT","cc2":"","admin1_code":"03","admin2_code":"","admin3_code":"","admin4_code":"","population":"2936","elevation":"","dem":"-9999","timezone":"Europe/Malta","modification_date":"2012-07-04"},{"geonameid":"2562998","name":"Ħamrun","asciiname":"Hamrun","alternatenames":["Ham Rum","Hamrun","Il-Hamrun","Ħamrun"],"latitude":"35.88472","longitude":"14.48444","feature_class":"P","feature_code":"PPLA","country_code":"MT","cc2":"","admin1_code":"18","admin2_code":"","admin3_code":"","admin4_code":"","population":"10680","elevation":"","dem":"44","timezone":"Europe/Malta","modification_date":"2013-07-23"},{"geonameid":"2563020","name":"Gudja","asciiname":"Gudja","alternatenames":["Gudia","Gudja","Il-Gudja"],"latitude":"35.84917","longitude":"14.50306","feature_class":"P","feature_code":"PPLA","country_code":"MT","cc2":"","admin1_code":"16","admin2_code":"","admin3_code":"","admin4_code":"","population":"3023","elevation":"","dem":"79","timezone":"Europe/Malta","modification_date":"2012-07-04"},{"geonameid":"2563046","name":"Għaxaq","asciiname":"Ghaxaq","alternatenames":["Ashiak","Axiak","Casal Asciak","Ghashiak","Ghaxaq","Għaxaq","Hal Ghaxaq","Hal Ghaxiak","Ħal Għaxaq"],"latitude":"35.84889","longitude":"14.51667","feature_class":"P","feature_code":"PPLA","country_code":"MT","cc2":"","admin1_code":"15","admin2_code":"","admin3_code":"","admin4_code":"","population":"4375","elevation":"","dem":"73","timezone":"Europe/Malta","modification_date":"2012-07-04"},{"geonameid":"2563062","name":"Hal Gharghur","asciiname":"Hal Gharghur","alternatenames":["Gargur","Gharghur","Għargħur"],"latitude":"35.92409","longitude":"14.45118","feature_class":"P","feature_code":"PPLA","country_code":"MT","cc2":"","admin1_code":"13","admin2_code":"","admin3_code":"","admin4_code":"","population":"2025","elevation":"","dem":"132","timezone":"Europe/Malta","modification_date":"2014-09-13"},{"geonameid":"2563063","name":"Għarb","asciiname":"Gharb","alternatenames":["Gharb","Għarb","Il-Gharb","Il-Għarb"],"latitude":"36.06","longitude":"14.20889","feature_class":"P","feature_code":"PPLA","country_code":"MT","cc2":"","admin1_code":"12","admin2_code":"","admin3_code":"","admin4_code":"","population":"971","elevation":"","dem":"121","timezone":"Europe/Malta","modification_date":"2012-07-04"},{"geonameid":"2563081","name":"Għajnsielem","asciiname":"Ghajnsielem","alternatenames":["Ainsielem","Ghain Sielem","Ghajnsielem","Għajnsielem"],"latitude":"36.02639","longitude":"14.285","feature_class":"P","feature_code":"PPLA","country_code":"MT","cc2":"","admin1_code":"11","admin2_code":"","admin3_code":"","admin4_code":"","population":"3260","elevation":"","dem":"78","timezone":"Europe/Malta","modification_date":"2013-08-05"},{"geonameid":"2563115","name":"Fgura","asciiname":"Fgura","alternatenames":["Fgura","Il-Fgura","Kunsill Lokali Fgura","Фгура"],"latitude":"35.87028","longitude":"14.51333","feature_class":"P","feature_code":"PPLQ","country_code":"MT","cc2":"","admin1_code":"08","admin2_code":"","admin3_code":"","admin4_code":"","population":"11676","elevation":"","dem":"64","timezone":"Europe/Malta","modification_date":"2013-08-18"},{"geonameid":"2563140","name":"Dingli","asciiname":"Dingli","alternatenames":["Casal Dingli","Dingli","Had-Dingli","Ħad-Dingli"],"latitude":"35.86139","longitude":"14.38222","feature_class":"P","feature_code":"PPLA","country_code":"MT","cc2":"","admin1_code":"07","admin2_code":"","admin3_code":"","admin4_code":"","population":"3009","elevation":"","dem":"231","timezone":"Europe/Malta","modification_date":"2012-07-04"},{"geonameid":"2563181","name":"Cospicua","asciiname":"Cospicua","alternatenames":["Bormla","Cospicua","Cospiosa"],"latitude":"35.88556","longitude":"14.5275","feature_class":"P","feature_code":"PPLA","country_code":"MT","cc2":"","admin1_code":"06","admin2_code":"","admin3_code":"","admin4_code":"","population":"6096","elevation":"","dem":"39","timezone":"Europe/Malta","modification_date":"2012-07-04"},{"geonameid":"2563189","name":"Birżebbuġa","asciiname":"Birzebbuga","alternatenames":["B'Buga","B'Bugia","Birzbbu","Birzebbu","Birzebbudzha","Birzebbuga","Birzebbugia","Birzebuggia","Birżebbuġa","B’Bugia","B’Buġa","bi er ze bu jia","Бирзеббуджа","比尔泽布贾"],"latitude":"35.82583","longitude":"14.52694","feature_class":"P","feature_code":"PPLA","country_code":"MT","cc2":"","admin1_code":"05","admin2_code":"","admin3_code":"","admin4_code":"","population":"8668","elevation":"","dem":"20","timezone":"Europe/Malta","modification_date":"2012-07-04"},{"geonameid":"2563191","name":"Birkirkara","asciiname":"Birkirkara","alternatenames":["B'Kara","Birchircara","Birkirkara","B’Kara","Casal Birchircara","byrqyrqrh","Биркиркара","בירקירקרה","ቢርኪርካራ"],"latitude":"35.89722","longitude":"14.46111","feature_class":"P","feature_code":"PPLA","country_code":"MT","cc2":"","admin1_code":"04","admin2_code":"","admin3_code":"","admin4_code":"","population":"21676","elevation":"","dem":"41","timezone":"Europe/Malta","modification_date":"2012-07-04"},{"geonameid":"2563217","name":"Balzan","asciiname":"Balzan","alternatenames":["Balzan","Casal Balzan","Hal Balzan","Ħal Balzan"],"latitude":"35.90028","longitude":"14.455","feature_class":"P","feature_code":"PPLA","country_code":"MT","cc2":"","admin1_code":"02","admin2_code":"","admin3_code":"","admin4_code":"","population":"3240","elevation":"","dem":"51","timezone":"Europe/Malta","modification_date":"2012-07-04"},{"geonameid":"2563232","name":"Attard","asciiname":"Attard","alternatenames":["Attard","Casal Attard","H'Attard","Ħ’Attard","Аттард"],"latitude":"35.88972","longitude":"14.4425","feature_class":"P","feature_code":"PPLA","country_code":"MT","cc2":"","admin1_code":"01","admin2_code":"","admin3_code":"","admin4_code":"","population":"9510","elevation":"","dem":"69","timezone":"Europe/Malta","modification_date":"2012-07-04"},{"geonameid":"2567539","name":"Saint John","asciiname":"Saint John","alternatenames":["Saint John","San Gwann","San Ġwann"],"latitude":"35.90556","longitude":"14.47611","feature_class":"P","feature_code":"PPLA","country_code":"MT","cc2":"","admin1_code":"48","admin2_code":"","admin3_code":"","admin4_code":"","population":"12346","elevation":"","dem":"67","timezone":"Europe/Malta","modification_date":"2012-07-04"},{"geonameid":"8337342","name":"Fontana","asciiname":"Fontana","alternatenames":["Fontana"],"latitude":"36.0375","longitude":"14.23611","feature_class":"P","feature_code":"PPLA","country_code":"MT","cc2":"","admin1_code":"10","admin2_code":"","admin3_code":"","admin4_code":"","population":"1011","elevation":"","dem":"71","timezone":"Europe/Malta","modification_date":"2013-08-05"},{"geonameid":"8337353","name":"Pembroke","asciiname":"Pembroke","alternatenames":["Pembroke"],"latitude":"35.93056","longitude":"14.47639","feature_class":"P","feature_code":"PPLA","country_code":"MT","cc2":"","admin1_code":"40","admin2_code":"","admin3_code":"","admin4_code":"","population":"3038","elevation":"","dem":"41","timezone":"Europe/Malta","modification_date":"2013-08-05"},{"geonameid":"2562266","name":"Żabbar","asciiname":"Zabbar","alternatenames":["Haz-Zabbar","Haż-Żabbar","Zabbar","Żabbar"],"latitude":"35.87611","longitude":"14.535","feature_class":"P","feature_code":"PPLA","country_code":"MT","cc2":"","admin1_code":"64","admin2_code":"","admin3_code":"","admin4_code":"","population":"15030","elevation":"","dem":"47","timezone":"Europe/Malta","modification_date":"2012-07-04"},{"geonameid":"2562305","name":"Valletta","asciiname":"Valletta","alternatenames":["A Valeta","A Valletta","Baleta","Baletta","La Valet","La Valeta","La Valeto","La Valetta","La Valette","La Valletta","La Valèt","La Valëtta","La-Valeto","Vaileite","Valeta","Valetta","Valleta","Vallett","Valletta","Vallettae","Waleta","balleta","baretta","bhalletta","falyta","hua lie ta","valaita","valletta","vheleta","wa lai ta","wal let ta","walta","wlth","Ła Vałeta","Βαλέτα","Βαλέττα","Валета","Валлеттæ","Валлетта","Ла Валета","Վալետա","ולטה","فاليتا","والتا","والیٹا","ولیٹا","ڤالێتا","व्हॅलेटा","ভাল্লেত্তা","ਵਲੈਟਾ","வல்லெட்டா","วัลเลตตา","ཝ་ལེ་ཐ།","ვალეტა","ቫሌታ","バレッタ","瓦莱塔","華列他","발레타"],"latitude":"35.89972","longitude":"14.51472","feature_class":"P","feature_code":"PPLC","country_code":"MT","cc2":"","admin1_code":"60","admin2_code":"","admin3_code":"","admin4_code":"","population":"6794","elevation":"","dem":"44","timezone":"Europe/Malta","modification_date":"2014-04-28"},{"geonameid":"2562629","name":"Qormi","asciiname":"Qormi","alternatenames":["Curmi","Hal Qormi","Kormi","Kormis","ge er mi","kwrmy","Ħal Qormi","Корми","Кормі","قۆرمی","کورمی","戈爾米"],"latitude":"35.87601","longitude":"14.472","feature_class":"P","feature_code":"PPLA","country_code":"MT","cc2":"","admin1_code":"43","admin2_code":"","admin3_code":"","admin4_code":"","population":"18230","elevation":"","dem":"41","timezone":"Europe/Malta","modification_date":"2013-07-03"},{"geonameid":"2562704","name":"Mosta","asciiname":"Mosta","alternatenames":["Il-Mosta","Masta","Mosta","Musta","Моста"],"latitude":"35.90917","longitude":"14.42556","feature_class":"P","feature_code":"PPLA","country_code":"MT","cc2":"","admin1_code":"35","admin2_code":"","admin3_code":"","admin4_code":"","population":"17789","elevation":"","dem":"80","timezone":"Europe/Malta","modification_date":"2012-07-04"},{"geonameid":"2563191","name":"Birkirkara","asciiname":"Birkirkara","alternatenames":["B'Kara","Birchircara","Birkirkara","B’Kara","Casal Birchircara","byrqyrqrh","Биркиркара","בירקירקרה","ቢርኪርካራ"],"latitude":"35.89722","longitude":"14.46111","feature_class":"P","feature_code":"PPLA","country_code":"MT","cc2":"","admin1_code":"04","admin2_code":"","admin3_code":"","admin4_code":"","population":"21676","elevation":"","dem":"41","timezone":"Europe/Malta","modification_date":"2012-07-04"}]}