{"country_data":{"ISO":"MH","ISO3":"MHL","ISO_Numeric":"584","fips":"RM","country":"Marshall Islands","capital":"Majuro","area":"181.3","Population":"65859","Continent":"OC","tld":".mh","CurrencyCode":"USD","CurrencyName":"Dollar","Phone":"692","Postal_Code_Format":"","Postal_Code_Regex":"","Languages":"mh,en-MH","geonameid":"2080185","neighbours":"","EquivalentFipsCode":""},"cities":[{"geonameid":"2080115","name":"Likiep","asciiname":"Likiep","alternatenames":[""],"latitude":"9.82511","longitude":"169.31065","feature_class":"P","feature_code":"PPLA","country_code":"MH","cc2":"","admin1_code":"180","admin2_code":"","admin3_code":"","admin4_code":"","population":"482","elevation":"","dem":"7","timezone":"Pacific/Majuro","modification_date":"2013-08-09"},{"geonameid":"2080422","name":"Jabor","asciiname":"Jabor","alternatenames":["Jabooru","Jaboru","Jabwor","Jebwad"],"latitude":"5.92098","longitude":"169.64335","feature_class":"P","feature_code":"PPLA","country_code":"MH","cc2":"","admin1_code":"120","admin2_code":"","admin3_code":"","admin4_code":"","population":"1200","elevation":"","dem":"5","timezone":"Pacific/Majuro","modification_date":"2013-08-09"},{"geonameid":"2080970","name":"Ailuk","asciiname":"Ailuk","alternatenames":["Enellik Island"],"latitude":"10.21972","longitude":"169.97967","feature_class":"P","feature_code":"PPLA","country_code":"MH","cc2":"MH","admin1_code":"030","admin2_code":"","admin3_code":"","admin4_code":"","population":"451","elevation":"","dem":"10","timezone":"Pacific/Majuro","modification_date":"2013-04-03"},{"geonameid":"2113779","name":"Majuro","asciiname":"Majuro","alternatenames":["MAJ","Madzhuro","Majur","Majuro","Mazouro","Μαζούρο","Маджуро"],"latitude":"7.08971","longitude":"171.38027","feature_class":"P","feature_code":"PPLC","country_code":"MH","cc2":"","admin1_code":"190","admin2_code":"","admin3_code":"","admin4_code":"","population":"25400","elevation":"","dem":"6","timezone":"Pacific/Majuro","modification_date":"2014-08-18"},{"geonameid":"4039539","name":"Taroa","asciiname":"Taroa","alternatenames":[""],"latitude":"8.70576","longitude":"171.2275","feature_class":"P","feature_code":"PPLA","country_code":"MH","cc2":"","admin1_code":"300","admin2_code":"","admin3_code":"","admin4_code":"","population":"0","elevation":"","dem":"10","timezone":"Pacific/Majuro","modification_date":"2013-08-09"},{"geonameid":"7304467","name":"Ebaye","asciiname":"Ebaye","alternatenames":["Epja","Epjā","Ibae"],"latitude":"8.77479","longitude":"167.73919","feature_class":"P","feature_code":"PPLA","country_code":"MH","cc2":"","admin1_code":"150","admin2_code":"","admin3_code":"","admin4_code":"","population":"15000","elevation":"","dem":"6","timezone":"Pacific/Kwajalein","modification_date":"2013-08-09"},{"geonameid":"7306511","name":"Enewetak","asciiname":"Enewetak","alternatenames":[""],"latitude":"11.34735","longitude":"162.33733","feature_class":"P","feature_code":"PPLA","country_code":"MH","cc2":"","admin1_code":"090","admin2_code":"","admin3_code":"","admin4_code":"","population":"0","elevation":"","dem":"8","timezone":"Pacific/Majuro","modification_date":"2010-08-05"},{"geonameid":"7306512","name":"Ebon","asciiname":"Ebon","alternatenames":["EBO","Epoon"],"latitude":"4.58199","longitude":"168.69636","feature_class":"P","feature_code":"PPLA","country_code":"MH","cc2":"","admin1_code":"080","admin2_code":"","admin3_code":"","admin4_code":"","population":"714","elevation":"","dem":"11","timezone":"Pacific/Majuro","modification_date":"2013-08-09"},{"geonameid":"7306513","name":"Aur","asciiname":"Aur","alternatenames":[""],"latitude":"8.1499","longitude":"171.16869","feature_class":"P","feature_code":"PPLA","country_code":"MH","cc2":"","admin1_code":"050","admin2_code":"","admin3_code":"","admin4_code":"","population":"438","elevation":"","dem":"10","timezone":"Pacific/Majuro","modification_date":"2013-04-03"},{"geonameid":"7306514","name":"Arno","asciiname":"Arno","alternatenames":[""],"latitude":"7.06691","longitude":"171.55413","feature_class":"P","feature_code":"PPLA","country_code":"MH","cc2":"","admin1_code":"040","admin2_code":"","admin3_code":"","admin4_code":"","population":"2068","elevation":"","dem":"14","timezone":"Pacific/Majuro","modification_date":"2013-08-04"},{"geonameid":"7306515","name":"Airuk","asciiname":"Airuk","alternatenames":["Airok","Airuk"],"latitude":"7.27717","longitude":"168.8203","feature_class":"P","feature_code":"PPLA","country_code":"MH","cc2":"","admin1_code":"010","admin2_code":"","admin3_code":"","admin4_code":"","population":"0","elevation":"","dem":"13","timezone":"Pacific/Majuro","modification_date":"2013-03-10"},{"geonameid":"7306516","name":"Mili","asciiname":"Mili","alternatenames":[""],"latitude":"6.0815","longitude":"171.73502","feature_class":"P","feature_code":"PPLA","country_code":"MH","cc2":"","admin1_code":"320","admin2_code":"","admin3_code":"","admin4_code":"","population":"854","elevation":"","dem":"10","timezone":"Pacific/Majuro","modification_date":"2013-04-03"},{"geonameid":"7306517","name":"Lae","asciiname":"Lae","alternatenames":["Lae"],"latitude":"8.92217","longitude":"166.26344","feature_class":"P","feature_code":"PPLA","country_code":"MH","cc2":"","admin1_code":"160","admin2_code":"","admin3_code":"","admin4_code":"","population":"319","elevation":"","dem":"8","timezone":"Pacific/Majuro","modification_date":"2013-08-09"},{"geonameid":"7306518","name":"Utrik","asciiname":"Utrik","alternatenames":["Utirik","Utrik","Utrok","Utrōk"],"latitude":"11.22778","longitude":"169.84739","feature_class":"P","feature_code":"PPLA","country_code":"MH","cc2":"","admin1_code":"410","admin2_code":"","admin3_code":"","admin4_code":"","population":"409","elevation":"","dem":"10","timezone":"Pacific/Majuro","modification_date":"2013-08-09"},{"geonameid":"7306519","name":"Ujae","asciiname":"Ujae","alternatenames":["Ujae","Wujae","Wūjae"],"latitude":"8.93218","longitude":"165.76416","feature_class":"P","feature_code":"PPLA","country_code":"MH","cc2":"","admin1_code":"390","admin2_code":"","admin3_code":"","admin4_code":"","population":"448","elevation":"","dem":"8","timezone":"Pacific/Majuro","modification_date":"2013-08-09"},{"geonameid":"7306520","name":"Rongelap","asciiname":"Rongelap","alternatenames":["Ronlap","Ron̄ļap"],"latitude":"11.16351","longitude":"166.89408","feature_class":"P","feature_code":"PPLA","country_code":"MH","cc2":"","admin1_code":"350","admin2_code":"","admin3_code":"","admin4_code":"","population":"19","elevation":"","dem":"11","timezone":"Pacific/Majuro","modification_date":"2013-08-09"},{"geonameid":"7306521","name":"Loen","asciiname":"Loen","alternatenames":[""],"latitude":"7.76007","longitude":"168.23072","feature_class":"P","feature_code":"PPLA","country_code":"MH","cc2":"","admin1_code":"340","admin2_code":"","admin3_code":"","admin4_code":"","population":"0","elevation":"","dem":"13","timezone":"Pacific/Majuro","modification_date":"2010-08-06"},{"geonameid":"7306522","name":"Namdrik","asciiname":"Namdrik","alternatenames":["Namdik","Namorik","Nam̧dik"],"latitude":"5.59944","longitude":"168.10282","feature_class":"P","feature_code":"PPLA","country_code":"MH","cc2":"","admin1_code":"330","admin2_code":"","admin3_code":"","admin4_code":"","population":"814","elevation":"","dem":"9","timezone":"Pacific/Majuro","modification_date":"2013-08-09"},{"geonameid":"7306523","name":"Mejit","asciiname":"Mejit","alternatenames":["Majeej","Majej","Mājeej","Mājej"],"latitude":"10.27531","longitude":"170.86461","feature_class":"P","feature_code":"PPLA","country_code":"MH","cc2":"","admin1_code":"310","admin2_code":"","admin3_code":"","admin4_code":"","population":"300","elevation":"","dem":"13","timezone":"Pacific/Majuro","modification_date":"2013-08-09"},{"geonameid":"7306524","name":"Lib","asciiname":"Lib","alternatenames":[""],"latitude":"8.31221","longitude":"167.37662","feature_class":"P","feature_code":"PPLA","country_code":"MH","cc2":"","admin1_code":"170","admin2_code":"","admin3_code":"","admin4_code":"","population":"115","elevation":"","dem":"15","timezone":"Pacific/Majuro","modification_date":"2013-04-03"},{"geonameid":"7306525","name":"Kili","asciiname":"Kili","alternatenames":[""],"latitude":"5.64387","longitude":"169.12109","feature_class":"P","feature_code":"PPLA","country_code":"MH","cc2":"","admin1_code":"140","admin2_code":"","admin3_code":"","admin4_code":"","population":"602","elevation":"","dem":"6","timezone":"Pacific/Majuro","modification_date":"2013-04-03"},{"geonameid":"7306526","name":"Jabat","asciiname":"Jabat","alternatenames":["Jabot","Jabwot","Jebat"],"latitude":"7.75003","longitude":"168.97513","feature_class":"P","feature_code":"PPLA","country_code":"MH","cc2":"","admin1_code":"110","admin2_code":"","admin3_code":"","admin4_code":"","population":"112","elevation":"","dem":"16","timezone":"Pacific/Kwajalein","modification_date":"2013-08-09"},{"geonameid":"7306528","name":"Wotje","asciiname":"Wotje","alternatenames":[""],"latitude":"9.45429","longitude":"170.23674","feature_class":"P","feature_code":"PPLA","country_code":"MH","cc2":"","admin1_code":"430","admin2_code":"","admin3_code":"","admin4_code":"","population":"880","elevation":"","dem":"9","timezone":"Pacific/Majuro","modification_date":"2013-03-07"},{"geonameid":"7306529","name":"Wotho","asciiname":"Wotho","alternatenames":["Wotto","Wōtto"],"latitude":"10.16575","longitude":"166.01022","feature_class":"P","feature_code":"PPLA","country_code":"MH","cc2":"","admin1_code":"420","admin2_code":"","admin3_code":"","admin4_code":"","population":"160","elevation":"","dem":"8","timezone":"Pacific/Majuro","modification_date":"2013-08-09"},{"geonameid":"7874852","name":"RMI Capitol","asciiname":"RMI Capitol","alternatenames":[""],"latitude":"7.08931","longitude":"171.3805","feature_class":"P","feature_code":"PPLG","country_code":"MH","cc2":"","admin1_code":"190","admin2_code":"","admin3_code":"","admin4_code":"","population":"0","elevation":"","dem":"7","timezone":"Pacific/Majuro","modification_date":"2011-07-11"},{"geonameid":"2113779","name":"Majuro","asciiname":"Majuro","alternatenames":["MAJ","Madzhuro","Majur","Majuro","Mazouro","Μαζούρο","Маджуро"],"latitude":"7.08971","longitude":"171.38027","feature_class":"P","feature_code":"PPLC","country_code":"MH","cc2":"","admin1_code":"190","admin2_code":"","admin3_code":"","admin4_code":"","population":"25400","elevation":"","dem":"6","timezone":"Pacific/Majuro","modification_date":"2014-08-18"},{"geonameid":"7874852","name":"RMI Capitol","asciiname":"RMI Capitol","alternatenames":[""],"latitude":"7.08931","longitude":"171.3805","feature_class":"P","feature_code":"PPLG","country_code":"MH","cc2":"","admin1_code":"190","admin2_code":"","admin3_code":"","admin4_code":"","population":"0","elevation":"","dem":"7","timezone":"Pacific/Majuro","modification_date":"2011-07-11"}]}