{"country_data":{"ISO":"MQ","ISO3":"MTQ","ISO_Numeric":"474","fips":"MB","country":"Martinique","capital":"Fort-de-France","area":"1100","Population":"432900","Continent":"NA","tld":".mq","CurrencyCode":"EUR","CurrencyName":"Euro","Phone":"596","Postal_Code_Format":"#####","Postal_Code_Regex":"^(\\d{5})$","Languages":"fr-MQ","geonameid":"3570311","neighbours":"","EquivalentFipsCode":""},"cities":[{"geonameid":"3569907","name":"Saint-Pierre","asciiname":"Saint-Pierre","alternatenames":["Sain-Pier","Saint-Pierre","Sen-P'er","Sen-Perr","sheng pi ai er","Σαιν-Πιέρ","Сен-Пьер","Сен-Пєрр","サン・ピエール","圣皮埃尔"],"latitude":"14.74383","longitude":"-61.17533","feature_class":"P","feature_code":"PPL","country_code":"MQ","cc2":"","admin1_code":"MQ","admin2_code":"972","admin3_code":"9724","admin4_code":"97225","population":"4125","elevation":"","dem":"22","timezone":"America/Martinique","modification_date":"2012-01-18"},{"geonameid":"3569915","name":"Saint-Joseph","asciiname":"Saint-Joseph","alternatenames":["Saint-Joseph"],"latitude":"14.67099","longitude":"-61.03905","feature_class":"P","feature_code":"PPL","country_code":"MQ","cc2":"","admin1_code":"MQ","admin2_code":"972","admin3_code":"9721","admin4_code":"97224","population":"16974","elevation":"","dem":"240","timezone":"America/Martinique","modification_date":"2014-09-21"},{"geonameid":"3569926","name":"Sainte-Marie","asciiname":"Sainte-Marie","alternatenames":["Sainte-Marie","Sent-Mari","Сент-Мари"],"latitude":"14.78392","longitude":"-60.99274","feature_class":"P","feature_code":"PPL","country_code":"MQ","cc2":"","admin1_code":"MQ","admin2_code":"972","admin3_code":"9722","admin4_code":"97228","population":"20380","elevation":"","dem":"13","timezone":"America/Martinique","modification_date":"2012-01-18"},{"geonameid":"3569928","name":"Sainte-Luce","asciiname":"Sainte-Luce","alternatenames":["Sainte-Luce"],"latitude":"14.46733","longitude":"-60.92708","feature_class":"P","feature_code":"PPL","country_code":"MQ","cc2":"","admin1_code":"MQ","admin2_code":"972","admin3_code":"9723","admin4_code":"97227","population":"9196","elevation":"","dem":"22","timezone":"America/Martinique","modification_date":"2012-01-18"},{"geonameid":"3569970","name":"Rivière-Pilote","asciiname":"Riviere-Pilote","alternatenames":["Riviere-Pilote","Rivière-Pilote"],"latitude":"14.47746","longitude":"-60.9035","feature_class":"P","feature_code":"PPL","country_code":"MQ","cc2":"","admin1_code":"MQ","admin2_code":"972","admin3_code":"9723","admin4_code":"97220","population":"13359","elevation":"","dem":"22","timezone":"America/Martinique","modification_date":"2012-01-18"},{"geonameid":"3570166","name":"Petite Rivière Salée","asciiname":"Petite Riviere Salee","alternatenames":["Petite Riviere Salee","Petite Rivière Salée","Quartier Petite Riviere Salee","Quartier Petite Rivière Salée"],"latitude":"14.75","longitude":"-60.96667","feature_class":"P","feature_code":"PPL","country_code":"MQ","cc2":"","admin1_code":"MQ","admin2_code":"","admin3_code":"","admin4_code":"","population":"15152","elevation":"","dem":"24","timezone":"America/Martinique","modification_date":"2012-01-18"},{"geonameid":"3570392","name":"Le Vauclin","asciiname":"Le Vauclin","alternatenames":["Le Vauclin","Vauclin"],"latitude":"14.54524","longitude":"-60.83883","feature_class":"P","feature_code":"PPL","country_code":"MQ","cc2":"","admin1_code":"MQ","admin2_code":"972","admin3_code":"9723","admin4_code":"97232","population":"7812","elevation":"","dem":"12","timezone":"America/Martinique","modification_date":"2012-01-18"},{"geonameid":"3570396","name":"Les Trois-Îlets","asciiname":"Les Trois-Ilets","alternatenames":["Les Trois-Ilets","Les Trois-Îlets","Trois-Ilets","Trois-Îlets"],"latitude":"14.539","longitude":"-61.03608","feature_class":"P","feature_code":"PPL","country_code":"MQ","cc2":"","admin1_code":"MQ","admin2_code":"972","admin3_code":"9723","admin4_code":"97231","population":"5657","elevation":"","dem":"15","timezone":"America/Martinique","modification_date":"2012-01-18"},{"geonameid":"3570410","name":"Saint-Esprit","asciiname":"Saint-Esprit","alternatenames":["Saint Esprit"],"latitude":"14.55","longitude":"-60.93333","feature_class":"P","feature_code":"PPL","country_code":"MQ","cc2":"","admin1_code":"MQ","admin2_code":"972","admin3_code":"9723","admin4_code":"97223","population":"8508","elevation":"","dem":"103","timezone":"America/Martinique","modification_date":"2008-03-13"},{"geonameid":"3570412","name":"Le Robert","asciiname":"Le Robert","alternatenames":["Robert"],"latitude":"14.67751","longitude":"-60.94228","feature_class":"P","feature_code":"PPL","country_code":"MQ","cc2":"","admin1_code":"MQ","admin2_code":"972","admin3_code":"9722","admin4_code":"97222","population":"23814","elevation":"","dem":"8","timezone":"America/Martinique","modification_date":"2009-09-05"},{"geonameid":"3570423","name":"Le Morne-Rouge","asciiname":"Le Morne-Rouge","alternatenames":["Morne Rouge"],"latitude":"14.76667","longitude":"-61.13333","feature_class":"P","feature_code":"PPL","country_code":"MQ","cc2":"","admin1_code":"MQ","admin2_code":"972","admin3_code":"9724","admin4_code":"97218","population":"5469","elevation":"","dem":"462","timezone":"America/Martinique","modification_date":"2008-03-13"},{"geonameid":"3570426","name":"Le Marin","asciiname":"Le Marin","alternatenames":["Le Marin","Marin"],"latitude":"14.47212","longitude":"-60.86973","feature_class":"P","feature_code":"PPL","country_code":"MQ","cc2":"","admin1_code":"MQ","admin2_code":"972","admin3_code":"9723","admin4_code":"97217","population":"7943","elevation":"","dem":"29","timezone":"America/Martinique","modification_date":"2012-01-18"},{"geonameid":"3570427","name":"Le Lorrain","asciiname":"Le Lorrain","alternatenames":["Grande Anse","Le Lorrain","Lorrain"],"latitude":"14.83292","longitude":"-61.05667","feature_class":"P","feature_code":"PPL","country_code":"MQ","cc2":"","admin1_code":"MQ","admin2_code":"972","admin3_code":"9722","admin4_code":"97214","population":"8341","elevation":"","dem":"17","timezone":"America/Martinique","modification_date":"2012-01-18"},{"geonameid":"3570428","name":"Le Lamentin","asciiname":"Le Lamentin","alternatenames":["Lamentin","Le Lamenten","Le Lamentin","Le-Lamanten","lw lmwntn","Λε Λαμεντέν","Ле-Ламантен","لو لمونتن"],"latitude":"14.608","longitude":"-61.00933","feature_class":"P","feature_code":"PPL","country_code":"MQ","cc2":"","admin1_code":"MQ","admin2_code":"972","admin3_code":"9721","admin4_code":"97213","population":"39229","elevation":"","dem":"7","timezone":"America/Martinique","modification_date":"2012-01-18"},{"geonameid":"3570429","name":"Le François","asciiname":"Le Francois","alternatenames":["Francois","François","Le Francois","Le François"],"latitude":"14.61557","longitude":"-60.90308","feature_class":"P","feature_code":"PPL","country_code":"MQ","cc2":"","admin1_code":"MQ","admin2_code":"972","admin3_code":"9723","admin4_code":"97210","population":"19682","elevation":"","dem":"9","timezone":"America/Martinique","modification_date":"2012-01-18"},{"geonameid":"3570446","name":"La Trinité","asciiname":"La Trinite","alternatenames":["La Trinite","La Trinité","Trinite","Trinité"],"latitude":"14.73758","longitude":"-60.96286","feature_class":"P","feature_code":"PPL","country_code":"MQ","cc2":"","admin1_code":"MQ","admin2_code":"972","admin3_code":"9722","admin4_code":"97230","population":"15040","elevation":"","dem":"4","timezone":"America/Martinique","modification_date":"2012-01-18"},{"geonameid":"3570584","name":"Le Gros-Morne","asciiname":"Le Gros-Morne","alternatenames":[""],"latitude":"14.7","longitude":"-61","feature_class":"P","feature_code":"PPL","country_code":"MQ","cc2":"","admin1_code":"MQ","admin2_code":"972","admin3_code":"9722","admin4_code":"97212","population":"11025","elevation":"","dem":"132","timezone":"America/Martinique","modification_date":"2011-11-02"},{"geonameid":"3570675","name":"Fort-de-France","asciiname":"Fort-de-France","alternatenames":["FDF","For d'o Frans","For de Frans","For de Fransas","For-de-Frans","For-nte-Frans","Fordefransa","Fort Royal","Fort-de-France","Fort-de-Frans","Fôrt-de-France","Gorad Fort-deh-Frans","Le Fort-de-France","f xr-dex-fr xngs","fa lan xi bao","foru=do=furansu","fwr dw frans","fwr-dw-frans","phorta-de-phransa","poleudeupeulangseu","por-de-pransi","Φορ-ντε-Φρανς","Горад Форт-дэ-Франс","Фор де Франс","Фор дьо Франс","Фор-де-Франс","Форт-де-Франс","פור-דה-פראנס","فور دو فرانس","فور-دو-فرانس","فورٹ ڈی فرانس","फोर्ट-दे-फ्रान्स","ฟอร์-เดอ-ฟร็องส์","ფორ-დე-ფრანსი","フォール＝ド＝フランス","法兰西堡","포르드프랑스"],"latitude":"14.60892","longitude":"-61.07334","feature_class":"P","feature_code":"PPLC","country_code":"MQ","cc2":"","admin1_code":"MQ","admin2_code":"972","admin3_code":"9721","admin4_code":"97209","population":"89995","elevation":"","dem":"6","timezone":"America/Martinique","modification_date":"2011-12-08"},{"geonameid":"3570785","name":"Ducos","asciiname":"Ducos","alternatenames":["Ducos"],"latitude":"14.57529","longitude":"-60.97453","feature_class":"P","feature_code":"PPL","country_code":"MQ","cc2":"","admin1_code":"MQ","admin2_code":"972","admin3_code":"9723","admin4_code":"97207","population":"17394","elevation":"","dem":"62","timezone":"America/Martinique","modification_date":"2012-01-18"},{"geonameid":"3571097","name":"Basse-Pointe","asciiname":"Basse-Pointe","alternatenames":["Basse-Pointe"],"latitude":"14.86954","longitude":"-61.11504","feature_class":"P","feature_code":"PPL","country_code":"MQ","cc2":"","admin1_code":"MQ","admin2_code":"972","admin3_code":"9722","admin4_code":"97203","population":"4037","elevation":"","dem":"14","timezone":"America/Martinique","modification_date":"2012-01-18"},{"geonameid":"3569915","name":"Saint-Joseph","asciiname":"Saint-Joseph","alternatenames":["Saint-Joseph"],"latitude":"14.67099","longitude":"-61.03905","feature_class":"P","feature_code":"PPL","country_code":"MQ","cc2":"","admin1_code":"MQ","admin2_code":"972","admin3_code":"9721","admin4_code":"97224","population":"16974","elevation":"","dem":"240","timezone":"America/Martinique","modification_date":"2014-09-21"},{"geonameid":"3569926","name":"Sainte-Marie","asciiname":"Sainte-Marie","alternatenames":["Sainte-Marie","Sent-Mari","Сент-Мари"],"latitude":"14.78392","longitude":"-60.99274","feature_class":"P","feature_code":"PPL","country_code":"MQ","cc2":"","admin1_code":"MQ","admin2_code":"972","admin3_code":"9722","admin4_code":"97228","population":"20380","elevation":"","dem":"13","timezone":"America/Martinique","modification_date":"2012-01-18"},{"geonameid":"3569928","name":"Sainte-Luce","asciiname":"Sainte-Luce","alternatenames":["Sainte-Luce"],"latitude":"14.46733","longitude":"-60.92708","feature_class":"P","feature_code":"PPL","country_code":"MQ","cc2":"","admin1_code":"MQ","admin2_code":"972","admin3_code":"9723","admin4_code":"97227","population":"9196","elevation":"","dem":"22","timezone":"America/Martinique","modification_date":"2012-01-18"},{"geonameid":"3569970","name":"Rivière-Pilote","asciiname":"Riviere-Pilote","alternatenames":["Riviere-Pilote","Rivière-Pilote"],"latitude":"14.47746","longitude":"-60.9035","feature_class":"P","feature_code":"PPL","country_code":"MQ","cc2":"","admin1_code":"MQ","admin2_code":"972","admin3_code":"9723","admin4_code":"97220","population":"13359","elevation":"","dem":"22","timezone":"America/Martinique","modification_date":"2012-01-18"},{"geonameid":"3570166","name":"Petite Rivière Salée","asciiname":"Petite Riviere Salee","alternatenames":["Petite Riviere Salee","Petite Rivière Salée","Quartier Petite Riviere Salee","Quartier Petite Rivière Salée"],"latitude":"14.75","longitude":"-60.96667","feature_class":"P","feature_code":"PPL","country_code":"MQ","cc2":"","admin1_code":"MQ","admin2_code":"","admin3_code":"","admin4_code":"","population":"15152","elevation":"","dem":"24","timezone":"America/Martinique","modification_date":"2012-01-18"},{"geonameid":"3570392","name":"Le Vauclin","asciiname":"Le Vauclin","alternatenames":["Le Vauclin","Vauclin"],"latitude":"14.54524","longitude":"-60.83883","feature_class":"P","feature_code":"PPL","country_code":"MQ","cc2":"","admin1_code":"MQ","admin2_code":"972","admin3_code":"9723","admin4_code":"97232","population":"7812","elevation":"","dem":"12","timezone":"America/Martinique","modification_date":"2012-01-18"},{"geonameid":"3570396","name":"Les Trois-Îlets","asciiname":"Les Trois-Ilets","alternatenames":["Les Trois-Ilets","Les Trois-Îlets","Trois-Ilets","Trois-Îlets"],"latitude":"14.539","longitude":"-61.03608","feature_class":"P","feature_code":"PPL","country_code":"MQ","cc2":"","admin1_code":"MQ","admin2_code":"972","admin3_code":"9723","admin4_code":"97231","population":"5657","elevation":"","dem":"15","timezone":"America/Martinique","modification_date":"2012-01-18"},{"geonameid":"3570410","name":"Saint-Esprit","asciiname":"Saint-Esprit","alternatenames":["Saint Esprit"],"latitude":"14.55","longitude":"-60.93333","feature_class":"P","feature_code":"PPL","country_code":"MQ","cc2":"","admin1_code":"MQ","admin2_code":"972","admin3_code":"9723","admin4_code":"97223","population":"8508","elevation":"","dem":"103","timezone":"America/Martinique","modification_date":"2008-03-13"},{"geonameid":"3570412","name":"Le Robert","asciiname":"Le Robert","alternatenames":["Robert"],"latitude":"14.67751","longitude":"-60.94228","feature_class":"P","feature_code":"PPL","country_code":"MQ","cc2":"","admin1_code":"MQ","admin2_code":"972","admin3_code":"9722","admin4_code":"97222","population":"23814","elevation":"","dem":"8","timezone":"America/Martinique","modification_date":"2009-09-05"},{"geonameid":"3570423","name":"Le Morne-Rouge","asciiname":"Le Morne-Rouge","alternatenames":["Morne Rouge"],"latitude":"14.76667","longitude":"-61.13333","feature_class":"P","feature_code":"PPL","country_code":"MQ","cc2":"","admin1_code":"MQ","admin2_code":"972","admin3_code":"9724","admin4_code":"97218","population":"5469","elevation":"","dem":"462","timezone":"America/Martinique","modification_date":"2008-03-13"},{"geonameid":"3570426","name":"Le Marin","asciiname":"Le Marin","alternatenames":["Le Marin","Marin"],"latitude":"14.47212","longitude":"-60.86973","feature_class":"P","feature_code":"PPL","country_code":"MQ","cc2":"","admin1_code":"MQ","admin2_code":"972","admin3_code":"9723","admin4_code":"97217","population":"7943","elevation":"","dem":"29","timezone":"America/Martinique","modification_date":"2012-01-18"},{"geonameid":"3570427","name":"Le Lorrain","asciiname":"Le Lorrain","alternatenames":["Grande Anse","Le Lorrain","Lorrain"],"latitude":"14.83292","longitude":"-61.05667","feature_class":"P","feature_code":"PPL","country_code":"MQ","cc2":"","admin1_code":"MQ","admin2_code":"972","admin3_code":"9722","admin4_code":"97214","population":"8341","elevation":"","dem":"17","timezone":"America/Martinique","modification_date":"2012-01-18"},{"geonameid":"3570428","name":"Le Lamentin","asciiname":"Le Lamentin","alternatenames":["Lamentin","Le Lamenten","Le Lamentin","Le-Lamanten","lw lmwntn","Λε Λαμεντέν","Ле-Ламантен","لو لمونتن"],"latitude":"14.608","longitude":"-61.00933","feature_class":"P","feature_code":"PPL","country_code":"MQ","cc2":"","admin1_code":"MQ","admin2_code":"972","admin3_code":"9721","admin4_code":"97213","population":"39229","elevation":"","dem":"7","timezone":"America/Martinique","modification_date":"2012-01-18"},{"geonameid":"3570429","name":"Le François","asciiname":"Le Francois","alternatenames":["Francois","François","Le Francois","Le François"],"latitude":"14.61557","longitude":"-60.90308","feature_class":"P","feature_code":"PPL","country_code":"MQ","cc2":"","admin1_code":"MQ","admin2_code":"972","admin3_code":"9723","admin4_code":"97210","population":"19682","elevation":"","dem":"9","timezone":"America/Martinique","modification_date":"2012-01-18"},{"geonameid":"3570446","name":"La Trinité","asciiname":"La Trinite","alternatenames":["La Trinite","La Trinité","Trinite","Trinité"],"latitude":"14.73758","longitude":"-60.96286","feature_class":"P","feature_code":"PPL","country_code":"MQ","cc2":"","admin1_code":"MQ","admin2_code":"972","admin3_code":"9722","admin4_code":"97230","population":"15040","elevation":"","dem":"4","timezone":"America/Martinique","modification_date":"2012-01-18"},{"geonameid":"3570584","name":"Le Gros-Morne","asciiname":"Le Gros-Morne","alternatenames":[""],"latitude":"14.7","longitude":"-61","feature_class":"P","feature_code":"PPL","country_code":"MQ","cc2":"","admin1_code":"MQ","admin2_code":"972","admin3_code":"9722","admin4_code":"97212","population":"11025","elevation":"","dem":"132","timezone":"America/Martinique","modification_date":"2011-11-02"},{"geonameid":"3570675","name":"Fort-de-France","asciiname":"Fort-de-France","alternatenames":["FDF","For d'o Frans","For de Frans","For de Fransas","For-de-Frans","For-nte-Frans","Fordefransa","Fort Royal","Fort-de-France","Fort-de-Frans","Fôrt-de-France","Gorad Fort-deh-Frans","Le Fort-de-France","f xr-dex-fr xngs","fa lan xi bao","foru=do=furansu","fwr dw frans","fwr-dw-frans","phorta-de-phransa","poleudeupeulangseu","por-de-pransi","Φορ-ντε-Φρανς","Горад Форт-дэ-Франс","Фор де Франс","Фор дьо Франс","Фор-де-Франс","Форт-де-Франс","פור-דה-פראנס","فور دو فرانس","فور-دو-فرانس","فورٹ ڈی فرانس","फोर्ट-दे-फ्रान्स","ฟอร์-เดอ-ฟร็องส์","ფორ-დე-ფრანსი","フォール＝ド＝フランス","法兰西堡","포르드프랑스"],"latitude":"14.60892","longitude":"-61.07334","feature_class":"P","feature_code":"PPLC","country_code":"MQ","cc2":"","admin1_code":"MQ","admin2_code":"972","admin3_code":"9721","admin4_code":"97209","population":"89995","elevation":"","dem":"6","timezone":"America/Martinique","modification_date":"2011-12-08"},{"geonameid":"3570785","name":"Ducos","asciiname":"Ducos","alternatenames":["Ducos"],"latitude":"14.57529","longitude":"-60.97453","feature_class":"P","feature_code":"PPL","country_code":"MQ","cc2":"","admin1_code":"MQ","admin2_code":"972","admin3_code":"9723","admin4_code":"97207","population":"17394","elevation":"","dem":"62","timezone":"America/Martinique","modification_date":"2012-01-18"},{"geonameid":"3569915","name":"Saint-Joseph","asciiname":"Saint-Joseph","alternatenames":["Saint-Joseph"],"latitude":"14.67099","longitude":"-61.03905","feature_class":"P","feature_code":"PPL","country_code":"MQ","cc2":"","admin1_code":"MQ","admin2_code":"972","admin3_code":"9721","admin4_code":"97224","population":"16974","elevation":"","dem":"240","timezone":"America/Martinique","modification_date":"2014-09-21"},{"geonameid":"3569926","name":"Sainte-Marie","asciiname":"Sainte-Marie","alternatenames":["Sainte-Marie","Sent-Mari","Сент-Мари"],"latitude":"14.78392","longitude":"-60.99274","feature_class":"P","feature_code":"PPL","country_code":"MQ","cc2":"","admin1_code":"MQ","admin2_code":"972","admin3_code":"9722","admin4_code":"97228","population":"20380","elevation":"","dem":"13","timezone":"America/Martinique","modification_date":"2012-01-18"},{"geonameid":"3570166","name":"Petite Rivière Salée","asciiname":"Petite Riviere Salee","alternatenames":["Petite Riviere Salee","Petite Rivière Salée","Quartier Petite Riviere Salee","Quartier Petite Rivière Salée"],"latitude":"14.75","longitude":"-60.96667","feature_class":"P","feature_code":"PPL","country_code":"MQ","cc2":"","admin1_code":"MQ","admin2_code":"","admin3_code":"","admin4_code":"","population":"15152","elevation":"","dem":"24","timezone":"America/Martinique","modification_date":"2012-01-18"},{"geonameid":"3570412","name":"Le Robert","asciiname":"Le Robert","alternatenames":["Robert"],"latitude":"14.67751","longitude":"-60.94228","feature_class":"P","feature_code":"PPL","country_code":"MQ","cc2":"","admin1_code":"MQ","admin2_code":"972","admin3_code":"9722","admin4_code":"97222","population":"23814","elevation":"","dem":"8","timezone":"America/Martinique","modification_date":"2009-09-05"},{"geonameid":"3570428","name":"Le Lamentin","asciiname":"Le Lamentin","alternatenames":["Lamentin","Le Lamenten","Le Lamentin","Le-Lamanten","lw lmwntn","Λε Λαμεντέν","Ле-Ламантен","لو لمونتن"],"latitude":"14.608","longitude":"-61.00933","feature_class":"P","feature_code":"PPL","country_code":"MQ","cc2":"","admin1_code":"MQ","admin2_code":"972","admin3_code":"9721","admin4_code":"97213","population":"39229","elevation":"","dem":"7","timezone":"America/Martinique","modification_date":"2012-01-18"},{"geonameid":"3570429","name":"Le François","asciiname":"Le Francois","alternatenames":["Francois","François","Le Francois","Le François"],"latitude":"14.61557","longitude":"-60.90308","feature_class":"P","feature_code":"PPL","country_code":"MQ","cc2":"","admin1_code":"MQ","admin2_code":"972","admin3_code":"9723","admin4_code":"97210","population":"19682","elevation":"","dem":"9","timezone":"America/Martinique","modification_date":"2012-01-18"},{"geonameid":"3570446","name":"La Trinité","asciiname":"La Trinite","alternatenames":["La Trinite","La Trinité","Trinite","Trinité"],"latitude":"14.73758","longitude":"-60.96286","feature_class":"P","feature_code":"PPL","country_code":"MQ","cc2":"","admin1_code":"MQ","admin2_code":"972","admin3_code":"9722","admin4_code":"97230","population":"15040","elevation":"","dem":"4","timezone":"America/Martinique","modification_date":"2012-01-18"},{"geonameid":"3570675","name":"Fort-de-France","asciiname":"Fort-de-France","alternatenames":["FDF","For d'o Frans","For de Frans","For de Fransas","For-de-Frans","For-nte-Frans","Fordefransa","Fort Royal","Fort-de-France","Fort-de-Frans","Fôrt-de-France","Gorad Fort-deh-Frans","Le Fort-de-France","f xr-dex-fr xngs","fa lan xi bao","foru=do=furansu","fwr dw frans","fwr-dw-frans","phorta-de-phransa","poleudeupeulangseu","por-de-pransi","Φορ-ντε-Φρανς","Горад Форт-дэ-Франс","Фор де Франс","Фор дьо Франс","Фор-де-Франс","Форт-де-Франс","פור-דה-פראנס","فور دو فرانس","فور-دو-فرانس","فورٹ ڈی فرانس","फोर्ट-दे-फ्रान्स","ฟอร์-เดอ-ฟร็องส์","ფორ-დე-ფრანსი","フォール＝ド＝フランス","法兰西堡","포르드프랑스"],"latitude":"14.60892","longitude":"-61.07334","feature_class":"P","feature_code":"PPLC","country_code":"MQ","cc2":"","admin1_code":"MQ","admin2_code":"972","admin3_code":"9721","admin4_code":"97209","population":"89995","elevation":"","dem":"6","timezone":"America/Martinique","modification_date":"2011-12-08"},{"geonameid":"3570785","name":"Ducos","asciiname":"Ducos","alternatenames":["Ducos"],"latitude":"14.57529","longitude":"-60.97453","feature_class":"P","feature_code":"PPL","country_code":"MQ","cc2":"","admin1_code":"MQ","admin2_code":"972","admin3_code":"9723","admin4_code":"97207","population":"17394","elevation":"","dem":"62","timezone":"America/Martinique","modification_date":"2012-01-18"}]}