{"country_data":{"ISO":"MR","ISO3":"MRT","ISO_Numeric":"478","fips":"MR","country":"Mauritania","capital":"Nouakchott","area":"1030700","Population":"3205060","Continent":"AF","tld":".mr","CurrencyCode":"MRO","CurrencyName":"Ouguiya","Phone":"222","Postal_Code_Format":"","Postal_Code_Regex":"","Languages":"ar-MR,fuc,snk,fr,mey,wo","geonameid":"2378080","neighbours":"SN,DZ,EH,ML","EquivalentFipsCode":""},"cities":[{"geonameid":"2375558","name":"Zouérat","asciiname":"Zouerat","alternatenames":["OUZ","Zoueiratt","Zouerat","Zouerate","Zoueïratt","Zouirat","Zouérat","Zouérate","Zouîrât","Zuerat","Zueratas","zueratto","ズエラット"],"latitude":"22.71873","longitude":"-12.45205","feature_class":"P","feature_code":"PPLA","country_code":"MR","cc2":"","admin1_code":"11","admin2_code":"","admin3_code":"","admin4_code":"","population":"38000","elevation":"","dem":"356","timezone":"Africa/Nouakchott","modification_date":"2013-08-04"},{"geonameid":"2376189","name":"Tékane","asciiname":"Tekane","alternatenames":["Tekane","Tiekane","Tiékane","Tékane"],"latitude":"16.57806","longitude":"-15.45972","feature_class":"P","feature_code":"PPL","country_code":"MR","cc2":"MR","admin1_code":"06","admin2_code":"","admin3_code":"","admin4_code":"","population":"22041","elevation":"","dem":"6","timezone":"Africa/Nouakchott","modification_date":"2013-05-05"},{"geonameid":"2376193","name":"Tidjikja","asciiname":"Tidjikja","alternatenames":["Fort Cappolani","TIY","Tidjikdja","Tidjikja","Tijikja"],"latitude":"18.55644","longitude":"-11.42715","feature_class":"P","feature_code":"PPLA","country_code":"MR","cc2":"","admin1_code":"09","admin2_code":"","admin3_code":"","admin4_code":"","population":"6000","elevation":"","dem":"398","timezone":"Africa/Nouakchott","modification_date":"2011-02-01"},{"geonameid":"2376719","name":"Sélibabi","asciiname":"Selibabi","alternatenames":["Selibabi","Selibaby","Sélibabi","Sélibaby"],"latitude":"15.15895","longitude":"-12.1829","feature_class":"P","feature_code":"PPLA","country_code":"MR","cc2":"","admin1_code":"10","admin2_code":"","admin3_code":"","admin4_code":"","population":"18424","elevation":"","dem":"63","timezone":"Africa/Nouakchott","modification_date":"2013-08-10"},{"geonameid":"2376898","name":"Rosso","asciiname":"Rosso","alternatenames":["Al-Quwarib","Roco","Rosso"],"latitude":"16.51378","longitude":"-15.80503","feature_class":"P","feature_code":"PPLA","country_code":"MR","cc2":"","admin1_code":"06","admin2_code":"","admin3_code":"","admin4_code":"","population":"48922","elevation":"","dem":"8","timezone":"Africa/Nouakchott","modification_date":"2013-08-05"},{"geonameid":"2377450","name":"Nouakchott","asciiname":"Nouakchott","alternatenames":["Gorad Nuakshot","NKC","Naevakjut","Nawakshot","Nawakszut","Nouakchat","Nouakchot","Nouakchott","Nouaksot","Nouaxot","Nuakchot","Nuakshot","Nuaksjott","Nuaksot","Nuaksota","Nuaksotas","Nuaksoto","Nuaksott","Nuakxot","Nuakŝoto","Nuakşot","Nuakšota","Nuakšotas","Nuakšott","Nävakjut","Núaksjott","huo suo","navakasuta","navakcot","nu wa ke xiao te","nu'akacota","nu'oyakasuta","nuagsyoteu","nuakushotto","nwakshwt","Νουακσότ","Νουαξότ","Горад Нуакшот","Нуакшот","Նուակշոտ","נואקשוט","نواكشوط","نواکشوت","نواکشوط","نواکشۆت","نوواکوٹ","नवाकसुत","নুওয়াকশুত","ਨੁਆਕਚੋਤ","நவாக்சோட்","นูแอกชอต","ནའུ་ཀ་ཅོ་ཊི།","ნუაქშოტი","ኑዋክሾት","ヌアクショット","努瓦克肖特","或索","누악쇼트"],"latitude":"18.08581","longitude":"-15.9785","feature_class":"P","feature_code":"PPLC","country_code":"MR","cc2":"","admin1_code":"NKC","admin2_code":"","admin3_code":"","admin4_code":"","population":"661400","elevation":"","dem":"10","timezone":"Africa/Nouakchott","modification_date":"2011-11-02"},{"geonameid":"2377457","name":"Nouâdhibou","asciiname":"Nouadhibou","alternatenames":["NDB","Nawazibu","Nouadhibou","Nouâdhibou","Nuadibu","Nuadibú","Port Etienne","Port Ettienne","Port-Etienne","Port-Étienne","Нуадибу","נואדיבו"],"latitude":"20.93098","longitude":"-17.03465","feature_class":"P","feature_code":"PPLA","country_code":"MR","cc2":"","admin1_code":"08","admin2_code":"","admin3_code":"","admin4_code":"","population":"72337","elevation":"","dem":"5","timezone":"Africa/Nouakchott","modification_date":"2014-10-17"},{"geonameid":"2377539","name":"Néma","asciiname":"Nema","alternatenames":["EMN","En Na`ma","En Na‘ma","Nema","Néma"],"latitude":"16.6162","longitude":"-7.2535","feature_class":"P","feature_code":"PPLA","country_code":"MR","cc2":"","admin1_code":"01","admin2_code":"","admin3_code":"","admin4_code":"","population":"60000","elevation":"","dem":"273","timezone":"Africa/Nouakchott","modification_date":"2013-08-10"},{"geonameid":"2378538","name":"Kiffa","asciiname":"Kiffa","alternatenames":["KFA","Kifa","Kiffa","Kîfa","Киффа"],"latitude":"16.61659","longitude":"-11.40453","feature_class":"P","feature_code":"PPLA","country_code":"MR","cc2":"","admin1_code":"03","admin2_code":"","admin3_code":"","admin4_code":"","population":"40281","elevation":"","dem":"125","timezone":"Africa/Nouakchott","modification_date":"2013-08-11"},{"geonameid":"2378736","name":"Kaédi","asciiname":"Kaedi","alternatenames":["Kaedi","Kaédi","קאדי"],"latitude":"16.14653","longitude":"-13.50474","feature_class":"P","feature_code":"PPLA","country_code":"MR","cc2":"","admin1_code":"04","admin2_code":"","admin3_code":"","admin4_code":"","population":"55374","elevation":"","dem":"31","timezone":"Africa/Nouakchott","modification_date":"2013-08-04"},{"geonameid":"2380519","name":"Chingueṭṭi","asciiname":"Chinguetti","alternatenames":["Chingetti","Chinguetti","Chingueṭṭi","Чингетти"],"latitude":"20.44036","longitude":"-12.2622","feature_class":"P","feature_code":"PPL","country_code":"MR","cc2":"","admin1_code":"07","admin2_code":"","admin3_code":"","admin4_code":"","population":"4711","elevation":"","dem":"453","timezone":"Africa/Nouakchott","modification_date":"2012-01-18"},{"geonameid":"2381163","name":"Barkéwol","asciiname":"Barkewol","alternatenames":["Barkeol","Barkewol","Barkéol","Barkéwol"],"latitude":"16.64039","longitude":"-12.49849","feature_class":"P","feature_code":"PPL","country_code":"MR","cc2":"","admin1_code":"03","admin2_code":"","admin3_code":"","admin4_code":"","population":"1100","elevation":"","dem":"74","timezone":"Africa/Nouakchott","modification_date":"2012-01-18"},{"geonameid":"2381291","name":"’Ayoûn el ’Atroûs","asciiname":"'Ayoun el 'Atrous","alternatenames":["'Ayoun el 'Atrous","Aioun el Atrouss","Ayoun El Atrous","Aïoun el Atrouss","’Ayoûn el ’Atroûs"],"latitude":"16.6614","longitude":"-9.6149","feature_class":"P","feature_code":"PPLA","country_code":"MR","cc2":"","admin1_code":"02","admin2_code":"","admin3_code":"","admin4_code":"","population":"12635","elevation":"","dem":"235","timezone":"Africa/Nouakchott","modification_date":"2013-08-04"},{"geonameid":"2381334","name":"Atar","asciiname":"Atar","alternatenames":["ATR","Atar","Atâr"],"latitude":"20.51686","longitude":"-13.04987","feature_class":"P","feature_code":"PPLA","country_code":"MR","cc2":"","admin1_code":"07","admin2_code":"","admin3_code":"","admin4_code":"","population":"24021","elevation":"","dem":"223","timezone":"Africa/Nouakchott","modification_date":"2013-08-04"},{"geonameid":"2381659","name":"Aleg","asciiname":"Aleg","alternatenames":["Aleg","LEG"],"latitude":"17.0481","longitude":"-13.9209","feature_class":"P","feature_code":"PPLA","country_code":"MR","cc2":"","admin1_code":"05","admin2_code":"","admin3_code":"","admin4_code":"","population":"15211","elevation":"","dem":"33","timezone":"Africa/Nouakchott","modification_date":"2013-08-10"},{"geonameid":"2381690","name":"Akjoujt","asciiname":"Akjoujt","alternatenames":["AJJ","Akdzawadzat","Akdżawadżat","Akjoujt","Akjout","Fort Repoux"],"latitude":"19.69694","longitude":"-14.41639","feature_class":"P","feature_code":"PPLA","country_code":"MR","cc2":"","admin1_code":"12","admin2_code":"","admin3_code":"","admin4_code":"","population":"11500","elevation":"","dem":"130","timezone":"Africa/Nouakchott","modification_date":"2013-08-09"},{"geonameid":"2375558","name":"Zouérat","asciiname":"Zouerat","alternatenames":["OUZ","Zoueiratt","Zouerat","Zouerate","Zoueïratt","Zouirat","Zouérat","Zouérate","Zouîrât","Zuerat","Zueratas","zueratto","ズエラット"],"latitude":"22.71873","longitude":"-12.45205","feature_class":"P","feature_code":"PPLA","country_code":"MR","cc2":"","admin1_code":"11","admin2_code":"","admin3_code":"","admin4_code":"","population":"38000","elevation":"","dem":"356","timezone":"Africa/Nouakchott","modification_date":"2013-08-04"},{"geonameid":"2376189","name":"Tékane","asciiname":"Tekane","alternatenames":["Tekane","Tiekane","Tiékane","Tékane"],"latitude":"16.57806","longitude":"-15.45972","feature_class":"P","feature_code":"PPL","country_code":"MR","cc2":"MR","admin1_code":"06","admin2_code":"","admin3_code":"","admin4_code":"","population":"22041","elevation":"","dem":"6","timezone":"Africa/Nouakchott","modification_date":"2013-05-05"},{"geonameid":"2376193","name":"Tidjikja","asciiname":"Tidjikja","alternatenames":["Fort Cappolani","TIY","Tidjikdja","Tidjikja","Tijikja"],"latitude":"18.55644","longitude":"-11.42715","feature_class":"P","feature_code":"PPLA","country_code":"MR","cc2":"","admin1_code":"09","admin2_code":"","admin3_code":"","admin4_code":"","population":"6000","elevation":"","dem":"398","timezone":"Africa/Nouakchott","modification_date":"2011-02-01"},{"geonameid":"2376719","name":"Sélibabi","asciiname":"Selibabi","alternatenames":["Selibabi","Selibaby","Sélibabi","Sélibaby"],"latitude":"15.15895","longitude":"-12.1829","feature_class":"P","feature_code":"PPLA","country_code":"MR","cc2":"","admin1_code":"10","admin2_code":"","admin3_code":"","admin4_code":"","population":"18424","elevation":"","dem":"63","timezone":"Africa/Nouakchott","modification_date":"2013-08-10"},{"geonameid":"2376898","name":"Rosso","asciiname":"Rosso","alternatenames":["Al-Quwarib","Roco","Rosso"],"latitude":"16.51378","longitude":"-15.80503","feature_class":"P","feature_code":"PPLA","country_code":"MR","cc2":"","admin1_code":"06","admin2_code":"","admin3_code":"","admin4_code":"","population":"48922","elevation":"","dem":"8","timezone":"Africa/Nouakchott","modification_date":"2013-08-05"},{"geonameid":"2377450","name":"Nouakchott","asciiname":"Nouakchott","alternatenames":["Gorad Nuakshot","NKC","Naevakjut","Nawakshot","Nawakszut","Nouakchat","Nouakchot","Nouakchott","Nouaksot","Nouaxot","Nuakchot","Nuakshot","Nuaksjott","Nuaksot","Nuaksota","Nuaksotas","Nuaksoto","Nuaksott","Nuakxot","Nuakŝoto","Nuakşot","Nuakšota","Nuakšotas","Nuakšott","Nävakjut","Núaksjott","huo suo","navakasuta","navakcot","nu wa ke xiao te","nu'akacota","nu'oyakasuta","nuagsyoteu","nuakushotto","nwakshwt","Νουακσότ","Νουαξότ","Горад Нуакшот","Нуакшот","Նուակշոտ","נואקשוט","نواكشوط","نواکشوت","نواکشوط","نواکشۆت","نوواکوٹ","नवाकसुत","নুওয়াকশুত","ਨੁਆਕਚੋਤ","நவாக்சோட்","นูแอกชอต","ནའུ་ཀ་ཅོ་ཊི།","ნუაქშოტი","ኑዋክሾት","ヌアクショット","努瓦克肖特","或索","누악쇼트"],"latitude":"18.08581","longitude":"-15.9785","feature_class":"P","feature_code":"PPLC","country_code":"MR","cc2":"","admin1_code":"NKC","admin2_code":"","admin3_code":"","admin4_code":"","population":"661400","elevation":"","dem":"10","timezone":"Africa/Nouakchott","modification_date":"2011-11-02"},{"geonameid":"2377457","name":"Nouâdhibou","asciiname":"Nouadhibou","alternatenames":["NDB","Nawazibu","Nouadhibou","Nouâdhibou","Nuadibu","Nuadibú","Port Etienne","Port Ettienne","Port-Etienne","Port-Étienne","Нуадибу","נואדיבו"],"latitude":"20.93098","longitude":"-17.03465","feature_class":"P","feature_code":"PPLA","country_code":"MR","cc2":"","admin1_code":"08","admin2_code":"","admin3_code":"","admin4_code":"","population":"72337","elevation":"","dem":"5","timezone":"Africa/Nouakchott","modification_date":"2014-10-17"},{"geonameid":"2377539","name":"Néma","asciiname":"Nema","alternatenames":["EMN","En Na`ma","En Na‘ma","Nema","Néma"],"latitude":"16.6162","longitude":"-7.2535","feature_class":"P","feature_code":"PPLA","country_code":"MR","cc2":"","admin1_code":"01","admin2_code":"","admin3_code":"","admin4_code":"","population":"60000","elevation":"","dem":"273","timezone":"Africa/Nouakchott","modification_date":"2013-08-10"},{"geonameid":"2378538","name":"Kiffa","asciiname":"Kiffa","alternatenames":["KFA","Kifa","Kiffa","Kîfa","Киффа"],"latitude":"16.61659","longitude":"-11.40453","feature_class":"P","feature_code":"PPLA","country_code":"MR","cc2":"","admin1_code":"03","admin2_code":"","admin3_code":"","admin4_code":"","population":"40281","elevation":"","dem":"125","timezone":"Africa/Nouakchott","modification_date":"2013-08-11"},{"geonameid":"2378736","name":"Kaédi","asciiname":"Kaedi","alternatenames":["Kaedi","Kaédi","קאדי"],"latitude":"16.14653","longitude":"-13.50474","feature_class":"P","feature_code":"PPLA","country_code":"MR","cc2":"","admin1_code":"04","admin2_code":"","admin3_code":"","admin4_code":"","population":"55374","elevation":"","dem":"31","timezone":"Africa/Nouakchott","modification_date":"2013-08-04"},{"geonameid":"2381291","name":"’Ayoûn el ’Atroûs","asciiname":"'Ayoun el 'Atrous","alternatenames":["'Ayoun el 'Atrous","Aioun el Atrouss","Ayoun El Atrous","Aïoun el Atrouss","’Ayoûn el ’Atroûs"],"latitude":"16.6614","longitude":"-9.6149","feature_class":"P","feature_code":"PPLA","country_code":"MR","cc2":"","admin1_code":"02","admin2_code":"","admin3_code":"","admin4_code":"","population":"12635","elevation":"","dem":"235","timezone":"Africa/Nouakchott","modification_date":"2013-08-04"},{"geonameid":"2381334","name":"Atar","asciiname":"Atar","alternatenames":["ATR","Atar","Atâr"],"latitude":"20.51686","longitude":"-13.04987","feature_class":"P","feature_code":"PPLA","country_code":"MR","cc2":"","admin1_code":"07","admin2_code":"","admin3_code":"","admin4_code":"","population":"24021","elevation":"","dem":"223","timezone":"Africa/Nouakchott","modification_date":"2013-08-04"},{"geonameid":"2381659","name":"Aleg","asciiname":"Aleg","alternatenames":["Aleg","LEG"],"latitude":"17.0481","longitude":"-13.9209","feature_class":"P","feature_code":"PPLA","country_code":"MR","cc2":"","admin1_code":"05","admin2_code":"","admin3_code":"","admin4_code":"","population":"15211","elevation":"","dem":"33","timezone":"Africa/Nouakchott","modification_date":"2013-08-10"},{"geonameid":"2381690","name":"Akjoujt","asciiname":"Akjoujt","alternatenames":["AJJ","Akdzawadzat","Akdżawadżat","Akjoujt","Akjout","Fort Repoux"],"latitude":"19.69694","longitude":"-14.41639","feature_class":"P","feature_code":"PPLA","country_code":"MR","cc2":"","admin1_code":"12","admin2_code":"","admin3_code":"","admin4_code":"","population":"11500","elevation":"","dem":"130","timezone":"Africa/Nouakchott","modification_date":"2013-08-09"},{"geonameid":"2375558","name":"Zouérat","asciiname":"Zouerat","alternatenames":["OUZ","Zoueiratt","Zouerat","Zouerate","Zoueïratt","Zouirat","Zouérat","Zouérate","Zouîrât","Zuerat","Zueratas","zueratto","ズエラット"],"latitude":"22.71873","longitude":"-12.45205","feature_class":"P","feature_code":"PPLA","country_code":"MR","cc2":"","admin1_code":"11","admin2_code":"","admin3_code":"","admin4_code":"","population":"38000","elevation":"","dem":"356","timezone":"Africa/Nouakchott","modification_date":"2013-08-04"},{"geonameid":"2376189","name":"Tékane","asciiname":"Tekane","alternatenames":["Tekane","Tiekane","Tiékane","Tékane"],"latitude":"16.57806","longitude":"-15.45972","feature_class":"P","feature_code":"PPL","country_code":"MR","cc2":"MR","admin1_code":"06","admin2_code":"","admin3_code":"","admin4_code":"","population":"22041","elevation":"","dem":"6","timezone":"Africa/Nouakchott","modification_date":"2013-05-05"},{"geonameid":"2376719","name":"Sélibabi","asciiname":"Selibabi","alternatenames":["Selibabi","Selibaby","Sélibabi","Sélibaby"],"latitude":"15.15895","longitude":"-12.1829","feature_class":"P","feature_code":"PPLA","country_code":"MR","cc2":"","admin1_code":"10","admin2_code":"","admin3_code":"","admin4_code":"","population":"18424","elevation":"","dem":"63","timezone":"Africa/Nouakchott","modification_date":"2013-08-10"},{"geonameid":"2376898","name":"Rosso","asciiname":"Rosso","alternatenames":["Al-Quwarib","Roco","Rosso"],"latitude":"16.51378","longitude":"-15.80503","feature_class":"P","feature_code":"PPLA","country_code":"MR","cc2":"","admin1_code":"06","admin2_code":"","admin3_code":"","admin4_code":"","population":"48922","elevation":"","dem":"8","timezone":"Africa/Nouakchott","modification_date":"2013-08-05"},{"geonameid":"2377450","name":"Nouakchott","asciiname":"Nouakchott","alternatenames":["Gorad Nuakshot","NKC","Naevakjut","Nawakshot","Nawakszut","Nouakchat","Nouakchot","Nouakchott","Nouaksot","Nouaxot","Nuakchot","Nuakshot","Nuaksjott","Nuaksot","Nuaksota","Nuaksotas","Nuaksoto","Nuaksott","Nuakxot","Nuakŝoto","Nuakşot","Nuakšota","Nuakšotas","Nuakšott","Nävakjut","Núaksjott","huo suo","navakasuta","navakcot","nu wa ke xiao te","nu'akacota","nu'oyakasuta","nuagsyoteu","nuakushotto","nwakshwt","Νουακσότ","Νουαξότ","Горад Нуакшот","Нуакшот","Նուակշոտ","נואקשוט","نواكشوط","نواکشوت","نواکشوط","نواکشۆت","نوواکوٹ","नवाकसुत","নুওয়াকশুত","ਨੁਆਕਚੋਤ","நவாக்சோட்","นูแอกชอต","ནའུ་ཀ་ཅོ་ཊི།","ნუაქშოტი","ኑዋክሾት","ヌアクショット","努瓦克肖特","或索","누악쇼트"],"latitude":"18.08581","longitude":"-15.9785","feature_class":"P","feature_code":"PPLC","country_code":"MR","cc2":"","admin1_code":"NKC","admin2_code":"","admin3_code":"","admin4_code":"","population":"661400","elevation":"","dem":"10","timezone":"Africa/Nouakchott","modification_date":"2011-11-02"},{"geonameid":"2377457","name":"Nouâdhibou","asciiname":"Nouadhibou","alternatenames":["NDB","Nawazibu","Nouadhibou","Nouâdhibou","Nuadibu","Nuadibú","Port Etienne","Port Ettienne","Port-Etienne","Port-Étienne","Нуадибу","נואדיבו"],"latitude":"20.93098","longitude":"-17.03465","feature_class":"P","feature_code":"PPLA","country_code":"MR","cc2":"","admin1_code":"08","admin2_code":"","admin3_code":"","admin4_code":"","population":"72337","elevation":"","dem":"5","timezone":"Africa/Nouakchott","modification_date":"2014-10-17"},{"geonameid":"2377539","name":"Néma","asciiname":"Nema","alternatenames":["EMN","En Na`ma","En Na‘ma","Nema","Néma"],"latitude":"16.6162","longitude":"-7.2535","feature_class":"P","feature_code":"PPLA","country_code":"MR","cc2":"","admin1_code":"01","admin2_code":"","admin3_code":"","admin4_code":"","population":"60000","elevation":"","dem":"273","timezone":"Africa/Nouakchott","modification_date":"2013-08-10"},{"geonameid":"2378538","name":"Kiffa","asciiname":"Kiffa","alternatenames":["KFA","Kifa","Kiffa","Kîfa","Киффа"],"latitude":"16.61659","longitude":"-11.40453","feature_class":"P","feature_code":"PPLA","country_code":"MR","cc2":"","admin1_code":"03","admin2_code":"","admin3_code":"","admin4_code":"","population":"40281","elevation":"","dem":"125","timezone":"Africa/Nouakchott","modification_date":"2013-08-11"},{"geonameid":"2378736","name":"Kaédi","asciiname":"Kaedi","alternatenames":["Kaedi","Kaédi","קאדי"],"latitude":"16.14653","longitude":"-13.50474","feature_class":"P","feature_code":"PPLA","country_code":"MR","cc2":"","admin1_code":"04","admin2_code":"","admin3_code":"","admin4_code":"","population":"55374","elevation":"","dem":"31","timezone":"Africa/Nouakchott","modification_date":"2013-08-04"},{"geonameid":"2381334","name":"Atar","asciiname":"Atar","alternatenames":["ATR","Atar","Atâr"],"latitude":"20.51686","longitude":"-13.04987","feature_class":"P","feature_code":"PPLA","country_code":"MR","cc2":"","admin1_code":"07","admin2_code":"","admin3_code":"","admin4_code":"","population":"24021","elevation":"","dem":"223","timezone":"Africa/Nouakchott","modification_date":"2013-08-04"},{"geonameid":"2381659","name":"Aleg","asciiname":"Aleg","alternatenames":["Aleg","LEG"],"latitude":"17.0481","longitude":"-13.9209","feature_class":"P","feature_code":"PPLA","country_code":"MR","cc2":"","admin1_code":"05","admin2_code":"","admin3_code":"","admin4_code":"","population":"15211","elevation":"","dem":"33","timezone":"Africa/Nouakchott","modification_date":"2013-08-10"}]}