{"country_data":{"ISO":"MU","ISO3":"MUS","ISO_Numeric":"480","fips":"MP","country":"Mauritius","capital":"Port Louis","area":"2040","Population":"1294104","Continent":"AF","tld":".mu","CurrencyCode":"MUR","CurrencyName":"Rupee","Phone":"230","Postal_Code_Format":"","Postal_Code_Regex":"","Languages":"en-MU,bho,fr","geonameid":"934292","neighbours":"","EquivalentFipsCode":""},"cities":[{"geonameid":"933933","name":"Verdun","asciiname":"Verdun","alternatenames":["Verdun","Verdun Station"],"latitude":"-20.22833","longitude":"57.54389","feature_class":"P","feature_code":"PPL","country_code":"MU","cc2":"","admin1_code":"15","admin2_code":"","admin3_code":"","admin4_code":"","population":"2208","elevation":"","dem":"414","timezone":"Indian/Mauritius","modification_date":"2012-01-18"},{"geonameid":"933945","name":"Vacoas","asciiname":"Vacoas","alternatenames":["Phoenix","Vacoa","Vacoas","Vacoas-Phoenix"],"latitude":"-20.29806","longitude":"57.47833","feature_class":"P","feature_code":"PPL","country_code":"MU","cc2":"MU","admin1_code":"17","admin2_code":"","admin3_code":"","admin4_code":"","population":"110000","elevation":"","dem":"390","timezone":"Indian/Mauritius","modification_date":"2013-06-05"},{"geonameid":"933959","name":"Triolet","asciiname":"Triolet","alternatenames":["Triolet","Триолет"],"latitude":"-20.05472","longitude":"57.54528","feature_class":"P","feature_code":"PPL","country_code":"MU","cc2":"","admin1_code":"16","admin2_code":"","admin3_code":"","admin4_code":"","population":"23269","elevation":"","dem":"23","timezone":"Indian/Mauritius","modification_date":"2012-01-18"},{"geonameid":"933970","name":"The Vale","asciiname":"The Vale","alternatenames":[""],"latitude":"-20.02833","longitude":"57.58778","feature_class":"P","feature_code":"PPL","country_code":"MU","cc2":"","admin1_code":"19","admin2_code":"","admin3_code":"","admin4_code":"","population":"3707","elevation":"","dem":"22","timezone":"Indian/Mauritius","modification_date":"2006-01-17"},{"geonameid":"933974","name":"Terre Rouge","asciiname":"Terre Rouge","alternatenames":[""],"latitude":"-20.12611","longitude":"57.52444","feature_class":"P","feature_code":"PPL","country_code":"MU","cc2":"","admin1_code":"16","admin2_code":"","admin3_code":"","admin4_code":"","population":"9566","elevation":"","dem":"40","timezone":"Indian/Mauritius","modification_date":"2006-01-17"},{"geonameid":"933982","name":"Tamarin","asciiname":"Tamarin","alternatenames":[""],"latitude":"-20.32556","longitude":"57.37056","feature_class":"P","feature_code":"PPLA","country_code":"MU","cc2":"","admin1_code":"12","admin2_code":"","admin3_code":"","admin4_code":"","population":"3764","elevation":"","dem":"-9999","timezone":"Indian/Mauritius","modification_date":"2008-03-15"},{"geonameid":"933988","name":"Surinam","asciiname":"Surinam","alternatenames":[""],"latitude":"-20.50972","longitude":"57.50528","feature_class":"P","feature_code":"PPL","country_code":"MU","cc2":"","admin1_code":"20","admin2_code":"","admin3_code":"","admin4_code":"","population":"10621","elevation":"","dem":"28","timezone":"Indian/Mauritius","modification_date":"2006-01-17"},{"geonameid":"933995","name":"Souillac","asciiname":"Souillac","alternatenames":["Port Souillac","Soullac"],"latitude":"-20.51667","longitude":"57.51667","feature_class":"P","feature_code":"PPLA","country_code":"MU","cc2":"","admin1_code":"20","admin2_code":"","admin3_code":"","admin4_code":"","population":"4392","elevation":"","dem":"18","timezone":"Indian/Mauritius","modification_date":"2008-03-15"},{"geonameid":"934013","name":"Sebastopol","asciiname":"Sebastopol","alternatenames":[""],"latitude":"-20.28889","longitude":"57.6875","feature_class":"P","feature_code":"PPL","country_code":"MU","cc2":"","admin1_code":"13","admin2_code":"","admin3_code":"","admin4_code":"","population":"5745","elevation":"","dem":"214","timezone":"Indian/Mauritius","modification_date":"2006-01-17"},{"geonameid":"934032","name":"Saint Pierre","asciiname":"Saint Pierre","alternatenames":["Saint Pierre","Saint Pierre Village"],"latitude":"-20.2175","longitude":"57.52083","feature_class":"P","feature_code":"PPL","country_code":"MU","cc2":"","admin1_code":"15","admin2_code":"","admin3_code":"","admin4_code":"","population":"16414","elevation":"","dem":"369","timezone":"Indian/Mauritius","modification_date":"2012-01-18"},{"geonameid":"934043","name":"Saint Julien","asciiname":"Saint Julien","alternatenames":["Julien","Saint Julien","Saint Julien Village"],"latitude":"-20.22639","longitude":"57.63639","feature_class":"P","feature_code":"PPL","country_code":"MU","cc2":"","admin1_code":"13","admin2_code":"","admin3_code":"","admin4_code":"","population":"3188","elevation":"","dem":"329","timezone":"Indian/Mauritius","modification_date":"2012-01-18"},{"geonameid":"934047","name":"Saint Hubert","asciiname":"Saint Hubert","alternatenames":[""],"latitude":"-20.36417","longitude":"57.63833","feature_class":"P","feature_code":"PPL","country_code":"MU","cc2":"","admin1_code":"14","admin2_code":"","admin3_code":"","admin4_code":"","population":"4170","elevation":"","dem":"148","timezone":"Indian/Mauritius","modification_date":"2006-01-17"},{"geonameid":"934056","name":"Saint Aubin","asciiname":"Saint Aubin","alternatenames":["Saint Aubin","Sent-Oben","Union Saint Aubin","Сент-Обен"],"latitude":"-20.496","longitude":"57.55","feature_class":"P","feature_code":"PPL","country_code":"MU","cc2":"","admin1_code":"20","admin2_code":"","admin3_code":"","admin4_code":"","population":"1659","elevation":"","dem":"120","timezone":"Indian/Mauritius","modification_date":"2013-08-24"},{"geonameid":"934058","name":"Morcellemont Saint André","asciiname":"Morcellemont Saint Andre","alternatenames":["Morcellemont Saint Andre","Morcellemont Saint André","Saint-Andre","Saint-André"],"latitude":"-20.07306","longitude":"57.55806","feature_class":"P","feature_code":"PPL","country_code":"MU","cc2":"","admin1_code":"16","admin2_code":"","admin3_code":"","admin4_code":"","population":"6150","elevation":"","dem":"51","timezone":"Indian/Mauritius","modification_date":"2012-01-18"},{"geonameid":"934072","name":"Rose Belle","asciiname":"Rose Belle","alternatenames":["Roz-Bel'","Роз-Бель"],"latitude":"-20.40028","longitude":"57.59667","feature_class":"P","feature_code":"PPLA","country_code":"MU","cc2":"","admin1_code":"14","admin2_code":"","admin3_code":"","admin4_code":"","population":"12619","elevation":"","dem":"286","timezone":"Indian/Mauritius","modification_date":"2013-08-24"},{"geonameid":"934076","name":"Roche Terre","asciiname":"Roche Terre","alternatenames":[""],"latitude":"-20.01861","longitude":"57.64472","feature_class":"P","feature_code":"PPL","country_code":"MU","cc2":"","admin1_code":"19","admin2_code":"","admin3_code":"","admin4_code":"","population":"3199","elevation":"","dem":"23","timezone":"Indian/Mauritius","modification_date":"2006-01-17"},{"geonameid":"934085","name":"Roches Noire","asciiname":"Roches Noire","alternatenames":["Roche Noire","Roche Noires","Roches Noire","Roches Noires"],"latitude":"-20.11111","longitude":"57.71222","feature_class":"P","feature_code":"PPL","country_code":"MU","cc2":"","admin1_code":"19","admin2_code":"","admin3_code":"","admin4_code":"","population":"5733","elevation":"","dem":"23","timezone":"Indian/Mauritius","modification_date":"2012-01-18"},{"geonameid":"934089","name":"Grande Rivière Noire","asciiname":"Grande Riviere Noire","alternatenames":["Black River","Grand Riviere Noire","Grand Rivière Noire","Grande Riviere Noire","Grande Rivière Noire","Riviere Noire","Rivière Noire"],"latitude":"-20.36028","longitude":"57.36611","feature_class":"P","feature_code":"PPL","country_code":"MU","cc2":"","admin1_code":"12","admin2_code":"","admin3_code":"","admin4_code":"","population":"2361","elevation":"","dem":"-9999","timezone":"Indian/Mauritius","modification_date":"2012-01-18"},{"geonameid":"934091","name":"Rivière du Rempart","asciiname":"Riviere du Rempart","alternatenames":[""],"latitude":"-20.10306","longitude":"57.68472","feature_class":"P","feature_code":"PPLA","country_code":"MU","cc2":"","admin1_code":"19","admin2_code":"","admin3_code":"","admin4_code":"","population":"11675","elevation":"","dem":"53","timezone":"Indian/Mauritius","modification_date":"2012-01-14"},{"geonameid":"934095","name":"Rivière des Anguilles","asciiname":"Riviere des Anguilles","alternatenames":["River des Anguilles","River-dez-Angij","Riviere des Anguilles","Rivière des Anguilles","Ривер-дез-Ангий"],"latitude":"-20.48528","longitude":"57.55083","feature_class":"P","feature_code":"PPL","country_code":"MU","cc2":"","admin1_code":"20","admin2_code":"","admin3_code":"","admin4_code":"","population":"9927","elevation":"","dem":"148","timezone":"Indian/Mauritius","modification_date":"2013-08-24"},{"geonameid":"934126","name":"Queen Victoria","asciiname":"Queen Victoria","alternatenames":[""],"latitude":"-20.22","longitude":"57.7075","feature_class":"P","feature_code":"PPL","country_code":"MU","cc2":"","admin1_code":"13","admin2_code":"","admin3_code":"","admin4_code":"","population":"3025","elevation":"","dem":"129","timezone":"Indian/Mauritius","modification_date":"2006-01-17"},{"geonameid":"934127","name":"Quatre Soeurs","asciiname":"Quatre Soeurs","alternatenames":["La Coterie","Quatre Soeurs","Quatre Soeurs Br."],"latitude":"-20.29917","longitude":"57.77056","feature_class":"P","feature_code":"PPL","country_code":"MU","cc2":"","admin1_code":"13","admin2_code":"","admin3_code":"","admin4_code":"","population":"3515","elevation":"","dem":"15","timezone":"Indian/Mauritius","modification_date":"2012-01-18"},{"geonameid":"934131","name":"Quatre Bornes","asciiname":"Quatre Bornes","alternatenames":["Quatre Bornes"],"latitude":"-20.26381","longitude":"57.4791","feature_class":"P","feature_code":"PPL","country_code":"MU","cc2":"","admin1_code":"17","admin2_code":"","admin3_code":"","admin4_code":"","population":"80961","elevation":"","dem":"335","timezone":"Indian/Mauritius","modification_date":"2012-05-18"},{"geonameid":"934133","name":"Quartier Militaire","asciiname":"Quartier Militaire","alternatenames":["Quartier Militaire"],"latitude":"-20.24389","longitude":"57.58917","feature_class":"P","feature_code":"PPLA","country_code":"MU","cc2":"","admin1_code":"15","admin2_code":"","admin3_code":"","admin4_code":"","population":"6424","elevation":"","dem":"446","timezone":"Indian/Mauritius","modification_date":"2012-01-14"},{"geonameid":"934138","name":"Providence","asciiname":"Providence","alternatenames":[""],"latitude":"-20.24472","longitude":"57.61222","feature_class":"P","feature_code":"PPL","country_code":"MU","cc2":"","admin1_code":"15","admin2_code":"","admin3_code":"","admin4_code":"","population":"3126","elevation":"","dem":"395","timezone":"Indian/Mauritius","modification_date":"2006-01-17"},{"geonameid":"934149","name":"Poste de Flacq","asciiname":"Poste de Flacq","alternatenames":["Post of Flacq","Poste de Flacq"],"latitude":"-20.16306","longitude":"57.73056","feature_class":"P","feature_code":"PPL","country_code":"MU","cc2":"","admin1_code":"13","admin2_code":"","admin3_code":"","admin4_code":"","population":"7133","elevation":"","dem":"22","timezone":"Indian/Mauritius","modification_date":"2012-01-18"},{"geonameid":"934154","name":"Port Louis","asciiname":"Port Louis","alternatenames":["Bort Lois","Gorad Port-Lui","Po-Loui","Por Loui","Port Lois","Port Louis","Port Louis Town","Port Lui","Port Luis","Port Luisas","Port Luiz","Port-Louis","Port-Lui","Port-Luiso","Portlui","Portluī","Portus Ludovici","Pò-Loui","bwr lwys","lu yi gang","phxrt hluys","porata lu'i","port luyis","porta lu'i","porta lu'isa","poteulu-iseu","potoruisu","pwr lwʼy","Πορ Λουί","Горад Порт-Луі","Порт Луи","Порт Луис","Порт-Луи","Порт-Луї","Պորտ Լուի","פור לואי","بور لويس","پورت‌لوئیس","پورٹ لوئس","پورٹ لوئی","پۆرت لویس","पोर्ट लुई","पोर्ट लुईस","পোর্ট লুইস","ਪੋਰਟ ਲੂਈ","ପୋର୍ଟ ଲୁଇସ","போர்ட் லூயிஸ்","พอร์ตหลุยส์","ལོ་ཡི་སི་གྲུ་ཁ།","პორტ-ლუი","ፖርት ሉዊስ","ポートルイス","路易港","포트루이스"],"latitude":"-20.16194","longitude":"57.49889","feature_class":"P","feature_code":"PPLC","country_code":"MU","cc2":"","admin1_code":"18","admin2_code":"","admin3_code":"","admin4_code":"","population":"155226","elevation":"","dem":"3","timezone":"Indian/Mauritius","modification_date":"2012-01-18"},{"geonameid":"934169","name":"Plaine Magnien","asciiname":"Plaine Magnien","alternatenames":["Plaine Magnien","Plaines Magnien"],"latitude":"-20.42967","longitude":"57.66968","feature_class":"P","feature_code":"PPL","country_code":"MU","cc2":"","admin1_code":"14","admin2_code":"","admin3_code":"","admin4_code":"","population":"10778","elevation":"","dem":"67","timezone":"Indian/Mauritius","modification_date":"2014-08-18"},{"geonameid":"934170","name":"Plaine des Papayes","asciiname":"Plaine des Papayes","alternatenames":["Plaine des Papayes","Plaines des Papayes"],"latitude":"-20.065","longitude":"57.5725","feature_class":"P","feature_code":"PPL","country_code":"MU","cc2":"","admin1_code":"16","admin2_code":"","admin3_code":"","admin4_code":"","population":"7617","elevation":"","dem":"68","timezone":"Indian/Mauritius","modification_date":"2012-01-18"},{"geonameid":"934184","name":"Petit Raffray","asciiname":"Petit Raffray","alternatenames":[""],"latitude":"-20.01333","longitude":"57.61194","feature_class":"P","feature_code":"PPL","country_code":"MU","cc2":"","admin1_code":"19","admin2_code":"","admin3_code":"","admin4_code":"","population":"9117","elevation":"","dem":"30","timezone":"Indian/Mauritius","modification_date":"2006-01-17"},{"geonameid":"934195","name":"Petite Rivière","asciiname":"Petite Riviere","alternatenames":["Ptit-Riv'er","Птит-Ривьер"],"latitude":"-20.19551","longitude":"57.44592","feature_class":"P","feature_code":"PPL","country_code":"MU","cc2":"","admin1_code":"12","admin2_code":"","admin3_code":"","admin4_code":"","population":"5331","elevation":"","dem":"86","timezone":"Indian/Mauritius","modification_date":"2013-08-25"},{"geonameid":"934198","name":"Petite Case Noyale","asciiname":"Petite Case Noyale","alternatenames":[""],"latitude":"-20.39306","longitude":"57.365","feature_class":"P","feature_code":"PPL","country_code":"MU","cc2":"","admin1_code":"12","admin2_code":"","admin3_code":"","admin4_code":"","population":"1525","elevation":"","dem":"-9999","timezone":"Indian/Mauritius","modification_date":"2006-01-17"},{"geonameid":"934213","name":"Pamplemousses","asciiname":"Pamplemousses","alternatenames":["Pamplemousses","Pamplemousses Village"],"latitude":"-20.10389","longitude":"57.57028","feature_class":"P","feature_code":"PPLA","country_code":"MU","cc2":"","admin1_code":"16","admin2_code":"","admin3_code":"","admin4_code":"","population":"8836","elevation":"","dem":"64","timezone":"Indian/Mauritius","modification_date":"2013-07-10"},{"geonameid":"934219","name":"Pailles","asciiname":"Pailles","alternatenames":["Pailles","Pailles Village","mauvilac"],"latitude":"-20.19271","longitude":"57.48826","feature_class":"P","feature_code":"PPL","country_code":"MU","cc2":"","admin1_code":"15","admin2_code":"","admin3_code":"","admin4_code":"","population":"10622","elevation":"","dem":"73","timezone":"Indian/Mauritius","modification_date":"2011-04-13"},{"geonameid":"934225","name":"Olivia","asciiname":"Olivia","alternatenames":["Oliva","Olivia"],"latitude":"-20.2975","longitude":"57.72556","feature_class":"P","feature_code":"PPL","country_code":"MU","cc2":"","admin1_code":"13","admin2_code":"","admin3_code":"","admin4_code":"","population":"3980","elevation":"","dem":"121","timezone":"Indian/Mauritius","modification_date":"2012-01-18"},{"geonameid":"934229","name":"Nouvelle France","asciiname":"Nouvelle France","alternatenames":[""],"latitude":"-20.37056","longitude":"57.56111","feature_class":"P","feature_code":"PPL","country_code":"MU","cc2":"","admin1_code":"14","admin2_code":"","admin3_code":"","admin4_code":"","population":"7238","elevation":"","dem":"461","timezone":"Indian/Mauritius","modification_date":"2006-01-17"},{"geonameid":"934232","name":"Notre Dame","asciiname":"Notre Dame","alternatenames":["Notre Dame","Notre Dame Station"],"latitude":"-20.14056","longitude":"57.55306","feature_class":"P","feature_code":"PPL","country_code":"MU","cc2":"","admin1_code":"16","admin2_code":"","admin3_code":"","admin4_code":"","population":"3959","elevation":"","dem":"111","timezone":"Indian/Mauritius","modification_date":"2012-01-18"},{"geonameid":"934240","name":"New Grove","asciiname":"New Grove","alternatenames":["New Grove","New Grove Station"],"latitude":"-20.40861","longitude":"57.61361","feature_class":"P","feature_code":"PPL","country_code":"MU","cc2":"","admin1_code":"14","admin2_code":"","admin3_code":"","admin4_code":"","population":"9935","elevation":"","dem":"241","timezone":"Indian/Mauritius","modification_date":"2012-01-18"},{"geonameid":"934255","name":"Piton","asciiname":"Piton","alternatenames":["Mont Piton","Piton"],"latitude":"-20.09028","longitude":"57.63028","feature_class":"P","feature_code":"PPL","country_code":"MU","cc2":"","admin1_code":"19","admin2_code":"","admin3_code":"","admin4_code":"","population":"5909","elevation":"","dem":"96","timezone":"Indian/Mauritius","modification_date":"2012-01-18"},{"geonameid":"934262","name":"Montagne Blanche","asciiname":"Montagne Blanche","alternatenames":["Blanche Mont","Mont Blanche","Montagne Blanche"],"latitude":"-20.28278","longitude":"57.65444","feature_class":"P","feature_code":"PPL","country_code":"MU","cc2":"","admin1_code":"00","admin2_code":"","admin3_code":"","admin4_code":"","population":"8661","elevation":"","dem":"298","timezone":"Indian/Mauritius","modification_date":"2012-01-18"},{"geonameid":"934277","name":"Moka","asciiname":"Moka","alternatenames":["Moka","Moka Village"],"latitude":"-20.21889","longitude":"57.49583","feature_class":"P","feature_code":"PPL","country_code":"MU","cc2":"","admin1_code":"15","admin2_code":"","admin3_code":"","admin4_code":"","population":"8842","elevation":"","dem":"322","timezone":"Indian/Mauritius","modification_date":"2012-01-18"},{"geonameid":"934282","name":"Midlands","asciiname":"Midlands","alternatenames":[""],"latitude":"-20.3325","longitude":"57.55833","feature_class":"P","feature_code":"PPL","country_code":"MU","cc2":"","admin1_code":"17","admin2_code":"","admin3_code":"","admin4_code":"","population":"4546","elevation":"","dem":"497","timezone":"Indian/Mauritius","modification_date":"2006-01-17"},{"geonameid":"934288","name":"Melrose","asciiname":"Melrose","alternatenames":[""],"latitude":"-20.26972","longitude":"57.63194","feature_class":"P","feature_code":"PPL","country_code":"MU","cc2":"","admin1_code":"15","admin2_code":"","admin3_code":"","admin4_code":"","population":"2002","elevation":"","dem":"346","timezone":"Indian/Mauritius","modification_date":"2006-01-17"},{"geonameid":"934322","name":"Mahébourg","asciiname":"Mahebourg","alternatenames":["Mahebourg","Mahébourg"],"latitude":"-20.40806","longitude":"57.7","feature_class":"P","feature_code":"PPL","country_code":"MU","cc2":"","admin1_code":"14","admin2_code":"","admin3_code":"","admin4_code":"","population":"17042","elevation":"","dem":"26","timezone":"Indian/Mauritius","modification_date":"2012-01-18"},{"geonameid":"934333","name":"Long Mountain","asciiname":"Long Mountain","alternatenames":["Long Mountain","Mont Longue"],"latitude":"-20.14306","longitude":"57.56222","feature_class":"P","feature_code":"PPL","country_code":"MU","cc2":"","admin1_code":"16","admin2_code":"","admin3_code":"","admin4_code":"","population":"7775","elevation":"","dem":"134","timezone":"Indian/Mauritius","modification_date":"2012-01-18"},{"geonameid":"934390","name":"Lalmatie","asciiname":"Lalmatie","alternatenames":[""],"latitude":"-20.18972","longitude":"57.66111","feature_class":"P","feature_code":"PPL","country_code":"MU","cc2":"","admin1_code":"13","admin2_code":"","admin3_code":"","admin4_code":"","population":"10404","elevation":"","dem":"215","timezone":"Indian/Mauritius","modification_date":"2006-01-17"},{"geonameid":"934400","name":"La Dagotière","asciiname":"La Dagotiere","alternatenames":["Dagotiere","Dagotière","La Dagotiere","La Dagotière"],"latitude":"-20.24444","longitude":"57.55417","feature_class":"P","feature_code":"PPL","country_code":"MU","cc2":"","admin1_code":"15","admin2_code":"","admin3_code":"","admin4_code":"","population":"6915","elevation":"","dem":"438","timezone":"Indian/Mauritius","modification_date":"2012-01-18"},{"geonameid":"934459","name":"Grand Sable","asciiname":"Grand Sable","alternatenames":[""],"latitude":"-20.31417","longitude":"57.76444","feature_class":"P","feature_code":"PPL","country_code":"MU","cc2":"","admin1_code":"14","admin2_code":"","admin3_code":"","admin4_code":"","population":"2208","elevation":"","dem":"129","timezone":"Indian/Mauritius","modification_date":"2006-01-17"},{"geonameid":"934475","name":"Grande Rivière Sud Est","asciiname":"Grande Riviere Sud Est","alternatenames":["Grand River","Grand River South East","Grande Reviere Sud Est","Grande Riviere Sud Est","Grande Rivière Sud Est"],"latitude":"-20.28611","longitude":"57.77583","feature_class":"P","feature_code":"PPL","country_code":"MU","cc2":"","admin1_code":"13","admin2_code":"","admin3_code":"","admin4_code":"","population":"2472","elevation":"","dem":"47","timezone":"Indian/Mauritius","modification_date":"2012-01-18"},{"geonameid":"934479","name":"Grand Gaube","asciiname":"Grand Gaube","alternatenames":["Grand Gaube","Grande Gaube"],"latitude":"-20.00639","longitude":"57.66083","feature_class":"P","feature_code":"PPL","country_code":"MU","cc2":"","admin1_code":"19","admin2_code":"","admin3_code":"","admin4_code":"","population":"7156","elevation":"","dem":"10","timezone":"Indian/Mauritius","modification_date":"2012-01-18"},{"geonameid":"934482","name":"Grand Baie","asciiname":"Grand Baie","alternatenames":["Grand Baie","Grande Baie"],"latitude":"-20.01816","longitude":"57.58015","feature_class":"P","feature_code":"PPL","country_code":"MU","cc2":"","admin1_code":"19","admin2_code":"","admin3_code":"","admin4_code":"","population":"11512","elevation":"","dem":"10","timezone":"Indian/Mauritius","modification_date":"2011-04-13"},{"geonameid":"934485","name":"Grand Bois","asciiname":"Grand Bois","alternatenames":["Gran-Bua","Grand Bois","Гран-Буа"],"latitude":"-20.41889","longitude":"57.54417","feature_class":"P","feature_code":"PPL","country_code":"MU","cc2":"","admin1_code":"20","admin2_code":"","admin3_code":"","admin4_code":"","population":"7804","elevation":"","dem":"407","timezone":"Indian/Mauritius","modification_date":"2013-09-07"},{"geonameid":"934488","name":"Goodlands","asciiname":"Goodlands","alternatenames":["Goodlands"],"latitude":"-20.035","longitude":"57.64306","feature_class":"P","feature_code":"PPL","country_code":"MU","cc2":"","admin1_code":"19","admin2_code":"","admin3_code":"","admin4_code":"","population":"20910","elevation":"","dem":"49","timezone":"Indian/Mauritius","modification_date":"2012-02-02"},{"geonameid":"934513","name":"Fond du Sac","asciiname":"Fond du Sac","alternatenames":["Fond du Sac"],"latitude":"-20.04306","longitude":"57.57861","feature_class":"P","feature_code":"PPL","country_code":"MU","cc2":"","admin1_code":"16","admin2_code":"","admin3_code":"","admin4_code":"","population":"5796","elevation":"","dem":"50","timezone":"Indian/Mauritius","modification_date":"2012-01-18"},{"geonameid":"934517","name":"Flic en Flac","asciiname":"Flic en Flac","alternatenames":["Flic en Flac","Flic-en-Flacq"],"latitude":"-20.27417","longitude":"57.36306","feature_class":"P","feature_code":"PPL","country_code":"MU","cc2":"","admin1_code":"12","admin2_code":"","admin3_code":"","admin4_code":"","population":"2010","elevation":"","dem":"-9999","timezone":"Indian/Mauritius","modification_date":"2012-01-18"},{"geonameid":"934533","name":"Espérance Trébuchet","asciiname":"Esperance Trebuchet","alternatenames":["Esperance","Esperance Trebuchet","Espérance","Espérance Trébuchet"],"latitude":"-20.06972","longitude":"57.64194","feature_class":"P","feature_code":"PPL","country_code":"MU","cc2":"","admin1_code":"19","admin2_code":"","admin3_code":"","admin4_code":"","population":"2323","elevation":"","dem":"66","timezone":"Indian/Mauritius","modification_date":"2012-01-18"},{"geonameid":"934570","name":"Curepipe","asciiname":"Curepipe","alternatenames":["Curepipe","Kjurpip","Kurepipe","Курепипе","Кюрпип"],"latitude":"-20.31472","longitude":"57.52028","feature_class":"P","feature_code":"PPL","country_code":"MU","cc2":"","admin1_code":"17","admin2_code":"","admin3_code":"","admin4_code":"","population":"84200","elevation":"","dem":"554","timezone":"Indian/Mauritius","modification_date":"2013-08-25"},{"geonameid":"934573","name":"Crève Coeur","asciiname":"Creve Coeur","alternatenames":[""],"latitude":"-20.19111","longitude":"57.55722","feature_class":"P","feature_code":"PPL","country_code":"MU","cc2":"","admin1_code":"16","admin2_code":"","admin3_code":"","admin4_code":"","population":"3097","elevation":"","dem":"467","timezone":"Indian/Mauritius","modification_date":"2006-01-17"},{"geonameid":"934599","name":"Clémencia","asciiname":"Clemencia","alternatenames":[""],"latitude":"-20.26389","longitude":"57.70611","feature_class":"P","feature_code":"PPL","country_code":"MU","cc2":"","admin1_code":"13","admin2_code":"","admin3_code":"","admin4_code":"","population":"1835","elevation":"","dem":"108","timezone":"Indian/Mauritius","modification_date":"2006-01-17"},{"geonameid":"934614","name":"Chemin Grenier","asciiname":"Chemin Grenier","alternatenames":["Chemin Grenier","Shmen-Gren'e","Шмен-Гренье"],"latitude":"-20.48722","longitude":"57.46556","feature_class":"P","feature_code":"PPL","country_code":"MU","cc2":"","admin1_code":"20","admin2_code":"","admin3_code":"","admin4_code":"","population":"12457","elevation":"","dem":"74","timezone":"Indian/Mauritius","modification_date":"2013-08-24"},{"geonameid":"934624","name":"Chamouny","asciiname":"Chamouny","alternatenames":[""],"latitude":"-20.48222","longitude":"57.46611","feature_class":"P","feature_code":"PPL","country_code":"MU","cc2":"","admin1_code":"20","admin2_code":"","admin3_code":"","admin4_code":"","population":"4913","elevation":"","dem":"131","timezone":"Indian/Mauritius","modification_date":"2006-01-17"},{"geonameid":"934631","name":"Centre de Flacq","asciiname":"Centre de Flacq","alternatenames":["Centre of Flacq","Flacq"],"latitude":"-20.18972","longitude":"57.71444","feature_class":"P","feature_code":"PPLA","country_code":"MU","cc2":"","admin1_code":"13","admin2_code":"","admin3_code":"","admin4_code":"","population":"17710","elevation":"","dem":"53","timezone":"Indian/Mauritius","modification_date":"2008-03-15"},{"geonameid":"934644","name":"Cascavelle","asciiname":"Cascavelle","alternatenames":[""],"latitude":"-20.28694","longitude":"57.40722","feature_class":"P","feature_code":"PPL","country_code":"MU","cc2":"","admin1_code":"12","admin2_code":"","admin3_code":"","admin4_code":"","population":"2613","elevation":"","dem":"135","timezone":"Indian/Mauritius","modification_date":"2006-01-17"},{"geonameid":"934649","name":"Cap Malheureux","asciiname":"Cap Malheureux","alternatenames":["Cap Malheureux"],"latitude":"-19.98417","longitude":"57.61417","feature_class":"P","feature_code":"PPL","country_code":"MU","cc2":"","admin1_code":"19","admin2_code":"","admin3_code":"","admin4_code":"","population":"4803","elevation":"","dem":"9","timezone":"Indian/Mauritius","modification_date":"2012-05-05"},{"geonameid":"934656","name":"Camp Thorel","asciiname":"Camp Thorel","alternatenames":["Camp Thorel","Camp Thoret"],"latitude":"-20.21472","longitude":"57.61611","feature_class":"P","feature_code":"PPL","country_code":"MU","cc2":"","admin1_code":"15","admin2_code":"","admin3_code":"","admin4_code":"","population":"2299","elevation":"","dem":"392","timezone":"Indian/Mauritius","modification_date":"2012-01-18"},{"geonameid":"934660","name":"Camp Diable","asciiname":"Camp Diable","alternatenames":[""],"latitude":"-20.46278","longitude":"57.57889","feature_class":"P","feature_code":"PPL","country_code":"MU","cc2":"","admin1_code":"20","admin2_code":"","admin3_code":"","admin4_code":"","population":"5082","elevation":"","dem":"198","timezone":"Indian/Mauritius","modification_date":"2006-01-17"},{"geonameid":"934661","name":"Camp de Masque","asciiname":"Camp de Masque","alternatenames":["Camp de Masque","Camp de Masque Station"],"latitude":"-20.23694","longitude":"57.66333","feature_class":"P","feature_code":"PPL","country_code":"MU","cc2":"","admin1_code":"13","admin2_code":"","admin3_code":"","admin4_code":"","population":"2721","elevation":"","dem":"265","timezone":"Indian/Mauritius","modification_date":"2012-01-18"},{"geonameid":"934677","name":"Brisée Verdière","asciiname":"Brisee Verdiere","alternatenames":[""],"latitude":"-20.16389","longitude":"57.64667","feature_class":"P","feature_code":"PPL","country_code":"MU","cc2":"","admin1_code":"13","admin2_code":"","admin3_code":"","admin4_code":"","population":"7374","elevation":"","dem":"183","timezone":"Indian/Mauritius","modification_date":"2006-01-17"},{"geonameid":"934693","name":"Bon Accueil","asciiname":"Bon Accueil","alternatenames":[""],"latitude":"-20.17083","longitude":"57.65639","feature_class":"P","feature_code":"PPL","country_code":"MU","cc2":"","admin1_code":"13","admin2_code":"","admin3_code":"","admin4_code":"","population":"6553","elevation":"","dem":"183","timezone":"Indian/Mauritius","modification_date":"2006-01-17"},{"geonameid":"934705","name":"Bois des Amourettes","asciiname":"Bois des Amourettes","alternatenames":[""],"latitude":"-20.36306","longitude":"57.73111","feature_class":"P","feature_code":"PPL","country_code":"MU","cc2":"","admin1_code":"14","admin2_code":"","admin3_code":"","admin4_code":"","population":"1986","elevation":"","dem":"182","timezone":"Indian/Mauritius","modification_date":"2006-01-17"},{"geonameid":"934750","name":"Bel Air Rivière Sèche","asciiname":"Bel Air Riviere Seche","alternatenames":["Bel Air Riviere Seche","Bel Air Rivière Sèche"],"latitude":"-20.25777","longitude":"57.74976","feature_class":"P","feature_code":"PPL","country_code":"MU","cc2":"","admin1_code":"13","admin2_code":"","admin3_code":"","admin4_code":"","population":"17671","elevation":"","dem":"78","timezone":"Indian/Mauritius","modification_date":"2014-05-18"},{"geonameid":"934753","name":"Beau Vallon","asciiname":"Beau Vallon","alternatenames":["Beau Vallon","Beau-Vallon"],"latitude":"-20.41889","longitude":"57.69528","feature_class":"P","feature_code":"PPL","country_code":"MU","cc2":"","admin1_code":"14","admin2_code":"","admin3_code":"","admin4_code":"","population":"7016","elevation":"","dem":"35","timezone":"Indian/Mauritius","modification_date":"2013-07-05"},{"geonameid":"934812","name":"Albion","asciiname":"Albion","alternatenames":[""],"latitude":"-20.21167","longitude":"57.40083","feature_class":"P","feature_code":"PPL","country_code":"MU","cc2":"","admin1_code":"12","admin2_code":"","admin3_code":"","admin4_code":"","population":"3254","elevation":"","dem":"147","timezone":"Indian/Mauritius","modification_date":"2006-01-17"},{"geonameid":"1106584","name":"Laventure","asciiname":"Laventure","alternatenames":[""],"latitude":"-20.14583","longitude":"57.67667","feature_class":"P","feature_code":"PPL","country_code":"MU","cc2":"","admin1_code":"13","admin2_code":"","admin3_code":"","admin4_code":"","population":"6171","elevation":"","dem":"120","timezone":"Indian/Mauritius","modification_date":"2006-01-17"},{"geonameid":"1106589","name":"Cluny","asciiname":"Cluny","alternatenames":[""],"latitude":"-20.36694","longitude":"57.60389","feature_class":"P","feature_code":"PPL","country_code":"MU","cc2":"","admin1_code":"14","admin2_code":"","admin3_code":"","admin4_code":"","population":"1629","elevation":"","dem":"317","timezone":"Indian/Mauritius","modification_date":"2006-01-17"},{"geonameid":"1106596","name":"Cottage","asciiname":"Cottage","alternatenames":[""],"latitude":"-20.05972","longitude":"57.62917","feature_class":"P","feature_code":"PPL","country_code":"MU","cc2":"","admin1_code":"19","admin2_code":"","admin3_code":"","admin4_code":"","population":"3646","elevation":"","dem":"58","timezone":"Indian/Mauritius","modification_date":"2006-01-17"},{"geonameid":"1106614","name":"Grande Pointe aux Piments","asciiname":"Grande Pointe aux Piments","alternatenames":[""],"latitude":"-20.06278","longitude":"57.51306","feature_class":"P","feature_code":"PPL","country_code":"MU","cc2":"","admin1_code":"16","admin2_code":"","admin3_code":"","admin4_code":"","population":"7556","elevation":"","dem":"-9999","timezone":"Indian/Mauritius","modification_date":"2006-01-17"},{"geonameid":"1106621","name":"Congomah","asciiname":"Congomah","alternatenames":[""],"latitude":"-20.14889","longitude":"57.59083","feature_class":"P","feature_code":"PPL","country_code":"MU","cc2":"","admin1_code":"16","admin2_code":"","admin3_code":"","admin4_code":"","population":"1956","elevation":"","dem":"199","timezone":"Indian/Mauritius","modification_date":"2006-01-17"},{"geonameid":"1106630","name":"Amaury","asciiname":"Amaury","alternatenames":[""],"latitude":"-20.13083","longitude":"57.65917","feature_class":"P","feature_code":"PPL","country_code":"MU","cc2":"","admin1_code":"19","admin2_code":"","admin3_code":"","admin4_code":"","population":"2912","elevation":"","dem":"129","timezone":"Indian/Mauritius","modification_date":"2006-01-17"},{"geonameid":"1106631","name":"Plaines des Roches","asciiname":"Plaines des Roches","alternatenames":[""],"latitude":"-20.11167","longitude":"57.69083","feature_class":"P","feature_code":"PPL","country_code":"MU","cc2":"","admin1_code":"19","admin2_code":"","admin3_code":"","admin4_code":"","population":"4218","elevation":"","dem":"52","timezone":"Indian/Mauritius","modification_date":"2006-01-17"},{"geonameid":"1106638","name":"Mare La Chaux","asciiname":"Mare La Chaux","alternatenames":[""],"latitude":"-20.19806","longitude":"57.74944","feature_class":"P","feature_code":"PPL","country_code":"MU","cc2":"","admin1_code":"13","admin2_code":"","admin3_code":"","admin4_code":"","population":"2058","elevation":"","dem":"50","timezone":"Indian/Mauritius","modification_date":"2006-01-17"},{"geonameid":"1106643","name":"Quatre Cocos","asciiname":"Quatre Cocos","alternatenames":[""],"latitude":"-20.20778","longitude":"57.7625","feature_class":"P","feature_code":"PPL","country_code":"MU","cc2":"","admin1_code":"13","admin2_code":"","admin3_code":"","admin4_code":"","population":"5724","elevation":"","dem":"39","timezone":"Indian/Mauritius","modification_date":"2006-01-17"},{"geonameid":"1106645","name":"Camp Ithier","asciiname":"Camp Ithier","alternatenames":[""],"latitude":"-20.21583","longitude":"57.74556","feature_class":"P","feature_code":"PPL","country_code":"MU","cc2":"","admin1_code":"13","admin2_code":"","admin3_code":"","admin4_code":"","population":"4401","elevation":"","dem":"63","timezone":"Indian/Mauritius","modification_date":"2006-01-17"},{"geonameid":"1106660","name":"Ecroignard","asciiname":"Ecroignard","alternatenames":[""],"latitude":"-20.22611","longitude":"57.73611","feature_class":"P","feature_code":"PPL","country_code":"MU","cc2":"","admin1_code":"13","admin2_code":"","admin3_code":"","admin4_code":"","population":"5952","elevation":"","dem":"81","timezone":"Indian/Mauritius","modification_date":"2006-01-17"},{"geonameid":"1106677","name":"Bambous Virieux","asciiname":"Bambous Virieux","alternatenames":[""],"latitude":"-20.34278","longitude":"57.7575","feature_class":"P","feature_code":"PPL","country_code":"MU","cc2":"","admin1_code":"14","admin2_code":"","admin3_code":"","admin4_code":"","population":"1540","elevation":"","dem":"45","timezone":"Indian/Mauritius","modification_date":"2006-01-17"},{"geonameid":"1106748","name":"Ebene","asciiname":"Ebene","alternatenames":["Ebene City","Ebene CyberCity"],"latitude":"-20.24494","longitude":"57.49163","feature_class":"P","feature_code":"PPL","country_code":"MU","cc2":"","admin1_code":"17","admin2_code":"","admin3_code":"","admin4_code":"","population":"1001","elevation":"","dem":"312","timezone":"Indian/Mauritius","modification_date":"2014-08-11"},{"geonameid":"1106763","name":"Gros Cailloux","asciiname":"Gros Cailloux","alternatenames":[""],"latitude":"-20.20722","longitude":"57.43","feature_class":"P","feature_code":"PPL","country_code":"MU","cc2":"","admin1_code":"12","admin2_code":"","admin3_code":"","admin4_code":"","population":"3361","elevation":"","dem":"71","timezone":"Indian/Mauritius","modification_date":"2006-01-17"},{"geonameid":"1106771","name":"Mapou","asciiname":"Mapou","alternatenames":["Mapou"],"latitude":"-20.07583","longitude":"57.60139","feature_class":"P","feature_code":"PPL","country_code":"MU","cc2":"","admin1_code":"19","admin2_code":"","admin3_code":"","admin4_code":"","population":"1288","elevation":"","dem":"91","timezone":"Indian/Mauritius","modification_date":"2012-01-20"},{"geonameid":"1106788","name":"Dubreuil","asciiname":"Dubreuil","alternatenames":[""],"latitude":"-20.2975","longitude":"57.595","feature_class":"P","feature_code":"PPL","country_code":"MU","cc2":"","admin1_code":"15","admin2_code":"","admin3_code":"","admin4_code":"","population":"2726","elevation":"","dem":"400","timezone":"Indian/Mauritius","modification_date":"2006-01-17"},{"geonameid":"1106809","name":"Le Hochet","asciiname":"Le Hochet","alternatenames":[""],"latitude":"-20.135","longitude":"57.52111","feature_class":"P","feature_code":"PPL","country_code":"MU","cc2":"","admin1_code":"16","admin2_code":"","admin3_code":"","admin4_code":"","population":"15197","elevation":"","dem":"30","timezone":"Indian/Mauritius","modification_date":"2006-01-17"},{"geonameid":"1106811","name":"Calebasses","asciiname":"Calebasses","alternatenames":[""],"latitude":"-20.11167","longitude":"57.55389","feature_class":"P","feature_code":"PPL","country_code":"MU","cc2":"","admin1_code":"16","admin2_code":"","admin3_code":"","admin4_code":"","population":"4648","elevation":"","dem":"55","timezone":"Indian/Mauritius","modification_date":"2006-01-17"},{"geonameid":"1106813","name":"Arsenal","asciiname":"Arsenal","alternatenames":[""],"latitude":"-20.10556","longitude":"57.53528","feature_class":"P","feature_code":"PPL","country_code":"MU","cc2":"","admin1_code":"16","admin2_code":"","admin3_code":"","admin4_code":"","population":"2599","elevation":"","dem":"40","timezone":"Indian/Mauritius","modification_date":"2006-01-17"},{"geonameid":"1545752","name":"Port Mathurin","asciiname":"Port Mathurin","alternatenames":["Port Mathurin"],"latitude":"-19.68333","longitude":"63.41667","feature_class":"P","feature_code":"PPLA","country_code":"MU","cc2":"","admin1_code":"23","admin2_code":"","admin3_code":"","admin4_code":"","population":"6000","elevation":"","dem":"44","timezone":"Indian/Mauritius","modification_date":"2013-08-05"},{"geonameid":"1547471","name":"Baie aux Huîtres","asciiname":"Baie aux Huitres","alternatenames":["Baie aux Huitres","Baie aux Huîtres","Oyster Bay"],"latitude":"-19.69444","longitude":"63.40833","feature_class":"P","feature_code":"PPL","country_code":"MU","cc2":"MU","admin1_code":"23","admin2_code":"","admin3_code":"","admin4_code":"","population":"2500","elevation":"","dem":"6","timezone":"Indian/Mauritius","modification_date":"2013-05-05"},{"geonameid":"8199111","name":"Cargados Carajos","asciiname":"Cargados Carajos","alternatenames":["Saint Brandon"],"latitude":"-16.60329","longitude":"59.65851","feature_class":"P","feature_code":"PPLA","country_code":"MU","cc2":"","admin1_code":"22","admin2_code":"","admin3_code":"","admin4_code":"","population":"63","elevation":"","dem":"-9999","timezone":"Indian/Mauritius","modification_date":"2013-07-10"},{"geonameid":"933945","name":"Vacoas","asciiname":"Vacoas","alternatenames":["Phoenix","Vacoa","Vacoas","Vacoas-Phoenix"],"latitude":"-20.29806","longitude":"57.47833","feature_class":"P","feature_code":"PPL","country_code":"MU","cc2":"MU","admin1_code":"17","admin2_code":"","admin3_code":"","admin4_code":"","population":"110000","elevation":"","dem":"390","timezone":"Indian/Mauritius","modification_date":"2013-06-05"},{"geonameid":"933959","name":"Triolet","asciiname":"Triolet","alternatenames":["Triolet","Триолет"],"latitude":"-20.05472","longitude":"57.54528","feature_class":"P","feature_code":"PPL","country_code":"MU","cc2":"","admin1_code":"16","admin2_code":"","admin3_code":"","admin4_code":"","population":"23269","elevation":"","dem":"23","timezone":"Indian/Mauritius","modification_date":"2012-01-18"},{"geonameid":"933974","name":"Terre Rouge","asciiname":"Terre Rouge","alternatenames":[""],"latitude":"-20.12611","longitude":"57.52444","feature_class":"P","feature_code":"PPL","country_code":"MU","cc2":"","admin1_code":"16","admin2_code":"","admin3_code":"","admin4_code":"","population":"9566","elevation":"","dem":"40","timezone":"Indian/Mauritius","modification_date":"2006-01-17"},{"geonameid":"933982","name":"Tamarin","asciiname":"Tamarin","alternatenames":[""],"latitude":"-20.32556","longitude":"57.37056","feature_class":"P","feature_code":"PPLA","country_code":"MU","cc2":"","admin1_code":"12","admin2_code":"","admin3_code":"","admin4_code":"","population":"3764","elevation":"","dem":"-9999","timezone":"Indian/Mauritius","modification_date":"2008-03-15"},{"geonameid":"933988","name":"Surinam","asciiname":"Surinam","alternatenames":[""],"latitude":"-20.50972","longitude":"57.50528","feature_class":"P","feature_code":"PPL","country_code":"MU","cc2":"","admin1_code":"20","admin2_code":"","admin3_code":"","admin4_code":"","population":"10621","elevation":"","dem":"28","timezone":"Indian/Mauritius","modification_date":"2006-01-17"},{"geonameid":"933995","name":"Souillac","asciiname":"Souillac","alternatenames":["Port Souillac","Soullac"],"latitude":"-20.51667","longitude":"57.51667","feature_class":"P","feature_code":"PPLA","country_code":"MU","cc2":"","admin1_code":"20","admin2_code":"","admin3_code":"","admin4_code":"","population":"4392","elevation":"","dem":"18","timezone":"Indian/Mauritius","modification_date":"2008-03-15"},{"geonameid":"934013","name":"Sebastopol","asciiname":"Sebastopol","alternatenames":[""],"latitude":"-20.28889","longitude":"57.6875","feature_class":"P","feature_code":"PPL","country_code":"MU","cc2":"","admin1_code":"13","admin2_code":"","admin3_code":"","admin4_code":"","population":"5745","elevation":"","dem":"214","timezone":"Indian/Mauritius","modification_date":"2006-01-17"},{"geonameid":"934032","name":"Saint Pierre","asciiname":"Saint Pierre","alternatenames":["Saint Pierre","Saint Pierre Village"],"latitude":"-20.2175","longitude":"57.52083","feature_class":"P","feature_code":"PPL","country_code":"MU","cc2":"","admin1_code":"15","admin2_code":"","admin3_code":"","admin4_code":"","population":"16414","elevation":"","dem":"369","timezone":"Indian/Mauritius","modification_date":"2012-01-18"},{"geonameid":"934058","name":"Morcellemont Saint André","asciiname":"Morcellemont Saint Andre","alternatenames":["Morcellemont Saint Andre","Morcellemont Saint André","Saint-Andre","Saint-André"],"latitude":"-20.07306","longitude":"57.55806","feature_class":"P","feature_code":"PPL","country_code":"MU","cc2":"","admin1_code":"16","admin2_code":"","admin3_code":"","admin4_code":"","population":"6150","elevation":"","dem":"51","timezone":"Indian/Mauritius","modification_date":"2012-01-18"},{"geonameid":"934072","name":"Rose Belle","asciiname":"Rose Belle","alternatenames":["Roz-Bel'","Роз-Бель"],"latitude":"-20.40028","longitude":"57.59667","feature_class":"P","feature_code":"PPLA","country_code":"MU","cc2":"","admin1_code":"14","admin2_code":"","admin3_code":"","admin4_code":"","population":"12619","elevation":"","dem":"286","timezone":"Indian/Mauritius","modification_date":"2013-08-24"},{"geonameid":"934085","name":"Roches Noire","asciiname":"Roches Noire","alternatenames":["Roche Noire","Roche Noires","Roches Noire","Roches Noires"],"latitude":"-20.11111","longitude":"57.71222","feature_class":"P","feature_code":"PPL","country_code":"MU","cc2":"","admin1_code":"19","admin2_code":"","admin3_code":"","admin4_code":"","population":"5733","elevation":"","dem":"23","timezone":"Indian/Mauritius","modification_date":"2012-01-18"},{"geonameid":"934091","name":"Rivière du Rempart","asciiname":"Riviere du Rempart","alternatenames":[""],"latitude":"-20.10306","longitude":"57.68472","feature_class":"P","feature_code":"PPLA","country_code":"MU","cc2":"","admin1_code":"19","admin2_code":"","admin3_code":"","admin4_code":"","population":"11675","elevation":"","dem":"53","timezone":"Indian/Mauritius","modification_date":"2012-01-14"},{"geonameid":"934095","name":"Rivière des Anguilles","asciiname":"Riviere des Anguilles","alternatenames":["River des Anguilles","River-dez-Angij","Riviere des Anguilles","Rivière des Anguilles","Ривер-дез-Ангий"],"latitude":"-20.48528","longitude":"57.55083","feature_class":"P","feature_code":"PPL","country_code":"MU","cc2":"","admin1_code":"20","admin2_code":"","admin3_code":"","admin4_code":"","population":"9927","elevation":"","dem":"148","timezone":"Indian/Mauritius","modification_date":"2013-08-24"},{"geonameid":"934131","name":"Quatre Bornes","asciiname":"Quatre Bornes","alternatenames":["Quatre Bornes"],"latitude":"-20.26381","longitude":"57.4791","feature_class":"P","feature_code":"PPL","country_code":"MU","cc2":"","admin1_code":"17","admin2_code":"","admin3_code":"","admin4_code":"","population":"80961","elevation":"","dem":"335","timezone":"Indian/Mauritius","modification_date":"2012-05-18"},{"geonameid":"934133","name":"Quartier Militaire","asciiname":"Quartier Militaire","alternatenames":["Quartier Militaire"],"latitude":"-20.24389","longitude":"57.58917","feature_class":"P","feature_code":"PPLA","country_code":"MU","cc2":"","admin1_code":"15","admin2_code":"","admin3_code":"","admin4_code":"","population":"6424","elevation":"","dem":"446","timezone":"Indian/Mauritius","modification_date":"2012-01-14"},{"geonameid":"934149","name":"Poste de Flacq","asciiname":"Poste de Flacq","alternatenames":["Post of Flacq","Poste de Flacq"],"latitude":"-20.16306","longitude":"57.73056","feature_class":"P","feature_code":"PPL","country_code":"MU","cc2":"","admin1_code":"13","admin2_code":"","admin3_code":"","admin4_code":"","population":"7133","elevation":"","dem":"22","timezone":"Indian/Mauritius","modification_date":"2012-01-18"},{"geonameid":"934154","name":"Port Louis","asciiname":"Port Louis","alternatenames":["Bort Lois","Gorad Port-Lui","Po-Loui","Por Loui","Port Lois","Port Louis","Port Louis Town","Port Lui","Port Luis","Port Luisas","Port Luiz","Port-Louis","Port-Lui","Port-Luiso","Portlui","Portluī","Portus Ludovici","Pò-Loui","bwr lwys","lu yi gang","phxrt hluys","porata lu'i","port luyis","porta lu'i","porta lu'isa","poteulu-iseu","potoruisu","pwr lwʼy","Πορ Λουί","Горад Порт-Луі","Порт Луи","Порт Луис","Порт-Луи","Порт-Луї","Պորտ Լուի","פור לואי","بور لويس","پورت‌لوئیس","پورٹ لوئس","پورٹ لوئی","پۆرت لویس","पोर्ट लुई","पोर्ट लुईस","পোর্ট লুইস","ਪੋਰਟ ਲੂਈ","ପୋର୍ଟ ଲୁଇସ","போர்ட் லூயிஸ்","พอร์ตหลุยส์","ལོ་ཡི་སི་གྲུ་ཁ།","პორტ-ლუი","ፖርት ሉዊስ","ポートルイス","路易港","포트루이스"],"latitude":"-20.16194","longitude":"57.49889","feature_class":"P","feature_code":"PPLC","country_code":"MU","cc2":"","admin1_code":"18","admin2_code":"","admin3_code":"","admin4_code":"","population":"155226","elevation":"","dem":"3","timezone":"Indian/Mauritius","modification_date":"2012-01-18"},{"geonameid":"934169","name":"Plaine Magnien","asciiname":"Plaine Magnien","alternatenames":["Plaine Magnien","Plaines Magnien"],"latitude":"-20.42967","longitude":"57.66968","feature_class":"P","feature_code":"PPL","country_code":"MU","cc2":"","admin1_code":"14","admin2_code":"","admin3_code":"","admin4_code":"","population":"10778","elevation":"","dem":"67","timezone":"Indian/Mauritius","modification_date":"2014-08-18"},{"geonameid":"934170","name":"Plaine des Papayes","asciiname":"Plaine des Papayes","alternatenames":["Plaine des Papayes","Plaines des Papayes"],"latitude":"-20.065","longitude":"57.5725","feature_class":"P","feature_code":"PPL","country_code":"MU","cc2":"","admin1_code":"16","admin2_code":"","admin3_code":"","admin4_code":"","population":"7617","elevation":"","dem":"68","timezone":"Indian/Mauritius","modification_date":"2012-01-18"},{"geonameid":"934184","name":"Petit Raffray","asciiname":"Petit Raffray","alternatenames":[""],"latitude":"-20.01333","longitude":"57.61194","feature_class":"P","feature_code":"PPL","country_code":"MU","cc2":"","admin1_code":"19","admin2_code":"","admin3_code":"","admin4_code":"","population":"9117","elevation":"","dem":"30","timezone":"Indian/Mauritius","modification_date":"2006-01-17"},{"geonameid":"934195","name":"Petite Rivière","asciiname":"Petite Riviere","alternatenames":["Ptit-Riv'er","Птит-Ривьер"],"latitude":"-20.19551","longitude":"57.44592","feature_class":"P","feature_code":"PPL","country_code":"MU","cc2":"","admin1_code":"12","admin2_code":"","admin3_code":"","admin4_code":"","population":"5331","elevation":"","dem":"86","timezone":"Indian/Mauritius","modification_date":"2013-08-25"},{"geonameid":"934213","name":"Pamplemousses","asciiname":"Pamplemousses","alternatenames":["Pamplemousses","Pamplemousses Village"],"latitude":"-20.10389","longitude":"57.57028","feature_class":"P","feature_code":"PPLA","country_code":"MU","cc2":"","admin1_code":"16","admin2_code":"","admin3_code":"","admin4_code":"","population":"8836","elevation":"","dem":"64","timezone":"Indian/Mauritius","modification_date":"2013-07-10"},{"geonameid":"934219","name":"Pailles","asciiname":"Pailles","alternatenames":["Pailles","Pailles Village","mauvilac"],"latitude":"-20.19271","longitude":"57.48826","feature_class":"P","feature_code":"PPL","country_code":"MU","cc2":"","admin1_code":"15","admin2_code":"","admin3_code":"","admin4_code":"","population":"10622","elevation":"","dem":"73","timezone":"Indian/Mauritius","modification_date":"2011-04-13"},{"geonameid":"934229","name":"Nouvelle France","asciiname":"Nouvelle France","alternatenames":[""],"latitude":"-20.37056","longitude":"57.56111","feature_class":"P","feature_code":"PPL","country_code":"MU","cc2":"","admin1_code":"14","admin2_code":"","admin3_code":"","admin4_code":"","population":"7238","elevation":"","dem":"461","timezone":"Indian/Mauritius","modification_date":"2006-01-17"},{"geonameid":"934240","name":"New Grove","asciiname":"New Grove","alternatenames":["New Grove","New Grove Station"],"latitude":"-20.40861","longitude":"57.61361","feature_class":"P","feature_code":"PPL","country_code":"MU","cc2":"","admin1_code":"14","admin2_code":"","admin3_code":"","admin4_code":"","population":"9935","elevation":"","dem":"241","timezone":"Indian/Mauritius","modification_date":"2012-01-18"},{"geonameid":"934255","name":"Piton","asciiname":"Piton","alternatenames":["Mont Piton","Piton"],"latitude":"-20.09028","longitude":"57.63028","feature_class":"P","feature_code":"PPL","country_code":"MU","cc2":"","admin1_code":"19","admin2_code":"","admin3_code":"","admin4_code":"","population":"5909","elevation":"","dem":"96","timezone":"Indian/Mauritius","modification_date":"2012-01-18"},{"geonameid":"934262","name":"Montagne Blanche","asciiname":"Montagne Blanche","alternatenames":["Blanche Mont","Mont Blanche","Montagne Blanche"],"latitude":"-20.28278","longitude":"57.65444","feature_class":"P","feature_code":"PPL","country_code":"MU","cc2":"","admin1_code":"00","admin2_code":"","admin3_code":"","admin4_code":"","population":"8661","elevation":"","dem":"298","timezone":"Indian/Mauritius","modification_date":"2012-01-18"},{"geonameid":"934277","name":"Moka","asciiname":"Moka","alternatenames":["Moka","Moka Village"],"latitude":"-20.21889","longitude":"57.49583","feature_class":"P","feature_code":"PPL","country_code":"MU","cc2":"","admin1_code":"15","admin2_code":"","admin3_code":"","admin4_code":"","population":"8842","elevation":"","dem":"322","timezone":"Indian/Mauritius","modification_date":"2012-01-18"},{"geonameid":"934322","name":"Mahébourg","asciiname":"Mahebourg","alternatenames":["Mahebourg","Mahébourg"],"latitude":"-20.40806","longitude":"57.7","feature_class":"P","feature_code":"PPL","country_code":"MU","cc2":"","admin1_code":"14","admin2_code":"","admin3_code":"","admin4_code":"","population":"17042","elevation":"","dem":"26","timezone":"Indian/Mauritius","modification_date":"2012-01-18"},{"geonameid":"934333","name":"Long Mountain","asciiname":"Long Mountain","alternatenames":["Long Mountain","Mont Longue"],"latitude":"-20.14306","longitude":"57.56222","feature_class":"P","feature_code":"PPL","country_code":"MU","cc2":"","admin1_code":"16","admin2_code":"","admin3_code":"","admin4_code":"","population":"7775","elevation":"","dem":"134","timezone":"Indian/Mauritius","modification_date":"2012-01-18"},{"geonameid":"934390","name":"Lalmatie","asciiname":"Lalmatie","alternatenames":[""],"latitude":"-20.18972","longitude":"57.66111","feature_class":"P","feature_code":"PPL","country_code":"MU","cc2":"","admin1_code":"13","admin2_code":"","admin3_code":"","admin4_code":"","population":"10404","elevation":"","dem":"215","timezone":"Indian/Mauritius","modification_date":"2006-01-17"},{"geonameid":"934400","name":"La Dagotière","asciiname":"La Dagotiere","alternatenames":["Dagotiere","Dagotière","La Dagotiere","La Dagotière"],"latitude":"-20.24444","longitude":"57.55417","feature_class":"P","feature_code":"PPL","country_code":"MU","cc2":"","admin1_code":"15","admin2_code":"","admin3_code":"","admin4_code":"","population":"6915","elevation":"","dem":"438","timezone":"Indian/Mauritius","modification_date":"2012-01-18"},{"geonameid":"934479","name":"Grand Gaube","asciiname":"Grand Gaube","alternatenames":["Grand Gaube","Grande Gaube"],"latitude":"-20.00639","longitude":"57.66083","feature_class":"P","feature_code":"PPL","country_code":"MU","cc2":"","admin1_code":"19","admin2_code":"","admin3_code":"","admin4_code":"","population":"7156","elevation":"","dem":"10","timezone":"Indian/Mauritius","modification_date":"2012-01-18"},{"geonameid":"934482","name":"Grand Baie","asciiname":"Grand Baie","alternatenames":["Grand Baie","Grande Baie"],"latitude":"-20.01816","longitude":"57.58015","feature_class":"P","feature_code":"PPL","country_code":"MU","cc2":"","admin1_code":"19","admin2_code":"","admin3_code":"","admin4_code":"","population":"11512","elevation":"","dem":"10","timezone":"Indian/Mauritius","modification_date":"2011-04-13"},{"geonameid":"934485","name":"Grand Bois","asciiname":"Grand Bois","alternatenames":["Gran-Bua","Grand Bois","Гран-Буа"],"latitude":"-20.41889","longitude":"57.54417","feature_class":"P","feature_code":"PPL","country_code":"MU","cc2":"","admin1_code":"20","admin2_code":"","admin3_code":"","admin4_code":"","population":"7804","elevation":"","dem":"407","timezone":"Indian/Mauritius","modification_date":"2013-09-07"},{"geonameid":"934488","name":"Goodlands","asciiname":"Goodlands","alternatenames":["Goodlands"],"latitude":"-20.035","longitude":"57.64306","feature_class":"P","feature_code":"PPL","country_code":"MU","cc2":"","admin1_code":"19","admin2_code":"","admin3_code":"","admin4_code":"","population":"20910","elevation":"","dem":"49","timezone":"Indian/Mauritius","modification_date":"2012-02-02"},{"geonameid":"934513","name":"Fond du Sac","asciiname":"Fond du Sac","alternatenames":["Fond du Sac"],"latitude":"-20.04306","longitude":"57.57861","feature_class":"P","feature_code":"PPL","country_code":"MU","cc2":"","admin1_code":"16","admin2_code":"","admin3_code":"","admin4_code":"","population":"5796","elevation":"","dem":"50","timezone":"Indian/Mauritius","modification_date":"2012-01-18"},{"geonameid":"934570","name":"Curepipe","asciiname":"Curepipe","alternatenames":["Curepipe","Kjurpip","Kurepipe","Курепипе","Кюрпип"],"latitude":"-20.31472","longitude":"57.52028","feature_class":"P","feature_code":"PPL","country_code":"MU","cc2":"","admin1_code":"17","admin2_code":"","admin3_code":"","admin4_code":"","population":"84200","elevation":"","dem":"554","timezone":"Indian/Mauritius","modification_date":"2013-08-25"},{"geonameid":"934614","name":"Chemin Grenier","asciiname":"Chemin Grenier","alternatenames":["Chemin Grenier","Shmen-Gren'e","Шмен-Гренье"],"latitude":"-20.48722","longitude":"57.46556","feature_class":"P","feature_code":"PPL","country_code":"MU","cc2":"","admin1_code":"20","admin2_code":"","admin3_code":"","admin4_code":"","population":"12457","elevation":"","dem":"74","timezone":"Indian/Mauritius","modification_date":"2013-08-24"},{"geonameid":"934631","name":"Centre de Flacq","asciiname":"Centre de Flacq","alternatenames":["Centre of Flacq","Flacq"],"latitude":"-20.18972","longitude":"57.71444","feature_class":"P","feature_code":"PPLA","country_code":"MU","cc2":"","admin1_code":"13","admin2_code":"","admin3_code":"","admin4_code":"","population":"17710","elevation":"","dem":"53","timezone":"Indian/Mauritius","modification_date":"2008-03-15"},{"geonameid":"934660","name":"Camp Diable","asciiname":"Camp Diable","alternatenames":[""],"latitude":"-20.46278","longitude":"57.57889","feature_class":"P","feature_code":"PPL","country_code":"MU","cc2":"","admin1_code":"20","admin2_code":"","admin3_code":"","admin4_code":"","population":"5082","elevation":"","dem":"198","timezone":"Indian/Mauritius","modification_date":"2006-01-17"},{"geonameid":"934677","name":"Brisée Verdière","asciiname":"Brisee Verdiere","alternatenames":[""],"latitude":"-20.16389","longitude":"57.64667","feature_class":"P","feature_code":"PPL","country_code":"MU","cc2":"","admin1_code":"13","admin2_code":"","admin3_code":"","admin4_code":"","population":"7374","elevation":"","dem":"183","timezone":"Indian/Mauritius","modification_date":"2006-01-17"},{"geonameid":"934693","name":"Bon Accueil","asciiname":"Bon Accueil","alternatenames":[""],"latitude":"-20.17083","longitude":"57.65639","feature_class":"P","feature_code":"PPL","country_code":"MU","cc2":"","admin1_code":"13","admin2_code":"","admin3_code":"","admin4_code":"","population":"6553","elevation":"","dem":"183","timezone":"Indian/Mauritius","modification_date":"2006-01-17"},{"geonameid":"934750","name":"Bel Air Rivière Sèche","asciiname":"Bel Air Riviere Seche","alternatenames":["Bel Air Riviere Seche","Bel Air Rivière Sèche"],"latitude":"-20.25777","longitude":"57.74976","feature_class":"P","feature_code":"PPL","country_code":"MU","cc2":"","admin1_code":"13","admin2_code":"","admin3_code":"","admin4_code":"","population":"17671","elevation":"","dem":"78","timezone":"Indian/Mauritius","modification_date":"2014-05-18"},{"geonameid":"934753","name":"Beau Vallon","asciiname":"Beau Vallon","alternatenames":["Beau Vallon","Beau-Vallon"],"latitude":"-20.41889","longitude":"57.69528","feature_class":"P","feature_code":"PPL","country_code":"MU","cc2":"","admin1_code":"14","admin2_code":"","admin3_code":"","admin4_code":"","population":"7016","elevation":"","dem":"35","timezone":"Indian/Mauritius","modification_date":"2013-07-05"},{"geonameid":"1106584","name":"Laventure","asciiname":"Laventure","alternatenames":[""],"latitude":"-20.14583","longitude":"57.67667","feature_class":"P","feature_code":"PPL","country_code":"MU","cc2":"","admin1_code":"13","admin2_code":"","admin3_code":"","admin4_code":"","population":"6171","elevation":"","dem":"120","timezone":"Indian/Mauritius","modification_date":"2006-01-17"},{"geonameid":"1106614","name":"Grande Pointe aux Piments","asciiname":"Grande Pointe aux Piments","alternatenames":[""],"latitude":"-20.06278","longitude":"57.51306","feature_class":"P","feature_code":"PPL","country_code":"MU","cc2":"","admin1_code":"16","admin2_code":"","admin3_code":"","admin4_code":"","population":"7556","elevation":"","dem":"-9999","timezone":"Indian/Mauritius","modification_date":"2006-01-17"},{"geonameid":"1106643","name":"Quatre Cocos","asciiname":"Quatre Cocos","alternatenames":[""],"latitude":"-20.20778","longitude":"57.7625","feature_class":"P","feature_code":"PPL","country_code":"MU","cc2":"","admin1_code":"13","admin2_code":"","admin3_code":"","admin4_code":"","population":"5724","elevation":"","dem":"39","timezone":"Indian/Mauritius","modification_date":"2006-01-17"},{"geonameid":"1106660","name":"Ecroignard","asciiname":"Ecroignard","alternatenames":[""],"latitude":"-20.22611","longitude":"57.73611","feature_class":"P","feature_code":"PPL","country_code":"MU","cc2":"","admin1_code":"13","admin2_code":"","admin3_code":"","admin4_code":"","population":"5952","elevation":"","dem":"81","timezone":"Indian/Mauritius","modification_date":"2006-01-17"},{"geonameid":"1106809","name":"Le Hochet","asciiname":"Le Hochet","alternatenames":[""],"latitude":"-20.135","longitude":"57.52111","feature_class":"P","feature_code":"PPL","country_code":"MU","cc2":"","admin1_code":"16","admin2_code":"","admin3_code":"","admin4_code":"","population":"15197","elevation":"","dem":"30","timezone":"Indian/Mauritius","modification_date":"2006-01-17"},{"geonameid":"1545752","name":"Port Mathurin","asciiname":"Port Mathurin","alternatenames":["Port Mathurin"],"latitude":"-19.68333","longitude":"63.41667","feature_class":"P","feature_code":"PPLA","country_code":"MU","cc2":"","admin1_code":"23","admin2_code":"","admin3_code":"","admin4_code":"","population":"6000","elevation":"","dem":"44","timezone":"Indian/Mauritius","modification_date":"2013-08-05"},{"geonameid":"8199111","name":"Cargados Carajos","asciiname":"Cargados Carajos","alternatenames":["Saint Brandon"],"latitude":"-16.60329","longitude":"59.65851","feature_class":"P","feature_code":"PPLA","country_code":"MU","cc2":"","admin1_code":"22","admin2_code":"","admin3_code":"","admin4_code":"","population":"63","elevation":"","dem":"-9999","timezone":"Indian/Mauritius","modification_date":"2013-07-10"},{"geonameid":"933945","name":"Vacoas","asciiname":"Vacoas","alternatenames":["Phoenix","Vacoa","Vacoas","Vacoas-Phoenix"],"latitude":"-20.29806","longitude":"57.47833","feature_class":"P","feature_code":"PPL","country_code":"MU","cc2":"MU","admin1_code":"17","admin2_code":"","admin3_code":"","admin4_code":"","population":"110000","elevation":"","dem":"390","timezone":"Indian/Mauritius","modification_date":"2013-06-05"},{"geonameid":"933959","name":"Triolet","asciiname":"Triolet","alternatenames":["Triolet","Триолет"],"latitude":"-20.05472","longitude":"57.54528","feature_class":"P","feature_code":"PPL","country_code":"MU","cc2":"","admin1_code":"16","admin2_code":"","admin3_code":"","admin4_code":"","population":"23269","elevation":"","dem":"23","timezone":"Indian/Mauritius","modification_date":"2012-01-18"},{"geonameid":"934032","name":"Saint Pierre","asciiname":"Saint Pierre","alternatenames":["Saint Pierre","Saint Pierre Village"],"latitude":"-20.2175","longitude":"57.52083","feature_class":"P","feature_code":"PPL","country_code":"MU","cc2":"","admin1_code":"15","admin2_code":"","admin3_code":"","admin4_code":"","population":"16414","elevation":"","dem":"369","timezone":"Indian/Mauritius","modification_date":"2012-01-18"},{"geonameid":"934131","name":"Quatre Bornes","asciiname":"Quatre Bornes","alternatenames":["Quatre Bornes"],"latitude":"-20.26381","longitude":"57.4791","feature_class":"P","feature_code":"PPL","country_code":"MU","cc2":"","admin1_code":"17","admin2_code":"","admin3_code":"","admin4_code":"","population":"80961","elevation":"","dem":"335","timezone":"Indian/Mauritius","modification_date":"2012-05-18"},{"geonameid":"934154","name":"Port Louis","asciiname":"Port Louis","alternatenames":["Bort Lois","Gorad Port-Lui","Po-Loui","Por Loui","Port Lois","Port Louis","Port Louis Town","Port Lui","Port Luis","Port Luisas","Port Luiz","Port-Louis","Port-Lui","Port-Luiso","Portlui","Portluī","Portus Ludovici","Pò-Loui","bwr lwys","lu yi gang","phxrt hluys","porata lu'i","port luyis","porta lu'i","porta lu'isa","poteulu-iseu","potoruisu","pwr lwʼy","Πορ Λουί","Горад Порт-Луі","Порт Луи","Порт Луис","Порт-Луи","Порт-Луї","Պորտ Լուի","פור לואי","بور لويس","پورت‌لوئیس","پورٹ لوئس","پورٹ لوئی","پۆرت لویس","पोर्ट लुई","पोर्ट लुईस","পোর্ট লুইস","ਪੋਰਟ ਲੂਈ","ପୋର୍ଟ ଲୁଇସ","போர்ட் லூயிஸ்","พอร์ตหลุยส์","ལོ་ཡི་སི་གྲུ་ཁ།","პორტ-ლუი","ፖርት ሉዊስ","ポートルイス","路易港","포트루이스"],"latitude":"-20.16194","longitude":"57.49889","feature_class":"P","feature_code":"PPLC","country_code":"MU","cc2":"","admin1_code":"18","admin2_code":"","admin3_code":"","admin4_code":"","population":"155226","elevation":"","dem":"3","timezone":"Indian/Mauritius","modification_date":"2012-01-18"},{"geonameid":"934322","name":"Mahébourg","asciiname":"Mahebourg","alternatenames":["Mahebourg","Mahébourg"],"latitude":"-20.40806","longitude":"57.7","feature_class":"P","feature_code":"PPL","country_code":"MU","cc2":"","admin1_code":"14","admin2_code":"","admin3_code":"","admin4_code":"","population":"17042","elevation":"","dem":"26","timezone":"Indian/Mauritius","modification_date":"2012-01-18"},{"geonameid":"934488","name":"Goodlands","asciiname":"Goodlands","alternatenames":["Goodlands"],"latitude":"-20.035","longitude":"57.64306","feature_class":"P","feature_code":"PPL","country_code":"MU","cc2":"","admin1_code":"19","admin2_code":"","admin3_code":"","admin4_code":"","population":"20910","elevation":"","dem":"49","timezone":"Indian/Mauritius","modification_date":"2012-02-02"},{"geonameid":"934570","name":"Curepipe","asciiname":"Curepipe","alternatenames":["Curepipe","Kjurpip","Kurepipe","Курепипе","Кюрпип"],"latitude":"-20.31472","longitude":"57.52028","feature_class":"P","feature_code":"PPL","country_code":"MU","cc2":"","admin1_code":"17","admin2_code":"","admin3_code":"","admin4_code":"","population":"84200","elevation":"","dem":"554","timezone":"Indian/Mauritius","modification_date":"2013-08-25"},{"geonameid":"934631","name":"Centre de Flacq","asciiname":"Centre de Flacq","alternatenames":["Centre of Flacq","Flacq"],"latitude":"-20.18972","longitude":"57.71444","feature_class":"P","feature_code":"PPLA","country_code":"MU","cc2":"","admin1_code":"13","admin2_code":"","admin3_code":"","admin4_code":"","population":"17710","elevation":"","dem":"53","timezone":"Indian/Mauritius","modification_date":"2008-03-15"},{"geonameid":"934750","name":"Bel Air Rivière Sèche","asciiname":"Bel Air Riviere Seche","alternatenames":["Bel Air Riviere Seche","Bel Air Rivière Sèche"],"latitude":"-20.25777","longitude":"57.74976","feature_class":"P","feature_code":"PPL","country_code":"MU","cc2":"","admin1_code":"13","admin2_code":"","admin3_code":"","admin4_code":"","population":"17671","elevation":"","dem":"78","timezone":"Indian/Mauritius","modification_date":"2014-05-18"},{"geonameid":"1106809","name":"Le Hochet","asciiname":"Le Hochet","alternatenames":[""],"latitude":"-20.135","longitude":"57.52111","feature_class":"P","feature_code":"PPL","country_code":"MU","cc2":"","admin1_code":"16","admin2_code":"","admin3_code":"","admin4_code":"","population":"15197","elevation":"","dem":"30","timezone":"Indian/Mauritius","modification_date":"2006-01-17"}]}