{"country_data":{"ISO":"YT","ISO3":"MYT","ISO_Numeric":"175","fips":"MF","country":"Mayotte","capital":"Mamoudzou","area":"374","Population":"159042","Continent":"AF","tld":".yt","CurrencyCode":"EUR","CurrencyName":"Euro","Phone":"262","Postal_Code_Format":"#####","Postal_Code_Regex":"^(\\d{5})$","Languages":"fr-YT","geonameid":"1024031","neighbours":"","EquivalentFipsCode":""},"cities":[{"geonameid":"921707","name":"Pamandzi","asciiname":"Pamandzi","alternatenames":["DZA","Pamandzi"],"latitude":"-12.79674","longitude":"45.27938","feature_class":"P","feature_code":"PPLA","country_code":"YT","cc2":"","admin1_code":"97615","admin2_code":"","admin3_code":"","admin4_code":"","population":"9077","elevation":"","dem":"23","timezone":"Indian/Mayotte","modification_date":"2014-01-05"},{"geonameid":"921815","name":"Mamoudzou","asciiname":"Mamoudzou","alternatenames":["Mambutzou","Mamoudzou","Mamoutzou","Mamudzu","Mamutzu","Мамудзу"],"latitude":"-12.78234","longitude":"45.22878","feature_class":"P","feature_code":"PPLC","country_code":"YT","cc2":"","admin1_code":"97611","admin2_code":"","admin3_code":"","admin4_code":"","population":"54831","elevation":"","dem":"23","timezone":"Indian/Mayotte","modification_date":"2014-03-19"},{"geonameid":"921900","name":"Dzaoudzi","asciiname":"Dzaoudzi","alternatenames":["DZA","Dzaoudzi","Dzaoudzi-Labattoir","Zaudzi","zao de ji","zauji","ザウジ","藻德济"],"latitude":"-12.78339","longitude":"45.25693","feature_class":"P","feature_code":"PPLA","country_code":"YT","cc2":"","admin1_code":"97608","admin2_code":"","admin3_code":"","admin4_code":"","population":"15339","elevation":"","dem":"26","timezone":"Indian/Mayotte","modification_date":"2014-08-19"},{"geonameid":"921917","name":"Dembeni","asciiname":"Dembeni","alternatenames":["Debenay","Debeney"],"latitude":"-12.8436","longitude":"45.18436","feature_class":"P","feature_code":"PPLA","country_code":"YT","cc2":"","admin1_code":"97607","admin2_code":"","admin3_code":"","admin4_code":"","population":"10141","elevation":"","dem":"15","timezone":"Indian/Mayotte","modification_date":"2013-08-08"},{"geonameid":"922015","name":"Acoua","asciiname":"Acoua","alternatenames":["Accua","Acoua","Acua"],"latitude":"-12.72391","longitude":"45.05819","feature_class":"P","feature_code":"PPLA","country_code":"YT","cc2":"","admin1_code":"97601","admin2_code":"","admin3_code":"","admin4_code":"","population":"4622","elevation":"","dem":"10","timezone":"Indian/Mayotte","modification_date":"2013-08-08"},{"geonameid":"1090119","name":"Bandraboua","asciiname":"Bandraboua","alternatenames":["Bandraboua","M'Gombani"],"latitude":"-12.7044","longitude":"45.12231","feature_class":"P","feature_code":"PPLA","country_code":"YT","cc2":"","admin1_code":"97602","admin2_code":"","admin3_code":"","admin4_code":"","population":"7880","elevation":"","dem":"17","timezone":"Indian/Mayotte","modification_date":"2012-02-07"},{"geonameid":"1090126","name":"Mtsamboro","asciiname":"Mtsamboro","alternatenames":["M'Zamboro","Mtsamboro","M’Zamboro"],"latitude":"-12.69982","longitude":"45.06894","feature_class":"P","feature_code":"PPLA","country_code":"YT","cc2":"","admin1_code":"97612","admin2_code":"","admin3_code":"","admin4_code":"","population":"7724","elevation":"","dem":"26","timezone":"Indian/Mayotte","modification_date":"2012-02-07"},{"geonameid":"1090161","name":"M'Tsangamouji","asciiname":"M'Tsangamouji","alternatenames":["Mtsamgamouji"],"latitude":"-12.75944","longitude":"45.08361","feature_class":"P","feature_code":"PPLA","country_code":"YT","cc2":"","admin1_code":"97613","admin2_code":"","admin3_code":"","admin4_code":"","population":"5028","elevation":"","dem":"57","timezone":"Indian/Mayotte","modification_date":"2013-08-08"},{"geonameid":"1090177","name":"Tsingoni","asciiname":"Tsingoni","alternatenames":["Tsingoni"],"latitude":"-12.78722","longitude":"45.10278","feature_class":"P","feature_code":"PPLA","country_code":"YT","cc2":"","admin1_code":"97617","admin2_code":"","admin3_code":"","admin4_code":"","population":"7602","elevation":"","dem":"56","timezone":"Indian/Mayotte","modification_date":"2012-02-07"},{"geonameid":"1090225","name":"Koungou","asciiname":"Koungou","alternatenames":["Kongo","Koungou"],"latitude":"-12.73361","longitude":"45.20417","feature_class":"P","feature_code":"PPLA","country_code":"YT","cc2":"","admin1_code":"97610","admin2_code":"","admin3_code":"","admin4_code":"","population":"18118","elevation":"","dem":"40","timezone":"Indian/Mayotte","modification_date":"2012-02-07"},{"geonameid":"1090311","name":"Ouangani","asciiname":"Ouangani","alternatenames":["Ouangani"],"latitude":"-12.84639","longitude":"45.13611","feature_class":"P","feature_code":"PPLA","country_code":"YT","cc2":"","admin1_code":"97614","admin2_code":"","admin3_code":"","admin4_code":"","population":"7272","elevation":"","dem":"100","timezone":"Indian/Mayotte","modification_date":"2012-02-07"},{"geonameid":"1090322","name":"Chiconi","asciiname":"Chiconi","alternatenames":["Chiconi"],"latitude":"-12.83333","longitude":"45.11056","feature_class":"P","feature_code":"PPLA","country_code":"YT","cc2":"","admin1_code":"97605","admin2_code":"","admin3_code":"","admin4_code":"","population":"7204","elevation":"","dem":"109","timezone":"Indian/Mayotte","modification_date":"2012-02-07"},{"geonameid":"1090340","name":"Sada","asciiname":"Sada","alternatenames":["Sada"],"latitude":"-12.85055","longitude":"45.10205","feature_class":"P","feature_code":"PPLA","country_code":"YT","cc2":"","admin1_code":"97616","admin2_code":"","admin3_code":"","admin4_code":"","population":"9832","elevation":"","dem":"82","timezone":"Indian/Mayotte","modification_date":"2012-02-07"},{"geonameid":"1090397","name":"Bandrélé","asciiname":"Bandrele","alternatenames":["Bandrele","Bandrélé"],"latitude":"-12.90667","longitude":"45.19139","feature_class":"P","feature_code":"PPLA","country_code":"YT","cc2":"","admin1_code":"97603","admin2_code":"","admin3_code":"","admin4_code":"","population":"6350","elevation":"","dem":"37","timezone":"Indian/Mayotte","modification_date":"2012-02-07"},{"geonameid":"1090415","name":"Chirongui","asciiname":"Chirongui","alternatenames":["Chirongui"],"latitude":"-12.93194","longitude":"45.14833","feature_class":"P","feature_code":"PPLA","country_code":"YT","cc2":"","admin1_code":"97606","admin2_code":"","admin3_code":"","admin4_code":"","population":"6173","elevation":"","dem":"13","timezone":"Indian/Mayotte","modification_date":"2012-02-07"},{"geonameid":"1090467","name":"Bouéni","asciiname":"Boueni","alternatenames":["Boueni","Bouéni"],"latitude":"-12.9025","longitude":"45.07611","feature_class":"P","feature_code":"PPLA","country_code":"YT","cc2":"","admin1_code":"97604","admin2_code":"","admin3_code":"","admin4_code":"","population":"5334","elevation":"","dem":"40","timezone":"Indian/Mayotte","modification_date":"2012-02-07"},{"geonameid":"1090476","name":"Kani Kéli","asciiname":"Kani Keli","alternatenames":["Kani Keli","Kani Kéli"],"latitude":"-12.95361","longitude":"45.10333","feature_class":"P","feature_code":"PPLA","country_code":"YT","cc2":"","admin1_code":"97609","admin2_code":"","admin3_code":"","admin4_code":"","population":"4854","elevation":"","dem":"95","timezone":"Indian/Mayotte","modification_date":"2012-02-07"},{"geonameid":"921707","name":"Pamandzi","asciiname":"Pamandzi","alternatenames":["DZA","Pamandzi"],"latitude":"-12.79674","longitude":"45.27938","feature_class":"P","feature_code":"PPLA","country_code":"YT","cc2":"","admin1_code":"97615","admin2_code":"","admin3_code":"","admin4_code":"","population":"9077","elevation":"","dem":"23","timezone":"Indian/Mayotte","modification_date":"2014-01-05"},{"geonameid":"921815","name":"Mamoudzou","asciiname":"Mamoudzou","alternatenames":["Mambutzou","Mamoudzou","Mamoutzou","Mamudzu","Mamutzu","Мамудзу"],"latitude":"-12.78234","longitude":"45.22878","feature_class":"P","feature_code":"PPLC","country_code":"YT","cc2":"","admin1_code":"97611","admin2_code":"","admin3_code":"","admin4_code":"","population":"54831","elevation":"","dem":"23","timezone":"Indian/Mayotte","modification_date":"2014-03-19"},{"geonameid":"921900","name":"Dzaoudzi","asciiname":"Dzaoudzi","alternatenames":["DZA","Dzaoudzi","Dzaoudzi-Labattoir","Zaudzi","zao de ji","zauji","ザウジ","藻德济"],"latitude":"-12.78339","longitude":"45.25693","feature_class":"P","feature_code":"PPLA","country_code":"YT","cc2":"","admin1_code":"97608","admin2_code":"","admin3_code":"","admin4_code":"","population":"15339","elevation":"","dem":"26","timezone":"Indian/Mayotte","modification_date":"2014-08-19"},{"geonameid":"921917","name":"Dembeni","asciiname":"Dembeni","alternatenames":["Debenay","Debeney"],"latitude":"-12.8436","longitude":"45.18436","feature_class":"P","feature_code":"PPLA","country_code":"YT","cc2":"","admin1_code":"97607","admin2_code":"","admin3_code":"","admin4_code":"","population":"10141","elevation":"","dem":"15","timezone":"Indian/Mayotte","modification_date":"2013-08-08"},{"geonameid":"922015","name":"Acoua","asciiname":"Acoua","alternatenames":["Accua","Acoua","Acua"],"latitude":"-12.72391","longitude":"45.05819","feature_class":"P","feature_code":"PPLA","country_code":"YT","cc2":"","admin1_code":"97601","admin2_code":"","admin3_code":"","admin4_code":"","population":"4622","elevation":"","dem":"10","timezone":"Indian/Mayotte","modification_date":"2013-08-08"},{"geonameid":"1090119","name":"Bandraboua","asciiname":"Bandraboua","alternatenames":["Bandraboua","M'Gombani"],"latitude":"-12.7044","longitude":"45.12231","feature_class":"P","feature_code":"PPLA","country_code":"YT","cc2":"","admin1_code":"97602","admin2_code":"","admin3_code":"","admin4_code":"","population":"7880","elevation":"","dem":"17","timezone":"Indian/Mayotte","modification_date":"2012-02-07"},{"geonameid":"1090126","name":"Mtsamboro","asciiname":"Mtsamboro","alternatenames":["M'Zamboro","Mtsamboro","M’Zamboro"],"latitude":"-12.69982","longitude":"45.06894","feature_class":"P","feature_code":"PPLA","country_code":"YT","cc2":"","admin1_code":"97612","admin2_code":"","admin3_code":"","admin4_code":"","population":"7724","elevation":"","dem":"26","timezone":"Indian/Mayotte","modification_date":"2012-02-07"},{"geonameid":"1090161","name":"M'Tsangamouji","asciiname":"M'Tsangamouji","alternatenames":["Mtsamgamouji"],"latitude":"-12.75944","longitude":"45.08361","feature_class":"P","feature_code":"PPLA","country_code":"YT","cc2":"","admin1_code":"97613","admin2_code":"","admin3_code":"","admin4_code":"","population":"5028","elevation":"","dem":"57","timezone":"Indian/Mayotte","modification_date":"2013-08-08"},{"geonameid":"1090177","name":"Tsingoni","asciiname":"Tsingoni","alternatenames":["Tsingoni"],"latitude":"-12.78722","longitude":"45.10278","feature_class":"P","feature_code":"PPLA","country_code":"YT","cc2":"","admin1_code":"97617","admin2_code":"","admin3_code":"","admin4_code":"","population":"7602","elevation":"","dem":"56","timezone":"Indian/Mayotte","modification_date":"2012-02-07"},{"geonameid":"1090225","name":"Koungou","asciiname":"Koungou","alternatenames":["Kongo","Koungou"],"latitude":"-12.73361","longitude":"45.20417","feature_class":"P","feature_code":"PPLA","country_code":"YT","cc2":"","admin1_code":"97610","admin2_code":"","admin3_code":"","admin4_code":"","population":"18118","elevation":"","dem":"40","timezone":"Indian/Mayotte","modification_date":"2012-02-07"},{"geonameid":"1090311","name":"Ouangani","asciiname":"Ouangani","alternatenames":["Ouangani"],"latitude":"-12.84639","longitude":"45.13611","feature_class":"P","feature_code":"PPLA","country_code":"YT","cc2":"","admin1_code":"97614","admin2_code":"","admin3_code":"","admin4_code":"","population":"7272","elevation":"","dem":"100","timezone":"Indian/Mayotte","modification_date":"2012-02-07"},{"geonameid":"1090322","name":"Chiconi","asciiname":"Chiconi","alternatenames":["Chiconi"],"latitude":"-12.83333","longitude":"45.11056","feature_class":"P","feature_code":"PPLA","country_code":"YT","cc2":"","admin1_code":"97605","admin2_code":"","admin3_code":"","admin4_code":"","population":"7204","elevation":"","dem":"109","timezone":"Indian/Mayotte","modification_date":"2012-02-07"},{"geonameid":"1090340","name":"Sada","asciiname":"Sada","alternatenames":["Sada"],"latitude":"-12.85055","longitude":"45.10205","feature_class":"P","feature_code":"PPLA","country_code":"YT","cc2":"","admin1_code":"97616","admin2_code":"","admin3_code":"","admin4_code":"","population":"9832","elevation":"","dem":"82","timezone":"Indian/Mayotte","modification_date":"2012-02-07"},{"geonameid":"1090397","name":"Bandrélé","asciiname":"Bandrele","alternatenames":["Bandrele","Bandrélé"],"latitude":"-12.90667","longitude":"45.19139","feature_class":"P","feature_code":"PPLA","country_code":"YT","cc2":"","admin1_code":"97603","admin2_code":"","admin3_code":"","admin4_code":"","population":"6350","elevation":"","dem":"37","timezone":"Indian/Mayotte","modification_date":"2012-02-07"},{"geonameid":"1090415","name":"Chirongui","asciiname":"Chirongui","alternatenames":["Chirongui"],"latitude":"-12.93194","longitude":"45.14833","feature_class":"P","feature_code":"PPLA","country_code":"YT","cc2":"","admin1_code":"97606","admin2_code":"","admin3_code":"","admin4_code":"","population":"6173","elevation":"","dem":"13","timezone":"Indian/Mayotte","modification_date":"2012-02-07"},{"geonameid":"1090467","name":"Bouéni","asciiname":"Boueni","alternatenames":["Boueni","Bouéni"],"latitude":"-12.9025","longitude":"45.07611","feature_class":"P","feature_code":"PPLA","country_code":"YT","cc2":"","admin1_code":"97604","admin2_code":"","admin3_code":"","admin4_code":"","population":"5334","elevation":"","dem":"40","timezone":"Indian/Mayotte","modification_date":"2012-02-07"},{"geonameid":"1090476","name":"Kani Kéli","asciiname":"Kani Keli","alternatenames":["Kani Keli","Kani Kéli"],"latitude":"-12.95361","longitude":"45.10333","feature_class":"P","feature_code":"PPLA","country_code":"YT","cc2":"","admin1_code":"97609","admin2_code":"","admin3_code":"","admin4_code":"","population":"4854","elevation":"","dem":"95","timezone":"Indian/Mayotte","modification_date":"2012-02-07"}]}