{"country_data":{"ISO":"FM","ISO3":"FSM","ISO_Numeric":"583","fips":"FM","country":"Micronesia","capital":"Palikir","area":"702","Population":"107708","Continent":"OC","tld":".fm","CurrencyCode":"USD","CurrencyName":"Dollar","Phone":"691","Postal_Code_Format":"#####","Postal_Code_Regex":"^(\\d{5})$","Languages":"en-FM,chk,pon,yap,kos,uli,woe,nkr,kpg","geonameid":"2081918","neighbours":"","EquivalentFipsCode":""},"cities":[{"geonameid":"2081114","name":"Weno Town","asciiname":"Weno Town","alternatenames":["Moen"],"latitude":"7.45154","longitude":"151.8468","feature_class":"P","feature_code":"PPLA","country_code":"FM","cc2":"","admin1_code":"03","admin2_code":"MN","admin3_code":"","admin4_code":"","population":"13856","elevation":"0","dem":"4","timezone":"Pacific/Chuuk","modification_date":"2013-07-07"},{"geonameid":"2081342","name":"Tofol","asciiname":"Tofol","alternatenames":[""],"latitude":"5.32479","longitude":"163.00781","feature_class":"P","feature_code":"PPLA","country_code":"FM","cc2":"","admin1_code":"01","admin2_code":"LE","admin3_code":"","admin4_code":"","population":"9686","elevation":"5","dem":"9","timezone":"Pacific/Kosrae","modification_date":"2013-08-11"},{"geonameid":"2081986","name":"Palikir - National Government Center","asciiname":"Palikir - National Government Center","alternatenames":["Palakir","Palikir","Palikyras","Palirik","Pallikir","pa li ji er","pa liki r","pallikileu","parikiru","plyqyr","Παλιρίκ","Паликир","Պալիկիր","פליקיר","ปาลีกีร์","ፓሊኪር","パリキール","帕利基尔","팔리키르"],"latitude":"6.92477","longitude":"158.16109","feature_class":"P","feature_code":"PPLC","country_code":"FM","cc2":"","admin1_code":"02","admin2_code":"SO","admin3_code":"","admin4_code":"","population":"0","elevation":"90","dem":"92","timezone":"Pacific/Pohnpei","modification_date":"2015-06-03"},{"geonameid":"2082038","name":"Kolonia Town","asciiname":"Kolonia Town","alternatenames":["Colony Koronia","Kolonie","Koroni","Koronia","Koronie","Mesenieng","Mesieng","Ponape","Ponape Town"],"latitude":"6.964","longitude":"158.206","feature_class":"P","feature_code":"PPL","country_code":"FM","cc2":"","admin1_code":"02","admin2_code":"KL","admin3_code":"","admin4_code":"","population":"5681","elevation":"0","dem":"36","timezone":"Pacific/Pohnpei","modification_date":"2011-02-12"},{"geonameid":"4036933","name":"Rumung","asciiname":"Rumung","alternatenames":[""],"latitude":"9.622","longitude":"138.154","feature_class":"P","feature_code":"PPLA2","country_code":"FM","cc2":"","admin1_code":"04","admin2_code":"RM","admin3_code":"","admin4_code":"","population":"0","elevation":"0","dem":"38","timezone":"Pacific/Chuuk","modification_date":"2011-02-03"},{"geonameid":"4043034","name":"Kolonia","asciiname":"Kolonia","alternatenames":["Kolonia"],"latitude":"6.964","longitude":"158.2062","feature_class":"P","feature_code":"PPLA","country_code":"FM","cc2":"","admin1_code":"02","admin2_code":"KL","admin3_code":"","admin4_code":"","population":"6074","elevation":"0","dem":"36","timezone":"Pacific/Pohnpei","modification_date":"2014-08-18"},{"geonameid":"7627032","name":"Kapingamarangi","asciiname":"Kapingamarangi","alternatenames":[""],"latitude":"1.07861","longitude":"154.80752","feature_class":"P","feature_code":"PPLA2","country_code":"FM","cc2":"","admin1_code":"02","admin2_code":"KP","admin3_code":"","admin4_code":"","population":"0","elevation":"","dem":"11","timezone":"Pacific/Pohnpei","modification_date":"2010-12-21"},{"geonameid":"7627037","name":"Nukuoro","asciiname":"Nukuoro","alternatenames":[""],"latitude":"3.83619","longitude":"154.97143","feature_class":"P","feature_code":"PPLA2","country_code":"FM","cc2":"","admin1_code":"02","admin2_code":"NU","admin3_code":"","admin4_code":"","population":"0","elevation":"","dem":"16","timezone":"Pacific/Pohnpei","modification_date":"2010-12-21"},{"geonameid":"7627089","name":"Ngatik","asciiname":"Ngatik","alternatenames":[""],"latitude":"5.7885","longitude":"157.15942","feature_class":"P","feature_code":"PPLA2","country_code":"FM","cc2":"","admin1_code":"02","admin2_code":"NG","admin3_code":"","admin4_code":"","population":"0","elevation":"","dem":"16","timezone":"Pacific/Pohnpei","modification_date":"2010-12-22"},{"geonameid":"7627186","name":"Pingelap","asciiname":"Pingelap","alternatenames":[""],"latitude":"6.20589","longitude":"160.70327","feature_class":"P","feature_code":"PPLA2","country_code":"FM","cc2":"","admin1_code":"02","admin2_code":"PI","admin3_code":"","admin4_code":"","population":"0","elevation":"","dem":"12","timezone":"Pacific/Pohnpei","modification_date":"2010-12-23"},{"geonameid":"7627586","name":"Namoluk","asciiname":"Namoluk","alternatenames":[""],"latitude":"5.915","longitude":"153.14","feature_class":"P","feature_code":"PPLA2","country_code":"FM","cc2":"","admin1_code":"03","admin2_code":"NL","admin3_code":"","admin4_code":"","population":"0","elevation":"","dem":"-9999","timezone":"Pacific/Chuuk","modification_date":"2011-01-09"},{"geonameid":"7627628","name":"Houk","asciiname":"Houk","alternatenames":[""],"latitude":"6.6894","longitude":"149.29908","feature_class":"P","feature_code":"PPLA2","country_code":"FM","cc2":"","admin1_code":"03","admin2_code":"PK","admin3_code":"","admin4_code":"","population":"0","elevation":"","dem":"8","timezone":"Pacific/Chuuk","modification_date":"2010-12-31"},{"geonameid":"7628103","name":"Polowat","asciiname":"Polowat","alternatenames":[""],"latitude":"7.35661","longitude":"149.19908","feature_class":"P","feature_code":"PPLA2","country_code":"FM","cc2":"","admin1_code":"03","admin2_code":"PW","admin3_code":"","admin4_code":"","population":"0","elevation":"","dem":"11","timezone":"Pacific/Chuuk","modification_date":"2011-01-02"},{"geonameid":"7628250","name":"Pulap","asciiname":"Pulap","alternatenames":[""],"latitude":"7.6366","longitude":"149.42878","feature_class":"P","feature_code":"PPLA2","country_code":"FM","cc2":"","admin1_code":"03","admin2_code":"PP","admin3_code":"","admin4_code":"","population":"0","elevation":"","dem":"8","timezone":"Pacific/Chuuk","modification_date":"2011-01-03"},{"geonameid":"7628253","name":"Tamatam","asciiname":"Tamatam","alternatenames":[""],"latitude":"7.53868","longitude":"149.41428","feature_class":"P","feature_code":"PPLA2","country_code":"FM","cc2":"","admin1_code":"03","admin2_code":"TM","admin3_code":"","admin4_code":"","population":"0","elevation":"","dem":"16","timezone":"Pacific/Chuuk","modification_date":"2011-01-03"},{"geonameid":"7628259","name":"Onoun","asciiname":"Onoun","alternatenames":[""],"latitude":"8.575","longitude":"149.687","feature_class":"P","feature_code":"PPLA2","country_code":"FM","cc2":"","admin1_code":"03","admin2_code":"UL","admin3_code":"","admin4_code":"","population":"0","elevation":"","dem":"11","timezone":"Pacific/Chuuk","modification_date":"2011-01-03"},{"geonameid":"7628274","name":"Pisaras","asciiname":"Pisaras","alternatenames":[""],"latitude":"8.569","longitude":"150.4195","feature_class":"P","feature_code":"PPLA2","country_code":"FM","cc2":"","admin1_code":"03","admin2_code":"PS","admin3_code":"","admin4_code":"","population":"0","elevation":"","dem":"13","timezone":"Pacific/Chuuk","modification_date":"2011-01-06"},{"geonameid":"7628277","name":"Onou","asciiname":"Onou","alternatenames":[""],"latitude":"8.799","longitude":"150.2915","feature_class":"P","feature_code":"PPLA2","country_code":"FM","cc2":"","admin1_code":"03","admin2_code":"OO","admin3_code":"","admin4_code":"","population":"0","elevation":"","dem":"11","timezone":"Pacific/Chuuk","modification_date":"2011-01-04"},{"geonameid":"7628280","name":"Unanu","asciiname":"Unanu","alternatenames":[""],"latitude":"8.75","longitude":"150.341","feature_class":"P","feature_code":"PPLA2","country_code":"FM","cc2":"","admin1_code":"03","admin2_code":"OR","admin3_code":"","admin4_code":"","population":"0","elevation":"","dem":"11","timezone":"Pacific/Chuuk","modification_date":"2011-01-04"},{"geonameid":"7628283","name":"Makur","asciiname":"Makur","alternatenames":[""],"latitude":"8.985","longitude":"150.1275","feature_class":"P","feature_code":"PPLA2","country_code":"FM","cc2":"","admin1_code":"03","admin2_code":"MA","admin3_code":"","admin4_code":"","population":"0","elevation":"","dem":"10","timezone":"Pacific/Chuuk","modification_date":"2011-01-04"},{"geonameid":"7628452","name":"Mokil","asciiname":"Mokil","alternatenames":[""],"latitude":"6.69281","longitude":"159.76283","feature_class":"P","feature_code":"PPLA2","country_code":"FM","cc2":"","admin1_code":"02","admin2_code":"MO","admin3_code":"","admin4_code":"","population":"0","elevation":"","dem":"8","timezone":"Pacific/Pohnpei","modification_date":"2011-01-05"},{"geonameid":"7644931","name":"Nomwin","asciiname":"Nomwin","alternatenames":[""],"latitude":"8.43","longitude":"151.748","feature_class":"P","feature_code":"PPLA2","country_code":"FM","cc2":"","admin1_code":"03","admin2_code":"NW","admin3_code":"","admin4_code":"","population":"0","elevation":"","dem":"12","timezone":"Pacific/Chuuk","modification_date":"2011-01-07"},{"geonameid":"7645169","name":"Fananu","asciiname":"Fananu","alternatenames":[""],"latitude":"8.55811","longitude":"151.90922","feature_class":"P","feature_code":"PPLA2","country_code":"FM","cc2":"","admin1_code":"03","admin2_code":"FN","admin3_code":"","admin4_code":"","population":"0","elevation":"","dem":"10","timezone":"Pacific/Chuuk","modification_date":"2011-01-07"},{"geonameid":"7645190","name":"Murilo","asciiname":"Murilo","alternatenames":[""],"latitude":"8.692","longitude":"152.3435","feature_class":"P","feature_code":"PPLA2","country_code":"FM","cc2":"","admin1_code":"03","admin2_code":"MU","admin3_code":"","admin4_code":"","population":"0","elevation":"","dem":"-9999","timezone":"Pacific/Chuuk","modification_date":"2011-01-08"},{"geonameid":"7645195","name":"Ruo","asciiname":"Ruo","alternatenames":[""],"latitude":"8.609","longitude":"152.2455","feature_class":"P","feature_code":"PPLA2","country_code":"FM","cc2":"","admin1_code":"03","admin2_code":"RU","admin3_code":"","admin4_code":"","population":"0","elevation":"","dem":"9","timezone":"Pacific/Chuuk","modification_date":"2011-01-08"},{"geonameid":"7645213","name":"Nema","asciiname":"Nema","alternatenames":["Nama"],"latitude":"6.993","longitude":"152.575","feature_class":"P","feature_code":"PPLA2","country_code":"FM","cc2":"","admin1_code":"03","admin2_code":"NA","admin3_code":"","admin4_code":"","population":"0","elevation":"","dem":"23","timezone":"Pacific/Chuuk","modification_date":"2011-01-08"},{"geonameid":"7645217","name":"Losap","asciiname":"Losap","alternatenames":[""],"latitude":"6.894","longitude":"152.74","feature_class":"P","feature_code":"PPLA2","country_code":"FM","cc2":"","admin1_code":"03","admin2_code":"LO","admin3_code":"","admin4_code":"","population":"0","elevation":"","dem":"13","timezone":"Pacific/Chuuk","modification_date":"2011-01-08"},{"geonameid":"7645221","name":"Piis","asciiname":"Piis","alternatenames":[""],"latitude":"6.834","longitude":"152.701","feature_class":"P","feature_code":"PPLA2","country_code":"FM","cc2":"","admin1_code":"03","admin2_code":"PL","admin3_code":"","admin4_code":"","population":"0","elevation":"","dem":"19","timezone":"Pacific/Chuuk","modification_date":"2011-01-08"},{"geonameid":"7645270","name":"Ettal","asciiname":"Ettal","alternatenames":[""],"latitude":"5.592","longitude":"153.564","feature_class":"P","feature_code":"PPLA2","country_code":"FM","cc2":"","admin1_code":"03","admin2_code":"ET","admin3_code":"","admin4_code":"","population":"0","elevation":"","dem":"-9999","timezone":"Pacific/Chuuk","modification_date":"2011-01-09"},{"geonameid":"7645369","name":"Lukunor","asciiname":"Lukunor","alternatenames":["Lekinioch"],"latitude":"5.507","longitude":"153.8205","feature_class":"P","feature_code":"PPLA2","country_code":"FM","cc2":"","admin1_code":"03","admin2_code":"LU","admin3_code":"","admin4_code":"","population":"0","elevation":"","dem":"9","timezone":"Pacific/Chuuk","modification_date":"2011-01-10"},{"geonameid":"7645372","name":"Oneop","asciiname":"Oneop","alternatenames":[""],"latitude":"5.5066","longitude":"153.7105","feature_class":"P","feature_code":"PPLA2","country_code":"FM","cc2":"","admin1_code":"03","admin2_code":"OP","admin3_code":"","admin4_code":"","population":"0","elevation":"","dem":"5","timezone":"Pacific/Chuuk","modification_date":"2011-01-10"},{"geonameid":"7645375","name":"Moch","asciiname":"Moch","alternatenames":[""],"latitude":"5.4918","longitude":"153.54","feature_class":"P","feature_code":"PPLA2","country_code":"FM","cc2":"","admin1_code":"03","admin2_code":"MC","admin3_code":"","admin4_code":"","population":"0","elevation":"","dem":"18","timezone":"Pacific/Chuuk","modification_date":"2011-01-10"},{"geonameid":"7645378","name":"Kuttu","asciiname":"Kuttu","alternatenames":[""],"latitude":"5.453","longitude":"153.4575","feature_class":"P","feature_code":"PPLA2","country_code":"FM","cc2":"","admin1_code":"03","admin2_code":"KU","admin3_code":"","admin4_code":"","population":"0","elevation":"","dem":"6","timezone":"Pacific/Chuuk","modification_date":"2011-01-10"},{"geonameid":"7645381","name":"Ta","asciiname":"Ta","alternatenames":[""],"latitude":"5.2842","longitude":"153.648","feature_class":"P","feature_code":"PPLA2","country_code":"FM","cc2":"","admin1_code":"03","admin2_code":"TA","admin3_code":"","admin4_code":"","population":"0","elevation":"","dem":"16","timezone":"Pacific/Chuuk","modification_date":"2011-01-10"},{"geonameid":"7645384","name":"Satowan","asciiname":"Satowan","alternatenames":[""],"latitude":"5.334","longitude":"153.738","feature_class":"P","feature_code":"PPLA2","country_code":"FM","cc2":"","admin1_code":"03","admin2_code":"SA","admin3_code":"","admin4_code":"","population":"0","elevation":"","dem":"24","timezone":"Pacific/Chuuk","modification_date":"2011-01-10"},{"geonameid":"7645723","name":"Satawal","asciiname":"Satawal","alternatenames":[""],"latitude":"7.382","longitude":"147.0322","feature_class":"P","feature_code":"PPLA2","country_code":"FM","cc2":"","admin1_code":"04","admin2_code":"SA","admin3_code":"","admin4_code":"","population":"0","elevation":"","dem":"9","timezone":"Pacific/Chuuk","modification_date":"2011-01-17"},{"geonameid":"7645726","name":"Lamotrek","asciiname":"Lamotrek","alternatenames":[""],"latitude":"7.491","longitude":"146.305","feature_class":"P","feature_code":"PPLA2","country_code":"FM","cc2":"","admin1_code":"04","admin2_code":"LA","admin3_code":"","admin4_code":"","population":"0","elevation":"","dem":"-9999","timezone":"Pacific/Chuuk","modification_date":"2011-01-12"},{"geonameid":"7645731","name":"Elato","asciiname":"Elato","alternatenames":[""],"latitude":"7.502","longitude":"146.166","feature_class":"P","feature_code":"PPLA2","country_code":"FM","cc2":"","admin1_code":"04","admin2_code":"EL","admin3_code":"","admin4_code":"","population":"0","elevation":"","dem":"-9999","timezone":"Pacific/Chuuk","modification_date":"2011-01-12"},{"geonameid":"7645749","name":"Faraulep","asciiname":"Faraulep","alternatenames":[""],"latitude":"8.588","longitude":"144.508","feature_class":"P","feature_code":"PPLA2","country_code":"FM","cc2":"","admin1_code":"04","admin2_code":"FP","admin3_code":"","admin4_code":"","population":"0","elevation":"","dem":"-9999","timezone":"Pacific/Chuuk","modification_date":"2011-01-12"},{"geonameid":"7645754","name":"Ifalik","asciiname":"Ifalik","alternatenames":[""],"latitude":"7.25","longitude":"144.4445","feature_class":"P","feature_code":"PPLA2","country_code":"FM","cc2":"","admin1_code":"04","admin2_code":"IF","admin3_code":"","admin4_code":"","population":"0","elevation":"","dem":"-9999","timezone":"Pacific/Chuuk","modification_date":"2011-01-12"},{"geonameid":"7645763","name":"Eauripik","asciiname":"Eauripik","alternatenames":[""],"latitude":"6.687","longitude":"143.0375","feature_class":"P","feature_code":"PPLA2","country_code":"FM","cc2":"","admin1_code":"04","admin2_code":"ER","admin3_code":"","admin4_code":"","population":"0","elevation":"","dem":"-9999","timezone":"Pacific/Chuuk","modification_date":"2011-01-12"},{"geonameid":"7645768","name":"Sorol","asciiname":"Sorol","alternatenames":[""],"latitude":"8.1435","longitude":"140.394","feature_class":"P","feature_code":"PPLA2","country_code":"FM","cc2":"","admin1_code":"04","admin2_code":"SO","admin3_code":"","admin4_code":"","population":"0","elevation":"","dem":"-9999","timezone":"Pacific/Chuuk","modification_date":"2011-01-12"},{"geonameid":"7645769","name":"Fais","asciiname":"Fais","alternatenames":[""],"latitude":"9.766","longitude":"140.52","feature_class":"P","feature_code":"PPLA2","country_code":"FM","cc2":"","admin1_code":"04","admin2_code":"FS","admin3_code":"","admin4_code":"","population":"215","elevation":"","dem":"20","timezone":"Pacific/Chuuk","modification_date":"2011-01-13"},{"geonameid":"7645772","name":"Ngulu","asciiname":"Ngulu","alternatenames":[""],"latitude":"8.45","longitude":"137.484","feature_class":"P","feature_code":"PPLA2","country_code":"FM","cc2":"","admin1_code":"04","admin2_code":"NG","admin3_code":"","admin4_code":"","population":"0","elevation":"","dem":"-9999","timezone":"Pacific/Chuuk","modification_date":"2011-01-12"},{"geonameid":"7648112","name":"Colonia","asciiname":"Colonia","alternatenames":["Colonia"],"latitude":"9.51638","longitude":"138.12167","feature_class":"P","feature_code":"PPLA","country_code":"FM","cc2":"","admin1_code":"04","admin2_code":"WE","admin3_code":"","admin4_code":"","population":"7371","elevation":"","dem":"10","timezone":"Pacific/Chuuk","modification_date":"2014-08-19"},{"geonameid":"7648249","name":"Lelu","asciiname":"Lelu","alternatenames":[""],"latitude":"5.33359","longitude":"163.02248","feature_class":"P","feature_code":"PPLA2","country_code":"FM","cc2":"","admin1_code":"01","admin2_code":"LE","admin3_code":"","admin4_code":"","population":"0","elevation":"","dem":"1","timezone":"Pacific/Kosrae","modification_date":"2011-01-31"},{"geonameid":"7648250","name":"Tafunsak","asciiname":"Tafunsak","alternatenames":[""],"latitude":"5.3671","longitude":"162.98532","feature_class":"P","feature_code":"PPLA2","country_code":"FM","cc2":"","admin1_code":"01","admin2_code":"TA","admin3_code":"","admin4_code":"","population":"0","elevation":"4","dem":"61","timezone":"Pacific/Kosrae","modification_date":"2011-02-03"},{"geonameid":"7648440","name":"Malem","asciiname":"Malem","alternatenames":[""],"latitude":"5.28599","longitude":"163.02609","feature_class":"P","feature_code":"PPLA2","country_code":"FM","cc2":"","admin1_code":"01","admin2_code":"MA","admin3_code":"","admin4_code":"","population":"0","elevation":"","dem":"2","timezone":"Pacific/Kosrae","modification_date":"2011-02-02"},{"geonameid":"7648441","name":"Utwe","asciiname":"Utwe","alternatenames":[""],"latitude":"5.27486","longitude":"162.97656","feature_class":"P","feature_code":"PPLA2","country_code":"FM","cc2":"","admin1_code":"01","admin2_code":"UT","admin3_code":"","admin4_code":"","population":"0","elevation":"","dem":"7","timezone":"Pacific/Kosrae","modification_date":"2011-02-02"},{"geonameid":"7667608","name":"Madolenihm Municipality Government","asciiname":"Madolenihm Municipality Government","alternatenames":[""],"latitude":"6.83493","longitude":"158.2987","feature_class":"P","feature_code":"PPLA2","country_code":"FM","cc2":"","admin1_code":"02","admin2_code":"MA","admin3_code":"","admin4_code":"","population":"0","elevation":"73","dem":"82","timezone":"Pacific/Pohnpei","modification_date":"2011-02-11"},{"geonameid":"7668874","name":"Tonoas Municipal Building","asciiname":"Tonoas Municipal Building","alternatenames":[""],"latitude":"7.37597","longitude":"151.88433","feature_class":"P","feature_code":"PPLA2","country_code":"FM","cc2":"","admin1_code":"03","admin2_code":"DU","admin3_code":"","admin4_code":"","population":"0","elevation":"8","dem":"25","timezone":"Pacific/Chuuk","modification_date":"2011-02-18"},{"geonameid":"7668879","name":"Weno Municipal Offices","asciiname":"Weno Municipal Offices","alternatenames":[""],"latitude":"7.44428","longitude":"151.84103","feature_class":"P","feature_code":"PPLA2","country_code":"FM","cc2":"","admin1_code":"03","admin2_code":"MN","admin3_code":"","admin4_code":"","population":"0","elevation":"2","dem":"2","timezone":"Pacific/Chuuk","modification_date":"2011-02-18"}]}