{"country_data":{"ISO":"MD","ISO3":"MDA","ISO_Numeric":"498","fips":"MD","country":"Moldova","capital":"Chisinau","area":"33843","Population":"4324000","Continent":"EU","tld":".md","CurrencyCode":"MDL","CurrencyName":"Leu","Phone":"373","Postal_Code_Format":"MD-####","Postal_Code_Regex":"^(?:MD)*(\\d{4})$","Languages":"ro,ru,gag,tr","geonameid":"617790","neighbours":"RO,UA","EquivalentFipsCode":""},"cities":[{"geonameid":"617076","name":"Edineţ","asciiname":"Edinet","alternatenames":["Edincy","Edinec","Edinet","Edineţ","Edineț","Edinita","Edinita-Targ","Ediniti","Ediniţa","Ediniţa-Târg","Edintsy","Yedintsy-Tyrg","edinecheu","Единец","Единцы","에디네츠"],"latitude":"48.17215","longitude":"27.30337","feature_class":"P","feature_code":"PPLA","country_code":"MD","cc2":"","admin1_code":"73","admin2_code":"","admin3_code":"","admin4_code":"","population":"22872","elevation":"","dem":"219","timezone":"Europe/Chisinau","modification_date":"2015-04-08"},{"geonameid":"617081","name":"Iargara","asciiname":"Iargara","alternatenames":["Iagara","Iargara","Jargara","Poselok Yargora","Posëlok Yargora","Yargara","Yargora","Яргара"],"latitude":"46.4252","longitude":"28.42676","feature_class":"P","feature_code":"PPL","country_code":"MD","cc2":"","admin1_code":"65","admin2_code":"","admin3_code":"","admin4_code":"","population":"5600","elevation":"","dem":"125","timezone":"Europe/Chisinau","modification_date":"2015-04-08"},{"geonameid":"617096","name":"Vulcăneşti","asciiname":"Vulcanesti","alternatenames":["Valkaneshty","Volkaneshty","Volkenesht'","Volkenesht’","Volkoneshty","Vulcanesti","Vulcăneşti","Vulkaneshty","Vulkeneshti","Вулканешты"],"latitude":"45.68492","longitude":"28.40613","feature_class":"P","feature_code":"PPL","country_code":"MD","cc2":"","admin1_code":"51","admin2_code":"","admin3_code":"","admin4_code":"","population":"14352","elevation":"","dem":"31","timezone":"Europe/Chisinau","modification_date":"2015-04-08"},{"geonameid":"617164","name":"Vadul lui Vodă","asciiname":"Vadul lui Voda","alternatenames":["Vadu-luy-Vode","Vadul lui Voda","Vadul lui Vodă","Vadul-Luj-Vodeh","Vadul-Luy-Vode","Vaduluy-Vody","Vady-Lui Voda","Vady-Luy-Voda","Вадул-Луй-Водэ"],"latitude":"47.09009","longitude":"29.0757","feature_class":"P","feature_code":"PPL","country_code":"MD","cc2":"","admin1_code":"57","admin2_code":"","admin3_code":"","admin4_code":"","population":"5300","elevation":"","dem":"47","timezone":"Europe/Chisinau","modification_date":"2015-04-08"},{"geonameid":"617180","name":"Ungheni","asciiname":"Ungheni","alternatenames":["Nyaradto","Nyárádtő","Ukgeni Tyrg","Ungen","Ungen'","Ungen' Tyrg","Ungeni","Ungeny","Ungen’ Tyrg","Ungheni","Ungheni Targ","Унгены","Унгень"],"latitude":"47.21079","longitude":"27.80047","feature_class":"P","feature_code":"PPLA","country_code":"MD","cc2":"","admin1_code":"92","admin2_code":"","admin3_code":"","admin4_code":"","population":"34422","elevation":"","dem":"66","timezone":"Europe/Chisinau","modification_date":"2015-04-11"},{"geonameid":"617239","name":"Tiraspolul","asciiname":"Tiraspolul","alternatenames":["Gorad Ciraspal'","Tiraspol","Tiraspol'","Tiraspole","Tiraspoli","Tiraspolis","Tiraspolo","Tiraspolul Nou","Tiraspol’","Tiráspol","Tyraspol","di la si bo er","ti ras pxl","tilaseupol","tirasupori","tyrasbwl","tyrspwl","Горад Ціраспаль","Тираспол","Тирасполь","Тираспољ","טירספול","تيراسبول","ٹیراسپول","ตีรัสปอล","ტირასპოლი","ティラスポリ","蒂拉斯波尔","티라스폴"],"latitude":"46.84274","longitude":"29.62909","feature_class":"P","feature_code":"PPLA","country_code":"MD","cc2":"","admin1_code":"58","admin2_code":"","admin3_code":"","admin4_code":"","population":"157000","elevation":"","dem":"30","timezone":"Europe/Chisinau","modification_date":"2015-04-26"},{"geonameid":"617254","name":"Teleneşti","asciiname":"Telenesti","alternatenames":["Telenesht'-Tyrg","Teleneshty","Telenesht’-Tyrg","Telenesti","Telenesti Targ","Teleneşti","Teleneşti Târg","Tseleneshti-Tyrg","Теленешты"],"latitude":"47.5011","longitude":"28.36536","feature_class":"P","feature_code":"PPLA","country_code":"MD","cc2":"","admin1_code":"91","admin2_code":"","admin3_code":"","admin4_code":"","population":"6633","elevation":"","dem":"69","timezone":"Europe/Chisinau","modification_date":"2015-04-11"},{"geonameid":"617270","name":"Taraclia","asciiname":"Taraclia","alternatenames":["Taraclia","Taraklija","Tarakliya","Тараклия"],"latitude":"45.90273","longitude":"28.66816","feature_class":"P","feature_code":"PPLA","country_code":"MD","cc2":"","admin1_code":"90","admin2_code":"","admin3_code":"","admin4_code":"","population":"13512","elevation":"","dem":"65","timezone":"Europe/Chisinau","modification_date":"2015-04-11"},{"geonameid":"617279","name":"Sîngera","asciiname":"Singera","alternatenames":["Sangera","Singera","Synzhera","Sângera","Sîngera","Сынжера"],"latitude":"46.91557","longitude":"28.96673","feature_class":"P","feature_code":"PPL","country_code":"MD","cc2":"","admin1_code":"57","admin2_code":"","admin3_code":"","admin4_code":"","population":"7200","elevation":"","dem":"50","timezone":"Europe/Chisinau","modification_date":"2015-04-08"},{"geonameid":"617284","name":"Ştefan Vodă","asciiname":"Stefan Voda","alternatenames":["Shtefan-Vode","Shtefan-Vodeh","Stefan Voda","Suvorovo","Ştefan Vodă","Суворово","Штефан-Водэ"],"latitude":"46.51287","longitude":"29.66193","feature_class":"P","feature_code":"PPLA","country_code":"MD","cc2":"","admin1_code":"88","admin2_code":"","admin3_code":"","admin4_code":"","population":"7700","elevation":"","dem":"166","timezone":"Europe/Chisinau","modification_date":"2015-04-08"},{"geonameid":"617302","name":"Straşeni","asciiname":"Straseni","alternatenames":["Straseni","Strashen'","Strashenskij rajon","Strasheny","Strashen’","Straşeni","Stresheni","Străşeni","Страшенский район","Страшены"],"latitude":"47.14216","longitude":"28.60774","feature_class":"P","feature_code":"PPLA","country_code":"MD","cc2":"","admin1_code":"89","admin2_code":"","admin3_code":"","admin4_code":"","population":"19225","elevation":"","dem":"107","timezone":"Europe/Chisinau","modification_date":"2015-04-09"},{"geonameid":"617317","name":"Stăuceni","asciiname":"Stauceni","alternatenames":["Stauceni","Stavcheny","Stăuceni","Ставчены"],"latitude":"47.09643","longitude":"28.86791","feature_class":"P","feature_code":"PPL","country_code":"MD","cc2":"","admin1_code":"57","admin2_code":"","admin3_code":"","admin4_code":"","population":"5700","elevation":"","dem":"188","timezone":"Europe/Chisinau","modification_date":"2015-04-08"},{"geonameid":"617345","name":"Bilicenii Vechi","asciiname":"Bilicenii Vechi","alternatenames":["Belichany","Biliceni","Bilicenii Vechi","Bilichen'","Bilicheni","Bilichen’","Bliceni","Gilicheny","Starye Bilicheny","Staryye Bilicheny","Старые Биличены"],"latitude":"47.6558","longitude":"28.04734","feature_class":"P","feature_code":"PPL","country_code":"MD","cc2":"","admin1_code":"85","admin2_code":"","admin3_code":"","admin4_code":"","population":"15479","elevation":"","dem":"121","timezone":"Europe/Chisinau","modification_date":"2015-04-08"},{"geonameid":"617367","name":"Soroca","asciiname":"Soroca","alternatenames":["Soroca","Soroka","Soroki","Сорока","Сороки"],"latitude":"48.15659","longitude":"28.28489","feature_class":"P","feature_code":"PPLA","country_code":"MD","cc2":"","admin1_code":"87","admin2_code":"","admin3_code":"","admin4_code":"","population":"27423","elevation":"","dem":"191","timezone":"Europe/Chisinau","modification_date":"2015-04-11"},{"geonameid":"617372","name":"Şoldăneşti","asciiname":"Soldanesti","alternatenames":["Chernenko","Sholdanesht'","Sholdaneshti","Sholdaneshty","Sholdanesht’","Sholdenesht'","Sholdenesht’","Soldanesti","Şoldăneşti","Шолданешты"],"latitude":"47.81608","longitude":"28.79718","feature_class":"P","feature_code":"PPLA","country_code":"MD","cc2":"","admin1_code":"86","admin2_code":"","admin3_code":"","admin4_code":"","population":"6160","elevation":"","dem":"152","timezone":"Europe/Chisinau","modification_date":"2015-04-08"},{"geonameid":"617381","name":"Slobozia","asciiname":"Slobozia","alternatenames":["Moldavanskaya-Slobodzaya","Slobodzeja","Slobodzeya","Slobodzeya Moldavanskaya","Slobozia","Слободзея"],"latitude":"46.72927","longitude":"29.70446","feature_class":"P","feature_code":"PPL","country_code":"MD","cc2":"","admin1_code":"58","admin2_code":"","admin3_code":"","admin4_code":"","population":"15356","elevation":"","dem":"24","timezone":"Europe/Chisinau","modification_date":"2015-04-11"},{"geonameid":"617482","name":"Rîşcani","asciiname":"Riscani","alternatenames":["Rascani","Rascani Targ","Rashkan' Tyrg","Rashkani-Tyrg","Rashkan’ Tyrg","Riscani","Ryshkanovka","Ryshkany","Râşcani","Râşcani Târg","Rîşcani","Рышканы"],"latitude":"47.94792","longitude":"27.56376","feature_class":"P","feature_code":"PPLA","country_code":"MD","cc2":"","admin1_code":"84","admin2_code":"","admin3_code":"","admin4_code":"","population":"12893","elevation":"","dem":"142","timezone":"Europe/Chisinau","modification_date":"2015-04-08"},{"geonameid":"617486","name":"Rîbniţa","asciiname":"Ribnita","alternatenames":["Rabnita","Ribnica","Ribnicja","Ribnita","Ribņica","Rybnica","Rybnitsa","Rybniza","Râbniţa","Râbnița","Rîbniţa","Rîbnița","rybnyzh","Рибниця","Рыбница","ריבניצה"],"latitude":"47.76817","longitude":"29.01","feature_class":"P","feature_code":"PPL","country_code":"MD","cc2":"","admin1_code":"58","admin2_code":"","admin3_code":"","admin4_code":"","population":"55455","elevation":"","dem":"96","timezone":"Europe/Chisinau","modification_date":"2015-04-11"},{"geonameid":"617502","name":"Rezina","asciiname":"Rezina","alternatenames":["Rezina","Rezina Targ","Rezina Târg","Rezina-Tirg","Rezina-Tîrg","Резина"],"latitude":"47.74928","longitude":"28.96583","feature_class":"P","feature_code":"PPLA","country_code":"MD","cc2":"","admin1_code":"83","admin2_code":"","admin3_code":"","admin4_code":"","population":"9806","elevation":"","dem":"138","timezone":"Europe/Chisinau","modification_date":"2015-04-08"},{"geonameid":"617602","name":"Pervomaisc","asciiname":"Pervomaisc","alternatenames":["Pervomaisc","Pervomajck","Pervomaysk","Pervomayskoye","Первомайcк"],"latitude":"46.73253","longitude":"29.9617","feature_class":"P","feature_code":"PPL","country_code":"MD","cc2":"","admin1_code":"58","admin2_code":"","admin3_code":"","admin4_code":"","population":"7300","elevation":"","dem":"12","timezone":"Europe/Chisinau","modification_date":"2015-04-11"},{"geonameid":"617638","name":"Orhei","asciiname":"Orhei","alternatenames":["Orgeev","Orgeyev","Orhei","Orheiu","Orkhej","Orkhey","Оргеев","Орхей"],"latitude":"47.38494","longitude":"28.82446","feature_class":"P","feature_code":"PPLA","country_code":"MD","cc2":"","admin1_code":"82","admin2_code":"","admin3_code":"","admin4_code":"","population":"24918","elevation":"","dem":"86","timezone":"Europe/Chisinau","modification_date":"2015-04-08"},{"geonameid":"617659","name":"Ocniţa","asciiname":"Ocnita","alternatenames":["Ocnita","Ocniţa","Oknica","Oknitsa","Окница"],"latitude":"48.38274","longitude":"27.43805","feature_class":"P","feature_code":"PPLA","country_code":"MD","cc2":"","admin1_code":"81","admin2_code":"","admin3_code":"","admin4_code":"","population":"9325","elevation":"","dem":"220","timezone":"Europe/Chisinau","modification_date":"2015-04-08"},{"geonameid":"617702","name":"Anenii Noi","asciiname":"Anenii Noi","alternatenames":["Aneni Nouy","Anenii Noi","Anenii Noui","Novo-Aneny","Novye Aneny","Novyye Aneny","Новые Анены"],"latitude":"46.87839","longitude":"29.23483","feature_class":"P","feature_code":"PPLA","country_code":"MD","cc2":"","admin1_code":"59","admin2_code":"","admin3_code":"","admin4_code":"","population":"8250","elevation":"","dem":"28","timezone":"Europe/Chisinau","modification_date":"2015-04-08"},{"geonameid":"617753","name":"Nisporeni","asciiname":"Nisporeni","alternatenames":["Nisiporeni","Nisporeni","Nisporeny","Nisporyany","Ниспорены"],"latitude":"47.08139","longitude":"28.17833","feature_class":"P","feature_code":"PPLA","country_code":"MD","cc2":"","admin1_code":"80","admin2_code":"","admin3_code":"","admin4_code":"","population":"11718","elevation":"","dem":"90","timezone":"Europe/Chisinau","modification_date":"2012-01-17"},{"geonameid":"617778","name":"Mîndreşti","asciiname":"Mindresti","alternatenames":["Mandresti","Mindresti","Myndresht'","Myndreshti","Myndreshty","Myndresht’","Mândreşti","Mîndreşti","Мындрешты"],"latitude":"47.50525","longitude":"28.27687","feature_class":"P","feature_code":"PPL","country_code":"MD","cc2":"","admin1_code":"90","admin2_code":"","admin3_code":"","admin4_code":"","population":"9280","elevation":"","dem":"85","timezone":"Europe/Chisinau","modification_date":"2015-04-08"},{"geonameid":"617904","name":"Leova","asciiname":"Leova","alternatenames":["Leova","Leovo","Levo","Леово"],"latitude":"46.4823","longitude":"28.25301","feature_class":"P","feature_code":"PPLA","country_code":"MD","cc2":"","admin1_code":"79","admin2_code":"","admin3_code":"","admin4_code":"","population":"14301","elevation":"","dem":"37","timezone":"Europe/Chisinau","modification_date":"2015-04-08"},{"geonameid":"617914","name":"Sîngerei","asciiname":"Singerei","alternatenames":["Lazovsk","Sangerei","Senzherey","Singerei","Syndzherey","Synzhereja","Synzhereya","Synzheria","Sângerei","Sîngerei","Лазовск","Сынжерея"],"latitude":"47.63632","longitude":"28.14296","feature_class":"P","feature_code":"PPLA","country_code":"MD","cc2":"","admin1_code":"85","admin2_code":"","admin3_code":"","admin4_code":"","population":"14600","elevation":"","dem":"90","timezone":"Europe/Chisinau","modification_date":"2015-04-08"},{"geonameid":"617965","name":"Cricova","asciiname":"Cricova","alternatenames":["Cricova","Krikova","Krikovo","Криково"],"latitude":"47.13835","longitude":"28.86156","feature_class":"P","feature_code":"PPL","country_code":"MD","cc2":"","admin1_code":"57","admin2_code":"","admin3_code":"","admin4_code":"","population":"7400","elevation":"","dem":"134","timezone":"Europe/Chisinau","modification_date":"2015-04-08"},{"geonameid":"617993","name":"Hînceşti","asciiname":"Hincesti","alternatenames":["Ganchesty","Gynchesht'","Gynchesht’","Hancesti","Hincesti","Hânceşti","Hînceşti","Khencheshti","Khynchesht'","Khyncheshty","Khynchesht’","Kotovsk","Kotovskoye","Котовск","Хынчешты"],"latitude":"46.83047","longitude":"28.59064","feature_class":"P","feature_code":"PPL","country_code":"MD","cc2":"","admin1_code":"77","admin2_code":"","admin3_code":"","admin4_code":"","population":"16900","elevation":"","dem":"127","timezone":"Europe/Chisinau","modification_date":"2015-04-08"},{"geonameid":"618057","name":"Cocieri","asciiname":"Cocieri","alternatenames":["Cocieri","Kochiery","Kochiyery","Kucheyer","Kuchiyer","Kuchiyery","Кочиеры"],"latitude":"47.3017","longitude":"29.11755","feature_class":"P","feature_code":"PPLA","country_code":"MD","cc2":"","admin1_code":"72","admin2_code":"","admin3_code":"","admin4_code":"","population":"4151","elevation":"","dem":"89","timezone":"Europe/Chisinau","modification_date":"2015-04-11"},{"geonameid":"618067","name":"Chiţcani","asciiname":"Chitcani","alternatenames":["Kickany","Kitskan'","Kitskani","Kitskany","Кицканы"],"latitude":"46.78296","longitude":"29.61682","feature_class":"P","feature_code":"PPL","country_code":"MD","cc2":"MD","admin1_code":"67","admin2_code":"","admin3_code":"","admin4_code":"","population":"9000","elevation":"","dem":"11","timezone":"Europe/Chisinau","modification_date":"2010-07-08"},{"geonameid":"618120","name":"Căuşeni","asciiname":"Causeni","alternatenames":["Causani-Novi","Causanii-Noui","Causeni","Căuşani-Novi","Căuşanii-Noui","Căuşeni","Căușeni","Kaushani","Kaushani-Noui","Kaushany","Keusenis","Keušenis","Noui Causanii","Noui Căuşanii","Novo Kaushani","Novyye Kaushany","Novyye Keushani","kawshyny","ke wu xie ni","keousyeni","Каушани","Каушаны","کاؤشینی","克烏謝尼","커우셰니"],"latitude":"46.63674","longitude":"29.41114","feature_class":"P","feature_code":"PPLA","country_code":"MD","cc2":"","admin1_code":"67","admin2_code":"","admin3_code":"","admin4_code":"","population":"21690","elevation":"","dem":"32","timezone":"Europe/Chisinau","modification_date":"2015-05-06"},{"geonameid":"618196","name":"Ialoveni","asciiname":"Ialoveni","alternatenames":["Ialoveni","Jaloveny","Kutuzov","Ploreny","Ploveny","Yaloven'","Yaloveny","Yaloven’","Yalovyany","Кутузов","Яловены"],"latitude":"46.94346","longitude":"28.78233","feature_class":"P","feature_code":"PPLA","country_code":"MD","cc2":"","admin1_code":"78","admin2_code":"","admin3_code":"","admin4_code":"","population":"14915","elevation":"","dem":"97","timezone":"Europe/Chisinau","modification_date":"2015-04-08"},{"geonameid":"618234","name":"Grigoriopol","asciiname":"Grigoriopol","alternatenames":["Grigoriopol","Grigoriopol'","Grigoriopol’","Григориополь"],"latitude":"47.15413","longitude":"29.30008","feature_class":"P","feature_code":"PPL","country_code":"MD","cc2":"","admin1_code":"91","admin2_code":"","admin3_code":"","admin4_code":"","population":"9456","elevation":"","dem":"21","timezone":"Europe/Chisinau","modification_date":"2015-04-08"},{"geonameid":"618261","name":"Glodeni","asciiname":"Glodeni","alternatenames":["Gloden'","Glodeni","Gloden’","Glodjany","Glodyany","Malyye Glodyany","Глодяны"],"latitude":"47.77513","longitude":"27.51891","feature_class":"P","feature_code":"PPL","country_code":"MD","cc2":"","admin1_code":"76","admin2_code":"","admin3_code":"","admin4_code":"","population":"10146","elevation":"","dem":"125","timezone":"Europe/Chisinau","modification_date":"2015-04-08"},{"geonameid":"618329","name":"Floreşti","asciiname":"Floresti","alternatenames":["Floresht'","Floreshti","Floreshty","Floresht’","Floresti","Floreşti","Флорешты"],"latitude":"47.89137","longitude":"28.29312","feature_class":"P","feature_code":"PPLA","country_code":"MD","cc2":"","admin1_code":"75","admin2_code":"","admin3_code":"","admin4_code":"","population":"16759","elevation":"","dem":"120","timezone":"Europe/Chisinau","modification_date":"2015-04-08"},{"geonameid":"618344","name":"Făleşti","asciiname":"Falesti","alternatenames":["Falesht'","Faleshti","Faleshty","Falesht’","Falesti","Feleshti","Făleşti","Fălești","Фалешти","Фалешты"],"latitude":"47.57667","longitude":"27.71264","feature_class":"P","feature_code":"PPLA","country_code":"MD","cc2":"","admin1_code":"74","admin2_code":"","admin3_code":"","admin4_code":"","population":"14377","elevation":"","dem":"120","timezone":"Europe/Chisinau","modification_date":"2015-05-06"},{"geonameid":"618365","name":"Dubăsari","asciiname":"Dubasari","alternatenames":["Dubasari","Dubehsar'","Dubosari","Dubossary","Dubăsari","dubeosali","Дубоссары","Дубэсарь","두버사리"],"latitude":"47.26562","longitude":"29.16667","feature_class":"P","feature_code":"PPL","country_code":"MD","cc2":"","admin1_code":"91","admin2_code":"","admin3_code":"","admin4_code":"","population":"23254","elevation":"","dem":"39","timezone":"Europe/Chisinau","modification_date":"2015-04-08"},{"geonameid":"618370","name":"Drochia","asciiname":"Drochia","alternatenames":["Drochia","Drokija","Drokiya","Drokiya Sat","Дрокия"],"latitude":"48.03555","longitude":"27.81293","feature_class":"P","feature_code":"PPLA","country_code":"MD","cc2":"","admin1_code":"71","admin2_code":"","admin3_code":"","admin4_code":"","population":"16080","elevation":"","dem":"225","timezone":"Europe/Chisinau","modification_date":"2015-04-08"},{"geonameid":"618382","name":"Donduşeni","asciiname":"Donduseni","alternatenames":["Dondusani","Donduseni","Dondushen'","Dondushen’","Donduşeni","Donduşăni","Dondyushany"],"latitude":"48.24268","longitude":"27.6101","feature_class":"P","feature_code":"PPLA","country_code":"MD","cc2":"","admin1_code":"70","admin2_code":"","admin3_code":"","admin4_code":"","population":"9435","elevation":"","dem":"241","timezone":"Europe/Chisinau","modification_date":"2011-04-13"},{"geonameid":"618387","name":"Dnestrovsc","asciiname":"Dnestrovsc","alternatenames":["Dnestrovsc","Dnestrovsk","Днестровск"],"latitude":"46.6164","longitude":"29.91926","feature_class":"P","feature_code":"PPL","country_code":"MD","cc2":"","admin1_code":"91","admin2_code":"","admin3_code":"","admin4_code":"","population":"10426","elevation":"","dem":"16","timezone":"Europe/Chisinau","modification_date":"2015-04-08"},{"geonameid":"618400","name":"Dancu","asciiname":"Dancu","alternatenames":["Dan'ka","Dancu","Danku","Dan’ka","Данку"],"latitude":"46.75818","longitude":"28.20716","feature_class":"P","feature_code":"PPL","country_code":"MD","cc2":"","admin1_code":"77","admin2_code":"","admin3_code":"","admin4_code":"","population":"10000","elevation":"","dem":"24","timezone":"Europe/Chisinau","modification_date":"2015-04-08"},{"geonameid":"618403","name":"Criuleni","asciiname":"Criuleni","alternatenames":["Criuleni","Kriulen'","Kriuleni","Kriulen’","Kriuljany","Kriulyany","Krivleny","Kryulyany","Криуляны"],"latitude":"47.21307","longitude":"29.15926","feature_class":"P","feature_code":"PPLA","country_code":"MD","cc2":"","admin1_code":"69","admin2_code":"","admin3_code":"","admin4_code":"","population":"6932","elevation":"","dem":"31","timezone":"Europe/Chisinau","modification_date":"2015-04-08"},{"geonameid":"618405","name":"Comrat","asciiname":"Comrat","alternatenames":["Comrat","Komrad","Komrat","Komratas","ke mu la ci","khxm rat","komlateu","Комрат","คอมรัต","科姆拉茨","콤라트"],"latitude":"46.29456","longitude":"28.6565","feature_class":"P","feature_code":"PPLA","country_code":"MD","cc2":"","admin1_code":"51","admin2_code":"","admin3_code":"","admin4_code":"","population":"22911","elevation":"","dem":"62","timezone":"Europe/Chisinau","modification_date":"2015-04-08"},{"geonameid":"618406","name":"Cimişlia","asciiname":"Cimislia","alternatenames":["Chimishlija","Chimishliya","Cimislia","Cimişlia","Чимишлия"],"latitude":"46.52685","longitude":"28.76441","feature_class":"P","feature_code":"PPLA","country_code":"MD","cc2":"","admin1_code":"68","admin2_code":"","admin3_code":"","admin4_code":"","population":"12464","elevation":"","dem":"115","timezone":"Europe/Chisinau","modification_date":"2015-04-08"},{"geonameid":"618426","name":"Chişinău","asciiname":"Chisinau","alternatenames":["Chisinau","Chişinău","Chișinău","KIV","Kischinew","Kiscinev","Kishinef","Kishinehu","Kishinev","Kishiniv","Kishinjov","Kishinëv","Kisinaou","Kisinev","Kisineva","Kisinevo","Kisiniovas","Kisinjev","Kisinov","Kisinyov","Kisyneu","Kiszyniow","Kiszyniów","Kiŝinevo","Kişinev","Kišiniovas","Kišinjev","Kišiněv","Kišiņeva","Kišiňov","cisina'u","cisinau","ji xi ne wu","kishinau","kisineou","kyshynaw","Κισινάου","Κισιναου","Кишинев","Кишинэу","Кишинёв","Кишињев","Кішынёў","Կիշինյով","קישינאו","كيشيناو","चिशिनाउ","चिशिनौ","კიშინიოვი","ኪሺንው","キシナウ","基希讷乌","키시너우"],"latitude":"47.00556","longitude":"28.8575","feature_class":"P","feature_code":"PPLC","country_code":"MD","cc2":"","admin1_code":"57","admin2_code":"","admin3_code":"","admin4_code":"","population":"635994","elevation":"","dem":"55","timezone":"Europe/Chisinau","modification_date":"2015-02-06"},{"geonameid":"618450","name":"Ceadîr-Lunga","asciiname":"Ceadir-Lunga","alternatenames":["Ceadar-Lunga","Ceadir-Lunga","Ceadâr-Lunga","Ceadîr-Lunga","Chadyr-Lunga","Чадыр-Лунга"],"latitude":"46.06169","longitude":"28.83078","feature_class":"P","feature_code":"PPL","country_code":"MD","cc2":"","admin1_code":"51","admin2_code":"","admin3_code":"","admin4_code":"","population":"22700","elevation":"","dem":"45","timezone":"Europe/Chisinau","modification_date":"2015-04-08"},{"geonameid":"618452","name":"Cantemir","asciiname":"Cantemir","alternatenames":["Cantemir","Kantemir","Кантемир"],"latitude":"46.27743","longitude":"28.2027","feature_class":"P","feature_code":"PPLA","country_code":"MD","cc2":"","admin1_code":"65","admin2_code":"","admin3_code":"","admin4_code":"","population":"3829","elevation":"","dem":"56","timezone":"Europe/Chisinau","modification_date":"2015-04-08"},{"geonameid":"618453","name":"Camenca","asciiname":"Camenca","alternatenames":["Camenca","Kamenka","Kamenka-Moldavskaya","Каменка"],"latitude":"48.03233","longitude":"28.69899","feature_class":"P","feature_code":"PPL","country_code":"MD","cc2":"","admin1_code":"91","admin2_code":"","admin3_code":"","admin4_code":"","population":"11072","elevation":"","dem":"36","timezone":"Europe/Chisinau","modification_date":"2015-04-08"},{"geonameid":"618454","name":"Călăraşi","asciiname":"Calarasi","alternatenames":["Calarasi","Calarasi-Targ","Călărasi-Targ","Călăraşi","Kalarash","Kelerashi-Tyrg"],"latitude":"47.25444","longitude":"28.30806","feature_class":"P","feature_code":"PPLA","country_code":"MD","cc2":"","admin1_code":"66","admin2_code":"","admin3_code":"","admin4_code":"","population":"14066","elevation":"","dem":"111","timezone":"Europe/Chisinau","modification_date":"2012-01-17"},{"geonameid":"618456","name":"Cahul","asciiname":"Cahul","alternatenames":["Cahul","Gorad Kakhul","Kagul","Kaguł","Kahul","Kahulis","Kakhul","ka hu er","kahul","qgwl","Горад Кахул","Кагул","Кахул","קגול","کاہول","卡胡爾","카훌"],"latitude":"45.90425","longitude":"28.19929","feature_class":"P","feature_code":"PPLA","country_code":"MD","cc2":"","admin1_code":"64","admin2_code":"","admin3_code":"","admin4_code":"","population":"34492","elevation":"","dem":"50","timezone":"Europe/Chisinau","modification_date":"2015-04-08"},{"geonameid":"618510","name":"Briceni","asciiname":"Briceni","alternatenames":["Briceni","Briceni-Targ","Briceni-Târg","Brichany","Brichen' Sat","Bricheni Sat","Brichen’ Sat","Бричаны"],"latitude":"48.36289","longitude":"27.07787","feature_class":"P","feature_code":"PPLA","country_code":"MD","cc2":"","admin1_code":"63","admin2_code":"","admin3_code":"","admin4_code":"","population":"9900","elevation":"","dem":"234","timezone":"Europe/Kiev","modification_date":"2015-04-08"},{"geonameid":"618512","name":"Briceni","asciiname":"Briceni","alternatenames":["Briceni","Brichany","Brichen'","Brichen’","Бричаны"],"latitude":"48.35628","longitude":"27.70293","feature_class":"P","feature_code":"PPL","country_code":"MD","cc2":"","admin1_code":"70","admin2_code":"","admin3_code":"","admin4_code":"","population":"14132","elevation":"","dem":"229","timezone":"Europe/Chisinau","modification_date":"2015-04-08"},{"geonameid":"618577","name":"Bender","asciiname":"Bender","alternatenames":["Bendary","Bender","Bendera","Benderai","Benderi","Bendery","Bəndər","Gorad Bendehr","Tighina","Tigina","bendeleu","benderu","bin jie li","byndr  mwldwfya","tygynh","Бендер","Бендери","Бендеры","Горад Бендэр","Тигина","טיגינה","بيندر، مولدوفيا","ベンデル","賓傑里","벤데르"],"latitude":"46.83156","longitude":"29.47769","feature_class":"P","feature_code":"PPLA","country_code":"MD","cc2":"","admin1_code":"62","admin2_code":"","admin3_code":"","admin4_code":"","population":"110175","elevation":"","dem":"33","timezone":"Europe/Chisinau","modification_date":"2015-04-08"},{"geonameid":"618594","name":"Basarabeasca","asciiname":"Basarabeasca","alternatenames":["Basarabeasca","Bessarabka","Bessarabskaya","Bessarabskiy","Romaneshti","Romanesti","Romanovka","Romanovo","Romynesht'","Romynesht’","Româneşti","Бессарабка"],"latitude":"46.3317","longitude":"28.96365","feature_class":"P","feature_code":"PPLA","country_code":"MD","cc2":"","admin1_code":"61","admin2_code":"","admin3_code":"","admin4_code":"","population":"10809","elevation":"","dem":"60","timezone":"Europe/Chisinau","modification_date":"2015-04-08"},{"geonameid":"618605","name":"Bălţi","asciiname":"Balti","alternatenames":["Balti","Baltsy","Behlc'","Bel'cy","Bel'tsy","Belcai","Belci","Beltsi","Bel’tsy","Bielce","Byelcy","Bălţi","Bălți","Municipalite de Balti","Municipalité de Bălţi","blzy","Белци","Бельцы","Бэлць","בלצי"],"latitude":"47.76314","longitude":"27.92932","feature_class":"P","feature_code":"PPLA","country_code":"MD","cc2":"","admin1_code":"60","admin2_code":"","admin3_code":"","admin4_code":"","population":"125000","elevation":"","dem":"110","timezone":"Europe/Chisinau","modification_date":"2015-04-08"},{"geonameid":"618631","name":"Otaci","asciiname":"Otaci","alternatenames":["Ataki","Otach-Tyrg","Otaci","Атаки"],"latitude":"48.43285","longitude":"27.79912","feature_class":"P","feature_code":"PPL","country_code":"MD","cc2":"","admin1_code":"81","admin2_code":"","admin3_code":"","admin4_code":"","population":"8400","elevation":"","dem":"93","timezone":"Europe/Chisinau","modification_date":"2015-04-08"},{"geonameid":"824153","name":"Ciorescu","asciiname":"Ciorescu","alternatenames":["Ciorescu","Krikova-Noue","Krikova-Noueh","Крикова-Ноуэ"],"latitude":"47.13","longitude":"28.88937","feature_class":"P","feature_code":"PPL","country_code":"MD","cc2":"","admin1_code":"57","admin2_code":"","admin3_code":"","admin4_code":"","population":"6870","elevation":"","dem":"105","timezone":"Europe/Chisinau","modification_date":"2015-04-08"},{"geonameid":"617076","name":"Edineţ","asciiname":"Edinet","alternatenames":["Edincy","Edinec","Edinet","Edineţ","Edineț","Edinita","Edinita-Targ","Ediniti","Ediniţa","Ediniţa-Târg","Edintsy","Yedintsy-Tyrg","edinecheu","Единец","Единцы","에디네츠"],"latitude":"48.17215","longitude":"27.30337","feature_class":"P","feature_code":"PPLA","country_code":"MD","cc2":"","admin1_code":"73","admin2_code":"","admin3_code":"","admin4_code":"","population":"22872","elevation":"","dem":"219","timezone":"Europe/Chisinau","modification_date":"2015-04-08"},{"geonameid":"617180","name":"Ungheni","asciiname":"Ungheni","alternatenames":["Nyaradto","Nyárádtő","Ukgeni Tyrg","Ungen","Ungen'","Ungen' Tyrg","Ungeni","Ungeny","Ungen’ Tyrg","Ungheni","Ungheni Targ","Унгены","Унгень"],"latitude":"47.21079","longitude":"27.80047","feature_class":"P","feature_code":"PPLA","country_code":"MD","cc2":"","admin1_code":"92","admin2_code":"","admin3_code":"","admin4_code":"","population":"34422","elevation":"","dem":"66","timezone":"Europe/Chisinau","modification_date":"2015-04-11"},{"geonameid":"617239","name":"Tiraspolul","asciiname":"Tiraspolul","alternatenames":["Gorad Ciraspal'","Tiraspol","Tiraspol'","Tiraspole","Tiraspoli","Tiraspolis","Tiraspolo","Tiraspolul Nou","Tiraspol’","Tiráspol","Tyraspol","di la si bo er","ti ras pxl","tilaseupol","tirasupori","tyrasbwl","tyrspwl","Горад Ціраспаль","Тираспол","Тирасполь","Тираспољ","טירספול","تيراسبول","ٹیراسپول","ตีรัสปอล","ტირასპოლი","ティラスポリ","蒂拉斯波尔","티라스폴"],"latitude":"46.84274","longitude":"29.62909","feature_class":"P","feature_code":"PPLA","country_code":"MD","cc2":"","admin1_code":"58","admin2_code":"","admin3_code":"","admin4_code":"","population":"157000","elevation":"","dem":"30","timezone":"Europe/Chisinau","modification_date":"2015-04-26"},{"geonameid":"617302","name":"Straşeni","asciiname":"Straseni","alternatenames":["Straseni","Strashen'","Strashenskij rajon","Strasheny","Strashen’","Straşeni","Stresheni","Străşeni","Страшенский район","Страшены"],"latitude":"47.14216","longitude":"28.60774","feature_class":"P","feature_code":"PPLA","country_code":"MD","cc2":"","admin1_code":"89","admin2_code":"","admin3_code":"","admin4_code":"","population":"19225","elevation":"","dem":"107","timezone":"Europe/Chisinau","modification_date":"2015-04-09"},{"geonameid":"617345","name":"Bilicenii Vechi","asciiname":"Bilicenii Vechi","alternatenames":["Belichany","Biliceni","Bilicenii Vechi","Bilichen'","Bilicheni","Bilichen’","Bliceni","Gilicheny","Starye Bilicheny","Staryye Bilicheny","Старые Биличены"],"latitude":"47.6558","longitude":"28.04734","feature_class":"P","feature_code":"PPL","country_code":"MD","cc2":"","admin1_code":"85","admin2_code":"","admin3_code":"","admin4_code":"","population":"15479","elevation":"","dem":"121","timezone":"Europe/Chisinau","modification_date":"2015-04-08"},{"geonameid":"617367","name":"Soroca","asciiname":"Soroca","alternatenames":["Soroca","Soroka","Soroki","Сорока","Сороки"],"latitude":"48.15659","longitude":"28.28489","feature_class":"P","feature_code":"PPLA","country_code":"MD","cc2":"","admin1_code":"87","admin2_code":"","admin3_code":"","admin4_code":"","population":"27423","elevation":"","dem":"191","timezone":"Europe/Chisinau","modification_date":"2015-04-11"},{"geonameid":"617381","name":"Slobozia","asciiname":"Slobozia","alternatenames":["Moldavanskaya-Slobodzaya","Slobodzeja","Slobodzeya","Slobodzeya Moldavanskaya","Slobozia","Слободзея"],"latitude":"46.72927","longitude":"29.70446","feature_class":"P","feature_code":"PPL","country_code":"MD","cc2":"","admin1_code":"58","admin2_code":"","admin3_code":"","admin4_code":"","population":"15356","elevation":"","dem":"24","timezone":"Europe/Chisinau","modification_date":"2015-04-11"},{"geonameid":"617486","name":"Rîbniţa","asciiname":"Ribnita","alternatenames":["Rabnita","Ribnica","Ribnicja","Ribnita","Ribņica","Rybnica","Rybnitsa","Rybniza","Râbniţa","Râbnița","Rîbniţa","Rîbnița","rybnyzh","Рибниця","Рыбница","ריבניצה"],"latitude":"47.76817","longitude":"29.01","feature_class":"P","feature_code":"PPL","country_code":"MD","cc2":"","admin1_code":"58","admin2_code":"","admin3_code":"","admin4_code":"","population":"55455","elevation":"","dem":"96","timezone":"Europe/Chisinau","modification_date":"2015-04-11"},{"geonameid":"617638","name":"Orhei","asciiname":"Orhei","alternatenames":["Orgeev","Orgeyev","Orhei","Orheiu","Orkhej","Orkhey","Оргеев","Орхей"],"latitude":"47.38494","longitude":"28.82446","feature_class":"P","feature_code":"PPLA","country_code":"MD","cc2":"","admin1_code":"82","admin2_code":"","admin3_code":"","admin4_code":"","population":"24918","elevation":"","dem":"86","timezone":"Europe/Chisinau","modification_date":"2015-04-08"},{"geonameid":"617993","name":"Hînceşti","asciiname":"Hincesti","alternatenames":["Ganchesty","Gynchesht'","Gynchesht’","Hancesti","Hincesti","Hânceşti","Hînceşti","Khencheshti","Khynchesht'","Khyncheshty","Khynchesht’","Kotovsk","Kotovskoye","Котовск","Хынчешты"],"latitude":"46.83047","longitude":"28.59064","feature_class":"P","feature_code":"PPL","country_code":"MD","cc2":"","admin1_code":"77","admin2_code":"","admin3_code":"","admin4_code":"","population":"16900","elevation":"","dem":"127","timezone":"Europe/Chisinau","modification_date":"2015-04-08"},{"geonameid":"618120","name":"Căuşeni","asciiname":"Causeni","alternatenames":["Causani-Novi","Causanii-Noui","Causeni","Căuşani-Novi","Căuşanii-Noui","Căuşeni","Căușeni","Kaushani","Kaushani-Noui","Kaushany","Keusenis","Keušenis","Noui Causanii","Noui Căuşanii","Novo Kaushani","Novyye Kaushany","Novyye Keushani","kawshyny","ke wu xie ni","keousyeni","Каушани","Каушаны","کاؤشینی","克烏謝尼","커우셰니"],"latitude":"46.63674","longitude":"29.41114","feature_class":"P","feature_code":"PPLA","country_code":"MD","cc2":"","admin1_code":"67","admin2_code":"","admin3_code":"","admin4_code":"","population":"21690","elevation":"","dem":"32","timezone":"Europe/Chisinau","modification_date":"2015-05-06"},{"geonameid":"618329","name":"Floreşti","asciiname":"Floresti","alternatenames":["Floresht'","Floreshti","Floreshty","Floresht’","Floresti","Floreşti","Флорешты"],"latitude":"47.89137","longitude":"28.29312","feature_class":"P","feature_code":"PPLA","country_code":"MD","cc2":"","admin1_code":"75","admin2_code":"","admin3_code":"","admin4_code":"","population":"16759","elevation":"","dem":"120","timezone":"Europe/Chisinau","modification_date":"2015-04-08"},{"geonameid":"618365","name":"Dubăsari","asciiname":"Dubasari","alternatenames":["Dubasari","Dubehsar'","Dubosari","Dubossary","Dubăsari","dubeosali","Дубоссары","Дубэсарь","두버사리"],"latitude":"47.26562","longitude":"29.16667","feature_class":"P","feature_code":"PPL","country_code":"MD","cc2":"","admin1_code":"91","admin2_code":"","admin3_code":"","admin4_code":"","population":"23254","elevation":"","dem":"39","timezone":"Europe/Chisinau","modification_date":"2015-04-08"},{"geonameid":"618370","name":"Drochia","asciiname":"Drochia","alternatenames":["Drochia","Drokija","Drokiya","Drokiya Sat","Дрокия"],"latitude":"48.03555","longitude":"27.81293","feature_class":"P","feature_code":"PPLA","country_code":"MD","cc2":"","admin1_code":"71","admin2_code":"","admin3_code":"","admin4_code":"","population":"16080","elevation":"","dem":"225","timezone":"Europe/Chisinau","modification_date":"2015-04-08"},{"geonameid":"618405","name":"Comrat","asciiname":"Comrat","alternatenames":["Comrat","Komrad","Komrat","Komratas","ke mu la ci","khxm rat","komlateu","Комрат","คอมรัต","科姆拉茨","콤라트"],"latitude":"46.29456","longitude":"28.6565","feature_class":"P","feature_code":"PPLA","country_code":"MD","cc2":"","admin1_code":"51","admin2_code":"","admin3_code":"","admin4_code":"","population":"22911","elevation":"","dem":"62","timezone":"Europe/Chisinau","modification_date":"2015-04-08"},{"geonameid":"618426","name":"Chişinău","asciiname":"Chisinau","alternatenames":["Chisinau","Chişinău","Chișinău","KIV","Kischinew","Kiscinev","Kishinef","Kishinehu","Kishinev","Kishiniv","Kishinjov","Kishinëv","Kisinaou","Kisinev","Kisineva","Kisinevo","Kisiniovas","Kisinjev","Kisinov","Kisinyov","Kisyneu","Kiszyniow","Kiszyniów","Kiŝinevo","Kişinev","Kišiniovas","Kišinjev","Kišiněv","Kišiņeva","Kišiňov","cisina'u","cisinau","ji xi ne wu","kishinau","kisineou","kyshynaw","Κισινάου","Κισιναου","Кишинев","Кишинэу","Кишинёв","Кишињев","Кішынёў","Կիշինյով","קישינאו","كيشيناو","चिशिनाउ","चिशिनौ","კიშინიოვი","ኪሺንው","キシナウ","基希讷乌","키시너우"],"latitude":"47.00556","longitude":"28.8575","feature_class":"P","feature_code":"PPLC","country_code":"MD","cc2":"","admin1_code":"57","admin2_code":"","admin3_code":"","admin4_code":"","population":"635994","elevation":"","dem":"55","timezone":"Europe/Chisinau","modification_date":"2015-02-06"},{"geonameid":"618450","name":"Ceadîr-Lunga","asciiname":"Ceadir-Lunga","alternatenames":["Ceadar-Lunga","Ceadir-Lunga","Ceadâr-Lunga","Ceadîr-Lunga","Chadyr-Lunga","Чадыр-Лунга"],"latitude":"46.06169","longitude":"28.83078","feature_class":"P","feature_code":"PPL","country_code":"MD","cc2":"","admin1_code":"51","admin2_code":"","admin3_code":"","admin4_code":"","population":"22700","elevation":"","dem":"45","timezone":"Europe/Chisinau","modification_date":"2015-04-08"},{"geonameid":"618456","name":"Cahul","asciiname":"Cahul","alternatenames":["Cahul","Gorad Kakhul","Kagul","Kaguł","Kahul","Kahulis","Kakhul","ka hu er","kahul","qgwl","Горад Кахул","Кагул","Кахул","קגול","کاہول","卡胡爾","카훌"],"latitude":"45.90425","longitude":"28.19929","feature_class":"P","feature_code":"PPLA","country_code":"MD","cc2":"","admin1_code":"64","admin2_code":"","admin3_code":"","admin4_code":"","population":"34492","elevation":"","dem":"50","timezone":"Europe/Chisinau","modification_date":"2015-04-08"},{"geonameid":"618577","name":"Bender","asciiname":"Bender","alternatenames":["Bendary","Bender","Bendera","Benderai","Benderi","Bendery","Bəndər","Gorad Bendehr","Tighina","Tigina","bendeleu","benderu","bin jie li","byndr  mwldwfya","tygynh","Бендер","Бендери","Бендеры","Горад Бендэр","Тигина","טיגינה","بيندر، مولدوفيا","ベンデル","賓傑里","벤데르"],"latitude":"46.83156","longitude":"29.47769","feature_class":"P","feature_code":"PPLA","country_code":"MD","cc2":"","admin1_code":"62","admin2_code":"","admin3_code":"","admin4_code":"","population":"110175","elevation":"","dem":"33","timezone":"Europe/Chisinau","modification_date":"2015-04-08"},{"geonameid":"618605","name":"Bălţi","asciiname":"Balti","alternatenames":["Balti","Baltsy","Behlc'","Bel'cy","Bel'tsy","Belcai","Belci","Beltsi","Bel’tsy","Bielce","Byelcy","Bălţi","Bălți","Municipalite de Balti","Municipalité de Bălţi","blzy","Белци","Бельцы","Бэлць","בלצי"],"latitude":"47.76314","longitude":"27.92932","feature_class":"P","feature_code":"PPLA","country_code":"MD","cc2":"","admin1_code":"60","admin2_code":"","admin3_code":"","admin4_code":"","population":"125000","elevation":"","dem":"110","timezone":"Europe/Chisinau","modification_date":"2015-04-08"}]}