{"country_data":{"ISO":"MC","ISO3":"MCO","ISO_Numeric":"492","fips":"MN","country":"Monaco","capital":"Monaco","area":"1.95","Population":"32965","Continent":"EU","tld":".mc","CurrencyCode":"EUR","CurrencyName":"Euro","Phone":"377","Postal_Code_Format":"#####","Postal_Code_Regex":"^(\\d{5})$","Languages":"fr-MC,en,it","geonameid":"2993457","neighbours":"FR","EquivalentFipsCode":""},"cities":[{"geonameid":"2992741","name":"Monte-Carlo","asciiname":"Monte-Carlo","alternatenames":["Monte Carlo","Monte Karlo","Monte Karló","Monte-Karlo","Montecarlo","XMM","Монте-Карло"],"latitude":"43.73976","longitude":"7.42732","feature_class":"P","feature_code":"PPLX","country_code":"MC","cc2":"","admin1_code":"00","admin2_code":"","admin3_code":"","admin4_code":"","population":"16012","elevation":"","dem":"45","timezone":"Europe/Monaco","modification_date":"2013-03-22"},{"geonameid":"2993458","name":"Monaco","asciiname":"Monaco","alternatenames":["MCM","Monaco","Monaco-Ville","Monako","Mònaco","Mónaco","Mónakó","Μονακό","Монако"],"latitude":"43.73333","longitude":"7.41667","feature_class":"P","feature_code":"PPLC","country_code":"MC","cc2":"","admin1_code":"00","admin2_code":"","admin3_code":"","admin4_code":"","population":"32965","elevation":"","dem":"62","timezone":"Europe/Monaco","modification_date":"2014-01-26"},{"geonameid":"3009937","name":"La Condamine","asciiname":"La Condamine","alternatenames":["Condamine","La Condamine","La-Kondamin","Ла-Кондамин"],"latitude":"43.73439","longitude":"7.42024","feature_class":"P","feature_code":"PPLX","country_code":"MC","cc2":"","admin1_code":"00","admin2_code":"","admin3_code":"","admin4_code":"","population":"12167","elevation":"","dem":"16","timezone":"Europe/Monaco","modification_date":"2013-03-22"},{"geonameid":"2992741","name":"Monte-Carlo","asciiname":"Monte-Carlo","alternatenames":["Monte Carlo","Monte Karlo","Monte Karló","Monte-Karlo","Montecarlo","XMM","Монте-Карло"],"latitude":"43.73976","longitude":"7.42732","feature_class":"P","feature_code":"PPLX","country_code":"MC","cc2":"","admin1_code":"00","admin2_code":"","admin3_code":"","admin4_code":"","population":"16012","elevation":"","dem":"45","timezone":"Europe/Monaco","modification_date":"2013-03-22"},{"geonameid":"2993458","name":"Monaco","asciiname":"Monaco","alternatenames":["MCM","Monaco","Monaco-Ville","Monako","Mònaco","Mónaco","Mónakó","Μονακό","Монако"],"latitude":"43.73333","longitude":"7.41667","feature_class":"P","feature_code":"PPLC","country_code":"MC","cc2":"","admin1_code":"00","admin2_code":"","admin3_code":"","admin4_code":"","population":"32965","elevation":"","dem":"62","timezone":"Europe/Monaco","modification_date":"2014-01-26"}]}