{"country_data":{"ISO":"MN","ISO3":"MNG","ISO_Numeric":"496","fips":"MG","country":"Mongolia","capital":"Ulan Bator","area":"1565000","Population":"3086918","Continent":"AS","tld":".mn","CurrencyCode":"MNT","CurrencyName":"Tugrik","Phone":"976","Postal_Code_Format":"######","Postal_Code_Regex":"^(\\d{6})$","Languages":"mn,ru","geonameid":"2029969","neighbours":"CN,RU","EquivalentFipsCode":""},"cities":[{"geonameid":"2030890","name":"Hashaat","asciiname":"Hashaat","alternatenames":["Del'ger-khangay","Deleger Khangai Somon","Delger Hangay Suma","Delger Khaigay Somon","Delger Khangai","Delger Khangay Somon","Delger hangay sumu","Delgerhangay","Derigeru-hangai"],"latitude":"45.24323","longitude":"104.80511","feature_class":"P","feature_code":"PPLA2","country_code":"MN","cc2":"MN","admin1_code":"08","admin2_code":"","admin3_code":"","admin4_code":"","population":"0","elevation":"","dem":"1463","timezone":"Asia/Ulaanbaatar","modification_date":"2007-10-13"},{"geonameid":"2030915","name":"Orhon","asciiname":"Orhon","alternatenames":["Harosha","Orhon","Orkhon","Орхон"],"latitude":"49.8325","longitude":"106.13639","feature_class":"P","feature_code":"PPLA2","country_code":"MN","cc2":"","admin1_code":"23","admin2_code":"","admin3_code":"","admin4_code":"","population":"0","elevation":"","dem":"638","timezone":"Asia/Ulaanbaatar","modification_date":"2012-01-17"},{"geonameid":"2030927","name":"Harhorin","asciiname":"Harhorin","alternatenames":["Kharkhorin","Хархорин"],"latitude":"47.19753","longitude":"102.82379","feature_class":"P","feature_code":"PPLA2","country_code":"MN","cc2":"MN","admin1_code":"15","admin2_code":"","admin3_code":"","admin4_code":"","population":"9000","elevation":"","dem":"1471","timezone":"Asia/Ulaanbaatar","modification_date":"2009-01-10"},{"geonameid":"2030996","name":"Haraat","asciiname":"Haraat","alternatenames":["Haraat","Tsagaan Delger Suma","Tsagaan del'ger sumu","Tsagaan del’ger sumu","Tsagaandelger","Tsagan Delger","Tsagan Delger Somon","Tsagan-Del'ger-Sumu","Tsagan-Del’ger-Sumu"],"latitude":"46.41667","longitude":"107.65","feature_class":"P","feature_code":"PPLA2","country_code":"MN","cc2":"","admin1_code":"08","admin2_code":"","admin3_code":"","admin4_code":"","population":"0","elevation":"","dem":"1381","timezone":"Asia/Ulaanbaatar","modification_date":"2012-01-17"},{"geonameid":"2031016","name":"Hanhöhiy","asciiname":"Hanhohiy","alternatenames":["Hanhohiy","Hanhöhiy","Tumentsogt","Tümentsogt"],"latitude":"47.61667","longitude":"112.13333","feature_class":"P","feature_code":"PPLA2","country_code":"MN","cc2":"","admin1_code":"17","admin2_code":"","admin3_code":"","admin4_code":"","population":"0","elevation":"","dem":"1139","timezone":"Asia/Choibalsan","modification_date":"2012-01-17"},{"geonameid":"2031088","name":"Hajuu-Us","asciiname":"Hajuu-Us","alternatenames":["Govi-Ugtaal","Govĭ-Ugtaal","Gow'-Ugtaal","Ugtaal","Ugtaal Suma","Ugtaal sumu","Ukhtal","Ukhtal Somon"],"latitude":"46.04988","longitude":"107.48955","feature_class":"P","feature_code":"PPLA2","country_code":"MN","cc2":"MN","admin1_code":"08","admin2_code":"","admin3_code":"","admin4_code":"","population":"0","elevation":"","dem":"1457","timezone":"Asia/Ulaanbaatar","modification_date":"2007-10-13"},{"geonameid":"2031357","name":"Erhet","asciiname":"Erhet","alternatenames":["Erhet","Mogod","Mogod Suma","Mogot","Mogot somon","Mogot sumu","Могод"],"latitude":"48.27394","longitude":"102.9812","feature_class":"P","feature_code":"PPLA2","country_code":"MN","cc2":"MN","admin1_code":"21","admin2_code":"","admin3_code":"","admin4_code":"","population":"0","elevation":"","dem":"1450","timezone":"Asia/Ulaanbaatar","modification_date":"2007-10-15"},{"geonameid":"2031368","name":"Ergel","asciiname":"Ergel","alternatenames":["Ergel","Hatan Bulag Suma","Hatanbulag","Hatau Bulag Suma","Haton bulag sumu","Hatun Bulag","Hatün Bulag","Khatan-Bulak","Khatanbulag","Khaton Buluk Sume","Khaton-Bulag-Sumu","Khatun Bulak","Khatun-bulak Somon","Khatyn-bulak somon"],"latitude":"43.15","longitude":"109.13333","feature_class":"P","feature_code":"PPLA2","country_code":"MN","cc2":"","admin1_code":"07","admin2_code":"","admin3_code":"","admin4_code":"","population":"0","elevation":"","dem":"1138","timezone":"Asia/Ulaanbaatar","modification_date":"2012-01-17"},{"geonameid":"2031374","name":"Ereencav","asciiname":"Ereencav","alternatenames":["Ereentsaw","Ereentsay","Eren-Tsav","Erentsab","Erientsab","Eryeen Tsab","Irintsabu Kaihyo","Irïntsābu Kaihyō"],"latitude":"49.8807","longitude":"115.72526","feature_class":"P","feature_code":"PPLA2","country_code":"MN","cc2":"MN","admin1_code":"06","admin2_code":"","admin3_code":"","admin4_code":"","population":"23","elevation":"","dem":"620","timezone":"Asia/Choibalsan","modification_date":"2008-09-08"},{"geonameid":"2031402","name":"Erdenetsogt","asciiname":"Erdenetsogt","alternatenames":["Erdeni Tsogto Suma","Erdeni Tsogtu","Erdeni Tsogtu Somon","Erdeni Tsogtu Sume","Erdeni tsogtu sumu"],"latitude":"46.41845","longitude":"100.82239","feature_class":"P","feature_code":"PPLA2","country_code":"MN","cc2":"MN","admin1_code":"02","admin2_code":"","admin3_code":"","admin4_code":"","population":"0","elevation":"","dem":"2075","timezone":"Asia/Ulaanbaatar","modification_date":"2007-10-21"},{"geonameid":"2031403","name":"Erdenetsogt","asciiname":"Erdenetsogt","alternatenames":["Bayan Obo","Bayan Oboo Suma","Bayan obo Somon","Bayan-Ovoo","Bayan-Owoo"],"latitude":"42.97238","longitude":"106.11866","feature_class":"P","feature_code":"PPLA2","country_code":"MN","cc2":"MN","admin1_code":"14","admin2_code":"","admin3_code":"","admin4_code":"","population":"0","elevation":"","dem":"1195","timezone":"Asia/Ulaanbaatar","modification_date":"2007-10-13"},{"geonameid":"2031405","name":"Erdenet","asciiname":"Erdenet","alternatenames":["Ehrdehneht","Ehrdehneht khot","Erdenet","Erdenetas","Gorad Ehrdehneht","ardenaita","ardnt","e er deng te","eleudeneteu","erudeneto","Горад Эрдэнэт","Ерденет","Эрдэнэт","Эрдэнэт хот","ארדנט","اردنت","अर्देनैट","エルデネト","额尔登特","에르데네트"],"latitude":"49.03333","longitude":"104.08333","feature_class":"P","feature_code":"PPLA","country_code":"MN","cc2":"","admin1_code":"25","admin2_code":"","admin3_code":"","admin4_code":"","population":"79647","elevation":"","dem":"1307","timezone":"Asia/Ulaanbaatar","modification_date":"2014-04-26"},{"geonameid":"2031408","name":"Eg-Uur","asciiname":"Eg-Uur","alternatenames":["Eg-Uur","Ehrdehneh-Bulgan","Erdenebulgan","Erdeni Bulagan Suma","Erdeni Bulagan Sume","Erdeni bulagan sumu","Erdeni-Bulagan","Erdeni-Bulgan Somon","Erdeni-bulgai somon","Эрдэнэ-Булган"],"latitude":"50.10944","longitude":"101.57528","feature_class":"P","feature_code":"PPLA2","country_code":"MN","cc2":"","admin1_code":"13","admin2_code":"","admin3_code":"","admin4_code":"","population":"0","elevation":"","dem":"1156","timezone":"Asia/Ulaanbaatar","modification_date":"2012-01-17"},{"geonameid":"2031411","name":"Enhtal","asciiname":"Enhtal","alternatenames":["Ehnkhtal","Enhtal","Sant","Энхтал"],"latitude":"49.2475","longitude":"105.37361","feature_class":"P","feature_code":"PPLA2","country_code":"MN","cc2":"","admin1_code":"16","admin2_code":"","admin3_code":"","admin4_code":"","population":"0","elevation":"","dem":"741","timezone":"Asia/Ulaanbaatar","modification_date":"2012-01-17"},{"geonameid":"2031484","name":"Eg","asciiname":"Eg","alternatenames":["Batshireet","Batshireht","Eg","Батширэт"],"latitude":"48.68333","longitude":"110.18333","feature_class":"P","feature_code":"PPLA2","country_code":"MN","cc2":"","admin1_code":"11","admin2_code":"","admin3_code":"","admin4_code":"","population":"0","elevation":"","dem":"1107","timezone":"Asia/Ulaanbaatar","modification_date":"2012-01-17"},{"geonameid":"2031517","name":"Dzuunmod","asciiname":"Dzuunmod","alternatenames":["Dzun-mod","Dzun-modo","Dzuun Modo","Dzuunmod","Zun-Mod","Zuunmod","Зуунмод"],"latitude":"47.70694","longitude":"106.95278","feature_class":"P","feature_code":"PPLA","country_code":"MN","cc2":"","admin1_code":"18","admin2_code":"","admin3_code":"","admin4_code":"","population":"14660","elevation":"","dem":"1514","timezone":"Asia/Ulaanbaatar","modification_date":"2013-08-09"},{"geonameid":"2031533","name":"Dzüünharaa","asciiname":"Dzuunharaa","alternatenames":["Dzueuenharaa","Dzunkhara","Dzuunkharaa","Dzüünharaa","Dzüünkharaa","Дзунхара"],"latitude":"48.85229","longitude":"106.45786","feature_class":"P","feature_code":"PPL","country_code":"MN","cc2":"","admin1_code":"16","admin2_code":"","admin3_code":"","admin4_code":"","population":"18830","elevation":"","dem":"867","timezone":"Asia/Ulaanbaatar","modification_date":"2014-06-27"},{"geonameid":"2031552","name":"Dzüünbulag","asciiname":"Dzuunbulag","alternatenames":["Madat","Madat sumu","Mamat-Somon","Matad","Matad Suma","Matad Sume","Matad somon","Matat","Matat Somon"],"latitude":"46.95343","longitude":"115.29396","feature_class":"P","feature_code":"PPLA2","country_code":"MN","cc2":"MN","admin1_code":"06","admin2_code":"","admin3_code":"","admin4_code":"","population":"0","elevation":"","dem":"894","timezone":"Asia/Choibalsan","modification_date":"2007-10-28"},{"geonameid":"2031553","name":"Dzüünbulag","asciiname":"Dzuunbulag","alternatenames":["Dzuunbulag","Dzüünbulag","Ul'-bain-munku Somon","Ul'bayn Munku Somon","Ula bayan monho Sumu","Ula bayan mönhö Sumu","Ula-Bayan-Munkhu","Ul’-bain-munku Somon","Ul’bayn Munku Somon","Uula Bayan Monho Suma","Uula Bayan Mönhö Suma","Uula bayan monho","Uula bayan mönhö","Uulbayan","Uulbayan Monh","Uulbayan Mönh"],"latitude":"46.38333","longitude":"112.18333","feature_class":"P","feature_code":"PPLA2","country_code":"MN","cc2":"","admin1_code":"17","admin2_code":"","admin3_code":"","admin4_code":"","population":"0","elevation":"","dem":"1020","timezone":"Asia/Choibalsan","modification_date":"2012-01-17"},{"geonameid":"2031601","name":"Dzogsool","asciiname":"Dzogsool","alternatenames":["Bayan Tsagaan Suma","Bayan Tsagaan Sumu","Bayan Tsagan Somon","Bayan-Tsagan","Bayantsagaan","Dzogsool"],"latitude":"46.8","longitude":"107.15","feature_class":"P","feature_code":"PPLA2","country_code":"MN","cc2":"","admin1_code":"18","admin2_code":"","admin3_code":"","admin4_code":"","population":"0","elevation":"","dem":"1381","timezone":"Asia/Ulaanbaatar","modification_date":"2012-01-17"},{"geonameid":"2031613","name":"Dzelter","asciiname":"Dzelter","alternatenames":["Dzelter","Tsagaannuur","Tushig","Tüshig","Zehltehr","Зэлтэр"],"latitude":"50.31556","longitude":"105.04583","feature_class":"P","feature_code":"PPLA2","country_code":"MN","cc2":"","admin1_code":"16","admin2_code":"","admin3_code":"","admin4_code":"","population":"0","elevation":"","dem":"775","timezone":"Asia/Ulaanbaatar","modification_date":"2012-01-17"},{"geonameid":"2031615","name":"Dzegstey","asciiname":"Dzegstey","alternatenames":["Baisakhlin","Baissakly","Baysakhlin","Baysakhlyn-khure","K'u-lieh-pai-sa-ho-lin","Kure Baysakhlyn","Kure Beissachlin","Kure-baisaharin","Kure-baisaharïn","Ogiinuur","Ogiynuur","Pai-sa-ho-lin","Paisafurin-kure","Paisafurïn-kure","Ugey","Ugey Camp","Ugey Stanok","Ögiynuur","Ögïïnuur","Ügey"],"latitude":"47.66805","longitude":"102.54999","feature_class":"P","feature_code":"PPLA2","country_code":"MN","cc2":"MN","admin1_code":"01","admin2_code":"","admin3_code":"","admin4_code":"","population":"0","elevation":"","dem":"1349","timezone":"Asia/Ulaanbaatar","modification_date":"2007-10-19"},{"geonameid":"2031704","name":"Dzaanhoshuu","asciiname":"Dzaanhoshuu","alternatenames":["Dzaanhushuu","Ihe Tamir","Ihtamir","Ikh-Tamire","Ikhe Tamir Sume","Ikhe Tamiriin somon","Ikhe-Tamir","Ikhtamir","Yekhe Tamir","Yihe Tamiriin Suma"],"latitude":"47.49331","longitude":"100.87801","feature_class":"P","feature_code":"PPLA2","country_code":"MN","cc2":"MN","admin1_code":"01","admin2_code":"","admin3_code":"","admin4_code":"","population":"0","elevation":"","dem":"1765","timezone":"Asia/Ulaanbaatar","modification_date":"2007-10-19"},{"geonameid":"2031728","name":"Dund-Urt","asciiname":"Dund-Urt","alternatenames":["Bayan Tsogto Suma","Bayan Tsogtu","Bayan Tsogtu Somon","Bayan tsogtu sumu","Bayan-tsokuto","Bayantsogt","Dund-Urt"],"latitude":"48.03791","longitude":"105.9219","feature_class":"P","feature_code":"PPLA2","country_code":"MN","cc2":"","admin1_code":"18","admin2_code":"","admin3_code":"","admin4_code":"","population":"0","elevation":"","dem":"1191","timezone":"Asia/Ulaanbaatar","modification_date":"2012-01-17"},{"geonameid":"2031741","name":"Dundbürd","asciiname":"Dundburd","alternatenames":["Bata Chorboin Khid","Bata Chorboyn Khid","Bata Chorböyn Khid","Bata Norboiin Hiid","Bata Norboyn Khid","Batnorov","Batnorow","Batu Norb'oin hurie","Batu Norb'oin hürie","Batu Norboin Khure","Batu-Norboiin hurie","Batu-Norboiin hürie","Batu-Norboyn-Khure","Batu-norubo"],"latitude":"47.9459","longitude":"111.49784","feature_class":"P","feature_code":"PPLA2","country_code":"MN","cc2":"MN","admin1_code":"11","admin2_code":"","admin3_code":"","admin4_code":"","population":"0","elevation":"","dem":"1040","timezone":"Asia/Ulaanbaatar","modification_date":"2007-10-08"},{"geonameid":"2031832","name":"Doloon","asciiname":"Doloon","alternatenames":["Tsogt-Ovoo","Tsogt-Owoo"],"latitude":"44.42446","longitude":"105.32078","feature_class":"P","feature_code":"PPLA2","country_code":"MN","cc2":"MN","admin1_code":"14","admin2_code":"","admin3_code":"","admin4_code":"","population":"0","elevation":"","dem":"1297","timezone":"Asia/Ulaanbaatar","modification_date":"2007-10-13"},{"geonameid":"2031906","name":"Delgerhaan","asciiname":"Delgerhaan","alternatenames":["Dehlgehrkhan","Shaamar","Shamar","Shamor","Дэлгэрхан"],"latitude":"50.08578","longitude":"106.18578","feature_class":"P","feature_code":"PPLA2","country_code":"MN","cc2":"MN","admin1_code":"16","admin2_code":"","admin3_code":"","admin4_code":"","population":"0","elevation":"","dem":"663","timezone":"Asia/Ulaanbaatar","modification_date":"2007-10-14"},{"geonameid":"2031946","name":"Dashbalbar","asciiname":"Dashbalbar","alternatenames":["Dashbalbar","Dashi Balbar Suma","Dashi Balbariin Somon","Dashi Balbaron Somon","Dashi balbar sumu","Dashi-Balbaryn-Somon","Dashibalbar","Дашбалбар"],"latitude":"49.54571","longitude":"114.40287","feature_class":"P","feature_code":"PPLA2","country_code":"MN","cc2":"MN","admin1_code":"06","admin2_code":"","admin3_code":"","admin4_code":"","population":"0","elevation":"","dem":"707","timezone":"Asia/Choibalsan","modification_date":"2007-10-07"},{"geonameid":"2031964","name":"Darhan","asciiname":"Darhan","alternatenames":["Darchan","Darhan","Darkhan","da er han","Дархан","דרחאן","达尔汗"],"latitude":"49.48667","longitude":"105.92278","feature_class":"P","feature_code":"PPLA","country_code":"MN","cc2":"","admin1_code":"23","admin2_code":"","admin3_code":"","admin4_code":"","population":"74300","elevation":"","dem":"683","timezone":"Asia/Ulaanbaatar","modification_date":"2012-01-17"},{"geonameid":"2031965","name":"Darhan","asciiname":"Darhan","alternatenames":["Boorgu hangay sumu","Bureg Hangay Suma","Bureghangay","Buregkhangai","Burg somon","Burkhe-khangay","Burug hangay","Böörgu hangay sumu","Büreg Hangay Suma","Büreghangay","Büregkhangaï","Bürüg hangay"],"latitude":"48.25463","longitude":"103.88054","feature_class":"P","feature_code":"PPLA2","country_code":"MN","cc2":"MN","admin1_code":"21","admin2_code":"","admin3_code":"","admin4_code":"","population":"0","elevation":"","dem":"1265","timezone":"Asia/Ulaanbaatar","modification_date":"2007-10-15"},{"geonameid":"2031966","name":"Darhan","asciiname":"Darhan","alternatenames":["Darhan","Darhan Suma","Darhan sumu","Darkhan","Darkhan Somon","Darkhan Sume"],"latitude":"46.61667","longitude":"109.41667","feature_class":"P","feature_code":"PPLA2","country_code":"MN","cc2":"","admin1_code":"11","admin2_code":"","admin3_code":"","admin4_code":"","population":"0","elevation":"","dem":"1267","timezone":"Asia/Ulaanbaatar","modification_date":"2012-01-17"},{"geonameid":"2031998","name":"Dalay","asciiname":"Dalay","alternatenames":["Baishinte","Baishintu","Bayan Dalai Baishintu Khit","Bayandalai","Bayandalay","Bayandalaï","Bayshinta","Bayshinta Hiid","Bayshintu","Bayshintu hiid","Bayshintu khid","Bayshintuin hiid","Kumirnya Bayshinte","Pai-shen-t'ai Miao","Vaishinte"],"latitude":"43.46787","longitude":"103.51284","feature_class":"P","feature_code":"PPLA2","country_code":"MN","cc2":"MN","admin1_code":"14","admin2_code":"","admin3_code":"","admin4_code":"","population":"0","elevation":"","dem":"1563","timezone":"Asia/Ulaanbaatar","modification_date":"2007-10-13"},{"geonameid":"2032007","name":"Dalandzadgad","asciiname":"Dalandzadgad","alternatenames":["DLZ","Dalan Dsadagad","Dalan Dzadagad","Dalan Tszadagad","Dalan Tzadagad","Dalan-Zadagad","Dalandzadgad","Dalanzadgad","Daranzagatai","Dzadagad","Ta-lan-ken-kuo-lo","Ta-leng-keng Miao","Даланзадгад"],"latitude":"43.57083","longitude":"104.425","feature_class":"P","feature_code":"PPLA","country_code":"MN","cc2":"","admin1_code":"14","admin2_code":"","admin3_code":"","admin4_code":"","population":"15093","elevation":"","dem":"1470","timezone":"Asia/Ulaanbaatar","modification_date":"2013-06-16"},{"geonameid":"2032050","name":"Choyr","asciiname":"Choyr","alternatenames":["Chojr","Choyr","Sumber","Sumber Suma","Sumbur","Sumbur Somon","Sumbur Sume","Sumbur sumu","Sümber","Sümber Suma","Чойр"],"latitude":"46.36111","longitude":"108.36111","feature_class":"P","feature_code":"PPLA","country_code":"MN","cc2":"","admin1_code":"24","admin2_code":"","admin3_code":"","admin4_code":"","population":"9895","elevation":"","dem":"1286","timezone":"Asia/Ulaanbaatar","modification_date":"2012-01-17"},{"geonameid":"2032054","name":"Choibalsan","asciiname":"Choibalsan","alternatenames":["Bain Tumen","Baintomenhashu","Baintōmenhashū","Bayan Tumen","Bayn-Tumen","Brin Tumen","COQ","Choibalsan","Choibolsan","Chojbalsan","Choybalsan","Choybolsan","Herelen","K'o-lu-lun","Karulen","Kerulen","Kerulen Urgo","Kerulun","Kerulyun","Kurulun","Kyrylun","K’o-lu-lun","Pa-yin-t'u-men","Pa-yin-t’u-men","Sain Beise","San Beisa-Urgo","San Beise","San-beyse","Say-Beyse","Urgo","Чойбалсан"],"latitude":"48.07257","longitude":"114.53264","feature_class":"P","feature_code":"PPLA","country_code":"MN","cc2":"","admin1_code":"06","admin2_code":"","admin3_code":"","admin4_code":"","population":"23","elevation":"","dem":"741","timezone":"Asia/Choibalsan","modification_date":"2014-03-22"},{"geonameid":"2032058","name":"Chonogol","asciiname":"Chonogol","alternatenames":["Chonogol","Chonoyn Gol","Erdenetsagaan","Yagutszarin-khure","Yegudzeri'iin hurie","Yeguudzer Hiid","Yeguudzeriin Huryee","Yegüdzeri’iin hürie","Yegüüdzer Hiid","Yegüüdzeriin Hüryee","Yugodzir'-Khid","Yugodzir’-Khid","Yugodzyr","Yugodzyr-Khid","Yugudserin Khure","Yugudzeri'iin hurie","Yugudzeri'in hurie","Yugutszeroyn Khid","Yugutszeryn Khid","Yugutszeryyn Khid","Yugutszeröyn Khid","Yugüdzeri’iin hürie","Yugüdzeri’in hürie"],"latitude":"45.9","longitude":"115.36667","feature_class":"P","feature_code":"PPLA2","country_code":"MN","cc2":"","admin1_code":"17","admin2_code":"","admin3_code":"","admin4_code":"","population":"0","elevation":"","dem":"1074","timezone":"Asia/Choibalsan","modification_date":"2012-01-17"},{"geonameid":"2032070","name":"Chandmanĭ","asciiname":"Chandmani","alternatenames":["Altanshiree","Chandmani","Chandmanĭ"],"latitude":"45.53333","longitude":"110.46667","feature_class":"P","feature_code":"PPLA2","country_code":"MN","cc2":"","admin1_code":"07","admin2_code":"","admin3_code":"","admin4_code":"","population":"0","elevation":"","dem":"956","timezone":"Asia/Ulaanbaatar","modification_date":"2012-01-17"},{"geonameid":"2032081","name":"Saynshand","asciiname":"Saynshand","alternatenames":["Buyant-Uhaa","Dalai Sain Shanda","Dalay Sayn Shanda","Darai Sain Shanda","Sain Shanda","Sain-Shand","Sajnshand","Sayn Shanda","Sayn-Shenda","Сайншанд"],"latitude":"44.88239","longitude":"110.11631","feature_class":"P","feature_code":"PPLA","country_code":"MN","cc2":"","admin1_code":"07","admin2_code":"","admin3_code":"","admin4_code":"","population":"19891","elevation":"","dem":"947","timezone":"Asia/Ulaanbaatar","modification_date":"2010-03-04"},{"geonameid":"2032085","name":"Buyant","asciiname":"Buyant","alternatenames":["Boendosumu","Buyant","Buyanta Suma","Buyanton Somon","Buyantoyn-Somon","Buyantu","Buyantu Sume","Buyantu sumu","Buyantyin-Somon","Buyantyn-Somon","Buyantyyn somon","Buyantön Somon","Buyantöyn-Somon"],"latitude":"46.25","longitude":"110.83333","feature_class":"P","feature_code":"PPLA2","country_code":"MN","cc2":"","admin1_code":"11","admin2_code":"","admin3_code":"","admin4_code":"","population":"0","elevation":"","dem":"1191","timezone":"Asia/Ulaanbaatar","modification_date":"2012-01-17"},{"geonameid":"2032157","name":"Burgaltay","asciiname":"Burgaltay","alternatenames":["Barun-Burehn","Barun-Burin Somon","Baruun Buriin Suma","Baruun Büriin Suma","Baruunburen","Baruunbüren","Buren","Burgaltay","Burin Suma","Burin-Sumu","Büren","Bürin Suma","Барун-Бурэн"],"latitude":"49.265","longitude":"104.74348","feature_class":"P","feature_code":"PPLA2","country_code":"MN","cc2":"MN","admin1_code":"16","admin2_code":"","admin3_code":"","admin4_code":"","population":"0","elevation":"","dem":"1016","timezone":"Asia/Ulaanbaatar","modification_date":"2007-10-14"},{"geonameid":"2032191","name":"Bumbat","asciiname":"Bumbat","alternatenames":["Bayan Ondor Suma","Bayan Undur Somon","Bayan Öndör Suma","Bayan-Ondor","Bayan-Undur","Bayan-unduru","Bayan-Öndör"],"latitude":"46.49674","longitude":"104.11777","feature_class":"P","feature_code":"PPLA2","country_code":"MN","cc2":"MN","admin1_code":"15","admin2_code":"","admin3_code":"","admin4_code":"","population":"0","elevation":"","dem":"1617","timezone":"Asia/Ulaanbaatar","modification_date":"2007-10-21"},{"geonameid":"2032200","name":"Bulgan","asciiname":"Bulgan","alternatenames":["Bulgan","Cagan-Ur","Tsagaan Uur Suma","Tsagaan uure sumu","Tsagaan Üür Suma","Tsagaan üüre sumu","Tsagaan-Uur","Tsagaan-Üür","Tsagan Ure","Tsagan Ure Sume","Tsagan-ur somon","Цаган-Ур"],"latitude":"50.54194","longitude":"101.51417","feature_class":"P","feature_code":"PPLA2","country_code":"MN","cc2":"","admin1_code":"13","admin2_code":"","admin3_code":"","admin4_code":"","population":"0","elevation":"","dem":"1129","timezone":"Asia/Ulaanbaatar","modification_date":"2012-01-17"},{"geonameid":"2032201","name":"Bulgan","asciiname":"Bulgan","alternatenames":["Bulagan","Bulagan Suma","Bulagan Sumu","Bulagan somon","Bulagan-khan","Bulgan","Bulgan Han","UGA","Булган"],"latitude":"48.8125","longitude":"103.53472","feature_class":"P","feature_code":"PPLA","country_code":"MN","cc2":"","admin1_code":"21","admin2_code":"6618895","admin3_code":"","admin4_code":"","population":"17348","elevation":"","dem":"1204","timezone":"Asia/Ulaanbaatar","modification_date":"2012-12-15"},{"geonameid":"2032202","name":"Bulgan","asciiname":"Bulgan","alternatenames":["Bulagan Bulag"],"latitude":"44.09745","longitude":"103.54288","feature_class":"P","feature_code":"PPLA2","country_code":"MN","cc2":"MN","admin1_code":"14","admin2_code":"","admin3_code":"","admin4_code":"","population":"0","elevation":"","dem":"1296","timezone":"Asia/Ulaanbaatar","modification_date":"2007-10-13"},{"geonameid":"2032220","name":"Bulagtay","asciiname":"Bulagtay","alternatenames":["Haderi","Huder","Hüder","Khuderi","Kuderi"],"latitude":"49.77594","longitude":"107.51616","feature_class":"P","feature_code":"PPLA2","country_code":"MN","cc2":"MN","admin1_code":"16","admin2_code":"","admin3_code":"","admin4_code":"","population":"0","elevation":"","dem":"700","timezone":"Asia/Ulaanbaatar","modification_date":"2007-10-14"},{"geonameid":"2032221","name":"Bulagiyn Denj","asciiname":"Bulagiyn Denj","alternatenames":["Bulgan"],"latitude":"47.31869","longitude":"101.11576","feature_class":"P","feature_code":"PPLA2","country_code":"MN","cc2":"MN","admin1_code":"01","admin2_code":"","admin3_code":"","admin4_code":"","population":"0","elevation":"","dem":"1909","timezone":"Asia/Ulaanbaatar","modification_date":"2007-10-19"},{"geonameid":"2032225","name":"Bulag","asciiname":"Bulag","alternatenames":["Bulag","Tunehl","Tunel","Tünel","Тунэл"],"latitude":"49.85946","longitude":"100.62687","feature_class":"P","feature_code":"PPLA2","country_code":"MN","cc2":"MN","admin1_code":"13","admin2_code":"","admin3_code":"","admin4_code":"","population":"0","elevation":"","dem":"1531","timezone":"Asia/Ulaanbaatar","modification_date":"2007-10-19"},{"geonameid":"2032226","name":"Bulag","asciiname":"Bulag","alternatenames":["Bulag","Mongon Morito","Mongon Morito Somon","Mongon Morito Suma","Mongon Moritu Sume","Mongon moritu","Mongonmarit","Mungen-Mor't","Mungen-Mor’t","Mungun Moritu","Mungun-Moritu-Somon","Mungun-Moritu-Sumu","Möngön Morito","Möngön Morito Somon","Möngön Morito Suma","Möngön Moritu Sume","Möngön moritu","Möngönmarĭt"],"latitude":"48.2","longitude":"108.48333","feature_class":"P","feature_code":"PPLA2","country_code":"MN","cc2":"","admin1_code":"18","admin2_code":"","admin3_code":"","admin4_code":"","population":"0","elevation":"","dem":"1430","timezone":"Asia/Ulaanbaatar","modification_date":"2012-01-17"},{"geonameid":"2032252","name":"Bugat","asciiname":"Bugat","alternatenames":["Bugat","Бугат"],"latitude":"49.06667","longitude":"103.66583","feature_class":"P","feature_code":"PPLA2","country_code":"MN","cc2":"","admin1_code":"21","admin2_code":"","admin3_code":"","admin4_code":"","population":"0","elevation":"","dem":"1249","timezone":"Asia/Ulaanbaatar","modification_date":"2012-01-17"},{"geonameid":"2032255","name":"Bugant","asciiname":"Bugant","alternatenames":["Bugant","Yoroo Khoroo","Yoroohoroo","Yöröö Khoroo","Yörööhoroo"],"latitude":"49.58333","longitude":"106.85","feature_class":"P","feature_code":"PPLA2","country_code":"MN","cc2":"","admin1_code":"16","admin2_code":"","admin3_code":"","admin4_code":"","population":"0","elevation":"","dem":"766","timezone":"Asia/Ulaanbaatar","modification_date":"2012-01-17"},{"geonameid":"2032327","name":"Bornuur","asciiname":"Bornuur","alternatenames":["Bornur","Bornuur","Борнур"],"latitude":"48.46667","longitude":"106.26667","feature_class":"P","feature_code":"PPLA2","country_code":"MN","cc2":"","admin1_code":"18","admin2_code":"","admin3_code":"","admin4_code":"","population":"0","elevation":"","dem":"1007","timezone":"Asia/Ulaanbaatar","modification_date":"2012-01-17"},{"geonameid":"2032362","name":"Böhöt","asciiname":"Bohot","alternatenames":["Ondor Shili","Ondor Shili Suma","Ondorshil","Under-Shil","Undur Shile","Undur shili sumu","Undur-Shili","Undur-Shili Somon","Öndör Shili","Öndör Shili Suma","Öndörshil"],"latitude":"45.23223","longitude":"108.28245","feature_class":"P","feature_code":"PPLA2","country_code":"MN","cc2":"MN","admin1_code":"08","admin2_code":"","admin3_code":"","admin4_code":"","population":"0","elevation":"","dem":"1177","timezone":"Asia/Ulaanbaatar","modification_date":"2007-10-13"},{"geonameid":"2032373","name":"Bodĭ","asciiname":"Bodi","alternatenames":["Chzhinsetu somon","Djinsetu Sume","Dzhinsetu","Dzhinsetu somon","Dzhinsetu-Sumu","Jinsatu","Jinsete","Jinsete Suma","Jinsetu","Jinsetu sumu","Jinsetü","Jinst"],"latitude":"45.41171","longitude":"100.574","feature_class":"P","feature_code":"PPLA2","country_code":"MN","cc2":"MN","admin1_code":"02","admin2_code":"","admin3_code":"","admin4_code":"","population":"0","elevation":"","dem":"1407","timezone":"Asia/Ulaanbaatar","modification_date":"2007-10-21"},{"geonameid":"2032432","name":"Bayshint","asciiname":"Bayshint","alternatenames":["Bayshint","Ondor Haan","Ondor Haan Suma","Ondorshireet","Undur Khan Somon","Öndör Haan","Öndör Haan Suma","Öndörshireet"],"latitude":"47.41667","longitude":"104.81667","feature_class":"P","feature_code":"PPLA2","country_code":"MN","cc2":"","admin1_code":"18","admin2_code":"","admin3_code":"","admin4_code":"","population":"0","elevation":"","dem":"1256","timezone":"Asia/Ulaanbaatar","modification_date":"2012-01-17"},{"geonameid":"2032435","name":"Bayasgalant","asciiname":"Bayasgalant","alternatenames":["Bayanjargalan"],"latitude":"47.17945","longitude":"108.25996","feature_class":"P","feature_code":"PPLA2","country_code":"MN","cc2":"MN","admin1_code":"18","admin2_code":"","admin3_code":"","admin4_code":"","population":"0","elevation":"","dem":"1376","timezone":"Asia/Ulaanbaatar","modification_date":"2007-10-14"},{"geonameid":"2032436","name":"Bayasgalant","asciiname":"Bayasgalant","alternatenames":["Bayasgalant","Monhhaan","Monho Haan Suma","Monho Han","Monho Han sumu","Monhö Han sumu","Monkhkhaan","Munkh-Khan","Munkh-Khany-Somon","Munkhu Khanoy Somon","Munkhu Khany","Munkhu Khanyy Somon","Munkhu Khanöy Somon","Munku-khan","Munku-khan Somon","Munku-khanoy Somon","Munku-khanyy somon","Mönhhaan","Mönhö Haan Suma","Mönhö Han","Mönkhkhaan"],"latitude":"46.98333","longitude":"112.05","feature_class":"P","feature_code":"PPLA2","country_code":"MN","cc2":"","admin1_code":"17","admin2_code":"","admin3_code":"","admin4_code":"","population":"0","elevation":"","dem":"1242","timezone":"Asia/Choibalsan","modification_date":"2012-01-17"},{"geonameid":"2032457","name":"Bayan-Ulaan","asciiname":"Bayan-Ulaan","alternatenames":["Bayan Ulaan Suma","Bayan Ulan Somon","Bayan ulaan sumu","Bayan-Ulan","Bayan-uran","Dzun-Bayan-Ulan","Dzuunbayan-Ulaan","Dzüünbayan-Ulaan"],"latitude":"46.52178","longitude":"102.59428","feature_class":"P","feature_code":"PPLA2","country_code":"MN","cc2":"MN","admin1_code":"15","admin2_code":"","admin3_code":"","admin4_code":"","population":"0","elevation":"","dem":"1870","timezone":"Asia/Ulaanbaatar","modification_date":"2007-10-21"},{"geonameid":"2032473","name":"Bayantsagaan","asciiname":"Bayantsagaan","alternatenames":["Bayantsagaan","Chzhirgalantu somon","Dzhargalant","Dzhirgalantu","Dzhirgalantu Somon","Jargalant","Jirgalanta Suma","Jirgalantu","Jirgalantu sumu","Джаргалант"],"latitude":"48.73167","longitude":"100.76","feature_class":"P","feature_code":"PPLA2","country_code":"MN","cc2":"","admin1_code":"01","admin2_code":"","admin3_code":"","admin4_code":"","population":"0","elevation":"","dem":"1583","timezone":"Asia/Ulaanbaatar","modification_date":"2012-01-17"},{"geonameid":"2032480","name":"Bayantöhöm","asciiname":"Bayantohom","alternatenames":["Bayantohom","Bayantöhöm","Buren","Büren"],"latitude":"46.91667","longitude":"105.05","feature_class":"P","feature_code":"PPLA2","country_code":"MN","cc2":"","admin1_code":"18","admin2_code":"","admin3_code":"","admin4_code":"","population":"0","elevation":"","dem":"1275","timezone":"Asia/Ulaanbaatar","modification_date":"2012-01-17"},{"geonameid":"2032490","name":"Bayan-Ovoo","asciiname":"Bayan-Ovoo","alternatenames":["Bajan-Obo","Bayan-Ovoo","Dadal","Datal","Datal Sume","Datal sumu","Tataal","Tataal Suma","Tatal","Tatal-Somon","Баян-Обо"],"latitude":"49.01667","longitude":"111.63333","feature_class":"P","feature_code":"PPLA2","country_code":"MN","cc2":"","admin1_code":"11","admin2_code":"","admin3_code":"","admin4_code":"","population":"0","elevation":"","dem":"957","timezone":"Asia/Ulaanbaatar","modification_date":"2012-01-17"},{"geonameid":"2032491","name":"Javhlant","asciiname":"Javhlant","alternatenames":["Bain-obo Somon","Bayan Obo","Bayan Oboo","Bayan Oboo Suma","Bayan oboo sumu","Bayan-Ovoo","Bayan-obo somon","Bayn Obo Somon"],"latitude":"47.78333","longitude":"112.11667","feature_class":"P","feature_code":"PPLA2","country_code":"MN","cc2":"MN","admin1_code":"11","admin2_code":"","admin3_code":"","admin4_code":"","population":"0","elevation":"","dem":"919","timezone":"Asia/Ulaanbaatar","modification_date":"2007-10-08"},{"geonameid":"2032523","name":"Bayanhoshuu","asciiname":"Bayanhoshuu","alternatenames":["Bayanhushuu","Galuut"],"latitude":"46.70197","longitude":"100.1433","feature_class":"P","feature_code":"PPLA2","country_code":"MN","cc2":"MN","admin1_code":"02","admin2_code":"","admin3_code":"","admin4_code":"","population":"0","elevation":"","dem":"2125","timezone":"Asia/Ulaanbaatar","modification_date":"2007-10-21"},{"geonameid":"2032532","name":"Bayanhongor","asciiname":"Bayanhongor","alternatenames":["Bajankhongor","Bayan Hangor","Bayan Hongor Suma","Bayan Khongor","Bayan Khongor Somon","Bayan Khonkhor Sume","Bayan honhor sumu","Bayan-hongoru","Bayanhongor","Bayankhongor","Баянхонгор"],"latitude":"46.71667","longitude":"100.11667","feature_class":"P","feature_code":"PPL","country_code":"MN","cc2":"","admin1_code":"02","admin2_code":"","admin3_code":"","admin4_code":"","population":"23234","elevation":"","dem":"2202","timezone":"Asia/Ulaanbaatar","modification_date":"2013-03-02"},{"geonameid":"2032533","name":"Bayanhongor","asciiname":"Bayanhongor","alternatenames":["BYN","Bajankhongor","Bayanhongor","Dzaluuchuud","Youth City","Баянхонгор"],"latitude":"46.19444","longitude":"100.71806","feature_class":"P","feature_code":"PPLA","country_code":"MN","cc2":"","admin1_code":"02","admin2_code":"","admin3_code":"","admin4_code":"","population":"26252","elevation":"","dem":"1873","timezone":"Asia/Ulaanbaatar","modification_date":"2013-08-04"},{"geonameid":"2032571","name":"Bayandelger","asciiname":"Bayandelger","alternatenames":["Bain-delger Somon","Bayan Delger Suma","Bayan Delger Sume","Bayan del'ger sumu","Bayan-Del'ger Somon","Bayanderigeri"],"latitude":"47.72732","longitude":"108.11062","feature_class":"P","feature_code":"PPLA2","country_code":"MN","cc2":"MN","admin1_code":"18","admin2_code":"","admin3_code":"","admin4_code":"","population":"0","elevation":"","dem":"1450","timezone":"Asia/Ulaanbaatar","modification_date":"2007-10-14"},{"geonameid":"2032586","name":"Bayanbulag","asciiname":"Bayanbulag","alternatenames":["Bayanbulag","Omnodelger","Omono Delger","Omono Delger Suma","Umne-Delger","Umun-delger somon","Umun-telger Somon","Ömnödelger","Ömönö Delger","Ömönö Delger Suma"],"latitude":"47.86667","longitude":"109.91667","feature_class":"P","feature_code":"PPLA2","country_code":"MN","cc2":"","admin1_code":"11","admin2_code":"","admin3_code":"","admin4_code":"","population":"0","elevation":"","dem":"1300","timezone":"Asia/Ulaanbaatar","modification_date":"2012-01-17"},{"geonameid":"2032593","name":"Bayanbaraat","asciiname":"Bayanbaraat","alternatenames":["Bayan Baraata Suma","Bayan Baraatayn","Bayan Baraatayn Suma","Bayan Baratuin","Bayan Baratuin Somon","Bayan Baratuyn Somon","Bayan baraatu","Bayan-Baratu","Bayanbaraat"],"latitude":"46.86667","longitude":"106.25","feature_class":"P","feature_code":"PPLA2","country_code":"MN","cc2":"","admin1_code":"18","admin2_code":"","admin3_code":"","admin4_code":"","population":"0","elevation":"","dem":"1501","timezone":"Asia/Ulaanbaatar","modification_date":"2012-01-17"},{"geonameid":"2032594","name":"Bayan","asciiname":"Bayan","alternatenames":["Bajan","Bayan","Bayan-Adraga","Баян"],"latitude":"48.55","longitude":"111.08333","feature_class":"P","feature_code":"PPLA2","country_code":"MN","cc2":"","admin1_code":"11","admin2_code":"","admin3_code":"","admin4_code":"","population":"0","elevation":"","dem":"1050","timezone":"Asia/Ulaanbaatar","modification_date":"2012-01-17"},{"geonameid":"2032595","name":"Bayan","asciiname":"Bayan","alternatenames":["Bayan","Holobuyr","Hölöbuyr","Kholobuir","Khölöbuïr"],"latitude":"47.91667","longitude":"112.95","feature_class":"P","feature_code":"PPLA2","country_code":"MN","cc2":"","admin1_code":"06","admin2_code":"","admin3_code":"","admin4_code":"","population":"0","elevation":"","dem":"864","timezone":"Asia/Choibalsan","modification_date":"2012-01-17"},{"geonameid":"2032596","name":"Bayan","asciiname":"Bayan","alternatenames":["Bayan","Hashaat","Hashaata Suma","Hashiatu","Hashiyantu sumu","Khashaat","Khashiatu Somon","Khashiyantu"],"latitude":"47.45","longitude":"103.15","feature_class":"P","feature_code":"PPLA2","country_code":"MN","cc2":"","admin1_code":"01","admin2_code":"","admin3_code":"","admin4_code":"","population":"0","elevation":"","dem":"1285","timezone":"Asia/Ulaanbaatar","modification_date":"2012-01-17"},{"geonameid":"2032597","name":"Bayan","asciiname":"Bayan","alternatenames":["Baan Khuduk","Bayan","Bayan Hudag","Bayanhutag","Bayankhutag"],"latitude":"47.16667","longitude":"110.81667","feature_class":"P","feature_code":"PPLA2","country_code":"MN","cc2":"","admin1_code":"11","admin2_code":"","admin3_code":"","admin4_code":"","population":"0","elevation":"","dem":"1223","timezone":"Asia/Ulaanbaatar","modification_date":"2012-01-17"},{"geonameid":"2032598","name":"Bayan","asciiname":"Bayan","alternatenames":["Bayan","Ihe hete","Ihe hete sumu","Ihhet","Ikhe-Khete","Ikhe-khid","Ikhe-khid Somon","Ikhkhet","Inhet","Yihe Hete Suma","Yihe Hiid","Yihe Hiid Suma"],"latitude":"46.25","longitude":"110.16667","feature_class":"P","feature_code":"PPLA2","country_code":"MN","cc2":"","admin1_code":"07","admin2_code":"","admin3_code":"","admin4_code":"","population":"0","elevation":"","dem":"1163","timezone":"Asia/Ulaanbaatar","modification_date":"2012-01-17"},{"geonameid":"2032602","name":"Bat-Öldziyt","asciiname":"Bat-Oldziyt","alternatenames":["Bat-OEldziyt","Bat-Öldziyt","Dzaamar","Dzamar","Дзамар"],"latitude":"48.21552","longitude":"104.77318","feature_class":"P","feature_code":"PPLA2","country_code":"MN","cc2":"MN","admin1_code":"18","admin2_code":"","admin3_code":"","admin4_code":"","population":"0","elevation":"","dem":"1153","timezone":"Asia/Ulaanbaatar","modification_date":"2007-10-14"},{"geonameid":"2032614","name":"Baruun-Urt","asciiname":"Baruun-Urt","alternatenames":["Baruun Urta","Baruun-Urt","Burunurt","Dzhapkhalanta-sharga","Dzhibkhalantu-Sharga","Jibhalanta Sharga Suma","Jibholantu Sharga sumu","Jibhulantu sharga","Sharga Sume","UUN","Баруун-Урт"],"latitude":"46.68056","longitude":"113.27917","feature_class":"P","feature_code":"PPLA","country_code":"MN","cc2":"","admin1_code":"17","admin2_code":"","admin3_code":"","admin4_code":"","population":"15805","elevation":"","dem":"991","timezone":"Asia/Choibalsan","modification_date":"2009-06-30"},{"geonameid":"2032631","name":"Baruunsuu","asciiname":"Baruunsuu","alternatenames":["Tsetsen Sume","Tsetsey","Tsetsey sumu","Tsogt-Tsetsey","Tsogto Tsetsey Suma","Tsogttsetsii","Tsogttsetsiy","Tsogttsetsiï","Tsogtu Tsetsey Somon","Tsogtu Tsetsi","Tsogtu-Tsetsey"],"latitude":"43.65595","longitude":"105.75577","feature_class":"P","feature_code":"PPLA2","country_code":"MN","cc2":"MN","admin1_code":"14","admin2_code":"","admin3_code":"","admin4_code":"","population":"0","elevation":"","dem":"1623","timezone":"Asia/Ulaanbaatar","modification_date":"2007-10-13"},{"geonameid":"2032663","name":"Hushaat","asciiname":"Hushaat","alternatenames":["Barun-Khashiatu Somon","Baruun Hashaata Suma","Bayan Khashiatu","Hashaata Suma","Hashiatu","Hashiatu sumu","Hushaat","Khashat","Khoshat"],"latitude":"49.5","longitude":"105.61667","feature_class":"P","feature_code":"PPLA2","country_code":"MN","cc2":"","admin1_code":"16","admin2_code":"","admin3_code":"","admin4_code":"","population":"0","elevation":"","dem":"765","timezone":"Asia/Ulaanbaatar","modification_date":"2012-01-17"},{"geonameid":"2032767","name":"Badrah","asciiname":"Badrah","alternatenames":["Badrah","Taralang somon","Tarialan","Taryaalan Suma","Taryaalang Suma","Taryalang","Taryalang somon","Taryalang sumu","Taryalyang somon"],"latitude":"49.61833","longitude":"101.98972","feature_class":"P","feature_code":"PPLA2","country_code":"MN","cc2":"","admin1_code":"13","admin2_code":"","admin3_code":"","admin4_code":"","population":"0","elevation":"","dem":"1230","timezone":"Asia/Ulaanbaatar","modification_date":"2012-01-17"},{"geonameid":"2032786","name":"Avraga","asciiname":"Avraga","alternatenames":["Avarga","Delger Haan Suma","Delger Han","Delger Han Sumu","Delger Khan","Delger-Khan Somon","Delgerhaan","Delgerkhaan","Delgerkhan Sume"],"latitude":"47.17851","longitude":"109.18968","feature_class":"P","feature_code":"PPLA2","country_code":"MN","cc2":"MN","admin1_code":"11","admin2_code":"","admin3_code":"","admin4_code":"","population":"0","elevation":"","dem":"1241","timezone":"Asia/Ulaanbaatar","modification_date":"2007-10-08"},{"geonameid":"2032789","name":"Avdzaga","asciiname":"Avdzaga","alternatenames":["Avdzaga","Gurban Bulagan","Gurban Bulagiin Somon","Gurban Bulagiin Suma","Gurban-Bulag","Gurban-Bulak","Gurvanbulag","Gurwanbulag"],"latitude":"47.63333","longitude":"103.51667","feature_class":"P","feature_code":"PPLA2","country_code":"MN","cc2":"","admin1_code":"21","admin2_code":"","admin3_code":"","admin4_code":"","population":"0","elevation":"","dem":"1137","timezone":"Asia/Ulaanbaatar","modification_date":"2012-01-17"},{"geonameid":"2032814","name":"Arvayheer","asciiname":"Arvayheer","alternatenames":["Arbai Khere","Arbay Heere","Arbay Khere","Arbay hure","Arbayin Khure","Arbayin hure","Arubai gere","Arvajkhehehr","Arvayheer","Arwaikheer","Arwaïkheer","Obor Hangayin","Obor Khangai","Obör Hangayin","Ts'ai-ku-na Miao","Ts'ai-ku-na Ya-men","Ts’ai-ku-na Miao","Ts’ai-ku-na Ya-men","Ubur Khangaiin","Ubur Khangaun","Ubur Khangayin","Ubur Khangaün","Ubur-hangaajin","Ubur-hangayin","Öbör Khangai","Арвайхээр"],"latitude":"46.26389","longitude":"102.775","feature_class":"P","feature_code":"PPLA","country_code":"MN","cc2":"","admin1_code":"15","admin2_code":"","admin3_code":"","admin4_code":"","population":"25622","elevation":"","dem":"1838","timezone":"Asia/Ulaanbaatar","modification_date":"2013-08-04"},{"geonameid":"2032850","name":"Arhust","asciiname":"Arhust","alternatenames":["Erdene","Erdeni Sumny Horshoo"],"latitude":"47.79425","longitude":"107.88334","feature_class":"P","feature_code":"PPLA2","country_code":"MN","cc2":"MN","admin1_code":"18","admin2_code":"","admin3_code":"","admin4_code":"","population":"0","elevation":"","dem":"1569","timezone":"Asia/Ulaanbaatar","modification_date":"2007-10-14"},{"geonameid":"2032857","name":"Arguut","asciiname":"Arguut","alternatenames":["Guchin","Guchin Suma","Guchin Usa Suma","Guchin somon","Guchin usu sumu","Guchin-Us","Guchin-Usu","Guchin-Usu-Somon","Guchun Usu"],"latitude":"45.46278","longitude":"102.42056","feature_class":"P","feature_code":"PPLA2","country_code":"MN","cc2":"MN","admin1_code":"15","admin2_code":"","admin3_code":"","admin4_code":"","population":"0","elevation":"","dem":"1478","timezone":"Asia/Ulaanbaatar","modification_date":"2007-10-21"},{"geonameid":"2032860","name":"Argatay","asciiname":"Argatay","alternatenames":["Argatay","Bain-Dzhargalanta-somon","Bain-Dzhirgalang-sumu","Bain-chzhargalanta Somon","Bayan Jirgalanta Suma","Bayan-jirugaran","Bayanjargalan","Bayn Jargalanta Somon"],"latitude":"45.76667","longitude":"107.98333","feature_class":"P","feature_code":"PPLA2","country_code":"MN","cc2":"","admin1_code":"08","admin2_code":"","admin3_code":"","admin4_code":"","population":"0","elevation":"","dem":"1261","timezone":"Asia/Ulaanbaatar","modification_date":"2012-01-17"},{"geonameid":"2032871","name":"Argalant","asciiname":"Argalant","alternatenames":[""],"latitude":"47.94211","longitude":"105.89584","feature_class":"P","feature_code":"PPLA2","country_code":"MN","cc2":"","admin1_code":"18","admin2_code":"","admin3_code":"","admin4_code":"","population":"0","elevation":"","dem":"1225","timezone":"Asia/Ulaanbaatar","modification_date":"2007-10-14"},{"geonameid":"2032899","name":"Ar-Asgat","asciiname":"Ar-Asgat","alternatenames":["Ar-Asgat","Ugtaaltsaydam","Ugtaastsaidam","Ugtaastsaïdam","Uhtal tsaydam sumu","Ukhtal-Tsaydam","Ukhtal-Tsaydam Somon","Ukhtal-Tsaydam-Sumu","Ар-Асгат"],"latitude":"48.26222","longitude":"105.41194","feature_class":"P","feature_code":"PPLA2","country_code":"MN","cc2":"","admin1_code":"18","admin2_code":"","admin3_code":"","admin4_code":"","population":"0","elevation":"","dem":"1169","timezone":"Asia/Ulaanbaatar","modification_date":"2012-01-17"},{"geonameid":"2032937","name":"Amardalay","asciiname":"Amardalay","alternatenames":["Del'ger tsogtu sumu","Delger Tsogto","Delger Tsogto Suma","Delger Tsogtu Somon","Delger Tsogtuin Khure","Delger tsogtu","Delgertsogt","Derigeri-tsofuta"],"latitude":"46.12572","longitude":"106.37426","feature_class":"P","feature_code":"PPLA2","country_code":"MN","cc2":"MN","admin1_code":"08","admin2_code":"","admin3_code":"","admin4_code":"","population":"0","elevation":"","dem":"1400","timezone":"Asia/Ulaanbaatar","modification_date":"2007-10-13"},{"geonameid":"2032956","name":"Altan-Ovoo","asciiname":"Altan-Ovoo","alternatenames":["Tsenher","Urdtamir"],"latitude":"47.44742","longitude":"101.75503","feature_class":"P","feature_code":"PPLA2","country_code":"MN","cc2":"MN","admin1_code":"01","admin2_code":"","admin3_code":"","admin4_code":"","population":"0","elevation":"","dem":"1572","timezone":"Asia/Ulaanbaatar","modification_date":"2007-10-19"},{"geonameid":"2032960","name":"Altanbulag","asciiname":"Altanbulag","alternatenames":["Altan Bulak","Altanbulag","Alton Brok","Altyn-Bulak","Ch'ia-k'o-t'u","Ch’ia-k’o-t’u","Kiachta","Kyakhta","Mai-mai-ch'eng","Mai-mai-ch’eng","Maymachen","Maymaychen","Алтанбулаг"],"latitude":"50.31556","longitude":"106.49861","feature_class":"P","feature_code":"PPLA2","country_code":"MN","cc2":"","admin1_code":"16","admin2_code":"","admin3_code":"","admin4_code":"","population":"500","elevation":"","dem":"698","timezone":"Asia/Ulaanbaatar","modification_date":"2015-01-14"},{"geonameid":"2032961","name":"Altanbulag","asciiname":"Altanbulag","alternatenames":["Altanbulag"],"latitude":"47.7","longitude":"106.4","feature_class":"P","feature_code":"PPLA2","country_code":"MN","cc2":"","admin1_code":"18","admin2_code":"","admin3_code":"","admin4_code":"","population":"0","elevation":"","dem":"1210","timezone":"Asia/Ulaanbaatar","modification_date":"2012-01-17"},{"geonameid":"6988111","name":"Asgat","asciiname":"Asgat","alternatenames":["Asgat"],"latitude":"49.51082","longitude":"96.79944","feature_class":"P","feature_code":"PPLA2","country_code":"MN","cc2":"","admin1_code":"09","admin2_code":"","admin3_code":"","admin4_code":"","population":"0","elevation":"","dem":"1702","timezone":"Asia/Hovd","modification_date":"2012-01-20"},{"geonameid":"6988118","name":"Ulaanshiveet","asciiname":"Ulaanshiveet","alternatenames":["Ulaanshiveet"],"latitude":"47.28948","longitude":"103.85659","feature_class":"P","feature_code":"PPLA2","country_code":"MN","cc2":"","admin1_code":"21","admin2_code":"","admin3_code":"","admin4_code":"","population":"0","elevation":"","dem":"1308","timezone":"Asia/Ulaanbaatar","modification_date":"2012-01-20"},{"geonameid":"6997293","name":"Sümber","asciiname":"Sumber","alternatenames":["Sumber","Sümber"],"latitude":"47.65858","longitude":"118.51014","feature_class":"P","feature_code":"PPLA2","country_code":"MN","cc2":"","admin1_code":"06","admin2_code":"","admin3_code":"","admin4_code":"","population":"0","elevation":"","dem":"757","timezone":"Asia/Choibalsan","modification_date":"2012-01-20"},{"geonameid":"6997301","name":"Bayantal","asciiname":"Bayantal","alternatenames":["Bayantal"],"latitude":"46.62134","longitude":"108.35804","feature_class":"P","feature_code":"PPLA2","country_code":"MN","cc2":"","admin1_code":"24","admin2_code":"","admin3_code":"","admin4_code":"","population":"0","elevation":"","dem":"1289","timezone":"Asia/Ulaanbaatar","modification_date":"2012-01-20"},{"geonameid":"6997302","name":"Shiveegovi","asciiname":"Shiveegovi","alternatenames":["Shiveegovi"],"latitude":"46.09081","longitude":"108.68306","feature_class":"P","feature_code":"PPLA2","country_code":"MN","cc2":"","admin1_code":"24","admin2_code":"","admin3_code":"","admin4_code":"","population":"0","elevation":"","dem":"1212","timezone":"Asia/Ulaanbaatar","modification_date":"2012-01-20"},{"geonameid":"6997320","name":"Hongor","asciiname":"Hongor","alternatenames":["Hongor"],"latitude":"49.23012","longitude":"105.89674","feature_class":"P","feature_code":"PPLA2","country_code":"MN","cc2":"","admin1_code":"23","admin2_code":"","admin3_code":"","admin4_code":"","population":"0","elevation":"","dem":"747","timezone":"Asia/Ulaanbaatar","modification_date":"2012-01-20"},{"geonameid":"6997333","name":"Jargalant","asciiname":"Jargalant","alternatenames":["Jargalant"],"latitude":"49.12915","longitude":"104.40803","feature_class":"P","feature_code":"PPLA2","country_code":"MN","cc2":"","admin1_code":"25","admin2_code":"","admin3_code":"","admin4_code":"","population":"0","elevation":"","dem":"1266","timezone":"Asia/Ulaanbaatar","modification_date":"2012-01-20"},{"geonameid":"6997380","name":"Höshigiyn-Ar","asciiname":"Hoshigiyn-Ar","alternatenames":["Hoshigiyn-Ar","Höshigiyn-Ar"],"latitude":"47.55717","longitude":"106.96333","feature_class":"P","feature_code":"PPLA2","country_code":"MN","cc2":"","admin1_code":"18","admin2_code":"","admin3_code":"","admin4_code":"","population":"0","elevation":"","dem":"1588","timezone":"Asia/Ulaanbaatar","modification_date":"2012-01-20"},{"geonameid":"7648817","name":"Зуунмод","asciiname":"Zuunmod","alternatenames":[""],"latitude":"47.70693","longitude":"106.95276","feature_class":"P","feature_code":"PPL","country_code":"MN","cc2":"","admin1_code":"18","admin2_code":"","admin3_code":"","admin4_code":"","population":"17630","elevation":"","dem":"1514","timezone":"Asia/Ulaanbaatar","modification_date":"2011-02-05"},{"geonameid":"7648891","name":"Kharkhorin","asciiname":"Kharkhorin","alternatenames":["KHR","Kharkhorin","Хархорин"],"latitude":"47.19245","longitude":"102.81349","feature_class":"P","feature_code":"PPL","country_code":"MN","cc2":"","admin1_code":"15","admin2_code":"","admin3_code":"","admin4_code":"","population":"8977","elevation":"","dem":"1476","timezone":"Asia/Ulaanbaatar","modification_date":"2011-02-06"},{"geonameid":"9256604","name":"Ulaan Khat","asciiname":"Ulaan Khat","alternatenames":["Ulan Khat"],"latitude":"47.98257","longitude":"89.84173","feature_class":"P","feature_code":"PPLA4","country_code":"MN","cc2":"","admin1_code":"03","admin2_code":"","admin3_code":"","admin4_code":"","population":"0","elevation":"","dem":"2504","timezone":"Asia/Hovd","modification_date":"2014-07-29"},{"geonameid":"1515007","name":"Uliastay","asciiname":"Uliastay","alternatenames":["Chdzibkhalantu","Chzhibgalantu Somon","Chzhibkhalantu","Chzhibkholantu sumu","Djibkhlantu","Djibkhulantu","Dzhibkhalantu","Dzhibkholantu","Dzhibkhulantu","Javhlant","Jawkhlant","Jibhalanta","Jibhalantu","Jibholantu","Jibhulantu","Jibkhalantu","Uliassutai","Uliastaj","Uliastay","Uliyassutai","Uljassutai","Uljasutai","Ulyaasatay","Ulyasutay","Uriyasutai","Wu-li-ya-su-t'ai","Wu-li-ya-su-t’ai","Wu-lu-ya-su-t'ai","Wu-lu-ya-su-t’ai","Улиастай"],"latitude":"47.74167","longitude":"96.84444","feature_class":"P","feature_code":"PPLA","country_code":"MN","cc2":"","admin1_code":"09","admin2_code":"","admin3_code":"","admin4_code":"","population":"16240","elevation":"","dem":"1755","timezone":"Asia/Hovd","modification_date":"2013-08-04"},{"geonameid":"1515029","name":"Ulaangom","asciiname":"Ulaangom","alternatenames":["ULO","Ulaan Goom","Ulaanggom","Ulaangom","Ulaangom sumu","Ulan Kan","Ulangom","Ulankom","Wu-lan-ku-mu","Улаангом","Улангом"],"latitude":"49.98111","longitude":"92.06667","feature_class":"P","feature_code":"PPLA","country_code":"MN","cc2":"","admin1_code":"19","admin2_code":"","admin3_code":"","admin4_code":"","population":"28085","elevation":"","dem":"935","timezone":"Asia/Hovd","modification_date":"2012-01-17"},{"geonameid":"1515167","name":"Tosontsengel","asciiname":"Tosontsengel","alternatenames":["Shumultain khure","Shumultuin Khure","Shumultuyn-khure","Shumuultayn Huryee","Shumuultayn Hüryee","Shumuultiin Khuree","Shumuultiin Khüree","Shumuultuiin huriye","Shumuultuiin hüriye","Shumuultuin huriye","Shumuultuïn hüriye","TNZ","Toson Tsengel Suma","Toson tsengel sumu","Tosontsengel","Tosyn tsengel somon"],"latitude":"48.75667","longitude":"98.28389","feature_class":"P","feature_code":"PPLA2","country_code":"MN","cc2":"","admin1_code":"09","admin2_code":"","admin3_code":"","admin4_code":"","population":"9526","elevation":"","dem":"1717","timezone":"Asia/Hovd","modification_date":"2013-03-02"},{"geonameid":"1515436","name":"Ölgiy","asciiname":"OElgiy","alternatenames":["Bayan-Ulegey","Olgii","Ologey","Ul'gey","Ulegei","Ulegey","Ulegy","Ulgij","Ölögey","Улгий","Өлгий"],"latitude":"48.96833","longitude":"89.9625","feature_class":"P","feature_code":"PPLA","country_code":"MN","cc2":"","admin1_code":"03","admin2_code":"","admin3_code":"","admin4_code":"","population":"28400","elevation":"","dem":"1715","timezone":"Asia/Hovd","modification_date":"2013-03-02"},{"geonameid":"1516048","name":"Khovd","asciiname":"Khovd","alternatenames":["Chirgalantu","Chzhirgalantu","Djirgalantu","Dund-Us","Dzhaghalantu","Dzhargalantu","Dzhirgalantu","HVD","Hobdo","Hobdo Gol","Jargalant","Jirgalanta","Jirgalantu","Khobdo","Khovd","Kobdo","Кобдо","Ховд"],"latitude":"48.00556","longitude":"91.64194","feature_class":"P","feature_code":"PPLA","country_code":"MN","cc2":"","admin1_code":"12","admin2_code":"6987767","admin3_code":"","admin4_code":"","population":"30500","elevation":"","dem":"1395","timezone":"Asia/Hovd","modification_date":"2014-04-16"},{"geonameid":"1516393","name":"Altai","asciiname":"Altai","alternatenames":["Altai","Altaj","Altay","Jusenbulag","LTI","Usan Bulag","Yosonbulag","Yusun-bulak","Yösönbulag","Алтай"],"latitude":"46.37222","longitude":"96.25833","feature_class":"P","feature_code":"PPLA","country_code":"MN","cc2":"","admin1_code":"10","admin2_code":"","admin3_code":"","admin4_code":"","population":"15800","elevation":"","dem":"2156","timezone":"Asia/Hovd","modification_date":"2013-08-04"},{"geonameid":"2028462","name":"Ulaanbaatar","asciiname":"Ulaanbaatar","alternatenames":["Da Huryee","Da Hüryee","Da Khure","Da-Kure","K'u-lun","Orgoo","Oulan Mpator","Oulan-Bator","Ourga","ULN","Ula Bator","Ulaan Baatar","Ulaan Baatar Hoto","Ulaanbaatar","Ulaanbaataro","Ulaanbaator","Ulaanbaator hota","Ulaanbaatur","Ulan Bator","Ulan Bator Hoto","Ulan Batoras","Ulan Batur","Ulan-Bator","Ulan-Bator Khoto","Ulanbatar","Ulanbator","Ulanbátar","Ulán Bator","Ulán Bátor","Ulánbátar","Ulánbátor","Ulã Bator","Uranbatoru","Urga","Uruga","Ułan Bator","awlan batwr","ulanabatara","ullanbatoleu","uranbatoru","wu lan ba tuo","xulanbatxr","Örgöö","Úlan Bator","Ουλάν Μπατόρ","Улаанбаатар","Улан Батор","Улан-Батор","אולן בטור","أولان باتور","اولان‌باتور","उलानबातर","อูลานบาตอร์","ཝུ་ལན་བ་ཐུར","ኡላዓን ባዓታር","ウランバートル","乌兰巴托","울란바토르"],"latitude":"47.90771","longitude":"106.88324","feature_class":"P","feature_code":"PPLC","country_code":"MN","cc2":"","admin1_code":"20","admin2_code":"","admin3_code":"","admin4_code":"","population":"844818","elevation":"","dem":"1284","timezone":"Asia/Ulaanbaatar","modification_date":"2015-06-04"},{"geonameid":"2028606","name":"Tsetserleg","asciiname":"Tsetserleg","alternatenames":["Cecerleg","Cecerlegas","Cehcehrlehg","Cehcehrlehg khot","Tsetserleg","Tsetserlig","Tsetserlig-khoto","Tsetserlik","Tsetserurigu","chchrlg","che che er lei ge","Цецерлег","Цэцэрлэг","Цэцэрлэг хот","چچرلگ","車車爾勒格"],"latitude":"47.475","longitude":"101.45417","feature_class":"P","feature_code":"PPLA","country_code":"MN","cc2":"","admin1_code":"01","admin2_code":"","admin3_code":"","admin4_code":"","population":"5876","elevation":"","dem":"1705","timezone":"Asia/Ulaanbaatar","modification_date":"2012-01-17"},{"geonameid":"2029156","name":"Sühbaatar","asciiname":"Suhbaatar","alternatenames":["Suehbaatar","Suhbaatar","Suhe Baatar","Suhe Batar","Sukhbaatar","Sukhe Batur","Sukhe-Bator","Sukheh-Bator","Sühbaatar","Sühe Baatar","Sühe Batar","Sükhbaatar","Сухэ-Батор","Сүхбаатар"],"latitude":"50.23139","longitude":"106.20778","feature_class":"P","feature_code":"PPLA","country_code":"MN","cc2":"","admin1_code":"16","admin2_code":"","admin3_code":"","admin4_code":"","population":"24235","elevation":"","dem":"619","timezone":"Asia/Ulaanbaatar","modification_date":"2012-01-17"},{"geonameid":"2029656","name":"Undurkhaan","asciiname":"Undurkhaan","alternatenames":["Ondorkhaan","Tsetsen Khan","Tsetsen Khan's Palace","Tsetsen Khan’s Palace","Under-Khan","Undur Khan","Undurhan","Öndörkhaan","Өндөрхаан"],"latitude":"47.31944","longitude":"110.65556","feature_class":"P","feature_code":"PPLA","country_code":"MN","cc2":"","admin1_code":"11","admin2_code":"","admin3_code":"","admin4_code":"","population":"14723","elevation":"","dem":"1030","timezone":"Asia/Ulaanbaatar","modification_date":"2013-10-20"},{"geonameid":"2029945","name":"Murun-kuren","asciiname":"Murun-kuren","alternatenames":["Moeroen","Moron","Moron'i hurie","Moronii Huryee","Moronii khuree","Moronu hurie","Mu-lin","Mu-lin-fu-lieh","Murehn","Muren","Murenfure","Muringoru","Murun-kuren","Mörön","Mörönii Hüryee","Mörönii khüree","Mörönu hurie","Mörön’i hürie","Мурэн","Мөрөн"],"latitude":"49.63417","longitude":"100.1625","feature_class":"P","feature_code":"PPLA","country_code":"MN","cc2":"","admin1_code":"13","admin2_code":"","admin3_code":"","admin4_code":"","population":"27690","elevation":"","dem":"1280","timezone":"Asia/Ulaanbaatar","modification_date":"2012-01-17"},{"geonameid":"2030065","name":"Mandalgovi","asciiname":"Mandalgovi","alternatenames":["MXW","Mandal Gobi","Mandalgov'","Mandalgovi","Mandalgovĭ","Mandalgow'","Mandalgow’","Мандалговь"],"latitude":"45.7625","longitude":"106.27083","feature_class":"P","feature_code":"PPLA","country_code":"MN","cc2":"","admin1_code":"08","admin2_code":"","admin3_code":"","admin4_code":"","population":"15430","elevation":"","dem":"1424","timezone":"Asia/Ulaanbaatar","modification_date":"2013-05-09"},{"geonameid":"2030474","name":"Hovd","asciiname":"Hovd","alternatenames":["Bogd","Khovd","Ховд"],"latitude":"44.67024","longitude":"102.17491","feature_class":"P","feature_code":"PPL","country_code":"MN","cc2":"","admin1_code":"15","admin2_code":"","admin3_code":"","admin4_code":"","population":"27924","elevation":"","dem":"1525","timezone":"Asia/Ulaanbaatar","modification_date":"2010-01-29"},{"geonameid":"2030927","name":"Harhorin","asciiname":"Harhorin","alternatenames":["Kharkhorin","Хархорин"],"latitude":"47.19753","longitude":"102.82379","feature_class":"P","feature_code":"PPLA2","country_code":"MN","cc2":"MN","admin1_code":"15","admin2_code":"","admin3_code":"","admin4_code":"","population":"9000","elevation":"","dem":"1471","timezone":"Asia/Ulaanbaatar","modification_date":"2009-01-10"},{"geonameid":"2031405","name":"Erdenet","asciiname":"Erdenet","alternatenames":["Ehrdehneht","Ehrdehneht khot","Erdenet","Erdenetas","Gorad Ehrdehneht","ardenaita","ardnt","e er deng te","eleudeneteu","erudeneto","Горад Эрдэнэт","Ерденет","Эрдэнэт","Эрдэнэт хот","ארדנט","اردنت","अर्देनैट","エルデネト","额尔登特","에르데네트"],"latitude":"49.03333","longitude":"104.08333","feature_class":"P","feature_code":"PPLA","country_code":"MN","cc2":"","admin1_code":"25","admin2_code":"","admin3_code":"","admin4_code":"","population":"79647","elevation":"","dem":"1307","timezone":"Asia/Ulaanbaatar","modification_date":"2014-04-26"},{"geonameid":"2031517","name":"Dzuunmod","asciiname":"Dzuunmod","alternatenames":["Dzun-mod","Dzun-modo","Dzuun Modo","Dzuunmod","Zun-Mod","Zuunmod","Зуунмод"],"latitude":"47.70694","longitude":"106.95278","feature_class":"P","feature_code":"PPLA","country_code":"MN","cc2":"","admin1_code":"18","admin2_code":"","admin3_code":"","admin4_code":"","population":"14660","elevation":"","dem":"1514","timezone":"Asia/Ulaanbaatar","modification_date":"2013-08-09"},{"geonameid":"2031533","name":"Dzüünharaa","asciiname":"Dzuunharaa","alternatenames":["Dzueuenharaa","Dzunkhara","Dzuunkharaa","Dzüünharaa","Dzüünkharaa","Дзунхара"],"latitude":"48.85229","longitude":"106.45786","feature_class":"P","feature_code":"PPL","country_code":"MN","cc2":"","admin1_code":"16","admin2_code":"","admin3_code":"","admin4_code":"","population":"18830","elevation":"","dem":"867","timezone":"Asia/Ulaanbaatar","modification_date":"2014-06-27"},{"geonameid":"2031964","name":"Darhan","asciiname":"Darhan","alternatenames":["Darchan","Darhan","Darkhan","da er han","Дархан","דרחאן","达尔汗"],"latitude":"49.48667","longitude":"105.92278","feature_class":"P","feature_code":"PPLA","country_code":"MN","cc2":"","admin1_code":"23","admin2_code":"","admin3_code":"","admin4_code":"","population":"74300","elevation":"","dem":"683","timezone":"Asia/Ulaanbaatar","modification_date":"2012-01-17"},{"geonameid":"2032007","name":"Dalandzadgad","asciiname":"Dalandzadgad","alternatenames":["DLZ","Dalan Dsadagad","Dalan Dzadagad","Dalan Tszadagad","Dalan Tzadagad","Dalan-Zadagad","Dalandzadgad","Dalanzadgad","Daranzagatai","Dzadagad","Ta-lan-ken-kuo-lo","Ta-leng-keng Miao","Даланзадгад"],"latitude":"43.57083","longitude":"104.425","feature_class":"P","feature_code":"PPLA","country_code":"MN","cc2":"","admin1_code":"14","admin2_code":"","admin3_code":"","admin4_code":"","population":"15093","elevation":"","dem":"1470","timezone":"Asia/Ulaanbaatar","modification_date":"2013-06-16"},{"geonameid":"2032050","name":"Choyr","asciiname":"Choyr","alternatenames":["Chojr","Choyr","Sumber","Sumber Suma","Sumbur","Sumbur Somon","Sumbur Sume","Sumbur sumu","Sümber","Sümber Suma","Чойр"],"latitude":"46.36111","longitude":"108.36111","feature_class":"P","feature_code":"PPLA","country_code":"MN","cc2":"","admin1_code":"24","admin2_code":"","admin3_code":"","admin4_code":"","population":"9895","elevation":"","dem":"1286","timezone":"Asia/Ulaanbaatar","modification_date":"2012-01-17"},{"geonameid":"2032054","name":"Choibalsan","asciiname":"Choibalsan","alternatenames":["Bain Tumen","Baintomenhashu","Baintōmenhashū","Bayan Tumen","Bayn-Tumen","Brin Tumen","COQ","Choibalsan","Choibolsan","Chojbalsan","Choybalsan","Choybolsan","Herelen","K'o-lu-lun","Karulen","Kerulen","Kerulen Urgo","Kerulun","Kerulyun","Kurulun","Kyrylun","K’o-lu-lun","Pa-yin-t'u-men","Pa-yin-t’u-men","Sain Beise","San Beisa-Urgo","San Beise","San-beyse","Say-Beyse","Urgo","Чойбалсан"],"latitude":"48.07257","longitude":"114.53264","feature_class":"P","feature_code":"PPLA","country_code":"MN","cc2":"","admin1_code":"06","admin2_code":"","admin3_code":"","admin4_code":"","population":"23","elevation":"","dem":"741","timezone":"Asia/Choibalsan","modification_date":"2014-03-22"},{"geonameid":"2032081","name":"Saynshand","asciiname":"Saynshand","alternatenames":["Buyant-Uhaa","Dalai Sain Shanda","Dalay Sayn Shanda","Darai Sain Shanda","Sain Shanda","Sain-Shand","Sajnshand","Sayn Shanda","Sayn-Shenda","Сайншанд"],"latitude":"44.88239","longitude":"110.11631","feature_class":"P","feature_code":"PPLA","country_code":"MN","cc2":"","admin1_code":"07","admin2_code":"","admin3_code":"","admin4_code":"","population":"19891","elevation":"","dem":"947","timezone":"Asia/Ulaanbaatar","modification_date":"2010-03-04"},{"geonameid":"2032201","name":"Bulgan","asciiname":"Bulgan","alternatenames":["Bulagan","Bulagan Suma","Bulagan Sumu","Bulagan somon","Bulagan-khan","Bulgan","Bulgan Han","UGA","Булган"],"latitude":"48.8125","longitude":"103.53472","feature_class":"P","feature_code":"PPLA","country_code":"MN","cc2":"","admin1_code":"21","admin2_code":"6618895","admin3_code":"","admin4_code":"","population":"17348","elevation":"","dem":"1204","timezone":"Asia/Ulaanbaatar","modification_date":"2012-12-15"},{"geonameid":"2032532","name":"Bayanhongor","asciiname":"Bayanhongor","alternatenames":["Bajankhongor","Bayan Hangor","Bayan Hongor Suma","Bayan Khongor","Bayan Khongor Somon","Bayan Khonkhor Sume","Bayan honhor sumu","Bayan-hongoru","Bayanhongor","Bayankhongor","Баянхонгор"],"latitude":"46.71667","longitude":"100.11667","feature_class":"P","feature_code":"PPL","country_code":"MN","cc2":"","admin1_code":"02","admin2_code":"","admin3_code":"","admin4_code":"","population":"23234","elevation":"","dem":"2202","timezone":"Asia/Ulaanbaatar","modification_date":"2013-03-02"},{"geonameid":"2032533","name":"Bayanhongor","asciiname":"Bayanhongor","alternatenames":["BYN","Bajankhongor","Bayanhongor","Dzaluuchuud","Youth City","Баянхонгор"],"latitude":"46.19444","longitude":"100.71806","feature_class":"P","feature_code":"PPLA","country_code":"MN","cc2":"","admin1_code":"02","admin2_code":"","admin3_code":"","admin4_code":"","population":"26252","elevation":"","dem":"1873","timezone":"Asia/Ulaanbaatar","modification_date":"2013-08-04"},{"geonameid":"2032614","name":"Baruun-Urt","asciiname":"Baruun-Urt","alternatenames":["Baruun Urta","Baruun-Urt","Burunurt","Dzhapkhalanta-sharga","Dzhibkhalantu-Sharga","Jibhalanta Sharga Suma","Jibholantu Sharga sumu","Jibhulantu sharga","Sharga Sume","UUN","Баруун-Урт"],"latitude":"46.68056","longitude":"113.27917","feature_class":"P","feature_code":"PPLA","country_code":"MN","cc2":"","admin1_code":"17","admin2_code":"","admin3_code":"","admin4_code":"","population":"15805","elevation":"","dem":"991","timezone":"Asia/Choibalsan","modification_date":"2009-06-30"},{"geonameid":"2032814","name":"Arvayheer","asciiname":"Arvayheer","alternatenames":["Arbai Khere","Arbay Heere","Arbay Khere","Arbay hure","Arbayin Khure","Arbayin hure","Arubai gere","Arvajkhehehr","Arvayheer","Arwaikheer","Arwaïkheer","Obor Hangayin","Obor Khangai","Obör Hangayin","Ts'ai-ku-na Miao","Ts'ai-ku-na Ya-men","Ts’ai-ku-na Miao","Ts’ai-ku-na Ya-men","Ubur Khangaiin","Ubur Khangaun","Ubur Khangayin","Ubur Khangaün","Ubur-hangaajin","Ubur-hangayin","Öbör Khangai","Арвайхээр"],"latitude":"46.26389","longitude":"102.775","feature_class":"P","feature_code":"PPLA","country_code":"MN","cc2":"","admin1_code":"15","admin2_code":"","admin3_code":"","admin4_code":"","population":"25622","elevation":"","dem":"1838","timezone":"Asia/Ulaanbaatar","modification_date":"2013-08-04"},{"geonameid":"7648817","name":"Зуунмод","asciiname":"Zuunmod","alternatenames":[""],"latitude":"47.70693","longitude":"106.95276","feature_class":"P","feature_code":"PPL","country_code":"MN","cc2":"","admin1_code":"18","admin2_code":"","admin3_code":"","admin4_code":"","population":"17630","elevation":"","dem":"1514","timezone":"Asia/Ulaanbaatar","modification_date":"2011-02-05"},{"geonameid":"7648891","name":"Kharkhorin","asciiname":"Kharkhorin","alternatenames":["KHR","Kharkhorin","Хархорин"],"latitude":"47.19245","longitude":"102.81349","feature_class":"P","feature_code":"PPL","country_code":"MN","cc2":"","admin1_code":"15","admin2_code":"","admin3_code":"","admin4_code":"","population":"8977","elevation":"","dem":"1476","timezone":"Asia/Ulaanbaatar","modification_date":"2011-02-06"},{"geonameid":"1515007","name":"Uliastay","asciiname":"Uliastay","alternatenames":["Chdzibkhalantu","Chzhibgalantu Somon","Chzhibkhalantu","Chzhibkholantu sumu","Djibkhlantu","Djibkhulantu","Dzhibkhalantu","Dzhibkholantu","Dzhibkhulantu","Javhlant","Jawkhlant","Jibhalanta","Jibhalantu","Jibholantu","Jibhulantu","Jibkhalantu","Uliassutai","Uliastaj","Uliastay","Uliyassutai","Uljassutai","Uljasutai","Ulyaasatay","Ulyasutay","Uriyasutai","Wu-li-ya-su-t'ai","Wu-li-ya-su-t’ai","Wu-lu-ya-su-t'ai","Wu-lu-ya-su-t’ai","Улиастай"],"latitude":"47.74167","longitude":"96.84444","feature_class":"P","feature_code":"PPLA","country_code":"MN","cc2":"","admin1_code":"09","admin2_code":"","admin3_code":"","admin4_code":"","population":"16240","elevation":"","dem":"1755","timezone":"Asia/Hovd","modification_date":"2013-08-04"},{"geonameid":"1515029","name":"Ulaangom","asciiname":"Ulaangom","alternatenames":["ULO","Ulaan Goom","Ulaanggom","Ulaangom","Ulaangom sumu","Ulan Kan","Ulangom","Ulankom","Wu-lan-ku-mu","Улаангом","Улангом"],"latitude":"49.98111","longitude":"92.06667","feature_class":"P","feature_code":"PPLA","country_code":"MN","cc2":"","admin1_code":"19","admin2_code":"","admin3_code":"","admin4_code":"","population":"28085","elevation":"","dem":"935","timezone":"Asia/Hovd","modification_date":"2012-01-17"},{"geonameid":"1515436","name":"Ölgiy","asciiname":"OElgiy","alternatenames":["Bayan-Ulegey","Olgii","Ologey","Ul'gey","Ulegei","Ulegey","Ulegy","Ulgij","Ölögey","Улгий","Өлгий"],"latitude":"48.96833","longitude":"89.9625","feature_class":"P","feature_code":"PPLA","country_code":"MN","cc2":"","admin1_code":"03","admin2_code":"","admin3_code":"","admin4_code":"","population":"28400","elevation":"","dem":"1715","timezone":"Asia/Hovd","modification_date":"2013-03-02"},{"geonameid":"1516048","name":"Khovd","asciiname":"Khovd","alternatenames":["Chirgalantu","Chzhirgalantu","Djirgalantu","Dund-Us","Dzhaghalantu","Dzhargalantu","Dzhirgalantu","HVD","Hobdo","Hobdo Gol","Jargalant","Jirgalanta","Jirgalantu","Khobdo","Khovd","Kobdo","Кобдо","Ховд"],"latitude":"48.00556","longitude":"91.64194","feature_class":"P","feature_code":"PPLA","country_code":"MN","cc2":"","admin1_code":"12","admin2_code":"6987767","admin3_code":"","admin4_code":"","population":"30500","elevation":"","dem":"1395","timezone":"Asia/Hovd","modification_date":"2014-04-16"},{"geonameid":"1516393","name":"Altai","asciiname":"Altai","alternatenames":["Altai","Altaj","Altay","Jusenbulag","LTI","Usan Bulag","Yosonbulag","Yusun-bulak","Yösönbulag","Алтай"],"latitude":"46.37222","longitude":"96.25833","feature_class":"P","feature_code":"PPLA","country_code":"MN","cc2":"","admin1_code":"10","admin2_code":"","admin3_code":"","admin4_code":"","population":"15800","elevation":"","dem":"2156","timezone":"Asia/Hovd","modification_date":"2013-08-04"},{"geonameid":"2028462","name":"Ulaanbaatar","asciiname":"Ulaanbaatar","alternatenames":["Da Huryee","Da Hüryee","Da Khure","Da-Kure","K'u-lun","Orgoo","Oulan Mpator","Oulan-Bator","Ourga","ULN","Ula Bator","Ulaan Baatar","Ulaan Baatar Hoto","Ulaanbaatar","Ulaanbaataro","Ulaanbaator","Ulaanbaator hota","Ulaanbaatur","Ulan Bator","Ulan Bator Hoto","Ulan Batoras","Ulan Batur","Ulan-Bator","Ulan-Bator Khoto","Ulanbatar","Ulanbator","Ulanbátar","Ulán Bator","Ulán Bátor","Ulánbátar","Ulánbátor","Ulã Bator","Uranbatoru","Urga","Uruga","Ułan Bator","awlan batwr","ulanabatara","ullanbatoleu","uranbatoru","wu lan ba tuo","xulanbatxr","Örgöö","Úlan Bator","Ουλάν Μπατόρ","Улаанбаатар","Улан Батор","Улан-Батор","אולן בטור","أولان باتور","اولان‌باتور","उलानबातर","อูลานบาตอร์","ཝུ་ལན་བ་ཐུར","ኡላዓን ባዓታር","ウランバートル","乌兰巴托","울란바토르"],"latitude":"47.90771","longitude":"106.88324","feature_class":"P","feature_code":"PPLC","country_code":"MN","cc2":"","admin1_code":"20","admin2_code":"","admin3_code":"","admin4_code":"","population":"844818","elevation":"","dem":"1284","timezone":"Asia/Ulaanbaatar","modification_date":"2015-06-04"},{"geonameid":"2029156","name":"Sühbaatar","asciiname":"Suhbaatar","alternatenames":["Suehbaatar","Suhbaatar","Suhe Baatar","Suhe Batar","Sukhbaatar","Sukhe Batur","Sukhe-Bator","Sukheh-Bator","Sühbaatar","Sühe Baatar","Sühe Batar","Sükhbaatar","Сухэ-Батор","Сүхбаатар"],"latitude":"50.23139","longitude":"106.20778","feature_class":"P","feature_code":"PPLA","country_code":"MN","cc2":"","admin1_code":"16","admin2_code":"","admin3_code":"","admin4_code":"","population":"24235","elevation":"","dem":"619","timezone":"Asia/Ulaanbaatar","modification_date":"2012-01-17"},{"geonameid":"2029945","name":"Murun-kuren","asciiname":"Murun-kuren","alternatenames":["Moeroen","Moron","Moron'i hurie","Moronii Huryee","Moronii khuree","Moronu hurie","Mu-lin","Mu-lin-fu-lieh","Murehn","Muren","Murenfure","Muringoru","Murun-kuren","Mörön","Mörönii Hüryee","Mörönii khüree","Mörönu hurie","Mörön’i hürie","Мурэн","Мөрөн"],"latitude":"49.63417","longitude":"100.1625","feature_class":"P","feature_code":"PPLA","country_code":"MN","cc2":"","admin1_code":"13","admin2_code":"","admin3_code":"","admin4_code":"","population":"27690","elevation":"","dem":"1280","timezone":"Asia/Ulaanbaatar","modification_date":"2012-01-17"},{"geonameid":"2030065","name":"Mandalgovi","asciiname":"Mandalgovi","alternatenames":["MXW","Mandal Gobi","Mandalgov'","Mandalgovi","Mandalgovĭ","Mandalgow'","Mandalgow’","Мандалговь"],"latitude":"45.7625","longitude":"106.27083","feature_class":"P","feature_code":"PPLA","country_code":"MN","cc2":"","admin1_code":"08","admin2_code":"","admin3_code":"","admin4_code":"","population":"15430","elevation":"","dem":"1424","timezone":"Asia/Ulaanbaatar","modification_date":"2013-05-09"},{"geonameid":"2030474","name":"Hovd","asciiname":"Hovd","alternatenames":["Bogd","Khovd","Ховд"],"latitude":"44.67024","longitude":"102.17491","feature_class":"P","feature_code":"PPL","country_code":"MN","cc2":"","admin1_code":"15","admin2_code":"","admin3_code":"","admin4_code":"","population":"27924","elevation":"","dem":"1525","timezone":"Asia/Ulaanbaatar","modification_date":"2010-01-29"},{"geonameid":"2031405","name":"Erdenet","asciiname":"Erdenet","alternatenames":["Ehrdehneht","Ehrdehneht khot","Erdenet","Erdenetas","Gorad Ehrdehneht","ardenaita","ardnt","e er deng te","eleudeneteu","erudeneto","Горад Эрдэнэт","Ерденет","Эрдэнэт","Эрдэнэт хот","ארדנט","اردنت","अर्देनैट","エルデネト","额尔登特","에르데네트"],"latitude":"49.03333","longitude":"104.08333","feature_class":"P","feature_code":"PPLA","country_code":"MN","cc2":"","admin1_code":"25","admin2_code":"","admin3_code":"","admin4_code":"","population":"79647","elevation":"","dem":"1307","timezone":"Asia/Ulaanbaatar","modification_date":"2014-04-26"},{"geonameid":"2031533","name":"Dzüünharaa","asciiname":"Dzuunharaa","alternatenames":["Dzueuenharaa","Dzunkhara","Dzuunkharaa","Dzüünharaa","Dzüünkharaa","Дзунхара"],"latitude":"48.85229","longitude":"106.45786","feature_class":"P","feature_code":"PPL","country_code":"MN","cc2":"","admin1_code":"16","admin2_code":"","admin3_code":"","admin4_code":"","population":"18830","elevation":"","dem":"867","timezone":"Asia/Ulaanbaatar","modification_date":"2014-06-27"},{"geonameid":"2031964","name":"Darhan","asciiname":"Darhan","alternatenames":["Darchan","Darhan","Darkhan","da er han","Дархан","דרחאן","达尔汗"],"latitude":"49.48667","longitude":"105.92278","feature_class":"P","feature_code":"PPLA","country_code":"MN","cc2":"","admin1_code":"23","admin2_code":"","admin3_code":"","admin4_code":"","population":"74300","elevation":"","dem":"683","timezone":"Asia/Ulaanbaatar","modification_date":"2012-01-17"},{"geonameid":"2032007","name":"Dalandzadgad","asciiname":"Dalandzadgad","alternatenames":["DLZ","Dalan Dsadagad","Dalan Dzadagad","Dalan Tszadagad","Dalan Tzadagad","Dalan-Zadagad","Dalandzadgad","Dalanzadgad","Daranzagatai","Dzadagad","Ta-lan-ken-kuo-lo","Ta-leng-keng Miao","Даланзадгад"],"latitude":"43.57083","longitude":"104.425","feature_class":"P","feature_code":"PPLA","country_code":"MN","cc2":"","admin1_code":"14","admin2_code":"","admin3_code":"","admin4_code":"","population":"15093","elevation":"","dem":"1470","timezone":"Asia/Ulaanbaatar","modification_date":"2013-06-16"},{"geonameid":"2032081","name":"Saynshand","asciiname":"Saynshand","alternatenames":["Buyant-Uhaa","Dalai Sain Shanda","Dalay Sayn Shanda","Darai Sain Shanda","Sain Shanda","Sain-Shand","Sajnshand","Sayn Shanda","Sayn-Shenda","Сайншанд"],"latitude":"44.88239","longitude":"110.11631","feature_class":"P","feature_code":"PPLA","country_code":"MN","cc2":"","admin1_code":"07","admin2_code":"","admin3_code":"","admin4_code":"","population":"19891","elevation":"","dem":"947","timezone":"Asia/Ulaanbaatar","modification_date":"2010-03-04"},{"geonameid":"2032201","name":"Bulgan","asciiname":"Bulgan","alternatenames":["Bulagan","Bulagan Suma","Bulagan Sumu","Bulagan somon","Bulagan-khan","Bulgan","Bulgan Han","UGA","Булган"],"latitude":"48.8125","longitude":"103.53472","feature_class":"P","feature_code":"PPLA","country_code":"MN","cc2":"","admin1_code":"21","admin2_code":"6618895","admin3_code":"","admin4_code":"","population":"17348","elevation":"","dem":"1204","timezone":"Asia/Ulaanbaatar","modification_date":"2012-12-15"},{"geonameid":"2032532","name":"Bayanhongor","asciiname":"Bayanhongor","alternatenames":["Bajankhongor","Bayan Hangor","Bayan Hongor Suma","Bayan Khongor","Bayan Khongor Somon","Bayan Khonkhor Sume","Bayan honhor sumu","Bayan-hongoru","Bayanhongor","Bayankhongor","Баянхонгор"],"latitude":"46.71667","longitude":"100.11667","feature_class":"P","feature_code":"PPL","country_code":"MN","cc2":"","admin1_code":"02","admin2_code":"","admin3_code":"","admin4_code":"","population":"23234","elevation":"","dem":"2202","timezone":"Asia/Ulaanbaatar","modification_date":"2013-03-02"},{"geonameid":"2032533","name":"Bayanhongor","asciiname":"Bayanhongor","alternatenames":["BYN","Bajankhongor","Bayanhongor","Dzaluuchuud","Youth City","Баянхонгор"],"latitude":"46.19444","longitude":"100.71806","feature_class":"P","feature_code":"PPLA","country_code":"MN","cc2":"","admin1_code":"02","admin2_code":"","admin3_code":"","admin4_code":"","population":"26252","elevation":"","dem":"1873","timezone":"Asia/Ulaanbaatar","modification_date":"2013-08-04"},{"geonameid":"2032614","name":"Baruun-Urt","asciiname":"Baruun-Urt","alternatenames":["Baruun Urta","Baruun-Urt","Burunurt","Dzhapkhalanta-sharga","Dzhibkhalantu-Sharga","Jibhalanta Sharga Suma","Jibholantu Sharga sumu","Jibhulantu sharga","Sharga Sume","UUN","Баруун-Урт"],"latitude":"46.68056","longitude":"113.27917","feature_class":"P","feature_code":"PPLA","country_code":"MN","cc2":"","admin1_code":"17","admin2_code":"","admin3_code":"","admin4_code":"","population":"15805","elevation":"","dem":"991","timezone":"Asia/Choibalsan","modification_date":"2009-06-30"},{"geonameid":"2032814","name":"Arvayheer","asciiname":"Arvayheer","alternatenames":["Arbai Khere","Arbay Heere","Arbay Khere","Arbay hure","Arbayin Khure","Arbayin hure","Arubai gere","Arvajkhehehr","Arvayheer","Arwaikheer","Arwaïkheer","Obor Hangayin","Obor Khangai","Obör Hangayin","Ts'ai-ku-na Miao","Ts'ai-ku-na Ya-men","Ts’ai-ku-na Miao","Ts’ai-ku-na Ya-men","Ubur Khangaiin","Ubur Khangaun","Ubur Khangayin","Ubur Khangaün","Ubur-hangaajin","Ubur-hangayin","Öbör Khangai","Арвайхээр"],"latitude":"46.26389","longitude":"102.775","feature_class":"P","feature_code":"PPLA","country_code":"MN","cc2":"","admin1_code":"15","admin2_code":"","admin3_code":"","admin4_code":"","population":"25622","elevation":"","dem":"1838","timezone":"Asia/Ulaanbaatar","modification_date":"2013-08-04"},{"geonameid":"7648817","name":"Зуунмод","asciiname":"Zuunmod","alternatenames":[""],"latitude":"47.70693","longitude":"106.95276","feature_class":"P","feature_code":"PPL","country_code":"MN","cc2":"","admin1_code":"18","admin2_code":"","admin3_code":"","admin4_code":"","population":"17630","elevation":"","dem":"1514","timezone":"Asia/Ulaanbaatar","modification_date":"2011-02-05"}]}