{"country_data":{"ISO":"MS","ISO3":"MSR","ISO_Numeric":"500","fips":"MH","country":"Montserrat","capital":"Plymouth","area":"102","Population":"9341","Continent":"NA","tld":".ms","CurrencyCode":"XCD","CurrencyName":"Dollar","Phone":"+1-664","Postal_Code_Format":"","Postal_Code_Regex":"","Languages":"en-MS","geonameid":"3578097","neighbours":"","EquivalentFipsCode":""},"cities":[{"geonameid":"3578038","name":"Saint Peters","asciiname":"Saint Peters","alternatenames":["Saint Peter's Village"],"latitude":"16.7727","longitude":"-62.21729","feature_class":"P","feature_code":"PPLA","country_code":"MS","cc2":"","admin1_code":"03","admin2_code":"","admin3_code":"","admin4_code":"","population":"0","elevation":"","dem":"67","timezone":"America/Montserrat","modification_date":"2013-07-04"},{"geonameid":"3578069","name":"Plymouth","asciiname":"Plymouth","alternatenames":["Gorad Plimut","Plimut","Plimutas","Plimuto","Plymouth","Plymouth pa Montserrat","Plymouth på Montserrat","blymwth  mwntsyrat","peullimeoseu","phli math","plymwt","pu li mao si","purimasu","Горад Плімут","Плимут","Плимът","Плімут","פלימות","بليموث، مونتسيرات","پلایماؤت، مانٹسریٹ","พลิมัท","პლიმუთი","プリマス","普利茅斯","플리머스"],"latitude":"16.70555","longitude":"-62.21292","feature_class":"P","feature_code":"PPLC","country_code":"MS","cc2":"","admin1_code":"01","admin2_code":"","admin3_code":"","admin4_code":"","population":"0","elevation":"","dem":"77","timezone":"America/Montserrat","modification_date":"2010-07-21"},{"geonameid":"7266440","name":"Brades","asciiname":"Brades","alternatenames":["Brades Estate"],"latitude":"16.79183","longitude":"-62.21058","feature_class":"P","feature_code":"PPLG","country_code":"MS","cc2":"","admin1_code":"03","admin2_code":"","admin3_code":"","admin4_code":"","population":"1000","elevation":"","dem":"52","timezone":"America/Montserrat","modification_date":"2013-08-17"},{"geonameid":"3578038","name":"Saint Peters","asciiname":"Saint Peters","alternatenames":["Saint Peter's Village"],"latitude":"16.7727","longitude":"-62.21729","feature_class":"P","feature_code":"PPLA","country_code":"MS","cc2":"","admin1_code":"03","admin2_code":"","admin3_code":"","admin4_code":"","population":"0","elevation":"","dem":"67","timezone":"America/Montserrat","modification_date":"2013-07-04"},{"geonameid":"3578069","name":"Plymouth","asciiname":"Plymouth","alternatenames":["Gorad Plimut","Plimut","Plimutas","Plimuto","Plymouth","Plymouth pa Montserrat","Plymouth på Montserrat","blymwth  mwntsyrat","peullimeoseu","phli math","plymwt","pu li mao si","purimasu","Горад Плімут","Плимут","Плимът","Плімут","פלימות","بليموث، مونتسيرات","پلایماؤت، مانٹسریٹ","พลิมัท","პლიმუთი","プリマス","普利茅斯","플리머스"],"latitude":"16.70555","longitude":"-62.21292","feature_class":"P","feature_code":"PPLC","country_code":"MS","cc2":"","admin1_code":"01","admin2_code":"","admin3_code":"","admin4_code":"","population":"0","elevation":"","dem":"77","timezone":"America/Montserrat","modification_date":"2010-07-21"},{"geonameid":"7266440","name":"Brades","asciiname":"Brades","alternatenames":["Brades Estate"],"latitude":"16.79183","longitude":"-62.21058","feature_class":"P","feature_code":"PPLG","country_code":"MS","cc2":"","admin1_code":"03","admin2_code":"","admin3_code":"","admin4_code":"","population":"1000","elevation":"","dem":"52","timezone":"America/Montserrat","modification_date":"2013-08-17"},{"geonameid":"3578069","name":"Plymouth","asciiname":"Plymouth","alternatenames":["Gorad Plimut","Plimut","Plimutas","Plimuto","Plymouth","Plymouth pa Montserrat","Plymouth på Montserrat","blymwth  mwntsyrat","peullimeoseu","phli math","plymwt","pu li mao si","purimasu","Горад Плімут","Плимут","Плимът","Плімут","פלימות","بليموث، مونتسيرات","پلایماؤت، مانٹسریٹ","พลิมัท","პლიმუთი","プリマス","普利茅斯","플리머스"],"latitude":"16.70555","longitude":"-62.21292","feature_class":"P","feature_code":"PPLC","country_code":"MS","cc2":"","admin1_code":"01","admin2_code":"","admin3_code":"","admin4_code":"","population":"0","elevation":"","dem":"77","timezone":"America/Montserrat","modification_date":"2010-07-21"},{"geonameid":"7266440","name":"Brades","asciiname":"Brades","alternatenames":["Brades Estate"],"latitude":"16.79183","longitude":"-62.21058","feature_class":"P","feature_code":"PPLG","country_code":"MS","cc2":"","admin1_code":"03","admin2_code":"","admin3_code":"","admin4_code":"","population":"1000","elevation":"","dem":"52","timezone":"America/Montserrat","modification_date":"2013-08-17"}]}