{"country_data":{"ISO":"MA","ISO3":"MAR","ISO_Numeric":"504","fips":"MO","country":"Morocco","capital":"Rabat","area":"446550","Population":"31627428","Continent":"AF","tld":".ma","CurrencyCode":"MAD","CurrencyName":"Dirham","Phone":"212","Postal_Code_Format":"#####","Postal_Code_Regex":"^(\\d{5})$","Languages":"ar-MA,fr","geonameid":"2542007","neighbours":"DZ,EH,ES","EquivalentFipsCode":""},"cities":[{"geonameid":"2526435","name":"Zaïo","asciiname":"Zaio","alternatenames":["Toumiat Zaio","Toumiat Zaïo","Tumiat","Tumiat Zaio","Zaio","Zaïo"],"latitude":"34.94282","longitude":"-2.7329","feature_class":"P","feature_code":"PPL","country_code":"MA","cc2":"","admin1_code":"54","admin2_code":"","admin3_code":"","admin4_code":"","population":"30008","elevation":"","dem":"198","timezone":"Africa/Casablanca","modification_date":"2012-01-19"},{"geonameid":"2526452","name":"Zagora","asciiname":"Zagora","alternatenames":["OZG","Zagora","Загора"],"latitude":"30.33241","longitude":"-5.8384","feature_class":"P","feature_code":"PPLA3","country_code":"MA","cc2":"","admin1_code":"55","admin2_code":"587","admin3_code":"0458701131","admin4_code":"","population":"35154","elevation":"","dem":"733","timezone":"Africa/Casablanca","modification_date":"2011-07-31"},{"geonameid":"2526488","name":"Youssoufia","asciiname":"Youssoufia","alternatenames":["Louis Gentil","Youssoufia"],"latitude":"32.24634","longitude":"-8.52941","feature_class":"P","feature_code":"PPLA3","country_code":"MA","cc2":"","admin1_code":"51","admin2_code":"431","admin3_code":"1143101131","admin4_code":"","population":"64910","elevation":"","dem":"302","timezone":"Africa/Casablanca","modification_date":"2011-07-31"},{"geonameid":"2527089","name":"Tiznit","asciiname":"Tiznit","alternatenames":["Tiznit","Тизнит"],"latitude":"29.69742","longitude":"-9.73162","feature_class":"P","feature_code":"PPLA3","country_code":"MA","cc2":"","admin1_code":"55","admin2_code":"581","admin3_code":"0458101071","admin4_code":"","population":"55092","elevation":"","dem":"240","timezone":"Africa/Casablanca","modification_date":"2011-07-31"},{"geonameid":"2527645","name":"Tirhanimîne","asciiname":"Tirhanimine","alternatenames":[""],"latitude":"35.23619","longitude":"-3.95453","feature_class":"P","feature_code":"PPL","country_code":"MA","cc2":"","admin1_code":"58","admin2_code":"","admin3_code":"","admin4_code":"","population":"55827","elevation":"","dem":"209","timezone":"Africa/Casablanca","modification_date":"2006-01-17"},{"geonameid":"2527915","name":"Tinghir","asciiname":"Tinghir","alternatenames":["Tineghir","Tinerhir","Tinghir","Tinrhir"],"latitude":"31.51472","longitude":"-5.53278","feature_class":"P","feature_code":"PPL","country_code":"MA","cc2":"","admin1_code":"55","admin2_code":"","admin3_code":"","admin4_code":"","population":"36795","elevation":"","dem":"1281","timezone":"Africa/Casablanca","modification_date":"2013-11-20"},{"geonameid":"2528659","name":"Tiflet","asciiname":"Tiflet","alternatenames":[""],"latitude":"33.89469","longitude":"-6.30649","feature_class":"P","feature_code":"PPLA3","country_code":"MA","cc2":"","admin1_code":"49","admin2_code":"291","admin3_code":"1029101051","admin4_code":"","population":"70010","elevation":"","dem":"340","timezone":"Africa/Casablanca","modification_date":"2011-07-31"},{"geonameid":"2528910","name":"Tétouan","asciiname":"Tetouan","alternatenames":["Tetouan","Tetuan","Tetuanas","Tetuano","Tetuao","Tetuán","Tetuão","Tétouan","de tu an","teto~uan","tetuan","ttwan","Τετουάν","Тетуан","Тетуан қаласы","תטואן","تطوان","თეტუანი","テトゥアン","得土安","테투안"],"latitude":"35.57845","longitude":"-5.36837","feature_class":"P","feature_code":"PPL","country_code":"MA","cc2":"","admin1_code":"57","admin2_code":"","admin3_code":"","admin4_code":"","population":"326261","elevation":"","dem":"121","timezone":"Africa/Casablanca","modification_date":"2012-04-05"},{"geonameid":"2529317","name":"Taza","asciiname":"Taza","alternatenames":["Taza","ta zha","tazh","tazt","Таза","Таза қаласы","תאזה","تازة","تازه","塔扎"],"latitude":"34.21","longitude":"-4.01","feature_class":"P","feature_code":"PPLA2","country_code":"MA","cc2":"","admin1_code":"58","admin2_code":"561","admin3_code":"1556101111","admin4_code":"","population":"141890","elevation":"","dem":"530","timezone":"Africa/Casablanca","modification_date":"2011-01-20"},{"geonameid":"2529649","name":"Taroudant","asciiname":"Taroudant","alternatenames":["Taroudant","Tarudant","Тарудант"],"latitude":"30.47028","longitude":"-8.87695","feature_class":"P","feature_code":"PPLA3","country_code":"MA","cc2":"","admin1_code":"55","admin2_code":"541","admin3_code":"0454101131","admin4_code":"","population":"71133","elevation":"","dem":"237","timezone":"Africa/Casablanca","modification_date":"2011-07-31"},{"geonameid":"2529923","name":"Tarfaya","asciiname":"Tarfaya","alternatenames":["Cabo Juby","Cabo Yubi","Cap Juby","Talfaia","Tarfaia","Tarfaya","Villa Bens"],"latitude":"27.9392","longitude":"-12.92604","feature_class":"P","feature_code":"PPL","country_code":"MA","cc2":"","admin1_code":"59","admin2_code":"","admin3_code":"","admin4_code":"","population":"5615","elevation":"","dem":"5","timezone":"Africa/Casablanca","modification_date":"2014-10-16"},{"geonameid":"2530048","name":"Taourirt","asciiname":"Taourirt","alternatenames":[""],"latitude":"34.40731","longitude":"-2.89732","feature_class":"P","feature_code":"PPLA3","country_code":"MA","cc2":"","admin1_code":"54","admin2_code":"533","admin3_code":"0853301331","admin4_code":"","population":"82518","elevation":"","dem":"394","timezone":"Africa/Casablanca","modification_date":"2011-07-31"},{"geonameid":"2530155","name":"Taounate","asciiname":"Taounate","alternatenames":["Taounat","Taounate","Taunat","Tawnat","Таунат"],"latitude":"34.53661","longitude":"-4.64009","feature_class":"P","feature_code":"PPLA3","country_code":"MA","cc2":"","admin1_code":"58","admin2_code":"531","admin3_code":"1553101051","admin4_code":"","population":"32802","elevation":"","dem":"600","timezone":"Africa/Casablanca","modification_date":"2012-06-05"},{"geonameid":"2530241","name":"Tan-Tan","asciiname":"Tan-Tan","alternatenames":["TTA","Tan-Tan","tantan","Тан-Тан","طانطان"],"latitude":"28.43799","longitude":"-11.10321","feature_class":"P","feature_code":"PPL","country_code":"MA","cc2":"","admin1_code":"53","admin2_code":"","admin3_code":"","admin4_code":"","population":"61924","elevation":"","dem":"45","timezone":"Africa/Casablanca","modification_date":"2012-01-19"},{"geonameid":"2530335","name":"Tangier","asciiname":"Tangier","alternatenames":["TNG","Tanger","Tangeri","Tangero","Tangier","Tangiers","Tanzher","Tanĝero","Tingis","Tànger","Tánger","Tânger","tan ji ya","tnjt","Тангер","Танжер","طنجة","坦幾亞"],"latitude":"35.76727","longitude":"-5.79975","feature_class":"P","feature_code":"PPLA","country_code":"MA","cc2":"","admin1_code":"57","admin2_code":"511","admin3_code":"1651101071","admin4_code":"","population":"688356","elevation":"","dem":"20","timezone":"Africa/Casablanca","modification_date":"2013-10-30"},{"geonameid":"2531480","name":"Tahala","asciiname":"Tahala","alternatenames":["El Ayba Tahalla","Tahala"],"latitude":"34.04845","longitude":"-4.42795","feature_class":"P","feature_code":"PPL","country_code":"MA","cc2":"","admin1_code":"58","admin2_code":"","admin3_code":"","admin4_code":"","population":"25761","elevation":"","dem":"563","timezone":"Africa/Casablanca","modification_date":"2012-01-19"},{"geonameid":"2532394","name":"Souq Larb’a al Gharb","asciiname":"Souq Larb'a al Gharb","alternatenames":["El Arba du Gharb","El Arba du Rharb","El Arbaa du Rharb","El Arboa du Rharb","Souk-el-Arba-du-Gharb","Souq Larb'a al Gharb","Souq Larb’a al Gharb"],"latitude":"34.68664","longitude":"-6.00272","feature_class":"P","feature_code":"PPL","country_code":"MA","cc2":"","admin1_code":"52","admin2_code":"","admin3_code":"","admin4_code":"","population":"44059","elevation":"","dem":"37","timezone":"Africa/Casablanca","modification_date":"2012-01-19"},{"geonameid":"2532822","name":"Sidi Yahia el Gharb","asciiname":"Sidi Yahia el Gharb","alternatenames":["Sidi Yahia al Gharb","Sidi Yahia del Garb","Sidi Yahia el Gharb","Sidi Yahia el Rharb","Sidi Yahya du Rharb","Sidi Yanya du Rharb","Sidi Yaya du Rhanb","Sïdi Yaya du Rhanb"],"latitude":"34.30652","longitude":"-6.30618","feature_class":"P","feature_code":"PPL","country_code":"MA","cc2":"","admin1_code":"52","admin2_code":"","admin3_code":"","admin4_code":"","population":"32202","elevation":"","dem":"23","timezone":"Africa/Casablanca","modification_date":"2012-01-19"},{"geonameid":"2532945","name":"Sidi Slimane","asciiname":"Sidi Slimane","alternatenames":["Sidi Slamain","Sidi Sliman","Sidi Slimane","Sidi-Slimane","Сиди-Слимане"],"latitude":"34.26479","longitude":"-5.92598","feature_class":"P","feature_code":"PPLA3","country_code":"MA","cc2":"","admin1_code":"52","admin2_code":"281","admin3_code":"0528101071","admin4_code":"","population":"79437","elevation":"","dem":"37","timezone":"Africa/Casablanca","modification_date":"2011-07-31"},{"geonameid":"2533191","name":"Sidi Qacem","asciiname":"Sidi Qacem","alternatenames":["Petitjean","Pettijean","Sidi Kacem","Sidi Qacem","Sidi Qasim","Sīdī Qāsim","sdy qasm","سدي قاسم"],"latitude":"34.22149","longitude":"-5.70775","feature_class":"P","feature_code":"PPL","country_code":"MA","cc2":"","admin1_code":"52","admin2_code":"","admin3_code":"","admin4_code":"","population":"74755","elevation":"","dem":"83","timezone":"Africa/Casablanca","modification_date":"2012-01-19"},{"geonameid":"2534515","name":"Sidi Ifni","asciiname":"Sidi Ifni","alternatenames":["Ifni","SII","Sidi Ifni","Sidifni","sydy afny","Сиди Ифни","سيدي إفني"],"latitude":"29.37975","longitude":"-10.17299","feature_class":"P","feature_code":"PPLA3","country_code":"MA","cc2":"","admin1_code":"55","admin2_code":"581","admin3_code":"0458101031","admin4_code":"","population":"20000","elevation":"","dem":"44","timezone":"Africa/Casablanca","modification_date":"2011-07-31"},{"geonameid":"2536074","name":"Sidi Bennour","asciiname":"Sidi Bennour","alternatenames":[""],"latitude":"32.65236","longitude":"-8.42769","feature_class":"P","feature_code":"PPLA3","country_code":"MA","cc2":"","admin1_code":"51","admin2_code":"181","admin3_code":"1118101071","admin4_code":"","population":"40044","elevation":"","dem":"182","timezone":"Africa/Casablanca","modification_date":"2011-07-31"},{"geonameid":"2537406","name":"Settat","asciiname":"Settat","alternatenames":["Settat","stat","Сеттат","سطات"],"latitude":"33.00103","longitude":"-7.61662","feature_class":"P","feature_code":"PPLA","country_code":"MA","cc2":"","admin1_code":"50","admin2_code":"461","admin3_code":"0646101151","admin4_code":"","population":"119082","elevation":"","dem":"365","timezone":"Africa/Casablanca","modification_date":"2012-06-05"},{"geonameid":"2537545","name":"Sefrou","asciiname":"Sefrou","alternatenames":["Sefrou","Sefru","Sefrú"],"latitude":"33.83186","longitude":"-4.828","feature_class":"P","feature_code":"PPLA3","country_code":"MA","cc2":"","admin1_code":"46","admin2_code":"451","admin3_code":"1445101091","admin4_code":"","population":"65150","elevation":"","dem":"809","timezone":"Africa/Casablanca","modification_date":"2011-07-31"},{"geonameid":"2537763","name":"Sale","asciiname":"Sale","alternatenames":["Sala","Sale","Sali","Sallee","Salé","Sla","Slà","sla","Сале","سلا"],"latitude":"34.0531","longitude":"-6.79846","feature_class":"P","feature_code":"PPL","country_code":"MA","cc2":"","admin1_code":"49","admin2_code":"","admin3_code":"","admin4_code":"","population":"903485","elevation":"","dem":"34","timezone":"Africa/Casablanca","modification_date":"2014-10-15"},{"geonameid":"2537881","name":"Safi","asciiname":"Safi","alternatenames":["Asafi","Asfi","Gorad Safi","Safi","Safim","Safí","Sáfí","asfy","sa fei","safi","sapi","Горад Сафі","Сафи","Սաֆի","סאפי","آسفي","اسفی","საფი","サフィ","薩非","사피"],"latitude":"32.29939","longitude":"-9.23718","feature_class":"P","feature_code":"PPLA","country_code":"MA","cc2":"","admin1_code":"51","admin2_code":"431","admin3_code":"1143101031","admin4_code":"","population":"288163","elevation":"","dem":"45","timezone":"Africa/Casablanca","modification_date":"2014-10-15"},{"geonameid":"2538475","name":"Rabat","asciiname":"Rabat","alternatenames":["Gorad Rabat","RBA","Raba","Rabat","Rabata","Rabatas","Rabato","Rabāt","Rabāta","Rampat","Rbat","Rbaṭ","alrbat","la ba te","labateu","raba t","rabat","rabata","rabato","rabota","rapat","rbat","Ραμπάτ","Горад Рабат","Рабат","Ռաբաթ","ראבאט","רבאט","الرباط","رابات","ربات","رباط","ڕەبات","रबात","রাবাত","ਰਬਾਤ","ରବୋଟ","ரபாத்","ราบัต","ར་བ་ཐ།","ར་བ་ཐེ།","რაბატი","ራባት","ラバト","拉巴特","라바트"],"latitude":"34.01325","longitude":"-6.83255","feature_class":"P","feature_code":"PPLC","country_code":"MA","cc2":"","admin1_code":"49","admin2_code":"421","admin3_code":"","admin4_code":"","population":"1655753","elevation":"","dem":"46","timezone":"Africa/Casablanca","modification_date":"2010-08-03"},{"geonameid":"2539134","name":"Oulad Teïma","asciiname":"Oulad Teima","alternatenames":["Oulad Teima","Oulad Teïma","Ouled Teima"],"latitude":"30.39467","longitude":"-9.20897","feature_class":"P","feature_code":"PPL","country_code":"MA","cc2":"","admin1_code":"55","admin2_code":"","admin3_code":"","admin4_code":"","population":"66832","elevation":"","dem":"129","timezone":"Africa/Casablanca","modification_date":"2012-01-19"},{"geonameid":"2540483","name":"Oujda","asciiname":"Oujda","alternatenames":["OUD","Oudja","Oudjda","Ouja","Oujda","Uchda","Udzda","Udzhda","Udžda","Uhda","Ujda","Uĥda","Wadzda","Wadżda","Wejda","ujida","wgdh","wjdh","wjdt","wu ji da","Уджда","Уджда қаласы","Уџда","וגדה","وجدة","وجده","ウジダ","乌季达","우지다"],"latitude":"34.68053","longitude":"-1.90764","feature_class":"P","feature_code":"PPLA","country_code":"MA","cc2":"","admin1_code":"54","admin2_code":"411","admin3_code":"0841101231","admin4_code":"","population":"405253","elevation":"","dem":"551","timezone":"Africa/Casablanca","modification_date":"2012-01-19"},{"geonameid":"2540689","name":"Oued Zem","asciiname":"Oued Zem","alternatenames":[""],"latitude":"32.8627","longitude":"-6.57359","feature_class":"P","feature_code":"PPLA3","country_code":"MA","cc2":"","admin1_code":"50","admin2_code":"311","admin3_code":"0631101091","admin4_code":"","population":"84910","elevation":"","dem":"783","timezone":"Africa/Casablanca","modification_date":"2011-07-31"},{"geonameid":"2540810","name":"Ouazzane","asciiname":"Ouazzane","alternatenames":["Ouazzane","Quazzane","Uazan","Uazán","Wazzan"],"latitude":"34.79711","longitude":"-5.58224","feature_class":"P","feature_code":"PPL","country_code":"MA","cc2":"","admin1_code":"52","admin2_code":"","admin3_code":"","admin4_code":"","population":"58684","elevation":"","dem":"306","timezone":"Africa/Casablanca","modification_date":"2012-01-19"},{"geonameid":"2540850","name":"Ouarzazat","asciiname":"Ouarzazat","alternatenames":["OZZ","Ouarzazat","Ouarzazate","Ouarzazte","Ouorzazate","Uarzazatas","Varzazat","Warzazat","Warzāzāt","wrzazat","wrzzat","Варзазат","ورزازات","ورززات"],"latitude":"30.91894","longitude":"-6.89341","feature_class":"P","feature_code":"PPL","country_code":"MA","cc2":"","admin1_code":"55","admin2_code":"401","admin3_code":"","admin4_code":"","population":"57245","elevation":"","dem":"1113","timezone":"Africa/Casablanca","modification_date":"2010-08-03"},{"geonameid":"2541210","name":"Nouaseur","asciiname":"Nouaseur","alternatenames":["Nouaceur","Nouaseur","Nwacer","Nwaçer"],"latitude":"33.3802","longitude":"-7.62105","feature_class":"P","feature_code":"PPL","country_code":"MA","cc2":"","admin1_code":"50","admin2_code":"","admin3_code":"","admin4_code":"","population":"12696","elevation":"","dem":"196","timezone":"Africa/Casablanca","modification_date":"2012-01-19"},{"geonameid":"2541479","name":"Nador","asciiname":"Nador","alternatenames":["NDR","Nador","Nadora","Nadoras","Nādora","Villa Nador","alnazwr","na zu er","nad xr","nazwr","Надор","الناظور","ناظور","นาดอร์","納祖爾"],"latitude":"35.16813","longitude":"-2.93352","feature_class":"P","feature_code":"PPLA3","country_code":"MA","cc2":"","admin1_code":"54","admin2_code":"381","admin3_code":"0838101051","admin4_code":"","population":"129260","elevation":"","dem":"19","timezone":"Africa/Casablanca","modification_date":"2012-04-05"},{"geonameid":"2542051","name":"Mohammedia","asciiname":"Mohammedia","alternatenames":["Al Muhammadiyah","Al Muḩammadīyah","Fadalah","Faḑālah","Fdala","Fedala","Fedalah","Fedhala","Mohammadia","Mohammedia","Mokhammedija","Sedala","alhrawyyn","Мохаммедия","الهراويين"],"latitude":"33.68607","longitude":"-7.38298","feature_class":"P","feature_code":"PPLA3","country_code":"MA","cc2":"","admin1_code":"45","admin2_code":"371","admin3_code":"0937101011","admin4_code":"","population":"187708","elevation":"","dem":"29","timezone":"Africa/Casablanca","modification_date":"2014-10-15"},{"geonameid":"2542227","name":"Midelt","asciiname":"Midelt","alternatenames":["Midelt"],"latitude":"32.6852","longitude":"-4.74512","feature_class":"P","feature_code":"PPLA3","country_code":"MA","cc2":"","admin1_code":"48","admin2_code":"301","admin3_code":"1330101031","admin4_code":"","population":"45159","elevation":"","dem":"1462","timezone":"Africa/Casablanca","modification_date":"2011-07-31"},{"geonameid":"2542715","name":"Meknès","asciiname":"Meknes","alternatenames":["Mekinez","Meknes","Meknès","mei ke nei si","mekunesu","mknas","mqns","Мекнес","מקנס","مكناس","مکناس","メクネス","梅克内斯"],"latitude":"33.89352","longitude":"-5.54727","feature_class":"P","feature_code":"PPLA","country_code":"MA","cc2":"","admin1_code":"48","admin2_code":"061","admin3_code":"1306101011","admin4_code":"","population":"545705","elevation":"","dem":"531","timezone":"Africa/Casablanca","modification_date":"2012-01-19"},{"geonameid":"2542866","name":"Mechrá Belqsiri","asciiname":"Mechra Belqsiri","alternatenames":["Ksiri","Mechra Belqsiri","Mechra al Ksiri","Mechra-bel-Kairi","Mechrá Belqsiri"],"latitude":"34.57395","longitude":"-5.95371","feature_class":"P","feature_code":"PPL","country_code":"MA","cc2":"","admin1_code":"52","admin2_code":"","admin3_code":"","admin4_code":"","population":"27802","elevation":"","dem":"20","timezone":"Africa/Casablanca","modification_date":"2012-01-19"},{"geonameid":"2542987","name":"Martil","asciiname":"Martil","alternatenames":["Martil","Rio Martin","Rio Martine","Río Martín","Wad Martin","Wād Martīn"],"latitude":"35.61662","longitude":"-5.27522","feature_class":"P","feature_code":"PPLA3","country_code":"MA","cc2":"","admin1_code":"57","admin2_code":"571","admin3_code":"1657101031","admin4_code":"","population":"39738","elevation":"","dem":"5","timezone":"Africa/Casablanca","modification_date":"2011-07-31"},{"geonameid":"2542997","name":"Marrakesh","asciiname":"Marrakesh","alternatenames":["Marakes","Marakesh","Marakeso","Marakeŝo","Marakeš","Maraksh","Marrakech","Marrakes","Marrakesch","Marrakesh","Marrakesz","Marraqueix","Marraquexe","Marràqueix","Marrákes","Marrákeš","Merrakex","Morocco City","RAK","ma la ke shen","marakeshu","mraksh","Маракеш","Марракеш","مراكش","マラケシュ","马拉喀什"],"latitude":"31.63416","longitude":"-7.99994","feature_class":"P","feature_code":"PPLA","country_code":"MA","cc2":"","admin1_code":"47","admin2_code":"351","admin3_code":"0735101071","admin4_code":"","population":"839296","elevation":"","dem":"457","timezone":"Africa/Casablanca","modification_date":"2015-06-03"},{"geonameid":"2543394","name":"Ifrane","asciiname":"Ifrane","alternatenames":["Ifran","Ifrane","Lfrane","Ифран"],"latitude":"31.70217","longitude":"-6.3494","feature_class":"P","feature_code":"PPL","country_code":"MA","cc2":"","admin1_code":"56","admin2_code":"","admin3_code":"","admin4_code":"","population":"13000","elevation":"","dem":"2019","timezone":"Africa/Casablanca","modification_date":"2012-01-19"},{"geonameid":"2543549","name":"Larache","asciiname":"Larache","alternatenames":["Al `Ara'ish","Al ‘Arā’īsh","Al-Araisz","El Aaraich","El Araish","Larache","Larasha","Laraxe","Lavache","Лараша","العرائش","عرائش"],"latitude":"35.19321","longitude":"-6.15572","feature_class":"P","feature_code":"PPLA3","country_code":"MA","cc2":"","admin1_code":"57","admin2_code":"331","admin3_code":"1633101031","admin4_code":"","population":"109294","elevation":"","dem":"38","timezone":"Africa/Casablanca","modification_date":"2014-10-15"},{"geonameid":"2544001","name":"Ksar el Kebir","asciiname":"Ksar el Kebir","alternatenames":["Alcazarquebir","Alcazarquivir","Alcazquivir","El Ksar El Kbir","El Ksar El Kebir","Ksar el Kebir"],"latitude":"35.00174","longitude":"-5.90534","feature_class":"P","feature_code":"PPL","country_code":"MA","cc2":"","admin1_code":"57","admin2_code":"","admin3_code":"","admin4_code":"","population":"108753","elevation":"","dem":"17","timezone":"Africa/Casablanca","modification_date":"2012-01-19"},{"geonameid":"2544248","name":"Khouribga","asciiname":"Khouribga","alternatenames":["Khouribga","Khouribja","Kouriga","Kourigha","khrybkt","خريبكة"],"latitude":"32.88108","longitude":"-6.9063","feature_class":"P","feature_code":"PPLA3","country_code":"MA","cc2":"","admin1_code":"50","admin2_code":"311","admin3_code":"0631101071","admin4_code":"","population":"167673","elevation":"","dem":"804","timezone":"Africa/Casablanca","modification_date":"2011-07-31"},{"geonameid":"2544333","name":"Khenifra","asciiname":"Khenifra","alternatenames":["Chenifra","Chunajfira","Jenifra","Khenifra","Khénifra","hai ni fu la","khnyfrh","khnyfrt","Хенифра","خنيفرة","خنیفره","海尼夫拉"],"latitude":"32.9391","longitude":"-5.6686","feature_class":"P","feature_code":"PPLA3","country_code":"MA","cc2":"","admin1_code":"48","admin2_code":"301","admin3_code":"1330101011","admin4_code":"","population":"73906","elevation":"","dem":"834","timezone":"Africa/Casablanca","modification_date":"2011-07-31"},{"geonameid":"2544571","name":"Kenitra","asciiname":"Kenitra","alternatenames":["Al Qunaytirah","Al Qunayţirah","Gorad Kenitra","Kenitra","Kenitro","Khenifra","Kénitra","Lyautey","Mina Hassan Tani","NNA","Port Laoti","Port-Lyautey","Ville de Kenitra","alqnytrt","gai ni te la","keniteula","kenitora","qnytrh","Горад Кенітра","Кенитра","Кенитра қаласы","אל-קניטרה","القنيطرة","قنیطره","კენიტრა","ケニトラ","蓋尼特拉","케니트라"],"latitude":"34.26101","longitude":"-6.5802","feature_class":"P","feature_code":"PPLA","country_code":"MA","cc2":"","admin1_code":"52","admin2_code":"281","admin3_code":"0528101011","admin4_code":"","population":"366570","elevation":"","dem":"13","timezone":"Africa/Casablanca","modification_date":"2012-01-19"},{"geonameid":"2544720","name":"Kasba Tadla","asciiname":"Kasba Tadla","alternatenames":["Kasba Tadla","Kasbah Tadla","Tadla"],"latitude":"32.5977","longitude":"-6.26844","feature_class":"P","feature_code":"PPLA3","country_code":"MA","cc2":"","admin1_code":"56","admin2_code":"091","admin3_code":"1209101071","admin4_code":"","population":"41199","elevation":"","dem":"499","timezone":"Africa/Casablanca","modification_date":"2011-07-31"},{"geonameid":"2545017","name":"Jerada","asciiname":"Jerada","alternatenames":["Djerada","Dzherada","Jerada","Джерада"],"latitude":"34.31","longitude":"-2.16","feature_class":"P","feature_code":"PPLA3","country_code":"MA","cc2":"","admin1_code":"54","admin2_code":"275","admin3_code":"0827501171","admin4_code":"","population":"43696","elevation":"","dem":"1045","timezone":"Africa/Casablanca","modification_date":"2011-07-31"},{"geonameid":"2545985","name":"Imzoûrene","asciiname":"Imzourene","alternatenames":["Ain Zoren","Aïn Zorèn","Im Zouren","Imzourene","Imzoûrene"],"latitude":"35.15","longitude":"-3.86","feature_class":"P","feature_code":"PPL","country_code":"MA","cc2":"","admin1_code":"58","admin2_code":"","admin3_code":"","admin4_code":"","population":"26650","elevation":"","dem":"93","timezone":"Africa/Casablanca","modification_date":"2010-08-10"},{"geonameid":"2548489","name":"Guercif","asciiname":"Guercif","alternatenames":["Garsif","Guercif"],"latitude":"34.22568","longitude":"-3.35361","feature_class":"P","feature_code":"PPLA3","country_code":"MA","cc2":"","admin1_code":"58","admin2_code":"561","admin3_code":"1556101031","admin4_code":"","population":"57544","elevation":"","dem":"367","timezone":"Africa/Casablanca","modification_date":"2011-07-31"},{"geonameid":"2548526","name":"Guelmim","asciiname":"Guelmim","alternatenames":["GLN","Goulimine","Guelmim","klmym","كلميم"],"latitude":"28.98696","longitude":"-10.05738","feature_class":"P","feature_code":"PPLA","country_code":"MA","cc2":"","admin1_code":"53","admin2_code":"261","admin3_code":"0326101031","admin4_code":"","population":"98229","elevation":"","dem":"301","timezone":"Africa/Casablanca","modification_date":"2015-01-19"},{"geonameid":"2548830","name":"Fkih Ben Salah","asciiname":"Fkih Ben Salah","alternatenames":[""],"latitude":"32.50093","longitude":"-6.69062","feature_class":"P","feature_code":"PPL","country_code":"MA","cc2":"","admin1_code":"56","admin2_code":"","admin3_code":"","admin4_code":"","population":"84072","elevation":"","dem":"444","timezone":"Africa/Casablanca","modification_date":"2006-01-27"},{"geonameid":"2548851","name":"Figuig (Centre)","asciiname":"Figuig (Centre)","alternatenames":["Figuiq"],"latitude":"32.10891","longitude":"-1.22855","feature_class":"P","feature_code":"PPL","country_code":"MA","cc2":"","admin1_code":"54","admin2_code":"","admin3_code":"","admin4_code":"","population":"12516","elevation":"","dem":"898","timezone":"Africa/Casablanca","modification_date":"2009-06-20"},{"geonameid":"2548885","name":"Fès","asciiname":"Fes","alternatenames":["FEZ","Fes","Fez","Fès","fas","fezu","Фес","فاس","フェズ"],"latitude":"34.03715","longitude":"-4.9998","feature_class":"P","feature_code":"PPLA","country_code":"MA","cc2":"","admin1_code":"46","admin2_code":"231","admin3_code":"1423101071","admin4_code":"","population":"964891","elevation":"","dem":"403","timezone":"Africa/Casablanca","modification_date":"2013-08-09"},{"geonameid":"2549263","name":"Essaouira","asciiname":"Essaouira","alternatenames":["Amogdul","As Suwayrah","As-Sawira","As-Sawíra","As-Shawirah","Aş Şuwayrah","ESU","Ehs-Suvejra","Ehssuehjra","Es Suira","Es-Suvejra","Esauira","Essaouira","Essauira","Magador","Medino de Esauiro","Medino de Esaŭiro","Mogadar","Mogador","Savira","Suira","Suvayr","Szavira","Szavíra","alswyrt","el-suvaira","esau-ila","essau~ira","suo wei la","swyrh","Ес-Сувейра","Эс-Сувейра","Эссуэйра","אסואירה","الصويرة","صویره","صویرہ","ელ-სუვაირა","エッサウィラ","索维拉","에사우이라"],"latitude":"31.5125","longitude":"-9.77","feature_class":"P","feature_code":"PPLA3","country_code":"MA","cc2":"","admin1_code":"47","admin2_code":"211","admin3_code":"0721101051","admin4_code":"","population":"70634","elevation":"","dem":"7","timezone":"Africa/Casablanca","modification_date":"2014-10-15"},{"geonameid":"2550078","name":"El Jadida","asciiname":"El Jadida","alternatenames":["Al Jadida","Al Yadida","Al-Djadida","Al-Dzadida","Al-Dżadida","Al-Džadída","Castilho Real","Dzadida","Džadida","Ehl'-Dzhadida","El Jadida","El-Jadida","El-Yadida","Gorad Ehl'-Dzhadzida","Mazagan","Mazagao","Mazaghan","Mazagão","Mazargan","aljdydh","aljdydt","el-jadida","eljadida","jie di dai","xel ca di da","Горад Эль-Джадзіда","Мазарґан","Эль-Джадида","אל-גדידה","الجديدة","الجدیده","الجدیدہ","เอลจะดีดา","ელ-ჯადიდა","アル・ジャディーダ","杰迪代","엘자디다"],"latitude":"33.25492","longitude":"-8.50602","feature_class":"P","feature_code":"PPL","country_code":"MA","cc2":"","admin1_code":"51","admin2_code":"181","admin3_code":"","admin4_code":"","population":"147549","elevation":"","dem":"10","timezone":"Africa/Casablanca","modification_date":"2014-10-15"},{"geonameid":"2550252","name":"El Hajeb","asciiname":"El Hajeb","alternatenames":[""],"latitude":"33.68786","longitude":"-5.371","feature_class":"P","feature_code":"PPLA3","country_code":"MA","cc2":"","admin1_code":"48","admin2_code":"171","admin3_code":"1317101051","admin4_code":"","population":"28126","elevation":"","dem":"1023","timezone":"Africa/Casablanca","modification_date":"2011-07-31"},{"geonameid":"2550806","name":"El Aïoun","asciiname":"El Aioun","alternatenames":["Aioun Sidi Mellouk","Al 'Youn","Al ’Youn","El Aioun","El Aioun Sidi Mellouk","El Aïoun","El Aïoun Sidi Mellouk"],"latitude":"34.58319","longitude":"-2.50612","feature_class":"P","feature_code":"PPL","country_code":"MA","cc2":"","admin1_code":"54","admin2_code":"","admin3_code":"","admin4_code":"","population":"35196","elevation":"","dem":"604","timezone":"Africa/Casablanca","modification_date":"2012-01-19"},{"geonameid":"2553455","name":"Chefchaouene","asciiname":"Chefchaouene","alternatenames":["Chaouen","Chaouèn","Chauen","Chechaouen","Chechaouene","Chechaouèn","Chefchaouen","Chefchaouene","Chichaouene","Ech Chaouene","Scheschauen","Shefshauen","Ville de Chechaouen","Ville de Chechaouèn","Xauen","Xexauen","shfshawn","Шефшауен","شفشاون"],"latitude":"35.16878","longitude":"-5.2636","feature_class":"P","feature_code":"PPL","country_code":"MA","cc2":"","admin1_code":"57","admin2_code":"","admin3_code":"","admin4_code":"","population":"36280","elevation":"","dem":"607","timezone":"Africa/Casablanca","modification_date":"2013-09-19"},{"geonameid":"2553604","name":"Casablanca","asciiname":"Casablanca","alternatenames":["Ad Dar al Bayda","Ad Dar al Bayda'","Ad Dār al Bayḑā’","Anafi","Anfa","CAS","Casa Branca","Casablanca","Casabranca","Dar-el-Beida","Darul Baidha","Ed Dar el Baida","Ed Dār el Baida","Gorad Kasablanka","Kasablank","Kasablanka","Kasablankae","Kazablanka","Kazablanko","Kazamplan'ka","White House","da er bei da","dar albydaʾ","ka sa bu lan ka","ka sab l xng ka","kacapilanka","kasabalanka","kasabeullangka","kasablanka","kasaburanka","kazablanka","qzblnqh","Καζαμπλάνκα","Горад Касабланка","Казабланка","Касабланкæ","Касабланка","Կասաբլանկա","קזבלנקה","الدار البيضاء","دار البیضاء","کازابلانکا","کاسابلانکا","कासाब्लांका","কাসাব্লাংকা","ਕਾਸਾਬਲਾਂਕਾ","காசாபிளாங்கா","కాసాబ్లాంకా","ಕಾಸಾಬ್ಲಾಂಕಾ","กาซาบล็องกา","ကာဆာဘလန်ကာမြို့","კასაბლანკა","カサブランカ","卡萨布兰卡","达尔贝达","카사블랑카"],"latitude":"33.58831","longitude":"-7.61138","feature_class":"P","feature_code":"PPLA","country_code":"MA","cc2":"","admin1_code":"45","admin2_code":"141","admin3_code":"","admin4_code":"","population":"3144909","elevation":"","dem":"27","timezone":"Africa/Casablanca","modification_date":"2015-06-03"},{"geonameid":"2553751","name":"Bouznika","asciiname":"Bouznika","alternatenames":["Bouzhika","Bouznika","Bouzniqa","Buznike","Kasba bou Znika","Бузнике"],"latitude":"33.78942","longitude":"-7.15968","feature_class":"P","feature_code":"PPLA3","country_code":"MA","cc2":"","admin1_code":"50","admin2_code":"111","admin3_code":"0611101031","admin4_code":"","population":"27283","elevation":"","dem":"43","timezone":"Africa/Casablanca","modification_date":"2011-07-31"},{"geonameid":"2555467","name":"Berkane","asciiname":"Berkane","alternatenames":["Berkan","Berkane","Berkawe","Berkán","brkan","بركان"],"latitude":"34.92","longitude":"-2.32","feature_class":"P","feature_code":"PPLA3","country_code":"MA","cc2":"","admin1_code":"54","admin2_code":"113","admin3_code":"0811301091","admin4_code":"","population":"80721","elevation":"","dem":"173","timezone":"Africa/Casablanca","modification_date":"2011-07-31"},{"geonameid":"2555745","name":"Beni Mellal","asciiname":"Beni Mellal","alternatenames":["Beni Mellal","Beni-Mellal'","Beni-Mellal-Centre","bny mlal","Бени-Меллаль","بني ملال"],"latitude":"32.33725","longitude":"-6.34983","feature_class":"P","feature_code":"PPLA","country_code":"MA","cc2":"","admin1_code":"56","admin2_code":"091","admin3_code":"1209109012","admin4_code":"","population":"166399","elevation":"","dem":"538","timezone":"Africa/Casablanca","modification_date":"2012-01-19"},{"geonameid":"2556272","name":"Berrechid","asciiname":"Berrechid","alternatenames":["Barrechid","Berrechid","Bev-rechid"],"latitude":"33.26553","longitude":"-7.58754","feature_class":"P","feature_code":"PPLA3","country_code":"MA","cc2":"","admin1_code":"50","admin2_code":"461","admin3_code":"0646101031","admin4_code":"","population":"93954","elevation":"","dem":"220","timezone":"Africa/Casablanca","modification_date":"2011-07-31"},{"geonameid":"2556464","name":"Azrou","asciiname":"Azrou","alternatenames":["Azrou"],"latitude":"33.43443","longitude":"-5.22126","feature_class":"P","feature_code":"PPLA3","country_code":"MA","cc2":"","admin1_code":"48","admin2_code":"271","admin3_code":"1327101011","admin4_code":"","population":"48249","elevation":"","dem":"1277","timezone":"Africa/Casablanca","modification_date":"2011-07-31"},{"geonameid":"2556657","name":"Azemmour","asciiname":"Azemmour","alternatenames":["Azamor","Azemmour","Azimur","Azzegour"],"latitude":"33.28952","longitude":"-8.3425","feature_class":"P","feature_code":"PPLA3","country_code":"MA","cc2":"","admin1_code":"51","admin2_code":"181","admin3_code":"1118101011","admin4_code":"","population":"37140","elevation":"","dem":"28","timezone":"Africa/Casablanca","modification_date":"2014-10-15"},{"geonameid":"2557055","name":"Asilah","asciiname":"Asilah","alternatenames":["Arcila","Arcilas","Arsila","Arzila","Arzilah","Arzīlah","Asila","Asilah","Asilakh","Augusta Zilil","Aṣīla","Colonia Augusti Iulia Constantia Zilil","Ville d'Arcila","Ville d’Arcila","asylt","sylt","Асила","Асилах","أصيلة","صيلة"],"latitude":"35.46522","longitude":"-6.03415","feature_class":"P","feature_code":"PPL","country_code":"MA","cc2":"","admin1_code":"57","admin2_code":"","admin3_code":"","admin4_code":"","population":"28861","elevation":"","dem":"17","timezone":"Africa/Casablanca","modification_date":"2013-09-19"},{"geonameid":"2558470","name":"Khemisset","asciiname":"Khemisset","alternatenames":["Al Khmissat","Khemisset","Kimisset"],"latitude":"33.82404","longitude":"-6.06627","feature_class":"P","feature_code":"PPLA3","country_code":"MA","cc2":"","admin1_code":"49","admin2_code":"291","admin3_code":"1029101011","admin4_code":"","population":"106991","elevation":"","dem":"451","timezone":"Africa/Casablanca","modification_date":"2011-07-31"},{"geonameid":"2558545","name":"Al Hoceïma","asciiname":"Al Hoceima","alternatenames":["A Hoseima","AHU","Al Hoceima","Al Hoceïma","Al Huceima","Al Husaymat","Al Ḩusaymāt","Al-Hoceima","Al-Husajma","Alhacemas","Alhucemas","Villa Alhucemas","Villa Sanjurjo","alhsymt","hsymh","الحسيمة","حسیمه"],"latitude":"35.25165","longitude":"-3.93723","feature_class":"P","feature_code":"PPLA","country_code":"MA","cc2":"","admin1_code":"58","admin2_code":"","admin3_code":"","admin4_code":"","population":"395644","elevation":"","dem":"74","timezone":"Africa/Casablanca","modification_date":"2013-08-04"},{"geonameid":"2561124","name":"Ahfir","asciiname":"Ahfir","alternatenames":["Ahfir","Martimprey du Kiss"],"latitude":"34.95368","longitude":"-2.10027","feature_class":"P","feature_code":"PPLA3","country_code":"MA","cc2":"","admin1_code":"54","admin2_code":"113","admin3_code":"0811301011","admin4_code":"","population":"19611","elevation":"","dem":"252","timezone":"Africa/Casablanca","modification_date":"2011-07-31"},{"geonameid":"2561668","name":"Agadir","asciiname":"Agadir","alternatenames":["AGA","Agadair","Agadir","Agadir - akadyr","Agadir - اكادير","Agadir Ighir","Agadiras","Irhir","Santa Cruz","a jia di er","agadileu","agadira","agadiru","agadyr","aghadyr","angadyr","Агадир","Агадир қаласы","Агадір","אגאדיר","أڭادير","اغادیر","اگادیر","अगादिर","アガディール","阿加迪尔","아가디르"],"latitude":"30.42018","longitude":"-9.59815","feature_class":"P","feature_code":"PPLA","country_code":"MA","cc2":"","admin1_code":"55","admin2_code":"001","admin3_code":"0400101011","admin4_code":"","population":"698310","elevation":"","dem":"31","timezone":"Africa/Casablanca","modification_date":"2014-10-15"},{"geonameid":"2562055","name":"Skhirat","asciiname":"Skhirat","alternatenames":["Ac Ckhirat","Aç Çkhirat","Kasba Skira","Minaret de Skhirat","Skhirat","Skhirate"],"latitude":"33.84984","longitude":"-7.04037","feature_class":"P","feature_code":"PPL","country_code":"MA","cc2":"","admin1_code":"49","admin2_code":"","admin3_code":"","admin4_code":"","population":"44850","elevation":"","dem":"50","timezone":"Africa/Casablanca","modification_date":"2012-01-19"},{"geonameid":"2565267","name":"Mhamid","asciiname":"Mhamid","alternatenames":["Mhamid","Mkhamid","Мхамид"],"latitude":"29.82","longitude":"-5.72","feature_class":"P","feature_code":"PPL","country_code":"MA","cc2":"","admin1_code":"55","admin2_code":"","admin3_code":"","admin4_code":"","population":"10000","elevation":"","dem":"550","timezone":"Africa/Casablanca","modification_date":"2012-01-19"},{"geonameid":"6546693","name":"Boujniba","asciiname":"Boujniba","alternatenames":["Boujniba","Boujniba (Commune Urbaine)","Boujniba (MU)","ابي الجعد (البلدية)"],"latitude":"32.90046","longitude":"-6.77464","feature_class":"P","feature_code":"PPL","country_code":"MA","cc2":"","admin1_code":"50","admin2_code":"311","admin3_code":"0631101031","admin4_code":"","population":"15041","elevation":"","dem":"847","timezone":"Africa/Casablanca","modification_date":"2011-05-17"},{"geonameid":"8542188","name":"Dakhla","asciiname":"Dakhla","alternatenames":["Dajla","Villa Cisneros","aldakhlt‎","الداخلة‎"],"latitude":"30.41071","longitude":"-9.55572","feature_class":"P","feature_code":"PPLX","country_code":"MA","cc2":"","admin1_code":"EH","admin2_code":"","admin3_code":"","admin4_code":"","population":"55618","elevation":"","dem":"83","timezone":"Africa/Casablanca","modification_date":"2013-07-10"},{"geonameid":"9645313","name":"Gueltat Zemmour","asciiname":"Gueltat Zemmour","alternatenames":[""],"latitude":"25.14276","longitude":"-12.37168","feature_class":"P","feature_code":"PPL","country_code":"MA","cc2":"","admin1_code":"59","admin2_code":"121","admin3_code":"0212103012","admin4_code":"","population":"6740","elevation":"","dem":"380","timezone":"Africa/Casablanca","modification_date":"2014-10-06"},{"geonameid":"2526435","name":"Zaïo","asciiname":"Zaio","alternatenames":["Toumiat Zaio","Toumiat Zaïo","Tumiat","Tumiat Zaio","Zaio","Zaïo"],"latitude":"34.94282","longitude":"-2.7329","feature_class":"P","feature_code":"PPL","country_code":"MA","cc2":"","admin1_code":"54","admin2_code":"","admin3_code":"","admin4_code":"","population":"30008","elevation":"","dem":"198","timezone":"Africa/Casablanca","modification_date":"2012-01-19"},{"geonameid":"2526452","name":"Zagora","asciiname":"Zagora","alternatenames":["OZG","Zagora","Загора"],"latitude":"30.33241","longitude":"-5.8384","feature_class":"P","feature_code":"PPLA3","country_code":"MA","cc2":"","admin1_code":"55","admin2_code":"587","admin3_code":"0458701131","admin4_code":"","population":"35154","elevation":"","dem":"733","timezone":"Africa/Casablanca","modification_date":"2011-07-31"},{"geonameid":"2526488","name":"Youssoufia","asciiname":"Youssoufia","alternatenames":["Louis Gentil","Youssoufia"],"latitude":"32.24634","longitude":"-8.52941","feature_class":"P","feature_code":"PPLA3","country_code":"MA","cc2":"","admin1_code":"51","admin2_code":"431","admin3_code":"1143101131","admin4_code":"","population":"64910","elevation":"","dem":"302","timezone":"Africa/Casablanca","modification_date":"2011-07-31"},{"geonameid":"2527089","name":"Tiznit","asciiname":"Tiznit","alternatenames":["Tiznit","Тизнит"],"latitude":"29.69742","longitude":"-9.73162","feature_class":"P","feature_code":"PPLA3","country_code":"MA","cc2":"","admin1_code":"55","admin2_code":"581","admin3_code":"0458101071","admin4_code":"","population":"55092","elevation":"","dem":"240","timezone":"Africa/Casablanca","modification_date":"2011-07-31"},{"geonameid":"2527645","name":"Tirhanimîne","asciiname":"Tirhanimine","alternatenames":[""],"latitude":"35.23619","longitude":"-3.95453","feature_class":"P","feature_code":"PPL","country_code":"MA","cc2":"","admin1_code":"58","admin2_code":"","admin3_code":"","admin4_code":"","population":"55827","elevation":"","dem":"209","timezone":"Africa/Casablanca","modification_date":"2006-01-17"},{"geonameid":"2527915","name":"Tinghir","asciiname":"Tinghir","alternatenames":["Tineghir","Tinerhir","Tinghir","Tinrhir"],"latitude":"31.51472","longitude":"-5.53278","feature_class":"P","feature_code":"PPL","country_code":"MA","cc2":"","admin1_code":"55","admin2_code":"","admin3_code":"","admin4_code":"","population":"36795","elevation":"","dem":"1281","timezone":"Africa/Casablanca","modification_date":"2013-11-20"},{"geonameid":"2528659","name":"Tiflet","asciiname":"Tiflet","alternatenames":[""],"latitude":"33.89469","longitude":"-6.30649","feature_class":"P","feature_code":"PPLA3","country_code":"MA","cc2":"","admin1_code":"49","admin2_code":"291","admin3_code":"1029101051","admin4_code":"","population":"70010","elevation":"","dem":"340","timezone":"Africa/Casablanca","modification_date":"2011-07-31"},{"geonameid":"2528910","name":"Tétouan","asciiname":"Tetouan","alternatenames":["Tetouan","Tetuan","Tetuanas","Tetuano","Tetuao","Tetuán","Tetuão","Tétouan","de tu an","teto~uan","tetuan","ttwan","Τετουάν","Тетуан","Тетуан қаласы","תטואן","تطوان","თეტუანი","テトゥアン","得土安","테투안"],"latitude":"35.57845","longitude":"-5.36837","feature_class":"P","feature_code":"PPL","country_code":"MA","cc2":"","admin1_code":"57","admin2_code":"","admin3_code":"","admin4_code":"","population":"326261","elevation":"","dem":"121","timezone":"Africa/Casablanca","modification_date":"2012-04-05"},{"geonameid":"2529317","name":"Taza","asciiname":"Taza","alternatenames":["Taza","ta zha","tazh","tazt","Таза","Таза қаласы","תאזה","تازة","تازه","塔扎"],"latitude":"34.21","longitude":"-4.01","feature_class":"P","feature_code":"PPLA2","country_code":"MA","cc2":"","admin1_code":"58","admin2_code":"561","admin3_code":"1556101111","admin4_code":"","population":"141890","elevation":"","dem":"530","timezone":"Africa/Casablanca","modification_date":"2011-01-20"},{"geonameid":"2529649","name":"Taroudant","asciiname":"Taroudant","alternatenames":["Taroudant","Tarudant","Тарудант"],"latitude":"30.47028","longitude":"-8.87695","feature_class":"P","feature_code":"PPLA3","country_code":"MA","cc2":"","admin1_code":"55","admin2_code":"541","admin3_code":"0454101131","admin4_code":"","population":"71133","elevation":"","dem":"237","timezone":"Africa/Casablanca","modification_date":"2011-07-31"},{"geonameid":"2530048","name":"Taourirt","asciiname":"Taourirt","alternatenames":[""],"latitude":"34.40731","longitude":"-2.89732","feature_class":"P","feature_code":"PPLA3","country_code":"MA","cc2":"","admin1_code":"54","admin2_code":"533","admin3_code":"0853301331","admin4_code":"","population":"82518","elevation":"","dem":"394","timezone":"Africa/Casablanca","modification_date":"2011-07-31"},{"geonameid":"2530155","name":"Taounate","asciiname":"Taounate","alternatenames":["Taounat","Taounate","Taunat","Tawnat","Таунат"],"latitude":"34.53661","longitude":"-4.64009","feature_class":"P","feature_code":"PPLA3","country_code":"MA","cc2":"","admin1_code":"58","admin2_code":"531","admin3_code":"1553101051","admin4_code":"","population":"32802","elevation":"","dem":"600","timezone":"Africa/Casablanca","modification_date":"2012-06-05"},{"geonameid":"2530241","name":"Tan-Tan","asciiname":"Tan-Tan","alternatenames":["TTA","Tan-Tan","tantan","Тан-Тан","طانطان"],"latitude":"28.43799","longitude":"-11.10321","feature_class":"P","feature_code":"PPL","country_code":"MA","cc2":"","admin1_code":"53","admin2_code":"","admin3_code":"","admin4_code":"","population":"61924","elevation":"","dem":"45","timezone":"Africa/Casablanca","modification_date":"2012-01-19"},{"geonameid":"2530335","name":"Tangier","asciiname":"Tangier","alternatenames":["TNG","Tanger","Tangeri","Tangero","Tangier","Tangiers","Tanzher","Tanĝero","Tingis","Tànger","Tánger","Tânger","tan ji ya","tnjt","Тангер","Танжер","طنجة","坦幾亞"],"latitude":"35.76727","longitude":"-5.79975","feature_class":"P","feature_code":"PPLA","country_code":"MA","cc2":"","admin1_code":"57","admin2_code":"511","admin3_code":"1651101071","admin4_code":"","population":"688356","elevation":"","dem":"20","timezone":"Africa/Casablanca","modification_date":"2013-10-30"},{"geonameid":"2531480","name":"Tahala","asciiname":"Tahala","alternatenames":["El Ayba Tahalla","Tahala"],"latitude":"34.04845","longitude":"-4.42795","feature_class":"P","feature_code":"PPL","country_code":"MA","cc2":"","admin1_code":"58","admin2_code":"","admin3_code":"","admin4_code":"","population":"25761","elevation":"","dem":"563","timezone":"Africa/Casablanca","modification_date":"2012-01-19"},{"geonameid":"2532394","name":"Souq Larb’a al Gharb","asciiname":"Souq Larb'a al Gharb","alternatenames":["El Arba du Gharb","El Arba du Rharb","El Arbaa du Rharb","El Arboa du Rharb","Souk-el-Arba-du-Gharb","Souq Larb'a al Gharb","Souq Larb’a al Gharb"],"latitude":"34.68664","longitude":"-6.00272","feature_class":"P","feature_code":"PPL","country_code":"MA","cc2":"","admin1_code":"52","admin2_code":"","admin3_code":"","admin4_code":"","population":"44059","elevation":"","dem":"37","timezone":"Africa/Casablanca","modification_date":"2012-01-19"},{"geonameid":"2532822","name":"Sidi Yahia el Gharb","asciiname":"Sidi Yahia el Gharb","alternatenames":["Sidi Yahia al Gharb","Sidi Yahia del Garb","Sidi Yahia el Gharb","Sidi Yahia el Rharb","Sidi Yahya du Rharb","Sidi Yanya du Rharb","Sidi Yaya du Rhanb","Sïdi Yaya du Rhanb"],"latitude":"34.30652","longitude":"-6.30618","feature_class":"P","feature_code":"PPL","country_code":"MA","cc2":"","admin1_code":"52","admin2_code":"","admin3_code":"","admin4_code":"","population":"32202","elevation":"","dem":"23","timezone":"Africa/Casablanca","modification_date":"2012-01-19"},{"geonameid":"2532945","name":"Sidi Slimane","asciiname":"Sidi Slimane","alternatenames":["Sidi Slamain","Sidi Sliman","Sidi Slimane","Sidi-Slimane","Сиди-Слимане"],"latitude":"34.26479","longitude":"-5.92598","feature_class":"P","feature_code":"PPLA3","country_code":"MA","cc2":"","admin1_code":"52","admin2_code":"281","admin3_code":"0528101071","admin4_code":"","population":"79437","elevation":"","dem":"37","timezone":"Africa/Casablanca","modification_date":"2011-07-31"},{"geonameid":"2533191","name":"Sidi Qacem","asciiname":"Sidi Qacem","alternatenames":["Petitjean","Pettijean","Sidi Kacem","Sidi Qacem","Sidi Qasim","Sīdī Qāsim","sdy qasm","سدي قاسم"],"latitude":"34.22149","longitude":"-5.70775","feature_class":"P","feature_code":"PPL","country_code":"MA","cc2":"","admin1_code":"52","admin2_code":"","admin3_code":"","admin4_code":"","population":"74755","elevation":"","dem":"83","timezone":"Africa/Casablanca","modification_date":"2012-01-19"},{"geonameid":"2534515","name":"Sidi Ifni","asciiname":"Sidi Ifni","alternatenames":["Ifni","SII","Sidi Ifni","Sidifni","sydy afny","Сиди Ифни","سيدي إفني"],"latitude":"29.37975","longitude":"-10.17299","feature_class":"P","feature_code":"PPLA3","country_code":"MA","cc2":"","admin1_code":"55","admin2_code":"581","admin3_code":"0458101031","admin4_code":"","population":"20000","elevation":"","dem":"44","timezone":"Africa/Casablanca","modification_date":"2011-07-31"},{"geonameid":"2536074","name":"Sidi Bennour","asciiname":"Sidi Bennour","alternatenames":[""],"latitude":"32.65236","longitude":"-8.42769","feature_class":"P","feature_code":"PPLA3","country_code":"MA","cc2":"","admin1_code":"51","admin2_code":"181","admin3_code":"1118101071","admin4_code":"","population":"40044","elevation":"","dem":"182","timezone":"Africa/Casablanca","modification_date":"2011-07-31"},{"geonameid":"2537406","name":"Settat","asciiname":"Settat","alternatenames":["Settat","stat","Сеттат","سطات"],"latitude":"33.00103","longitude":"-7.61662","feature_class":"P","feature_code":"PPLA","country_code":"MA","cc2":"","admin1_code":"50","admin2_code":"461","admin3_code":"0646101151","admin4_code":"","population":"119082","elevation":"","dem":"365","timezone":"Africa/Casablanca","modification_date":"2012-06-05"},{"geonameid":"2537545","name":"Sefrou","asciiname":"Sefrou","alternatenames":["Sefrou","Sefru","Sefrú"],"latitude":"33.83186","longitude":"-4.828","feature_class":"P","feature_code":"PPLA3","country_code":"MA","cc2":"","admin1_code":"46","admin2_code":"451","admin3_code":"1445101091","admin4_code":"","population":"65150","elevation":"","dem":"809","timezone":"Africa/Casablanca","modification_date":"2011-07-31"},{"geonameid":"2537763","name":"Sale","asciiname":"Sale","alternatenames":["Sala","Sale","Sali","Sallee","Salé","Sla","Slà","sla","Сале","سلا"],"latitude":"34.0531","longitude":"-6.79846","feature_class":"P","feature_code":"PPL","country_code":"MA","cc2":"","admin1_code":"49","admin2_code":"","admin3_code":"","admin4_code":"","population":"903485","elevation":"","dem":"34","timezone":"Africa/Casablanca","modification_date":"2014-10-15"},{"geonameid":"2537881","name":"Safi","asciiname":"Safi","alternatenames":["Asafi","Asfi","Gorad Safi","Safi","Safim","Safí","Sáfí","asfy","sa fei","safi","sapi","Горад Сафі","Сафи","Սաֆի","סאפי","آسفي","اسفی","საფი","サフィ","薩非","사피"],"latitude":"32.29939","longitude":"-9.23718","feature_class":"P","feature_code":"PPLA","country_code":"MA","cc2":"","admin1_code":"51","admin2_code":"431","admin3_code":"1143101031","admin4_code":"","population":"288163","elevation":"","dem":"45","timezone":"Africa/Casablanca","modification_date":"2014-10-15"},{"geonameid":"2538475","name":"Rabat","asciiname":"Rabat","alternatenames":["Gorad Rabat","RBA","Raba","Rabat","Rabata","Rabatas","Rabato","Rabāt","Rabāta","Rampat","Rbat","Rbaṭ","alrbat","la ba te","labateu","raba t","rabat","rabata","rabato","rabota","rapat","rbat","Ραμπάτ","Горад Рабат","Рабат","Ռաբաթ","ראבאט","רבאט","الرباط","رابات","ربات","رباط","ڕەبات","रबात","রাবাত","ਰਬਾਤ","ରବୋଟ","ரபாத்","ราบัต","ར་བ་ཐ།","ར་བ་ཐེ།","რაბატი","ራባት","ラバト","拉巴特","라바트"],"latitude":"34.01325","longitude":"-6.83255","feature_class":"P","feature_code":"PPLC","country_code":"MA","cc2":"","admin1_code":"49","admin2_code":"421","admin3_code":"","admin4_code":"","population":"1655753","elevation":"","dem":"46","timezone":"Africa/Casablanca","modification_date":"2010-08-03"},{"geonameid":"2539134","name":"Oulad Teïma","asciiname":"Oulad Teima","alternatenames":["Oulad Teima","Oulad Teïma","Ouled Teima"],"latitude":"30.39467","longitude":"-9.20897","feature_class":"P","feature_code":"PPL","country_code":"MA","cc2":"","admin1_code":"55","admin2_code":"","admin3_code":"","admin4_code":"","population":"66832","elevation":"","dem":"129","timezone":"Africa/Casablanca","modification_date":"2012-01-19"},{"geonameid":"2540483","name":"Oujda","asciiname":"Oujda","alternatenames":["OUD","Oudja","Oudjda","Ouja","Oujda","Uchda","Udzda","Udzhda","Udžda","Uhda","Ujda","Uĥda","Wadzda","Wadżda","Wejda","ujida","wgdh","wjdh","wjdt","wu ji da","Уджда","Уджда қаласы","Уџда","וגדה","وجدة","وجده","ウジダ","乌季达","우지다"],"latitude":"34.68053","longitude":"-1.90764","feature_class":"P","feature_code":"PPLA","country_code":"MA","cc2":"","admin1_code":"54","admin2_code":"411","admin3_code":"0841101231","admin4_code":"","population":"405253","elevation":"","dem":"551","timezone":"Africa/Casablanca","modification_date":"2012-01-19"},{"geonameid":"2540689","name":"Oued Zem","asciiname":"Oued Zem","alternatenames":[""],"latitude":"32.8627","longitude":"-6.57359","feature_class":"P","feature_code":"PPLA3","country_code":"MA","cc2":"","admin1_code":"50","admin2_code":"311","admin3_code":"0631101091","admin4_code":"","population":"84910","elevation":"","dem":"783","timezone":"Africa/Casablanca","modification_date":"2011-07-31"},{"geonameid":"2540810","name":"Ouazzane","asciiname":"Ouazzane","alternatenames":["Ouazzane","Quazzane","Uazan","Uazán","Wazzan"],"latitude":"34.79711","longitude":"-5.58224","feature_class":"P","feature_code":"PPL","country_code":"MA","cc2":"","admin1_code":"52","admin2_code":"","admin3_code":"","admin4_code":"","population":"58684","elevation":"","dem":"306","timezone":"Africa/Casablanca","modification_date":"2012-01-19"},{"geonameid":"2540850","name":"Ouarzazat","asciiname":"Ouarzazat","alternatenames":["OZZ","Ouarzazat","Ouarzazate","Ouarzazte","Ouorzazate","Uarzazatas","Varzazat","Warzazat","Warzāzāt","wrzazat","wrzzat","Варзазат","ورزازات","ورززات"],"latitude":"30.91894","longitude":"-6.89341","feature_class":"P","feature_code":"PPL","country_code":"MA","cc2":"","admin1_code":"55","admin2_code":"401","admin3_code":"","admin4_code":"","population":"57245","elevation":"","dem":"1113","timezone":"Africa/Casablanca","modification_date":"2010-08-03"},{"geonameid":"2541479","name":"Nador","asciiname":"Nador","alternatenames":["NDR","Nador","Nadora","Nadoras","Nādora","Villa Nador","alnazwr","na zu er","nad xr","nazwr","Надор","الناظور","ناظور","นาดอร์","納祖爾"],"latitude":"35.16813","longitude":"-2.93352","feature_class":"P","feature_code":"PPLA3","country_code":"MA","cc2":"","admin1_code":"54","admin2_code":"381","admin3_code":"0838101051","admin4_code":"","population":"129260","elevation":"","dem":"19","timezone":"Africa/Casablanca","modification_date":"2012-04-05"},{"geonameid":"2542051","name":"Mohammedia","asciiname":"Mohammedia","alternatenames":["Al Muhammadiyah","Al Muḩammadīyah","Fadalah","Faḑālah","Fdala","Fedala","Fedalah","Fedhala","Mohammadia","Mohammedia","Mokhammedija","Sedala","alhrawyyn","Мохаммедия","الهراويين"],"latitude":"33.68607","longitude":"-7.38298","feature_class":"P","feature_code":"PPLA3","country_code":"MA","cc2":"","admin1_code":"45","admin2_code":"371","admin3_code":"0937101011","admin4_code":"","population":"187708","elevation":"","dem":"29","timezone":"Africa/Casablanca","modification_date":"2014-10-15"},{"geonameid":"2542227","name":"Midelt","asciiname":"Midelt","alternatenames":["Midelt"],"latitude":"32.6852","longitude":"-4.74512","feature_class":"P","feature_code":"PPLA3","country_code":"MA","cc2":"","admin1_code":"48","admin2_code":"301","admin3_code":"1330101031","admin4_code":"","population":"45159","elevation":"","dem":"1462","timezone":"Africa/Casablanca","modification_date":"2011-07-31"},{"geonameid":"2542715","name":"Meknès","asciiname":"Meknes","alternatenames":["Mekinez","Meknes","Meknès","mei ke nei si","mekunesu","mknas","mqns","Мекнес","מקנס","مكناس","مکناس","メクネス","梅克内斯"],"latitude":"33.89352","longitude":"-5.54727","feature_class":"P","feature_code":"PPLA","country_code":"MA","cc2":"","admin1_code":"48","admin2_code":"061","admin3_code":"1306101011","admin4_code":"","population":"545705","elevation":"","dem":"531","timezone":"Africa/Casablanca","modification_date":"2012-01-19"},{"geonameid":"2542866","name":"Mechrá Belqsiri","asciiname":"Mechra Belqsiri","alternatenames":["Ksiri","Mechra Belqsiri","Mechra al Ksiri","Mechra-bel-Kairi","Mechrá Belqsiri"],"latitude":"34.57395","longitude":"-5.95371","feature_class":"P","feature_code":"PPL","country_code":"MA","cc2":"","admin1_code":"52","admin2_code":"","admin3_code":"","admin4_code":"","population":"27802","elevation":"","dem":"20","timezone":"Africa/Casablanca","modification_date":"2012-01-19"},{"geonameid":"2542987","name":"Martil","asciiname":"Martil","alternatenames":["Martil","Rio Martin","Rio Martine","Río Martín","Wad Martin","Wād Martīn"],"latitude":"35.61662","longitude":"-5.27522","feature_class":"P","feature_code":"PPLA3","country_code":"MA","cc2":"","admin1_code":"57","admin2_code":"571","admin3_code":"1657101031","admin4_code":"","population":"39738","elevation":"","dem":"5","timezone":"Africa/Casablanca","modification_date":"2011-07-31"},{"geonameid":"2542997","name":"Marrakesh","asciiname":"Marrakesh","alternatenames":["Marakes","Marakesh","Marakeso","Marakeŝo","Marakeš","Maraksh","Marrakech","Marrakes","Marrakesch","Marrakesh","Marrakesz","Marraqueix","Marraquexe","Marràqueix","Marrákes","Marrákeš","Merrakex","Morocco City","RAK","ma la ke shen","marakeshu","mraksh","Маракеш","Марракеш","مراكش","マラケシュ","马拉喀什"],"latitude":"31.63416","longitude":"-7.99994","feature_class":"P","feature_code":"PPLA","country_code":"MA","cc2":"","admin1_code":"47","admin2_code":"351","admin3_code":"0735101071","admin4_code":"","population":"839296","elevation":"","dem":"457","timezone":"Africa/Casablanca","modification_date":"2015-06-03"},{"geonameid":"2543549","name":"Larache","asciiname":"Larache","alternatenames":["Al `Ara'ish","Al ‘Arā’īsh","Al-Araisz","El Aaraich","El Araish","Larache","Larasha","Laraxe","Lavache","Лараша","العرائش","عرائش"],"latitude":"35.19321","longitude":"-6.15572","feature_class":"P","feature_code":"PPLA3","country_code":"MA","cc2":"","admin1_code":"57","admin2_code":"331","admin3_code":"1633101031","admin4_code":"","population":"109294","elevation":"","dem":"38","timezone":"Africa/Casablanca","modification_date":"2014-10-15"},{"geonameid":"2544001","name":"Ksar el Kebir","asciiname":"Ksar el Kebir","alternatenames":["Alcazarquebir","Alcazarquivir","Alcazquivir","El Ksar El Kbir","El Ksar El Kebir","Ksar el Kebir"],"latitude":"35.00174","longitude":"-5.90534","feature_class":"P","feature_code":"PPL","country_code":"MA","cc2":"","admin1_code":"57","admin2_code":"","admin3_code":"","admin4_code":"","population":"108753","elevation":"","dem":"17","timezone":"Africa/Casablanca","modification_date":"2012-01-19"},{"geonameid":"2544248","name":"Khouribga","asciiname":"Khouribga","alternatenames":["Khouribga","Khouribja","Kouriga","Kourigha","khrybkt","خريبكة"],"latitude":"32.88108","longitude":"-6.9063","feature_class":"P","feature_code":"PPLA3","country_code":"MA","cc2":"","admin1_code":"50","admin2_code":"311","admin3_code":"0631101071","admin4_code":"","population":"167673","elevation":"","dem":"804","timezone":"Africa/Casablanca","modification_date":"2011-07-31"},{"geonameid":"2544333","name":"Khenifra","asciiname":"Khenifra","alternatenames":["Chenifra","Chunajfira","Jenifra","Khenifra","Khénifra","hai ni fu la","khnyfrh","khnyfrt","Хенифра","خنيفرة","خنیفره","海尼夫拉"],"latitude":"32.9391","longitude":"-5.6686","feature_class":"P","feature_code":"PPLA3","country_code":"MA","cc2":"","admin1_code":"48","admin2_code":"301","admin3_code":"1330101011","admin4_code":"","population":"73906","elevation":"","dem":"834","timezone":"Africa/Casablanca","modification_date":"2011-07-31"},{"geonameid":"2544571","name":"Kenitra","asciiname":"Kenitra","alternatenames":["Al Qunaytirah","Al Qunayţirah","Gorad Kenitra","Kenitra","Kenitro","Khenifra","Kénitra","Lyautey","Mina Hassan Tani","NNA","Port Laoti","Port-Lyautey","Ville de Kenitra","alqnytrt","gai ni te la","keniteula","kenitora","qnytrh","Горад Кенітра","Кенитра","Кенитра қаласы","אל-קניטרה","القنيطرة","قنیطره","კენიტრა","ケニトラ","蓋尼特拉","케니트라"],"latitude":"34.26101","longitude":"-6.5802","feature_class":"P","feature_code":"PPLA","country_code":"MA","cc2":"","admin1_code":"52","admin2_code":"281","admin3_code":"0528101011","admin4_code":"","population":"366570","elevation":"","dem":"13","timezone":"Africa/Casablanca","modification_date":"2012-01-19"},{"geonameid":"2544720","name":"Kasba Tadla","asciiname":"Kasba Tadla","alternatenames":["Kasba Tadla","Kasbah Tadla","Tadla"],"latitude":"32.5977","longitude":"-6.26844","feature_class":"P","feature_code":"PPLA3","country_code":"MA","cc2":"","admin1_code":"56","admin2_code":"091","admin3_code":"1209101071","admin4_code":"","population":"41199","elevation":"","dem":"499","timezone":"Africa/Casablanca","modification_date":"2011-07-31"},{"geonameid":"2545017","name":"Jerada","asciiname":"Jerada","alternatenames":["Djerada","Dzherada","Jerada","Джерада"],"latitude":"34.31","longitude":"-2.16","feature_class":"P","feature_code":"PPLA3","country_code":"MA","cc2":"","admin1_code":"54","admin2_code":"275","admin3_code":"0827501171","admin4_code":"","population":"43696","elevation":"","dem":"1045","timezone":"Africa/Casablanca","modification_date":"2011-07-31"},{"geonameid":"2545985","name":"Imzoûrene","asciiname":"Imzourene","alternatenames":["Ain Zoren","Aïn Zorèn","Im Zouren","Imzourene","Imzoûrene"],"latitude":"35.15","longitude":"-3.86","feature_class":"P","feature_code":"PPL","country_code":"MA","cc2":"","admin1_code":"58","admin2_code":"","admin3_code":"","admin4_code":"","population":"26650","elevation":"","dem":"93","timezone":"Africa/Casablanca","modification_date":"2010-08-10"},{"geonameid":"2548489","name":"Guercif","asciiname":"Guercif","alternatenames":["Garsif","Guercif"],"latitude":"34.22568","longitude":"-3.35361","feature_class":"P","feature_code":"PPLA3","country_code":"MA","cc2":"","admin1_code":"58","admin2_code":"561","admin3_code":"1556101031","admin4_code":"","population":"57544","elevation":"","dem":"367","timezone":"Africa/Casablanca","modification_date":"2011-07-31"},{"geonameid":"2548526","name":"Guelmim","asciiname":"Guelmim","alternatenames":["GLN","Goulimine","Guelmim","klmym","كلميم"],"latitude":"28.98696","longitude":"-10.05738","feature_class":"P","feature_code":"PPLA","country_code":"MA","cc2":"","admin1_code":"53","admin2_code":"261","admin3_code":"0326101031","admin4_code":"","population":"98229","elevation":"","dem":"301","timezone":"Africa/Casablanca","modification_date":"2015-01-19"},{"geonameid":"2548830","name":"Fkih Ben Salah","asciiname":"Fkih Ben Salah","alternatenames":[""],"latitude":"32.50093","longitude":"-6.69062","feature_class":"P","feature_code":"PPL","country_code":"MA","cc2":"","admin1_code":"56","admin2_code":"","admin3_code":"","admin4_code":"","population":"84072","elevation":"","dem":"444","timezone":"Africa/Casablanca","modification_date":"2006-01-27"},{"geonameid":"2548885","name":"Fès","asciiname":"Fes","alternatenames":["FEZ","Fes","Fez","Fès","fas","fezu","Фес","فاس","フェズ"],"latitude":"34.03715","longitude":"-4.9998","feature_class":"P","feature_code":"PPLA","country_code":"MA","cc2":"","admin1_code":"46","admin2_code":"231","admin3_code":"1423101071","admin4_code":"","population":"964891","elevation":"","dem":"403","timezone":"Africa/Casablanca","modification_date":"2013-08-09"},{"geonameid":"2549263","name":"Essaouira","asciiname":"Essaouira","alternatenames":["Amogdul","As Suwayrah","As-Sawira","As-Sawíra","As-Shawirah","Aş Şuwayrah","ESU","Ehs-Suvejra","Ehssuehjra","Es Suira","Es-Suvejra","Esauira","Essaouira","Essauira","Magador","Medino de Esauiro","Medino de Esaŭiro","Mogadar","Mogador","Savira","Suira","Suvayr","Szavira","Szavíra","alswyrt","el-suvaira","esau-ila","essau~ira","suo wei la","swyrh","Ес-Сувейра","Эс-Сувейра","Эссуэйра","אסואירה","الصويرة","صویره","صویرہ","ელ-სუვაირა","エッサウィラ","索维拉","에사우이라"],"latitude":"31.5125","longitude":"-9.77","feature_class":"P","feature_code":"PPLA3","country_code":"MA","cc2":"","admin1_code":"47","admin2_code":"211","admin3_code":"0721101051","admin4_code":"","population":"70634","elevation":"","dem":"7","timezone":"Africa/Casablanca","modification_date":"2014-10-15"},{"geonameid":"2550078","name":"El Jadida","asciiname":"El Jadida","alternatenames":["Al Jadida","Al Yadida","Al-Djadida","Al-Dzadida","Al-Dżadida","Al-Džadída","Castilho Real","Dzadida","Džadida","Ehl'-Dzhadida","El Jadida","El-Jadida","El-Yadida","Gorad Ehl'-Dzhadzida","Mazagan","Mazagao","Mazaghan","Mazagão","Mazargan","aljdydh","aljdydt","el-jadida","eljadida","jie di dai","xel ca di da","Горад Эль-Джадзіда","Мазарґан","Эль-Джадида","אל-גדידה","الجديدة","الجدیده","الجدیدہ","เอลจะดีดา","ელ-ჯადიდა","アル・ジャディーダ","杰迪代","엘자디다"],"latitude":"33.25492","longitude":"-8.50602","feature_class":"P","feature_code":"PPL","country_code":"MA","cc2":"","admin1_code":"51","admin2_code":"181","admin3_code":"","admin4_code":"","population":"147549","elevation":"","dem":"10","timezone":"Africa/Casablanca","modification_date":"2014-10-15"},{"geonameid":"2550252","name":"El Hajeb","asciiname":"El Hajeb","alternatenames":[""],"latitude":"33.68786","longitude":"-5.371","feature_class":"P","feature_code":"PPLA3","country_code":"MA","cc2":"","admin1_code":"48","admin2_code":"171","admin3_code":"1317101051","admin4_code":"","population":"28126","elevation":"","dem":"1023","timezone":"Africa/Casablanca","modification_date":"2011-07-31"},{"geonameid":"2550806","name":"El Aïoun","asciiname":"El Aioun","alternatenames":["Aioun Sidi Mellouk","Al 'Youn","Al ’Youn","El Aioun","El Aioun Sidi Mellouk","El Aïoun","El Aïoun Sidi Mellouk"],"latitude":"34.58319","longitude":"-2.50612","feature_class":"P","feature_code":"PPL","country_code":"MA","cc2":"","admin1_code":"54","admin2_code":"","admin3_code":"","admin4_code":"","population":"35196","elevation":"","dem":"604","timezone":"Africa/Casablanca","modification_date":"2012-01-19"},{"geonameid":"2553455","name":"Chefchaouene","asciiname":"Chefchaouene","alternatenames":["Chaouen","Chaouèn","Chauen","Chechaouen","Chechaouene","Chechaouèn","Chefchaouen","Chefchaouene","Chichaouene","Ech Chaouene","Scheschauen","Shefshauen","Ville de Chechaouen","Ville de Chechaouèn","Xauen","Xexauen","shfshawn","Шефшауен","شفشاون"],"latitude":"35.16878","longitude":"-5.2636","feature_class":"P","feature_code":"PPL","country_code":"MA","cc2":"","admin1_code":"57","admin2_code":"","admin3_code":"","admin4_code":"","population":"36280","elevation":"","dem":"607","timezone":"Africa/Casablanca","modification_date":"2013-09-19"},{"geonameid":"2553604","name":"Casablanca","asciiname":"Casablanca","alternatenames":["Ad Dar al Bayda","Ad Dar al Bayda'","Ad Dār al Bayḑā’","Anafi","Anfa","CAS","Casa Branca","Casablanca","Casabranca","Dar-el-Beida","Darul Baidha","Ed Dar el Baida","Ed Dār el Baida","Gorad Kasablanka","Kasablank","Kasablanka","Kasablankae","Kazablanka","Kazablanko","Kazamplan'ka","White House","da er bei da","dar albydaʾ","ka sa bu lan ka","ka sab l xng ka","kacapilanka","kasabalanka","kasabeullangka","kasablanka","kasaburanka","kazablanka","qzblnqh","Καζαμπλάνκα","Горад Касабланка","Казабланка","Касабланкæ","Касабланка","Կասաբլանկա","קזבלנקה","الدار البيضاء","دار البیضاء","کازابلانکا","کاسابلانکا","कासाब्लांका","কাসাব্লাংকা","ਕਾਸਾਬਲਾਂਕਾ","காசாபிளாங்கா","కాసాబ్లాంకా","ಕಾಸಾಬ್ಲಾಂಕಾ","กาซาบล็องกา","ကာဆာဘလန်ကာမြို့","კასაბლანკა","カサブランカ","卡萨布兰卡","达尔贝达","카사블랑카"],"latitude":"33.58831","longitude":"-7.61138","feature_class":"P","feature_code":"PPLA","country_code":"MA","cc2":"","admin1_code":"45","admin2_code":"141","admin3_code":"","admin4_code":"","population":"3144909","elevation":"","dem":"27","timezone":"Africa/Casablanca","modification_date":"2015-06-03"},{"geonameid":"2553751","name":"Bouznika","asciiname":"Bouznika","alternatenames":["Bouzhika","Bouznika","Bouzniqa","Buznike","Kasba bou Znika","Бузнике"],"latitude":"33.78942","longitude":"-7.15968","feature_class":"P","feature_code":"PPLA3","country_code":"MA","cc2":"","admin1_code":"50","admin2_code":"111","admin3_code":"0611101031","admin4_code":"","population":"27283","elevation":"","dem":"43","timezone":"Africa/Casablanca","modification_date":"2011-07-31"},{"geonameid":"2555467","name":"Berkane","asciiname":"Berkane","alternatenames":["Berkan","Berkane","Berkawe","Berkán","brkan","بركان"],"latitude":"34.92","longitude":"-2.32","feature_class":"P","feature_code":"PPLA3","country_code":"MA","cc2":"","admin1_code":"54","admin2_code":"113","admin3_code":"0811301091","admin4_code":"","population":"80721","elevation":"","dem":"173","timezone":"Africa/Casablanca","modification_date":"2011-07-31"},{"geonameid":"2555745","name":"Beni Mellal","asciiname":"Beni Mellal","alternatenames":["Beni Mellal","Beni-Mellal'","Beni-Mellal-Centre","bny mlal","Бени-Меллаль","بني ملال"],"latitude":"32.33725","longitude":"-6.34983","feature_class":"P","feature_code":"PPLA","country_code":"MA","cc2":"","admin1_code":"56","admin2_code":"091","admin3_code":"1209109012","admin4_code":"","population":"166399","elevation":"","dem":"538","timezone":"Africa/Casablanca","modification_date":"2012-01-19"},{"geonameid":"2556272","name":"Berrechid","asciiname":"Berrechid","alternatenames":["Barrechid","Berrechid","Bev-rechid"],"latitude":"33.26553","longitude":"-7.58754","feature_class":"P","feature_code":"PPLA3","country_code":"MA","cc2":"","admin1_code":"50","admin2_code":"461","admin3_code":"0646101031","admin4_code":"","population":"93954","elevation":"","dem":"220","timezone":"Africa/Casablanca","modification_date":"2011-07-31"},{"geonameid":"2556464","name":"Azrou","asciiname":"Azrou","alternatenames":["Azrou"],"latitude":"33.43443","longitude":"-5.22126","feature_class":"P","feature_code":"PPLA3","country_code":"MA","cc2":"","admin1_code":"48","admin2_code":"271","admin3_code":"1327101011","admin4_code":"","population":"48249","elevation":"","dem":"1277","timezone":"Africa/Casablanca","modification_date":"2011-07-31"},{"geonameid":"2556657","name":"Azemmour","asciiname":"Azemmour","alternatenames":["Azamor","Azemmour","Azimur","Azzegour"],"latitude":"33.28952","longitude":"-8.3425","feature_class":"P","feature_code":"PPLA3","country_code":"MA","cc2":"","admin1_code":"51","admin2_code":"181","admin3_code":"1118101011","admin4_code":"","population":"37140","elevation":"","dem":"28","timezone":"Africa/Casablanca","modification_date":"2014-10-15"},{"geonameid":"2557055","name":"Asilah","asciiname":"Asilah","alternatenames":["Arcila","Arcilas","Arsila","Arzila","Arzilah","Arzīlah","Asila","Asilah","Asilakh","Augusta Zilil","Aṣīla","Colonia Augusti Iulia Constantia Zilil","Ville d'Arcila","Ville d’Arcila","asylt","sylt","Асила","Асилах","أصيلة","صيلة"],"latitude":"35.46522","longitude":"-6.03415","feature_class":"P","feature_code":"PPL","country_code":"MA","cc2":"","admin1_code":"57","admin2_code":"","admin3_code":"","admin4_code":"","population":"28861","elevation":"","dem":"17","timezone":"Africa/Casablanca","modification_date":"2013-09-19"},{"geonameid":"2558470","name":"Khemisset","asciiname":"Khemisset","alternatenames":["Al Khmissat","Khemisset","Kimisset"],"latitude":"33.82404","longitude":"-6.06627","feature_class":"P","feature_code":"PPLA3","country_code":"MA","cc2":"","admin1_code":"49","admin2_code":"291","admin3_code":"1029101011","admin4_code":"","population":"106991","elevation":"","dem":"451","timezone":"Africa/Casablanca","modification_date":"2011-07-31"},{"geonameid":"2558545","name":"Al Hoceïma","asciiname":"Al Hoceima","alternatenames":["A Hoseima","AHU","Al Hoceima","Al Hoceïma","Al Huceima","Al Husaymat","Al Ḩusaymāt","Al-Hoceima","Al-Husajma","Alhacemas","Alhucemas","Villa Alhucemas","Villa Sanjurjo","alhsymt","hsymh","الحسيمة","حسیمه"],"latitude":"35.25165","longitude":"-3.93723","feature_class":"P","feature_code":"PPLA","country_code":"MA","cc2":"","admin1_code":"58","admin2_code":"","admin3_code":"","admin4_code":"","population":"395644","elevation":"","dem":"74","timezone":"Africa/Casablanca","modification_date":"2013-08-04"},{"geonameid":"2561124","name":"Ahfir","asciiname":"Ahfir","alternatenames":["Ahfir","Martimprey du Kiss"],"latitude":"34.95368","longitude":"-2.10027","feature_class":"P","feature_code":"PPLA3","country_code":"MA","cc2":"","admin1_code":"54","admin2_code":"113","admin3_code":"0811301011","admin4_code":"","population":"19611","elevation":"","dem":"252","timezone":"Africa/Casablanca","modification_date":"2011-07-31"},{"geonameid":"2561668","name":"Agadir","asciiname":"Agadir","alternatenames":["AGA","Agadair","Agadir","Agadir - akadyr","Agadir - اكادير","Agadir Ighir","Agadiras","Irhir","Santa Cruz","a jia di er","agadileu","agadira","agadiru","agadyr","aghadyr","angadyr","Агадир","Агадир қаласы","Агадір","אגאדיר","أڭادير","اغادیر","اگادیر","अगादिर","アガディール","阿加迪尔","아가디르"],"latitude":"30.42018","longitude":"-9.59815","feature_class":"P","feature_code":"PPLA","country_code":"MA","cc2":"","admin1_code":"55","admin2_code":"001","admin3_code":"0400101011","admin4_code":"","population":"698310","elevation":"","dem":"31","timezone":"Africa/Casablanca","modification_date":"2014-10-15"},{"geonameid":"2562055","name":"Skhirat","asciiname":"Skhirat","alternatenames":["Ac Ckhirat","Aç Çkhirat","Kasba Skira","Minaret de Skhirat","Skhirat","Skhirate"],"latitude":"33.84984","longitude":"-7.04037","feature_class":"P","feature_code":"PPL","country_code":"MA","cc2":"","admin1_code":"49","admin2_code":"","admin3_code":"","admin4_code":"","population":"44850","elevation":"","dem":"50","timezone":"Africa/Casablanca","modification_date":"2012-01-19"},{"geonameid":"6546693","name":"Boujniba","asciiname":"Boujniba","alternatenames":["Boujniba","Boujniba (Commune Urbaine)","Boujniba (MU)","ابي الجعد (البلدية)"],"latitude":"32.90046","longitude":"-6.77464","feature_class":"P","feature_code":"PPL","country_code":"MA","cc2":"","admin1_code":"50","admin2_code":"311","admin3_code":"0631101031","admin4_code":"","population":"15041","elevation":"","dem":"847","timezone":"Africa/Casablanca","modification_date":"2011-05-17"},{"geonameid":"8542188","name":"Dakhla","asciiname":"Dakhla","alternatenames":["Dajla","Villa Cisneros","aldakhlt‎","الداخلة‎"],"latitude":"30.41071","longitude":"-9.55572","feature_class":"P","feature_code":"PPLX","country_code":"MA","cc2":"","admin1_code":"EH","admin2_code":"","admin3_code":"","admin4_code":"","population":"55618","elevation":"","dem":"83","timezone":"Africa/Casablanca","modification_date":"2013-07-10"}]}