{"country_data":{"ISO":"MZ","ISO3":"MOZ","ISO_Numeric":"508","fips":"MZ","country":"Mozambique","capital":"Maputo","area":"801590","Population":"22061451","Continent":"AF","tld":".mz","CurrencyCode":"MZN","CurrencyName":"Metical","Phone":"258","Postal_Code_Format":"####","Postal_Code_Regex":"^(\\d{4})$","Languages":"pt-MZ,vmw","geonameid":"1036973","neighbours":"ZW,TZ,SZ,ZA,ZM,MW","EquivalentFipsCode":""},"cities":[{"geonameid":"1024552","name":"Xai-Xai","asciiname":"Xai-Xai","alternatenames":["Chai Chai","Joa Belo","Joao Belo","João Belo","Sai Sai","Shai-Shai","VJB","Vila de Joao Belo","Vila de João Belo","Vila-Joao-Belo","Vila-João-Belo","Xai Xai","Xai-Xai","shaishai","Šai Šai","Шаи-Шаи","シャイシャイ"],"latitude":"-25.05194","longitude":"33.64417","feature_class":"P","feature_code":"PPLA","country_code":"MZ","cc2":"","admin1_code":"02","admin2_code":"9408663","admin3_code":"","admin4_code":"","population":"127366","elevation":"","dem":"4","timezone":"Africa/Maputo","modification_date":"2014-09-02"},{"geonameid":"1024696","name":"Dondo","asciiname":"Dondo","alternatenames":["Dondo","Vila do Dondo","Дондо"],"latitude":"-19.60944","longitude":"34.74306","feature_class":"P","feature_code":"PPL","country_code":"MZ","cc2":"","admin1_code":"05","admin2_code":"","admin3_code":"","admin4_code":"","population":"78648","elevation":"","dem":"55","timezone":"Africa/Maputo","modification_date":"2012-01-19"},{"geonameid":"1024701","name":"Macia","asciiname":"Macia","alternatenames":["Macia","Vila de Macia"],"latitude":"-25.02694","longitude":"33.09889","feature_class":"P","feature_code":"PPL","country_code":"MZ","cc2":"","admin1_code":"02","admin2_code":"","admin3_code":"","admin4_code":"","population":"23156","elevation":"","dem":"75","timezone":"Africa/Maputo","modification_date":"2012-01-19"},{"geonameid":"1026014","name":"Tete","asciiname":"Tete","alternatenames":["TET","Tete","Vila-de-Santiago-Maior","tai te","Тете","太特"],"latitude":"-16.15639","longitude":"33.58667","feature_class":"P","feature_code":"PPLA","country_code":"MZ","cc2":"","admin1_code":"08","admin2_code":"","admin3_code":"","admin4_code":"","population":"129316","elevation":"","dem":"137","timezone":"Africa/Maputo","modification_date":"2012-01-19"},{"geonameid":"1028079","name":"Ressano Garcia","asciiname":"Ressano Garcia","alternatenames":["Resano Garcia","Ressano Garcia"],"latitude":"-25.44278","longitude":"31.99528","feature_class":"P","feature_code":"PPL","country_code":"MZ","cc2":"MZ","admin1_code":"04","admin2_code":"","admin3_code":"","admin4_code":"","population":"110000","elevation":"","dem":"125","timezone":"Africa/Maputo","modification_date":"2013-05-05"},{"geonameid":"1028434","name":"Quelimane","asciiname":"Quelimane","alternatenames":["Gorad Kelimaneh","Kelimane","Kelimanė","Quelimane","UEL","ke li ma nei","kellimane","kerimane","Κελιμάνε","Горад Келіманэ","Келимане","Келімане","კელიმანე","ケリマネ","克利馬內","켈리마네"],"latitude":"-17.87861","longitude":"36.88833","feature_class":"P","feature_code":"PPLA","country_code":"MZ","cc2":"","admin1_code":"09","admin2_code":"","admin3_code":"","admin4_code":"","population":"188964","elevation":"","dem":"9","timezone":"Africa/Maputo","modification_date":"2012-01-19"},{"geonameid":"1028918","name":"Pemba","asciiname":"Pemba","alternatenames":["POL","Pemba","Pempa","Porto Amelia","pemba","penba","peng ba","Πέμπα","Пемба","პემბა","ペンバ","彭巴","펨바"],"latitude":"-12.97395","longitude":"40.51775","feature_class":"P","feature_code":"PPLA","country_code":"MZ","cc2":"","admin1_code":"01","admin2_code":"","admin3_code":"","admin4_code":"","population":"108737","elevation":"","dem":"50","timezone":"Africa/Maputo","modification_date":"2010-05-28"},{"geonameid":"1033356","name":"Nampula","asciiname":"Nampula","alternatenames":["APL","Nampoula","Nampula","nampulla","nan pu la","nanpura","Ναμπούλα","Нампула","ნამპულა","ナンプラ","楠普拉","남풀라"],"latitude":"-15.11646","longitude":"39.2666","feature_class":"P","feature_code":"PPLA","country_code":"MZ","cc2":"","admin1_code":"06","admin2_code":"","admin3_code":"","admin4_code":"","population":"388526","elevation":"","dem":"431","timezone":"Africa/Maputo","modification_date":"2010-05-28"},{"geonameid":"1035025","name":"Nacala","asciiname":"Nacala","alternatenames":["Cidade de Nacala","Fernao Veloso","Fernão Veloso","Gorod-de-Nakala","MNC","Maaia","Maiaia","Nacala","Nacala-Porto","Город-де-Накала"],"latitude":"-14.56257","longitude":"40.68538","feature_class":"P","feature_code":"PPL","country_code":"MZ","cc2":"","admin1_code":"06","admin2_code":"","admin3_code":"","admin4_code":"","population":"224795","elevation":"","dem":"137","timezone":"Africa/Maputo","modification_date":"2013-12-01"},{"geonameid":"1037125","name":"Montepuez","asciiname":"Montepuez","alternatenames":["MTU","Montepuez","Montepveze","Vila de Montepuez","Монтепвезе"],"latitude":"-13.12556","longitude":"38.99972","feature_class":"P","feature_code":"PPL","country_code":"MZ","cc2":"","admin1_code":"01","admin2_code":"","admin3_code":"","admin4_code":"","population":"72279","elevation":"","dem":"532","timezone":"Africa/Maputo","modification_date":"2012-01-19"},{"geonameid":"1037370","name":"Mocímboa","asciiname":"Mocimboa","alternatenames":[""],"latitude":"-11.31667","longitude":"40.35","feature_class":"P","feature_code":"PPL","country_code":"MZ","cc2":"","admin1_code":"01","admin2_code":"","admin3_code":"","admin4_code":"","population":"27909","elevation":"","dem":"19","timezone":"Africa/Maputo","modification_date":"2013-08-10"},{"geonameid":"1037390","name":"Ilha de Moçambique","asciiname":"Ilha de Mocambique","alternatenames":["Ilha de Mocambique","Ilha de Moçambique","Mocambique","Mozambique","Moçambique"],"latitude":"-15.03417","longitude":"40.73583","feature_class":"P","feature_code":"PPL","country_code":"MZ","cc2":"","admin1_code":"06","admin2_code":"","admin3_code":"","admin4_code":"","population":"54315","elevation":"","dem":"10","timezone":"Africa/Maputo","modification_date":"2012-01-19"},{"geonameid":"1039536","name":"Maxixe","asciiname":"Maxixe","alternatenames":["Maxixe"],"latitude":"-23.85972","longitude":"35.34722","feature_class":"P","feature_code":"PPL","country_code":"MZ","cc2":"","admin1_code":"03","admin2_code":"","admin3_code":"","admin4_code":"","population":"119868","elevation":"","dem":"21","timezone":"Africa/Maputo","modification_date":"2012-01-19"},{"geonameid":"1039854","name":"Matola","asciiname":"Matola","alternatenames":["Cidade da Matola","Matola","Vila Salazar","Матола"],"latitude":"-25.96222","longitude":"32.45889","feature_class":"P","feature_code":"PPLA","country_code":"MZ","cc2":"","admin1_code":"04","admin2_code":"","admin3_code":"","admin4_code":"","population":"675422","elevation":"","dem":"42","timezone":"Africa/Maputo","modification_date":"2013-07-04"},{"geonameid":"1040652","name":"Maputo","asciiname":"Maputo","alternatenames":["Can Pfumo","Gorad Maputu","Kapfumo","Lourenco Marques","Lourenço Marques","MPM","Mabuto","Mabutu","Mapouto","Maputo","Maputu","Mapútó","ma pu to","ma pu tuo","mabwtw","maputo","maputto","maputu","mapwtw","mpwtw","Μαπούτο","Горад Мапуту","Мапуто","Мапуту","Մապուտու","מפוטו","مابوتو","ماپوتو","ماپوتۆ","ماپوٹو","मापुतो","ਮਾਪੂਤੋ","மபூட்டோ","มาปูโต","མ་པུ་ཊོ།","მაპუტუ","ማፑቶ","マプト","马普托","마푸투"],"latitude":"-25.96553","longitude":"32.58322","feature_class":"P","feature_code":"PPLC","country_code":"MZ","cc2":"","admin1_code":"11","admin2_code":"","admin3_code":"","admin4_code":"","population":"1191613","elevation":"","dem":"70","timezone":"Africa/Maputo","modification_date":"2012-06-06"},{"geonameid":"1040938","name":"Manjacaze","asciiname":"Manjacaze","alternatenames":["Cheverine","Manjacaze","Vila de Manjacaze"],"latitude":"-24.71167","longitude":"33.88278","feature_class":"P","feature_code":"PPL","country_code":"MZ","cc2":"","admin1_code":"02","admin2_code":"","admin3_code":"","admin4_code":"","population":"25541","elevation":"","dem":"82","timezone":"Africa/Maputo","modification_date":"2012-01-19"},{"geonameid":"1040989","name":"Manhiça","asciiname":"Manhica","alternatenames":["Manhica","Manhiça","Vila da Manhica","Vila da Manhiça"],"latitude":"-25.40222","longitude":"32.80722","feature_class":"P","feature_code":"PPLA2","country_code":"MZ","cc2":"","admin1_code":"04","admin2_code":"","admin3_code":"","admin4_code":"","population":"0","elevation":"","dem":"41","timezone":"Africa/Maputo","modification_date":"2014-04-01"},{"geonameid":"1043893","name":"Lichinga","asciiname":"Lichinga","alternatenames":["Lichinga","Lisinga","Lišinga","VXC","Vila Cabral","li xin jia","利欣加"],"latitude":"-13.31278","longitude":"35.24056","feature_class":"P","feature_code":"PPLA","country_code":"MZ","cc2":"","admin1_code":"07","admin2_code":"","admin3_code":"","admin4_code":"","population":"109839","elevation":"","dem":"1349","timezone":"Africa/Maputo","modification_date":"2012-01-19"},{"geonameid":"1045114","name":"Inhambane","asciiname":"Inhambane","alternatenames":["INH","In'jambane","Inhambane","Иньямбане"],"latitude":"-23.865","longitude":"35.38333","feature_class":"P","feature_code":"PPLA","country_code":"MZ","cc2":"","admin1_code":"03","admin2_code":"","admin3_code":"","admin4_code":"","population":"73884","elevation":"","dem":"8","timezone":"Africa/Maputo","modification_date":"2012-01-19"},{"geonameid":"1047660","name":"Cuamba","asciiname":"Cuamba","alternatenames":["Cuamba","Cuanda","FXO","Guamba","Kwamba","Mucuamba","Mukwamba","Nova Freixo","ku an ba","kua mu ba","库安巴","誇姆巴"],"latitude":"-14.80306","longitude":"36.53722","feature_class":"P","feature_code":"PPL","country_code":"MZ","cc2":"","admin1_code":"07","admin2_code":"","admin3_code":"","admin4_code":"","population":"73268","elevation":"","dem":"586","timezone":"Africa/Maputo","modification_date":"2012-01-19"},{"geonameid":"1048364","name":"Chokwé","asciiname":"Chokwe","alternatenames":["Chokue","Chokué","Chokwe","Chokwé","Choque","Chókwè","Trigo Morais","Trigo de Morais","Vila Trigo de Morais"],"latitude":"-24.53333","longitude":"32.98333","feature_class":"P","feature_code":"PPL","country_code":"MZ","cc2":"","admin1_code":"02","admin2_code":"","admin3_code":"","admin4_code":"","population":"63695","elevation":"","dem":"35","timezone":"Africa/Maputo","modification_date":"2012-01-19"},{"geonameid":"1049261","name":"Chimoio","asciiname":"Chimoio","alternatenames":["Chimoio","Chimoyo","Shimojo","VPY","Vila Pery","Шимойо"],"latitude":"-19.11639","longitude":"33.48333","feature_class":"P","feature_code":"PPLA","country_code":"MZ","cc2":"","admin1_code":"10","admin2_code":"","admin3_code":"","admin4_code":"","population":"256936","elevation":"","dem":"709","timezone":"Africa/Maputo","modification_date":"2012-01-19"},{"geonameid":"1049861","name":"Chibuto","asciiname":"Chibuto","alternatenames":["Chibuto","Vila do Chibuto"],"latitude":"-24.68667","longitude":"33.53056","feature_class":"P","feature_code":"PPL","country_code":"MZ","cc2":"","admin1_code":"02","admin2_code":"","admin3_code":"","admin4_code":"","population":"59165","elevation":"","dem":"105","timezone":"Africa/Maputo","modification_date":"2012-01-19"},{"geonameid":"1052373","name":"Beira","asciiname":"Beira","alternatenames":["BEW","Beira","Bejra","bei la","beila","beira","Μπέιρα","Беира","Бейра","ბეირა","ベイラ","贝拉","베이라"],"latitude":"-19.84361","longitude":"34.83889","feature_class":"P","feature_code":"PPLA","country_code":"MZ","cc2":"","admin1_code":"05","admin2_code":"","admin3_code":"","admin4_code":"","population":"530604","elevation":"","dem":"6","timezone":"Africa/Maputo","modification_date":"2012-01-19"},{"geonameid":"1052944","name":"António Enes","asciiname":"Antonio Enes","alternatenames":["Angoche","Antonio Enes","Antonio Engs","Antonio Ennes","António Enes","Vila de Antonio Enes","Vila de António Enes"],"latitude":"-16.2325","longitude":"39.90861","feature_class":"P","feature_code":"PPL","country_code":"MZ","cc2":"","admin1_code":"06","admin2_code":"","admin3_code":"","admin4_code":"","population":"74624","elevation":"","dem":"12","timezone":"Africa/Maputo","modification_date":"2012-01-19"},{"geonameid":"1088155","name":"Mutuáli","asciiname":"Mutuali","alternatenames":[""],"latitude":"-14.87056","longitude":"37.00444","feature_class":"P","feature_code":"PPL","country_code":"MZ","cc2":"","admin1_code":"06","admin2_code":"","admin3_code":"","admin4_code":"","population":"30523","elevation":"","dem":"587","timezone":"Africa/Maputo","modification_date":"2006-01-17"},{"geonameid":"1024552","name":"Xai-Xai","asciiname":"Xai-Xai","alternatenames":["Chai Chai","Joa Belo","Joao Belo","João Belo","Sai Sai","Shai-Shai","VJB","Vila de Joao Belo","Vila de João Belo","Vila-Joao-Belo","Vila-João-Belo","Xai Xai","Xai-Xai","shaishai","Šai Šai","Шаи-Шаи","シャイシャイ"],"latitude":"-25.05194","longitude":"33.64417","feature_class":"P","feature_code":"PPLA","country_code":"MZ","cc2":"","admin1_code":"02","admin2_code":"9408663","admin3_code":"","admin4_code":"","population":"127366","elevation":"","dem":"4","timezone":"Africa/Maputo","modification_date":"2014-09-02"},{"geonameid":"1024696","name":"Dondo","asciiname":"Dondo","alternatenames":["Dondo","Vila do Dondo","Дондо"],"latitude":"-19.60944","longitude":"34.74306","feature_class":"P","feature_code":"PPL","country_code":"MZ","cc2":"","admin1_code":"05","admin2_code":"","admin3_code":"","admin4_code":"","population":"78648","elevation":"","dem":"55","timezone":"Africa/Maputo","modification_date":"2012-01-19"},{"geonameid":"1024701","name":"Macia","asciiname":"Macia","alternatenames":["Macia","Vila de Macia"],"latitude":"-25.02694","longitude":"33.09889","feature_class":"P","feature_code":"PPL","country_code":"MZ","cc2":"","admin1_code":"02","admin2_code":"","admin3_code":"","admin4_code":"","population":"23156","elevation":"","dem":"75","timezone":"Africa/Maputo","modification_date":"2012-01-19"},{"geonameid":"1026014","name":"Tete","asciiname":"Tete","alternatenames":["TET","Tete","Vila-de-Santiago-Maior","tai te","Тете","太特"],"latitude":"-16.15639","longitude":"33.58667","feature_class":"P","feature_code":"PPLA","country_code":"MZ","cc2":"","admin1_code":"08","admin2_code":"","admin3_code":"","admin4_code":"","population":"129316","elevation":"","dem":"137","timezone":"Africa/Maputo","modification_date":"2012-01-19"},{"geonameid":"1028079","name":"Ressano Garcia","asciiname":"Ressano Garcia","alternatenames":["Resano Garcia","Ressano Garcia"],"latitude":"-25.44278","longitude":"31.99528","feature_class":"P","feature_code":"PPL","country_code":"MZ","cc2":"MZ","admin1_code":"04","admin2_code":"","admin3_code":"","admin4_code":"","population":"110000","elevation":"","dem":"125","timezone":"Africa/Maputo","modification_date":"2013-05-05"},{"geonameid":"1028434","name":"Quelimane","asciiname":"Quelimane","alternatenames":["Gorad Kelimaneh","Kelimane","Kelimanė","Quelimane","UEL","ke li ma nei","kellimane","kerimane","Κελιμάνε","Горад Келіманэ","Келимане","Келімане","კელიმანე","ケリマネ","克利馬內","켈리마네"],"latitude":"-17.87861","longitude":"36.88833","feature_class":"P","feature_code":"PPLA","country_code":"MZ","cc2":"","admin1_code":"09","admin2_code":"","admin3_code":"","admin4_code":"","population":"188964","elevation":"","dem":"9","timezone":"Africa/Maputo","modification_date":"2012-01-19"},{"geonameid":"1028918","name":"Pemba","asciiname":"Pemba","alternatenames":["POL","Pemba","Pempa","Porto Amelia","pemba","penba","peng ba","Πέμπα","Пемба","პემბა","ペンバ","彭巴","펨바"],"latitude":"-12.97395","longitude":"40.51775","feature_class":"P","feature_code":"PPLA","country_code":"MZ","cc2":"","admin1_code":"01","admin2_code":"","admin3_code":"","admin4_code":"","population":"108737","elevation":"","dem":"50","timezone":"Africa/Maputo","modification_date":"2010-05-28"},{"geonameid":"1033356","name":"Nampula","asciiname":"Nampula","alternatenames":["APL","Nampoula","Nampula","nampulla","nan pu la","nanpura","Ναμπούλα","Нампула","ნამპულა","ナンプラ","楠普拉","남풀라"],"latitude":"-15.11646","longitude":"39.2666","feature_class":"P","feature_code":"PPLA","country_code":"MZ","cc2":"","admin1_code":"06","admin2_code":"","admin3_code":"","admin4_code":"","population":"388526","elevation":"","dem":"431","timezone":"Africa/Maputo","modification_date":"2010-05-28"},{"geonameid":"1035025","name":"Nacala","asciiname":"Nacala","alternatenames":["Cidade de Nacala","Fernao Veloso","Fernão Veloso","Gorod-de-Nakala","MNC","Maaia","Maiaia","Nacala","Nacala-Porto","Город-де-Накала"],"latitude":"-14.56257","longitude":"40.68538","feature_class":"P","feature_code":"PPL","country_code":"MZ","cc2":"","admin1_code":"06","admin2_code":"","admin3_code":"","admin4_code":"","population":"224795","elevation":"","dem":"137","timezone":"Africa/Maputo","modification_date":"2013-12-01"},{"geonameid":"1037125","name":"Montepuez","asciiname":"Montepuez","alternatenames":["MTU","Montepuez","Montepveze","Vila de Montepuez","Монтепвезе"],"latitude":"-13.12556","longitude":"38.99972","feature_class":"P","feature_code":"PPL","country_code":"MZ","cc2":"","admin1_code":"01","admin2_code":"","admin3_code":"","admin4_code":"","population":"72279","elevation":"","dem":"532","timezone":"Africa/Maputo","modification_date":"2012-01-19"},{"geonameid":"1037370","name":"Mocímboa","asciiname":"Mocimboa","alternatenames":[""],"latitude":"-11.31667","longitude":"40.35","feature_class":"P","feature_code":"PPL","country_code":"MZ","cc2":"","admin1_code":"01","admin2_code":"","admin3_code":"","admin4_code":"","population":"27909","elevation":"","dem":"19","timezone":"Africa/Maputo","modification_date":"2013-08-10"},{"geonameid":"1037390","name":"Ilha de Moçambique","asciiname":"Ilha de Mocambique","alternatenames":["Ilha de Mocambique","Ilha de Moçambique","Mocambique","Mozambique","Moçambique"],"latitude":"-15.03417","longitude":"40.73583","feature_class":"P","feature_code":"PPL","country_code":"MZ","cc2":"","admin1_code":"06","admin2_code":"","admin3_code":"","admin4_code":"","population":"54315","elevation":"","dem":"10","timezone":"Africa/Maputo","modification_date":"2012-01-19"},{"geonameid":"1039536","name":"Maxixe","asciiname":"Maxixe","alternatenames":["Maxixe"],"latitude":"-23.85972","longitude":"35.34722","feature_class":"P","feature_code":"PPL","country_code":"MZ","cc2":"","admin1_code":"03","admin2_code":"","admin3_code":"","admin4_code":"","population":"119868","elevation":"","dem":"21","timezone":"Africa/Maputo","modification_date":"2012-01-19"},{"geonameid":"1039854","name":"Matola","asciiname":"Matola","alternatenames":["Cidade da Matola","Matola","Vila Salazar","Матола"],"latitude":"-25.96222","longitude":"32.45889","feature_class":"P","feature_code":"PPLA","country_code":"MZ","cc2":"","admin1_code":"04","admin2_code":"","admin3_code":"","admin4_code":"","population":"675422","elevation":"","dem":"42","timezone":"Africa/Maputo","modification_date":"2013-07-04"},{"geonameid":"1040652","name":"Maputo","asciiname":"Maputo","alternatenames":["Can Pfumo","Gorad Maputu","Kapfumo","Lourenco Marques","Lourenço Marques","MPM","Mabuto","Mabutu","Mapouto","Maputo","Maputu","Mapútó","ma pu to","ma pu tuo","mabwtw","maputo","maputto","maputu","mapwtw","mpwtw","Μαπούτο","Горад Мапуту","Мапуто","Мапуту","Մապուտու","מפוטו","مابوتو","ماپوتو","ماپوتۆ","ماپوٹو","मापुतो","ਮਾਪੂਤੋ","மபூட்டோ","มาปูโต","མ་པུ་ཊོ།","მაპუტუ","ማፑቶ","マプト","马普托","마푸투"],"latitude":"-25.96553","longitude":"32.58322","feature_class":"P","feature_code":"PPLC","country_code":"MZ","cc2":"","admin1_code":"11","admin2_code":"","admin3_code":"","admin4_code":"","population":"1191613","elevation":"","dem":"70","timezone":"Africa/Maputo","modification_date":"2012-06-06"},{"geonameid":"1040938","name":"Manjacaze","asciiname":"Manjacaze","alternatenames":["Cheverine","Manjacaze","Vila de Manjacaze"],"latitude":"-24.71167","longitude":"33.88278","feature_class":"P","feature_code":"PPL","country_code":"MZ","cc2":"","admin1_code":"02","admin2_code":"","admin3_code":"","admin4_code":"","population":"25541","elevation":"","dem":"82","timezone":"Africa/Maputo","modification_date":"2012-01-19"},{"geonameid":"1043893","name":"Lichinga","asciiname":"Lichinga","alternatenames":["Lichinga","Lisinga","Lišinga","VXC","Vila Cabral","li xin jia","利欣加"],"latitude":"-13.31278","longitude":"35.24056","feature_class":"P","feature_code":"PPLA","country_code":"MZ","cc2":"","admin1_code":"07","admin2_code":"","admin3_code":"","admin4_code":"","population":"109839","elevation":"","dem":"1349","timezone":"Africa/Maputo","modification_date":"2012-01-19"},{"geonameid":"1045114","name":"Inhambane","asciiname":"Inhambane","alternatenames":["INH","In'jambane","Inhambane","Иньямбане"],"latitude":"-23.865","longitude":"35.38333","feature_class":"P","feature_code":"PPLA","country_code":"MZ","cc2":"","admin1_code":"03","admin2_code":"","admin3_code":"","admin4_code":"","population":"73884","elevation":"","dem":"8","timezone":"Africa/Maputo","modification_date":"2012-01-19"},{"geonameid":"1047660","name":"Cuamba","asciiname":"Cuamba","alternatenames":["Cuamba","Cuanda","FXO","Guamba","Kwamba","Mucuamba","Mukwamba","Nova Freixo","ku an ba","kua mu ba","库安巴","誇姆巴"],"latitude":"-14.80306","longitude":"36.53722","feature_class":"P","feature_code":"PPL","country_code":"MZ","cc2":"","admin1_code":"07","admin2_code":"","admin3_code":"","admin4_code":"","population":"73268","elevation":"","dem":"586","timezone":"Africa/Maputo","modification_date":"2012-01-19"},{"geonameid":"1048364","name":"Chokwé","asciiname":"Chokwe","alternatenames":["Chokue","Chokué","Chokwe","Chokwé","Choque","Chókwè","Trigo Morais","Trigo de Morais","Vila Trigo de Morais"],"latitude":"-24.53333","longitude":"32.98333","feature_class":"P","feature_code":"PPL","country_code":"MZ","cc2":"","admin1_code":"02","admin2_code":"","admin3_code":"","admin4_code":"","population":"63695","elevation":"","dem":"35","timezone":"Africa/Maputo","modification_date":"2012-01-19"},{"geonameid":"1049261","name":"Chimoio","asciiname":"Chimoio","alternatenames":["Chimoio","Chimoyo","Shimojo","VPY","Vila Pery","Шимойо"],"latitude":"-19.11639","longitude":"33.48333","feature_class":"P","feature_code":"PPLA","country_code":"MZ","cc2":"","admin1_code":"10","admin2_code":"","admin3_code":"","admin4_code":"","population":"256936","elevation":"","dem":"709","timezone":"Africa/Maputo","modification_date":"2012-01-19"},{"geonameid":"1049861","name":"Chibuto","asciiname":"Chibuto","alternatenames":["Chibuto","Vila do Chibuto"],"latitude":"-24.68667","longitude":"33.53056","feature_class":"P","feature_code":"PPL","country_code":"MZ","cc2":"","admin1_code":"02","admin2_code":"","admin3_code":"","admin4_code":"","population":"59165","elevation":"","dem":"105","timezone":"Africa/Maputo","modification_date":"2012-01-19"},{"geonameid":"1052373","name":"Beira","asciiname":"Beira","alternatenames":["BEW","Beira","Bejra","bei la","beila","beira","Μπέιρα","Беира","Бейра","ბეირა","ベイラ","贝拉","베이라"],"latitude":"-19.84361","longitude":"34.83889","feature_class":"P","feature_code":"PPLA","country_code":"MZ","cc2":"","admin1_code":"05","admin2_code":"","admin3_code":"","admin4_code":"","population":"530604","elevation":"","dem":"6","timezone":"Africa/Maputo","modification_date":"2012-01-19"},{"geonameid":"1052944","name":"António Enes","asciiname":"Antonio Enes","alternatenames":["Angoche","Antonio Enes","Antonio Engs","Antonio Ennes","António Enes","Vila de Antonio Enes","Vila de António Enes"],"latitude":"-16.2325","longitude":"39.90861","feature_class":"P","feature_code":"PPL","country_code":"MZ","cc2":"","admin1_code":"06","admin2_code":"","admin3_code":"","admin4_code":"","population":"74624","elevation":"","dem":"12","timezone":"Africa/Maputo","modification_date":"2012-01-19"},{"geonameid":"1088155","name":"Mutuáli","asciiname":"Mutuali","alternatenames":[""],"latitude":"-14.87056","longitude":"37.00444","feature_class":"P","feature_code":"PPL","country_code":"MZ","cc2":"","admin1_code":"06","admin2_code":"","admin3_code":"","admin4_code":"","population":"30523","elevation":"","dem":"587","timezone":"Africa/Maputo","modification_date":"2006-01-17"},{"geonameid":"1024552","name":"Xai-Xai","asciiname":"Xai-Xai","alternatenames":["Chai Chai","Joa Belo","Joao Belo","João Belo","Sai Sai","Shai-Shai","VJB","Vila de Joao Belo","Vila de João Belo","Vila-Joao-Belo","Vila-João-Belo","Xai Xai","Xai-Xai","shaishai","Šai Šai","Шаи-Шаи","シャイシャイ"],"latitude":"-25.05194","longitude":"33.64417","feature_class":"P","feature_code":"PPLA","country_code":"MZ","cc2":"","admin1_code":"02","admin2_code":"9408663","admin3_code":"","admin4_code":"","population":"127366","elevation":"","dem":"4","timezone":"Africa/Maputo","modification_date":"2014-09-02"},{"geonameid":"1024696","name":"Dondo","asciiname":"Dondo","alternatenames":["Dondo","Vila do Dondo","Дондо"],"latitude":"-19.60944","longitude":"34.74306","feature_class":"P","feature_code":"PPL","country_code":"MZ","cc2":"","admin1_code":"05","admin2_code":"","admin3_code":"","admin4_code":"","population":"78648","elevation":"","dem":"55","timezone":"Africa/Maputo","modification_date":"2012-01-19"},{"geonameid":"1024701","name":"Macia","asciiname":"Macia","alternatenames":["Macia","Vila de Macia"],"latitude":"-25.02694","longitude":"33.09889","feature_class":"P","feature_code":"PPL","country_code":"MZ","cc2":"","admin1_code":"02","admin2_code":"","admin3_code":"","admin4_code":"","population":"23156","elevation":"","dem":"75","timezone":"Africa/Maputo","modification_date":"2012-01-19"},{"geonameid":"1026014","name":"Tete","asciiname":"Tete","alternatenames":["TET","Tete","Vila-de-Santiago-Maior","tai te","Тете","太特"],"latitude":"-16.15639","longitude":"33.58667","feature_class":"P","feature_code":"PPLA","country_code":"MZ","cc2":"","admin1_code":"08","admin2_code":"","admin3_code":"","admin4_code":"","population":"129316","elevation":"","dem":"137","timezone":"Africa/Maputo","modification_date":"2012-01-19"},{"geonameid":"1028079","name":"Ressano Garcia","asciiname":"Ressano Garcia","alternatenames":["Resano Garcia","Ressano Garcia"],"latitude":"-25.44278","longitude":"31.99528","feature_class":"P","feature_code":"PPL","country_code":"MZ","cc2":"MZ","admin1_code":"04","admin2_code":"","admin3_code":"","admin4_code":"","population":"110000","elevation":"","dem":"125","timezone":"Africa/Maputo","modification_date":"2013-05-05"},{"geonameid":"1028434","name":"Quelimane","asciiname":"Quelimane","alternatenames":["Gorad Kelimaneh","Kelimane","Kelimanė","Quelimane","UEL","ke li ma nei","kellimane","kerimane","Κελιμάνε","Горад Келіманэ","Келимане","Келімане","კელიმანე","ケリマネ","克利馬內","켈리마네"],"latitude":"-17.87861","longitude":"36.88833","feature_class":"P","feature_code":"PPLA","country_code":"MZ","cc2":"","admin1_code":"09","admin2_code":"","admin3_code":"","admin4_code":"","population":"188964","elevation":"","dem":"9","timezone":"Africa/Maputo","modification_date":"2012-01-19"},{"geonameid":"1028918","name":"Pemba","asciiname":"Pemba","alternatenames":["POL","Pemba","Pempa","Porto Amelia","pemba","penba","peng ba","Πέμπα","Пемба","პემბა","ペンバ","彭巴","펨바"],"latitude":"-12.97395","longitude":"40.51775","feature_class":"P","feature_code":"PPLA","country_code":"MZ","cc2":"","admin1_code":"01","admin2_code":"","admin3_code":"","admin4_code":"","population":"108737","elevation":"","dem":"50","timezone":"Africa/Maputo","modification_date":"2010-05-28"},{"geonameid":"1033356","name":"Nampula","asciiname":"Nampula","alternatenames":["APL","Nampoula","Nampula","nampulla","nan pu la","nanpura","Ναμπούλα","Нампула","ნამპულა","ナンプラ","楠普拉","남풀라"],"latitude":"-15.11646","longitude":"39.2666","feature_class":"P","feature_code":"PPLA","country_code":"MZ","cc2":"","admin1_code":"06","admin2_code":"","admin3_code":"","admin4_code":"","population":"388526","elevation":"","dem":"431","timezone":"Africa/Maputo","modification_date":"2010-05-28"},{"geonameid":"1035025","name":"Nacala","asciiname":"Nacala","alternatenames":["Cidade de Nacala","Fernao Veloso","Fernão Veloso","Gorod-de-Nakala","MNC","Maaia","Maiaia","Nacala","Nacala-Porto","Город-де-Накала"],"latitude":"-14.56257","longitude":"40.68538","feature_class":"P","feature_code":"PPL","country_code":"MZ","cc2":"","admin1_code":"06","admin2_code":"","admin3_code":"","admin4_code":"","population":"224795","elevation":"","dem":"137","timezone":"Africa/Maputo","modification_date":"2013-12-01"},{"geonameid":"1037125","name":"Montepuez","asciiname":"Montepuez","alternatenames":["MTU","Montepuez","Montepveze","Vila de Montepuez","Монтепвезе"],"latitude":"-13.12556","longitude":"38.99972","feature_class":"P","feature_code":"PPL","country_code":"MZ","cc2":"","admin1_code":"01","admin2_code":"","admin3_code":"","admin4_code":"","population":"72279","elevation":"","dem":"532","timezone":"Africa/Maputo","modification_date":"2012-01-19"},{"geonameid":"1037370","name":"Mocímboa","asciiname":"Mocimboa","alternatenames":[""],"latitude":"-11.31667","longitude":"40.35","feature_class":"P","feature_code":"PPL","country_code":"MZ","cc2":"","admin1_code":"01","admin2_code":"","admin3_code":"","admin4_code":"","population":"27909","elevation":"","dem":"19","timezone":"Africa/Maputo","modification_date":"2013-08-10"},{"geonameid":"1037390","name":"Ilha de Moçambique","asciiname":"Ilha de Mocambique","alternatenames":["Ilha de Mocambique","Ilha de Moçambique","Mocambique","Mozambique","Moçambique"],"latitude":"-15.03417","longitude":"40.73583","feature_class":"P","feature_code":"PPL","country_code":"MZ","cc2":"","admin1_code":"06","admin2_code":"","admin3_code":"","admin4_code":"","population":"54315","elevation":"","dem":"10","timezone":"Africa/Maputo","modification_date":"2012-01-19"},{"geonameid":"1039536","name":"Maxixe","asciiname":"Maxixe","alternatenames":["Maxixe"],"latitude":"-23.85972","longitude":"35.34722","feature_class":"P","feature_code":"PPL","country_code":"MZ","cc2":"","admin1_code":"03","admin2_code":"","admin3_code":"","admin4_code":"","population":"119868","elevation":"","dem":"21","timezone":"Africa/Maputo","modification_date":"2012-01-19"},{"geonameid":"1039854","name":"Matola","asciiname":"Matola","alternatenames":["Cidade da Matola","Matola","Vila Salazar","Матола"],"latitude":"-25.96222","longitude":"32.45889","feature_class":"P","feature_code":"PPLA","country_code":"MZ","cc2":"","admin1_code":"04","admin2_code":"","admin3_code":"","admin4_code":"","population":"675422","elevation":"","dem":"42","timezone":"Africa/Maputo","modification_date":"2013-07-04"},{"geonameid":"1040652","name":"Maputo","asciiname":"Maputo","alternatenames":["Can Pfumo","Gorad Maputu","Kapfumo","Lourenco Marques","Lourenço Marques","MPM","Mabuto","Mabutu","Mapouto","Maputo","Maputu","Mapútó","ma pu to","ma pu tuo","mabwtw","maputo","maputto","maputu","mapwtw","mpwtw","Μαπούτο","Горад Мапуту","Мапуто","Мапуту","Մապուտու","מפוטו","مابوتو","ماپوتو","ماپوتۆ","ماپوٹو","मापुतो","ਮਾਪੂਤੋ","மபூட்டோ","มาปูโต","མ་པུ་ཊོ།","მაპუტუ","ማፑቶ","マプト","马普托","마푸투"],"latitude":"-25.96553","longitude":"32.58322","feature_class":"P","feature_code":"PPLC","country_code":"MZ","cc2":"","admin1_code":"11","admin2_code":"","admin3_code":"","admin4_code":"","population":"1191613","elevation":"","dem":"70","timezone":"Africa/Maputo","modification_date":"2012-06-06"},{"geonameid":"1040938","name":"Manjacaze","asciiname":"Manjacaze","alternatenames":["Cheverine","Manjacaze","Vila de Manjacaze"],"latitude":"-24.71167","longitude":"33.88278","feature_class":"P","feature_code":"PPL","country_code":"MZ","cc2":"","admin1_code":"02","admin2_code":"","admin3_code":"","admin4_code":"","population":"25541","elevation":"","dem":"82","timezone":"Africa/Maputo","modification_date":"2012-01-19"},{"geonameid":"1043893","name":"Lichinga","asciiname":"Lichinga","alternatenames":["Lichinga","Lisinga","Lišinga","VXC","Vila Cabral","li xin jia","利欣加"],"latitude":"-13.31278","longitude":"35.24056","feature_class":"P","feature_code":"PPLA","country_code":"MZ","cc2":"","admin1_code":"07","admin2_code":"","admin3_code":"","admin4_code":"","population":"109839","elevation":"","dem":"1349","timezone":"Africa/Maputo","modification_date":"2012-01-19"},{"geonameid":"1045114","name":"Inhambane","asciiname":"Inhambane","alternatenames":["INH","In'jambane","Inhambane","Иньямбане"],"latitude":"-23.865","longitude":"35.38333","feature_class":"P","feature_code":"PPLA","country_code":"MZ","cc2":"","admin1_code":"03","admin2_code":"","admin3_code":"","admin4_code":"","population":"73884","elevation":"","dem":"8","timezone":"Africa/Maputo","modification_date":"2012-01-19"},{"geonameid":"1047660","name":"Cuamba","asciiname":"Cuamba","alternatenames":["Cuamba","Cuanda","FXO","Guamba","Kwamba","Mucuamba","Mukwamba","Nova Freixo","ku an ba","kua mu ba","库安巴","誇姆巴"],"latitude":"-14.80306","longitude":"36.53722","feature_class":"P","feature_code":"PPL","country_code":"MZ","cc2":"","admin1_code":"07","admin2_code":"","admin3_code":"","admin4_code":"","population":"73268","elevation":"","dem":"586","timezone":"Africa/Maputo","modification_date":"2012-01-19"},{"geonameid":"1048364","name":"Chokwé","asciiname":"Chokwe","alternatenames":["Chokue","Chokué","Chokwe","Chokwé","Choque","Chókwè","Trigo Morais","Trigo de Morais","Vila Trigo de Morais"],"latitude":"-24.53333","longitude":"32.98333","feature_class":"P","feature_code":"PPL","country_code":"MZ","cc2":"","admin1_code":"02","admin2_code":"","admin3_code":"","admin4_code":"","population":"63695","elevation":"","dem":"35","timezone":"Africa/Maputo","modification_date":"2012-01-19"},{"geonameid":"1049261","name":"Chimoio","asciiname":"Chimoio","alternatenames":["Chimoio","Chimoyo","Shimojo","VPY","Vila Pery","Шимойо"],"latitude":"-19.11639","longitude":"33.48333","feature_class":"P","feature_code":"PPLA","country_code":"MZ","cc2":"","admin1_code":"10","admin2_code":"","admin3_code":"","admin4_code":"","population":"256936","elevation":"","dem":"709","timezone":"Africa/Maputo","modification_date":"2012-01-19"},{"geonameid":"1049861","name":"Chibuto","asciiname":"Chibuto","alternatenames":["Chibuto","Vila do Chibuto"],"latitude":"-24.68667","longitude":"33.53056","feature_class":"P","feature_code":"PPL","country_code":"MZ","cc2":"","admin1_code":"02","admin2_code":"","admin3_code":"","admin4_code":"","population":"59165","elevation":"","dem":"105","timezone":"Africa/Maputo","modification_date":"2012-01-19"},{"geonameid":"1052373","name":"Beira","asciiname":"Beira","alternatenames":["BEW","Beira","Bejra","bei la","beila","beira","Μπέιρα","Беира","Бейра","ბეირა","ベイラ","贝拉","베이라"],"latitude":"-19.84361","longitude":"34.83889","feature_class":"P","feature_code":"PPLA","country_code":"MZ","cc2":"","admin1_code":"05","admin2_code":"","admin3_code":"","admin4_code":"","population":"530604","elevation":"","dem":"6","timezone":"Africa/Maputo","modification_date":"2012-01-19"},{"geonameid":"1052944","name":"António Enes","asciiname":"Antonio Enes","alternatenames":["Angoche","Antonio Enes","Antonio Engs","Antonio Ennes","António Enes","Vila de Antonio Enes","Vila de António Enes"],"latitude":"-16.2325","longitude":"39.90861","feature_class":"P","feature_code":"PPL","country_code":"MZ","cc2":"","admin1_code":"06","admin2_code":"","admin3_code":"","admin4_code":"","population":"74624","elevation":"","dem":"12","timezone":"Africa/Maputo","modification_date":"2012-01-19"},{"geonameid":"1088155","name":"Mutuáli","asciiname":"Mutuali","alternatenames":[""],"latitude":"-14.87056","longitude":"37.00444","feature_class":"P","feature_code":"PPL","country_code":"MZ","cc2":"","admin1_code":"06","admin2_code":"","admin3_code":"","admin4_code":"","population":"30523","elevation":"","dem":"587","timezone":"Africa/Maputo","modification_date":"2006-01-17"}]}