{"country_data":{"ISO":"MM","ISO3":"MMR","ISO_Numeric":"104","fips":"BM","country":"Myanmar","capital":"Nay Pyi Taw","area":"678500","Population":"53414374","Continent":"AS","tld":".mm","CurrencyCode":"MMK","CurrencyName":"Kyat","Phone":"95","Postal_Code_Format":"#####","Postal_Code_Regex":"^(\\d{5})$","Languages":"my","geonameid":"1327865","neighbours":"CN,LA,TH,BD,IN","EquivalentFipsCode":""},"cities":[{"geonameid":"1285173","name":"Yenangyaung","asciiname":"Yenangyaung","alternatenames":["Yaynangyoung","Yenangyaung","Yenangyoung"],"latitude":"20.46504","longitude":"94.8712","feature_class":"P","feature_code":"PPL","country_code":"MM","cc2":"","admin1_code":"15","admin2_code":"","admin3_code":"","admin4_code":"","population":"110553","elevation":"","dem":"56","timezone":"Asia/Rangoon","modification_date":"2012-12-06"},{"geonameid":"1285871","name":"Nyaungdon","asciiname":"Nyaungdon","alternatenames":["Nyanngdon","Nyaung-dun","Nyaungdon","Yandoon","Yandun"],"latitude":"17.04459","longitude":"95.63957","feature_class":"P","feature_code":"PPL","country_code":"MM","cc2":"","admin1_code":"03","admin2_code":"","admin3_code":"","admin4_code":"","population":"40092","elevation":"","dem":"11","timezone":"Asia/Rangoon","modification_date":"2012-12-06"},{"geonameid":"1285899","name":"Yamethin","asciiname":"Yamethin","alternatenames":["Yamethin","Yamethinn"],"latitude":"20.43189","longitude":"96.13875","feature_class":"P","feature_code":"PPL","country_code":"MM","cc2":"","admin1_code":"08","admin2_code":"","admin3_code":"","admin4_code":"","population":"59867","elevation":"","dem":"203","timezone":"Asia/Rangoon","modification_date":"2012-12-06"},{"geonameid":"1289828","name":"Wakema","asciiname":"Wakema","alternatenames":["Wagay-ma","Wagema","Wagèma","Wakema","Wancuma","Wankinna"],"latitude":"16.60333","longitude":"95.18278","feature_class":"P","feature_code":"PPL","country_code":"MM","cc2":"","admin1_code":"03","admin2_code":"","admin3_code":"","admin4_code":"","population":"42705","elevation":"","dem":"11","timezone":"Asia/Rangoon","modification_date":"2012-12-06"},{"geonameid":"1290374","name":"Twante","asciiname":"Twante","alternatenames":[""],"latitude":"16.71047","longitude":"95.92866","feature_class":"P","feature_code":"PPL","country_code":"MM","cc2":"","admin1_code":"17","admin2_code":"","admin3_code":"","admin4_code":"","population":"46516","elevation":"","dem":"14","timezone":"Asia/Rangoon","modification_date":"2012-12-06"},{"geonameid":"1290596","name":"Taungoo","asciiname":"Taungoo","alternatenames":["Taung-ngu","Taungoo","Taungu","Toungoo","Таунгу"],"latitude":"18.94291","longitude":"96.43408","feature_class":"P","feature_code":"PPL","country_code":"MM","cc2":"","admin1_code":"16","admin2_code":"","admin3_code":"","admin4_code":"","population":"106945","elevation":"","dem":"56","timezone":"Asia/Rangoon","modification_date":"2012-12-06"},{"geonameid":"1291193","name":"Thongwa","asciiname":"Thongwa","alternatenames":["Thon-Khwa","Thongwa"],"latitude":"16.75998","longitude":"96.52498","feature_class":"P","feature_code":"PPL","country_code":"MM","cc2":"","admin1_code":"17","admin2_code":"","admin3_code":"","admin4_code":"","population":"52496","elevation":"","dem":"10","timezone":"Asia/Rangoon","modification_date":"2012-12-06"},{"geonameid":"1292037","name":"Thayetmyo","asciiname":"Thayetmyo","alternatenames":["Thayetmo","Thayetmyo","Thyatmyo"],"latitude":"19.32076","longitude":"95.18272","feature_class":"P","feature_code":"PPL","country_code":"MM","cc2":"","admin1_code":"15","admin2_code":"","admin3_code":"","admin4_code":"","population":"98185","elevation":"","dem":"47","timezone":"Asia/Rangoon","modification_date":"2012-12-06"},{"geonameid":"1292288","name":"Thaton","asciiname":"Thaton","alternatenames":["Tha-tun","Thadon","Thadôn","Thaton"],"latitude":"16.91867","longitude":"97.37001","feature_class":"P","feature_code":"PPL","country_code":"MM","cc2":"","admin1_code":"13","admin2_code":"","admin3_code":"","admin4_code":"","population":"123727","elevation":"","dem":"24","timezone":"Asia/Rangoon","modification_date":"2012-12-06"},{"geonameid":"1292313","name":"Tharyarwady","asciiname":"Tharyarwady","alternatenames":["Tharrawaddy","Tharyarwady","Thayawadi"],"latitude":"17.65399","longitude":"95.78813","feature_class":"P","feature_code":"PPL","country_code":"MM","cc2":"","admin1_code":"16","admin2_code":"","admin3_code":"","admin4_code":"","population":"54386","elevation":"","dem":"17","timezone":"Asia/Rangoon","modification_date":"2012-12-06"},{"geonameid":"1292579","name":"Thanatpin","asciiname":"Thanatpin","alternatenames":["Tanatpin","Thanatpin"],"latitude":"17.29136","longitude":"96.57523","feature_class":"P","feature_code":"PPL","country_code":"MM","cc2":"","admin1_code":"16","admin2_code":"","admin3_code":"","admin4_code":"","population":"38059","elevation":"","dem":"13","timezone":"Asia/Rangoon","modification_date":"2013-01-11"},{"geonameid":"1292580","name":"Thanatpin","asciiname":"Thanatpin","alternatenames":[""],"latitude":"17.21194","longitude":"96.30333","feature_class":"P","feature_code":"PPLL","country_code":"MM","cc2":"","admin1_code":"16","admin2_code":"","admin3_code":"","admin4_code":"","population":"39000","elevation":"10","dem":"9","timezone":"Asia/Rangoon","modification_date":"2007-08-04"},{"geonameid":"1293625","name":"Dawei","asciiname":"Dawei","alternatenames":["Dawei","Tavoy","Tawe","Tawè"],"latitude":"14.07375","longitude":"98.19423","feature_class":"P","feature_code":"PPLA","country_code":"MM","cc2":"","admin1_code":"12","admin2_code":"","admin3_code":"","admin4_code":"","population":"136783","elevation":"","dem":"13","timezone":"Asia/Rangoon","modification_date":"2012-12-06"},{"geonameid":"1293960","name":"Taunggyi","asciiname":"Taunggyi","alternatenames":["Taunggi Mong","Taunggyi"],"latitude":"20.78919","longitude":"97.03776","feature_class":"P","feature_code":"PPLA","country_code":"MM","cc2":"","admin1_code":"11","admin2_code":"","admin3_code":"","admin4_code":"","population":"160115","elevation":"","dem":"1396","timezone":"Asia/Rangoon","modification_date":"2012-12-06"},{"geonameid":"1294041","name":"Taungdwingyi","asciiname":"Taungdwingyi","alternatenames":["Taungdwingyi"],"latitude":"20.0065","longitude":"95.54531","feature_class":"P","feature_code":"PPL","country_code":"MM","cc2":"","admin1_code":"15","admin2_code":"","admin3_code":"","admin4_code":"","population":"70094","elevation":"","dem":"143","timezone":"Asia/Rangoon","modification_date":"2012-12-06"},{"geonameid":"1295395","name":"Syriam","asciiname":"Syriam","alternatenames":[""],"latitude":"16.76887","longitude":"96.24503","feature_class":"P","feature_code":"PPL","country_code":"MM","cc2":"","admin1_code":"17","admin2_code":"","admin3_code":"","admin4_code":"","population":"69448","elevation":"","dem":"24","timezone":"Asia/Rangoon","modification_date":"2012-12-06"},{"geonameid":"1295765","name":"Sittwe","asciiname":"Sittwe","alternatenames":["AKY","Ak'jab","Akjab","Akyab","Sittwe","Situeh","Sitve","Sitvė","akyab","shi dui","shittou~e","sitave","siteuwe","Акьяб","Ситуэ","اکیاب","सितवे","စစ်တွေမြို့","シットウェ","实兑","시트웨"],"latitude":"20.14624","longitude":"92.89835","feature_class":"P","feature_code":"PPLA","country_code":"MM","cc2":"","admin1_code":"01","admin2_code":"","admin3_code":"","admin4_code":"","population":"177743","elevation":"","dem":"5","timezone":"Asia/Rangoon","modification_date":"2014-04-06"},{"geonameid":"1296736","name":"Shwebo","asciiname":"Shwebo","alternatenames":["Shwebo"],"latitude":"22.56925","longitude":"95.69818","feature_class":"P","feature_code":"PPL","country_code":"MM","cc2":"","admin1_code":"10","admin2_code":"","admin3_code":"","admin4_code":"","population":"88914","elevation":"","dem":"111","timezone":"Asia/Rangoon","modification_date":"2012-12-06"},{"geonameid":"1298482","name":"Sagaing","asciiname":"Sagaing","alternatenames":["Sagajn","Sagang","Sitkaing","Сагайн"],"latitude":"21.8787","longitude":"95.97965","feature_class":"P","feature_code":"PPLA","country_code":"MM","cc2":"","admin1_code":"10","admin2_code":"","admin3_code":"","admin4_code":"","population":"78739","elevation":"","dem":"75","timezone":"Asia/Rangoon","modification_date":"2010-01-29"},{"geonameid":"1298824","name":"Yangon","asciiname":"Yangon","alternatenames":["Dagon","Gian'nkon","Gorad Jangon","Jangon","Jangon khot","Jangona","Jangono","Jangun","Jangún","Ngiong-kong","Ngióng-kông","RGN","Rangon","Rangoon","Rangoun","Rangum","Rangun","Rangunas","Rangún","Rangūnas","Yangon","Yangôn","iyanguna","raguna","ranguna","rngwn","yang guang","yang-gon","yanghwn","yangkung","yangon","yanguna","yangwn","yankon","Ýangon","Γιανγκόν","Јангон","Горад Янгон","Рангун","Янгон","Янгон хот","Յանգոն","יאנגון","رنگون","يانغون","یانگون","यांगून","रङ्गुन","ইয়াংগুন","ਰੰਗੂਨ","யங்கோன்","యాంగోన్","യംഗോൺ","ย่างกุ้ง","ཡང་ཀོང་།","ရန်ကုန်မြို့","ያንጎን","យ៉ាំងហ្គូន","ヤンゴン","仰光","양곤"],"latitude":"16.80528","longitude":"96.15611","feature_class":"P","feature_code":"PPLA","country_code":"MM","cc2":"","admin1_code":"17","admin2_code":"","admin3_code":"","admin4_code":"","population":"4477638","elevation":"","dem":"30","timezone":"Asia/Rangoon","modification_date":"2014-04-26"},{"geonameid":"1298911","name":"Pyu","asciiname":"Pyu","alternatenames":["Pyu"],"latitude":"18.4813","longitude":"96.43742","feature_class":"P","feature_code":"PPL","country_code":"MM","cc2":"","admin1_code":"16","admin2_code":"","admin3_code":"","admin4_code":"","population":"40386","elevation":"","dem":"55","timezone":"Asia/Rangoon","modification_date":"2012-12-06"},{"geonameid":"1298987","name":"Pyinmana","asciiname":"Pyinmana","alternatenames":["P'inmana","Pjinmana","Pyinmana","Pyinmank","Rangun","bin ma na","nai bi duo","pin ma na","pinmana","Пьинмана","Рангун","ปีนมานา","ピンマナ","奈比多","彬馬那","핀마나"],"latitude":"19.7381","longitude":"96.20742","feature_class":"P","feature_code":"PPL","country_code":"MM","cc2":"","admin1_code":"08","admin2_code":"","admin3_code":"","admin4_code":"","population":"97409","elevation":"","dem":"101","timezone":"Asia/Rangoon","modification_date":"2012-12-06"},{"geonameid":"1299154","name":"Pyay","asciiname":"Pyay","alternatenames":["PRU","Prome","Pyay","Pye","Pyei","Pyit","Проме"],"latitude":"18.82464","longitude":"95.22216","feature_class":"P","feature_code":"PPL","country_code":"MM","cc2":"","admin1_code":"16","admin2_code":"","admin3_code":"","admin4_code":"","population":"135308","elevation":"","dem":"32","timezone":"Asia/Rangoon","modification_date":"2012-12-06"},{"geonameid":"1299237","name":"Pyapon","asciiname":"Pyapon","alternatenames":["P'japon","Pyabon","Pyabôn","Pyapon","Pyapun","Пьяпон"],"latitude":"16.28543","longitude":"95.67882","feature_class":"P","feature_code":"PPL","country_code":"MM","cc2":"","admin1_code":"03","admin2_code":"","admin3_code":"","admin4_code":"","population":"65601","elevation":"","dem":"8","timezone":"Asia/Rangoon","modification_date":"2012-12-06"},{"geonameid":"1300466","name":"Bago","asciiname":"Bago","alternatenames":["Bagas","Bago","Begu","Pegou","Pegu","Pégou","bago","bo gu","hng saw di","peku","Пегу","பெகு","หงสาวดี","ပဲခူးမြို့","バゴー","勃固","바고"],"latitude":"17.33521","longitude":"96.48135","feature_class":"P","feature_code":"PPLA","country_code":"MM","cc2":"","admin1_code":"16","admin2_code":"","admin3_code":"","admin4_code":"","population":"244376","elevation":"","dem":"18","timezone":"Asia/Rangoon","modification_date":"2013-05-08"},{"geonameid":"1300969","name":"Paungde","asciiname":"Paungde","alternatenames":["Paung-deh","Paungde"],"latitude":"18.49167","longitude":"95.50591","feature_class":"P","feature_code":"PPL","country_code":"MM","cc2":"","admin1_code":"16","admin2_code":"","admin3_code":"","admin4_code":"","population":"36971","elevation":"","dem":"35","timezone":"Asia/Rangoon","modification_date":"2012-12-06"},{"geonameid":"1302439","name":"Pakokku","asciiname":"Pakokku","alternatenames":["PKK","Pagukku","Pakkoku","Pakokku","Пакокку"],"latitude":"21.33489","longitude":"95.08438","feature_class":"P","feature_code":"PPL","country_code":"MM","cc2":"","admin1_code":"15","admin2_code":"","admin3_code":"","admin4_code":"","population":"126938","elevation":"","dem":"70","timezone":"Asia/Rangoon","modification_date":"2012-12-06"},{"geonameid":"1302849","name":"Hpa-an","asciiname":"Hpa-an","alternatenames":["Hpa-an","Pa-an","Pan"],"latitude":"16.88953","longitude":"97.63482","feature_class":"P","feature_code":"PPLA","country_code":"MM","cc2":"","admin1_code":"05","admin2_code":"","admin3_code":"","admin4_code":"","population":"50000","elevation":"","dem":"18","timezone":"Asia/Rangoon","modification_date":"2013-08-04"},{"geonameid":"1303406","name":"Nyaunglebin","asciiname":"Nyaunglebin","alternatenames":[""],"latitude":"17.95363","longitude":"96.72247","feature_class":"P","feature_code":"PPL","country_code":"MM","cc2":"","admin1_code":"16","admin2_code":"","admin3_code":"","admin4_code":"","population":"89626","elevation":"","dem":"19","timezone":"Asia/Rangoon","modification_date":"2012-12-06"},{"geonameid":"1307741","name":"Myitkyina","asciiname":"Myitkyina","alternatenames":["M'ichina","Michina","Mjicina","Mjičina","Myitkyin","Myitkyina","Myitkyinā","mi zhi na","michina","mit ci na","mitchina","Мичина","Мьичина","มิตจีนา","မြစ်ကြီးနားမြို့","ミッチーナー","密支那","미치나"],"latitude":"25.38641","longitude":"97.39439","feature_class":"P","feature_code":"PPLA","country_code":"MM","cc2":"","admin1_code":"04","admin2_code":"","admin3_code":"","admin4_code":"","population":"90894","elevation":"","dem":"144","timezone":"Asia/Rangoon","modification_date":"2013-03-05"},{"geonameid":"1307835","name":"Myingyan","asciiname":"Myingyan","alternatenames":["Myingan","Myingyan"],"latitude":"21.46002","longitude":"95.3884","feature_class":"P","feature_code":"PPL","country_code":"MM","cc2":"","admin1_code":"08","admin2_code":"","admin3_code":"","admin4_code":"","population":"141713","elevation":"","dem":"76","timezone":"Asia/Rangoon","modification_date":"2012-12-06"},{"geonameid":"1308204","name":"Myanaung","asciiname":"Myanaung","alternatenames":["Myanaung"],"latitude":"18.28651","longitude":"95.32014","feature_class":"P","feature_code":"PPL","country_code":"MM","cc2":"","admin1_code":"03","admin2_code":"","admin3_code":"","admin4_code":"","population":"42252","elevation":"","dem":"26","timezone":"Asia/Rangoon","modification_date":"2012-12-06"},{"geonameid":"1308415","name":"Mudon","asciiname":"Mudon","alternatenames":["Mudon"],"latitude":"16.25624","longitude":"97.7246","feature_class":"P","feature_code":"PPL","country_code":"MM","cc2":"","admin1_code":"13","admin2_code":"","admin3_code":"","admin4_code":"","population":"89123","elevation":"","dem":"22","timezone":"Asia/Rangoon","modification_date":"2012-12-06"},{"geonameid":"1308464","name":"Mawlamyinegyunn","asciiname":"Mawlamyinegyunn","alternatenames":["Mawlamyainggyun","Mawlamyinegyunn","Moulmeingyu","Moulmeingyun"],"latitude":"16.3772","longitude":"95.26488","feature_class":"P","feature_code":"PPL","country_code":"MM","cc2":"","admin1_code":"03","admin2_code":"","admin3_code":"","admin4_code":"","population":"39115","elevation":"","dem":"8","timezone":"Asia/Rangoon","modification_date":"2012-12-06"},{"geonameid":"1308465","name":"Mawlamyine","asciiname":"Mawlamyine","alternatenames":["MNU","Maulamiain","Mawlamyaing","Mawlamyine","Molam'jajn","Molamjainas","Molamyaing","Moulamjin","Moulmein","Mulmejn","mao dan mian","meaa la leing","moramyain","moulmein","Моламьяйн","Моуламјин","เมาะลำเลิง","မောလမြင","မော်လမြိုင်","モーラミャイン","毛淡棉","모울메인"],"latitude":"16.49051","longitude":"97.62825","feature_class":"P","feature_code":"PPLA","country_code":"MM","cc2":"","admin1_code":"13","admin2_code":"","admin3_code":"","admin4_code":"","population":"438861","elevation":"","dem":"52","timezone":"Asia/Rangoon","modification_date":"2013-06-29"},{"geonameid":"1308522","name":"Monywa","asciiname":"Monywa","alternatenames":["Monywa","NYW"],"latitude":"22.10856","longitude":"95.13583","feature_class":"P","feature_code":"PPL","country_code":"MM","cc2":"","admin1_code":"10","admin2_code":"","admin3_code":"","admin4_code":"","population":"182011","elevation":"","dem":"81","timezone":"Asia/Rangoon","modification_date":"2013-11-23"},{"geonameid":"1308937","name":"Mogok","asciiname":"Mogok","alternatenames":["Magok","Mogok","Могок"],"latitude":"22.91766","longitude":"96.50982","feature_class":"P","feature_code":"PPL","country_code":"MM","cc2":"","admin1_code":"08","admin2_code":"","admin3_code":"","admin4_code":"","population":"90843","elevation":"","dem":"1162","timezone":"Asia/Rangoon","modification_date":"2012-12-06"},{"geonameid":"1309289","name":"Minbu","asciiname":"Minbu","alternatenames":[""],"latitude":"20.18059","longitude":"94.87595","feature_class":"P","feature_code":"PPL","country_code":"MM","cc2":"","admin1_code":"15","admin2_code":"","admin3_code":"","admin4_code":"","population":"57342","elevation":"","dem":"49","timezone":"Asia/Rangoon","modification_date":"2012-12-06"},{"geonameid":"1309611","name":"Myeik","asciiname":"Myeik","alternatenames":["MGZ","Mergui","Myeik"],"latitude":"12.43954","longitude":"98.60028","feature_class":"P","feature_code":"PPL","country_code":"MM","cc2":"","admin1_code":"12","admin2_code":"","admin3_code":"","admin4_code":"","population":"173298","elevation":"","dem":"15","timezone":"Asia/Rangoon","modification_date":"2012-12-06"},{"geonameid":"1309793","name":"Meiktila","asciiname":"Meiktila","alternatenames":["Meiktila"],"latitude":"20.87776","longitude":"95.85844","feature_class":"P","feature_code":"PPL","country_code":"MM","cc2":"","admin1_code":"08","admin2_code":"","admin3_code":"","admin4_code":"","population":"177442","elevation":"","dem":"244","timezone":"Asia/Rangoon","modification_date":"2012-12-06"},{"geonameid":"1309937","name":"Pyin Oo Lwin","asciiname":"Pyin Oo Lwin","alternatenames":["Maymo","Maymyo","Meimyu","Memyo","Pyn U Lwin"],"latitude":"22.03501","longitude":"96.45683","feature_class":"P","feature_code":"PPL","country_code":"MM","cc2":"","admin1_code":"08","admin2_code":"8238738","admin3_code":"","admin4_code":"","population":"117303","elevation":"","dem":"1088","timezone":"Asia/Rangoon","modification_date":"2014-08-03"},{"geonameid":"1310120","name":"Mawlaik","asciiname":"Mawlaik","alternatenames":[""],"latitude":"23.64254","longitude":"94.40478","feature_class":"P","feature_code":"PPL","country_code":"MM","cc2":"","admin1_code":"10","admin2_code":"","admin3_code":"","admin4_code":"","population":"44540","elevation":"","dem":"129","timezone":"Asia/Rangoon","modification_date":"2012-11-08"},{"geonameid":"1310362","name":"Maubin","asciiname":"Maubin","alternatenames":["Ma-oo-beng","Manbin","Maubin"],"latitude":"16.73148","longitude":"95.65441","feature_class":"P","feature_code":"PPL","country_code":"MM","cc2":"","admin1_code":"03","admin2_code":"","admin3_code":"","admin4_code":"","population":"51542","elevation":"","dem":"11","timezone":"Asia/Rangoon","modification_date":"2012-12-06"},{"geonameid":"1310460","name":"Martaban","asciiname":"Martaban","alternatenames":["Martaban","Marteban","Moktama","Мартабан"],"latitude":"16.52834","longitude":"97.6157","feature_class":"P","feature_code":"PPL","country_code":"MM","cc2":"","admin1_code":"13","admin2_code":"","admin3_code":"","admin4_code":"","population":"48629","elevation":"","dem":"27","timezone":"Asia/Rangoon","modification_date":"2012-12-06"},{"geonameid":"1311874","name":"Mandalay","asciiname":"Mandalay","alternatenames":["Gorad Mandalaj","MDL","Mandalaj","Mandalaja","Mandalajo","Mandalajus","Mandalay","Mandalay piirkond","Mandale","Mandalej","man de lei","mandalay","mandale","mandallei","mandare","manth a ley","Горад Мандалай","Мандалай","Мандалеј","ماندالاي","मांडले","माण्डले","మాండలే","มัณฑะเลย์","မန္တလေးမြို့","マンダレー","曼德勒","만달레이"],"latitude":"21.97473","longitude":"96.08359","feature_class":"P","feature_code":"PPLA","country_code":"MM","cc2":"","admin1_code":"08","admin2_code":"","admin3_code":"","admin4_code":"","population":"1208099","elevation":"","dem":"83","timezone":"Asia/Rangoon","modification_date":"2010-05-30"},{"geonameid":"1312609","name":"Magway","asciiname":"Magway","alternatenames":["MWQ","Magueh","Magway","Magwe","Магуэ"],"latitude":"20.14956","longitude":"94.93246","feature_class":"P","feature_code":"PPLA","country_code":"MM","cc2":"","admin1_code":"15","admin2_code":"","admin3_code":"","admin4_code":"","population":"96954","elevation":"","dem":"60","timezone":"Asia/Rangoon","modification_date":"2013-04-02"},{"geonameid":"1313479","name":"Loikaw","asciiname":"Loikaw","alternatenames":["LIW","Loikaw","Lwegaw","Lwègaw"],"latitude":"19.67798","longitude":"97.20975","feature_class":"P","feature_code":"PPLA","country_code":"MM","cc2":"","admin1_code":"06","admin2_code":"","admin3_code":"","admin4_code":"","population":"17293","elevation":"","dem":"893","timezone":"Asia/Rangoon","modification_date":"2012-12-06"},{"geonameid":"1314042","name":"Letpandan","asciiname":"Letpandan","alternatenames":["Letpadan","Letpandan","Letpatan"],"latitude":"17.78664","longitude":"95.75076","feature_class":"P","feature_code":"PPL","country_code":"MM","cc2":"","admin1_code":"16","admin2_code":"","admin3_code":"","admin4_code":"","population":"38936","elevation":"","dem":"23","timezone":"Asia/Rangoon","modification_date":"2012-12-06"},{"geonameid":"1314759","name":"Lashio","asciiname":"Lashio","alternatenames":["LSH","Lasha","Lashio","Lasho","Лаша"],"latitude":"22.9359","longitude":"97.7498","feature_class":"P","feature_code":"PPL","country_code":"MM","cc2":"","admin1_code":"11","admin2_code":"","admin3_code":"","admin4_code":"","population":"131016","elevation":"","dem":"845","timezone":"Asia/Rangoon","modification_date":"2012-12-06"},{"geonameid":"1316703","name":"Kyaukse","asciiname":"Kyaukse","alternatenames":["Kyaukse"],"latitude":"21.6056","longitude":"96.13508","feature_class":"P","feature_code":"PPL","country_code":"MM","cc2":"","admin1_code":"08","admin2_code":"","admin3_code":"","admin4_code":"","population":"50480","elevation":"","dem":"86","timezone":"Asia/Rangoon","modification_date":"2012-12-06"},{"geonameid":"1317375","name":"Kyaikto","asciiname":"Kyaikto","alternatenames":["Kyaikto"],"latitude":"17.30858","longitude":"97.01124","feature_class":"P","feature_code":"PPL","country_code":"MM","cc2":"","admin1_code":"13","admin2_code":"","admin3_code":"","admin4_code":"","population":"48658","elevation":"","dem":"23","timezone":"Asia/Rangoon","modification_date":"2012-12-06"},{"geonameid":"1317397","name":"Kyaiklat","asciiname":"Kyaiklat","alternatenames":["Keiklat","Kyaiklat"],"latitude":"16.44502","longitude":"95.72373","feature_class":"P","feature_code":"PPL","country_code":"MM","cc2":"","admin1_code":"03","admin2_code":"","admin3_code":"","admin4_code":"","population":"52425","elevation":"","dem":"10","timezone":"Asia/Rangoon","modification_date":"2012-12-06"},{"geonameid":"1317402","name":"Kyaikkami","asciiname":"Kyaikkami","alternatenames":["Amherst","Kyaikkami"],"latitude":"16.07686","longitude":"97.56388","feature_class":"P","feature_code":"PPL","country_code":"MM","cc2":"","admin1_code":"13","admin2_code":"","admin3_code":"","admin4_code":"","population":"48100","elevation":"","dem":"21","timezone":"Asia/Rangoon","modification_date":"2012-12-06"},{"geonameid":"1319533","name":"Kayan","asciiname":"Kayan","alternatenames":[""],"latitude":"16.90802","longitude":"96.56037","feature_class":"P","feature_code":"PPL","country_code":"MM","cc2":"","admin1_code":"17","admin2_code":"","admin3_code":"","admin4_code":"","population":"40322","elevation":"","dem":"13","timezone":"Asia/Rangoon","modification_date":"2012-12-06"},{"geonameid":"1320944","name":"Kanbe","asciiname":"Kanbe","alternatenames":["Kanbe","Kanhe","Канбе"],"latitude":"16.70728","longitude":"96.00168","feature_class":"P","feature_code":"PPL","country_code":"MM","cc2":"","admin1_code":"17","admin2_code":"","admin3_code":"","admin4_code":"","population":"58146","elevation":"","dem":"12","timezone":"Asia/Rangoon","modification_date":"2012-12-06"},{"geonameid":"1325211","name":"Hinthada","asciiname":"Hinthada","alternatenames":["HEB","Henzada","Hintada","Hinthada"],"latitude":"17.64944","longitude":"95.45705","feature_class":"P","feature_code":"PPL","country_code":"MM","cc2":"","admin1_code":"03","admin2_code":"","admin3_code":"","admin4_code":"","population":"134947","elevation":"","dem":"15","timezone":"Asia/Rangoon","modification_date":"2014-04-06"},{"geonameid":"1325443","name":"Hakha","asciiname":"Hakha","alternatenames":["ဟားခါးမြ","ဟားခါးမြို့"],"latitude":"22.65","longitude":"93.61667","feature_class":"P","feature_code":"PPLA","country_code":"MM","cc2":"","admin1_code":"02","admin2_code":"","admin3_code":"","admin4_code":"","population":"20000","elevation":"","dem":"1723","timezone":"Asia/Rangoon","modification_date":"2013-08-04"},{"geonameid":"1326105","name":"Falam","asciiname":"Falam","alternatenames":["Falam","Palan","Фалам"],"latitude":"22.91335","longitude":"93.67779","feature_class":"P","feature_code":"PPL","country_code":"MM","cc2":"","admin1_code":"02","admin2_code":"","admin3_code":"","admin4_code":"","population":"5404","elevation":"","dem":"1579","timezone":"Asia/Rangoon","modification_date":"2012-12-06"},{"geonameid":"1327659","name":"Chauk","asciiname":"Chauk","alternatenames":["Chauk","Chouk","Чаук"],"latitude":"20.89921","longitude":"94.81784","feature_class":"P","feature_code":"PPL","country_code":"MM","cc2":"","admin1_code":"15","admin2_code":"","admin3_code":"","admin4_code":"","population":"90870","elevation":"","dem":"59","timezone":"Asia/Rangoon","modification_date":"2012-12-06"},{"geonameid":"1328121","name":"Bogale","asciiname":"Bogale","alternatenames":["Bogale"],"latitude":"16.29415","longitude":"95.39742","feature_class":"P","feature_code":"PPL","country_code":"MM","cc2":"","admin1_code":"03","admin2_code":"","admin3_code":"","admin4_code":"","population":"68938","elevation":"","dem":"11","timezone":"Asia/Rangoon","modification_date":"2012-12-06"},{"geonameid":"1328218","name":"Bhamo","asciiname":"Bhamo","alternatenames":["BMO","Bamo","Banmaw","Banmo","Bhamo","Hsinkai","Бамо"],"latitude":"24.25256","longitude":"97.23357","feature_class":"P","feature_code":"PPL","country_code":"MM","cc2":"","admin1_code":"04","admin2_code":"","admin3_code":"","admin4_code":"","population":"47920","elevation":"","dem":"115","timezone":"Asia/Rangoon","modification_date":"2012-12-06"},{"geonameid":"1328421","name":"Pathein","asciiname":"Pathein","alternatenames":["BSX","Bassein","Patejn","Pathein","Puthein","Патейн"],"latitude":"16.77919","longitude":"94.73212","feature_class":"P","feature_code":"PPLA","country_code":"MM","cc2":"","admin1_code":"03","admin2_code":"","admin3_code":"","admin4_code":"","population":"237089","elevation":"","dem":"8","timezone":"Asia/Rangoon","modification_date":"2013-09-21"},{"geonameid":"1329239","name":"Myaydo","asciiname":"Myaydo","alternatenames":["Allanmyo","Aunglan","Aunglanmyo","Myaydo"],"latitude":"19.36838","longitude":"95.21512","feature_class":"P","feature_code":"PPL","country_code":"MM","cc2":"","admin1_code":"15","admin2_code":"","admin3_code":"","admin4_code":"","population":"57897","elevation":"","dem":"48","timezone":"Asia/Rangoon","modification_date":"2012-12-06"},{"geonameid":"6611854","name":"Nay Pyi Taw","asciiname":"Nay Pyi Taw","alternatenames":["NYT","Naipidau","Nay Pyi Taw","Naypyidaw","Naypyitaw","Ne Pyi Daw"],"latitude":"19.745","longitude":"96.12972","feature_class":"P","feature_code":"PPLC","country_code":"MM","cc2":"","admin1_code":"08","admin2_code":"","admin3_code":"","admin4_code":"","population":"925000","elevation":"","dem":"122","timezone":"Asia/Rangoon","modification_date":"2015-04-28"},{"geonameid":"1285173","name":"Yenangyaung","asciiname":"Yenangyaung","alternatenames":["Yaynangyoung","Yenangyaung","Yenangyoung"],"latitude":"20.46504","longitude":"94.8712","feature_class":"P","feature_code":"PPL","country_code":"MM","cc2":"","admin1_code":"15","admin2_code":"","admin3_code":"","admin4_code":"","population":"110553","elevation":"","dem":"56","timezone":"Asia/Rangoon","modification_date":"2012-12-06"},{"geonameid":"1285871","name":"Nyaungdon","asciiname":"Nyaungdon","alternatenames":["Nyanngdon","Nyaung-dun","Nyaungdon","Yandoon","Yandun"],"latitude":"17.04459","longitude":"95.63957","feature_class":"P","feature_code":"PPL","country_code":"MM","cc2":"","admin1_code":"03","admin2_code":"","admin3_code":"","admin4_code":"","population":"40092","elevation":"","dem":"11","timezone":"Asia/Rangoon","modification_date":"2012-12-06"},{"geonameid":"1285899","name":"Yamethin","asciiname":"Yamethin","alternatenames":["Yamethin","Yamethinn"],"latitude":"20.43189","longitude":"96.13875","feature_class":"P","feature_code":"PPL","country_code":"MM","cc2":"","admin1_code":"08","admin2_code":"","admin3_code":"","admin4_code":"","population":"59867","elevation":"","dem":"203","timezone":"Asia/Rangoon","modification_date":"2012-12-06"},{"geonameid":"1289828","name":"Wakema","asciiname":"Wakema","alternatenames":["Wagay-ma","Wagema","Wagèma","Wakema","Wancuma","Wankinna"],"latitude":"16.60333","longitude":"95.18278","feature_class":"P","feature_code":"PPL","country_code":"MM","cc2":"","admin1_code":"03","admin2_code":"","admin3_code":"","admin4_code":"","population":"42705","elevation":"","dem":"11","timezone":"Asia/Rangoon","modification_date":"2012-12-06"},{"geonameid":"1290374","name":"Twante","asciiname":"Twante","alternatenames":[""],"latitude":"16.71047","longitude":"95.92866","feature_class":"P","feature_code":"PPL","country_code":"MM","cc2":"","admin1_code":"17","admin2_code":"","admin3_code":"","admin4_code":"","population":"46516","elevation":"","dem":"14","timezone":"Asia/Rangoon","modification_date":"2012-12-06"},{"geonameid":"1290596","name":"Taungoo","asciiname":"Taungoo","alternatenames":["Taung-ngu","Taungoo","Taungu","Toungoo","Таунгу"],"latitude":"18.94291","longitude":"96.43408","feature_class":"P","feature_code":"PPL","country_code":"MM","cc2":"","admin1_code":"16","admin2_code":"","admin3_code":"","admin4_code":"","population":"106945","elevation":"","dem":"56","timezone":"Asia/Rangoon","modification_date":"2012-12-06"},{"geonameid":"1291193","name":"Thongwa","asciiname":"Thongwa","alternatenames":["Thon-Khwa","Thongwa"],"latitude":"16.75998","longitude":"96.52498","feature_class":"P","feature_code":"PPL","country_code":"MM","cc2":"","admin1_code":"17","admin2_code":"","admin3_code":"","admin4_code":"","population":"52496","elevation":"","dem":"10","timezone":"Asia/Rangoon","modification_date":"2012-12-06"},{"geonameid":"1292037","name":"Thayetmyo","asciiname":"Thayetmyo","alternatenames":["Thayetmo","Thayetmyo","Thyatmyo"],"latitude":"19.32076","longitude":"95.18272","feature_class":"P","feature_code":"PPL","country_code":"MM","cc2":"","admin1_code":"15","admin2_code":"","admin3_code":"","admin4_code":"","population":"98185","elevation":"","dem":"47","timezone":"Asia/Rangoon","modification_date":"2012-12-06"},{"geonameid":"1292288","name":"Thaton","asciiname":"Thaton","alternatenames":["Tha-tun","Thadon","Thadôn","Thaton"],"latitude":"16.91867","longitude":"97.37001","feature_class":"P","feature_code":"PPL","country_code":"MM","cc2":"","admin1_code":"13","admin2_code":"","admin3_code":"","admin4_code":"","population":"123727","elevation":"","dem":"24","timezone":"Asia/Rangoon","modification_date":"2012-12-06"},{"geonameid":"1292313","name":"Tharyarwady","asciiname":"Tharyarwady","alternatenames":["Tharrawaddy","Tharyarwady","Thayawadi"],"latitude":"17.65399","longitude":"95.78813","feature_class":"P","feature_code":"PPL","country_code":"MM","cc2":"","admin1_code":"16","admin2_code":"","admin3_code":"","admin4_code":"","population":"54386","elevation":"","dem":"17","timezone":"Asia/Rangoon","modification_date":"2012-12-06"},{"geonameid":"1292579","name":"Thanatpin","asciiname":"Thanatpin","alternatenames":["Tanatpin","Thanatpin"],"latitude":"17.29136","longitude":"96.57523","feature_class":"P","feature_code":"PPL","country_code":"MM","cc2":"","admin1_code":"16","admin2_code":"","admin3_code":"","admin4_code":"","population":"38059","elevation":"","dem":"13","timezone":"Asia/Rangoon","modification_date":"2013-01-11"},{"geonameid":"1292580","name":"Thanatpin","asciiname":"Thanatpin","alternatenames":[""],"latitude":"17.21194","longitude":"96.30333","feature_class":"P","feature_code":"PPLL","country_code":"MM","cc2":"","admin1_code":"16","admin2_code":"","admin3_code":"","admin4_code":"","population":"39000","elevation":"10","dem":"9","timezone":"Asia/Rangoon","modification_date":"2007-08-04"},{"geonameid":"1293625","name":"Dawei","asciiname":"Dawei","alternatenames":["Dawei","Tavoy","Tawe","Tawè"],"latitude":"14.07375","longitude":"98.19423","feature_class":"P","feature_code":"PPLA","country_code":"MM","cc2":"","admin1_code":"12","admin2_code":"","admin3_code":"","admin4_code":"","population":"136783","elevation":"","dem":"13","timezone":"Asia/Rangoon","modification_date":"2012-12-06"},{"geonameid":"1293960","name":"Taunggyi","asciiname":"Taunggyi","alternatenames":["Taunggi Mong","Taunggyi"],"latitude":"20.78919","longitude":"97.03776","feature_class":"P","feature_code":"PPLA","country_code":"MM","cc2":"","admin1_code":"11","admin2_code":"","admin3_code":"","admin4_code":"","population":"160115","elevation":"","dem":"1396","timezone":"Asia/Rangoon","modification_date":"2012-12-06"},{"geonameid":"1294041","name":"Taungdwingyi","asciiname":"Taungdwingyi","alternatenames":["Taungdwingyi"],"latitude":"20.0065","longitude":"95.54531","feature_class":"P","feature_code":"PPL","country_code":"MM","cc2":"","admin1_code":"15","admin2_code":"","admin3_code":"","admin4_code":"","population":"70094","elevation":"","dem":"143","timezone":"Asia/Rangoon","modification_date":"2012-12-06"},{"geonameid":"1295395","name":"Syriam","asciiname":"Syriam","alternatenames":[""],"latitude":"16.76887","longitude":"96.24503","feature_class":"P","feature_code":"PPL","country_code":"MM","cc2":"","admin1_code":"17","admin2_code":"","admin3_code":"","admin4_code":"","population":"69448","elevation":"","dem":"24","timezone":"Asia/Rangoon","modification_date":"2012-12-06"},{"geonameid":"1295765","name":"Sittwe","asciiname":"Sittwe","alternatenames":["AKY","Ak'jab","Akjab","Akyab","Sittwe","Situeh","Sitve","Sitvė","akyab","shi dui","shittou~e","sitave","siteuwe","Акьяб","Ситуэ","اکیاب","सितवे","စစ်တွေမြို့","シットウェ","实兑","시트웨"],"latitude":"20.14624","longitude":"92.89835","feature_class":"P","feature_code":"PPLA","country_code":"MM","cc2":"","admin1_code":"01","admin2_code":"","admin3_code":"","admin4_code":"","population":"177743","elevation":"","dem":"5","timezone":"Asia/Rangoon","modification_date":"2014-04-06"},{"geonameid":"1296736","name":"Shwebo","asciiname":"Shwebo","alternatenames":["Shwebo"],"latitude":"22.56925","longitude":"95.69818","feature_class":"P","feature_code":"PPL","country_code":"MM","cc2":"","admin1_code":"10","admin2_code":"","admin3_code":"","admin4_code":"","population":"88914","elevation":"","dem":"111","timezone":"Asia/Rangoon","modification_date":"2012-12-06"},{"geonameid":"1298482","name":"Sagaing","asciiname":"Sagaing","alternatenames":["Sagajn","Sagang","Sitkaing","Сагайн"],"latitude":"21.8787","longitude":"95.97965","feature_class":"P","feature_code":"PPLA","country_code":"MM","cc2":"","admin1_code":"10","admin2_code":"","admin3_code":"","admin4_code":"","population":"78739","elevation":"","dem":"75","timezone":"Asia/Rangoon","modification_date":"2010-01-29"},{"geonameid":"1298824","name":"Yangon","asciiname":"Yangon","alternatenames":["Dagon","Gian'nkon","Gorad Jangon","Jangon","Jangon khot","Jangona","Jangono","Jangun","Jangún","Ngiong-kong","Ngióng-kông","RGN","Rangon","Rangoon","Rangoun","Rangum","Rangun","Rangunas","Rangún","Rangūnas","Yangon","Yangôn","iyanguna","raguna","ranguna","rngwn","yang guang","yang-gon","yanghwn","yangkung","yangon","yanguna","yangwn","yankon","Ýangon","Γιανγκόν","Јангон","Горад Янгон","Рангун","Янгон","Янгон хот","Յանգոն","יאנגון","رنگون","يانغون","یانگون","यांगून","रङ्गुन","ইয়াংগুন","ਰੰਗੂਨ","யங்கோன்","యాంగోన్","യംഗോൺ","ย่างกุ้ง","ཡང་ཀོང་།","ရန်ကုန်မြို့","ያንጎን","យ៉ាំងហ្គូន","ヤンゴン","仰光","양곤"],"latitude":"16.80528","longitude":"96.15611","feature_class":"P","feature_code":"PPLA","country_code":"MM","cc2":"","admin1_code":"17","admin2_code":"","admin3_code":"","admin4_code":"","population":"4477638","elevation":"","dem":"30","timezone":"Asia/Rangoon","modification_date":"2014-04-26"},{"geonameid":"1298911","name":"Pyu","asciiname":"Pyu","alternatenames":["Pyu"],"latitude":"18.4813","longitude":"96.43742","feature_class":"P","feature_code":"PPL","country_code":"MM","cc2":"","admin1_code":"16","admin2_code":"","admin3_code":"","admin4_code":"","population":"40386","elevation":"","dem":"55","timezone":"Asia/Rangoon","modification_date":"2012-12-06"},{"geonameid":"1298987","name":"Pyinmana","asciiname":"Pyinmana","alternatenames":["P'inmana","Pjinmana","Pyinmana","Pyinmank","Rangun","bin ma na","nai bi duo","pin ma na","pinmana","Пьинмана","Рангун","ปีนมานา","ピンマナ","奈比多","彬馬那","핀마나"],"latitude":"19.7381","longitude":"96.20742","feature_class":"P","feature_code":"PPL","country_code":"MM","cc2":"","admin1_code":"08","admin2_code":"","admin3_code":"","admin4_code":"","population":"97409","elevation":"","dem":"101","timezone":"Asia/Rangoon","modification_date":"2012-12-06"},{"geonameid":"1299154","name":"Pyay","asciiname":"Pyay","alternatenames":["PRU","Prome","Pyay","Pye","Pyei","Pyit","Проме"],"latitude":"18.82464","longitude":"95.22216","feature_class":"P","feature_code":"PPL","country_code":"MM","cc2":"","admin1_code":"16","admin2_code":"","admin3_code":"","admin4_code":"","population":"135308","elevation":"","dem":"32","timezone":"Asia/Rangoon","modification_date":"2012-12-06"},{"geonameid":"1299237","name":"Pyapon","asciiname":"Pyapon","alternatenames":["P'japon","Pyabon","Pyabôn","Pyapon","Pyapun","Пьяпон"],"latitude":"16.28543","longitude":"95.67882","feature_class":"P","feature_code":"PPL","country_code":"MM","cc2":"","admin1_code":"03","admin2_code":"","admin3_code":"","admin4_code":"","population":"65601","elevation":"","dem":"8","timezone":"Asia/Rangoon","modification_date":"2012-12-06"},{"geonameid":"1300466","name":"Bago","asciiname":"Bago","alternatenames":["Bagas","Bago","Begu","Pegou","Pegu","Pégou","bago","bo gu","hng saw di","peku","Пегу","பெகு","หงสาวดี","ပဲခူးမြို့","バゴー","勃固","바고"],"latitude":"17.33521","longitude":"96.48135","feature_class":"P","feature_code":"PPLA","country_code":"MM","cc2":"","admin1_code":"16","admin2_code":"","admin3_code":"","admin4_code":"","population":"244376","elevation":"","dem":"18","timezone":"Asia/Rangoon","modification_date":"2013-05-08"},{"geonameid":"1300969","name":"Paungde","asciiname":"Paungde","alternatenames":["Paung-deh","Paungde"],"latitude":"18.49167","longitude":"95.50591","feature_class":"P","feature_code":"PPL","country_code":"MM","cc2":"","admin1_code":"16","admin2_code":"","admin3_code":"","admin4_code":"","population":"36971","elevation":"","dem":"35","timezone":"Asia/Rangoon","modification_date":"2012-12-06"},{"geonameid":"1302439","name":"Pakokku","asciiname":"Pakokku","alternatenames":["PKK","Pagukku","Pakkoku","Pakokku","Пакокку"],"latitude":"21.33489","longitude":"95.08438","feature_class":"P","feature_code":"PPL","country_code":"MM","cc2":"","admin1_code":"15","admin2_code":"","admin3_code":"","admin4_code":"","population":"126938","elevation":"","dem":"70","timezone":"Asia/Rangoon","modification_date":"2012-12-06"},{"geonameid":"1302849","name":"Hpa-an","asciiname":"Hpa-an","alternatenames":["Hpa-an","Pa-an","Pan"],"latitude":"16.88953","longitude":"97.63482","feature_class":"P","feature_code":"PPLA","country_code":"MM","cc2":"","admin1_code":"05","admin2_code":"","admin3_code":"","admin4_code":"","population":"50000","elevation":"","dem":"18","timezone":"Asia/Rangoon","modification_date":"2013-08-04"},{"geonameid":"1303406","name":"Nyaunglebin","asciiname":"Nyaunglebin","alternatenames":[""],"latitude":"17.95363","longitude":"96.72247","feature_class":"P","feature_code":"PPL","country_code":"MM","cc2":"","admin1_code":"16","admin2_code":"","admin3_code":"","admin4_code":"","population":"89626","elevation":"","dem":"19","timezone":"Asia/Rangoon","modification_date":"2012-12-06"},{"geonameid":"1307741","name":"Myitkyina","asciiname":"Myitkyina","alternatenames":["M'ichina","Michina","Mjicina","Mjičina","Myitkyin","Myitkyina","Myitkyinā","mi zhi na","michina","mit ci na","mitchina","Мичина","Мьичина","มิตจีนา","မြစ်ကြီးနားမြို့","ミッチーナー","密支那","미치나"],"latitude":"25.38641","longitude":"97.39439","feature_class":"P","feature_code":"PPLA","country_code":"MM","cc2":"","admin1_code":"04","admin2_code":"","admin3_code":"","admin4_code":"","population":"90894","elevation":"","dem":"144","timezone":"Asia/Rangoon","modification_date":"2013-03-05"},{"geonameid":"1307835","name":"Myingyan","asciiname":"Myingyan","alternatenames":["Myingan","Myingyan"],"latitude":"21.46002","longitude":"95.3884","feature_class":"P","feature_code":"PPL","country_code":"MM","cc2":"","admin1_code":"08","admin2_code":"","admin3_code":"","admin4_code":"","population":"141713","elevation":"","dem":"76","timezone":"Asia/Rangoon","modification_date":"2012-12-06"},{"geonameid":"1308204","name":"Myanaung","asciiname":"Myanaung","alternatenames":["Myanaung"],"latitude":"18.28651","longitude":"95.32014","feature_class":"P","feature_code":"PPL","country_code":"MM","cc2":"","admin1_code":"03","admin2_code":"","admin3_code":"","admin4_code":"","population":"42252","elevation":"","dem":"26","timezone":"Asia/Rangoon","modification_date":"2012-12-06"},{"geonameid":"1308415","name":"Mudon","asciiname":"Mudon","alternatenames":["Mudon"],"latitude":"16.25624","longitude":"97.7246","feature_class":"P","feature_code":"PPL","country_code":"MM","cc2":"","admin1_code":"13","admin2_code":"","admin3_code":"","admin4_code":"","population":"89123","elevation":"","dem":"22","timezone":"Asia/Rangoon","modification_date":"2012-12-06"},{"geonameid":"1308464","name":"Mawlamyinegyunn","asciiname":"Mawlamyinegyunn","alternatenames":["Mawlamyainggyun","Mawlamyinegyunn","Moulmeingyu","Moulmeingyun"],"latitude":"16.3772","longitude":"95.26488","feature_class":"P","feature_code":"PPL","country_code":"MM","cc2":"","admin1_code":"03","admin2_code":"","admin3_code":"","admin4_code":"","population":"39115","elevation":"","dem":"8","timezone":"Asia/Rangoon","modification_date":"2012-12-06"},{"geonameid":"1308465","name":"Mawlamyine","asciiname":"Mawlamyine","alternatenames":["MNU","Maulamiain","Mawlamyaing","Mawlamyine","Molam'jajn","Molamjainas","Molamyaing","Moulamjin","Moulmein","Mulmejn","mao dan mian","meaa la leing","moramyain","moulmein","Моламьяйн","Моуламјин","เมาะลำเลิง","မောလမြင","မော်လမြိုင်","モーラミャイン","毛淡棉","모울메인"],"latitude":"16.49051","longitude":"97.62825","feature_class":"P","feature_code":"PPLA","country_code":"MM","cc2":"","admin1_code":"13","admin2_code":"","admin3_code":"","admin4_code":"","population":"438861","elevation":"","dem":"52","timezone":"Asia/Rangoon","modification_date":"2013-06-29"},{"geonameid":"1308522","name":"Monywa","asciiname":"Monywa","alternatenames":["Monywa","NYW"],"latitude":"22.10856","longitude":"95.13583","feature_class":"P","feature_code":"PPL","country_code":"MM","cc2":"","admin1_code":"10","admin2_code":"","admin3_code":"","admin4_code":"","population":"182011","elevation":"","dem":"81","timezone":"Asia/Rangoon","modification_date":"2013-11-23"},{"geonameid":"1308937","name":"Mogok","asciiname":"Mogok","alternatenames":["Magok","Mogok","Могок"],"latitude":"22.91766","longitude":"96.50982","feature_class":"P","feature_code":"PPL","country_code":"MM","cc2":"","admin1_code":"08","admin2_code":"","admin3_code":"","admin4_code":"","population":"90843","elevation":"","dem":"1162","timezone":"Asia/Rangoon","modification_date":"2012-12-06"},{"geonameid":"1309289","name":"Minbu","asciiname":"Minbu","alternatenames":[""],"latitude":"20.18059","longitude":"94.87595","feature_class":"P","feature_code":"PPL","country_code":"MM","cc2":"","admin1_code":"15","admin2_code":"","admin3_code":"","admin4_code":"","population":"57342","elevation":"","dem":"49","timezone":"Asia/Rangoon","modification_date":"2012-12-06"},{"geonameid":"1309611","name":"Myeik","asciiname":"Myeik","alternatenames":["MGZ","Mergui","Myeik"],"latitude":"12.43954","longitude":"98.60028","feature_class":"P","feature_code":"PPL","country_code":"MM","cc2":"","admin1_code":"12","admin2_code":"","admin3_code":"","admin4_code":"","population":"173298","elevation":"","dem":"15","timezone":"Asia/Rangoon","modification_date":"2012-12-06"},{"geonameid":"1309793","name":"Meiktila","asciiname":"Meiktila","alternatenames":["Meiktila"],"latitude":"20.87776","longitude":"95.85844","feature_class":"P","feature_code":"PPL","country_code":"MM","cc2":"","admin1_code":"08","admin2_code":"","admin3_code":"","admin4_code":"","population":"177442","elevation":"","dem":"244","timezone":"Asia/Rangoon","modification_date":"2012-12-06"},{"geonameid":"1309937","name":"Pyin Oo Lwin","asciiname":"Pyin Oo Lwin","alternatenames":["Maymo","Maymyo","Meimyu","Memyo","Pyn U Lwin"],"latitude":"22.03501","longitude":"96.45683","feature_class":"P","feature_code":"PPL","country_code":"MM","cc2":"","admin1_code":"08","admin2_code":"8238738","admin3_code":"","admin4_code":"","population":"117303","elevation":"","dem":"1088","timezone":"Asia/Rangoon","modification_date":"2014-08-03"},{"geonameid":"1310120","name":"Mawlaik","asciiname":"Mawlaik","alternatenames":[""],"latitude":"23.64254","longitude":"94.40478","feature_class":"P","feature_code":"PPL","country_code":"MM","cc2":"","admin1_code":"10","admin2_code":"","admin3_code":"","admin4_code":"","population":"44540","elevation":"","dem":"129","timezone":"Asia/Rangoon","modification_date":"2012-11-08"},{"geonameid":"1310362","name":"Maubin","asciiname":"Maubin","alternatenames":["Ma-oo-beng","Manbin","Maubin"],"latitude":"16.73148","longitude":"95.65441","feature_class":"P","feature_code":"PPL","country_code":"MM","cc2":"","admin1_code":"03","admin2_code":"","admin3_code":"","admin4_code":"","population":"51542","elevation":"","dem":"11","timezone":"Asia/Rangoon","modification_date":"2012-12-06"},{"geonameid":"1310460","name":"Martaban","asciiname":"Martaban","alternatenames":["Martaban","Marteban","Moktama","Мартабан"],"latitude":"16.52834","longitude":"97.6157","feature_class":"P","feature_code":"PPL","country_code":"MM","cc2":"","admin1_code":"13","admin2_code":"","admin3_code":"","admin4_code":"","population":"48629","elevation":"","dem":"27","timezone":"Asia/Rangoon","modification_date":"2012-12-06"},{"geonameid":"1311874","name":"Mandalay","asciiname":"Mandalay","alternatenames":["Gorad Mandalaj","MDL","Mandalaj","Mandalaja","Mandalajo","Mandalajus","Mandalay","Mandalay piirkond","Mandale","Mandalej","man de lei","mandalay","mandale","mandallei","mandare","manth a ley","Горад Мандалай","Мандалай","Мандалеј","ماندالاي","मांडले","माण्डले","మాండలే","มัณฑะเลย์","မန္တလေးမြို့","マンダレー","曼德勒","만달레이"],"latitude":"21.97473","longitude":"96.08359","feature_class":"P","feature_code":"PPLA","country_code":"MM","cc2":"","admin1_code":"08","admin2_code":"","admin3_code":"","admin4_code":"","population":"1208099","elevation":"","dem":"83","timezone":"Asia/Rangoon","modification_date":"2010-05-30"},{"geonameid":"1312609","name":"Magway","asciiname":"Magway","alternatenames":["MWQ","Magueh","Magway","Magwe","Магуэ"],"latitude":"20.14956","longitude":"94.93246","feature_class":"P","feature_code":"PPLA","country_code":"MM","cc2":"","admin1_code":"15","admin2_code":"","admin3_code":"","admin4_code":"","population":"96954","elevation":"","dem":"60","timezone":"Asia/Rangoon","modification_date":"2013-04-02"},{"geonameid":"1313479","name":"Loikaw","asciiname":"Loikaw","alternatenames":["LIW","Loikaw","Lwegaw","Lwègaw"],"latitude":"19.67798","longitude":"97.20975","feature_class":"P","feature_code":"PPLA","country_code":"MM","cc2":"","admin1_code":"06","admin2_code":"","admin3_code":"","admin4_code":"","population":"17293","elevation":"","dem":"893","timezone":"Asia/Rangoon","modification_date":"2012-12-06"},{"geonameid":"1314042","name":"Letpandan","asciiname":"Letpandan","alternatenames":["Letpadan","Letpandan","Letpatan"],"latitude":"17.78664","longitude":"95.75076","feature_class":"P","feature_code":"PPL","country_code":"MM","cc2":"","admin1_code":"16","admin2_code":"","admin3_code":"","admin4_code":"","population":"38936","elevation":"","dem":"23","timezone":"Asia/Rangoon","modification_date":"2012-12-06"},{"geonameid":"1314759","name":"Lashio","asciiname":"Lashio","alternatenames":["LSH","Lasha","Lashio","Lasho","Лаша"],"latitude":"22.9359","longitude":"97.7498","feature_class":"P","feature_code":"PPL","country_code":"MM","cc2":"","admin1_code":"11","admin2_code":"","admin3_code":"","admin4_code":"","population":"131016","elevation":"","dem":"845","timezone":"Asia/Rangoon","modification_date":"2012-12-06"},{"geonameid":"1316703","name":"Kyaukse","asciiname":"Kyaukse","alternatenames":["Kyaukse"],"latitude":"21.6056","longitude":"96.13508","feature_class":"P","feature_code":"PPL","country_code":"MM","cc2":"","admin1_code":"08","admin2_code":"","admin3_code":"","admin4_code":"","population":"50480","elevation":"","dem":"86","timezone":"Asia/Rangoon","modification_date":"2012-12-06"},{"geonameid":"1317375","name":"Kyaikto","asciiname":"Kyaikto","alternatenames":["Kyaikto"],"latitude":"17.30858","longitude":"97.01124","feature_class":"P","feature_code":"PPL","country_code":"MM","cc2":"","admin1_code":"13","admin2_code":"","admin3_code":"","admin4_code":"","population":"48658","elevation":"","dem":"23","timezone":"Asia/Rangoon","modification_date":"2012-12-06"},{"geonameid":"1317397","name":"Kyaiklat","asciiname":"Kyaiklat","alternatenames":["Keiklat","Kyaiklat"],"latitude":"16.44502","longitude":"95.72373","feature_class":"P","feature_code":"PPL","country_code":"MM","cc2":"","admin1_code":"03","admin2_code":"","admin3_code":"","admin4_code":"","population":"52425","elevation":"","dem":"10","timezone":"Asia/Rangoon","modification_date":"2012-12-06"},{"geonameid":"1317402","name":"Kyaikkami","asciiname":"Kyaikkami","alternatenames":["Amherst","Kyaikkami"],"latitude":"16.07686","longitude":"97.56388","feature_class":"P","feature_code":"PPL","country_code":"MM","cc2":"","admin1_code":"13","admin2_code":"","admin3_code":"","admin4_code":"","population":"48100","elevation":"","dem":"21","timezone":"Asia/Rangoon","modification_date":"2012-12-06"},{"geonameid":"1319533","name":"Kayan","asciiname":"Kayan","alternatenames":[""],"latitude":"16.90802","longitude":"96.56037","feature_class":"P","feature_code":"PPL","country_code":"MM","cc2":"","admin1_code":"17","admin2_code":"","admin3_code":"","admin4_code":"","population":"40322","elevation":"","dem":"13","timezone":"Asia/Rangoon","modification_date":"2012-12-06"},{"geonameid":"1320944","name":"Kanbe","asciiname":"Kanbe","alternatenames":["Kanbe","Kanhe","Канбе"],"latitude":"16.70728","longitude":"96.00168","feature_class":"P","feature_code":"PPL","country_code":"MM","cc2":"","admin1_code":"17","admin2_code":"","admin3_code":"","admin4_code":"","population":"58146","elevation":"","dem":"12","timezone":"Asia/Rangoon","modification_date":"2012-12-06"},{"geonameid":"1325211","name":"Hinthada","asciiname":"Hinthada","alternatenames":["HEB","Henzada","Hintada","Hinthada"],"latitude":"17.64944","longitude":"95.45705","feature_class":"P","feature_code":"PPL","country_code":"MM","cc2":"","admin1_code":"03","admin2_code":"","admin3_code":"","admin4_code":"","population":"134947","elevation":"","dem":"15","timezone":"Asia/Rangoon","modification_date":"2014-04-06"},{"geonameid":"1325443","name":"Hakha","asciiname":"Hakha","alternatenames":["ဟားခါးမြ","ဟားခါးမြို့"],"latitude":"22.65","longitude":"93.61667","feature_class":"P","feature_code":"PPLA","country_code":"MM","cc2":"","admin1_code":"02","admin2_code":"","admin3_code":"","admin4_code":"","population":"20000","elevation":"","dem":"1723","timezone":"Asia/Rangoon","modification_date":"2013-08-04"},{"geonameid":"1327659","name":"Chauk","asciiname":"Chauk","alternatenames":["Chauk","Chouk","Чаук"],"latitude":"20.89921","longitude":"94.81784","feature_class":"P","feature_code":"PPL","country_code":"MM","cc2":"","admin1_code":"15","admin2_code":"","admin3_code":"","admin4_code":"","population":"90870","elevation":"","dem":"59","timezone":"Asia/Rangoon","modification_date":"2012-12-06"},{"geonameid":"1328121","name":"Bogale","asciiname":"Bogale","alternatenames":["Bogale"],"latitude":"16.29415","longitude":"95.39742","feature_class":"P","feature_code":"PPL","country_code":"MM","cc2":"","admin1_code":"03","admin2_code":"","admin3_code":"","admin4_code":"","population":"68938","elevation":"","dem":"11","timezone":"Asia/Rangoon","modification_date":"2012-12-06"},{"geonameid":"1328218","name":"Bhamo","asciiname":"Bhamo","alternatenames":["BMO","Bamo","Banmaw","Banmo","Bhamo","Hsinkai","Бамо"],"latitude":"24.25256","longitude":"97.23357","feature_class":"P","feature_code":"PPL","country_code":"MM","cc2":"","admin1_code":"04","admin2_code":"","admin3_code":"","admin4_code":"","population":"47920","elevation":"","dem":"115","timezone":"Asia/Rangoon","modification_date":"2012-12-06"},{"geonameid":"1328421","name":"Pathein","asciiname":"Pathein","alternatenames":["BSX","Bassein","Patejn","Pathein","Puthein","Патейн"],"latitude":"16.77919","longitude":"94.73212","feature_class":"P","feature_code":"PPLA","country_code":"MM","cc2":"","admin1_code":"03","admin2_code":"","admin3_code":"","admin4_code":"","population":"237089","elevation":"","dem":"8","timezone":"Asia/Rangoon","modification_date":"2013-09-21"},{"geonameid":"1329239","name":"Myaydo","asciiname":"Myaydo","alternatenames":["Allanmyo","Aunglan","Aunglanmyo","Myaydo"],"latitude":"19.36838","longitude":"95.21512","feature_class":"P","feature_code":"PPL","country_code":"MM","cc2":"","admin1_code":"15","admin2_code":"","admin3_code":"","admin4_code":"","population":"57897","elevation":"","dem":"48","timezone":"Asia/Rangoon","modification_date":"2012-12-06"},{"geonameid":"6611854","name":"Nay Pyi Taw","asciiname":"Nay Pyi Taw","alternatenames":["NYT","Naipidau","Nay Pyi Taw","Naypyidaw","Naypyitaw","Ne Pyi Daw"],"latitude":"19.745","longitude":"96.12972","feature_class":"P","feature_code":"PPLC","country_code":"MM","cc2":"","admin1_code":"08","admin2_code":"","admin3_code":"","admin4_code":"","population":"925000","elevation":"","dem":"122","timezone":"Asia/Rangoon","modification_date":"2015-04-28"}]}