{"country_data":{"ISO":"NA","ISO3":"NAM","ISO_Numeric":"516","fips":"WA","country":"Namibia","capital":"Windhoek","area":"825418","Population":"2128471","Continent":"AF","tld":".na","CurrencyCode":"NAD","CurrencyName":"Dollar","Phone":"264","Postal_Code_Format":"","Postal_Code_Regex":"","Languages":"en-NA,af,de,hz,naq","geonameid":"3355338","neighbours":"ZA,BW,ZM,AO","EquivalentFipsCode":""},"cities":[{"geonameid":"877178","name":"Katima Mulilo","asciiname":"Katima Mulilo","alternatenames":["Katima Molilo","Katima Mulilas","Katima Mulilo","Katima-Mulilo","ka di ma mu li luo","katimamullillo","Катима Мулило","Катима-Мулило","Катіма-Муліло","קאטימה מולילו","カティマ・ムリロ","卡蒂马穆利洛","카티마물릴로"],"latitude":"-17.5","longitude":"24.26667","feature_class":"P","feature_code":"PPLA","country_code":"NA","cc2":"","admin1_code":"28","admin2_code":"","admin3_code":"","admin4_code":"","population":"25027","elevation":"","dem":"946","timezone":"Africa/Windhoek","modification_date":"2012-01-16"},{"geonameid":"877349","name":"Bagani","asciiname":"Bagani","alternatenames":["BQI","Bagani"],"latitude":"-18.11065","longitude":"21.61645","feature_class":"P","feature_code":"PPL","country_code":"NA","cc2":"","admin1_code":"28","admin2_code":"","admin3_code":"","admin4_code":"","population":"2000","elevation":"","dem":"1007","timezone":"Africa/Windhoek","modification_date":"2013-05-08"},{"geonameid":"3352136","name":"Windhoek","asciiname":"Windhoek","alternatenames":["Gorad Vindkhuk","Gouintchouk","Vindguk","Vindhuk","Vindhuka","Vindhukas","Vindhuko","Vindkhuk","Vintchouk","WDH","Windhoek","Windhuk","Windoek","Windoèk","Wynhoeke","binteuhukeu","u~intofukku","vindahoka","vintok","vitahuka","wen de he ke","win dhuk","wyndhwk","wyndhwq","wyndھwk","Βίντχουκ","Γουίντχουκ","Виндхук","Віндгук","Горад Віндхук","Վինդհուկ","וינדהוק","ونڈہوک","ويندهوك","ویندهوک","ویندھوک","विंडहोक","ਵਿੰਟਹੁਕ","விந்தோக்","วินด์ฮุก","ཝིན་ཌི་ཧོཡིཀ།","ვინდჰუკი","ዊንድሁክ","ウィントフック","温得和克","빈트후크"],"latitude":"-22.55941","longitude":"17.08323","feature_class":"P","feature_code":"PPLC","country_code":"NA","cc2":"","admin1_code":"21","admin2_code":"","admin3_code":"","admin4_code":"","population":"268132","elevation":"","dem":"1656","timezone":"Africa/Windhoek","modification_date":"2010-05-30"},{"geonameid":"3352263","name":"Warmbad","asciiname":"Warmbad","alternatenames":["Warmbad"],"latitude":"-28.45","longitude":"18.73333","feature_class":"P","feature_code":"PPL","country_code":"NA","cc2":"","admin1_code":"31","admin2_code":"","admin3_code":"","admin4_code":"","population":"6700","elevation":"","dem":"702","timezone":"Africa/Windhoek","modification_date":"2012-02-01"},{"geonameid":"3352461","name":"Usakos","asciiname":"Usakos","alternatenames":["Usakos"],"latitude":"-22","longitude":"15.6","feature_class":"P","feature_code":"PPL","country_code":"NA","cc2":"","admin1_code":"29","admin2_code":"","admin3_code":"","admin4_code":"","population":"9147","elevation":"","dem":"891","timezone":"Africa/Windhoek","modification_date":"2012-01-17"},{"geonameid":"3352593","name":"Tsumeb","asciiname":"Tsumeb","alternatenames":["Cumeb","Cumebo","TSB","Tsoumeb","Tsumeb","chu mei bu","chumebeu","tsumebu","Τσουμέμπ","Цумеб","ツメブ","楚梅布","추메브"],"latitude":"-19.23333","longitude":"17.71667","feature_class":"P","feature_code":"PPL","country_code":"NA","cc2":"","admin1_code":"38","admin2_code":"","admin3_code":"","admin4_code":"","population":"12190","elevation":"","dem":"1281","timezone":"Africa/Windhoek","modification_date":"2013-11-01"},{"geonameid":"3352609","name":"Tses","asciiname":"Tses","alternatenames":["Tses"],"latitude":"-25.88333","longitude":"18","feature_class":"P","feature_code":"PPL","country_code":"NA","cc2":"","admin1_code":"31","admin2_code":"","admin3_code":"","admin4_code":"","population":"2000","elevation":"","dem":"932","timezone":"Africa/Windhoek","modification_date":"2013-05-05"},{"geonameid":"3352844","name":"Swakopmund","asciiname":"Swakopmund","alternatenames":["SWP","Svakopmund","Svakopmundas","Swakopmund","seubakopeumunteu","si wa ke pu meng de","sokapamunda","suwakopumunto","swwqwpmwnd","Свакопмунд","סווקופמונד","সোকপমুন্ড","スワコプムント","斯瓦科普蒙德","스바코프문트"],"latitude":"-22.68333","longitude":"14.53333","feature_class":"P","feature_code":"PPLA","country_code":"NA","cc2":"","admin1_code":"29","admin2_code":"","admin3_code":"","admin4_code":"","population":"25047","elevation":"","dem":"14","timezone":"Africa/Windhoek","modification_date":"2013-10-04"},{"geonameid":"3353383","name":"Rundu","asciiname":"Rundu","alternatenames":["NDU","Rundu","Runtu","long du","lundu","Рунду","龍杜","룬두"],"latitude":"-17.93333","longitude":"19.76667","feature_class":"P","feature_code":"PPLA","country_code":"NA","cc2":"","admin1_code":"40","admin2_code":"","admin3_code":"","admin4_code":"","population":"58172","elevation":"","dem":"1110","timezone":"Africa/Windhoek","modification_date":"2014-03-06"},{"geonameid":"3353540","name":"Rehoboth","asciiname":"Rehoboth","alternatenames":["Rehoboth","Rekhobot","Рехобот"],"latitude":"-23.31667","longitude":"17.08333","feature_class":"P","feature_code":"PPL","country_code":"NA","cc2":"","admin1_code":"30","admin2_code":"","admin3_code":"","admin4_code":"","population":"21377","elevation":"","dem":"1393","timezone":"Africa/Windhoek","modification_date":"2012-01-17"},{"geonameid":"3353715","name":"Outjo","asciiname":"Outjo","alternatenames":["Outjo"],"latitude":"-20.11667","longitude":"16.15","feature_class":"P","feature_code":"PPL","country_code":"NA","cc2":"","admin1_code":"32","admin2_code":"","admin3_code":"","admin4_code":"","population":"6557","elevation":"","dem":"1270","timezone":"Africa/Windhoek","modification_date":"2012-01-17"},{"geonameid":"3353811","name":"Otjiwarongo","asciiname":"Otjiwarongo","alternatenames":["Ot'ivarongo","Otiwarongo","Отьиваронго"],"latitude":"-20.46369","longitude":"16.64772","feature_class":"P","feature_code":"PPLA","country_code":"NA","cc2":"","admin1_code":"39","admin2_code":"","admin3_code":"","admin4_code":"","population":"21224","elevation":"","dem":"1475","timezone":"Africa/Windhoek","modification_date":"2013-07-04"},{"geonameid":"3353871","name":"Otjimbingwe","asciiname":"Otjimbingwe","alternatenames":["Otjimbingue","Otjimbingwe"],"latitude":"-22.35","longitude":"16.13333","feature_class":"P","feature_code":"PPL","country_code":"NA","cc2":"","admin1_code":"29","admin2_code":"","admin3_code":"","admin4_code":"","population":"7677","elevation":"","dem":"895","timezone":"Africa/Windhoek","modification_date":"2012-01-17"},{"geonameid":"3353934","name":"Otavi","asciiname":"Otavi","alternatenames":["Otavi","Otawi"],"latitude":"-19.65","longitude":"17.33333","feature_class":"P","feature_code":"PPL","country_code":"NA","cc2":"","admin1_code":"39","admin2_code":"","admin3_code":"","admin4_code":"","population":"4562","elevation":"","dem":"1414","timezone":"Africa/Windhoek","modification_date":"2012-01-17"},{"geonameid":"3353996","name":"Oshikango","asciiname":"Oshikango","alternatenames":["Oshikango"],"latitude":"-17.4","longitude":"15.88333","feature_class":"P","feature_code":"PPL","country_code":"NA","cc2":"","admin1_code":"33","admin2_code":"","admin3_code":"","admin4_code":"","population":"2658","elevation":"","dem":"1111","timezone":"Africa/Windhoek","modification_date":"2012-01-17"},{"geonameid":"3354021","name":"Oshakati","asciiname":"Oshakati","alternatenames":["Okatana","Osakatis","Oshakati","Ošakatis","ao sha ka di","Ошакати","奧沙卡蒂"],"latitude":"-17.78333","longitude":"15.68333","feature_class":"P","feature_code":"PPLA","country_code":"NA","cc2":"","admin1_code":"37","admin2_code":"","admin3_code":"","admin4_code":"","population":"33618","elevation":"","dem":"1099","timezone":"Africa/Windhoek","modification_date":"2012-01-14"},{"geonameid":"3354071","name":"Oranjemund","asciiname":"Oranjemund","alternatenames":["OMD","Orange Mouth","Orangemund","Oranjemond","Oranjemund"],"latitude":"-28.55","longitude":"16.43333","feature_class":"P","feature_code":"PPL","country_code":"NA","cc2":"","admin1_code":"31","admin2_code":"","admin3_code":"","admin4_code":"","population":"8496","elevation":"","dem":"27","timezone":"Africa/Windhoek","modification_date":"2014-08-18"},{"geonameid":"3354077","name":"Opuwo","asciiname":"Opuwo","alternatenames":["Ohopoho","Ohopuho","Opuwa"],"latitude":"-18.06068","longitude":"13.83998","feature_class":"P","feature_code":"PPLA","country_code":"NA","cc2":"","admin1_code":"32","admin2_code":"","admin3_code":"","admin4_code":"","population":"5101","elevation":"","dem":"1151","timezone":"Africa/Windhoek","modification_date":"2013-07-04"},{"geonameid":"3354147","name":"Ongwediva","asciiname":"Ongwediva","alternatenames":["Onguedira","Onguediva","Ongwediva"],"latitude":"-17.78333","longitude":"15.76667","feature_class":"P","feature_code":"PPL","country_code":"NA","cc2":"","admin1_code":"37","admin2_code":"","admin3_code":"","admin4_code":"","population":"9654","elevation":"","dem":"1098","timezone":"Africa/Windhoek","modification_date":"2012-01-17"},{"geonameid":"3354178","name":"Ongandjera","asciiname":"Ongandjera","alternatenames":["Okandjera","Ongandjera","Rehoboth"],"latitude":"-17.88333","longitude":"15.06667","feature_class":"P","feature_code":"PPL","country_code":"NA","cc2":"","admin1_code":"36","admin2_code":"","admin3_code":"","admin4_code":"","population":"2719","elevation":"","dem":"1104","timezone":"Africa/Windhoek","modification_date":"2012-01-17"},{"geonameid":"3354247","name":"Ondangwa","asciiname":"Ondangwa","alternatenames":["OND","Ondangua","Ondangwa","Ondonga"],"latitude":"-17.91667","longitude":"15.95","feature_class":"P","feature_code":"PPL","country_code":"NA","cc2":"","admin1_code":"37","admin2_code":"","admin3_code":"","admin4_code":"","population":"9124","elevation":"","dem":"1098","timezone":"Africa/Windhoek","modification_date":"2012-01-17"},{"geonameid":"3354367","name":"Omuthiya","asciiname":"Omuthiya","alternatenames":["Omuthiya Gwiipundi"],"latitude":"-17.71667","longitude":"16.21667","feature_class":"P","feature_code":"PPLA","country_code":"NA","cc2":"","admin1_code":"38","admin2_code":"","admin3_code":"","admin4_code":"","population":"5000","elevation":"","dem":"1109","timezone":"Africa/Windhoek","modification_date":"2013-07-04"},{"geonameid":"3354540","name":"Omaruru","asciiname":"Omaruru","alternatenames":["Omaruru"],"latitude":"-21.43333","longitude":"15.93333","feature_class":"P","feature_code":"PPL","country_code":"NA","cc2":"","admin1_code":"29","admin2_code":"","admin3_code":"","admin4_code":"","population":"11547","elevation":"","dem":"1206","timezone":"Africa/Windhoek","modification_date":"2012-01-17"},{"geonameid":"3354876","name":"Okakarara","asciiname":"Okakarara","alternatenames":["Okakarara"],"latitude":"-20.58333","longitude":"17.43333","feature_class":"P","feature_code":"PPL","country_code":"NA","cc2":"","admin1_code":"39","admin2_code":"","admin3_code":"","admin4_code":"","population":"5255","elevation":"","dem":"1347","timezone":"Africa/Windhoek","modification_date":"2012-01-17"},{"geonameid":"3354898","name":"Okahandja","asciiname":"Okahandja","alternatenames":["Okahandja","Okahanja"],"latitude":"-21.98333","longitude":"16.91667","feature_class":"P","feature_code":"PPL","country_code":"NA","cc2":"","admin1_code":"39","admin2_code":"","admin3_code":"","admin4_code":"","population":"20879","elevation":"","dem":"1339","timezone":"Africa/Windhoek","modification_date":"2012-01-17"},{"geonameid":"3355137","name":"Nkurenkuru","asciiname":"Nkurenkuru","alternatenames":["Kuring Kuru","Nkurenkuru"],"latitude":"-17.61667","longitude":"18.6","feature_class":"P","feature_code":"PPLA","country_code":"NA","cc2":"","admin1_code":"41","admin2_code":"","admin3_code":"","admin4_code":"","population":"0","elevation":"","dem":"1098","timezone":"Africa/Windhoek","modification_date":"2014-03-06"},{"geonameid":"3355595","name":"Mariental","asciiname":"Mariental","alternatenames":["Mariental"],"latitude":"-24.63333","longitude":"17.96667","feature_class":"P","feature_code":"PPLA","country_code":"NA","cc2":"","admin1_code":"30","admin2_code":"","admin3_code":"","admin4_code":"","population":"13380","elevation":"","dem":"1106","timezone":"Africa/Windhoek","modification_date":"2013-06-28"},{"geonameid":"3355624","name":"Maltahöhe","asciiname":"Maltahohe","alternatenames":["Maltahohe","Maltahöhe"],"latitude":"-24.83333","longitude":"16.98333","feature_class":"P","feature_code":"PPL","country_code":"NA","cc2":"","admin1_code":"30","admin2_code":"","admin3_code":"","admin4_code":"","population":"2329","elevation":"","dem":"1348","timezone":"Africa/Windhoek","modification_date":"2012-01-17"},{"geonameid":"3355672","name":"Lüderitz","asciiname":"Luderitz","alternatenames":["Ljuderic","Luderitz","Luederitz","Lüderitz","lu de li ci","lwidelicheu","ryuderittsu","Людериц","リューデリッツ","吕德里茨","뤼데리츠"],"latitude":"-26.64806","longitude":"15.15944","feature_class":"P","feature_code":"PPL","country_code":"NA","cc2":"","admin1_code":"31","admin2_code":"","admin3_code":"","admin4_code":"","population":"15137","elevation":"","dem":"50","timezone":"Africa/Windhoek","modification_date":"2012-01-17"},{"geonameid":"3356213","name":"Khorixas","asciiname":"Khorixas","alternatenames":["Khorixas","Wallwitch","Wellwitsch","Welwitsch","Welwitschia"],"latitude":"-20.36667","longitude":"14.96667","feature_class":"P","feature_code":"PPL","country_code":"NA","cc2":"","admin1_code":"32","admin2_code":"","admin3_code":"","admin4_code":"","population":"12021","elevation":"","dem":"972","timezone":"Africa/Windhoek","modification_date":"2012-01-17"},{"geonameid":"3356264","name":"Keetmanshoop","asciiname":"Keetmanshoop","alternatenames":["KMP","Keetmanshoop","Ketmanshopas","Ketmanskhop","Kitmanskhup","ji te man si hu pu","keiteumanseuhopeu","ketomansufupu","Кетмансхоп","Китмансхуп","ケートマンスフープ","基特曼斯胡普","케이트만스호프"],"latitude":"-26.58333","longitude":"18.13333","feature_class":"P","feature_code":"PPLA","country_code":"NA","cc2":"","admin1_code":"31","admin2_code":"","admin3_code":"","admin4_code":"","population":"15608","elevation":"","dem":"981","timezone":"Africa/Windhoek","modification_date":"2012-01-14"},{"geonameid":"3356332","name":"Karibib","asciiname":"Karibib","alternatenames":["Karibib"],"latitude":"-21.93333","longitude":"15.83333","feature_class":"P","feature_code":"PPL","country_code":"NA","cc2":"","admin1_code":"29","admin2_code":"","admin3_code":"","admin4_code":"","population":"6898","elevation":"","dem":"1158","timezone":"Africa/Windhoek","modification_date":"2012-01-17"},{"geonameid":"3356343","name":"Karasburg","asciiname":"Karasburg","alternatenames":["KAS","Kalkfontein","Kalkfontein South","Karasburg"],"latitude":"-28.01667","longitude":"18.75","feature_class":"P","feature_code":"PPL","country_code":"NA","cc2":"","admin1_code":"31","admin2_code":"","admin3_code":"","admin4_code":"","population":"6054","elevation":"","dem":"1017","timezone":"Africa/Windhoek","modification_date":"2013-10-26"},{"geonameid":"3356802","name":"Hoachanas","asciiname":"Hoachanas","alternatenames":["Hoachanas"],"latitude":"-23.91667","longitude":"18.05","feature_class":"P","feature_code":"PPL","country_code":"NA","cc2":"","admin1_code":"30","admin2_code":"","admin3_code":"","admin4_code":"","population":"3000","elevation":"","dem":"1264","timezone":"Africa/Windhoek","modification_date":"2013-05-05"},{"geonameid":"3356832","name":"Hentiesbaai","asciiname":"Hentiesbaai","alternatenames":["Henties Bay","Hentiesbaai"],"latitude":"-22.11667","longitude":"14.28333","feature_class":"P","feature_code":"PPL","country_code":"NA","cc2":"","admin1_code":"29","admin2_code":"","admin3_code":"","admin4_code":"","population":"3837","elevation":"","dem":"26","timezone":"Africa/Windhoek","modification_date":"2012-01-17"},{"geonameid":"3357114","name":"Grootfontein","asciiname":"Grootfontein","alternatenames":["GFY","Grootfontein","Groutfontein"],"latitude":"-19.56667","longitude":"18.11667","feature_class":"P","feature_code":"PPL","country_code":"NA","cc2":"","admin1_code":"39","admin2_code":"","admin3_code":"","admin4_code":"","population":"24099","elevation":"","dem":"1440","timezone":"Africa/Windhoek","modification_date":"2014-08-19"},{"geonameid":"3357247","name":"Gobabis","asciiname":"Gobabis","alternatenames":["GOG","Gobabis"],"latitude":"-22.45","longitude":"18.96667","feature_class":"P","feature_code":"PPLA","country_code":"NA","cc2":"","admin1_code":"35","admin2_code":"","admin3_code":"","admin4_code":"","population":"16321","elevation":"","dem":"1442","timezone":"Africa/Windhoek","modification_date":"2012-01-14"},{"geonameid":"3357804","name":"Eenhana","asciiname":"Eenhana","alternatenames":["Eenana","Eenhana","Enana"],"latitude":"-17.46667","longitude":"16.33333","feature_class":"P","feature_code":"PPLA","country_code":"NA","cc2":"NA","admin1_code":"33","admin2_code":"","admin3_code":"","admin4_code":"","population":"0","elevation":"","dem":"1121","timezone":"Africa/Windhoek","modification_date":"2012-01-14"},{"geonameid":"3358416","name":"Bethanie","asciiname":"Bethanie","alternatenames":["Bethanie","Bethanien","Bethany"],"latitude":"-26.48333","longitude":"17.15","feature_class":"P","feature_code":"PPL","country_code":"NA","cc2":"","admin1_code":"31","admin2_code":"","admin3_code":"","admin4_code":"","population":"10363","elevation":"","dem":"1005","timezone":"Africa/Windhoek","modification_date":"2012-01-17"},{"geonameid":"3358666","name":"Aranos","asciiname":"Aranos","alternatenames":["Aranos"],"latitude":"-24.13333","longitude":"19.11667","feature_class":"P","feature_code":"PPL","country_code":"NA","cc2":"","admin1_code":"30","admin2_code":"","admin3_code":"","admin4_code":"","population":"3430","elevation":"","dem":"1193","timezone":"Africa/Windhoek","modification_date":"2012-01-17"},{"geonameid":"3358670","name":"Arandis","asciiname":"Arandis","alternatenames":["ADI","Arandis"],"latitude":"-22.41667","longitude":"14.96667","feature_class":"P","feature_code":"PPL","country_code":"NA","cc2":"","admin1_code":"29","admin2_code":"","admin3_code":"","admin4_code":"","population":"4507","elevation":"","dem":"570","timezone":"Africa/Windhoek","modification_date":"2012-01-17"},{"geonameid":"3359638","name":"Walvis Bay","asciiname":"Walvis Bay","alternatenames":["Gorad Uolvis-Behj","Uolfish Bej","Uolfish-Bej","Valvis Bej","Volfis-Bej","Volvis Bejus","Volvis Bėjus","WVB","Walfisch-Bucht-Niederland","Walfischbucht","Walvis Bay","Walvisbaai","jing wan gang","u~orubisubei","wolbiseubei","Валвис Беј","Волфіш-Бей","Горад Уолвіс-Бэй","Уолфиш Бей","Уолфиш-Бей","ウォルビスベイ","鲸湾港","월비스베이"],"latitude":"-22.9575","longitude":"14.50528","feature_class":"P","feature_code":"PPL","country_code":"NA","cc2":"","admin1_code":"29","admin2_code":"","admin3_code":"","admin4_code":"","population":"52058","elevation":"","dem":"6","timezone":"Africa/Windhoek","modification_date":"2013-11-01"},{"geonameid":"3371197","name":"Outapi","asciiname":"Outapi","alternatenames":["Ombalantu","Outapi","Uutapi"],"latitude":"-17.5","longitude":"14.98333","feature_class":"P","feature_code":"PPLA","country_code":"NA","cc2":"","admin1_code":"36","admin2_code":"","admin3_code":"","admin4_code":"","population":"2640","elevation":"","dem":"1111","timezone":"Africa/Windhoek","modification_date":"2013-10-09"},{"geonameid":"877178","name":"Katima Mulilo","asciiname":"Katima Mulilo","alternatenames":["Katima Molilo","Katima Mulilas","Katima Mulilo","Katima-Mulilo","ka di ma mu li luo","katimamullillo","Катима Мулило","Катима-Мулило","Катіма-Муліло","קאטימה מולילו","カティマ・ムリロ","卡蒂马穆利洛","카티마물릴로"],"latitude":"-17.5","longitude":"24.26667","feature_class":"P","feature_code":"PPLA","country_code":"NA","cc2":"","admin1_code":"28","admin2_code":"","admin3_code":"","admin4_code":"","population":"25027","elevation":"","dem":"946","timezone":"Africa/Windhoek","modification_date":"2012-01-16"},{"geonameid":"3352136","name":"Windhoek","asciiname":"Windhoek","alternatenames":["Gorad Vindkhuk","Gouintchouk","Vindguk","Vindhuk","Vindhuka","Vindhukas","Vindhuko","Vindkhuk","Vintchouk","WDH","Windhoek","Windhuk","Windoek","Windoèk","Wynhoeke","binteuhukeu","u~intofukku","vindahoka","vintok","vitahuka","wen de he ke","win dhuk","wyndhwk","wyndhwq","wyndھwk","Βίντχουκ","Γουίντχουκ","Виндхук","Віндгук","Горад Віндхук","Վինդհուկ","וינדהוק","ونڈہوک","ويندهوك","ویندهوک","ویندھوک","विंडहोक","ਵਿੰਟਹੁਕ","விந்தோக்","วินด์ฮุก","ཝིན་ཌི་ཧོཡིཀ།","ვინდჰუკი","ዊንድሁክ","ウィントフック","温得和克","빈트후크"],"latitude":"-22.55941","longitude":"17.08323","feature_class":"P","feature_code":"PPLC","country_code":"NA","cc2":"","admin1_code":"21","admin2_code":"","admin3_code":"","admin4_code":"","population":"268132","elevation":"","dem":"1656","timezone":"Africa/Windhoek","modification_date":"2010-05-30"},{"geonameid":"3352263","name":"Warmbad","asciiname":"Warmbad","alternatenames":["Warmbad"],"latitude":"-28.45","longitude":"18.73333","feature_class":"P","feature_code":"PPL","country_code":"NA","cc2":"","admin1_code":"31","admin2_code":"","admin3_code":"","admin4_code":"","population":"6700","elevation":"","dem":"702","timezone":"Africa/Windhoek","modification_date":"2012-02-01"},{"geonameid":"3352461","name":"Usakos","asciiname":"Usakos","alternatenames":["Usakos"],"latitude":"-22","longitude":"15.6","feature_class":"P","feature_code":"PPL","country_code":"NA","cc2":"","admin1_code":"29","admin2_code":"","admin3_code":"","admin4_code":"","population":"9147","elevation":"","dem":"891","timezone":"Africa/Windhoek","modification_date":"2012-01-17"},{"geonameid":"3352593","name":"Tsumeb","asciiname":"Tsumeb","alternatenames":["Cumeb","Cumebo","TSB","Tsoumeb","Tsumeb","chu mei bu","chumebeu","tsumebu","Τσουμέμπ","Цумеб","ツメブ","楚梅布","추메브"],"latitude":"-19.23333","longitude":"17.71667","feature_class":"P","feature_code":"PPL","country_code":"NA","cc2":"","admin1_code":"38","admin2_code":"","admin3_code":"","admin4_code":"","population":"12190","elevation":"","dem":"1281","timezone":"Africa/Windhoek","modification_date":"2013-11-01"},{"geonameid":"3352844","name":"Swakopmund","asciiname":"Swakopmund","alternatenames":["SWP","Svakopmund","Svakopmundas","Swakopmund","seubakopeumunteu","si wa ke pu meng de","sokapamunda","suwakopumunto","swwqwpmwnd","Свакопмунд","סווקופמונד","সোকপমুন্ড","スワコプムント","斯瓦科普蒙德","스바코프문트"],"latitude":"-22.68333","longitude":"14.53333","feature_class":"P","feature_code":"PPLA","country_code":"NA","cc2":"","admin1_code":"29","admin2_code":"","admin3_code":"","admin4_code":"","population":"25047","elevation":"","dem":"14","timezone":"Africa/Windhoek","modification_date":"2013-10-04"},{"geonameid":"3353383","name":"Rundu","asciiname":"Rundu","alternatenames":["NDU","Rundu","Runtu","long du","lundu","Рунду","龍杜","룬두"],"latitude":"-17.93333","longitude":"19.76667","feature_class":"P","feature_code":"PPLA","country_code":"NA","cc2":"","admin1_code":"40","admin2_code":"","admin3_code":"","admin4_code":"","population":"58172","elevation":"","dem":"1110","timezone":"Africa/Windhoek","modification_date":"2014-03-06"},{"geonameid":"3353540","name":"Rehoboth","asciiname":"Rehoboth","alternatenames":["Rehoboth","Rekhobot","Рехобот"],"latitude":"-23.31667","longitude":"17.08333","feature_class":"P","feature_code":"PPL","country_code":"NA","cc2":"","admin1_code":"30","admin2_code":"","admin3_code":"","admin4_code":"","population":"21377","elevation":"","dem":"1393","timezone":"Africa/Windhoek","modification_date":"2012-01-17"},{"geonameid":"3353715","name":"Outjo","asciiname":"Outjo","alternatenames":["Outjo"],"latitude":"-20.11667","longitude":"16.15","feature_class":"P","feature_code":"PPL","country_code":"NA","cc2":"","admin1_code":"32","admin2_code":"","admin3_code":"","admin4_code":"","population":"6557","elevation":"","dem":"1270","timezone":"Africa/Windhoek","modification_date":"2012-01-17"},{"geonameid":"3353811","name":"Otjiwarongo","asciiname":"Otjiwarongo","alternatenames":["Ot'ivarongo","Otiwarongo","Отьиваронго"],"latitude":"-20.46369","longitude":"16.64772","feature_class":"P","feature_code":"PPLA","country_code":"NA","cc2":"","admin1_code":"39","admin2_code":"","admin3_code":"","admin4_code":"","population":"21224","elevation":"","dem":"1475","timezone":"Africa/Windhoek","modification_date":"2013-07-04"},{"geonameid":"3353871","name":"Otjimbingwe","asciiname":"Otjimbingwe","alternatenames":["Otjimbingue","Otjimbingwe"],"latitude":"-22.35","longitude":"16.13333","feature_class":"P","feature_code":"PPL","country_code":"NA","cc2":"","admin1_code":"29","admin2_code":"","admin3_code":"","admin4_code":"","population":"7677","elevation":"","dem":"895","timezone":"Africa/Windhoek","modification_date":"2012-01-17"},{"geonameid":"3354021","name":"Oshakati","asciiname":"Oshakati","alternatenames":["Okatana","Osakatis","Oshakati","Ošakatis","ao sha ka di","Ошакати","奧沙卡蒂"],"latitude":"-17.78333","longitude":"15.68333","feature_class":"P","feature_code":"PPLA","country_code":"NA","cc2":"","admin1_code":"37","admin2_code":"","admin3_code":"","admin4_code":"","population":"33618","elevation":"","dem":"1099","timezone":"Africa/Windhoek","modification_date":"2012-01-14"},{"geonameid":"3354071","name":"Oranjemund","asciiname":"Oranjemund","alternatenames":["OMD","Orange Mouth","Orangemund","Oranjemond","Oranjemund"],"latitude":"-28.55","longitude":"16.43333","feature_class":"P","feature_code":"PPL","country_code":"NA","cc2":"","admin1_code":"31","admin2_code":"","admin3_code":"","admin4_code":"","population":"8496","elevation":"","dem":"27","timezone":"Africa/Windhoek","modification_date":"2014-08-18"},{"geonameid":"3354077","name":"Opuwo","asciiname":"Opuwo","alternatenames":["Ohopoho","Ohopuho","Opuwa"],"latitude":"-18.06068","longitude":"13.83998","feature_class":"P","feature_code":"PPLA","country_code":"NA","cc2":"","admin1_code":"32","admin2_code":"","admin3_code":"","admin4_code":"","population":"5101","elevation":"","dem":"1151","timezone":"Africa/Windhoek","modification_date":"2013-07-04"},{"geonameid":"3354147","name":"Ongwediva","asciiname":"Ongwediva","alternatenames":["Onguedira","Onguediva","Ongwediva"],"latitude":"-17.78333","longitude":"15.76667","feature_class":"P","feature_code":"PPL","country_code":"NA","cc2":"","admin1_code":"37","admin2_code":"","admin3_code":"","admin4_code":"","population":"9654","elevation":"","dem":"1098","timezone":"Africa/Windhoek","modification_date":"2012-01-17"},{"geonameid":"3354247","name":"Ondangwa","asciiname":"Ondangwa","alternatenames":["OND","Ondangua","Ondangwa","Ondonga"],"latitude":"-17.91667","longitude":"15.95","feature_class":"P","feature_code":"PPL","country_code":"NA","cc2":"","admin1_code":"37","admin2_code":"","admin3_code":"","admin4_code":"","population":"9124","elevation":"","dem":"1098","timezone":"Africa/Windhoek","modification_date":"2012-01-17"},{"geonameid":"3354367","name":"Omuthiya","asciiname":"Omuthiya","alternatenames":["Omuthiya Gwiipundi"],"latitude":"-17.71667","longitude":"16.21667","feature_class":"P","feature_code":"PPLA","country_code":"NA","cc2":"","admin1_code":"38","admin2_code":"","admin3_code":"","admin4_code":"","population":"5000","elevation":"","dem":"1109","timezone":"Africa/Windhoek","modification_date":"2013-07-04"},{"geonameid":"3354540","name":"Omaruru","asciiname":"Omaruru","alternatenames":["Omaruru"],"latitude":"-21.43333","longitude":"15.93333","feature_class":"P","feature_code":"PPL","country_code":"NA","cc2":"","admin1_code":"29","admin2_code":"","admin3_code":"","admin4_code":"","population":"11547","elevation":"","dem":"1206","timezone":"Africa/Windhoek","modification_date":"2012-01-17"},{"geonameid":"3354876","name":"Okakarara","asciiname":"Okakarara","alternatenames":["Okakarara"],"latitude":"-20.58333","longitude":"17.43333","feature_class":"P","feature_code":"PPL","country_code":"NA","cc2":"","admin1_code":"39","admin2_code":"","admin3_code":"","admin4_code":"","population":"5255","elevation":"","dem":"1347","timezone":"Africa/Windhoek","modification_date":"2012-01-17"},{"geonameid":"3354898","name":"Okahandja","asciiname":"Okahandja","alternatenames":["Okahandja","Okahanja"],"latitude":"-21.98333","longitude":"16.91667","feature_class":"P","feature_code":"PPL","country_code":"NA","cc2":"","admin1_code":"39","admin2_code":"","admin3_code":"","admin4_code":"","population":"20879","elevation":"","dem":"1339","timezone":"Africa/Windhoek","modification_date":"2012-01-17"},{"geonameid":"3355137","name":"Nkurenkuru","asciiname":"Nkurenkuru","alternatenames":["Kuring Kuru","Nkurenkuru"],"latitude":"-17.61667","longitude":"18.6","feature_class":"P","feature_code":"PPLA","country_code":"NA","cc2":"","admin1_code":"41","admin2_code":"","admin3_code":"","admin4_code":"","population":"0","elevation":"","dem":"1098","timezone":"Africa/Windhoek","modification_date":"2014-03-06"},{"geonameid":"3355595","name":"Mariental","asciiname":"Mariental","alternatenames":["Mariental"],"latitude":"-24.63333","longitude":"17.96667","feature_class":"P","feature_code":"PPLA","country_code":"NA","cc2":"","admin1_code":"30","admin2_code":"","admin3_code":"","admin4_code":"","population":"13380","elevation":"","dem":"1106","timezone":"Africa/Windhoek","modification_date":"2013-06-28"},{"geonameid":"3355672","name":"Lüderitz","asciiname":"Luderitz","alternatenames":["Ljuderic","Luderitz","Luederitz","Lüderitz","lu de li ci","lwidelicheu","ryuderittsu","Людериц","リューデリッツ","吕德里茨","뤼데리츠"],"latitude":"-26.64806","longitude":"15.15944","feature_class":"P","feature_code":"PPL","country_code":"NA","cc2":"","admin1_code":"31","admin2_code":"","admin3_code":"","admin4_code":"","population":"15137","elevation":"","dem":"50","timezone":"Africa/Windhoek","modification_date":"2012-01-17"},{"geonameid":"3356213","name":"Khorixas","asciiname":"Khorixas","alternatenames":["Khorixas","Wallwitch","Wellwitsch","Welwitsch","Welwitschia"],"latitude":"-20.36667","longitude":"14.96667","feature_class":"P","feature_code":"PPL","country_code":"NA","cc2":"","admin1_code":"32","admin2_code":"","admin3_code":"","admin4_code":"","population":"12021","elevation":"","dem":"972","timezone":"Africa/Windhoek","modification_date":"2012-01-17"},{"geonameid":"3356264","name":"Keetmanshoop","asciiname":"Keetmanshoop","alternatenames":["KMP","Keetmanshoop","Ketmanshopas","Ketmanskhop","Kitmanskhup","ji te man si hu pu","keiteumanseuhopeu","ketomansufupu","Кетмансхоп","Китмансхуп","ケートマンスフープ","基特曼斯胡普","케이트만스호프"],"latitude":"-26.58333","longitude":"18.13333","feature_class":"P","feature_code":"PPLA","country_code":"NA","cc2":"","admin1_code":"31","admin2_code":"","admin3_code":"","admin4_code":"","population":"15608","elevation":"","dem":"981","timezone":"Africa/Windhoek","modification_date":"2012-01-14"},{"geonameid":"3356332","name":"Karibib","asciiname":"Karibib","alternatenames":["Karibib"],"latitude":"-21.93333","longitude":"15.83333","feature_class":"P","feature_code":"PPL","country_code":"NA","cc2":"","admin1_code":"29","admin2_code":"","admin3_code":"","admin4_code":"","population":"6898","elevation":"","dem":"1158","timezone":"Africa/Windhoek","modification_date":"2012-01-17"},{"geonameid":"3356343","name":"Karasburg","asciiname":"Karasburg","alternatenames":["KAS","Kalkfontein","Kalkfontein South","Karasburg"],"latitude":"-28.01667","longitude":"18.75","feature_class":"P","feature_code":"PPL","country_code":"NA","cc2":"","admin1_code":"31","admin2_code":"","admin3_code":"","admin4_code":"","population":"6054","elevation":"","dem":"1017","timezone":"Africa/Windhoek","modification_date":"2013-10-26"},{"geonameid":"3357114","name":"Grootfontein","asciiname":"Grootfontein","alternatenames":["GFY","Grootfontein","Groutfontein"],"latitude":"-19.56667","longitude":"18.11667","feature_class":"P","feature_code":"PPL","country_code":"NA","cc2":"","admin1_code":"39","admin2_code":"","admin3_code":"","admin4_code":"","population":"24099","elevation":"","dem":"1440","timezone":"Africa/Windhoek","modification_date":"2014-08-19"},{"geonameid":"3357247","name":"Gobabis","asciiname":"Gobabis","alternatenames":["GOG","Gobabis"],"latitude":"-22.45","longitude":"18.96667","feature_class":"P","feature_code":"PPLA","country_code":"NA","cc2":"","admin1_code":"35","admin2_code":"","admin3_code":"","admin4_code":"","population":"16321","elevation":"","dem":"1442","timezone":"Africa/Windhoek","modification_date":"2012-01-14"},{"geonameid":"3357804","name":"Eenhana","asciiname":"Eenhana","alternatenames":["Eenana","Eenhana","Enana"],"latitude":"-17.46667","longitude":"16.33333","feature_class":"P","feature_code":"PPLA","country_code":"NA","cc2":"NA","admin1_code":"33","admin2_code":"","admin3_code":"","admin4_code":"","population":"0","elevation":"","dem":"1121","timezone":"Africa/Windhoek","modification_date":"2012-01-14"},{"geonameid":"3358416","name":"Bethanie","asciiname":"Bethanie","alternatenames":["Bethanie","Bethanien","Bethany"],"latitude":"-26.48333","longitude":"17.15","feature_class":"P","feature_code":"PPL","country_code":"NA","cc2":"","admin1_code":"31","admin2_code":"","admin3_code":"","admin4_code":"","population":"10363","elevation":"","dem":"1005","timezone":"Africa/Windhoek","modification_date":"2012-01-17"},{"geonameid":"3359638","name":"Walvis Bay","asciiname":"Walvis Bay","alternatenames":["Gorad Uolvis-Behj","Uolfish Bej","Uolfish-Bej","Valvis Bej","Volfis-Bej","Volvis Bejus","Volvis Bėjus","WVB","Walfisch-Bucht-Niederland","Walfischbucht","Walvis Bay","Walvisbaai","jing wan gang","u~orubisubei","wolbiseubei","Валвис Беј","Волфіш-Бей","Горад Уолвіс-Бэй","Уолфиш Бей","Уолфиш-Бей","ウォルビスベイ","鲸湾港","월비스베이"],"latitude":"-22.9575","longitude":"14.50528","feature_class":"P","feature_code":"PPL","country_code":"NA","cc2":"","admin1_code":"29","admin2_code":"","admin3_code":"","admin4_code":"","population":"52058","elevation":"","dem":"6","timezone":"Africa/Windhoek","modification_date":"2013-11-01"},{"geonameid":"3371197","name":"Outapi","asciiname":"Outapi","alternatenames":["Ombalantu","Outapi","Uutapi"],"latitude":"-17.5","longitude":"14.98333","feature_class":"P","feature_code":"PPLA","country_code":"NA","cc2":"","admin1_code":"36","admin2_code":"","admin3_code":"","admin4_code":"","population":"2640","elevation":"","dem":"1111","timezone":"Africa/Windhoek","modification_date":"2013-10-09"},{"geonameid":"877178","name":"Katima Mulilo","asciiname":"Katima Mulilo","alternatenames":["Katima Molilo","Katima Mulilas","Katima Mulilo","Katima-Mulilo","ka di ma mu li luo","katimamullillo","Катима Мулило","Катима-Мулило","Катіма-Муліло","קאטימה מולילו","カティマ・ムリロ","卡蒂马穆利洛","카티마물릴로"],"latitude":"-17.5","longitude":"24.26667","feature_class":"P","feature_code":"PPLA","country_code":"NA","cc2":"","admin1_code":"28","admin2_code":"","admin3_code":"","admin4_code":"","population":"25027","elevation":"","dem":"946","timezone":"Africa/Windhoek","modification_date":"2012-01-16"},{"geonameid":"3352136","name":"Windhoek","asciiname":"Windhoek","alternatenames":["Gorad Vindkhuk","Gouintchouk","Vindguk","Vindhuk","Vindhuka","Vindhukas","Vindhuko","Vindkhuk","Vintchouk","WDH","Windhoek","Windhuk","Windoek","Windoèk","Wynhoeke","binteuhukeu","u~intofukku","vindahoka","vintok","vitahuka","wen de he ke","win dhuk","wyndhwk","wyndhwq","wyndھwk","Βίντχουκ","Γουίντχουκ","Виндхук","Віндгук","Горад Віндхук","Վինդհուկ","וינדהוק","ونڈہوک","ويندهوك","ویندهوک","ویندھوک","विंडहोक","ਵਿੰਟਹੁਕ","விந்தோக்","วินด์ฮุก","ཝིན་ཌི་ཧོཡིཀ།","ვინდჰუკი","ዊንድሁክ","ウィントフック","温得和克","빈트후크"],"latitude":"-22.55941","longitude":"17.08323","feature_class":"P","feature_code":"PPLC","country_code":"NA","cc2":"","admin1_code":"21","admin2_code":"","admin3_code":"","admin4_code":"","population":"268132","elevation":"","dem":"1656","timezone":"Africa/Windhoek","modification_date":"2010-05-30"},{"geonameid":"3352844","name":"Swakopmund","asciiname":"Swakopmund","alternatenames":["SWP","Svakopmund","Svakopmundas","Swakopmund","seubakopeumunteu","si wa ke pu meng de","sokapamunda","suwakopumunto","swwqwpmwnd","Свакопмунд","סווקופמונד","সোকপমুন্ড","スワコプムント","斯瓦科普蒙德","스바코프문트"],"latitude":"-22.68333","longitude":"14.53333","feature_class":"P","feature_code":"PPLA","country_code":"NA","cc2":"","admin1_code":"29","admin2_code":"","admin3_code":"","admin4_code":"","population":"25047","elevation":"","dem":"14","timezone":"Africa/Windhoek","modification_date":"2013-10-04"},{"geonameid":"3353383","name":"Rundu","asciiname":"Rundu","alternatenames":["NDU","Rundu","Runtu","long du","lundu","Рунду","龍杜","룬두"],"latitude":"-17.93333","longitude":"19.76667","feature_class":"P","feature_code":"PPLA","country_code":"NA","cc2":"","admin1_code":"40","admin2_code":"","admin3_code":"","admin4_code":"","population":"58172","elevation":"","dem":"1110","timezone":"Africa/Windhoek","modification_date":"2014-03-06"},{"geonameid":"3353540","name":"Rehoboth","asciiname":"Rehoboth","alternatenames":["Rehoboth","Rekhobot","Рехобот"],"latitude":"-23.31667","longitude":"17.08333","feature_class":"P","feature_code":"PPL","country_code":"NA","cc2":"","admin1_code":"30","admin2_code":"","admin3_code":"","admin4_code":"","population":"21377","elevation":"","dem":"1393","timezone":"Africa/Windhoek","modification_date":"2012-01-17"},{"geonameid":"3353811","name":"Otjiwarongo","asciiname":"Otjiwarongo","alternatenames":["Ot'ivarongo","Otiwarongo","Отьиваронго"],"latitude":"-20.46369","longitude":"16.64772","feature_class":"P","feature_code":"PPLA","country_code":"NA","cc2":"","admin1_code":"39","admin2_code":"","admin3_code":"","admin4_code":"","population":"21224","elevation":"","dem":"1475","timezone":"Africa/Windhoek","modification_date":"2013-07-04"},{"geonameid":"3354021","name":"Oshakati","asciiname":"Oshakati","alternatenames":["Okatana","Osakatis","Oshakati","Ošakatis","ao sha ka di","Ошакати","奧沙卡蒂"],"latitude":"-17.78333","longitude":"15.68333","feature_class":"P","feature_code":"PPLA","country_code":"NA","cc2":"","admin1_code":"37","admin2_code":"","admin3_code":"","admin4_code":"","population":"33618","elevation":"","dem":"1099","timezone":"Africa/Windhoek","modification_date":"2012-01-14"},{"geonameid":"3354898","name":"Okahandja","asciiname":"Okahandja","alternatenames":["Okahandja","Okahanja"],"latitude":"-21.98333","longitude":"16.91667","feature_class":"P","feature_code":"PPL","country_code":"NA","cc2":"","admin1_code":"39","admin2_code":"","admin3_code":"","admin4_code":"","population":"20879","elevation":"","dem":"1339","timezone":"Africa/Windhoek","modification_date":"2012-01-17"},{"geonameid":"3355672","name":"Lüderitz","asciiname":"Luderitz","alternatenames":["Ljuderic","Luderitz","Luederitz","Lüderitz","lu de li ci","lwidelicheu","ryuderittsu","Людериц","リューデリッツ","吕德里茨","뤼데리츠"],"latitude":"-26.64806","longitude":"15.15944","feature_class":"P","feature_code":"PPL","country_code":"NA","cc2":"","admin1_code":"31","admin2_code":"","admin3_code":"","admin4_code":"","population":"15137","elevation":"","dem":"50","timezone":"Africa/Windhoek","modification_date":"2012-01-17"},{"geonameid":"3356264","name":"Keetmanshoop","asciiname":"Keetmanshoop","alternatenames":["KMP","Keetmanshoop","Ketmanshopas","Ketmanskhop","Kitmanskhup","ji te man si hu pu","keiteumanseuhopeu","ketomansufupu","Кетмансхоп","Китмансхуп","ケートマンスフープ","基特曼斯胡普","케이트만스호프"],"latitude":"-26.58333","longitude":"18.13333","feature_class":"P","feature_code":"PPLA","country_code":"NA","cc2":"","admin1_code":"31","admin2_code":"","admin3_code":"","admin4_code":"","population":"15608","elevation":"","dem":"981","timezone":"Africa/Windhoek","modification_date":"2012-01-14"},{"geonameid":"3357114","name":"Grootfontein","asciiname":"Grootfontein","alternatenames":["GFY","Grootfontein","Groutfontein"],"latitude":"-19.56667","longitude":"18.11667","feature_class":"P","feature_code":"PPL","country_code":"NA","cc2":"","admin1_code":"39","admin2_code":"","admin3_code":"","admin4_code":"","population":"24099","elevation":"","dem":"1440","timezone":"Africa/Windhoek","modification_date":"2014-08-19"},{"geonameid":"3357247","name":"Gobabis","asciiname":"Gobabis","alternatenames":["GOG","Gobabis"],"latitude":"-22.45","longitude":"18.96667","feature_class":"P","feature_code":"PPLA","country_code":"NA","cc2":"","admin1_code":"35","admin2_code":"","admin3_code":"","admin4_code":"","population":"16321","elevation":"","dem":"1442","timezone":"Africa/Windhoek","modification_date":"2012-01-14"},{"geonameid":"3359638","name":"Walvis Bay","asciiname":"Walvis Bay","alternatenames":["Gorad Uolvis-Behj","Uolfish Bej","Uolfish-Bej","Valvis Bej","Volfis-Bej","Volvis Bejus","Volvis Bėjus","WVB","Walfisch-Bucht-Niederland","Walfischbucht","Walvis Bay","Walvisbaai","jing wan gang","u~orubisubei","wolbiseubei","Валвис Беј","Волфіш-Бей","Горад Уолвіс-Бэй","Уолфиш Бей","Уолфиш-Бей","ウォルビスベイ","鲸湾港","월비스베이"],"latitude":"-22.9575","longitude":"14.50528","feature_class":"P","feature_code":"PPL","country_code":"NA","cc2":"","admin1_code":"29","admin2_code":"","admin3_code":"","admin4_code":"","population":"52058","elevation":"","dem":"6","timezone":"Africa/Windhoek","modification_date":"2013-11-01"}]}