{"country_data":{"ISO":"NR","ISO3":"NRU","ISO_Numeric":"520","fips":"NR","country":"Nauru","capital":"Yaren","area":"21","Population":"10065","Continent":"OC","tld":".nr","CurrencyCode":"AUD","CurrencyName":"Dollar","Phone":"674","Postal_Code_Format":"","Postal_Code_Regex":"","Languages":"na,en-NR","geonameid":"2110425","neighbours":"","EquivalentFipsCode":""},"cities":[{"geonameid":"2110421","name":"Uaboe","asciiname":"Uaboe","alternatenames":["Uaboe","Waboe"],"latitude":"-0.51393","longitude":"166.92384","feature_class":"P","feature_code":"PPLA","country_code":"NR","cc2":"","admin1_code":"13","admin2_code":"","admin3_code":"","admin4_code":"","population":"330","elevation":"5","dem":"8","timezone":"Pacific/Nauru","modification_date":"2013-08-05"},{"geonameid":"2110427","name":"Baiti","asciiname":"Baiti","alternatenames":[""],"latitude":"-0.50803","longitude":"166.92945","feature_class":"P","feature_code":"PPLA","country_code":"NR","cc2":"","admin1_code":"05","admin2_code":"","admin3_code":"","admin4_code":"","population":"810","elevation":"","dem":"7","timezone":"Pacific/Nauru","modification_date":"2013-08-10"},{"geonameid":"2110433","name":"Ijuw","asciiname":"Ijuw","alternatenames":["Ijub","Ijuh","Ijuw"],"latitude":"-0.521","longitude":"166.95813","feature_class":"P","feature_code":"PPLA","country_code":"NR","cc2":"","admin1_code":"10","admin2_code":"","admin3_code":"","admin4_code":"","population":"180","elevation":"","dem":"3","timezone":"Pacific/Nauru","modification_date":"2013-08-10"},{"geonameid":"2110447","name":"Anibare","asciiname":"Anibare","alternatenames":["Anibare","Enniberri"],"latitude":"-0.52792","longitude":"166.95249","feature_class":"P","feature_code":"PPLA","country_code":"NR","cc2":"","admin1_code":"04","admin2_code":"","admin3_code":"","admin4_code":"","population":"0","elevation":"","dem":"8","timezone":"Pacific/Nauru","modification_date":"2013-07-04"},{"geonameid":"2110450","name":"Anabar","asciiname":"Anabar","alternatenames":["Anabar","Aneber"],"latitude":"-0.50845","longitude":"166.95326","feature_class":"P","feature_code":"PPLA","country_code":"NR","cc2":"","admin1_code":"02","admin2_code":"","admin3_code":"","admin4_code":"","population":"378","elevation":"","dem":"1","timezone":"Pacific/Nauru","modification_date":"2013-08-05"},{"geonameid":"7626461","name":"Yaren","asciiname":"Yaren","alternatenames":["Makwa","Moqua"],"latitude":"-0.55085","longitude":"166.9252","feature_class":"P","feature_code":"PPLA","country_code":"NR","cc2":"","admin1_code":"14","admin2_code":"","admin3_code":"","admin4_code":"","population":"1100","elevation":"5","dem":"6","timezone":"Pacific/Nauru","modification_date":"2013-08-10"},{"geonameid":"7626485","name":"Arijejen","asciiname":"Arijejen","alternatenames":[""],"latitude":"-0.52545","longitude":"166.91247","feature_class":"P","feature_code":"PPL","country_code":"NR","cc2":"","admin1_code":"01","admin2_code":"","admin3_code":"","admin4_code":"","population":"2381","elevation":"5","dem":"7","timezone":"Pacific/Nauru","modification_date":"2012-05-30"},{"geonameid":"2110421","name":"Uaboe","asciiname":"Uaboe","alternatenames":["Uaboe","Waboe"],"latitude":"-0.51393","longitude":"166.92384","feature_class":"P","feature_code":"PPLA","country_code":"NR","cc2":"","admin1_code":"13","admin2_code":"","admin3_code":"","admin4_code":"","population":"330","elevation":"5","dem":"8","timezone":"Pacific/Nauru","modification_date":"2013-08-05"},{"geonameid":"2110427","name":"Baiti","asciiname":"Baiti","alternatenames":[""],"latitude":"-0.50803","longitude":"166.92945","feature_class":"P","feature_code":"PPLA","country_code":"NR","cc2":"","admin1_code":"05","admin2_code":"","admin3_code":"","admin4_code":"","population":"810","elevation":"","dem":"7","timezone":"Pacific/Nauru","modification_date":"2013-08-10"},{"geonameid":"2110433","name":"Ijuw","asciiname":"Ijuw","alternatenames":["Ijub","Ijuh","Ijuw"],"latitude":"-0.521","longitude":"166.95813","feature_class":"P","feature_code":"PPLA","country_code":"NR","cc2":"","admin1_code":"10","admin2_code":"","admin3_code":"","admin4_code":"","population":"180","elevation":"","dem":"3","timezone":"Pacific/Nauru","modification_date":"2013-08-10"},{"geonameid":"2110447","name":"Anibare","asciiname":"Anibare","alternatenames":["Anibare","Enniberri"],"latitude":"-0.52792","longitude":"166.95249","feature_class":"P","feature_code":"PPLA","country_code":"NR","cc2":"","admin1_code":"04","admin2_code":"","admin3_code":"","admin4_code":"","population":"0","elevation":"","dem":"8","timezone":"Pacific/Nauru","modification_date":"2013-07-04"},{"geonameid":"2110450","name":"Anabar","asciiname":"Anabar","alternatenames":["Anabar","Aneber"],"latitude":"-0.50845","longitude":"166.95326","feature_class":"P","feature_code":"PPLA","country_code":"NR","cc2":"","admin1_code":"02","admin2_code":"","admin3_code":"","admin4_code":"","population":"378","elevation":"","dem":"1","timezone":"Pacific/Nauru","modification_date":"2013-08-05"},{"geonameid":"7626461","name":"Yaren","asciiname":"Yaren","alternatenames":["Makwa","Moqua"],"latitude":"-0.55085","longitude":"166.9252","feature_class":"P","feature_code":"PPLA","country_code":"NR","cc2":"","admin1_code":"14","admin2_code":"","admin3_code":"","admin4_code":"","population":"1100","elevation":"5","dem":"6","timezone":"Pacific/Nauru","modification_date":"2013-08-10"}]}