{"country_data":{"ISO":"NP","ISO3":"NPL","ISO_Numeric":"524","fips":"NP","country":"Nepal","capital":"Kathmandu","area":"140800","Population":"28951852","Continent":"AS","tld":".np","CurrencyCode":"NPR","CurrencyName":"Rupee","Phone":"977","Postal_Code_Format":"#####","Postal_Code_Regex":"^(\\d{5})$","Languages":"ne,en","geonameid":"1282988","neighbours":"CN,IN","EquivalentFipsCode":""},"cities":[{"geonameid":"1282616","name":"Wāling","asciiname":"Waling","alternatenames":["Waling","Walling","Wāling"],"latitude":"27.98333","longitude":"83.76667","feature_class":"P","feature_code":"PPL","country_code":"NP","cc2":"","admin1_code":"WR","admin2_code":"","admin3_code":"","admin4_code":"","population":"21867","elevation":"","dem":"769","timezone":"Asia/Kathmandu","modification_date":"2013-05-21"},{"geonameid":"1282635","name":"Tulsīpur","asciiname":"Tulsipur","alternatenames":["Tulsipur","Tulsīpur"],"latitude":"28.13099","longitude":"82.29726","feature_class":"P","feature_code":"PPL","country_code":"NP","cc2":"","admin1_code":"MR","admin2_code":"","admin3_code":"","admin4_code":"","population":"39058","elevation":"","dem":"675","timezone":"Asia/Kathmandu","modification_date":"2013-05-21"},{"geonameid":"1282666","name":"Tīkāpur","asciiname":"Tikapur","alternatenames":["Tikapur","Tīkāpur"],"latitude":"28.5","longitude":"81.13333","feature_class":"P","feature_code":"PPL","country_code":"NP","cc2":"","admin1_code":"FR","admin2_code":"","admin3_code":"","admin4_code":"","population":"44758","elevation":"","dem":"155","timezone":"Asia/Kathmandu","modification_date":"2013-05-22"},{"geonameid":"1282714","name":"Tānsen","asciiname":"Tansen","alternatenames":["Tansen","Tansing","Tānsen","Tānsing","Тансен"],"latitude":"27.86731","longitude":"83.5467","feature_class":"P","feature_code":"PPL","country_code":"NP","cc2":"","admin1_code":"WR","admin2_code":"","admin3_code":"","admin4_code":"","population":"23693","elevation":"","dem":"1303","timezone":"Asia/Kathmandu","modification_date":"2013-05-21"},{"geonameid":"1282770","name":"Sirāhā","asciiname":"Siraha","alternatenames":["Shirha","Siraha","Sirakha","Sirha","Sirāhā","Сираха"],"latitude":"26.65411","longitude":"86.2087","feature_class":"P","feature_code":"PPL","country_code":"NP","cc2":"","admin1_code":"ER","admin2_code":"","admin3_code":"","admin4_code":"","population":"24657","elevation":"","dem":"82","timezone":"Asia/Kathmandu","modification_date":"2013-05-21"},{"geonameid":"1282826","name":"Salyān","asciiname":"Salyan","alternatenames":["Sallyan","Sallyana","Sallyān","Sallyāna","Salyan","Salyān"],"latitude":"28.37858","longitude":"82.1703","feature_class":"P","feature_code":"PPLA3","country_code":"NP","cc2":"","admin1_code":"MR","admin2_code":"12","admin3_code":"55","admin4_code":"","population":"0","elevation":"","dem":"1468","timezone":"Asia/Kathmandu","modification_date":"2011-07-31"},{"geonameid":"1282878","name":"Rāmechhāp","asciiname":"Ramechhap","alternatenames":[""],"latitude":"27.3256","longitude":"86.08768","feature_class":"P","feature_code":"PPLA3","country_code":"NP","cc2":"","admin1_code":"CR","admin2_code":"05","admin3_code":"21","admin4_code":"","population":"0","elevation":"","dem":"1258","timezone":"Asia/Kathmandu","modification_date":"2011-07-31"},{"geonameid":"1282884","name":"Rājbirāj","asciiname":"Rajbiraj","alternatenames":["Rajbiraj","Rājbirāj"],"latitude":"26.53333","longitude":"86.75","feature_class":"P","feature_code":"PPL","country_code":"NP","cc2":"","admin1_code":"ER","admin2_code":"","admin3_code":"","admin4_code":"","population":"33061","elevation":"","dem":"88","timezone":"Asia/Kathmandu","modification_date":"2013-05-21"},{"geonameid":"1282887","name":"Pyūthān","asciiname":"Pyuthan","alternatenames":["Piuthan","Piuthān","Pyuthan","Pyūthān"],"latitude":"28.08867","longitude":"82.88427","feature_class":"P","feature_code":"PPLA3","country_code":"NP","cc2":"","admin1_code":"MR","admin2_code":"12","admin3_code":"52","admin4_code":"","population":"0","elevation":"","dem":"1336","timezone":"Asia/Kathmandu","modification_date":"2011-07-31"},{"geonameid":"1282898","name":"Pokhara","asciiname":"Pokhara","alternatenames":["PKR","Pakhra","Pokara","Pokhar","Pokhara","Pokhra","Pokkhara","bo ke la","pokala","pokara","pokh ra","pokhara","pokhara gavisa","pokhara upamahanagarapalika","Ποκάρα","Покхара","פוקארה","पोखरा","पोखरा उपमहानगरपालिका","पोखरा गाविस","ಪೊಖರಾ","โปขระ","ポカラ","博克拉","포카라"],"latitude":"28.26689","longitude":"83.96851","feature_class":"P","feature_code":"PPLA","country_code":"NP","cc2":"NP","admin1_code":"WR","admin2_code":"04","admin3_code":"","admin4_code":"","population":"200000","elevation":"","dem":"1008","timezone":"Asia/Kathmandu","modification_date":"2011-03-10"},{"geonameid":"1282931","name":"Pātan","asciiname":"Patan","alternatenames":["Lalitapura","Lalitpur","Manigal","Patan","Pātan","Yala","Лалитпур"],"latitude":"27.67658","longitude":"85.31417","feature_class":"P","feature_code":"PPL","country_code":"NP","cc2":"","admin1_code":"CR","admin2_code":"01","admin3_code":"25","admin4_code":"","population":"183310","elevation":"","dem":"1334","timezone":"Asia/Kathmandu","modification_date":"2013-05-05"},{"geonameid":"1282950","name":"Panauti̇̄","asciiname":"Panauti","alternatenames":["Panaoti","Panauti","Panauti Village","Panauti̇̄","Panautī"],"latitude":"27.58453","longitude":"85.51484","feature_class":"P","feature_code":"PPL","country_code":"NP","cc2":"","admin1_code":"CR","admin2_code":"","admin3_code":"","admin4_code":"","population":"27602","elevation":"","dem":"1455","timezone":"Asia/Kathmandu","modification_date":"2015-06-08"},{"geonameid":"1283011","name":"Namche Bazar","asciiname":"Namche Bazar","alternatenames":["Namche Bazar","Namche-Bazar","Nanche Bazar","Nauche","Nāmche Bāzār","SYH","Намче-Базар"],"latitude":"27.80528","longitude":"86.71058","feature_class":"P","feature_code":"PPL","country_code":"NP","cc2":"","admin1_code":"ER","admin2_code":"13","admin3_code":"","admin4_code":"","population":"2324","elevation":"","dem":"3433","timezone":"Asia/Kathmandu","modification_date":"2013-11-02"},{"geonameid":"1283018","name":"Nagarkot","asciiname":"Nagarkot","alternatenames":["Nagarkot","Нагаркот"],"latitude":"27.71522","longitude":"85.52075","feature_class":"P","feature_code":"PPLA4","country_code":"NP","cc2":"","admin1_code":"CR","admin2_code":"01","admin3_code":"26","admin4_code":"260013","population":"4000","elevation":"","dem":"1905","timezone":"Asia/Kathmandu","modification_date":"2011-07-31"},{"geonameid":"1283082","name":"Malangwa","asciiname":"Malangwa","alternatenames":["Malangawa","Malangwa","Malankwa"],"latitude":"26.85679","longitude":"85.55811","feature_class":"P","feature_code":"PPL","country_code":"NP","cc2":"","admin1_code":"CR","admin2_code":"","admin3_code":"","admin4_code":"","population":"20284","elevation":"","dem":"90","timezone":"Asia/Kathmandu","modification_date":"2013-05-21"},{"geonameid":"1283095","name":"Mahendranagar","asciiname":"Mahendranagar","alternatenames":["Mahen Dkanagar","Mahendranagar","XMG"],"latitude":"28.91667","longitude":"80.33333","feature_class":"P","feature_code":"PPL","country_code":"NP","cc2":"","admin1_code":"FR","admin2_code":"","admin3_code":"","admin4_code":"","population":"88381","elevation":"","dem":"228","timezone":"Asia/Kathmandu","modification_date":"2013-05-21"},{"geonameid":"1283119","name":"Lobujya","asciiname":"Lobujya","alternatenames":["Lobuche","Lobuje","Lobujya"],"latitude":"27.95","longitude":"86.81667","feature_class":"P","feature_code":"PPL","country_code":"NP","cc2":"NP","admin1_code":"ER","admin2_code":"","admin3_code":"","admin4_code":"","population":"8767","elevation":"","dem":"4972","timezone":"Asia/Kathmandu","modification_date":"2013-05-22"},{"geonameid":"1283150","name":"Lamjung","asciiname":"Lamjung","alternatenames":["Lamjung"],"latitude":"28.20992","longitude":"84.3638","feature_class":"P","feature_code":"PPLA3","country_code":"NP","cc2":"","admin1_code":"WR","admin2_code":"04","admin3_code":"37","admin4_code":"","population":"0","elevation":"","dem":"1420","timezone":"Asia/Kathmandu","modification_date":"2011-07-31"},{"geonameid":"1283161","name":"Lahān","asciiname":"Lahan","alternatenames":["Lahan","Lahān"],"latitude":"26.72958","longitude":"86.49515","feature_class":"P","feature_code":"PPL","country_code":"NP","cc2":"","admin1_code":"ER","admin2_code":"","admin3_code":"","admin4_code":"","population":"31495","elevation":"","dem":"118","timezone":"Asia/Kathmandu","modification_date":"2013-05-21"},{"geonameid":"1283189","name":"Kothari","asciiname":"Kothari","alternatenames":["Kodali","Kodari","Kodāri","Kodāri̇̄","Kodārī","Kothari","Кодари"],"latitude":"27.96057","longitude":"85.95667","feature_class":"P","feature_code":"PPL","country_code":"NP","cc2":"","admin1_code":"00","admin2_code":"","admin3_code":"","admin4_code":"","population":"1600","elevation":"","dem":"1629","timezone":"Asia/Kathmandu","modification_date":"2015-06-08"},{"geonameid":"1283190","name":"Kirtipur","asciiname":"Kirtipur","alternatenames":["Kirtipur"],"latitude":"27.67872","longitude":"85.2775","feature_class":"P","feature_code":"PPL","country_code":"NP","cc2":"","admin1_code":"CR","admin2_code":"","admin3_code":"","admin4_code":"","population":"44632","elevation":"","dem":"1408","timezone":"Asia/Kathmandu","modification_date":"2015-05-06"},{"geonameid":"1283217","name":"Khāndbāri","asciiname":"Khandbari","alternatenames":["Khanbari","Khandbari","Khāndbāri"],"latitude":"27.37469","longitude":"87.2039","feature_class":"P","feature_code":"PPL","country_code":"NP","cc2":"","admin1_code":"ER","admin2_code":"","admin3_code":"","admin4_code":"","population":"22903","elevation":"","dem":"940","timezone":"Asia/Kathmandu","modification_date":"2013-05-21"},{"geonameid":"1283240","name":"Kathmandu","asciiname":"Kathmandu","alternatenames":["Catmandu","Catmandum","Gorad Katmandu","KTM","Kantipur","Kantipura","Katemandu","Kathmandau","Kathmandou","Kathmandu","Katmando","Katmandoe","Katmandou","Katmandu","Katmanduo","Katmandó","Katmandú","Katmandû","Katmandū","Katmantou","Khatmandu","Káthmandu","Káthmándú","jia de man dou","kateumandu","kath manthu","kathamadaum","kathamadaum mahanagarapalika","kathamadu","kathamandu","kathmandu","katmandw","katmandww","katmantu","katomanzu","qtmndw","yem jilla","Κατμαντού","Горад Катманду","Катманду","Կատմանդու","קאטמאנדו","קטמנדו","كاتماندو","كاتماندۇ","کاتماندو","کاتماندوو","کھٹمنڈو","काठमांडू","काठमाडौं","काठमाडौं महानगरपालिका","काठ्माण्डू","येँ जिल्ला","কাঠমান্ডু","ਕਠਮੰਡੂ","કાઠમંડુ","କାଠମାଣ୍ଡୁ","காட்மாண்டூ","ಕಠ್ಮಂಡು","കാഠ്മണ്ഡു","කත්මන්ඩු","กาฐมาณฑุ","ཀ་ཏ་མན་ཏ།","ཀ་ཏ་མན་ཏུ།","კატმანდუ","ካትማንዱ","カトマンズ","加德滿都","카트만두"],"latitude":"27.70169","longitude":"85.3206","feature_class":"P","feature_code":"PPLC","country_code":"NP","cc2":"","admin1_code":"CR","admin2_code":"01","admin3_code":"","admin4_code":"","population":"1442271","elevation":"1317","dem":"1296","timezone":"Asia/Kathmandu","modification_date":"2015-03-20"},{"geonameid":"1283285","name":"Jumla","asciiname":"Jumla","alternatenames":["JUM","Jumla"],"latitude":"29.27472","longitude":"82.18383","feature_class":"P","feature_code":"PPL","country_code":"NP","cc2":"","admin1_code":"MR","admin2_code":"06","admin3_code":"","admin4_code":"","population":"9073","elevation":"","dem":"2354","timezone":"Asia/Kathmandu","modification_date":"2013-09-21"},{"geonameid":"1283318","name":"Janakpur","asciiname":"Janakpur","alternatenames":["JKR","Janakpur"],"latitude":"26.71828","longitude":"85.90646","feature_class":"P","feature_code":"PPL","country_code":"NP","cc2":"","admin1_code":"CR","admin2_code":"","admin3_code":"","admin4_code":"","population":"93767","elevation":"","dem":"79","timezone":"Asia/Kathmandu","modification_date":"2013-05-21"},{"geonameid":"1283323","name":"Jaleswar","asciiname":"Jaleswar","alternatenames":["Jaleshwar","Jaleswar"],"latitude":"26.64711","longitude":"85.80081","feature_class":"P","feature_code":"PPL","country_code":"NP","cc2":"","admin1_code":"CR","admin2_code":"","admin3_code":"","admin4_code":"","population":"23573","elevation":"","dem":"67","timezone":"Asia/Kathmandu","modification_date":"2013-05-21"},{"geonameid":"1283329","name":"Ithari","asciiname":"Ithari","alternatenames":["Itahari","Ithari","Titahari"],"latitude":"26.66667","longitude":"87.28333","feature_class":"P","feature_code":"PPL","country_code":"NP","cc2":"","admin1_code":"ER","admin2_code":"","admin3_code":"","admin4_code":"","population":"47984","elevation":"","dem":"117","timezone":"Asia/Kathmandu","modification_date":"2013-05-21"},{"geonameid":"1283333","name":"Ilām","asciiname":"Ilam","alternatenames":["Ilam","Ilām"],"latitude":"26.90943","longitude":"87.92824","feature_class":"P","feature_code":"PPLA3","country_code":"NP","cc2":"","admin1_code":"ER","admin2_code":"10","admin3_code":"3","admin4_code":"","population":"17491","elevation":"","dem":"1218","timezone":"Asia/Kathmandu","modification_date":"2011-07-31"},{"geonameid":"1283339","name":"Hetauda","asciiname":"Hetauda","alternatenames":["Hetauda","Hetauda Bazar","Hetaunda","Hetaura","Heṭauḍā","Hithaura","Hitura"],"latitude":"27.42839","longitude":"85.03219","feature_class":"P","feature_code":"PPL","country_code":"NP","cc2":"","admin1_code":"CR","admin2_code":"11","admin3_code":"","admin4_code":"","population":"84775","elevation":"","dem":"467","timezone":"Asia/Kathmandu","modification_date":"2015-05-07"},{"geonameid":"1283368","name":"Gulariyā","asciiname":"Gulariya","alternatenames":["Gularia","Gulariya","Gulariyā"],"latitude":"28.23333","longitude":"81.33333","feature_class":"P","feature_code":"PPL","country_code":"NP","cc2":"","admin1_code":"MR","admin2_code":"","admin3_code":"","admin4_code":"","population":"53107","elevation":"","dem":"146","timezone":"Asia/Kathmandu","modification_date":"2013-05-21"},{"geonameid":"1283401","name":"Gaur","asciiname":"Gaur","alternatenames":["Gaur","Gaura","Gour","Гаура"],"latitude":"26.76667","longitude":"85.26667","feature_class":"P","feature_code":"PPL","country_code":"NP","cc2":"","admin1_code":"CR","admin2_code":"","admin3_code":"","admin4_code":"","population":"27325","elevation":"","dem":"77","timezone":"Asia/Kathmandu","modification_date":"2013-05-21"},{"geonameid":"1283460","name":"Dharān Bāzār","asciiname":"Dharan Bazar","alternatenames":["Dharan","Dharan Bazar","Dharān Bāzār"],"latitude":"26.81248","longitude":"87.28355","feature_class":"P","feature_code":"PPL","country_code":"NP","cc2":"","admin1_code":"ER","admin2_code":"","admin3_code":"","admin4_code":"","population":"108600","elevation":"","dem":"371","timezone":"Asia/Kathmandu","modification_date":"2013-05-21"},{"geonameid":"1283465","name":"Dhankutā","asciiname":"Dhankuta","alternatenames":["Dhankuta","Dhankuta Bazar","Dhankutta","Dhankutā"],"latitude":"26.98333","longitude":"87.33333","feature_class":"P","feature_code":"PPLA","country_code":"NP","cc2":"","admin1_code":"ER","admin2_code":"","admin3_code":"","admin4_code":"","population":"22084","elevation":"","dem":"1188","timezone":"Asia/Kathmandu","modification_date":"2011-03-10"},{"geonameid":"1283467","name":"Dhangarhi","asciiname":"Dhangarhi","alternatenames":["DHI","Dhangadhi","Dhangarhi","Dhantardhi"],"latitude":"28.70792","longitude":"80.59611","feature_class":"P","feature_code":"PPL","country_code":"NP","cc2":"","admin1_code":"FR","admin2_code":"","admin3_code":"","admin4_code":"","population":"92294","elevation":"","dem":"180","timezone":"Asia/Kathmandu","modification_date":"2013-05-21"},{"geonameid":"1283484","name":"Dārchulā","asciiname":"Darchula","alternatenames":["Darchula","Dharchul","Dharchula","Dhārchul","Dhārchulā","Dārchulā","Khalanga"],"latitude":"29.84121","longitude":"80.52874","feature_class":"P","feature_code":"PPL","country_code":"NP","cc2":"","admin1_code":"WR","admin2_code":"","admin3_code":"","admin4_code":"","population":"18317","elevation":"","dem":"968","timezone":"Asia/Kathmandu","modification_date":"2013-11-04"},{"geonameid":"1283496","name":"Dailekh","asciiname":"Dailekh","alternatenames":[""],"latitude":"28.84434","longitude":"81.71011","feature_class":"P","feature_code":"PPLA3","country_code":"NP","cc2":"","admin1_code":"MR","admin2_code":"02","admin3_code":"60","admin4_code":"","population":"20908","elevation":"","dem":"1307","timezone":"Asia/Kathmandu","modification_date":"2011-07-31"},{"geonameid":"1283499","name":"Dadeldhurā","asciiname":"Dadeldhura","alternatenames":["Dadeldhura","Dadeldhurā","Dandeldhura","Dandelhura"],"latitude":"29.29842","longitude":"80.58059","feature_class":"P","feature_code":"PPL","country_code":"NP","cc2":"","admin1_code":"FR","admin2_code":"","admin3_code":"","admin4_code":"","population":"19014","elevation":"","dem":"1814","timezone":"Asia/Kathmandu","modification_date":"2013-05-21"},{"geonameid":"1283562","name":"Butwāl","asciiname":"Butwal","alternatenames":["Butaul","Butwai","Butwal","Butwaī","Butwāl"],"latitude":"27.70055","longitude":"83.44836","feature_class":"P","feature_code":"PPL","country_code":"NP","cc2":"","admin1_code":"WR","admin2_code":"","admin3_code":"","admin4_code":"","population":"91733","elevation":"","dem":"322","timezone":"Asia/Kathmandu","modification_date":"2013-05-21"},{"geonameid":"1283581","name":"Bīrganj","asciiname":"Birganj","alternatenames":["Birganj","Birgunj","Bīrganj"],"latitude":"27.01043","longitude":"84.87735","feature_class":"P","feature_code":"PPL","country_code":"NP","cc2":"","admin1_code":"CR","admin2_code":"","admin3_code":"","admin4_code":"","population":"133238","elevation":"","dem":"91","timezone":"Asia/Kathmandu","modification_date":"2013-05-21"},{"geonameid":"1283582","name":"Birātnagar","asciiname":"Biratnagar","alternatenames":["Biratnagar","Biratnagur","Биратнагар"],"latitude":"26.4831","longitude":"87.28337","feature_class":"P","feature_code":"PPL","country_code":"NP","cc2":"","admin1_code":"ER","admin2_code":"07","admin3_code":"","admin4_code":"","population":"182324","elevation":"","dem":"81","timezone":"Asia/Kathmandu","modification_date":"2011-03-10"},{"geonameid":"1283599","name":"Bhojpur","asciiname":"Bhojpur","alternatenames":[""],"latitude":"27.93565","longitude":"81.77555","feature_class":"P","feature_code":"PPL","country_code":"NP","cc2":"","admin1_code":"MR","admin2_code":"","admin3_code":"","admin4_code":"","population":"2640","elevation":"","dem":"132","timezone":"Asia/Kathmandu","modification_date":"2013-05-22"},{"geonameid":"1283600","name":"Bhojpur","asciiname":"Bhojpur","alternatenames":["BHP"],"latitude":"27.1715","longitude":"87.04607","feature_class":"P","feature_code":"PPLA3","country_code":"NP","cc2":"","admin1_code":"ER","admin2_code":"07","admin3_code":"10","admin4_code":"","population":"3250","elevation":"","dem":"1573","timezone":"Asia/Kathmandu","modification_date":"2011-07-31"},{"geonameid":"1283613","name":"Bharatpur","asciiname":"Bharatpur","alternatenames":["BHR","Bharatpur","Bhâratpur","balaspuleu","baratopuru","bharatapura","bharatapura  nepala","po luo duo bu er","भरतपुर","भरतपुर  नेपाल","バラトプル","婆羅多布爾","바랏푸르"],"latitude":"27.68333","longitude":"84.43333","feature_class":"P","feature_code":"PPL","country_code":"NP","cc2":"","admin1_code":"CR","admin2_code":"11","admin3_code":"35","admin4_code":"350005","population":"107157","elevation":"","dem":"217","timezone":"Asia/Kathmandu","modification_date":"2013-11-10"},{"geonameid":"1283617","name":"Bhaktapur","asciiname":"Bhaktapur","alternatenames":["Badagaon","Bhadgaon","Bhaktapur","Bhatgaon","Bhatgoan","Bhādgaon"],"latitude":"27.67298","longitude":"85.43005","feature_class":"P","feature_code":"PPLA3","country_code":"NP","cc2":"","admin1_code":"CR","admin2_code":"01","admin3_code":"26","admin4_code":"","population":"0","elevation":"","dem":"1348","timezone":"Asia/Kathmandu","modification_date":"2011-07-31"},{"geonameid":"1283621","name":"Bhairāhawā","asciiname":"Bhairahawa","alternatenames":["Bhairahawa","Bhairawa","Bhairhwa","Bhairwa","Bhairāhawā","Siddharthanagar"],"latitude":"27.5","longitude":"83.45","feature_class":"P","feature_code":"PPL","country_code":"NP","cc2":"","admin1_code":"WR","admin2_code":"08","admin3_code":"49","admin4_code":"490063","population":"63367","elevation":"","dem":"107","timezone":"Asia/Kathmandu","modification_date":"2012-01-18"},{"geonameid":"1283628","name":"Bhadrapur","asciiname":"Bhadrapur","alternatenames":["BDP","Bhadrapur"],"latitude":"26.54404","longitude":"88.09436","feature_class":"P","feature_code":"PPL","country_code":"NP","cc2":"","admin1_code":"ER","admin2_code":"","admin3_code":"","admin4_code":"","population":"19523","elevation":"","dem":"91","timezone":"Asia/Kathmandu","modification_date":"2013-05-21"},{"geonameid":"1283662","name":"Bardiyā","asciiname":"Bardiya","alternatenames":["Bardia","Bardiya","Bardiyā","Bardīa"],"latitude":"28.30058","longitude":"81.3536","feature_class":"P","feature_code":"PPLA3","country_code":"NP","cc2":"","admin1_code":"MR","admin2_code":"02","admin3_code":"58","admin4_code":"","population":"0","elevation":"","dem":"151","timezone":"Asia/Kathmandu","modification_date":"2011-07-31"},{"geonameid":"1283679","name":"Banepā","asciiname":"Banepa","alternatenames":["Banepa","Banepa Bazar","Banepā","Panepa"],"latitude":"27.63245","longitude":"85.52192","feature_class":"P","feature_code":"PPL","country_code":"NP","cc2":"","admin1_code":"CR","admin2_code":"","admin3_code":"","admin4_code":"","population":"17153","elevation":"","dem":"1477","timezone":"Asia/Kathmandu","modification_date":"2015-06-08"},{"geonameid":"1283711","name":"Bāglung","asciiname":"Baglung","alternatenames":["Baglung","Baglung Bazar","Bāglung","Баглунг"],"latitude":"28.27189","longitude":"83.58975","feature_class":"P","feature_code":"PPL","country_code":"NP","cc2":"","admin1_code":"WR","admin2_code":"","admin3_code":"","admin4_code":"","population":"23296","elevation":"","dem":"1212","timezone":"Asia/Kathmandu","modification_date":"2013-05-21"},{"geonameid":"1283742","name":"Achhām","asciiname":"Achham","alternatenames":[""],"latitude":"29.05","longitude":"81.3","feature_class":"P","feature_code":"PPLA3","country_code":"NP","cc2":"","admin1_code":"FR","admin2_code":"14","admin3_code":"69","admin4_code":"","population":"0","elevation":"","dem":"1284","timezone":"Asia/Kathmandu","modification_date":"2011-07-31"},{"geonameid":"6254842","name":"Besisahar","asciiname":"Besisahar","alternatenames":["Besisahar","Besisakhar","Бесисахар"],"latitude":"28.23417","longitude":"82.41278","feature_class":"P","feature_code":"PPL","country_code":"NP","cc2":"","admin1_code":"00","admin2_code":"","admin3_code":"","admin4_code":"","population":"5427","elevation":"760","dem":"1334","timezone":"Asia/Kathmandu","modification_date":"2014-01-15"},{"geonameid":"6254843","name":"Birendranagar","asciiname":"Birendranagar","alternatenames":["Birendranagan","Birendranagar","Бирендранаган"],"latitude":"28.60194","longitude":"81.63389","feature_class":"P","feature_code":"PPLA","country_code":"NP","cc2":"","admin1_code":"MR","admin2_code":"","admin3_code":"","admin4_code":"","population":"31381","elevation":"","dem":"736","timezone":"Asia/Kathmandu","modification_date":"2011-03-10"},{"geonameid":"6254845","name":"Dipayal","asciiname":"Dipayal","alternatenames":["Dipayal Silgadhi"],"latitude":"29.26083","longitude":"80.94","feature_class":"P","feature_code":"PPLA","country_code":"NP","cc2":"","admin1_code":"FR","admin2_code":"","admin3_code":"","admin4_code":"","population":"23416","elevation":"","dem":"565","timezone":"Asia/Kathmandu","modification_date":"2013-08-05"},{"geonameid":"6941099","name":"Nepalgunj","asciiname":"Nepalgunj","alternatenames":["Nepalganj","Nepalgun","Nepālganj","Непалгун"],"latitude":"28.05","longitude":"81.61667","feature_class":"P","feature_code":"PPL","country_code":"NP","cc2":"","admin1_code":"MR","admin2_code":"02","admin3_code":"","admin4_code":"","population":"64400","elevation":"","dem":"150","timezone":"Asia/Kathmandu","modification_date":"2015-04-28"},{"geonameid":"6941685","name":"Pisang","asciiname":"Pisang","alternatenames":[""],"latitude":"28.61465","longitude":"84.14721","feature_class":"P","feature_code":"PPLA4","country_code":"NP","cc2":"","admin1_code":"WR","admin2_code":"04","admin3_code":"41","admin4_code":"410010","population":"0","elevation":"3216","dem":"3205","timezone":"Asia/Kathmandu","modification_date":"2011-07-31"},{"geonameid":"6941689","name":"Chame","asciiname":"Chame","alternatenames":[""],"latitude":"28.55369","longitude":"84.25097","feature_class":"P","feature_code":"PPLA4","country_code":"NP","cc2":"","admin1_code":"WR","admin2_code":"04","admin3_code":"41","admin4_code":"410002","population":"0","elevation":"2820","dem":"2870","timezone":"Asia/Kathmandu","modification_date":"2011-07-31"},{"geonameid":"6941690","name":"Khudi","asciiname":"Khudi","alternatenames":[""],"latitude":"28.28216","longitude":"84.35912","feature_class":"P","feature_code":"PPLA4","country_code":"NP","cc2":"","admin1_code":"WR","admin2_code":"04","admin3_code":"37","admin4_code":"370036","population":"0","elevation":"823","dem":"860","timezone":"Asia/Kathmandu","modification_date":"2011-07-31"},{"geonameid":"6941691","name":"Chitre","asciiname":"Chitre","alternatenames":[""],"latitude":"28.42673","longitude":"83.69076","feature_class":"P","feature_code":"PPL","country_code":"NP","cc2":"","admin1_code":"WR","admin2_code":"03","admin3_code":"","admin4_code":"","population":"2860","elevation":"","dem":"2311","timezone":"Asia/Kathmandu","modification_date":"2011-03-10"},{"geonameid":"7649119","name":"Surkhet","asciiname":"Surkhet","alternatenames":[""],"latitude":"28.51746","longitude":"81.7787","feature_class":"P","feature_code":"PPLA3","country_code":"NP","cc2":"","admin1_code":"MR","admin2_code":"02","admin3_code":"","admin4_code":"","population":"0","elevation":"","dem":"874","timezone":"Asia/Kathmandu","modification_date":"2011-03-10"},{"geonameid":"7910491","name":"Jomsom","asciiname":"Jomsom","alternatenames":["Dzongsam","JMO","Jomsom","New Fort"],"latitude":"28.78436","longitude":"83.73513","feature_class":"P","feature_code":"PPLA4","country_code":"NP","cc2":"","admin1_code":"WR","admin2_code":"03","admin3_code":"42","admin4_code":"420007","population":"0","elevation":"2800","dem":"2752","timezone":"Asia/Kathmandu","modification_date":"2013-09-21"},{"geonameid":"7969491","name":"Nawal","asciiname":"Nawal","alternatenames":[""],"latitude":"28.64831","longitude":"84.10279","feature_class":"P","feature_code":"PPLA4","country_code":"NP","cc2":"","admin1_code":"WR","admin2_code":"04","admin3_code":"41","admin4_code":"410009","population":"0","elevation":"","dem":"3662","timezone":"Asia/Kathmandu","modification_date":"2012-04-16"},{"geonameid":"8199102","name":"kankrabari Dovan","asciiname":"kankrabari Dovan","alternatenames":[""],"latitude":"27.62881","longitude":"85.45934","feature_class":"P","feature_code":"PPL","country_code":"NP","cc2":"","admin1_code":"CR","admin2_code":"01","admin3_code":"","admin4_code":"","population":"10000","elevation":"","dem":"1703","timezone":"Asia/Kathmandu","modification_date":"2012-02-12"},{"geonameid":"8504556","name":"Hari Bdr Tamang House","asciiname":"Hari Bdr Tamang House","alternatenames":[""],"latitude":"27.6289","longitude":"85.45893","feature_class":"P","feature_code":"PPL","country_code":"NP","cc2":"","admin1_code":"CR","admin2_code":"01","admin3_code":"","admin4_code":"","population":"10000","elevation":"","dem":"1703","timezone":"Asia/Kathmandu","modification_date":"2013-03-12"},{"geonameid":"1282616","name":"Wāling","asciiname":"Waling","alternatenames":["Waling","Walling","Wāling"],"latitude":"27.98333","longitude":"83.76667","feature_class":"P","feature_code":"PPL","country_code":"NP","cc2":"","admin1_code":"WR","admin2_code":"","admin3_code":"","admin4_code":"","population":"21867","elevation":"","dem":"769","timezone":"Asia/Kathmandu","modification_date":"2013-05-21"},{"geonameid":"1282635","name":"Tulsīpur","asciiname":"Tulsipur","alternatenames":["Tulsipur","Tulsīpur"],"latitude":"28.13099","longitude":"82.29726","feature_class":"P","feature_code":"PPL","country_code":"NP","cc2":"","admin1_code":"MR","admin2_code":"","admin3_code":"","admin4_code":"","population":"39058","elevation":"","dem":"675","timezone":"Asia/Kathmandu","modification_date":"2013-05-21"},{"geonameid":"1282666","name":"Tīkāpur","asciiname":"Tikapur","alternatenames":["Tikapur","Tīkāpur"],"latitude":"28.5","longitude":"81.13333","feature_class":"P","feature_code":"PPL","country_code":"NP","cc2":"","admin1_code":"FR","admin2_code":"","admin3_code":"","admin4_code":"","population":"44758","elevation":"","dem":"155","timezone":"Asia/Kathmandu","modification_date":"2013-05-22"},{"geonameid":"1282714","name":"Tānsen","asciiname":"Tansen","alternatenames":["Tansen","Tansing","Tānsen","Tānsing","Тансен"],"latitude":"27.86731","longitude":"83.5467","feature_class":"P","feature_code":"PPL","country_code":"NP","cc2":"","admin1_code":"WR","admin2_code":"","admin3_code":"","admin4_code":"","population":"23693","elevation":"","dem":"1303","timezone":"Asia/Kathmandu","modification_date":"2013-05-21"},{"geonameid":"1282770","name":"Sirāhā","asciiname":"Siraha","alternatenames":["Shirha","Siraha","Sirakha","Sirha","Sirāhā","Сираха"],"latitude":"26.65411","longitude":"86.2087","feature_class":"P","feature_code":"PPL","country_code":"NP","cc2":"","admin1_code":"ER","admin2_code":"","admin3_code":"","admin4_code":"","population":"24657","elevation":"","dem":"82","timezone":"Asia/Kathmandu","modification_date":"2013-05-21"},{"geonameid":"1282884","name":"Rājbirāj","asciiname":"Rajbiraj","alternatenames":["Rajbiraj","Rājbirāj"],"latitude":"26.53333","longitude":"86.75","feature_class":"P","feature_code":"PPL","country_code":"NP","cc2":"","admin1_code":"ER","admin2_code":"","admin3_code":"","admin4_code":"","population":"33061","elevation":"","dem":"88","timezone":"Asia/Kathmandu","modification_date":"2013-05-21"},{"geonameid":"1282898","name":"Pokhara","asciiname":"Pokhara","alternatenames":["PKR","Pakhra","Pokara","Pokhar","Pokhara","Pokhra","Pokkhara","bo ke la","pokala","pokara","pokh ra","pokhara","pokhara gavisa","pokhara upamahanagarapalika","Ποκάρα","Покхара","פוקארה","पोखरा","पोखरा उपमहानगरपालिका","पोखरा गाविस","ಪೊಖರಾ","โปขระ","ポカラ","博克拉","포카라"],"latitude":"28.26689","longitude":"83.96851","feature_class":"P","feature_code":"PPLA","country_code":"NP","cc2":"NP","admin1_code":"WR","admin2_code":"04","admin3_code":"","admin4_code":"","population":"200000","elevation":"","dem":"1008","timezone":"Asia/Kathmandu","modification_date":"2011-03-10"},{"geonameid":"1282931","name":"Pātan","asciiname":"Patan","alternatenames":["Lalitapura","Lalitpur","Manigal","Patan","Pātan","Yala","Лалитпур"],"latitude":"27.67658","longitude":"85.31417","feature_class":"P","feature_code":"PPL","country_code":"NP","cc2":"","admin1_code":"CR","admin2_code":"01","admin3_code":"25","admin4_code":"","population":"183310","elevation":"","dem":"1334","timezone":"Asia/Kathmandu","modification_date":"2013-05-05"},{"geonameid":"1282950","name":"Panauti̇̄","asciiname":"Panauti","alternatenames":["Panaoti","Panauti","Panauti Village","Panauti̇̄","Panautī"],"latitude":"27.58453","longitude":"85.51484","feature_class":"P","feature_code":"PPL","country_code":"NP","cc2":"","admin1_code":"CR","admin2_code":"","admin3_code":"","admin4_code":"","population":"27602","elevation":"","dem":"1455","timezone":"Asia/Kathmandu","modification_date":"2015-06-08"},{"geonameid":"1283082","name":"Malangwa","asciiname":"Malangwa","alternatenames":["Malangawa","Malangwa","Malankwa"],"latitude":"26.85679","longitude":"85.55811","feature_class":"P","feature_code":"PPL","country_code":"NP","cc2":"","admin1_code":"CR","admin2_code":"","admin3_code":"","admin4_code":"","population":"20284","elevation":"","dem":"90","timezone":"Asia/Kathmandu","modification_date":"2013-05-21"},{"geonameid":"1283095","name":"Mahendranagar","asciiname":"Mahendranagar","alternatenames":["Mahen Dkanagar","Mahendranagar","XMG"],"latitude":"28.91667","longitude":"80.33333","feature_class":"P","feature_code":"PPL","country_code":"NP","cc2":"","admin1_code":"FR","admin2_code":"","admin3_code":"","admin4_code":"","population":"88381","elevation":"","dem":"228","timezone":"Asia/Kathmandu","modification_date":"2013-05-21"},{"geonameid":"1283119","name":"Lobujya","asciiname":"Lobujya","alternatenames":["Lobuche","Lobuje","Lobujya"],"latitude":"27.95","longitude":"86.81667","feature_class":"P","feature_code":"PPL","country_code":"NP","cc2":"NP","admin1_code":"ER","admin2_code":"","admin3_code":"","admin4_code":"","population":"8767","elevation":"","dem":"4972","timezone":"Asia/Kathmandu","modification_date":"2013-05-22"},{"geonameid":"1283161","name":"Lahān","asciiname":"Lahan","alternatenames":["Lahan","Lahān"],"latitude":"26.72958","longitude":"86.49515","feature_class":"P","feature_code":"PPL","country_code":"NP","cc2":"","admin1_code":"ER","admin2_code":"","admin3_code":"","admin4_code":"","population":"31495","elevation":"","dem":"118","timezone":"Asia/Kathmandu","modification_date":"2013-05-21"},{"geonameid":"1283190","name":"Kirtipur","asciiname":"Kirtipur","alternatenames":["Kirtipur"],"latitude":"27.67872","longitude":"85.2775","feature_class":"P","feature_code":"PPL","country_code":"NP","cc2":"","admin1_code":"CR","admin2_code":"","admin3_code":"","admin4_code":"","population":"44632","elevation":"","dem":"1408","timezone":"Asia/Kathmandu","modification_date":"2015-05-06"},{"geonameid":"1283217","name":"Khāndbāri","asciiname":"Khandbari","alternatenames":["Khanbari","Khandbari","Khāndbāri"],"latitude":"27.37469","longitude":"87.2039","feature_class":"P","feature_code":"PPL","country_code":"NP","cc2":"","admin1_code":"ER","admin2_code":"","admin3_code":"","admin4_code":"","population":"22903","elevation":"","dem":"940","timezone":"Asia/Kathmandu","modification_date":"2013-05-21"},{"geonameid":"1283240","name":"Kathmandu","asciiname":"Kathmandu","alternatenames":["Catmandu","Catmandum","Gorad Katmandu","KTM","Kantipur","Kantipura","Katemandu","Kathmandau","Kathmandou","Kathmandu","Katmando","Katmandoe","Katmandou","Katmandu","Katmanduo","Katmandó","Katmandú","Katmandû","Katmandū","Katmantou","Khatmandu","Káthmandu","Káthmándú","jia de man dou","kateumandu","kath manthu","kathamadaum","kathamadaum mahanagarapalika","kathamadu","kathamandu","kathmandu","katmandw","katmandww","katmantu","katomanzu","qtmndw","yem jilla","Κατμαντού","Горад Катманду","Катманду","Կատմանդու","קאטמאנדו","קטמנדו","كاتماندو","كاتماندۇ","کاتماندو","کاتماندوو","کھٹمنڈو","काठमांडू","काठमाडौं","काठमाडौं महानगरपालिका","काठ्माण्डू","येँ जिल्ला","কাঠমান্ডু","ਕਠਮੰਡੂ","કાઠમંડુ","କାଠମାଣ୍ଡୁ","காட்மாண்டூ","ಕಠ್ಮಂಡು","കാഠ്മണ്ഡു","කත්මන්ඩු","กาฐมาณฑุ","ཀ་ཏ་མན་ཏ།","ཀ་ཏ་མན་ཏུ།","კატმანდუ","ካትማንዱ","カトマンズ","加德滿都","카트만두"],"latitude":"27.70169","longitude":"85.3206","feature_class":"P","feature_code":"PPLC","country_code":"NP","cc2":"","admin1_code":"CR","admin2_code":"01","admin3_code":"","admin4_code":"","population":"1442271","elevation":"1317","dem":"1296","timezone":"Asia/Kathmandu","modification_date":"2015-03-20"},{"geonameid":"1283285","name":"Jumla","asciiname":"Jumla","alternatenames":["JUM","Jumla"],"latitude":"29.27472","longitude":"82.18383","feature_class":"P","feature_code":"PPL","country_code":"NP","cc2":"","admin1_code":"MR","admin2_code":"06","admin3_code":"","admin4_code":"","population":"9073","elevation":"","dem":"2354","timezone":"Asia/Kathmandu","modification_date":"2013-09-21"},{"geonameid":"1283318","name":"Janakpur","asciiname":"Janakpur","alternatenames":["JKR","Janakpur"],"latitude":"26.71828","longitude":"85.90646","feature_class":"P","feature_code":"PPL","country_code":"NP","cc2":"","admin1_code":"CR","admin2_code":"","admin3_code":"","admin4_code":"","population":"93767","elevation":"","dem":"79","timezone":"Asia/Kathmandu","modification_date":"2013-05-21"},{"geonameid":"1283323","name":"Jaleswar","asciiname":"Jaleswar","alternatenames":["Jaleshwar","Jaleswar"],"latitude":"26.64711","longitude":"85.80081","feature_class":"P","feature_code":"PPL","country_code":"NP","cc2":"","admin1_code":"CR","admin2_code":"","admin3_code":"","admin4_code":"","population":"23573","elevation":"","dem":"67","timezone":"Asia/Kathmandu","modification_date":"2013-05-21"},{"geonameid":"1283329","name":"Ithari","asciiname":"Ithari","alternatenames":["Itahari","Ithari","Titahari"],"latitude":"26.66667","longitude":"87.28333","feature_class":"P","feature_code":"PPL","country_code":"NP","cc2":"","admin1_code":"ER","admin2_code":"","admin3_code":"","admin4_code":"","population":"47984","elevation":"","dem":"117","timezone":"Asia/Kathmandu","modification_date":"2013-05-21"},{"geonameid":"1283333","name":"Ilām","asciiname":"Ilam","alternatenames":["Ilam","Ilām"],"latitude":"26.90943","longitude":"87.92824","feature_class":"P","feature_code":"PPLA3","country_code":"NP","cc2":"","admin1_code":"ER","admin2_code":"10","admin3_code":"3","admin4_code":"","population":"17491","elevation":"","dem":"1218","timezone":"Asia/Kathmandu","modification_date":"2011-07-31"},{"geonameid":"1283339","name":"Hetauda","asciiname":"Hetauda","alternatenames":["Hetauda","Hetauda Bazar","Hetaunda","Hetaura","Heṭauḍā","Hithaura","Hitura"],"latitude":"27.42839","longitude":"85.03219","feature_class":"P","feature_code":"PPL","country_code":"NP","cc2":"","admin1_code":"CR","admin2_code":"11","admin3_code":"","admin4_code":"","population":"84775","elevation":"","dem":"467","timezone":"Asia/Kathmandu","modification_date":"2015-05-07"},{"geonameid":"1283368","name":"Gulariyā","asciiname":"Gulariya","alternatenames":["Gularia","Gulariya","Gulariyā"],"latitude":"28.23333","longitude":"81.33333","feature_class":"P","feature_code":"PPL","country_code":"NP","cc2":"","admin1_code":"MR","admin2_code":"","admin3_code":"","admin4_code":"","population":"53107","elevation":"","dem":"146","timezone":"Asia/Kathmandu","modification_date":"2013-05-21"},{"geonameid":"1283401","name":"Gaur","asciiname":"Gaur","alternatenames":["Gaur","Gaura","Gour","Гаура"],"latitude":"26.76667","longitude":"85.26667","feature_class":"P","feature_code":"PPL","country_code":"NP","cc2":"","admin1_code":"CR","admin2_code":"","admin3_code":"","admin4_code":"","population":"27325","elevation":"","dem":"77","timezone":"Asia/Kathmandu","modification_date":"2013-05-21"},{"geonameid":"1283460","name":"Dharān Bāzār","asciiname":"Dharan Bazar","alternatenames":["Dharan","Dharan Bazar","Dharān Bāzār"],"latitude":"26.81248","longitude":"87.28355","feature_class":"P","feature_code":"PPL","country_code":"NP","cc2":"","admin1_code":"ER","admin2_code":"","admin3_code":"","admin4_code":"","population":"108600","elevation":"","dem":"371","timezone":"Asia/Kathmandu","modification_date":"2013-05-21"},{"geonameid":"1283465","name":"Dhankutā","asciiname":"Dhankuta","alternatenames":["Dhankuta","Dhankuta Bazar","Dhankutta","Dhankutā"],"latitude":"26.98333","longitude":"87.33333","feature_class":"P","feature_code":"PPLA","country_code":"NP","cc2":"","admin1_code":"ER","admin2_code":"","admin3_code":"","admin4_code":"","population":"22084","elevation":"","dem":"1188","timezone":"Asia/Kathmandu","modification_date":"2011-03-10"},{"geonameid":"1283467","name":"Dhangarhi","asciiname":"Dhangarhi","alternatenames":["DHI","Dhangadhi","Dhangarhi","Dhantardhi"],"latitude":"28.70792","longitude":"80.59611","feature_class":"P","feature_code":"PPL","country_code":"NP","cc2":"","admin1_code":"FR","admin2_code":"","admin3_code":"","admin4_code":"","population":"92294","elevation":"","dem":"180","timezone":"Asia/Kathmandu","modification_date":"2013-05-21"},{"geonameid":"1283484","name":"Dārchulā","asciiname":"Darchula","alternatenames":["Darchula","Dharchul","Dharchula","Dhārchul","Dhārchulā","Dārchulā","Khalanga"],"latitude":"29.84121","longitude":"80.52874","feature_class":"P","feature_code":"PPL","country_code":"NP","cc2":"","admin1_code":"WR","admin2_code":"","admin3_code":"","admin4_code":"","population":"18317","elevation":"","dem":"968","timezone":"Asia/Kathmandu","modification_date":"2013-11-04"},{"geonameid":"1283496","name":"Dailekh","asciiname":"Dailekh","alternatenames":[""],"latitude":"28.84434","longitude":"81.71011","feature_class":"P","feature_code":"PPLA3","country_code":"NP","cc2":"","admin1_code":"MR","admin2_code":"02","admin3_code":"60","admin4_code":"","population":"20908","elevation":"","dem":"1307","timezone":"Asia/Kathmandu","modification_date":"2011-07-31"},{"geonameid":"1283499","name":"Dadeldhurā","asciiname":"Dadeldhura","alternatenames":["Dadeldhura","Dadeldhurā","Dandeldhura","Dandelhura"],"latitude":"29.29842","longitude":"80.58059","feature_class":"P","feature_code":"PPL","country_code":"NP","cc2":"","admin1_code":"FR","admin2_code":"","admin3_code":"","admin4_code":"","population":"19014","elevation":"","dem":"1814","timezone":"Asia/Kathmandu","modification_date":"2013-05-21"},{"geonameid":"1283562","name":"Butwāl","asciiname":"Butwal","alternatenames":["Butaul","Butwai","Butwal","Butwaī","Butwāl"],"latitude":"27.70055","longitude":"83.44836","feature_class":"P","feature_code":"PPL","country_code":"NP","cc2":"","admin1_code":"WR","admin2_code":"","admin3_code":"","admin4_code":"","population":"91733","elevation":"","dem":"322","timezone":"Asia/Kathmandu","modification_date":"2013-05-21"},{"geonameid":"1283581","name":"Bīrganj","asciiname":"Birganj","alternatenames":["Birganj","Birgunj","Bīrganj"],"latitude":"27.01043","longitude":"84.87735","feature_class":"P","feature_code":"PPL","country_code":"NP","cc2":"","admin1_code":"CR","admin2_code":"","admin3_code":"","admin4_code":"","population":"133238","elevation":"","dem":"91","timezone":"Asia/Kathmandu","modification_date":"2013-05-21"},{"geonameid":"1283582","name":"Birātnagar","asciiname":"Biratnagar","alternatenames":["Biratnagar","Biratnagur","Биратнагар"],"latitude":"26.4831","longitude":"87.28337","feature_class":"P","feature_code":"PPL","country_code":"NP","cc2":"","admin1_code":"ER","admin2_code":"07","admin3_code":"","admin4_code":"","population":"182324","elevation":"","dem":"81","timezone":"Asia/Kathmandu","modification_date":"2011-03-10"},{"geonameid":"1283613","name":"Bharatpur","asciiname":"Bharatpur","alternatenames":["BHR","Bharatpur","Bhâratpur","balaspuleu","baratopuru","bharatapura","bharatapura  nepala","po luo duo bu er","भरतपुर","भरतपुर  नेपाल","バラトプル","婆羅多布爾","바랏푸르"],"latitude":"27.68333","longitude":"84.43333","feature_class":"P","feature_code":"PPL","country_code":"NP","cc2":"","admin1_code":"CR","admin2_code":"11","admin3_code":"35","admin4_code":"350005","population":"107157","elevation":"","dem":"217","timezone":"Asia/Kathmandu","modification_date":"2013-11-10"},{"geonameid":"1283621","name":"Bhairāhawā","asciiname":"Bhairahawa","alternatenames":["Bhairahawa","Bhairawa","Bhairhwa","Bhairwa","Bhairāhawā","Siddharthanagar"],"latitude":"27.5","longitude":"83.45","feature_class":"P","feature_code":"PPL","country_code":"NP","cc2":"","admin1_code":"WR","admin2_code":"08","admin3_code":"49","admin4_code":"490063","population":"63367","elevation":"","dem":"107","timezone":"Asia/Kathmandu","modification_date":"2012-01-18"},{"geonameid":"1283628","name":"Bhadrapur","asciiname":"Bhadrapur","alternatenames":["BDP","Bhadrapur"],"latitude":"26.54404","longitude":"88.09436","feature_class":"P","feature_code":"PPL","country_code":"NP","cc2":"","admin1_code":"ER","admin2_code":"","admin3_code":"","admin4_code":"","population":"19523","elevation":"","dem":"91","timezone":"Asia/Kathmandu","modification_date":"2013-05-21"},{"geonameid":"1283679","name":"Banepā","asciiname":"Banepa","alternatenames":["Banepa","Banepa Bazar","Banepā","Panepa"],"latitude":"27.63245","longitude":"85.52192","feature_class":"P","feature_code":"PPL","country_code":"NP","cc2":"","admin1_code":"CR","admin2_code":"","admin3_code":"","admin4_code":"","population":"17153","elevation":"","dem":"1477","timezone":"Asia/Kathmandu","modification_date":"2015-06-08"},{"geonameid":"1283711","name":"Bāglung","asciiname":"Baglung","alternatenames":["Baglung","Baglung Bazar","Bāglung","Баглунг"],"latitude":"28.27189","longitude":"83.58975","feature_class":"P","feature_code":"PPL","country_code":"NP","cc2":"","admin1_code":"WR","admin2_code":"","admin3_code":"","admin4_code":"","population":"23296","elevation":"","dem":"1212","timezone":"Asia/Kathmandu","modification_date":"2013-05-21"},{"geonameid":"6254842","name":"Besisahar","asciiname":"Besisahar","alternatenames":["Besisahar","Besisakhar","Бесисахар"],"latitude":"28.23417","longitude":"82.41278","feature_class":"P","feature_code":"PPL","country_code":"NP","cc2":"","admin1_code":"00","admin2_code":"","admin3_code":"","admin4_code":"","population":"5427","elevation":"760","dem":"1334","timezone":"Asia/Kathmandu","modification_date":"2014-01-15"},{"geonameid":"6254843","name":"Birendranagar","asciiname":"Birendranagar","alternatenames":["Birendranagan","Birendranagar","Бирендранаган"],"latitude":"28.60194","longitude":"81.63389","feature_class":"P","feature_code":"PPLA","country_code":"NP","cc2":"","admin1_code":"MR","admin2_code":"","admin3_code":"","admin4_code":"","population":"31381","elevation":"","dem":"736","timezone":"Asia/Kathmandu","modification_date":"2011-03-10"},{"geonameid":"6254845","name":"Dipayal","asciiname":"Dipayal","alternatenames":["Dipayal Silgadhi"],"latitude":"29.26083","longitude":"80.94","feature_class":"P","feature_code":"PPLA","country_code":"NP","cc2":"","admin1_code":"FR","admin2_code":"","admin3_code":"","admin4_code":"","population":"23416","elevation":"","dem":"565","timezone":"Asia/Kathmandu","modification_date":"2013-08-05"},{"geonameid":"6941099","name":"Nepalgunj","asciiname":"Nepalgunj","alternatenames":["Nepalganj","Nepalgun","Nepālganj","Непалгун"],"latitude":"28.05","longitude":"81.61667","feature_class":"P","feature_code":"PPL","country_code":"NP","cc2":"","admin1_code":"MR","admin2_code":"02","admin3_code":"","admin4_code":"","population":"64400","elevation":"","dem":"150","timezone":"Asia/Kathmandu","modification_date":"2015-04-28"},{"geonameid":"8199102","name":"kankrabari Dovan","asciiname":"kankrabari Dovan","alternatenames":[""],"latitude":"27.62881","longitude":"85.45934","feature_class":"P","feature_code":"PPL","country_code":"NP","cc2":"","admin1_code":"CR","admin2_code":"01","admin3_code":"","admin4_code":"","population":"10000","elevation":"","dem":"1703","timezone":"Asia/Kathmandu","modification_date":"2012-02-12"},{"geonameid":"8504556","name":"Hari Bdr Tamang House","asciiname":"Hari Bdr Tamang House","alternatenames":[""],"latitude":"27.6289","longitude":"85.45893","feature_class":"P","feature_code":"PPL","country_code":"NP","cc2":"","admin1_code":"CR","admin2_code":"01","admin3_code":"","admin4_code":"","population":"10000","elevation":"","dem":"1703","timezone":"Asia/Kathmandu","modification_date":"2013-03-12"},{"geonameid":"1282616","name":"Wāling","asciiname":"Waling","alternatenames":["Waling","Walling","Wāling"],"latitude":"27.98333","longitude":"83.76667","feature_class":"P","feature_code":"PPL","country_code":"NP","cc2":"","admin1_code":"WR","admin2_code":"","admin3_code":"","admin4_code":"","population":"21867","elevation":"","dem":"769","timezone":"Asia/Kathmandu","modification_date":"2013-05-21"},{"geonameid":"1282635","name":"Tulsīpur","asciiname":"Tulsipur","alternatenames":["Tulsipur","Tulsīpur"],"latitude":"28.13099","longitude":"82.29726","feature_class":"P","feature_code":"PPL","country_code":"NP","cc2":"","admin1_code":"MR","admin2_code":"","admin3_code":"","admin4_code":"","population":"39058","elevation":"","dem":"675","timezone":"Asia/Kathmandu","modification_date":"2013-05-21"},{"geonameid":"1282666","name":"Tīkāpur","asciiname":"Tikapur","alternatenames":["Tikapur","Tīkāpur"],"latitude":"28.5","longitude":"81.13333","feature_class":"P","feature_code":"PPL","country_code":"NP","cc2":"","admin1_code":"FR","admin2_code":"","admin3_code":"","admin4_code":"","population":"44758","elevation":"","dem":"155","timezone":"Asia/Kathmandu","modification_date":"2013-05-22"},{"geonameid":"1282714","name":"Tānsen","asciiname":"Tansen","alternatenames":["Tansen","Tansing","Tānsen","Tānsing","Тансен"],"latitude":"27.86731","longitude":"83.5467","feature_class":"P","feature_code":"PPL","country_code":"NP","cc2":"","admin1_code":"WR","admin2_code":"","admin3_code":"","admin4_code":"","population":"23693","elevation":"","dem":"1303","timezone":"Asia/Kathmandu","modification_date":"2013-05-21"},{"geonameid":"1282770","name":"Sirāhā","asciiname":"Siraha","alternatenames":["Shirha","Siraha","Sirakha","Sirha","Sirāhā","Сираха"],"latitude":"26.65411","longitude":"86.2087","feature_class":"P","feature_code":"PPL","country_code":"NP","cc2":"","admin1_code":"ER","admin2_code":"","admin3_code":"","admin4_code":"","population":"24657","elevation":"","dem":"82","timezone":"Asia/Kathmandu","modification_date":"2013-05-21"},{"geonameid":"1282884","name":"Rājbirāj","asciiname":"Rajbiraj","alternatenames":["Rajbiraj","Rājbirāj"],"latitude":"26.53333","longitude":"86.75","feature_class":"P","feature_code":"PPL","country_code":"NP","cc2":"","admin1_code":"ER","admin2_code":"","admin3_code":"","admin4_code":"","population":"33061","elevation":"","dem":"88","timezone":"Asia/Kathmandu","modification_date":"2013-05-21"},{"geonameid":"1282898","name":"Pokhara","asciiname":"Pokhara","alternatenames":["PKR","Pakhra","Pokara","Pokhar","Pokhara","Pokhra","Pokkhara","bo ke la","pokala","pokara","pokh ra","pokhara","pokhara gavisa","pokhara upamahanagarapalika","Ποκάρα","Покхара","פוקארה","पोखरा","पोखरा उपमहानगरपालिका","पोखरा गाविस","ಪೊಖರಾ","โปขระ","ポカラ","博克拉","포카라"],"latitude":"28.26689","longitude":"83.96851","feature_class":"P","feature_code":"PPLA","country_code":"NP","cc2":"NP","admin1_code":"WR","admin2_code":"04","admin3_code":"","admin4_code":"","population":"200000","elevation":"","dem":"1008","timezone":"Asia/Kathmandu","modification_date":"2011-03-10"},{"geonameid":"1282931","name":"Pātan","asciiname":"Patan","alternatenames":["Lalitapura","Lalitpur","Manigal","Patan","Pātan","Yala","Лалитпур"],"latitude":"27.67658","longitude":"85.31417","feature_class":"P","feature_code":"PPL","country_code":"NP","cc2":"","admin1_code":"CR","admin2_code":"01","admin3_code":"25","admin4_code":"","population":"183310","elevation":"","dem":"1334","timezone":"Asia/Kathmandu","modification_date":"2013-05-05"},{"geonameid":"1282950","name":"Panauti̇̄","asciiname":"Panauti","alternatenames":["Panaoti","Panauti","Panauti Village","Panauti̇̄","Panautī"],"latitude":"27.58453","longitude":"85.51484","feature_class":"P","feature_code":"PPL","country_code":"NP","cc2":"","admin1_code":"CR","admin2_code":"","admin3_code":"","admin4_code":"","population":"27602","elevation":"","dem":"1455","timezone":"Asia/Kathmandu","modification_date":"2015-06-08"},{"geonameid":"1283082","name":"Malangwa","asciiname":"Malangwa","alternatenames":["Malangawa","Malangwa","Malankwa"],"latitude":"26.85679","longitude":"85.55811","feature_class":"P","feature_code":"PPL","country_code":"NP","cc2":"","admin1_code":"CR","admin2_code":"","admin3_code":"","admin4_code":"","population":"20284","elevation":"","dem":"90","timezone":"Asia/Kathmandu","modification_date":"2013-05-21"},{"geonameid":"1283095","name":"Mahendranagar","asciiname":"Mahendranagar","alternatenames":["Mahen Dkanagar","Mahendranagar","XMG"],"latitude":"28.91667","longitude":"80.33333","feature_class":"P","feature_code":"PPL","country_code":"NP","cc2":"","admin1_code":"FR","admin2_code":"","admin3_code":"","admin4_code":"","population":"88381","elevation":"","dem":"228","timezone":"Asia/Kathmandu","modification_date":"2013-05-21"},{"geonameid":"1283161","name":"Lahān","asciiname":"Lahan","alternatenames":["Lahan","Lahān"],"latitude":"26.72958","longitude":"86.49515","feature_class":"P","feature_code":"PPL","country_code":"NP","cc2":"","admin1_code":"ER","admin2_code":"","admin3_code":"","admin4_code":"","population":"31495","elevation":"","dem":"118","timezone":"Asia/Kathmandu","modification_date":"2013-05-21"},{"geonameid":"1283190","name":"Kirtipur","asciiname":"Kirtipur","alternatenames":["Kirtipur"],"latitude":"27.67872","longitude":"85.2775","feature_class":"P","feature_code":"PPL","country_code":"NP","cc2":"","admin1_code":"CR","admin2_code":"","admin3_code":"","admin4_code":"","population":"44632","elevation":"","dem":"1408","timezone":"Asia/Kathmandu","modification_date":"2015-05-06"},{"geonameid":"1283217","name":"Khāndbāri","asciiname":"Khandbari","alternatenames":["Khanbari","Khandbari","Khāndbāri"],"latitude":"27.37469","longitude":"87.2039","feature_class":"P","feature_code":"PPL","country_code":"NP","cc2":"","admin1_code":"ER","admin2_code":"","admin3_code":"","admin4_code":"","population":"22903","elevation":"","dem":"940","timezone":"Asia/Kathmandu","modification_date":"2013-05-21"},{"geonameid":"1283240","name":"Kathmandu","asciiname":"Kathmandu","alternatenames":["Catmandu","Catmandum","Gorad Katmandu","KTM","Kantipur","Kantipura","Katemandu","Kathmandau","Kathmandou","Kathmandu","Katmando","Katmandoe","Katmandou","Katmandu","Katmanduo","Katmandó","Katmandú","Katmandû","Katmandū","Katmantou","Khatmandu","Káthmandu","Káthmándú","jia de man dou","kateumandu","kath manthu","kathamadaum","kathamadaum mahanagarapalika","kathamadu","kathamandu","kathmandu","katmandw","katmandww","katmantu","katomanzu","qtmndw","yem jilla","Κατμαντού","Горад Катманду","Катманду","Կատմանդու","קאטמאנדו","קטמנדו","كاتماندو","كاتماندۇ","کاتماندو","کاتماندوو","کھٹمنڈو","काठमांडू","काठमाडौं","काठमाडौं महानगरपालिका","काठ्माण्डू","येँ जिल्ला","কাঠমান্ডু","ਕਠਮੰਡੂ","કાઠમંડુ","କାଠମାଣ୍ଡୁ","காட்மாண்டூ","ಕಠ್ಮಂಡು","കാഠ്മണ്ഡു","කත්මන්ඩු","กาฐมาณฑุ","ཀ་ཏ་མན་ཏ།","ཀ་ཏ་མན་ཏུ།","კატმანდუ","ካትማንዱ","カトマンズ","加德滿都","카트만두"],"latitude":"27.70169","longitude":"85.3206","feature_class":"P","feature_code":"PPLC","country_code":"NP","cc2":"","admin1_code":"CR","admin2_code":"01","admin3_code":"","admin4_code":"","population":"1442271","elevation":"1317","dem":"1296","timezone":"Asia/Kathmandu","modification_date":"2015-03-20"},{"geonameid":"1283318","name":"Janakpur","asciiname":"Janakpur","alternatenames":["JKR","Janakpur"],"latitude":"26.71828","longitude":"85.90646","feature_class":"P","feature_code":"PPL","country_code":"NP","cc2":"","admin1_code":"CR","admin2_code":"","admin3_code":"","admin4_code":"","population":"93767","elevation":"","dem":"79","timezone":"Asia/Kathmandu","modification_date":"2013-05-21"},{"geonameid":"1283323","name":"Jaleswar","asciiname":"Jaleswar","alternatenames":["Jaleshwar","Jaleswar"],"latitude":"26.64711","longitude":"85.80081","feature_class":"P","feature_code":"PPL","country_code":"NP","cc2":"","admin1_code":"CR","admin2_code":"","admin3_code":"","admin4_code":"","population":"23573","elevation":"","dem":"67","timezone":"Asia/Kathmandu","modification_date":"2013-05-21"},{"geonameid":"1283329","name":"Ithari","asciiname":"Ithari","alternatenames":["Itahari","Ithari","Titahari"],"latitude":"26.66667","longitude":"87.28333","feature_class":"P","feature_code":"PPL","country_code":"NP","cc2":"","admin1_code":"ER","admin2_code":"","admin3_code":"","admin4_code":"","population":"47984","elevation":"","dem":"117","timezone":"Asia/Kathmandu","modification_date":"2013-05-21"},{"geonameid":"1283333","name":"Ilām","asciiname":"Ilam","alternatenames":["Ilam","Ilām"],"latitude":"26.90943","longitude":"87.92824","feature_class":"P","feature_code":"PPLA3","country_code":"NP","cc2":"","admin1_code":"ER","admin2_code":"10","admin3_code":"3","admin4_code":"","population":"17491","elevation":"","dem":"1218","timezone":"Asia/Kathmandu","modification_date":"2011-07-31"},{"geonameid":"1283339","name":"Hetauda","asciiname":"Hetauda","alternatenames":["Hetauda","Hetauda Bazar","Hetaunda","Hetaura","Heṭauḍā","Hithaura","Hitura"],"latitude":"27.42839","longitude":"85.03219","feature_class":"P","feature_code":"PPL","country_code":"NP","cc2":"","admin1_code":"CR","admin2_code":"11","admin3_code":"","admin4_code":"","population":"84775","elevation":"","dem":"467","timezone":"Asia/Kathmandu","modification_date":"2015-05-07"},{"geonameid":"1283368","name":"Gulariyā","asciiname":"Gulariya","alternatenames":["Gularia","Gulariya","Gulariyā"],"latitude":"28.23333","longitude":"81.33333","feature_class":"P","feature_code":"PPL","country_code":"NP","cc2":"","admin1_code":"MR","admin2_code":"","admin3_code":"","admin4_code":"","population":"53107","elevation":"","dem":"146","timezone":"Asia/Kathmandu","modification_date":"2013-05-21"},{"geonameid":"1283401","name":"Gaur","asciiname":"Gaur","alternatenames":["Gaur","Gaura","Gour","Гаура"],"latitude":"26.76667","longitude":"85.26667","feature_class":"P","feature_code":"PPL","country_code":"NP","cc2":"","admin1_code":"CR","admin2_code":"","admin3_code":"","admin4_code":"","population":"27325","elevation":"","dem":"77","timezone":"Asia/Kathmandu","modification_date":"2013-05-21"},{"geonameid":"1283460","name":"Dharān Bāzār","asciiname":"Dharan Bazar","alternatenames":["Dharan","Dharan Bazar","Dharān Bāzār"],"latitude":"26.81248","longitude":"87.28355","feature_class":"P","feature_code":"PPL","country_code":"NP","cc2":"","admin1_code":"ER","admin2_code":"","admin3_code":"","admin4_code":"","population":"108600","elevation":"","dem":"371","timezone":"Asia/Kathmandu","modification_date":"2013-05-21"},{"geonameid":"1283465","name":"Dhankutā","asciiname":"Dhankuta","alternatenames":["Dhankuta","Dhankuta Bazar","Dhankutta","Dhankutā"],"latitude":"26.98333","longitude":"87.33333","feature_class":"P","feature_code":"PPLA","country_code":"NP","cc2":"","admin1_code":"ER","admin2_code":"","admin3_code":"","admin4_code":"","population":"22084","elevation":"","dem":"1188","timezone":"Asia/Kathmandu","modification_date":"2011-03-10"},{"geonameid":"1283467","name":"Dhangarhi","asciiname":"Dhangarhi","alternatenames":["DHI","Dhangadhi","Dhangarhi","Dhantardhi"],"latitude":"28.70792","longitude":"80.59611","feature_class":"P","feature_code":"PPL","country_code":"NP","cc2":"","admin1_code":"FR","admin2_code":"","admin3_code":"","admin4_code":"","population":"92294","elevation":"","dem":"180","timezone":"Asia/Kathmandu","modification_date":"2013-05-21"},{"geonameid":"1283484","name":"Dārchulā","asciiname":"Darchula","alternatenames":["Darchula","Dharchul","Dharchula","Dhārchul","Dhārchulā","Dārchulā","Khalanga"],"latitude":"29.84121","longitude":"80.52874","feature_class":"P","feature_code":"PPL","country_code":"NP","cc2":"","admin1_code":"WR","admin2_code":"","admin3_code":"","admin4_code":"","population":"18317","elevation":"","dem":"968","timezone":"Asia/Kathmandu","modification_date":"2013-11-04"},{"geonameid":"1283496","name":"Dailekh","asciiname":"Dailekh","alternatenames":[""],"latitude":"28.84434","longitude":"81.71011","feature_class":"P","feature_code":"PPLA3","country_code":"NP","cc2":"","admin1_code":"MR","admin2_code":"02","admin3_code":"60","admin4_code":"","population":"20908","elevation":"","dem":"1307","timezone":"Asia/Kathmandu","modification_date":"2011-07-31"},{"geonameid":"1283499","name":"Dadeldhurā","asciiname":"Dadeldhura","alternatenames":["Dadeldhura","Dadeldhurā","Dandeldhura","Dandelhura"],"latitude":"29.29842","longitude":"80.58059","feature_class":"P","feature_code":"PPL","country_code":"NP","cc2":"","admin1_code":"FR","admin2_code":"","admin3_code":"","admin4_code":"","population":"19014","elevation":"","dem":"1814","timezone":"Asia/Kathmandu","modification_date":"2013-05-21"},{"geonameid":"1283562","name":"Butwāl","asciiname":"Butwal","alternatenames":["Butaul","Butwai","Butwal","Butwaī","Butwāl"],"latitude":"27.70055","longitude":"83.44836","feature_class":"P","feature_code":"PPL","country_code":"NP","cc2":"","admin1_code":"WR","admin2_code":"","admin3_code":"","admin4_code":"","population":"91733","elevation":"","dem":"322","timezone":"Asia/Kathmandu","modification_date":"2013-05-21"},{"geonameid":"1283581","name":"Bīrganj","asciiname":"Birganj","alternatenames":["Birganj","Birgunj","Bīrganj"],"latitude":"27.01043","longitude":"84.87735","feature_class":"P","feature_code":"PPL","country_code":"NP","cc2":"","admin1_code":"CR","admin2_code":"","admin3_code":"","admin4_code":"","population":"133238","elevation":"","dem":"91","timezone":"Asia/Kathmandu","modification_date":"2013-05-21"},{"geonameid":"1283582","name":"Birātnagar","asciiname":"Biratnagar","alternatenames":["Biratnagar","Biratnagur","Биратнагар"],"latitude":"26.4831","longitude":"87.28337","feature_class":"P","feature_code":"PPL","country_code":"NP","cc2":"","admin1_code":"ER","admin2_code":"07","admin3_code":"","admin4_code":"","population":"182324","elevation":"","dem":"81","timezone":"Asia/Kathmandu","modification_date":"2011-03-10"},{"geonameid":"1283613","name":"Bharatpur","asciiname":"Bharatpur","alternatenames":["BHR","Bharatpur","Bhâratpur","balaspuleu","baratopuru","bharatapura","bharatapura  nepala","po luo duo bu er","भरतपुर","भरतपुर  नेपाल","バラトプル","婆羅多布爾","바랏푸르"],"latitude":"27.68333","longitude":"84.43333","feature_class":"P","feature_code":"PPL","country_code":"NP","cc2":"","admin1_code":"CR","admin2_code":"11","admin3_code":"35","admin4_code":"350005","population":"107157","elevation":"","dem":"217","timezone":"Asia/Kathmandu","modification_date":"2013-11-10"},{"geonameid":"1283621","name":"Bhairāhawā","asciiname":"Bhairahawa","alternatenames":["Bhairahawa","Bhairawa","Bhairhwa","Bhairwa","Bhairāhawā","Siddharthanagar"],"latitude":"27.5","longitude":"83.45","feature_class":"P","feature_code":"PPL","country_code":"NP","cc2":"","admin1_code":"WR","admin2_code":"08","admin3_code":"49","admin4_code":"490063","population":"63367","elevation":"","dem":"107","timezone":"Asia/Kathmandu","modification_date":"2012-01-18"},{"geonameid":"1283628","name":"Bhadrapur","asciiname":"Bhadrapur","alternatenames":["BDP","Bhadrapur"],"latitude":"26.54404","longitude":"88.09436","feature_class":"P","feature_code":"PPL","country_code":"NP","cc2":"","admin1_code":"ER","admin2_code":"","admin3_code":"","admin4_code":"","population":"19523","elevation":"","dem":"91","timezone":"Asia/Kathmandu","modification_date":"2013-05-21"},{"geonameid":"1283679","name":"Banepā","asciiname":"Banepa","alternatenames":["Banepa","Banepa Bazar","Banepā","Panepa"],"latitude":"27.63245","longitude":"85.52192","feature_class":"P","feature_code":"PPL","country_code":"NP","cc2":"","admin1_code":"CR","admin2_code":"","admin3_code":"","admin4_code":"","population":"17153","elevation":"","dem":"1477","timezone":"Asia/Kathmandu","modification_date":"2015-06-08"},{"geonameid":"1283711","name":"Bāglung","asciiname":"Baglung","alternatenames":["Baglung","Baglung Bazar","Bāglung","Баглунг"],"latitude":"28.27189","longitude":"83.58975","feature_class":"P","feature_code":"PPL","country_code":"NP","cc2":"","admin1_code":"WR","admin2_code":"","admin3_code":"","admin4_code":"","population":"23296","elevation":"","dem":"1212","timezone":"Asia/Kathmandu","modification_date":"2013-05-21"},{"geonameid":"6254843","name":"Birendranagar","asciiname":"Birendranagar","alternatenames":["Birendranagan","Birendranagar","Бирендранаган"],"latitude":"28.60194","longitude":"81.63389","feature_class":"P","feature_code":"PPLA","country_code":"NP","cc2":"","admin1_code":"MR","admin2_code":"","admin3_code":"","admin4_code":"","population":"31381","elevation":"","dem":"736","timezone":"Asia/Kathmandu","modification_date":"2011-03-10"},{"geonameid":"6254845","name":"Dipayal","asciiname":"Dipayal","alternatenames":["Dipayal Silgadhi"],"latitude":"29.26083","longitude":"80.94","feature_class":"P","feature_code":"PPLA","country_code":"NP","cc2":"","admin1_code":"FR","admin2_code":"","admin3_code":"","admin4_code":"","population":"23416","elevation":"","dem":"565","timezone":"Asia/Kathmandu","modification_date":"2013-08-05"},{"geonameid":"6941099","name":"Nepalgunj","asciiname":"Nepalgunj","alternatenames":["Nepalganj","Nepalgun","Nepālganj","Непалгун"],"latitude":"28.05","longitude":"81.61667","feature_class":"P","feature_code":"PPL","country_code":"NP","cc2":"","admin1_code":"MR","admin2_code":"02","admin3_code":"","admin4_code":"","population":"64400","elevation":"","dem":"150","timezone":"Asia/Kathmandu","modification_date":"2015-04-28"}]}