{"country_data":{"ISO":"NZ","ISO3":"NZL","ISO_Numeric":"554","fips":"NZ","country":"New Zealand","capital":"Wellington","area":"268680","Population":"4252277","Continent":"OC","tld":".nz","CurrencyCode":"NZD","CurrencyName":"Dollar","Phone":"64","Postal_Code_Format":"####","Postal_Code_Regex":"^(\\d{4})$","Languages":"en-NZ,mi","geonameid":"2186224","neighbours":"","EquivalentFipsCode":""},"cities":[{"geonameid":"2178982","name":"Woodend","asciiname":"Woodend","alternatenames":[""],"latitude":"-43.31667","longitude":"172.66667","feature_class":"P","feature_code":"PPL","country_code":"NZ","cc2":"","admin1_code":"E9","admin2_code":"059","admin3_code":"","admin4_code":"","population":"3059","elevation":"","dem":"13","timezone":"Pacific/Auckland","modification_date":"2011-08-01"},{"geonameid":"2179103","name":"Whitianga","asciiname":"Whitianga","alternatenames":["WTZ"],"latitude":"-36.83333","longitude":"175.7","feature_class":"P","feature_code":"PPL","country_code":"NZ","cc2":"","admin1_code":"G1","admin2_code":"011","admin3_code":"","admin4_code":"","population":"3367","elevation":"","dem":"8","timezone":"Pacific/Auckland","modification_date":"2011-08-01"},{"geonameid":"2179328","name":"Whangamata","asciiname":"Whangamata","alternatenames":[""],"latitude":"-37.2","longitude":"175.86667","feature_class":"P","feature_code":"PPL","country_code":"NZ","cc2":"","admin1_code":"G1","admin2_code":"011","admin3_code":"","admin4_code":"","population":"4253","elevation":"","dem":"7","timezone":"Pacific/Auckland","modification_date":"2011-08-01"},{"geonameid":"2179532","name":"Wellsford","asciiname":"Wellsford","alternatenames":["Welsford"],"latitude":"-36.28333","longitude":"174.51667","feature_class":"P","feature_code":"PPL","country_code":"NZ","cc2":"","admin1_code":"E7","admin2_code":"076","admin3_code":"","admin4_code":"","population":"1986","elevation":"","dem":"56","timezone":"Pacific/Auckland","modification_date":"2011-08-01"},{"geonameid":"2179537","name":"Wellington","asciiname":"Wellington","alternatenames":["Gorad Velingtan","Ouellin'nkton","Ouellinkton","Te Whanga-nui-a-Tara","Ueligitone","Uelingtun","Velington","Velingtona","Velingtonas","Velingtono","Vellington","Vellingtonia","Vellinqton","WLG","Welinton","Welintòn","Wellington","Wellinton","Weolingtun","Weolingtūn","Whanga-nui-a-Tara","hui ling dun","oyelintana","raelintana","u~erinton","vailigatana","velingatana","velingtana","velingtoni","velintan","vellingtan","wei ling dun","wellingtan","wellingteon","wlyngtwn","wylynghtwn","wylynjtwn","Ουέλλιγκτον","Ουέλλινγκτον","Велингтон","Веллингтон","Веллінгтон","Горад Велінгтан","Уелингтън","Վելինգտոն","ולינגטון","װעלינגטאן","ولینگتون","ويلينجتون","ويلينغتون","ویلنگٹن","ۋېللىنگتون","वेलिंगटन","वेलिंग्टन","ওয়েলিংটন","ৱেলিংটন","ਵੈਲਿੰਗਟਨ","વેલિંગ્ટન","வெலிங்டன்","ವೆಲ್ಲಿಂಗ್ಟನ್","വെല്ലിംഗ്ടൺ","เวลลิงตัน","ཝེ་ལིང་ཐོན།","ဝယ်လင်တန်မြို့","ველინგთონი","ველინგტონი","ዌሊንግተን","ウェリントン","威靈頓","惠灵顿","웰링턴"],"latitude":"-41.28664","longitude":"174.77557","feature_class":"P","feature_code":"PPLC","country_code":"NZ","cc2":"","admin1_code":"G2","admin2_code":"047","admin3_code":"","admin4_code":"","population":"381900","elevation":"","dem":"31","timezone":"Pacific/Auckland","modification_date":"2011-08-01"},{"geonameid":"2179639","name":"Warkworth","asciiname":"Warkworth","alternatenames":["Warkworth Town District"],"latitude":"-36.4","longitude":"174.66667","feature_class":"P","feature_code":"PPL","country_code":"NZ","cc2":"","admin1_code":"E7","admin2_code":"076","admin3_code":"","admin4_code":"","population":"3441","elevation":"","dem":"23","timezone":"Pacific/Auckland","modification_date":"2011-08-01"},{"geonameid":"2179670","name":"Wanganui","asciiname":"Wanganui","alternatenames":["Vanganui","WAG","Вангануи"],"latitude":"-39.93333","longitude":"175.05","feature_class":"P","feature_code":"PPL","country_code":"NZ","cc2":"","admin1_code":"F3","admin2_code":"037","admin3_code":"","admin4_code":"","population":"40268","elevation":"","dem":"18","timezone":"Pacific/Auckland","modification_date":"2011-08-01"},{"geonameid":"2179702","name":"Wakefield","asciiname":"Wakefield","alternatenames":[""],"latitude":"-41.4","longitude":"173.05","feature_class":"P","feature_code":"PPL","country_code":"NZ","cc2":"","admin1_code":"TAS","admin2_code":"051","admin3_code":"","admin4_code":"","population":"1663","elevation":"","dem":"59","timezone":"Pacific/Auckland","modification_date":"2011-08-01"},{"geonameid":"2179756","name":"Waiuku","asciiname":"Waiuku","alternatenames":["Waiuku Town District"],"latitude":"-37.24806","longitude":"174.73489","feature_class":"P","feature_code":"PPL","country_code":"NZ","cc2":"","admin1_code":"E7","admin2_code":"076","admin3_code":"","admin4_code":"","population":"7555","elevation":"","dem":"13","timezone":"Pacific/Auckland","modification_date":"2015-03-17"},{"geonameid":"2180063","name":"Waiouru","asciiname":"Waiouru","alternatenames":["Warouru"],"latitude":"-39.47753","longitude":"175.66834","feature_class":"P","feature_code":"PPL","country_code":"NZ","cc2":"","admin1_code":"F3","admin2_code":"036","admin3_code":"","admin4_code":"","population":"1347","elevation":"","dem":"819","timezone":"Pacific/Auckland","modification_date":"2015-03-09"},{"geonameid":"2180173","name":"Waimate North","asciiname":"Waimate North","alternatenames":[""],"latitude":"-35.31667","longitude":"173.88333","feature_class":"P","feature_code":"PPL","country_code":"NZ","cc2":"","admin1_code":"F6","admin2_code":"001","admin3_code":"","admin4_code":"","population":"2799","elevation":"","dem":"179","timezone":"Pacific/Auckland","modification_date":"2011-08-01"},{"geonameid":"2180393","name":"Waihi Beach","asciiname":"Waihi Beach","alternatenames":[""],"latitude":"-37.4","longitude":"175.93333","feature_class":"P","feature_code":"PPL","country_code":"NZ","cc2":"","admin1_code":"E8","admin2_code":"022","admin3_code":"","admin4_code":"","population":"2014","elevation":"","dem":"17","timezone":"Pacific/Auckland","modification_date":"2011-08-01"},{"geonameid":"2180737","name":"Turangi","asciiname":"Turangi","alternatenames":["Taupahi","Tokaanu Junction","Tongariro Bridge","Turangi"],"latitude":"-38.99037","longitude":"175.80837","feature_class":"P","feature_code":"PPL","country_code":"NZ","cc2":"","admin1_code":"G1","admin2_code":"","admin3_code":"","admin4_code":"","population":"3401","elevation":"","dem":"383","timezone":"Pacific/Auckland","modification_date":"2012-05-30"},{"geonameid":"2180995","name":"Tokoroa","asciiname":"Tokoroa","alternatenames":["TKZ","Tokoroa"],"latitude":"-38.23333","longitude":"175.86667","feature_class":"P","feature_code":"PPL","country_code":"NZ","cc2":"","admin1_code":"G1","admin2_code":"019","admin3_code":"","admin4_code":"","population":"14277","elevation":"","dem":"346","timezone":"Pacific/Auckland","modification_date":"2014-11-03"},{"geonameid":"2181108","name":"Tinwald","asciiname":"Tinwald","alternatenames":["Tinwald Town District"],"latitude":"-43.91667","longitude":"171.71667","feature_class":"P","feature_code":"PPL","country_code":"NZ","cc2":"NZ","admin1_code":"E9","admin2_code":"063","admin3_code":"","admin4_code":"","population":"2703","elevation":"","dem":"102","timezone":"Pacific/Auckland","modification_date":"2012-06-01"},{"geonameid":"2181133","name":"Timaru","asciiname":"Timaru","alternatenames":["Distretto di Timaru","TIU","Te Tihi-o-Maru","Timaru","Timaru City","Timaru-Distrikt","tim-alu","timaru","Тимару","Тімару","ضلع تیمارو","ტიმარუ","ティマルー","팀아루"],"latitude":"-44.39672","longitude":"171.25364","feature_class":"P","feature_code":"PPL","country_code":"NZ","cc2":"","admin1_code":"E9","admin2_code":"064","admin3_code":"","admin4_code":"","population":"28007","elevation":"","dem":"14","timezone":"Pacific/Auckland","modification_date":"2015-05-01"},{"geonameid":"2181511","name":"Te Kauwhata","asciiname":"Te Kauwhata","alternatenames":["Kauwhata","Te Kaiwhata","Te Kauwhata Town District"],"latitude":"-37.4","longitude":"175.15","feature_class":"P","feature_code":"PPL","country_code":"NZ","cc2":"","admin1_code":"G1","admin2_code":"013","admin3_code":"","admin4_code":"","population":"1174","elevation":"","dem":"19","timezone":"Pacific/Auckland","modification_date":"2011-08-01"},{"geonameid":"2181625","name":"Te Anau","asciiname":"Te Anau","alternatenames":["TEU","Te Anau"],"latitude":"-45.41667","longitude":"167.71667","feature_class":"P","feature_code":"PPL","country_code":"NZ","cc2":"","admin1_code":"F8","admin2_code":"073","admin3_code":"","admin4_code":"","population":"2074","elevation":"","dem":"215","timezone":"Pacific/Auckland","modification_date":"2013-06-22"},{"geonameid":"2181742","name":"Taupo","asciiname":"Taupo","alternatenames":["TUO","Taupo","Taupo Town District","Taupo-nui-a-Tia","Taupō-nui-a-Tia","tao bo","taupo","Таупо","ტაუპო","タウポ","陶波","타우포"],"latitude":"-38.68333","longitude":"176.08333","feature_class":"P","feature_code":"PPL","country_code":"NZ","cc2":"","admin1_code":"G1","admin2_code":"2181743","admin3_code":"","admin4_code":"","population":"22469","elevation":"","dem":"405","timezone":"Pacific/Auckland","modification_date":"2015-03-04"},{"geonameid":"2181997","name":"Takaka","asciiname":"Takaka","alternatenames":["KTF","Takaka Town District"],"latitude":"-40.85","longitude":"172.8","feature_class":"P","feature_code":"PPL","country_code":"NZ","cc2":"","admin1_code":"TAS","admin2_code":"051","admin3_code":"","admin4_code":"","population":"1223","elevation":"","dem":"10","timezone":"Pacific/Auckland","modification_date":"2011-08-01"},{"geonameid":"2182010","name":"Tairua","asciiname":"Tairua","alternatenames":[""],"latitude":"-37.01667","longitude":"175.85","feature_class":"P","feature_code":"PPL","country_code":"NZ","cc2":"","admin1_code":"G1","admin2_code":"011","admin3_code":"","admin4_code":"","population":"1588","elevation":"","dem":"10","timezone":"Pacific/Auckland","modification_date":"2011-08-01"},{"geonameid":"2182017","name":"Taipa","asciiname":"Taipa","alternatenames":[""],"latitude":"-34.99604","longitude":"173.46665","feature_class":"P","feature_code":"PPL","country_code":"NZ","cc2":"","admin1_code":"F6","admin2_code":"001","admin3_code":"","admin4_code":"","population":"1731","elevation":"","dem":"8","timezone":"Pacific/Auckland","modification_date":"2015-03-04"},{"geonameid":"2183310","name":"Rolleston","asciiname":"Rolleston","alternatenames":[""],"latitude":"-43.58333","longitude":"172.38333","feature_class":"P","feature_code":"PPL","country_code":"NZ","cc2":"","admin1_code":"E9","admin2_code":"062","admin3_code":"","admin4_code":"","population":"3124","elevation":"","dem":"60","timezone":"Pacific/Auckland","modification_date":"2011-08-01"},{"geonameid":"2183472","name":"Richmond","asciiname":"Richmond","alternatenames":["Richmond Borough"],"latitude":"-41.33333","longitude":"173.18333","feature_class":"P","feature_code":"PPLA","country_code":"NZ","cc2":"NZ","admin1_code":"TAS","admin2_code":"051","admin3_code":"","admin4_code":"","population":"14000","elevation":"","dem":"10","timezone":"Pacific/Auckland","modification_date":"2011-08-01"},{"geonameid":"2183824","name":"Rakaia","asciiname":"Rakaia","alternatenames":["South Rakaia"],"latitude":"-43.75","longitude":"172.01667","feature_class":"P","feature_code":"PPL","country_code":"NZ","cc2":"","admin1_code":"E9","admin2_code":"063","admin3_code":"","admin4_code":"","population":"1043","elevation":"","dem":"118","timezone":"Pacific/Auckland","modification_date":"2011-08-01"},{"geonameid":"2183854","name":"Raglan","asciiname":"Raglan","alternatenames":["RAG"],"latitude":"-37.8","longitude":"174.88333","feature_class":"P","feature_code":"PPL","country_code":"NZ","cc2":"","admin1_code":"G1","admin2_code":"013","admin3_code":"","admin4_code":"","population":"2863","elevation":"","dem":"31","timezone":"Pacific/Auckland","modification_date":"2011-08-01"},{"geonameid":"2184155","name":"Pukekohe East","asciiname":"Pukekohe East","alternatenames":[""],"latitude":"-37.2","longitude":"174.95","feature_class":"P","feature_code":"PPL","country_code":"NZ","cc2":"","admin1_code":"E7","admin2_code":"076","admin3_code":"","admin4_code":"","population":"21438","elevation":"","dem":"115","timezone":"Pacific/Auckland","modification_date":"2015-03-05"},{"geonameid":"2184297","name":"Prebbleton","asciiname":"Prebbleton","alternatenames":[""],"latitude":"-43.58333","longitude":"172.51667","feature_class":"P","feature_code":"PPL","country_code":"NZ","cc2":"","admin1_code":"E9","admin2_code":"062","admin3_code":"","admin4_code":"","population":"3600","elevation":"50","dem":"21","timezone":"Pacific/Auckland","modification_date":"2014-07-28"},{"geonameid":"2184359","name":"Portobello","asciiname":"Portobello","alternatenames":[""],"latitude":"-45.85","longitude":"170.65","feature_class":"P","feature_code":"PPL","country_code":"NZ","cc2":"","admin1_code":"F7","admin2_code":"071","admin3_code":"","admin4_code":"","population":"1200","elevation":"","dem":"77","timezone":"Pacific/Auckland","modification_date":"2012-06-01"},{"geonameid":"2184361","name":"Motueka","asciiname":"Motueka","alternatenames":["MZP"],"latitude":"-41.13333","longitude":"173.01667","feature_class":"P","feature_code":"PPL","country_code":"NZ","cc2":"","admin1_code":"TAS","admin2_code":"051","admin3_code":"","admin4_code":"","population":"7485","elevation":"","dem":"3","timezone":"Pacific/Auckland","modification_date":"2011-08-01"},{"geonameid":"2184397","name":"Porirua","asciiname":"Porirua","alternatenames":["Porirua","polilua","Порируа","პორირუა","포리루아"],"latitude":"-41.13333","longitude":"174.85","feature_class":"P","feature_code":"PPL","country_code":"NZ","cc2":"","admin1_code":"G2","admin2_code":"044","admin3_code":"","admin4_code":"","population":"50914","elevation":"","dem":"58","timezone":"Pacific/Auckland","modification_date":"2011-08-01"},{"geonameid":"2184512","name":"Pleasant Point","asciiname":"Pleasant Point","alternatenames":["Pleasant Point Town District"],"latitude":"-44.26667","longitude":"171.13333","feature_class":"P","feature_code":"PPL","country_code":"NZ","cc2":"","admin1_code":"E9","admin2_code":"064","admin3_code":"","admin4_code":"","population":"1187","elevation":"","dem":"89","timezone":"Pacific/Auckland","modification_date":"2011-08-01"},{"geonameid":"2184707","name":"Wanaka","asciiname":"Wanaka","alternatenames":["Pembroke","WKA","Wanaka","wanaka","ואנקה","ワナカ","와나카"],"latitude":"-44.7","longitude":"169.15","feature_class":"P","feature_code":"PPL","country_code":"NZ","cc2":"","admin1_code":"F7","admin2_code":"070","admin3_code":"","admin4_code":"","population":"4428","elevation":"","dem":"325","timezone":"Pacific/Auckland","modification_date":"2011-08-01"},{"geonameid":"2184904","name":"Paraparaumu","asciiname":"Paraparaumu","alternatenames":["PPQ","Paraparaumu","Парапарауму"],"latitude":"-40.91667","longitude":"175.01667","feature_class":"P","feature_code":"PPL","country_code":"NZ","cc2":"","admin1_code":"G2","admin2_code":"043","admin3_code":"","admin4_code":"","population":"25263","elevation":"","dem":"77","timezone":"Pacific/Auckland","modification_date":"2011-08-01"},{"geonameid":"2184927","name":"Parakai","asciiname":"Parakai","alternatenames":[""],"latitude":"-36.65","longitude":"174.43333","feature_class":"P","feature_code":"PPL","country_code":"NZ","cc2":"","admin1_code":"E7","admin2_code":"076","admin3_code":"","admin4_code":"","population":"1390","elevation":"","dem":"4","timezone":"Pacific/Auckland","modification_date":"2011-08-01"},{"geonameid":"2184943","name":"Papatowai","asciiname":"Papatowai","alternatenames":[""],"latitude":"-46.56069","longitude":"169.47068","feature_class":"P","feature_code":"PPL","country_code":"NZ","cc2":"","admin1_code":"F7","admin2_code":"072","admin3_code":"","admin4_code":"","population":"6593","elevation":"","dem":"25","timezone":"Pacific/Auckland","modification_date":"2015-03-06"},{"geonameid":"2185018","name":"Palmerston North","asciiname":"Palmerston North","alternatenames":["PMR","Palmerston Nort","Palmerston Nortas","Palmerston Norte","Palmerston North","Palmerston North City","Palmerston Utara","Palmerston-Nort","Palmy","Te Papa-i-oea","bei pa mo si dun","palmrstwn nwrth","pamasuton'nosu","pameoseuteonnoseu","Палмерстон Норт","Палмерстон-Норт","پالمرستون نورث","პალმერსტონ-ნორთი","パーマストンノース","北帕莫斯顿","파머스턴노스"],"latitude":"-40.35636","longitude":"175.61113","feature_class":"P","feature_code":"PPLA","country_code":"NZ","cc2":"","admin1_code":"F3","admin2_code":"040","admin3_code":"","admin4_code":"","population":"75996","elevation":"","dem":"34","timezone":"Pacific/Auckland","modification_date":"2015-02-24"},{"geonameid":"2185081","name":"Paihia","asciiname":"Paihia","alternatenames":[""],"latitude":"-35.28067","longitude":"174.09103","feature_class":"P","feature_code":"PPL","country_code":"NZ","cc2":"","admin1_code":"F6","admin2_code":"001","admin3_code":"","admin4_code":"","population":"1944","elevation":"","dem":"9","timezone":"Pacific/Auckland","modification_date":"2013-11-20"},{"geonameid":"2185148","name":"Oxford","asciiname":"Oxford","alternatenames":[""],"latitude":"-43.3","longitude":"172.18333","feature_class":"P","feature_code":"PPL","country_code":"NZ","cc2":"","admin1_code":"E9","admin2_code":"059","admin3_code":"","admin4_code":"","population":"1776","elevation":"","dem":"244","timezone":"Pacific/Auckland","modification_date":"2011-08-01"},{"geonameid":"2185245","name":"Otorohanga","asciiname":"Otorohanga","alternatenames":["Otorohanga Town District"],"latitude":"-38.18333","longitude":"175.2","feature_class":"P","feature_code":"PPL","country_code":"NZ","cc2":"","admin1_code":"G1","admin2_code":"018","admin3_code":"","admin4_code":"","population":"2673","elevation":"","dem":"39","timezone":"Pacific/Auckland","modification_date":"2011-08-01"},{"geonameid":"2185964","name":"North Shore","asciiname":"North Shore","alternatenames":["Boreia Akte","Nort-Shor","North Shore","bei an shi","Βόρεια Ακτή","Норт-Шор","北岸市"],"latitude":"-36.8","longitude":"174.75","feature_class":"P","feature_code":"PPLX","country_code":"NZ","cc2":"","admin1_code":"E7","admin2_code":"076","admin3_code":"","admin4_code":"","population":"207865","elevation":"","dem":"30","timezone":"Pacific/Auckland","modification_date":"2011-08-01"},{"geonameid":"2186111","name":"Ngunguru","asciiname":"Ngunguru","alternatenames":[""],"latitude":"-35.61667","longitude":"174.5","feature_class":"P","feature_code":"PPL","country_code":"NZ","cc2":"","admin1_code":"F6","admin2_code":"002","admin3_code":"","admin4_code":"","population":"1358","elevation":"","dem":"50","timezone":"Pacific/Auckland","modification_date":"2011-08-01"},{"geonameid":"2186152","name":"Ngatea","asciiname":"Ngatea","alternatenames":[""],"latitude":"-37.28333","longitude":"175.5","feature_class":"P","feature_code":"PPL","country_code":"NZ","cc2":"","admin1_code":"G1","admin2_code":"012","admin3_code":"","admin4_code":"","population":"1151","elevation":"","dem":"5","timezone":"Pacific/Auckland","modification_date":"2011-08-01"},{"geonameid":"2186239","name":"New Plymouth","asciiname":"New Plymouth","alternatenames":["Aberplymm Nowydh","Distretto di New Plymouth","N'ju Plimut","N'ju-Plimut","NPL","Naujasis Plimutas","New Plymouth","New Plymouth City","New Plymouth Ngamotu","New Plymouth Ngāmotu","Ngamotu","Ngāmotu","Nieu-Plymouth","Nju Plimut","Nueva Plymouth","nyupeullimeoseu","nyupurimasu","xin pu li mao si","Њу Плимут","Нью Плимут","Нью-Плимут","Нью-Плімут","ნიუ-პლიმუთი","ニュープリマス","新普利茅斯","뉴플리머스"],"latitude":"-39.06667","longitude":"174.08333","feature_class":"P","feature_code":"PPLA","country_code":"NZ","cc2":"","admin1_code":"F9","admin2_code":"033","admin3_code":"","admin4_code":"","population":"49168","elevation":"","dem":"64","timezone":"Pacific/Auckland","modification_date":"2011-08-01"},{"geonameid":"2186280","name":"Nelson","asciiname":"Nelson","alternatenames":["Gorad Nel'san","NSN","Nel'son","Nelson","Nelson City","Nelson eskualdea","Nelson pa New Zealand","Nelson på New Zealand","Nelsonas","Nelsun","Whakatu","Whakatū","nelseun","nelsoni","neruson","ni er xun","nlswn","Горад Нельсан","Нелсон","Нелсън","Нельсон","נלסון","ნელსონი","ネルソン","尼爾遜","넬슨"],"latitude":"-41.27078","longitude":"173.28404","feature_class":"P","feature_code":"PPLA","country_code":"NZ","cc2":"NZ","admin1_code":"F5","admin2_code":"052","admin3_code":"","admin4_code":"","population":"59200","elevation":"","dem":"11","timezone":"Pacific/Auckland","modification_date":"2014-07-18"},{"geonameid":"2186313","name":"Napier","asciiname":"Napier","alternatenames":["Ahuriri","NPE","Napier","Napier City","Napier pa New Zealand","Napier på New Zealand","Neipiras","Nejpijer","Nejpir","nei pi er","neipieo","nepia","nepiyar","nepiyara","Нейпир","Нејпијер","नेपियर","నేపియర్","നേപ്പിയർ","ნეიპირი","ネーピア","內皮爾","네이피어"],"latitude":"-39.48333","longitude":"176.91667","feature_class":"P","feature_code":"PPLA","country_code":"NZ","cc2":"","admin1_code":"F2","admin2_code":"031","admin3_code":"","admin4_code":"","population":"56787","elevation":"","dem":"57","timezone":"Pacific/Auckland","modification_date":"2014-01-06"},{"geonameid":"2186338","name":"Murupara","asciiname":"Murupara","alternatenames":["Murapara","Muripara"],"latitude":"-38.46667","longitude":"176.7","feature_class":"P","feature_code":"PPL","country_code":"NZ","cc2":"","admin1_code":"E8","admin2_code":"025","admin3_code":"","admin4_code":"","population":"1876","elevation":"","dem":"201","timezone":"Pacific/Auckland","modification_date":"2011-08-01"},{"geonameid":"2186363","name":"Muriwai Beach","asciiname":"Muriwai Beach","alternatenames":["Muriwai"],"latitude":"-36.81667","longitude":"174.45","feature_class":"P","feature_code":"PPL","country_code":"NZ","cc2":"","admin1_code":"E7","admin2_code":"076","admin3_code":"","admin4_code":"","population":"2402","elevation":"","dem":"115","timezone":"Pacific/Auckland","modification_date":"2011-08-01"},{"geonameid":"2186722","name":"Moerewa","asciiname":"Moerewa","alternatenames":[""],"latitude":"-35.38333","longitude":"174.03333","feature_class":"P","feature_code":"PPL","country_code":"NZ","cc2":"","admin1_code":"F6","admin2_code":"001","admin3_code":"","admin4_code":"","population":"1662","elevation":"","dem":"18","timezone":"Pacific/Auckland","modification_date":"2011-08-01"},{"geonameid":"2186895","name":"Methven","asciiname":"Methven","alternatenames":[""],"latitude":"-43.63333","longitude":"171.65","feature_class":"P","feature_code":"PPL","country_code":"NZ","cc2":"","admin1_code":"E9","admin2_code":"063","admin3_code":"","admin4_code":"","population":"1236","elevation":"","dem":"319","timezone":"Pacific/Auckland","modification_date":"2011-08-01"},{"geonameid":"2187074","name":"Maungatapere","asciiname":"Maungatapere","alternatenames":[""],"latitude":"-35.75","longitude":"174.2","feature_class":"P","feature_code":"PPL","country_code":"NZ","cc2":"","admin1_code":"F6","admin2_code":"002","admin3_code":"","admin4_code":"","population":"1007","elevation":"","dem":"125","timezone":"Pacific/Auckland","modification_date":"2011-08-01"},{"geonameid":"2187365","name":"Mapua","asciiname":"Mapua","alternatenames":[""],"latitude":"-41.25","longitude":"173.1","feature_class":"P","feature_code":"PPL","country_code":"NZ","cc2":"","admin1_code":"TAS","admin2_code":"051","admin3_code":"","admin4_code":"","population":"1819","elevation":"","dem":"6","timezone":"Pacific/Auckland","modification_date":"2011-08-01"},{"geonameid":"2187404","name":"Manukau City","asciiname":"Manukau City","alternatenames":["Manukau"],"latitude":"-36.99282","longitude":"174.87986","feature_class":"P","feature_code":"PPL","country_code":"NZ","cc2":"","admin1_code":"E7","admin2_code":"076","admin3_code":"","admin4_code":"","population":"362000","elevation":"","dem":"43","timezone":"Pacific/Auckland","modification_date":"2011-08-01"},{"geonameid":"2187454","name":"Mangere","asciiname":"Mangere","alternatenames":[""],"latitude":"-36.96807","longitude":"174.79875","feature_class":"P","feature_code":"PPL","country_code":"NZ","cc2":"","admin1_code":"E7","admin2_code":"076","admin3_code":"","admin4_code":"","population":"55266","elevation":"","dem":"15","timezone":"Pacific/Auckland","modification_date":"2011-08-01"},{"geonameid":"2187908","name":"Maketu","asciiname":"Maketu","alternatenames":[""],"latitude":"-37.76667","longitude":"176.45","feature_class":"P","feature_code":"PPL","country_code":"NZ","cc2":"","admin1_code":"E8","admin2_code":"022","admin3_code":"","admin4_code":"","population":"1083","elevation":"","dem":"12","timezone":"Pacific/Auckland","modification_date":"2011-08-01"},{"geonameid":"2188164","name":"Lower Hutt","asciiname":"Lower Hutt","alternatenames":["Awakairangi","Hutt Bawah","Louer Hatas","Lower Hutt","Lower Hutt City","lowoheos","xia ha te","ლოუერ-ჰატი","下哈特","로워헛"],"latitude":"-41.21667","longitude":"174.91667","feature_class":"P","feature_code":"PPL","country_code":"NZ","cc2":"","admin1_code":"G2","admin2_code":"046","admin3_code":"","admin4_code":"","population":"101194","elevation":"","dem":"9","timezone":"Pacific/Auckland","modification_date":"2011-08-01"},{"geonameid":"2188371","name":"Lincoln","asciiname":"Lincoln","alternatenames":[""],"latitude":"-43.65","longitude":"172.48333","feature_class":"P","feature_code":"PPL","country_code":"NZ","cc2":"","admin1_code":"E9","admin2_code":"062","admin3_code":"","admin4_code":"","population":"2235","elevation":"","dem":"8","timezone":"Pacific/Auckland","modification_date":"2011-08-01"},{"geonameid":"2188444","name":"Leeston","asciiname":"Leeston","alternatenames":["Leeston Town District"],"latitude":"-43.76667","longitude":"172.3","feature_class":"P","feature_code":"PPL","country_code":"NZ","cc2":"","admin1_code":"E9","admin2_code":"062","admin3_code":"","admin4_code":"","population":"1272","elevation":"","dem":"18","timezone":"Pacific/Auckland","modification_date":"2011-08-01"},{"geonameid":"2188831","name":"Kingston","asciiname":"Kingston","alternatenames":[""],"latitude":"-45.33333","longitude":"168.7","feature_class":"P","feature_code":"PPL","country_code":"NZ","cc2":"","admin1_code":"F7","admin2_code":"070","admin3_code":"","admin4_code":"","population":"2460","elevation":"","dem":"585","timezone":"Pacific/Auckland","modification_date":"2012-06-03"},{"geonameid":"2188874","name":"Kerikeri","asciiname":"Kerikeri","alternatenames":["KKE","kai li kai li","kelikeli","kerikeri","ケリケリ","凯里凯里","케리케리"],"latitude":"-35.22676","longitude":"173.94739","feature_class":"P","feature_code":"PPL","country_code":"NZ","cc2":"","admin1_code":"F6","admin2_code":"001","admin3_code":"","admin4_code":"","population":"5654","elevation":"","dem":"73","timezone":"Pacific/Auckland","modification_date":"2011-08-01"},{"geonameid":"2188922","name":"Kelburn","asciiname":"Kelburn","alternatenames":[""],"latitude":"-41.28333","longitude":"174.76667","feature_class":"P","feature_code":"PPLX","country_code":"NZ","cc2":"","admin1_code":"G2","admin2_code":"047","admin3_code":"","admin4_code":"","population":"3642","elevation":"","dem":"100","timezone":"Pacific/Auckland","modification_date":"2011-08-01"},{"geonameid":"2188942","name":"Kawerau","asciiname":"Kawerau","alternatenames":[""],"latitude":"-38.1","longitude":"176.7","feature_class":"P","feature_code":"PPL","country_code":"NZ","cc2":"","admin1_code":"E8","admin2_code":"026","admin3_code":"","admin4_code":"","population":"6702","elevation":"","dem":"46","timezone":"Pacific/Auckland","modification_date":"2011-08-01"},{"geonameid":"2188966","name":"Kawakawa","asciiname":"Kawakawa","alternatenames":["Kawakawa Town District"],"latitude":"-35.38333","longitude":"174.06667","feature_class":"P","feature_code":"PPL","country_code":"NZ","cc2":"","admin1_code":"F6","admin2_code":"001","admin3_code":"","admin4_code":"","population":"1399","elevation":"","dem":"40","timezone":"Pacific/Auckland","modification_date":"2011-08-01"},{"geonameid":"2189016","name":"Katikati","asciiname":"Katikati","alternatenames":[""],"latitude":"-37.55","longitude":"175.91667","feature_class":"P","feature_code":"PPL","country_code":"NZ","cc2":"","admin1_code":"E8","admin2_code":"022","admin3_code":"","admin4_code":"","population":"3232","elevation":"","dem":"9","timezone":"Pacific/Auckland","modification_date":"2011-08-01"},{"geonameid":"2189529","name":"Invercargill","asciiname":"Invercargill","alternatenames":["IVC","Invercargill","Inverkargilas","Inverkargill","Ostium Cargillense","Waihopai","anfrkarjl","aynwrkargyl","inbakagiru","inbeokagil","xin wexr kharkill","yin fu ka ji er","Інверкаргілл","Инверкаргилл","إنفركارجل","اینورکارگیل","อินเวอร์คาร์กิลล์","ინვერკარგილი","インバーカーギル","因弗卡吉尔","인버카길"],"latitude":"-46.4","longitude":"168.35","feature_class":"P","feature_code":"PPLA","country_code":"NZ","cc2":"","admin1_code":"F8","admin2_code":"075","admin3_code":"","admin4_code":"","population":"47287","elevation":"","dem":"6","timezone":"Pacific/Auckland","modification_date":"2011-08-01"},{"geonameid":"2190224","name":"Hastings","asciiname":"Hastings","alternatenames":["Daerah Hastings","Hastings","Hastings pa New Zealand","Hastings på New Zealand","Heretaunga","Khejstings","NPE","hastynjs  nywzylnda","heiseutingseu","heisutinguzu","Хейстингс","Хејстингс","ضلع ہیسٹنگز","هاستينجس، نيوزيلندا","ヘイスティングズ","헤이스팅스"],"latitude":"-39.6381","longitude":"176.84918","feature_class":"P","feature_code":"PPL","country_code":"NZ","cc2":"","admin1_code":"F2","admin2_code":"030","admin3_code":"","admin4_code":"","population":"61696","elevation":"","dem":"19","timezone":"Pacific/Auckland","modification_date":"2014-01-06"},{"geonameid":"2190324","name":"Hamilton","asciiname":"Hamilton","alternatenames":["Gamil'ton","Gorad Gamil'tan","HLZ","Hameldun","Hameldūn","Hamilton","Hamilton City","Hamilton pa New Zealand","Hamilton på New Zealand","Hamiltonas","Khamilt"],"latitude":"-37.78333","longitude":"175.28333","feature_class":"P","feature_code":"PPLA","country_code":"NZ","cc2":"","admin1_code":"G1","admin2_code":"016","admin3_code":"","admin4_code":"","population":"152641","elevation":"","dem":"39","timezone":"Pacific/Auckland","modification_date":"2011-08-01"},{"geonameid":"2179537","name":"Wellington","asciiname":"Wellington","alternatenames":["Gorad Velingtan","Ouellin'nkton","Ouellinkton","Te Whanga-nui-a-Tara","Ueligitone","Uelingtun","Velington","Velingtona","Velingtonas","Velingtono","Vellington","Vellingtonia","Vellinqton","WLG","Welinton","Welintòn","Wellington","Wellinton","Weolingtun","Weolingtūn","Whanga-nui-a-Tara","hui ling dun","oyelintana","raelintana","u~erinton","vailigatana","velingatana","velingtana","velingtoni","velintan","vellingtan","wei ling dun","wellingtan","wellingteon","wlyngtwn","wylynghtwn","wylynjtwn","Ουέλλιγκτον","Ουέλλινγκτον","Велингтон","Веллингтон","Веллінгтон","Горад Велінгтан","Уелингтън","Վելինգտոն","ולינגטון","װעלינגטאן","ولینگتون","ويلينجتون","ويلينغتون","ویلنگٹن","ۋېللىنگتون","वेलिंगटन","वेलिंग्टन","ওয়েলিংটন","ৱেলিংটন","ਵੈਲਿੰਗਟਨ","વેલિંગ્ટન","வெலிங்டன்","ವೆಲ್ಲಿಂಗ್ಟನ್","വെല്ലിംഗ്ടൺ","เวลลิงตัน","ཝེ་ལིང་ཐོན།","ဝယ်လင်တန်မြို့","ველინგთონი","ველინგტონი","ዌሊንግተን","ウェリントン","威靈頓","惠灵顿","웰링턴"],"latitude":"-41.28664","longitude":"174.77557","feature_class":"P","feature_code":"PPLC","country_code":"NZ","cc2":"","admin1_code":"G2","admin2_code":"047","admin3_code":"","admin4_code":"","population":"381900","elevation":"","dem":"31","timezone":"Pacific/Auckland","modification_date":"2011-08-01"},{"geonameid":"2179670","name":"Wanganui","asciiname":"Wanganui","alternatenames":["Vanganui","WAG","Вангануи"],"latitude":"-39.93333","longitude":"175.05","feature_class":"P","feature_code":"PPL","country_code":"NZ","cc2":"","admin1_code":"F3","admin2_code":"037","admin3_code":"","admin4_code":"","population":"40268","elevation":"","dem":"18","timezone":"Pacific/Auckland","modification_date":"2011-08-01"},{"geonameid":"2179756","name":"Waiuku","asciiname":"Waiuku","alternatenames":["Waiuku Town District"],"latitude":"-37.24806","longitude":"174.73489","feature_class":"P","feature_code":"PPL","country_code":"NZ","cc2":"","admin1_code":"E7","admin2_code":"076","admin3_code":"","admin4_code":"","population":"7555","elevation":"","dem":"13","timezone":"Pacific/Auckland","modification_date":"2015-03-17"},{"geonameid":"2180995","name":"Tokoroa","asciiname":"Tokoroa","alternatenames":["TKZ","Tokoroa"],"latitude":"-38.23333","longitude":"175.86667","feature_class":"P","feature_code":"PPL","country_code":"NZ","cc2":"","admin1_code":"G1","admin2_code":"019","admin3_code":"","admin4_code":"","population":"14277","elevation":"","dem":"346","timezone":"Pacific/Auckland","modification_date":"2014-11-03"},{"geonameid":"2181133","name":"Timaru","asciiname":"Timaru","alternatenames":["Distretto di Timaru","TIU","Te Tihi-o-Maru","Timaru","Timaru City","Timaru-Distrikt","tim-alu","timaru","Тимару","Тімару","ضلع تیمارو","ტიმარუ","ティマルー","팀아루"],"latitude":"-44.39672","longitude":"171.25364","feature_class":"P","feature_code":"PPL","country_code":"NZ","cc2":"","admin1_code":"E9","admin2_code":"064","admin3_code":"","admin4_code":"","population":"28007","elevation":"","dem":"14","timezone":"Pacific/Auckland","modification_date":"2015-05-01"},{"geonameid":"2181742","name":"Taupo","asciiname":"Taupo","alternatenames":["TUO","Taupo","Taupo Town District","Taupo-nui-a-Tia","Taupō-nui-a-Tia","tao bo","taupo","Таупо","ტაუპო","タウポ","陶波","타우포"],"latitude":"-38.68333","longitude":"176.08333","feature_class":"P","feature_code":"PPL","country_code":"NZ","cc2":"","admin1_code":"G1","admin2_code":"2181743","admin3_code":"","admin4_code":"","population":"22469","elevation":"","dem":"405","timezone":"Pacific/Auckland","modification_date":"2015-03-04"},{"geonameid":"2183472","name":"Richmond","asciiname":"Richmond","alternatenames":["Richmond Borough"],"latitude":"-41.33333","longitude":"173.18333","feature_class":"P","feature_code":"PPLA","country_code":"NZ","cc2":"NZ","admin1_code":"TAS","admin2_code":"051","admin3_code":"","admin4_code":"","population":"14000","elevation":"","dem":"10","timezone":"Pacific/Auckland","modification_date":"2011-08-01"},{"geonameid":"2184155","name":"Pukekohe East","asciiname":"Pukekohe East","alternatenames":[""],"latitude":"-37.2","longitude":"174.95","feature_class":"P","feature_code":"PPL","country_code":"NZ","cc2":"","admin1_code":"E7","admin2_code":"076","admin3_code":"","admin4_code":"","population":"21438","elevation":"","dem":"115","timezone":"Pacific/Auckland","modification_date":"2015-03-05"},{"geonameid":"2184361","name":"Motueka","asciiname":"Motueka","alternatenames":["MZP"],"latitude":"-41.13333","longitude":"173.01667","feature_class":"P","feature_code":"PPL","country_code":"NZ","cc2":"","admin1_code":"TAS","admin2_code":"051","admin3_code":"","admin4_code":"","population":"7485","elevation":"","dem":"3","timezone":"Pacific/Auckland","modification_date":"2011-08-01"},{"geonameid":"2184397","name":"Porirua","asciiname":"Porirua","alternatenames":["Porirua","polilua","Порируа","პორირუა","포리루아"],"latitude":"-41.13333","longitude":"174.85","feature_class":"P","feature_code":"PPL","country_code":"NZ","cc2":"","admin1_code":"G2","admin2_code":"044","admin3_code":"","admin4_code":"","population":"50914","elevation":"","dem":"58","timezone":"Pacific/Auckland","modification_date":"2011-08-01"},{"geonameid":"2184904","name":"Paraparaumu","asciiname":"Paraparaumu","alternatenames":["PPQ","Paraparaumu","Парапарауму"],"latitude":"-40.91667","longitude":"175.01667","feature_class":"P","feature_code":"PPL","country_code":"NZ","cc2":"","admin1_code":"G2","admin2_code":"043","admin3_code":"","admin4_code":"","population":"25263","elevation":"","dem":"77","timezone":"Pacific/Auckland","modification_date":"2011-08-01"},{"geonameid":"2184943","name":"Papatowai","asciiname":"Papatowai","alternatenames":[""],"latitude":"-46.56069","longitude":"169.47068","feature_class":"P","feature_code":"PPL","country_code":"NZ","cc2":"","admin1_code":"F7","admin2_code":"072","admin3_code":"","admin4_code":"","population":"6593","elevation":"","dem":"25","timezone":"Pacific/Auckland","modification_date":"2015-03-06"},{"geonameid":"2185018","name":"Palmerston North","asciiname":"Palmerston North","alternatenames":["PMR","Palmerston Nort","Palmerston Nortas","Palmerston Norte","Palmerston North","Palmerston North City","Palmerston Utara","Palmerston-Nort","Palmy","Te Papa-i-oea","bei pa mo si dun","palmrstwn nwrth","pamasuton'nosu","pameoseuteonnoseu","Палмерстон Норт","Палмерстон-Норт","پالمرستون نورث","პალმერსტონ-ნორთი","パーマストンノース","北帕莫斯顿","파머스턴노스"],"latitude":"-40.35636","longitude":"175.61113","feature_class":"P","feature_code":"PPLA","country_code":"NZ","cc2":"","admin1_code":"F3","admin2_code":"040","admin3_code":"","admin4_code":"","population":"75996","elevation":"","dem":"34","timezone":"Pacific/Auckland","modification_date":"2015-02-24"},{"geonameid":"2185964","name":"North Shore","asciiname":"North Shore","alternatenames":["Boreia Akte","Nort-Shor","North Shore","bei an shi","Βόρεια Ακτή","Норт-Шор","北岸市"],"latitude":"-36.8","longitude":"174.75","feature_class":"P","feature_code":"PPLX","country_code":"NZ","cc2":"","admin1_code":"E7","admin2_code":"076","admin3_code":"","admin4_code":"","population":"207865","elevation":"","dem":"30","timezone":"Pacific/Auckland","modification_date":"2011-08-01"},{"geonameid":"2186239","name":"New Plymouth","asciiname":"New Plymouth","alternatenames":["Aberplymm Nowydh","Distretto di New Plymouth","N'ju Plimut","N'ju-Plimut","NPL","Naujasis Plimutas","New Plymouth","New Plymouth City","New Plymouth Ngamotu","New Plymouth Ngāmotu","Ngamotu","Ngāmotu","Nieu-Plymouth","Nju Plimut","Nueva Plymouth","nyupeullimeoseu","nyupurimasu","xin pu li mao si","Њу Плимут","Нью Плимут","Нью-Плимут","Нью-Плімут","ნიუ-პლიმუთი","ニュープリマス","新普利茅斯","뉴플리머스"],"latitude":"-39.06667","longitude":"174.08333","feature_class":"P","feature_code":"PPLA","country_code":"NZ","cc2":"","admin1_code":"F9","admin2_code":"033","admin3_code":"","admin4_code":"","population":"49168","elevation":"","dem":"64","timezone":"Pacific/Auckland","modification_date":"2011-08-01"},{"geonameid":"2186280","name":"Nelson","asciiname":"Nelson","alternatenames":["Gorad Nel'san","NSN","Nel'son","Nelson","Nelson City","Nelson eskualdea","Nelson pa New Zealand","Nelson på New Zealand","Nelsonas","Nelsun","Whakatu","Whakatū","nelseun","nelsoni","neruson","ni er xun","nlswn","Горад Нельсан","Нелсон","Нелсън","Нельсон","נלסון","ნელსონი","ネルソン","尼爾遜","넬슨"],"latitude":"-41.27078","longitude":"173.28404","feature_class":"P","feature_code":"PPLA","country_code":"NZ","cc2":"NZ","admin1_code":"F5","admin2_code":"052","admin3_code":"","admin4_code":"","population":"59200","elevation":"","dem":"11","timezone":"Pacific/Auckland","modification_date":"2014-07-18"},{"geonameid":"2186313","name":"Napier","asciiname":"Napier","alternatenames":["Ahuriri","NPE","Napier","Napier City","Napier pa New Zealand","Napier på New Zealand","Neipiras","Nejpijer","Nejpir","nei pi er","neipieo","nepia","nepiyar","nepiyara","Нейпир","Нејпијер","नेपियर","నేపియర్","നേപ്പിയർ","ნეიპირი","ネーピア","內皮爾","네이피어"],"latitude":"-39.48333","longitude":"176.91667","feature_class":"P","feature_code":"PPLA","country_code":"NZ","cc2":"","admin1_code":"F2","admin2_code":"031","admin3_code":"","admin4_code":"","population":"56787","elevation":"","dem":"57","timezone":"Pacific/Auckland","modification_date":"2014-01-06"},{"geonameid":"2187404","name":"Manukau City","asciiname":"Manukau City","alternatenames":["Manukau"],"latitude":"-36.99282","longitude":"174.87986","feature_class":"P","feature_code":"PPL","country_code":"NZ","cc2":"","admin1_code":"E7","admin2_code":"076","admin3_code":"","admin4_code":"","population":"362000","elevation":"","dem":"43","timezone":"Pacific/Auckland","modification_date":"2011-08-01"},{"geonameid":"2187454","name":"Mangere","asciiname":"Mangere","alternatenames":[""],"latitude":"-36.96807","longitude":"174.79875","feature_class":"P","feature_code":"PPL","country_code":"NZ","cc2":"","admin1_code":"E7","admin2_code":"076","admin3_code":"","admin4_code":"","population":"55266","elevation":"","dem":"15","timezone":"Pacific/Auckland","modification_date":"2011-08-01"},{"geonameid":"2188164","name":"Lower Hutt","asciiname":"Lower Hutt","alternatenames":["Awakairangi","Hutt Bawah","Louer Hatas","Lower Hutt","Lower Hutt City","lowoheos","xia ha te","ლოუერ-ჰატი","下哈特","로워헛"],"latitude":"-41.21667","longitude":"174.91667","feature_class":"P","feature_code":"PPL","country_code":"NZ","cc2":"","admin1_code":"G2","admin2_code":"046","admin3_code":"","admin4_code":"","population":"101194","elevation":"","dem":"9","timezone":"Pacific/Auckland","modification_date":"2011-08-01"},{"geonameid":"2188874","name":"Kerikeri","asciiname":"Kerikeri","alternatenames":["KKE","kai li kai li","kelikeli","kerikeri","ケリケリ","凯里凯里","케리케리"],"latitude":"-35.22676","longitude":"173.94739","feature_class":"P","feature_code":"PPL","country_code":"NZ","cc2":"","admin1_code":"F6","admin2_code":"001","admin3_code":"","admin4_code":"","population":"5654","elevation":"","dem":"73","timezone":"Pacific/Auckland","modification_date":"2011-08-01"},{"geonameid":"2188942","name":"Kawerau","asciiname":"Kawerau","alternatenames":[""],"latitude":"-38.1","longitude":"176.7","feature_class":"P","feature_code":"PPL","country_code":"NZ","cc2":"","admin1_code":"E8","admin2_code":"026","admin3_code":"","admin4_code":"","population":"6702","elevation":"","dem":"46","timezone":"Pacific/Auckland","modification_date":"2011-08-01"},{"geonameid":"2189529","name":"Invercargill","asciiname":"Invercargill","alternatenames":["IVC","Invercargill","Inverkargilas","Inverkargill","Ostium Cargillense","Waihopai","anfrkarjl","aynwrkargyl","inbakagiru","inbeokagil","xin wexr kharkill","yin fu ka ji er","Інверкаргілл","Инверкаргилл","إنفركارجل","اینورکارگیل","อินเวอร์คาร์กิลล์","ინვერკარგილი","インバーカーギル","因弗卡吉尔","인버카길"],"latitude":"-46.4","longitude":"168.35","feature_class":"P","feature_code":"PPLA","country_code":"NZ","cc2":"","admin1_code":"F8","admin2_code":"075","admin3_code":"","admin4_code":"","population":"47287","elevation":"","dem":"6","timezone":"Pacific/Auckland","modification_date":"2011-08-01"},{"geonameid":"2190224","name":"Hastings","asciiname":"Hastings","alternatenames":["Daerah Hastings","Hastings","Hastings pa New Zealand","Hastings på New Zealand","Heretaunga","Khejstings","NPE","hastynjs  nywzylnda","heiseutingseu","heisutinguzu","Хейстингс","Хејстингс","ضلع ہیسٹنگز","هاستينجس، نيوزيلندا","ヘイスティングズ","헤이스팅스"],"latitude":"-39.6381","longitude":"176.84918","feature_class":"P","feature_code":"PPL","country_code":"NZ","cc2":"","admin1_code":"F2","admin2_code":"030","admin3_code":"","admin4_code":"","population":"61696","elevation":"","dem":"19","timezone":"Pacific/Auckland","modification_date":"2014-01-06"},{"geonameid":"2190324","name":"Hamilton","asciiname":"Hamilton","alternatenames":["Gamil'ton","Gorad Gamil'tan","HLZ","Hameldun","Hameldūn","Hamilton","Hamilton City","Hamilton pa New Zealand","Hamilton på New Zealand","Hamiltonas","Khamilt"],"latitude":"-37.78333","longitude":"175.28333","feature_class":"P","feature_code":"PPLA","country_code":"NZ","cc2":"","admin1_code":"G1","admin2_code":"016","admin3_code":"","admin4_code":"","population":"152641","elevation":"","dem":"39","timezone":"Pacific/Auckland","modification_date":"2011-08-01"},{"geonameid":"2179537","name":"Wellington","asciiname":"Wellington","alternatenames":["Gorad Velingtan","Ouellin'nkton","Ouellinkton","Te Whanga-nui-a-Tara","Ueligitone","Uelingtun","Velington","Velingtona","Velingtonas","Velingtono","Vellington","Vellingtonia","Vellinqton","WLG","Welinton","Welintòn","Wellington","Wellinton","Weolingtun","Weolingtūn","Whanga-nui-a-Tara","hui ling dun","oyelintana","raelintana","u~erinton","vailigatana","velingatana","velingtana","velingtoni","velintan","vellingtan","wei ling dun","wellingtan","wellingteon","wlyngtwn","wylynghtwn","wylynjtwn","Ουέλλιγκτον","Ουέλλινγκτον","Велингтон","Веллингтон","Веллінгтон","Горад Велінгтан","Уелингтън","Վելինգտոն","ולינגטון","װעלינגטאן","ولینگتون","ويلينجتون","ويلينغتون","ویلنگٹن","ۋېللىنگتون","वेलिंगटन","वेलिंग्टन","ওয়েলিংটন","ৱেলিংটন","ਵੈਲਿੰਗਟਨ","વેલિંગ્ટન","வெலிங்டன்","ವೆಲ್ಲಿಂಗ್ಟನ್","വെല്ലിംഗ്ടൺ","เวลลิงตัน","ཝེ་ལིང་ཐོན།","ဝယ်လင်တန်မြို့","ველინგთონი","ველინგტონი","ዌሊንግተን","ウェリントン","威靈頓","惠灵顿","웰링턴"],"latitude":"-41.28664","longitude":"174.77557","feature_class":"P","feature_code":"PPLC","country_code":"NZ","cc2":"","admin1_code":"G2","admin2_code":"047","admin3_code":"","admin4_code":"","population":"381900","elevation":"","dem":"31","timezone":"Pacific/Auckland","modification_date":"2011-08-01"},{"geonameid":"2179670","name":"Wanganui","asciiname":"Wanganui","alternatenames":["Vanganui","WAG","Вангануи"],"latitude":"-39.93333","longitude":"175.05","feature_class":"P","feature_code":"PPL","country_code":"NZ","cc2":"","admin1_code":"F3","admin2_code":"037","admin3_code":"","admin4_code":"","population":"40268","elevation":"","dem":"18","timezone":"Pacific/Auckland","modification_date":"2011-08-01"},{"geonameid":"2181133","name":"Timaru","asciiname":"Timaru","alternatenames":["Distretto di Timaru","TIU","Te Tihi-o-Maru","Timaru","Timaru City","Timaru-Distrikt","tim-alu","timaru","Тимару","Тімару","ضلع تیمارو","ტიმარუ","ティマルー","팀아루"],"latitude":"-44.39672","longitude":"171.25364","feature_class":"P","feature_code":"PPL","country_code":"NZ","cc2":"","admin1_code":"E9","admin2_code":"064","admin3_code":"","admin4_code":"","population":"28007","elevation":"","dem":"14","timezone":"Pacific/Auckland","modification_date":"2015-05-01"},{"geonameid":"2181742","name":"Taupo","asciiname":"Taupo","alternatenames":["TUO","Taupo","Taupo Town District","Taupo-nui-a-Tia","Taupō-nui-a-Tia","tao bo","taupo","Таупо","ტაუპო","タウポ","陶波","타우포"],"latitude":"-38.68333","longitude":"176.08333","feature_class":"P","feature_code":"PPL","country_code":"NZ","cc2":"","admin1_code":"G1","admin2_code":"2181743","admin3_code":"","admin4_code":"","population":"22469","elevation":"","dem":"405","timezone":"Pacific/Auckland","modification_date":"2015-03-04"},{"geonameid":"2184155","name":"Pukekohe East","asciiname":"Pukekohe East","alternatenames":[""],"latitude":"-37.2","longitude":"174.95","feature_class":"P","feature_code":"PPL","country_code":"NZ","cc2":"","admin1_code":"E7","admin2_code":"076","admin3_code":"","admin4_code":"","population":"21438","elevation":"","dem":"115","timezone":"Pacific/Auckland","modification_date":"2015-03-05"},{"geonameid":"2184397","name":"Porirua","asciiname":"Porirua","alternatenames":["Porirua","polilua","Порируа","პორირუა","포리루아"],"latitude":"-41.13333","longitude":"174.85","feature_class":"P","feature_code":"PPL","country_code":"NZ","cc2":"","admin1_code":"G2","admin2_code":"044","admin3_code":"","admin4_code":"","population":"50914","elevation":"","dem":"58","timezone":"Pacific/Auckland","modification_date":"2011-08-01"},{"geonameid":"2184904","name":"Paraparaumu","asciiname":"Paraparaumu","alternatenames":["PPQ","Paraparaumu","Парапарауму"],"latitude":"-40.91667","longitude":"175.01667","feature_class":"P","feature_code":"PPL","country_code":"NZ","cc2":"","admin1_code":"G2","admin2_code":"043","admin3_code":"","admin4_code":"","population":"25263","elevation":"","dem":"77","timezone":"Pacific/Auckland","modification_date":"2011-08-01"},{"geonameid":"2185018","name":"Palmerston North","asciiname":"Palmerston North","alternatenames":["PMR","Palmerston Nort","Palmerston Nortas","Palmerston Norte","Palmerston North","Palmerston North City","Palmerston Utara","Palmerston-Nort","Palmy","Te Papa-i-oea","bei pa mo si dun","palmrstwn nwrth","pamasuton'nosu","pameoseuteonnoseu","Палмерстон Норт","Палмерстон-Норт","پالمرستون نورث","პალმერსტონ-ნორთი","パーマストンノース","北帕莫斯顿","파머스턴노스"],"latitude":"-40.35636","longitude":"175.61113","feature_class":"P","feature_code":"PPLA","country_code":"NZ","cc2":"","admin1_code":"F3","admin2_code":"040","admin3_code":"","admin4_code":"","population":"75996","elevation":"","dem":"34","timezone":"Pacific/Auckland","modification_date":"2015-02-24"},{"geonameid":"2185964","name":"North Shore","asciiname":"North Shore","alternatenames":["Boreia Akte","Nort-Shor","North Shore","bei an shi","Βόρεια Ακτή","Норт-Шор","北岸市"],"latitude":"-36.8","longitude":"174.75","feature_class":"P","feature_code":"PPLX","country_code":"NZ","cc2":"","admin1_code":"E7","admin2_code":"076","admin3_code":"","admin4_code":"","population":"207865","elevation":"","dem":"30","timezone":"Pacific/Auckland","modification_date":"2011-08-01"},{"geonameid":"2186239","name":"New Plymouth","asciiname":"New Plymouth","alternatenames":["Aberplymm Nowydh","Distretto di New Plymouth","N'ju Plimut","N'ju-Plimut","NPL","Naujasis Plimutas","New Plymouth","New Plymouth City","New Plymouth Ngamotu","New Plymouth Ngāmotu","Ngamotu","Ngāmotu","Nieu-Plymouth","Nju Plimut","Nueva Plymouth","nyupeullimeoseu","nyupurimasu","xin pu li mao si","Њу Плимут","Нью Плимут","Нью-Плимут","Нью-Плімут","ნიუ-პლიმუთი","ニュープリマス","新普利茅斯","뉴플리머스"],"latitude":"-39.06667","longitude":"174.08333","feature_class":"P","feature_code":"PPLA","country_code":"NZ","cc2":"","admin1_code":"F9","admin2_code":"033","admin3_code":"","admin4_code":"","population":"49168","elevation":"","dem":"64","timezone":"Pacific/Auckland","modification_date":"2011-08-01"},{"geonameid":"2186280","name":"Nelson","asciiname":"Nelson","alternatenames":["Gorad Nel'san","NSN","Nel'son","Nelson","Nelson City","Nelson eskualdea","Nelson pa New Zealand","Nelson på New Zealand","Nelsonas","Nelsun","Whakatu","Whakatū","nelseun","nelsoni","neruson","ni er xun","nlswn","Горад Нельсан","Нелсон","Нелсън","Нельсон","נלסון","ნელსონი","ネルソン","尼爾遜","넬슨"],"latitude":"-41.27078","longitude":"173.28404","feature_class":"P","feature_code":"PPLA","country_code":"NZ","cc2":"NZ","admin1_code":"F5","admin2_code":"052","admin3_code":"","admin4_code":"","population":"59200","elevation":"","dem":"11","timezone":"Pacific/Auckland","modification_date":"2014-07-18"},{"geonameid":"2186313","name":"Napier","asciiname":"Napier","alternatenames":["Ahuriri","NPE","Napier","Napier City","Napier pa New Zealand","Napier på New Zealand","Neipiras","Nejpijer","Nejpir","nei pi er","neipieo","nepia","nepiyar","nepiyara","Нейпир","Нејпијер","नेपियर","నేపియర్","നേപ്പിയർ","ნეიპირი","ネーピア","內皮爾","네이피어"],"latitude":"-39.48333","longitude":"176.91667","feature_class":"P","feature_code":"PPLA","country_code":"NZ","cc2":"","admin1_code":"F2","admin2_code":"031","admin3_code":"","admin4_code":"","population":"56787","elevation":"","dem":"57","timezone":"Pacific/Auckland","modification_date":"2014-01-06"},{"geonameid":"2187404","name":"Manukau City","asciiname":"Manukau City","alternatenames":["Manukau"],"latitude":"-36.99282","longitude":"174.87986","feature_class":"P","feature_code":"PPL","country_code":"NZ","cc2":"","admin1_code":"E7","admin2_code":"076","admin3_code":"","admin4_code":"","population":"362000","elevation":"","dem":"43","timezone":"Pacific/Auckland","modification_date":"2011-08-01"},{"geonameid":"2187454","name":"Mangere","asciiname":"Mangere","alternatenames":[""],"latitude":"-36.96807","longitude":"174.79875","feature_class":"P","feature_code":"PPL","country_code":"NZ","cc2":"","admin1_code":"E7","admin2_code":"076","admin3_code":"","admin4_code":"","population":"55266","elevation":"","dem":"15","timezone":"Pacific/Auckland","modification_date":"2011-08-01"},{"geonameid":"2188164","name":"Lower Hutt","asciiname":"Lower Hutt","alternatenames":["Awakairangi","Hutt Bawah","Louer Hatas","Lower Hutt","Lower Hutt City","lowoheos","xia ha te","ლოუერ-ჰატი","下哈特","로워헛"],"latitude":"-41.21667","longitude":"174.91667","feature_class":"P","feature_code":"PPL","country_code":"NZ","cc2":"","admin1_code":"G2","admin2_code":"046","admin3_code":"","admin4_code":"","population":"101194","elevation":"","dem":"9","timezone":"Pacific/Auckland","modification_date":"2011-08-01"},{"geonameid":"2189529","name":"Invercargill","asciiname":"Invercargill","alternatenames":["IVC","Invercargill","Inverkargilas","Inverkargill","Ostium Cargillense","Waihopai","anfrkarjl","aynwrkargyl","inbakagiru","inbeokagil","xin wexr kharkill","yin fu ka ji er","Інверкаргілл","Инверкаргилл","إنفركارجل","اینورکارگیل","อินเวอร์คาร์กิลล์","ინვერკარგილი","インバーカーギル","因弗卡吉尔","인버카길"],"latitude":"-46.4","longitude":"168.35","feature_class":"P","feature_code":"PPLA","country_code":"NZ","cc2":"","admin1_code":"F8","admin2_code":"075","admin3_code":"","admin4_code":"","population":"47287","elevation":"","dem":"6","timezone":"Pacific/Auckland","modification_date":"2011-08-01"},{"geonameid":"2190224","name":"Hastings","asciiname":"Hastings","alternatenames":["Daerah Hastings","Hastings","Hastings pa New Zealand","Hastings på New Zealand","Heretaunga","Khejstings","NPE","hastynjs  nywzylnda","heiseutingseu","heisutinguzu","Хейстингс","Хејстингс","ضلع ہیسٹنگز","هاستينجس، نيوزيلندا","ヘイスティングズ","헤이스팅스"],"latitude":"-39.6381","longitude":"176.84918","feature_class":"P","feature_code":"PPL","country_code":"NZ","cc2":"","admin1_code":"F2","admin2_code":"030","admin3_code":"","admin4_code":"","population":"61696","elevation":"","dem":"19","timezone":"Pacific/Auckland","modification_date":"2014-01-06"},{"geonameid":"2190324","name":"Hamilton","asciiname":"Hamilton","alternatenames":["Gamil'ton","Gorad Gamil'tan","HLZ","Hameldun","Hameldūn","Hamilton","Hamilton City","Hamilton pa New Zealand","Hamilton på New Zealand","Hamiltonas","Khamilt"],"latitude":"-37.78333","longitude":"175.28333","feature_class":"P","feature_code":"PPLA","country_code":"NZ","cc2":"","admin1_code":"G1","admin2_code":"016","admin3_code":"","admin4_code":"","population":"152641","elevation":"","dem":"39","timezone":"Pacific/Auckland","modification_date":"2011-08-01"}]}