{"country_data":{"ISO":"NC","ISO3":"NCL","ISO_Numeric":"540","fips":"NC","country":"New Caledonia","capital":"Noumea","area":"19060","Population":"216494","Continent":"OC","tld":".nc","CurrencyCode":"XPF","CurrencyName":"Franc","Phone":"687","Postal_Code_Format":"#####","Postal_Code_Regex":"^(\\d{5})$","Languages":"fr-NC","geonameid":"2139685","neighbours":"","EquivalentFipsCode":""},"cities":[{"geonameid":"2137644","name":"Yaté-Barrage","asciiname":"Yate-Barrage","alternatenames":[""],"latitude":"-22.15","longitude":"166.88333","feature_class":"P","feature_code":"PPL","country_code":"NC","cc2":"","admin1_code":"00","admin2_code":"","admin3_code":"","admin4_code":"","population":"1871","elevation":"","dem":"119","timezone":"Pacific/Noumea","modification_date":"2006-01-17"},{"geonameid":"2137690","name":"Wé","asciiname":"We","alternatenames":["Oue","Oué","We","Wé"],"latitude":"-20.91687","longitude":"167.26461","feature_class":"P","feature_code":"PPLA","country_code":"NC","cc2":"","admin1_code":"03","admin2_code":"98814","admin3_code":"","admin4_code":"","population":"10375","elevation":"","dem":"9","timezone":"Pacific/Noumea","modification_date":"2010-09-13"},{"geonameid":"2137713","name":"Wala","asciiname":"Wala","alternatenames":["BMY","Uala","Waala","Wala"],"latitude":"-19.71161","longitude":"163.64702","feature_class":"P","feature_code":"PPLA2","country_code":"NC","cc2":"","admin1_code":"01","admin2_code":"98801","admin3_code":"","admin4_code":"","population":"890","elevation":"","dem":"8","timezone":"Pacific/Noumea","modification_date":"2015-03-29"},{"geonameid":"2137748","name":"Voh","asciiname":"Voh","alternatenames":["Voh"],"latitude":"-20.96667","longitude":"164.7","feature_class":"P","feature_code":"PPL","country_code":"NC","cc2":"","admin1_code":"01","admin2_code":"98831","admin3_code":"","admin4_code":"","population":"2272","elevation":"","dem":"11","timezone":"Pacific/Noumea","modification_date":"2012-01-18"},{"geonameid":"2137773","name":"Vao","asciiname":"Vao","alternatenames":["Upuaite","Vao"],"latitude":"-22.66667","longitude":"167.48333","feature_class":"P","feature_code":"PPL","country_code":"NC","cc2":"","admin1_code":"00","admin2_code":"","admin3_code":"","admin4_code":"","population":"1862","elevation":"","dem":"87","timezone":"Pacific/Noumea","modification_date":"2012-01-18"},{"geonameid":"2137873","name":"Touho","asciiname":"Touho","alternatenames":["TOU","Touho","Tuho","Tuo"],"latitude":"-20.79094","longitude":"165.24987","feature_class":"P","feature_code":"PPL","country_code":"NC","cc2":"","admin1_code":"01","admin2_code":"98830","admin3_code":"","admin4_code":"","population":"2283","elevation":"","dem":"4","timezone":"Pacific/Noumea","modification_date":"2015-04-23"},{"geonameid":"2138103","name":"Thio","asciiname":"Thio","alternatenames":["Thio"],"latitude":"-21.61667","longitude":"166.21667","feature_class":"P","feature_code":"PPLA2","country_code":"NC","cc2":"","admin1_code":"02","admin2_code":"98829","admin3_code":"","admin4_code":"","population":"2748","elevation":"","dem":"12","timezone":"Pacific/Noumea","modification_date":"2014-04-01"},{"geonameid":"2138285","name":"Tadine","asciiname":"Tadine","alternatenames":["Tadine","Tadinou","Tadinu","Todine"],"latitude":"-21.55","longitude":"167.88333","feature_class":"P","feature_code":"PPL","country_code":"NC","cc2":"","admin1_code":"03","admin2_code":"98815","admin3_code":"","admin4_code":"","population":"7492","elevation":"","dem":"33","timezone":"Pacific/Noumea","modification_date":"2013-05-03"},{"geonameid":"2138522","name":"Poya","asciiname":"Poya","alternatenames":["Poya"],"latitude":"-21.35","longitude":"165.15","feature_class":"P","feature_code":"PPL","country_code":"NC","cc2":"","admin1_code":"01","admin2_code":"98827","admin3_code":"","admin4_code":"","population":"2617","elevation":"","dem":"11","timezone":"Pacific/Noumea","modification_date":"2012-02-02"},{"geonameid":"2138555","name":"Poum","asciiname":"Poum","alternatenames":["Bouemanda","Bouémanda","Buemanda","PUV","Peum","Poum","Poume","Pum"],"latitude":"-20.23333","longitude":"164.01667","feature_class":"P","feature_code":"PPL","country_code":"NC","cc2":"","admin1_code":"01","admin2_code":"98826","admin3_code":"","admin4_code":"","population":"1405","elevation":"","dem":"-9999","timezone":"Pacific/Noumea","modification_date":"2012-01-18"},{"geonameid":"2138592","name":"Pouembout","asciiname":"Pouembout","alternatenames":["Pouembout","Puembut"],"latitude":"-21.13333","longitude":"164.9","feature_class":"P","feature_code":"PPL","country_code":"NC","cc2":"","admin1_code":"01","admin2_code":"98825","admin3_code":"","admin4_code":"","population":"1511","elevation":"","dem":"11","timezone":"Pacific/Noumea","modification_date":"2012-01-18"},{"geonameid":"2138607","name":"Pouébo","asciiname":"Pouebo","alternatenames":["Pouebo","Pouébo","Puebo","Puébo"],"latitude":"-20.4","longitude":"164.56667","feature_class":"P","feature_code":"PPL","country_code":"NC","cc2":"","admin1_code":"01","admin2_code":"98824","admin3_code":"","admin4_code":"","population":"2391","elevation":"","dem":"71","timezone":"Pacific/Noumea","modification_date":"2012-01-18"},{"geonameid":"2138687","name":"Ponérihouen","asciiname":"Ponerihouen","alternatenames":["Ponerihouen","Poneriuen","Ponérihouen","Punereuin"],"latitude":"-21.08333","longitude":"165.4","feature_class":"P","feature_code":"PPL","country_code":"NC","cc2":"","admin1_code":"01","admin2_code":"98823","admin3_code":"","admin4_code":"","population":"2739","elevation":"","dem":"19","timezone":"Pacific/Noumea","modification_date":"2012-01-18"},{"geonameid":"2138717","name":"Poindimié","asciiname":"Poindimie","alternatenames":["Poindimie","Poindimié"],"latitude":"-20.93333","longitude":"165.33333","feature_class":"P","feature_code":"PPL","country_code":"NC","cc2":"","admin1_code":"01","admin2_code":"98822","admin3_code":"","admin4_code":"","population":"4885","elevation":"","dem":"-9999","timezone":"Pacific/Noumea","modification_date":"2012-02-02"},{"geonameid":"2138981","name":"Païta","asciiname":"Paita","alternatenames":["Paita","Païta"],"latitude":"-22.13333","longitude":"166.36667","feature_class":"P","feature_code":"PPL","country_code":"NC","cc2":"","admin1_code":"02","admin2_code":"98821","admin3_code":"","admin4_code":"","population":"12617","elevation":"","dem":"18","timezone":"Pacific/Noumea","modification_date":"2012-02-02"},{"geonameid":"2139259","name":"Ouégoa","asciiname":"Ouegoa","alternatenames":["Ouegoa","Ouégoa"],"latitude":"-20.35","longitude":"164.43333","feature_class":"P","feature_code":"PPL","country_code":"NC","cc2":"","admin1_code":"01","admin2_code":"98819","admin3_code":"","admin4_code":"","population":"2127","elevation":"","dem":"5","timezone":"Pacific/Noumea","modification_date":"2012-01-18"},{"geonameid":"2139521","name":"Nouméa","asciiname":"Noumea","alternatenames":["NOU","Nomea","Noumea","Nouméa","Numea","Numeja","Numeo","Numėja","Port de France","nu me xa","nu mei a","nume'a","numea","nwmya","Νουμεά","Нумеа","נומאה","نوميا","نومیا","नूमेआ","นูเมอา","ნუმეა","ヌメア","努美阿","누메아"],"latitude":"-22.27631","longitude":"166.4572","feature_class":"P","feature_code":"PPLC","country_code":"NC","cc2":"","admin1_code":"02","admin2_code":"98818","admin3_code":"","admin4_code":"","population":"93060","elevation":"","dem":"11","timezone":"Pacific/Noumea","modification_date":"2014-04-26"},{"geonameid":"2140066","name":"Mont-Dore","asciiname":"Mont-Dore","alternatenames":[""],"latitude":"-22.28333","longitude":"166.58333","feature_class":"P","feature_code":"PPL","country_code":"NC","cc2":"","admin1_code":"02","admin2_code":"98817","admin3_code":"","admin4_code":"","population":"24680","elevation":"","dem":"9","timezone":"Pacific/Noumea","modification_date":"2013-05-03"},{"geonameid":"2140466","name":"La Foa","asciiname":"La Foa","alternatenames":[""],"latitude":"-21.71079","longitude":"165.82764","feature_class":"P","feature_code":"PPLA","country_code":"NC","cc2":"","admin1_code":"02","admin2_code":"98813","admin3_code":"","admin4_code":"","population":"2947","elevation":"","dem":"24","timezone":"Pacific/Noumea","modification_date":"2013-05-03"},{"geonameid":"2140558","name":"Koumac","asciiname":"Koumac","alternatenames":["KOC","Koumac","Kumac","Kumak"],"latitude":"-20.56667","longitude":"164.28333","feature_class":"P","feature_code":"PPLA2","country_code":"NC","cc2":"","admin1_code":"01","admin2_code":"98812","admin3_code":"","admin4_code":"","population":"3060","elevation":"","dem":"1","timezone":"Pacific/Noumea","modification_date":"2014-04-01"},{"geonameid":"2140691","name":"Koné","asciiname":"Kone","alternatenames":[""],"latitude":"-21.05951","longitude":"164.86582","feature_class":"P","feature_code":"PPLA","country_code":"NC","cc2":"","admin1_code":"01","admin2_code":"98811","admin3_code":"","admin4_code":"","population":"4572","elevation":"","dem":"13","timezone":"Pacific/Noumea","modification_date":"2013-05-03"},{"geonameid":"2140915","name":"Kaala-Gomén","asciiname":"Kaala-Gomen","alternatenames":["Gomen","Kaala-Gomen","Kaala-Gomén"],"latitude":"-20.66667","longitude":"164.4","feature_class":"P","feature_code":"PPL","country_code":"NC","cc2":"","admin1_code":"01","admin2_code":"98810","admin3_code":"","admin4_code":"","population":"1897","elevation":"","dem":"12","timezone":"Pacific/Noumea","modification_date":"2012-01-18"},{"geonameid":"2141006","name":"Houaïlou","asciiname":"Houailou","alternatenames":["Houailou","Houaïlou","Huailu","Huaïlu"],"latitude":"-21.28333","longitude":"165.61667","feature_class":"P","feature_code":"PPL","country_code":"NC","cc2":"","admin1_code":"01","admin2_code":"98808","admin3_code":"","admin4_code":"","population":"4562","elevation":"","dem":"2","timezone":"Pacific/Noumea","modification_date":"2012-01-18"},{"geonameid":"2141050","name":"Hienghène","asciiname":"Hienghene","alternatenames":["Hienghene","Hiengherie","Hienghène","Yengen"],"latitude":"-20.68333","longitude":"164.93333","feature_class":"P","feature_code":"PPL","country_code":"NC","cc2":"","admin1_code":"01","admin2_code":"98807","admin3_code":"","admin4_code":"","population":"2668","elevation":"","dem":"121","timezone":"Pacific/Noumea","modification_date":"2012-01-18"},{"geonameid":"2141305","name":"Fayaoué","asciiname":"Fayaoue","alternatenames":["Faiaoue","Faiaoué","Faiaue","Faiaué","Fayaoue","Fayaoué"],"latitude":"-20.65","longitude":"166.53333","feature_class":"P","feature_code":"PPL","country_code":"NC","cc2":"","admin1_code":"03","admin2_code":"98820","admin3_code":"","admin4_code":"","population":"4411","elevation":"","dem":"-9999","timezone":"Pacific/Noumea","modification_date":"2013-05-03"},{"geonameid":"2141394","name":"Dumbéa","asciiname":"Dumbea","alternatenames":["Dumbea","Dumbéa"],"latitude":"-22.15","longitude":"166.45","feature_class":"P","feature_code":"PPL","country_code":"NC","cc2":"","admin1_code":"02","admin2_code":"98805","admin3_code":"","admin4_code":"","population":"19346","elevation":"","dem":"11","timezone":"Pacific/Noumea","modification_date":"2012-02-02"},{"geonameid":"2141658","name":"Canala","asciiname":"Canala","alternatenames":["Canala","Kanala","Napoleonville","Napoléonville"],"latitude":"-21.53333","longitude":"165.95","feature_class":"P","feature_code":"PPL","country_code":"NC","cc2":"","admin1_code":"01","admin2_code":"98804","admin3_code":"","admin4_code":"","population":"3538","elevation":"","dem":"108","timezone":"Pacific/Noumea","modification_date":"2012-01-18"},{"geonameid":"2141714","name":"Bourail","asciiname":"Bourail","alternatenames":["Bourail","Boureil","Burail"],"latitude":"-21.5669","longitude":"165.49736","feature_class":"P","feature_code":"PPL","country_code":"NC","cc2":"","admin1_code":"02","admin2_code":"98803","admin3_code":"","admin4_code":"","population":"4826","elevation":"","dem":"9","timezone":"Pacific/Noumea","modification_date":"2014-10-07"},{"geonameid":"2141722","name":"Bouloupari","asciiname":"Bouloupari","alternatenames":["Bouloupari","Boulouparis","Bulupari"],"latitude":"-21.86667","longitude":"166.05","feature_class":"P","feature_code":"PPL","country_code":"NC","cc2":"","admin1_code":"02","admin2_code":"98802","admin3_code":"","admin4_code":"","population":"2146","elevation":"","dem":"9","timezone":"Pacific/Noumea","modification_date":"2012-01-18"},{"geonameid":"2137690","name":"Wé","asciiname":"We","alternatenames":["Oue","Oué","We","Wé"],"latitude":"-20.91687","longitude":"167.26461","feature_class":"P","feature_code":"PPLA","country_code":"NC","cc2":"","admin1_code":"03","admin2_code":"98814","admin3_code":"","admin4_code":"","population":"10375","elevation":"","dem":"9","timezone":"Pacific/Noumea","modification_date":"2010-09-13"},{"geonameid":"2138285","name":"Tadine","asciiname":"Tadine","alternatenames":["Tadine","Tadinou","Tadinu","Todine"],"latitude":"-21.55","longitude":"167.88333","feature_class":"P","feature_code":"PPL","country_code":"NC","cc2":"","admin1_code":"03","admin2_code":"98815","admin3_code":"","admin4_code":"","population":"7492","elevation":"","dem":"33","timezone":"Pacific/Noumea","modification_date":"2013-05-03"},{"geonameid":"2138981","name":"Païta","asciiname":"Paita","alternatenames":["Paita","Païta"],"latitude":"-22.13333","longitude":"166.36667","feature_class":"P","feature_code":"PPL","country_code":"NC","cc2":"","admin1_code":"02","admin2_code":"98821","admin3_code":"","admin4_code":"","population":"12617","elevation":"","dem":"18","timezone":"Pacific/Noumea","modification_date":"2012-02-02"},{"geonameid":"2139521","name":"Nouméa","asciiname":"Noumea","alternatenames":["NOU","Nomea","Noumea","Nouméa","Numea","Numeja","Numeo","Numėja","Port de France","nu me xa","nu mei a","nume'a","numea","nwmya","Νουμεά","Нумеа","נומאה","نوميا","نومیا","नूमेआ","นูเมอา","ნუმეა","ヌメア","努美阿","누메아"],"latitude":"-22.27631","longitude":"166.4572","feature_class":"P","feature_code":"PPLC","country_code":"NC","cc2":"","admin1_code":"02","admin2_code":"98818","admin3_code":"","admin4_code":"","population":"93060","elevation":"","dem":"11","timezone":"Pacific/Noumea","modification_date":"2014-04-26"},{"geonameid":"2140066","name":"Mont-Dore","asciiname":"Mont-Dore","alternatenames":[""],"latitude":"-22.28333","longitude":"166.58333","feature_class":"P","feature_code":"PPL","country_code":"NC","cc2":"","admin1_code":"02","admin2_code":"98817","admin3_code":"","admin4_code":"","population":"24680","elevation":"","dem":"9","timezone":"Pacific/Noumea","modification_date":"2013-05-03"},{"geonameid":"2140466","name":"La Foa","asciiname":"La Foa","alternatenames":[""],"latitude":"-21.71079","longitude":"165.82764","feature_class":"P","feature_code":"PPLA","country_code":"NC","cc2":"","admin1_code":"02","admin2_code":"98813","admin3_code":"","admin4_code":"","population":"2947","elevation":"","dem":"24","timezone":"Pacific/Noumea","modification_date":"2013-05-03"},{"geonameid":"2140691","name":"Koné","asciiname":"Kone","alternatenames":[""],"latitude":"-21.05951","longitude":"164.86582","feature_class":"P","feature_code":"PPLA","country_code":"NC","cc2":"","admin1_code":"01","admin2_code":"98811","admin3_code":"","admin4_code":"","population":"4572","elevation":"","dem":"13","timezone":"Pacific/Noumea","modification_date":"2013-05-03"},{"geonameid":"2141394","name":"Dumbéa","asciiname":"Dumbea","alternatenames":["Dumbea","Dumbéa"],"latitude":"-22.15","longitude":"166.45","feature_class":"P","feature_code":"PPL","country_code":"NC","cc2":"","admin1_code":"02","admin2_code":"98805","admin3_code":"","admin4_code":"","population":"19346","elevation":"","dem":"11","timezone":"Pacific/Noumea","modification_date":"2012-02-02"},{"geonameid":"2139521","name":"Nouméa","asciiname":"Noumea","alternatenames":["NOU","Nomea","Noumea","Nouméa","Numea","Numeja","Numeo","Numėja","Port de France","nu me xa","nu mei a","nume'a","numea","nwmya","Νουμεά","Нумеа","נומאה","نوميا","نومیا","नूमेआ","นูเมอา","ნუმეა","ヌメア","努美阿","누메아"],"latitude":"-22.27631","longitude":"166.4572","feature_class":"P","feature_code":"PPLC","country_code":"NC","cc2":"","admin1_code":"02","admin2_code":"98818","admin3_code":"","admin4_code":"","population":"93060","elevation":"","dem":"11","timezone":"Pacific/Noumea","modification_date":"2014-04-26"},{"geonameid":"2140066","name":"Mont-Dore","asciiname":"Mont-Dore","alternatenames":[""],"latitude":"-22.28333","longitude":"166.58333","feature_class":"P","feature_code":"PPL","country_code":"NC","cc2":"","admin1_code":"02","admin2_code":"98817","admin3_code":"","admin4_code":"","population":"24680","elevation":"","dem":"9","timezone":"Pacific/Noumea","modification_date":"2013-05-03"},{"geonameid":"2141394","name":"Dumbéa","asciiname":"Dumbea","alternatenames":["Dumbea","Dumbéa"],"latitude":"-22.15","longitude":"166.45","feature_class":"P","feature_code":"PPL","country_code":"NC","cc2":"","admin1_code":"02","admin2_code":"98805","admin3_code":"","admin4_code":"","population":"19346","elevation":"","dem":"11","timezone":"Pacific/Noumea","modification_date":"2012-02-02"}]}