{"country_data":{"ISO":"NE","ISO3":"NER","ISO_Numeric":"562","fips":"NG","country":"Niger","capital":"Niamey","area":"1267000","Population":"15878271","Continent":"AF","tld":".ne","CurrencyCode":"XOF","CurrencyName":"Franc","Phone":"227","Postal_Code_Format":"####","Postal_Code_Regex":"^(\\d{4})$","Languages":"fr-NE,ha,kr,dje","geonameid":"2440476","neighbours":"TD,BJ,DZ,LY,BF,NG,ML","EquivalentFipsCode":""},"cities":[{"geonameid":"2437731","name":"Birnin Gaouré","asciiname":"Birnin Gaoure","alternatenames":["Birni Ngaoure","Birni Ngaouré","Birni Ngaure","Birnin Gaoure","Birnin Gaouré"],"latitude":"13.08173","longitude":"2.91099","feature_class":"P","feature_code":"PPLA2","country_code":"NE","cc2":"","admin1_code":"03","admin2_code":"","admin3_code":"","admin4_code":"","population":"0","elevation":"","dem":"193","timezone":"Africa/Niamey","modification_date":"2013-10-06"},{"geonameid":"2437732","name":"Birni N Konni","asciiname":"Birni N Konni","alternatenames":["Birni N Konni","Birni n'Kenni","Birni n’Kenni","Birni-Koni","Birnin Koni","Birnin Konni","Birnin-Konni","Konni","Бирнин-Конни"],"latitude":"13.79599","longitude":"5.25026","feature_class":"P","feature_code":"PPL","country_code":"NE","cc2":"","admin1_code":"06","admin2_code":"","admin3_code":"","admin4_code":"","population":"48103","elevation":"","dem":"272","timezone":"Africa/Niamey","modification_date":"2013-05-12"},{"geonameid":"2437798","name":"Zinder","asciiname":"Zinder","alternatenames":["Gorad Zindehr","Sinder","ZND","Zinder","Zinderis","jandeleu","jin de er","sinde xr","zanderu","zyndr","Горад Зіндэр","Зиндер","زيندر","ซินเดอร์","ザンデール","津德尔","잔데르"],"latitude":"13.80716","longitude":"8.9881","feature_class":"P","feature_code":"PPLA","country_code":"NE","cc2":"","admin1_code":"07","admin2_code":"","admin3_code":"","admin4_code":"","population":"191424","elevation":"","dem":"460","timezone":"Africa/Niamey","modification_date":"2011-10-27"},{"geonameid":"2438678","name":"Tillabéri","asciiname":"Tillaberi","alternatenames":["Tillaberi","Tillabery","Tillabéri","Tillabéry"],"latitude":"14.20711","longitude":"1.45418","feature_class":"P","feature_code":"PPLA","country_code":"NE","cc2":"","admin1_code":"09","admin2_code":"","admin3_code":"","admin4_code":"","population":"19262","elevation":"","dem":"215","timezone":"Africa/Niamey","modification_date":"2013-10-06"},{"geonameid":"2438774","name":"Tibiri","asciiname":"Tibiri","alternatenames":[""],"latitude":"13.56271","longitude":"7.04848","feature_class":"P","feature_code":"PPL","country_code":"NE","cc2":"","admin1_code":"04","admin2_code":"","admin3_code":"","admin4_code":"","population":"20019","elevation":"","dem":"347","timezone":"Africa/Niamey","modification_date":"2006-01-17"},{"geonameid":"2438823","name":"Tessaoua","asciiname":"Tessaoua","alternatenames":["Tessaoua"],"latitude":"13.75737","longitude":"7.9874","feature_class":"P","feature_code":"PPLA2","country_code":"NE","cc2":"","admin1_code":"04","admin2_code":"","admin3_code":"","admin4_code":"","population":"35775","elevation":"","dem":"400","timezone":"Africa/Niamey","modification_date":"2013-10-06"},{"geonameid":"2438855","name":"Téra","asciiname":"Tera","alternatenames":["Tera","Téra","Тера"],"latitude":"14.00776","longitude":"0.75306","feature_class":"P","feature_code":"PPLA2","country_code":"NE","cc2":"","admin1_code":"09","admin2_code":"","admin3_code":"","admin4_code":"","population":"21095","elevation":"","dem":"248","timezone":"Africa/Niamey","modification_date":"2013-10-06"},{"geonameid":"2438974","name":"Tchintabaraden","asciiname":"Tchintabaraden","alternatenames":["Tchin Tabaraden","Tchin Tabaradèn","Tchin-Tabaradene","Tchin-terbaradin","Tchintabaraden","Tchintabaradene"],"latitude":"15.8969","longitude":"5.7985","feature_class":"P","feature_code":"PPLA2","country_code":"NE","cc2":"","admin1_code":"06","admin2_code":"","admin3_code":"","admin4_code":"","population":"8851","elevation":"","dem":"419","timezone":"Africa/Niamey","modification_date":"2014-05-29"},{"geonameid":"2439155","name":"Tanout","asciiname":"Tanout","alternatenames":["Tanout"],"latitude":"14.97089","longitude":"8.88786","feature_class":"P","feature_code":"PPLA2","country_code":"NE","cc2":"","admin1_code":"07","admin2_code":"","admin3_code":"","admin4_code":"","population":"15204","elevation":"","dem":"525","timezone":"Africa/Niamey","modification_date":"2013-10-06"},{"geonameid":"2439376","name":"Tahoua","asciiname":"Tahoua","alternatenames":["THZ","Tahoua","Tahua","Takhua","ta wa","taua","Тахуа","タウア","塔瓦","타우아"],"latitude":"14.8888","longitude":"5.2692","feature_class":"P","feature_code":"PPLA","country_code":"NE","cc2":"","admin1_code":"06","admin2_code":"","admin3_code":"","admin4_code":"","population":"80425","elevation":"","dem":"389","timezone":"Africa/Niamey","modification_date":"2012-01-18"},{"geonameid":"2439812","name":"Say","asciiname":"Say","alternatenames":["Say"],"latitude":"13.1007","longitude":"2.3689","feature_class":"P","feature_code":"PPLA2","country_code":"NE","cc2":"","admin1_code":"09","admin2_code":"","admin3_code":"","admin4_code":"","population":"10387","elevation":"","dem":"181","timezone":"Africa/Niamey","modification_date":"2013-10-06"},{"geonameid":"2440371","name":"Ouallam","asciiname":"Ouallam","alternatenames":["Oualam","Ouallam"],"latitude":"14.31641","longitude":"2.08597","feature_class":"P","feature_code":"PPLA2","country_code":"NE","cc2":"","admin1_code":"09","admin2_code":"","admin3_code":"","admin4_code":"","population":"7500","elevation":"","dem":"235","timezone":"Africa/Niamey","modification_date":"2013-10-06"},{"geonameid":"2440485","name":"Niamey","asciiname":"Niamey","alternatenames":["Gorad Nijamej","NIM","Niame","Niamei","Niamej","Niameja","Niamejus","Niameo","Niamey","Niamè","Niamėjus","Nijamej","Níamey","ni ya mei","ni'ami","niame","niamei","nixame","niyame","niyami","nyamy","nyʼmyy","Νιαμέι","Νιαμέυ","Горад Ніямей","Ниамей","Нијамеј","Ніамей","Նիամեյ","ניאמיי","نيامي","نیامی","نیامەی","ܢܝܐܡܝ","नियामे","নিয়ামে","ਨਿਆਮੀ","நியாமி","นีอาเม","ནི་ཡ་མེ།","ნიამეი","ኒያሜ","ニアメ","尼亞美","니아메"],"latitude":"13.51366","longitude":"2.1098","feature_class":"P","feature_code":"PPLC","country_code":"NE","cc2":"","admin1_code":"08","admin2_code":"","admin3_code":"","admin4_code":"","population":"774235","elevation":"","dem":"206","timezone":"Africa/Niamey","modification_date":"2011-10-27"},{"geonameid":"2440495","name":"Nguigmi","asciiname":"Nguigmi","alternatenames":["Ngigmi","Nguigmi"],"latitude":"14.24953","longitude":"13.10921","feature_class":"P","feature_code":"PPLA2","country_code":"NE","cc2":"","admin1_code":"02","admin2_code":"","admin3_code":"","admin4_code":"","population":"17897","elevation":"","dem":"287","timezone":"Africa/Niamey","modification_date":"2013-10-06"},{"geonameid":"2440921","name":"Mirriah","asciiname":"Mirriah","alternatenames":["Miria","Mirria","Mirriah","Mirya","Myrria","Мирриа"],"latitude":"13.70727","longitude":"9.15013","feature_class":"P","feature_code":"PPLA2","country_code":"NE","cc2":"","admin1_code":"07","admin2_code":"","admin3_code":"","admin4_code":"","population":"20724","elevation":"","dem":"407","timezone":"Africa/Niamey","modification_date":"2013-10-06"},{"geonameid":"2441194","name":"Mayahi","asciiname":"Mayahi","alternatenames":["Majakhi","Mayahi","Mayaki","Майахи"],"latitude":"13.95532","longitude":"7.67122","feature_class":"P","feature_code":"PPLA2","country_code":"NE","cc2":"","admin1_code":"04","admin2_code":"","admin3_code":"","admin4_code":"","population":"22183","elevation":"","dem":"389","timezone":"Africa/Niamey","modification_date":"2013-10-06"},{"geonameid":"2441217","name":"Matamey","asciiname":"Matamey","alternatenames":["Matamey","Matameye","Matamèye"],"latitude":"13.42309","longitude":"8.47485","feature_class":"P","feature_code":"PPL","country_code":"NE","cc2":"","admin1_code":"07","admin2_code":"","admin3_code":"","admin4_code":"","population":"16844","elevation":"","dem":"445","timezone":"Africa/Niamey","modification_date":"2012-01-18"},{"geonameid":"2441291","name":"Maradi","asciiname":"Maradi","alternatenames":["MFQ","Maradi","Maradis","maladi","maradi","Маради","マラディ","마라디"],"latitude":"13.5","longitude":"7.10174","feature_class":"P","feature_code":"PPLA","country_code":"NE","cc2":"","admin1_code":"04","admin2_code":"","admin3_code":"","admin4_code":"","population":"163487","elevation":"","dem":"360","timezone":"Africa/Niamey","modification_date":"2012-01-18"},{"geonameid":"2441447","name":"Maïné Soroa","asciiname":"Maine Soroa","alternatenames":["Maine Soroa","Maine-Soroa","Maïné Soroa","Maïné-Soroa"],"latitude":"13.21139","longitude":"12.0241","feature_class":"P","feature_code":"PPLA2","country_code":"NE","cc2":"","admin1_code":"02","admin2_code":"","admin3_code":"","admin4_code":"","population":"10699","elevation":"","dem":"335","timezone":"Africa/Niamey","modification_date":"2013-10-06"},{"geonameid":"2441482","name":"Magaria","asciiname":"Magaria","alternatenames":["Magaria"],"latitude":"12.99826","longitude":"8.90991","feature_class":"P","feature_code":"PPLA2","country_code":"NE","cc2":"","admin1_code":"07","admin2_code":"","admin3_code":"","admin4_code":"","population":"19419","elevation":"","dem":"396","timezone":"Africa/Niamey","modification_date":"2013-10-06"},{"geonameid":"2441526","name":"Madarounfa","asciiname":"Madarounfa","alternatenames":["Madaroumfa","Madarounfa","Madarunfa"],"latitude":"13.30867","longitude":"7.15602","feature_class":"P","feature_code":"PPLA2","country_code":"NE","cc2":"","admin1_code":"04","admin2_code":"","admin3_code":"","admin4_code":"","population":"9791","elevation":"","dem":"356","timezone":"Africa/Niamey","modification_date":"2013-10-06"},{"geonameid":"2441530","name":"Madaoua","asciiname":"Madaoua","alternatenames":["Madaoua","Madawa"],"latitude":"14.073","longitude":"5.96","feature_class":"P","feature_code":"PPLA2","country_code":"NE","cc2":"","admin1_code":"06","admin2_code":"","admin3_code":"","admin4_code":"","population":"24804","elevation":"","dem":"328","timezone":"Africa/Niamey","modification_date":"2013-10-06"},{"geonameid":"2441632","name":"Loga","asciiname":"Loga","alternatenames":["Loga"],"latitude":"13.6132","longitude":"3.2358","feature_class":"P","feature_code":"PPLA2","country_code":"NE","cc2":"","admin1_code":"03","admin2_code":"","admin3_code":"","admin4_code":"","population":"0","elevation":"","dem":"222","timezone":"Africa/Niamey","modification_date":"2013-10-06"},{"geonameid":"2442248","name":"Kollo","asciiname":"Kollo","alternatenames":["Kollo","Kolo"],"latitude":"13.3043","longitude":"2.339","feature_class":"P","feature_code":"PPLA2","country_code":"NE","cc2":"","admin1_code":"09","admin2_code":"","admin3_code":"","admin4_code":"","population":"10376","elevation":"","dem":"189","timezone":"Africa/Niamey","modification_date":"2013-10-06"},{"geonameid":"2442478","name":"Keïta","asciiname":"Keita","alternatenames":["Keita","Keïta"],"latitude":"14.7551","longitude":"5.7749","feature_class":"P","feature_code":"PPLA2","country_code":"NE","cc2":"","admin1_code":"06","admin2_code":"","admin3_code":"","admin4_code":"","population":"8960","elevation":"","dem":"395","timezone":"Africa/Niamey","modification_date":"2013-10-06"},{"geonameid":"2442705","name":"Kantché","asciiname":"Kantche","alternatenames":["Kantche","Kantché"],"latitude":"13.53926","longitude":"8.46293","feature_class":"P","feature_code":"PPLA2","country_code":"NE","cc2":"","admin1_code":"07","admin2_code":"","admin3_code":"","admin4_code":"","population":"0","elevation":"","dem":"425","timezone":"Africa/Niamey","modification_date":"2013-10-06"},{"geonameid":"2443304","name":"Illéla","asciiname":"Illela","alternatenames":["Ilella","Illela","Illeta","Illéla","Illéta"],"latitude":"14.4605","longitude":"5.2437","feature_class":"P","feature_code":"PPLA2","country_code":"NE","cc2":"","admin1_code":"06","admin2_code":"","admin3_code":"","admin4_code":"","population":"16678","elevation":"","dem":"307","timezone":"Africa/Niamey","modification_date":"2013-10-06"},{"geonameid":"2443623","name":"Guidan Roumdji","asciiname":"Guidan Roumdji","alternatenames":["Gidan Roumji","Guidam Roumji","Guidan Roumdji","Guidan Roumji"],"latitude":"13.6576","longitude":"6.69567","feature_class":"P","feature_code":"PPLA2","country_code":"NE","cc2":"","admin1_code":"04","admin2_code":"","admin3_code":"","admin4_code":"","population":"0","elevation":"","dem":"327","timezone":"Africa/Niamey","modification_date":"2013-10-06"},{"geonameid":"2444219","name":"Gouré","asciiname":"Goure","alternatenames":["Goure","Gouré"],"latitude":"13.9835","longitude":"10.27035","feature_class":"P","feature_code":"PPLA2","country_code":"NE","cc2":"","admin1_code":"07","admin2_code":"","admin3_code":"","admin4_code":"","population":"14639","elevation":"","dem":"447","timezone":"Africa/Niamey","modification_date":"2013-10-06"},{"geonameid":"2444489","name":"Gaya","asciiname":"Gaya","alternatenames":["Gaya"],"latitude":"11.88435","longitude":"3.44919","feature_class":"P","feature_code":"PPLA2","country_code":"NE","cc2":"","admin1_code":"03","admin2_code":"","admin3_code":"","admin4_code":"","population":"33051","elevation":"","dem":"177","timezone":"Africa/Niamey","modification_date":"2013-10-06"},{"geonameid":"2444995","name":"Filingué","asciiname":"Filingue","alternatenames":["Filingue","Filingué"],"latitude":"14.3521","longitude":"3.3168","feature_class":"P","feature_code":"PPLA2","country_code":"NE","cc2":"","admin1_code":"09","admin2_code":"","admin3_code":"","admin4_code":"","population":"11677","elevation":"","dem":"222","timezone":"Africa/Niamey","modification_date":"2013-10-06"},{"geonameid":"2445488","name":"Dosso","asciiname":"Dosso","alternatenames":["Dosso","Доссо"],"latitude":"13.049","longitude":"3.1937","feature_class":"P","feature_code":"PPLA","country_code":"NE","cc2":"","admin1_code":"03","admin2_code":"","admin3_code":"","admin4_code":"","population":"49750","elevation":"","dem":"218","timezone":"Africa/Niamey","modification_date":"2012-01-18"},{"geonameid":"2445553","name":"Dogondoutchi","asciiname":"Dogondoutchi","alternatenames":["Dogondoutchi","Dogonduchi"],"latitude":"13.63933","longitude":"4.02875","feature_class":"P","feature_code":"PPLA2","country_code":"NE","cc2":"","admin1_code":"03","admin2_code":"","admin3_code":"","admin4_code":"","population":"31767","elevation":"","dem":"231","timezone":"Africa/Niamey","modification_date":"2013-10-06"},{"geonameid":"2445704","name":"Diffa","asciiname":"Diffa","alternatenames":["Difa","Diffa","Диффа"],"latitude":"13.31536","longitude":"12.61135","feature_class":"P","feature_code":"PPLA","country_code":"NE","cc2":"","admin1_code":"02","admin2_code":"","admin3_code":"","admin4_code":"","population":"27948","elevation":"","dem":"311","timezone":"Africa/Niamey","modification_date":"2012-01-18"},{"geonameid":"2446267","name":"Dakoro","asciiname":"Dakoro","alternatenames":["Dakoro"],"latitude":"14.51056","longitude":"6.765","feature_class":"P","feature_code":"PPLA2","country_code":"NE","cc2":"","admin1_code":"04","admin2_code":"","admin3_code":"","admin4_code":"","population":"19798","elevation":"","dem":"416","timezone":"Africa/Niamey","modification_date":"2013-10-06"},{"geonameid":"2446466","name":"Bouza","asciiname":"Bouza","alternatenames":["Bouza"],"latitude":"14.42293","longitude":"6.04278","feature_class":"P","feature_code":"PPLA2","country_code":"NE","cc2":"","admin1_code":"06","admin2_code":"","admin3_code":"","admin4_code":"","population":"7141","elevation":"","dem":"406","timezone":"Africa/Niamey","modification_date":"2013-10-06"},{"geonameid":"2446796","name":"Bilma","asciiname":"Bilma","alternatenames":["Bilina","Bilma","Fort Dromard"],"latitude":"18.68532","longitude":"12.91643","feature_class":"P","feature_code":"PPLA2","country_code":"NE","cc2":"","admin1_code":"01","admin2_code":"","admin3_code":"","admin4_code":"","population":"2291","elevation":"","dem":"356","timezone":"Africa/Niamey","modification_date":"2013-10-06"},{"geonameid":"2447416","name":"Ayorou","asciiname":"Ayorou","alternatenames":["Agorou","Ayorou"],"latitude":"14.73075","longitude":"0.91739","feature_class":"P","feature_code":"PPL","country_code":"NE","cc2":"","admin1_code":"09","admin2_code":"","admin3_code":"","admin4_code":"","population":"26290","elevation":"","dem":"226","timezone":"Africa/Niamey","modification_date":"2012-01-18"},{"geonameid":"2447513","name":"Arlit","asciiname":"Arlit","alternatenames":["Arhli","Arlit","RLT","Арлит"],"latitude":"18.73694","longitude":"7.38528","feature_class":"P","feature_code":"PPLA2","country_code":"NE","cc2":"","admin1_code":"01","admin2_code":"","admin3_code":"","admin4_code":"","population":"0","elevation":"","dem":"423","timezone":"Africa/Niamey","modification_date":"2013-10-06"},{"geonameid":"2447938","name":"Alaghsas","asciiname":"Alaghsas","alternatenames":["Alaghsas","Alarsas"],"latitude":"17.0187","longitude":"8.0168","feature_class":"P","feature_code":"PPL","country_code":"NE","cc2":"","admin1_code":"01","admin2_code":"","admin3_code":"","admin4_code":"","population":"88561","elevation":"","dem":"519","timezone":"Africa/Niamey","modification_date":"2012-01-18"},{"geonameid":"2448024","name":"Aguié","asciiname":"Aguie","alternatenames":["Aguie","Aguié","Agye","Agyé"],"latitude":"13.50601","longitude":"7.77863","feature_class":"P","feature_code":"PPLA2","country_code":"NE","cc2":"","admin1_code":"04","admin2_code":"","admin3_code":"","admin4_code":"","population":"13152","elevation":"","dem":"424","timezone":"Africa/Niamey","modification_date":"2013-10-06"},{"geonameid":"2448085","name":"Agadez","asciiname":"Agadez","alternatenames":["Agades","Agadesas","Agadez","Agadèz","Ankantez","a jia de zi","agadejeu","agadesi","agadesu","aghadys","Αγκαντέζ","Агадез","Агадес","אגדז","أغاديس","აგადესი","アガデス","阿加德茲","아가데즈"],"latitude":"16.97333","longitude":"7.99111","feature_class":"P","feature_code":"PPLA","country_code":"NE","cc2":"","admin1_code":"01","admin2_code":"","admin3_code":"","admin4_code":"","population":"124324","elevation":"","dem":"505","timezone":"Africa/Niamey","modification_date":"2013-07-04"},{"geonameid":"2448245","name":"Abalak","asciiname":"Abalak","alternatenames":["Abalak","Ebaka","Ibeka"],"latitude":"15.4509","longitude":"6.2793","feature_class":"P","feature_code":"PPLA2","country_code":"NE","cc2":"","admin1_code":"06","admin2_code":"","admin3_code":"","admin4_code":"","population":"13555","elevation":"","dem":"439","timezone":"Africa/Niamey","modification_date":"2013-10-06"},{"geonameid":"8624379","name":"Tchirozérine","asciiname":"Tchirozerine","alternatenames":["Tchighozerine","Tchirozerine","Tchirozérine"],"latitude":"17.22096","longitude":"7.7614","feature_class":"P","feature_code":"PPLA2","country_code":"NE","cc2":"","admin1_code":"01","admin2_code":"","admin3_code":"","admin4_code":"","population":"0","elevation":"","dem":"507","timezone":"Africa/Niamey","modification_date":"2013-10-11"},{"geonameid":"2437732","name":"Birni N Konni","asciiname":"Birni N Konni","alternatenames":["Birni N Konni","Birni n'Kenni","Birni n’Kenni","Birni-Koni","Birnin Koni","Birnin Konni","Birnin-Konni","Konni","Бирнин-Конни"],"latitude":"13.79599","longitude":"5.25026","feature_class":"P","feature_code":"PPL","country_code":"NE","cc2":"","admin1_code":"06","admin2_code":"","admin3_code":"","admin4_code":"","population":"48103","elevation":"","dem":"272","timezone":"Africa/Niamey","modification_date":"2013-05-12"},{"geonameid":"2437798","name":"Zinder","asciiname":"Zinder","alternatenames":["Gorad Zindehr","Sinder","ZND","Zinder","Zinderis","jandeleu","jin de er","sinde xr","zanderu","zyndr","Горад Зіндэр","Зиндер","زيندر","ซินเดอร์","ザンデール","津德尔","잔데르"],"latitude":"13.80716","longitude":"8.9881","feature_class":"P","feature_code":"PPLA","country_code":"NE","cc2":"","admin1_code":"07","admin2_code":"","admin3_code":"","admin4_code":"","population":"191424","elevation":"","dem":"460","timezone":"Africa/Niamey","modification_date":"2011-10-27"},{"geonameid":"2438678","name":"Tillabéri","asciiname":"Tillaberi","alternatenames":["Tillaberi","Tillabery","Tillabéri","Tillabéry"],"latitude":"14.20711","longitude":"1.45418","feature_class":"P","feature_code":"PPLA","country_code":"NE","cc2":"","admin1_code":"09","admin2_code":"","admin3_code":"","admin4_code":"","population":"19262","elevation":"","dem":"215","timezone":"Africa/Niamey","modification_date":"2013-10-06"},{"geonameid":"2438774","name":"Tibiri","asciiname":"Tibiri","alternatenames":[""],"latitude":"13.56271","longitude":"7.04848","feature_class":"P","feature_code":"PPL","country_code":"NE","cc2":"","admin1_code":"04","admin2_code":"","admin3_code":"","admin4_code":"","population":"20019","elevation":"","dem":"347","timezone":"Africa/Niamey","modification_date":"2006-01-17"},{"geonameid":"2438823","name":"Tessaoua","asciiname":"Tessaoua","alternatenames":["Tessaoua"],"latitude":"13.75737","longitude":"7.9874","feature_class":"P","feature_code":"PPLA2","country_code":"NE","cc2":"","admin1_code":"04","admin2_code":"","admin3_code":"","admin4_code":"","population":"35775","elevation":"","dem":"400","timezone":"Africa/Niamey","modification_date":"2013-10-06"},{"geonameid":"2438855","name":"Téra","asciiname":"Tera","alternatenames":["Tera","Téra","Тера"],"latitude":"14.00776","longitude":"0.75306","feature_class":"P","feature_code":"PPLA2","country_code":"NE","cc2":"","admin1_code":"09","admin2_code":"","admin3_code":"","admin4_code":"","population":"21095","elevation":"","dem":"248","timezone":"Africa/Niamey","modification_date":"2013-10-06"},{"geonameid":"2438974","name":"Tchintabaraden","asciiname":"Tchintabaraden","alternatenames":["Tchin Tabaraden","Tchin Tabaradèn","Tchin-Tabaradene","Tchin-terbaradin","Tchintabaraden","Tchintabaradene"],"latitude":"15.8969","longitude":"5.7985","feature_class":"P","feature_code":"PPLA2","country_code":"NE","cc2":"","admin1_code":"06","admin2_code":"","admin3_code":"","admin4_code":"","population":"8851","elevation":"","dem":"419","timezone":"Africa/Niamey","modification_date":"2014-05-29"},{"geonameid":"2439155","name":"Tanout","asciiname":"Tanout","alternatenames":["Tanout"],"latitude":"14.97089","longitude":"8.88786","feature_class":"P","feature_code":"PPLA2","country_code":"NE","cc2":"","admin1_code":"07","admin2_code":"","admin3_code":"","admin4_code":"","population":"15204","elevation":"","dem":"525","timezone":"Africa/Niamey","modification_date":"2013-10-06"},{"geonameid":"2439376","name":"Tahoua","asciiname":"Tahoua","alternatenames":["THZ","Tahoua","Tahua","Takhua","ta wa","taua","Тахуа","タウア","塔瓦","타우아"],"latitude":"14.8888","longitude":"5.2692","feature_class":"P","feature_code":"PPLA","country_code":"NE","cc2":"","admin1_code":"06","admin2_code":"","admin3_code":"","admin4_code":"","population":"80425","elevation":"","dem":"389","timezone":"Africa/Niamey","modification_date":"2012-01-18"},{"geonameid":"2439812","name":"Say","asciiname":"Say","alternatenames":["Say"],"latitude":"13.1007","longitude":"2.3689","feature_class":"P","feature_code":"PPLA2","country_code":"NE","cc2":"","admin1_code":"09","admin2_code":"","admin3_code":"","admin4_code":"","population":"10387","elevation":"","dem":"181","timezone":"Africa/Niamey","modification_date":"2013-10-06"},{"geonameid":"2440371","name":"Ouallam","asciiname":"Ouallam","alternatenames":["Oualam","Ouallam"],"latitude":"14.31641","longitude":"2.08597","feature_class":"P","feature_code":"PPLA2","country_code":"NE","cc2":"","admin1_code":"09","admin2_code":"","admin3_code":"","admin4_code":"","population":"7500","elevation":"","dem":"235","timezone":"Africa/Niamey","modification_date":"2013-10-06"},{"geonameid":"2440485","name":"Niamey","asciiname":"Niamey","alternatenames":["Gorad Nijamej","NIM","Niame","Niamei","Niamej","Niameja","Niamejus","Niameo","Niamey","Niamè","Niamėjus","Nijamej","Níamey","ni ya mei","ni'ami","niame","niamei","nixame","niyame","niyami","nyamy","nyʼmyy","Νιαμέι","Νιαμέυ","Горад Ніямей","Ниамей","Нијамеј","Ніамей","Նիամեյ","ניאמיי","نيامي","نیامی","نیامەی","ܢܝܐܡܝ","नियामे","নিয়ামে","ਨਿਆਮੀ","நியாமி","นีอาเม","ནི་ཡ་མེ།","ნიამეი","ኒያሜ","ニアメ","尼亞美","니아메"],"latitude":"13.51366","longitude":"2.1098","feature_class":"P","feature_code":"PPLC","country_code":"NE","cc2":"","admin1_code":"08","admin2_code":"","admin3_code":"","admin4_code":"","population":"774235","elevation":"","dem":"206","timezone":"Africa/Niamey","modification_date":"2011-10-27"},{"geonameid":"2440495","name":"Nguigmi","asciiname":"Nguigmi","alternatenames":["Ngigmi","Nguigmi"],"latitude":"14.24953","longitude":"13.10921","feature_class":"P","feature_code":"PPLA2","country_code":"NE","cc2":"","admin1_code":"02","admin2_code":"","admin3_code":"","admin4_code":"","population":"17897","elevation":"","dem":"287","timezone":"Africa/Niamey","modification_date":"2013-10-06"},{"geonameid":"2440921","name":"Mirriah","asciiname":"Mirriah","alternatenames":["Miria","Mirria","Mirriah","Mirya","Myrria","Мирриа"],"latitude":"13.70727","longitude":"9.15013","feature_class":"P","feature_code":"PPLA2","country_code":"NE","cc2":"","admin1_code":"07","admin2_code":"","admin3_code":"","admin4_code":"","population":"20724","elevation":"","dem":"407","timezone":"Africa/Niamey","modification_date":"2013-10-06"},{"geonameid":"2441194","name":"Mayahi","asciiname":"Mayahi","alternatenames":["Majakhi","Mayahi","Mayaki","Майахи"],"latitude":"13.95532","longitude":"7.67122","feature_class":"P","feature_code":"PPLA2","country_code":"NE","cc2":"","admin1_code":"04","admin2_code":"","admin3_code":"","admin4_code":"","population":"22183","elevation":"","dem":"389","timezone":"Africa/Niamey","modification_date":"2013-10-06"},{"geonameid":"2441217","name":"Matamey","asciiname":"Matamey","alternatenames":["Matamey","Matameye","Matamèye"],"latitude":"13.42309","longitude":"8.47485","feature_class":"P","feature_code":"PPL","country_code":"NE","cc2":"","admin1_code":"07","admin2_code":"","admin3_code":"","admin4_code":"","population":"16844","elevation":"","dem":"445","timezone":"Africa/Niamey","modification_date":"2012-01-18"},{"geonameid":"2441291","name":"Maradi","asciiname":"Maradi","alternatenames":["MFQ","Maradi","Maradis","maladi","maradi","Маради","マラディ","마라디"],"latitude":"13.5","longitude":"7.10174","feature_class":"P","feature_code":"PPLA","country_code":"NE","cc2":"","admin1_code":"04","admin2_code":"","admin3_code":"","admin4_code":"","population":"163487","elevation":"","dem":"360","timezone":"Africa/Niamey","modification_date":"2012-01-18"},{"geonameid":"2441447","name":"Maïné Soroa","asciiname":"Maine Soroa","alternatenames":["Maine Soroa","Maine-Soroa","Maïné Soroa","Maïné-Soroa"],"latitude":"13.21139","longitude":"12.0241","feature_class":"P","feature_code":"PPLA2","country_code":"NE","cc2":"","admin1_code":"02","admin2_code":"","admin3_code":"","admin4_code":"","population":"10699","elevation":"","dem":"335","timezone":"Africa/Niamey","modification_date":"2013-10-06"},{"geonameid":"2441482","name":"Magaria","asciiname":"Magaria","alternatenames":["Magaria"],"latitude":"12.99826","longitude":"8.90991","feature_class":"P","feature_code":"PPLA2","country_code":"NE","cc2":"","admin1_code":"07","admin2_code":"","admin3_code":"","admin4_code":"","population":"19419","elevation":"","dem":"396","timezone":"Africa/Niamey","modification_date":"2013-10-06"},{"geonameid":"2441526","name":"Madarounfa","asciiname":"Madarounfa","alternatenames":["Madaroumfa","Madarounfa","Madarunfa"],"latitude":"13.30867","longitude":"7.15602","feature_class":"P","feature_code":"PPLA2","country_code":"NE","cc2":"","admin1_code":"04","admin2_code":"","admin3_code":"","admin4_code":"","population":"9791","elevation":"","dem":"356","timezone":"Africa/Niamey","modification_date":"2013-10-06"},{"geonameid":"2441530","name":"Madaoua","asciiname":"Madaoua","alternatenames":["Madaoua","Madawa"],"latitude":"14.073","longitude":"5.96","feature_class":"P","feature_code":"PPLA2","country_code":"NE","cc2":"","admin1_code":"06","admin2_code":"","admin3_code":"","admin4_code":"","population":"24804","elevation":"","dem":"328","timezone":"Africa/Niamey","modification_date":"2013-10-06"},{"geonameid":"2442248","name":"Kollo","asciiname":"Kollo","alternatenames":["Kollo","Kolo"],"latitude":"13.3043","longitude":"2.339","feature_class":"P","feature_code":"PPLA2","country_code":"NE","cc2":"","admin1_code":"09","admin2_code":"","admin3_code":"","admin4_code":"","population":"10376","elevation":"","dem":"189","timezone":"Africa/Niamey","modification_date":"2013-10-06"},{"geonameid":"2442478","name":"Keïta","asciiname":"Keita","alternatenames":["Keita","Keïta"],"latitude":"14.7551","longitude":"5.7749","feature_class":"P","feature_code":"PPLA2","country_code":"NE","cc2":"","admin1_code":"06","admin2_code":"","admin3_code":"","admin4_code":"","population":"8960","elevation":"","dem":"395","timezone":"Africa/Niamey","modification_date":"2013-10-06"},{"geonameid":"2443304","name":"Illéla","asciiname":"Illela","alternatenames":["Ilella","Illela","Illeta","Illéla","Illéta"],"latitude":"14.4605","longitude":"5.2437","feature_class":"P","feature_code":"PPLA2","country_code":"NE","cc2":"","admin1_code":"06","admin2_code":"","admin3_code":"","admin4_code":"","population":"16678","elevation":"","dem":"307","timezone":"Africa/Niamey","modification_date":"2013-10-06"},{"geonameid":"2444219","name":"Gouré","asciiname":"Goure","alternatenames":["Goure","Gouré"],"latitude":"13.9835","longitude":"10.27035","feature_class":"P","feature_code":"PPLA2","country_code":"NE","cc2":"","admin1_code":"07","admin2_code":"","admin3_code":"","admin4_code":"","population":"14639","elevation":"","dem":"447","timezone":"Africa/Niamey","modification_date":"2013-10-06"},{"geonameid":"2444489","name":"Gaya","asciiname":"Gaya","alternatenames":["Gaya"],"latitude":"11.88435","longitude":"3.44919","feature_class":"P","feature_code":"PPLA2","country_code":"NE","cc2":"","admin1_code":"03","admin2_code":"","admin3_code":"","admin4_code":"","population":"33051","elevation":"","dem":"177","timezone":"Africa/Niamey","modification_date":"2013-10-06"},{"geonameid":"2444995","name":"Filingué","asciiname":"Filingue","alternatenames":["Filingue","Filingué"],"latitude":"14.3521","longitude":"3.3168","feature_class":"P","feature_code":"PPLA2","country_code":"NE","cc2":"","admin1_code":"09","admin2_code":"","admin3_code":"","admin4_code":"","population":"11677","elevation":"","dem":"222","timezone":"Africa/Niamey","modification_date":"2013-10-06"},{"geonameid":"2445488","name":"Dosso","asciiname":"Dosso","alternatenames":["Dosso","Доссо"],"latitude":"13.049","longitude":"3.1937","feature_class":"P","feature_code":"PPLA","country_code":"NE","cc2":"","admin1_code":"03","admin2_code":"","admin3_code":"","admin4_code":"","population":"49750","elevation":"","dem":"218","timezone":"Africa/Niamey","modification_date":"2012-01-18"},{"geonameid":"2445553","name":"Dogondoutchi","asciiname":"Dogondoutchi","alternatenames":["Dogondoutchi","Dogonduchi"],"latitude":"13.63933","longitude":"4.02875","feature_class":"P","feature_code":"PPLA2","country_code":"NE","cc2":"","admin1_code":"03","admin2_code":"","admin3_code":"","admin4_code":"","population":"31767","elevation":"","dem":"231","timezone":"Africa/Niamey","modification_date":"2013-10-06"},{"geonameid":"2445704","name":"Diffa","asciiname":"Diffa","alternatenames":["Difa","Diffa","Диффа"],"latitude":"13.31536","longitude":"12.61135","feature_class":"P","feature_code":"PPLA","country_code":"NE","cc2":"","admin1_code":"02","admin2_code":"","admin3_code":"","admin4_code":"","population":"27948","elevation":"","dem":"311","timezone":"Africa/Niamey","modification_date":"2012-01-18"},{"geonameid":"2446267","name":"Dakoro","asciiname":"Dakoro","alternatenames":["Dakoro"],"latitude":"14.51056","longitude":"6.765","feature_class":"P","feature_code":"PPLA2","country_code":"NE","cc2":"","admin1_code":"04","admin2_code":"","admin3_code":"","admin4_code":"","population":"19798","elevation":"","dem":"416","timezone":"Africa/Niamey","modification_date":"2013-10-06"},{"geonameid":"2446466","name":"Bouza","asciiname":"Bouza","alternatenames":["Bouza"],"latitude":"14.42293","longitude":"6.04278","feature_class":"P","feature_code":"PPLA2","country_code":"NE","cc2":"","admin1_code":"06","admin2_code":"","admin3_code":"","admin4_code":"","population":"7141","elevation":"","dem":"406","timezone":"Africa/Niamey","modification_date":"2013-10-06"},{"geonameid":"2447416","name":"Ayorou","asciiname":"Ayorou","alternatenames":["Agorou","Ayorou"],"latitude":"14.73075","longitude":"0.91739","feature_class":"P","feature_code":"PPL","country_code":"NE","cc2":"","admin1_code":"09","admin2_code":"","admin3_code":"","admin4_code":"","population":"26290","elevation":"","dem":"226","timezone":"Africa/Niamey","modification_date":"2012-01-18"},{"geonameid":"2447938","name":"Alaghsas","asciiname":"Alaghsas","alternatenames":["Alaghsas","Alarsas"],"latitude":"17.0187","longitude":"8.0168","feature_class":"P","feature_code":"PPL","country_code":"NE","cc2":"","admin1_code":"01","admin2_code":"","admin3_code":"","admin4_code":"","population":"88561","elevation":"","dem":"519","timezone":"Africa/Niamey","modification_date":"2012-01-18"},{"geonameid":"2448024","name":"Aguié","asciiname":"Aguie","alternatenames":["Aguie","Aguié","Agye","Agyé"],"latitude":"13.50601","longitude":"7.77863","feature_class":"P","feature_code":"PPLA2","country_code":"NE","cc2":"","admin1_code":"04","admin2_code":"","admin3_code":"","admin4_code":"","population":"13152","elevation":"","dem":"424","timezone":"Africa/Niamey","modification_date":"2013-10-06"},{"geonameid":"2448085","name":"Agadez","asciiname":"Agadez","alternatenames":["Agades","Agadesas","Agadez","Agadèz","Ankantez","a jia de zi","agadejeu","agadesi","agadesu","aghadys","Αγκαντέζ","Агадез","Агадес","אגדז","أغاديس","აგადესი","アガデス","阿加德茲","아가데즈"],"latitude":"16.97333","longitude":"7.99111","feature_class":"P","feature_code":"PPLA","country_code":"NE","cc2":"","admin1_code":"01","admin2_code":"","admin3_code":"","admin4_code":"","population":"124324","elevation":"","dem":"505","timezone":"Africa/Niamey","modification_date":"2013-07-04"},{"geonameid":"2448245","name":"Abalak","asciiname":"Abalak","alternatenames":["Abalak","Ebaka","Ibeka"],"latitude":"15.4509","longitude":"6.2793","feature_class":"P","feature_code":"PPLA2","country_code":"NE","cc2":"","admin1_code":"06","admin2_code":"","admin3_code":"","admin4_code":"","population":"13555","elevation":"","dem":"439","timezone":"Africa/Niamey","modification_date":"2013-10-06"},{"geonameid":"2437732","name":"Birni N Konni","asciiname":"Birni N Konni","alternatenames":["Birni N Konni","Birni n'Kenni","Birni n’Kenni","Birni-Koni","Birnin Koni","Birnin Konni","Birnin-Konni","Konni","Бирнин-Конни"],"latitude":"13.79599","longitude":"5.25026","feature_class":"P","feature_code":"PPL","country_code":"NE","cc2":"","admin1_code":"06","admin2_code":"","admin3_code":"","admin4_code":"","population":"48103","elevation":"","dem":"272","timezone":"Africa/Niamey","modification_date":"2013-05-12"},{"geonameid":"2437798","name":"Zinder","asciiname":"Zinder","alternatenames":["Gorad Zindehr","Sinder","ZND","Zinder","Zinderis","jandeleu","jin de er","sinde xr","zanderu","zyndr","Горад Зіндэр","Зиндер","زيندر","ซินเดอร์","ザンデール","津德尔","잔데르"],"latitude":"13.80716","longitude":"8.9881","feature_class":"P","feature_code":"PPLA","country_code":"NE","cc2":"","admin1_code":"07","admin2_code":"","admin3_code":"","admin4_code":"","population":"191424","elevation":"","dem":"460","timezone":"Africa/Niamey","modification_date":"2011-10-27"},{"geonameid":"2438678","name":"Tillabéri","asciiname":"Tillaberi","alternatenames":["Tillaberi","Tillabery","Tillabéri","Tillabéry"],"latitude":"14.20711","longitude":"1.45418","feature_class":"P","feature_code":"PPLA","country_code":"NE","cc2":"","admin1_code":"09","admin2_code":"","admin3_code":"","admin4_code":"","population":"19262","elevation":"","dem":"215","timezone":"Africa/Niamey","modification_date":"2013-10-06"},{"geonameid":"2438774","name":"Tibiri","asciiname":"Tibiri","alternatenames":[""],"latitude":"13.56271","longitude":"7.04848","feature_class":"P","feature_code":"PPL","country_code":"NE","cc2":"","admin1_code":"04","admin2_code":"","admin3_code":"","admin4_code":"","population":"20019","elevation":"","dem":"347","timezone":"Africa/Niamey","modification_date":"2006-01-17"},{"geonameid":"2438823","name":"Tessaoua","asciiname":"Tessaoua","alternatenames":["Tessaoua"],"latitude":"13.75737","longitude":"7.9874","feature_class":"P","feature_code":"PPLA2","country_code":"NE","cc2":"","admin1_code":"04","admin2_code":"","admin3_code":"","admin4_code":"","population":"35775","elevation":"","dem":"400","timezone":"Africa/Niamey","modification_date":"2013-10-06"},{"geonameid":"2438855","name":"Téra","asciiname":"Tera","alternatenames":["Tera","Téra","Тера"],"latitude":"14.00776","longitude":"0.75306","feature_class":"P","feature_code":"PPLA2","country_code":"NE","cc2":"","admin1_code":"09","admin2_code":"","admin3_code":"","admin4_code":"","population":"21095","elevation":"","dem":"248","timezone":"Africa/Niamey","modification_date":"2013-10-06"},{"geonameid":"2439155","name":"Tanout","asciiname":"Tanout","alternatenames":["Tanout"],"latitude":"14.97089","longitude":"8.88786","feature_class":"P","feature_code":"PPLA2","country_code":"NE","cc2":"","admin1_code":"07","admin2_code":"","admin3_code":"","admin4_code":"","population":"15204","elevation":"","dem":"525","timezone":"Africa/Niamey","modification_date":"2013-10-06"},{"geonameid":"2439376","name":"Tahoua","asciiname":"Tahoua","alternatenames":["THZ","Tahoua","Tahua","Takhua","ta wa","taua","Тахуа","タウア","塔瓦","타우아"],"latitude":"14.8888","longitude":"5.2692","feature_class":"P","feature_code":"PPLA","country_code":"NE","cc2":"","admin1_code":"06","admin2_code":"","admin3_code":"","admin4_code":"","population":"80425","elevation":"","dem":"389","timezone":"Africa/Niamey","modification_date":"2012-01-18"},{"geonameid":"2440485","name":"Niamey","asciiname":"Niamey","alternatenames":["Gorad Nijamej","NIM","Niame","Niamei","Niamej","Niameja","Niamejus","Niameo","Niamey","Niamè","Niamėjus","Nijamej","Níamey","ni ya mei","ni'ami","niame","niamei","nixame","niyame","niyami","nyamy","nyʼmyy","Νιαμέι","Νιαμέυ","Горад Ніямей","Ниамей","Нијамеј","Ніамей","Նիամեյ","ניאמיי","نيامي","نیامی","نیامەی","ܢܝܐܡܝ","नियामे","নিয়ামে","ਨਿਆਮੀ","நியாமி","นีอาเม","ནི་ཡ་མེ།","ნიამეი","ኒያሜ","ニアメ","尼亞美","니아메"],"latitude":"13.51366","longitude":"2.1098","feature_class":"P","feature_code":"PPLC","country_code":"NE","cc2":"","admin1_code":"08","admin2_code":"","admin3_code":"","admin4_code":"","population":"774235","elevation":"","dem":"206","timezone":"Africa/Niamey","modification_date":"2011-10-27"},{"geonameid":"2440495","name":"Nguigmi","asciiname":"Nguigmi","alternatenames":["Ngigmi","Nguigmi"],"latitude":"14.24953","longitude":"13.10921","feature_class":"P","feature_code":"PPLA2","country_code":"NE","cc2":"","admin1_code":"02","admin2_code":"","admin3_code":"","admin4_code":"","population":"17897","elevation":"","dem":"287","timezone":"Africa/Niamey","modification_date":"2013-10-06"},{"geonameid":"2440921","name":"Mirriah","asciiname":"Mirriah","alternatenames":["Miria","Mirria","Mirriah","Mirya","Myrria","Мирриа"],"latitude":"13.70727","longitude":"9.15013","feature_class":"P","feature_code":"PPLA2","country_code":"NE","cc2":"","admin1_code":"07","admin2_code":"","admin3_code":"","admin4_code":"","population":"20724","elevation":"","dem":"407","timezone":"Africa/Niamey","modification_date":"2013-10-06"},{"geonameid":"2441194","name":"Mayahi","asciiname":"Mayahi","alternatenames":["Majakhi","Mayahi","Mayaki","Майахи"],"latitude":"13.95532","longitude":"7.67122","feature_class":"P","feature_code":"PPLA2","country_code":"NE","cc2":"","admin1_code":"04","admin2_code":"","admin3_code":"","admin4_code":"","population":"22183","elevation":"","dem":"389","timezone":"Africa/Niamey","modification_date":"2013-10-06"},{"geonameid":"2441217","name":"Matamey","asciiname":"Matamey","alternatenames":["Matamey","Matameye","Matamèye"],"latitude":"13.42309","longitude":"8.47485","feature_class":"P","feature_code":"PPL","country_code":"NE","cc2":"","admin1_code":"07","admin2_code":"","admin3_code":"","admin4_code":"","population":"16844","elevation":"","dem":"445","timezone":"Africa/Niamey","modification_date":"2012-01-18"},{"geonameid":"2441291","name":"Maradi","asciiname":"Maradi","alternatenames":["MFQ","Maradi","Maradis","maladi","maradi","Маради","マラディ","마라디"],"latitude":"13.5","longitude":"7.10174","feature_class":"P","feature_code":"PPLA","country_code":"NE","cc2":"","admin1_code":"04","admin2_code":"","admin3_code":"","admin4_code":"","population":"163487","elevation":"","dem":"360","timezone":"Africa/Niamey","modification_date":"2012-01-18"},{"geonameid":"2441482","name":"Magaria","asciiname":"Magaria","alternatenames":["Magaria"],"latitude":"12.99826","longitude":"8.90991","feature_class":"P","feature_code":"PPLA2","country_code":"NE","cc2":"","admin1_code":"07","admin2_code":"","admin3_code":"","admin4_code":"","population":"19419","elevation":"","dem":"396","timezone":"Africa/Niamey","modification_date":"2013-10-06"},{"geonameid":"2441530","name":"Madaoua","asciiname":"Madaoua","alternatenames":["Madaoua","Madawa"],"latitude":"14.073","longitude":"5.96","feature_class":"P","feature_code":"PPLA2","country_code":"NE","cc2":"","admin1_code":"06","admin2_code":"","admin3_code":"","admin4_code":"","population":"24804","elevation":"","dem":"328","timezone":"Africa/Niamey","modification_date":"2013-10-06"},{"geonameid":"2443304","name":"Illéla","asciiname":"Illela","alternatenames":["Ilella","Illela","Illeta","Illéla","Illéta"],"latitude":"14.4605","longitude":"5.2437","feature_class":"P","feature_code":"PPLA2","country_code":"NE","cc2":"","admin1_code":"06","admin2_code":"","admin3_code":"","admin4_code":"","population":"16678","elevation":"","dem":"307","timezone":"Africa/Niamey","modification_date":"2013-10-06"},{"geonameid":"2444489","name":"Gaya","asciiname":"Gaya","alternatenames":["Gaya"],"latitude":"11.88435","longitude":"3.44919","feature_class":"P","feature_code":"PPLA2","country_code":"NE","cc2":"","admin1_code":"03","admin2_code":"","admin3_code":"","admin4_code":"","population":"33051","elevation":"","dem":"177","timezone":"Africa/Niamey","modification_date":"2013-10-06"},{"geonameid":"2445488","name":"Dosso","asciiname":"Dosso","alternatenames":["Dosso","Доссо"],"latitude":"13.049","longitude":"3.1937","feature_class":"P","feature_code":"PPLA","country_code":"NE","cc2":"","admin1_code":"03","admin2_code":"","admin3_code":"","admin4_code":"","population":"49750","elevation":"","dem":"218","timezone":"Africa/Niamey","modification_date":"2012-01-18"},{"geonameid":"2445553","name":"Dogondoutchi","asciiname":"Dogondoutchi","alternatenames":["Dogondoutchi","Dogonduchi"],"latitude":"13.63933","longitude":"4.02875","feature_class":"P","feature_code":"PPLA2","country_code":"NE","cc2":"","admin1_code":"03","admin2_code":"","admin3_code":"","admin4_code":"","population":"31767","elevation":"","dem":"231","timezone":"Africa/Niamey","modification_date":"2013-10-06"},{"geonameid":"2445704","name":"Diffa","asciiname":"Diffa","alternatenames":["Difa","Diffa","Диффа"],"latitude":"13.31536","longitude":"12.61135","feature_class":"P","feature_code":"PPLA","country_code":"NE","cc2":"","admin1_code":"02","admin2_code":"","admin3_code":"","admin4_code":"","population":"27948","elevation":"","dem":"311","timezone":"Africa/Niamey","modification_date":"2012-01-18"},{"geonameid":"2446267","name":"Dakoro","asciiname":"Dakoro","alternatenames":["Dakoro"],"latitude":"14.51056","longitude":"6.765","feature_class":"P","feature_code":"PPLA2","country_code":"NE","cc2":"","admin1_code":"04","admin2_code":"","admin3_code":"","admin4_code":"","population":"19798","elevation":"","dem":"416","timezone":"Africa/Niamey","modification_date":"2013-10-06"},{"geonameid":"2447416","name":"Ayorou","asciiname":"Ayorou","alternatenames":["Agorou","Ayorou"],"latitude":"14.73075","longitude":"0.91739","feature_class":"P","feature_code":"PPL","country_code":"NE","cc2":"","admin1_code":"09","admin2_code":"","admin3_code":"","admin4_code":"","population":"26290","elevation":"","dem":"226","timezone":"Africa/Niamey","modification_date":"2012-01-18"},{"geonameid":"2447938","name":"Alaghsas","asciiname":"Alaghsas","alternatenames":["Alaghsas","Alarsas"],"latitude":"17.0187","longitude":"8.0168","feature_class":"P","feature_code":"PPL","country_code":"NE","cc2":"","admin1_code":"01","admin2_code":"","admin3_code":"","admin4_code":"","population":"88561","elevation":"","dem":"519","timezone":"Africa/Niamey","modification_date":"2012-01-18"},{"geonameid":"2448085","name":"Agadez","asciiname":"Agadez","alternatenames":["Agades","Agadesas","Agadez","Agadèz","Ankantez","a jia de zi","agadejeu","agadesi","agadesu","aghadys","Αγκαντέζ","Агадез","Агадес","אגדז","أغاديس","აგადესი","アガデス","阿加德茲","아가데즈"],"latitude":"16.97333","longitude":"7.99111","feature_class":"P","feature_code":"PPLA","country_code":"NE","cc2":"","admin1_code":"01","admin2_code":"","admin3_code":"","admin4_code":"","population":"124324","elevation":"","dem":"505","timezone":"Africa/Niamey","modification_date":"2013-07-04"}]}