{"country_data":{"ISO":"NF","ISO3":"NFK","ISO_Numeric":"574","fips":"NF","country":"Norfolk Island","capital":"Kingston","area":"34.6","Population":"1828","Continent":"OC","tld":".nf","CurrencyCode":"AUD","CurrencyName":"Dollar","Phone":"672","Postal_Code_Format":"####","Postal_Code_Regex":"^(\\d{4})$","Languages":"en-NF","geonameid":"2155115","neighbours":"","EquivalentFipsCode":""},"cities":[{"geonameid":"2161314","name":"Kingston","asciiname":"Kingston","alternatenames":["Kingston","Kingston pa Norfolkoya","Kingston på Norfolkøya","Kingstona","Kingstonas","Kingstono","Kingstun","Kinqston","Pasjolak Kingstan","jin si dui","khing s tan","kingseuteon","kingstana","kingusuton","kyngstwn","Кингстон","Кингстън","Кінгстон","Пасёлак Кінгстан","کنگسٹن","کینگستون","किंग्स्टन","คิงส์ตัน","კინგსტონი","キングストン","金斯敦","킹스턴"],"latitude":"-29.05459","longitude":"167.96628","feature_class":"P","feature_code":"PPLC","country_code":"NF","cc2":"AU","admin1_code":"00","admin2_code":"","admin3_code":"","admin4_code":"","population":"880","elevation":"","dem":"71","timezone":"Pacific/Norfolk","modification_date":"2014-08-18"},{"geonameid":"2161314","name":"Kingston","asciiname":"Kingston","alternatenames":["Kingston","Kingston pa Norfolkoya","Kingston på Norfolkøya","Kingstona","Kingstonas","Kingstono","Kingstun","Kinqston","Pasjolak Kingstan","jin si dui","khing s tan","kingseuteon","kingstana","kingusuton","kyngstwn","Кингстон","Кингстън","Кінгстон","Пасёлак Кінгстан","کنگسٹن","کینگستون","किंग्स्टन","คิงส์ตัน","კინგსტონი","キングストン","金斯敦","킹스턴"],"latitude":"-29.05459","longitude":"167.96628","feature_class":"P","feature_code":"PPLC","country_code":"NF","cc2":"AU","admin1_code":"00","admin2_code":"","admin3_code":"","admin4_code":"","population":"880","elevation":"","dem":"71","timezone":"Pacific/Norfolk","modification_date":"2014-08-18"},{"geonameid":"2161314","name":"Kingston","asciiname":"Kingston","alternatenames":["Kingston","Kingston pa Norfolkoya","Kingston på Norfolkøya","Kingstona","Kingstonas","Kingstono","Kingstun","Kinqston","Pasjolak Kingstan","jin si dui","khing s tan","kingseuteon","kingstana","kingusuton","kyngstwn","Кингстон","Кингстън","Кінгстон","Пасёлак Кінгстан","کنگسٹن","کینگستون","किंग्स्टन","คิงส์ตัน","კინგსტონი","キングストン","金斯敦","킹스턴"],"latitude":"-29.05459","longitude":"167.96628","feature_class":"P","feature_code":"PPLC","country_code":"NF","cc2":"AU","admin1_code":"00","admin2_code":"","admin3_code":"","admin4_code":"","population":"880","elevation":"","dem":"71","timezone":"Pacific/Norfolk","modification_date":"2014-08-18"}]}