{"country_data":{"ISO":"KP","ISO3":"PRK","ISO_Numeric":"408","fips":"KN","country":"North Korea","capital":"Pyongyang","area":"120540","Population":"22912177","Continent":"AS","tld":".kp","CurrencyCode":"KPW","CurrencyName":"Won","Phone":"850","Postal_Code_Format":"###-###","Postal_Code_Regex":"^(\\d{6})$","Languages":"ko-KP","geonameid":"1873107","neighbours":"CN,KR,RU","EquivalentFipsCode":""},"cities":[{"geonameid":"1866362","name":"Yonggang-ŭp","asciiname":"Yonggang-up","alternatenames":["Chinji-ri","Shinchi-ri","Shinchido","Shinchidō","Yonggang","Yonggang-up","Yonggang-ŭp"],"latitude":"38.85611","longitude":"125.42444","feature_class":"P","feature_code":"PPL","country_code":"KP","cc2":"","admin1_code":"15","admin2_code":"","admin3_code":"","admin4_code":"","population":"13440","elevation":"","dem":"23","timezone":"Asia/Pyongyang","modification_date":"2012-01-19"},{"geonameid":"1866453","name":"Yŏngbyŏn","asciiname":"Yongbyon","alternatenames":["Neihen","Nyongbyon","Nyŏngbyŏn","Yongbyon","Yongbyon-up","Yŏngbyŏn","Yŏngbyŏn-ŭp"],"latitude":"39.81333","longitude":"125.80417","feature_class":"P","feature_code":"PPL","country_code":"KP","cc2":"","admin1_code":"11","admin2_code":"","admin3_code":"","admin4_code":"","population":"9584","elevation":"","dem":"140","timezone":"Asia/Pyongyang","modification_date":"2012-01-19"},{"geonameid":"1866569","name":"Yŏnan-ŭp","asciiname":"Yonan-up","alternatenames":["Enan","Yonan","Yonan-up","Yŏnan","Yŏnan-ŭp"],"latitude":"37.90889","longitude":"126.16111","feature_class":"P","feature_code":"PPL","country_code":"KP","cc2":"","admin1_code":"06","admin2_code":"Yŏnan-gun","admin3_code":"","admin4_code":"","population":"22665","elevation":"","dem":"43","timezone":"Asia/Pyongyang","modification_date":"2012-01-19"},{"geonameid":"1866587","name":"Yŏmju-ŭp","asciiname":"Yomju-up","alternatenames":["Chonggo-dong","Chŏnggŏ-dong","Teisha","Teisha-do","Teisha-dō","Yomju","Yomju-up","Yŏmju","Yŏmju-ŭp","yeomju","염주"],"latitude":"39.89333","longitude":"124.59806","feature_class":"P","feature_code":"PPL","country_code":"KP","cc2":"","admin1_code":"11","admin2_code":"","admin3_code":"","admin4_code":"","population":"9437","elevation":"","dem":"15","timezone":"Asia/Pyongyang","modification_date":"2012-01-19"},{"geonameid":"1866923","name":"Wŏnsan","asciiname":"Wonsan","alternatenames":["Gensan","Genzan","Genzan Hu","Onsan","Vonsan","Vonsanas","WOS","Wensen","Wonsan","Wŏnsan","Yuenchan","Yuensan","wonsan","wonsansi","yuan shan shi","Вонсан","元山市","원산","원산시"],"latitude":"39.15278","longitude":"127.44361","feature_class":"P","feature_code":"PPLA","country_code":"KP","cc2":"","admin1_code":"09","admin2_code":"","admin3_code":"","admin4_code":"","population":"329207","elevation":"","dem":"7","timezone":"Asia/Pyongyang","modification_date":"2014-04-20"},{"geonameid":"1867927","name":"T’ongch’ŏn-ŭp","asciiname":"T'ongch'on-up","alternatenames":["Kojo","Kojŏ","Kotei","T'ongch'on","T'ongch'on-up","T’ongch’ŏn","T’ongch’ŏn-ŭp"],"latitude":"38.95389","longitude":"127.89167","feature_class":"P","feature_code":"PPL","country_code":"KP","cc2":"","admin1_code":"09","admin2_code":"T’ongch’űn-gun","admin3_code":"","admin4_code":"","population":"20575","elevation":"","dem":"6","timezone":"Asia/Pyongyang","modification_date":"2012-01-19"},{"geonameid":"1868998","name":"Sŭngho 1-tong","asciiname":"Sungho 1-tong","alternatenames":["Shoko-ri","Shōko-ri","Sungho","Sungho 1-tong","Sungho-dong","Sungno-ri","Sŭngho","Sŭngho 1-tong","Sŭngho-dong","Sŭngno-ri","seungho1dong","승호1동"],"latitude":"38.99139","longitude":"125.97778","feature_class":"P","feature_code":"PPL","country_code":"KP","cc2":"","admin1_code":"12","admin2_code":"","admin3_code":"","admin4_code":"","population":"39841","elevation":"","dem":"38","timezone":"Asia/Pyongyang","modification_date":"2012-01-19"},{"geonameid":"1869021","name":"Sunan","asciiname":"Sunan","alternatenames":["Junan","Sunan","Sunan-dong","Sunan-ni","Sunan-up","Sunan-ŭp","Сунан"],"latitude":"39.19833","longitude":"125.69","feature_class":"P","feature_code":"PPL","country_code":"KP","cc2":"","admin1_code":"12","admin2_code":"","admin3_code":"","admin4_code":"","population":"36671","elevation":"","dem":"34","timezone":"Asia/Pyongyang","modification_date":"2012-01-19"},{"geonameid":"1869446","name":"Songnim","asciiname":"Songnim","alternatenames":["Kenjiho","Kenjiko","Kenniho","Kenziho","Kyomip'o","Kyŏmip’o","Shorin","Shōrin","Songnim"],"latitude":"38.75417","longitude":"125.645","feature_class":"P","feature_code":"PPL","country_code":"KP","cc2":"","admin1_code":"07","admin2_code":"","admin3_code":"","admin4_code":"","population":"152425","elevation":"","dem":"21","timezone":"Asia/Pyongyang","modification_date":"2012-01-19"},{"geonameid":"1870413","name":"Sil-li","asciiname":"Sil-li","alternatenames":["Sil-li","Sin-ni"],"latitude":"39.49472","longitude":"125.47361","feature_class":"P","feature_code":"PPL","country_code":"KP","cc2":"","admin1_code":"15","admin2_code":"Mundŏk-kun","admin3_code":"","admin4_code":"","population":"19463","elevation":"","dem":"9","timezone":"Asia/Pyongyang","modification_date":"2012-01-19"},{"geonameid":"1870434","name":"Sinmak","asciiname":"Sinmak","alternatenames":["Shimbaku","Shimmaku","Shinbaku","Sinmak"],"latitude":"38.41667","longitude":"126.23333","feature_class":"P","feature_code":"PPL","country_code":"KP","cc2":"","admin1_code":"07","admin2_code":"","admin3_code":"","admin4_code":"","population":"18669","elevation":"","dem":"110","timezone":"Asia/Pyongyang","modification_date":"2013-10-30"},{"geonameid":"1870742","name":"Sinanju","asciiname":"Sinanju","alternatenames":["Shin-anshu","Shin-anshū","Sin-ansyu","Sin-ansyū","Sinanju","Sinanju-nodongjagu","Sinanju-rodongjagu","Wonhung-ni","Wŏnhŭng-ni","sin-anju","신안주"],"latitude":"39.59806","longitude":"125.60972","feature_class":"P","feature_code":"PPL","country_code":"KP","cc2":"","admin1_code":"15","admin2_code":"","admin3_code":"","admin4_code":"","population":"15693","elevation":"","dem":"15","timezone":"Asia/Pyongyang","modification_date":"2012-01-19"},{"geonameid":"1870883","name":"Sariwŏn","asciiname":"Sariwon","alternatenames":["Hozan","Sa-ri-uen","Sarivone","Sariwon","Sariwŏn","Shariin","Syariin","Sā-ri-uen","Саривоне"],"latitude":"38.50722","longitude":"125.75583","feature_class":"P","feature_code":"PPLA","country_code":"KP","cc2":"","admin1_code":"07","admin2_code":"","admin3_code":"","admin4_code":"","population":"310100","elevation":"","dem":"20","timezone":"Asia/Pyongyang","modification_date":"2013-07-06"},{"geonameid":"1871028","name":"Sangsŏng-ni","asciiname":"Sangsong-ni","alternatenames":["Ku Yangdok","Ku Yangdŏk","Sangsong-ni","Sangsŏng-ni","Tongyang","Tongyang-ni","Toyo","Tōyō","Yangdok","Yangdŏk","Yotoku","Yōtoku"],"latitude":"39.16944","longitude":"126.88556","feature_class":"P","feature_code":"PPL","country_code":"KP","cc2":"","admin1_code":"15","admin2_code":"1866790","admin3_code":"","admin4_code":"","population":"9888","elevation":"","dem":"263","timezone":"Asia/Pyongyang","modification_date":"2012-01-19"},{"geonameid":"1871484","name":"Samho-rodongjagu","asciiname":"Samho-rodongjagu","alternatenames":["Samho","Samho-dong","Samho-nodongjagu","Samho-rodongjagu","Sanko","samholodongjagu","삼호로동자구"],"latitude":"39.9475","longitude":"127.87111","feature_class":"P","feature_code":"PPL","country_code":"KP","cc2":"","admin1_code":"03","admin2_code":"","admin3_code":"","admin4_code":"","population":"19025","elevation":"","dem":"4","timezone":"Asia/Pyongyang","modification_date":"2012-01-19"},{"geonameid":"1871859","name":"Pyongyang","asciiname":"Pyongyang","alternatenames":["Binh Nhuong","Bình Nhưỡng","FNJ","Gorad Pkhen'jan","Heijo","Heijo-fu","Heijō","Heijō-fu","Heizyo","Heizyo Hu","Heizyō","Heizyō Hu","Hpyeng-yang","P'yongyang","P'yongyang-si","P'yŏngyang","P'yŏngyang-si","P-hjong-jang","P-hjöng-jang","Pchenjanas","Pchjongjang","Phenian","Phenjan","Phenjana","Phyeng-yang","Phyong-yang","Pienyang","Pingyang","Pion'gian'nk","Pion'nkgian'nk","Piongiang","Pionyang","Pjoengjang","Pjongian","Pjongjang","Pjongjango","Pjöngjang","Pkhen'jan","Pkhenjan","Pxenyan","Pyeongyang","Pyoengyang","Pyongyang","Pyongyang-si","Pyöngyang","bywnghyangh","peiyngyang","pi'ongayanga","ping rang","ping rang shi","piyam iyam","piyonyan","pkheniani","pyamgayanga","pyang yang","pyeong-yang","pyeong-yangjighalsi","pyeong-yangsi","pyon'gyang","pyongayanga","pywng yang","pywngyang","Πιονγιάνγκ","Πιονγκγιάνγκ","Горад Пхеньян","Пхеньян","Пхенян","Пјонгјанг","Փխենյան","פיאנגיאנג","פיונגיאנג","بيونغيانغ","پيونګيانګ","پيونگ يانگ","پيوڭياڭ","پیانگ یانگ","پیونگ‌یانگ","پیۆنگیانگ","प्याँगयांग","प्योंगयांग","পিয়ং ইয়াং","ਪਿਓਂਗਯਾਂਗ","பியொங்யாங்","ಪ್ಯೊನ್ಗ್ಯಾಂಗ್","เปียงยาง","ཕོང་ཡང་།","ფხენიანი","ፕዮንግያንግ","平壌","平壤","平壤市","평양","평양시","평양직할시"],"latitude":"39.03385","longitude":"125.75432","feature_class":"P","feature_code":"PPLC","country_code":"KP","cc2":"","admin1_code":"12","admin2_code":"","admin3_code":"","admin4_code":"","population":"3222000","elevation":"","dem":"43","timezone":"Asia/Pyongyang","modification_date":"2014-01-07"},{"geonameid":"1871871","name":"P’yŏngsŏng","asciiname":"P'yongsong","alternatenames":["P'yongsong","P’yŏngsŏng","Sain-ni","Sainjang","Sanchon","Shajimjo","Shajimjō","Shajinjo","Shajinjō","Shaninjo","Shaninjō"],"latitude":"39.24639","longitude":"125.87194","feature_class":"P","feature_code":"PPLA","country_code":"KP","cc2":"","admin1_code":"15","admin2_code":"","admin3_code":"","admin4_code":"","population":"100000","elevation":"","dem":"53","timezone":"Asia/Pyongyang","modification_date":"2013-08-04"},{"geonameid":"1871967","name":"Pyŏksŏng-ŭp","asciiname":"Pyoksong-up","alternatenames":["Ch'wiya","Chuya","Ch’wiya","Pyoksong","Pyoksong-up","Pyŏksŏng","Pyŏksŏng-ŭp","Suiya-ri"],"latitude":"38.0475","longitude":"125.55667","feature_class":"P","feature_code":"PPL","country_code":"KP","cc2":"","admin1_code":"06","admin2_code":"","admin3_code":"","admin4_code":"","population":"12937","elevation":"","dem":"12","timezone":"Asia/Pyongyang","modification_date":"2012-01-19"},{"geonameid":"1872726","name":"Panghyŏn-dong","asciiname":"Panghyon-dong","alternatenames":["Namsi","Nanshi","Panghyon","Panghyon-dong","Panghyon-nodongjagu","Panghyŏn","Panghyŏn-dong","Panghyŏn-nodongjagu"],"latitude":"39.88722","longitude":"125.24139","feature_class":"P","feature_code":"PPL","country_code":"KP","cc2":"","admin1_code":"11","admin2_code":"","admin3_code":"","admin4_code":"","population":"11026","elevation":"","dem":"81","timezone":"Asia/Pyongyang","modification_date":"2012-01-19"},{"geonameid":"1873172","name":"Ongjin","asciiname":"Ongjin","alternatenames":["Bazan","Onchzhin","Ongjin","Ongjin-up","Ongjin-ŭp","Oshin","Osin","Yoshin","Yōshin","ongjin","Ōshin","Ōsin","Ончжин","옹진"],"latitude":"37.93472","longitude":"125.36194","feature_class":"P","feature_code":"PPL","country_code":"KP","cc2":"","admin1_code":"06","admin2_code":"","admin3_code":"","admin4_code":"","population":"64247","elevation":"","dem":"19","timezone":"Asia/Pyongyang","modification_date":"2012-01-19"},{"geonameid":"1873757","name":"Namp’o","asciiname":"Namp'o","alternatenames":["Channampo","Chinnamp'o","Chinnamp’o","Chinnanpo","Namp'o","Nampkho","Namp’o","Tinnanpo","Treaty Port","Tschin-nam-p-ho","nampo","Нампхо","남포"],"latitude":"38.7375","longitude":"125.40778","feature_class":"P","feature_code":"PPLA2","country_code":"KP","cc2":"","admin1_code":"15","admin2_code":"","admin3_code":"","admin4_code":"","population":"455000","elevation":"","dem":"9","timezone":"Asia/Pyongyang","modification_date":"2010-08-03"},{"geonameid":"1875054","name":"Kwaksan","asciiname":"Kwaksan","alternatenames":["Kakusan","Kakuzan","Kwaksan","Kwaksan-up","Kwaksan-ŭp","gwagsan","곽산"],"latitude":"39.6875","longitude":"125.08278","feature_class":"P","feature_code":"PPL","country_code":"KP","cc2":"","admin1_code":"11","admin2_code":"","admin3_code":"","admin4_code":"","population":"10478","elevation":"","dem":"14","timezone":"Asia/Pyongyang","modification_date":"2012-01-19"},{"geonameid":"1875107","name":"Kusŏng","asciiname":"Kusong","alternatenames":["Kijo","Kijō","Kuisong","Kuisŏng","Kusong","Kusong-up","Kusŏng","Kusŏng-ŭp","Kwisog","Kwisŏg"],"latitude":"39.98111","longitude":"125.24472","feature_class":"P","feature_code":"PPL","country_code":"KP","cc2":"","admin1_code":"11","admin2_code":"","admin3_code":"","admin4_code":"","population":"30902","elevation":"","dem":"104","timezone":"Asia/Pyongyang","modification_date":"2012-01-19"},{"geonameid":"1875506","name":"Kujang-ŭp","asciiname":"Kujang-up","alternatenames":["Kuchung","Kujang","Kujang-dong","Kujang-up","Kujang-ŭp","Kyujo-do","Kyujō-dō"],"latitude":"39.86722","longitude":"126.03028","feature_class":"P","feature_code":"PPL","country_code":"KP","cc2":"","admin1_code":"11","admin2_code":"","admin3_code":"","admin4_code":"","population":"19522","elevation":"","dem":"66","timezone":"Asia/Pyongyang","modification_date":"2012-01-19"},{"geonameid":"1875588","name":"Kowŏn-ŭp","asciiname":"Kowon-up","alternatenames":["Kogen","Kovon-do","Kowon","Kowon-up","Kowŏn","Kowŏn-ŭp","Kōgen","gowon","Ковон-до","고원"],"latitude":"39.43806","longitude":"127.24306","feature_class":"P","feature_code":"PPL","country_code":"KP","cc2":"","admin1_code":"03","admin2_code":"","admin3_code":"","admin4_code":"","population":"21490","elevation":"","dem":"9","timezone":"Asia/Pyongyang","modification_date":"2012-01-19"},{"geonameid":"1875632","name":"Kosan","asciiname":"Kosan","alternatenames":["Kosan","Kosan-up","Kosan-ŭp","Shinko-san","Shinkozan","Shinkō-san","Shinkōzan","Sin'gosan","Sin’gosan","gosan","고산"],"latitude":"38.85583","longitude":"127.41806","feature_class":"P","feature_code":"PPL","country_code":"KP","cc2":"","admin1_code":"09","admin2_code":"","admin3_code":"","admin4_code":"","population":"24822","elevation":"","dem":"195","timezone":"Asia/Pyongyang","modification_date":"2012-01-19"},{"geonameid":"1875790","name":"Koksan","asciiname":"Koksan","alternatenames":["Kokan","Kokchang","Koksan","Koksan-up","Koksan-ŭp","Kokusan","Kokuso","Kokusō","Kokuzan","gogsan","곡산"],"latitude":"38.78194","longitude":"126.66639","feature_class":"P","feature_code":"PPL","country_code":"KP","cc2":"","admin1_code":"07","admin2_code":"","admin3_code":"","admin4_code":"","population":"12923","elevation":"","dem":"165","timezone":"Asia/Pyongyang","modification_date":"2012-01-19"},{"geonameid":"1876153","name":"Kangdong-ŭp","asciiname":"Kangdong-up","alternatenames":["Kandong","Kangdong","Kangdong-up","Kangdong-ŭp","Koto","Kōtō"],"latitude":"39.1425","longitude":"126.09611","feature_class":"P","feature_code":"PPL","country_code":"KP","cc2":"","admin1_code":"12","admin2_code":"","admin3_code":"","admin4_code":"","population":"28922","elevation":"","dem":"43","timezone":"Asia/Pyongyang","modification_date":"2012-01-19"},{"geonameid":"1876373","name":"Kaesŏng","asciiname":"Kaesong","alternatenames":["Kaesong","Kaesŏng","Kai-seng","Kaijo","Kaijō","Kaisong","Kaizyo","Kaizyō","Kehson","Kesongas","Shoto","Shōto","Songdo","gaeseongsi","gaeseongteuggeubsi","kai cheng shi","kai cheng te ji shi","Кэсон","开城特级市","開城市","개성시","개성특급시"],"latitude":"37.97083","longitude":"126.55444","feature_class":"P","feature_code":"PPLA2","country_code":"KP","cc2":"","admin1_code":"06","admin2_code":"","admin3_code":"","admin4_code":"","population":"338155","elevation":"","dem":"42","timezone":"Asia/Pyongyang","modification_date":"2012-07-04"},{"geonameid":"1876873","name":"Hwangju-ŭp","asciiname":"Hwangju-up","alternatenames":["Hwangju","Hwangju-up","Hwangju-ŭp","Koshu","Koshyu","Kosyu","Kōshū","Kōsyū"],"latitude":"38.67028","longitude":"125.77611","feature_class":"P","feature_code":"PPL","country_code":"KP","cc2":"","admin1_code":"07","admin2_code":"","admin3_code":"","admin4_code":"","population":"35641","elevation":"","dem":"23","timezone":"Asia/Pyongyang","modification_date":"2012-01-19"},{"geonameid":"1877030","name":"Hŭngnam","asciiname":"Hungnam","alternatenames":["Hungbong-ni","Hungdogi-dong","Hungdogil-tong","Hungdok-2-dong","Hungdok-tong","Hungdoki-dong","Hungdong-ni","Hungnam","Hungnam-dong","Hungnam-ni","Hungyam","Hŭngbong-ni","Hŭngdong-ni","Hŭngdŏgi-dong","Hŭngdŏgil-tong","Hŭngdŏk-2-dong","Hŭngdŏk-tong","Hŭngdŏki-dong","Hŭngnam","Hŭngnam-dong","Hŭngnam-ni","Konan","Kōnan"],"latitude":"39.83167","longitude":"127.61861","feature_class":"P","feature_code":"PPL","country_code":"KP","cc2":"","admin1_code":"03","admin2_code":"","admin3_code":"","admin4_code":"","population":"346082","elevation":"","dem":"2","timezone":"Asia/Pyongyang","modification_date":"2012-01-19"},{"geonameid":"1877046","name":"Hŭkkyo-ri","asciiname":"Hukkyo-ri","alternatenames":["Hukkyo-ri","Hŭkkyo-ri","Kokkyo-ri","Kokkyō-ri","Kokukyori","heuggyoli","흑교리"],"latitude":"38.79861","longitude":"125.79194","feature_class":"P","feature_code":"PPL","country_code":"KP","cc2":"","admin1_code":"07","admin2_code":"","admin3_code":"","admin4_code":"","population":"25437","elevation":"","dem":"18","timezone":"Asia/Pyongyang","modification_date":"2012-01-19"},{"geonameid":"1877148","name":"Hoeyang","asciiname":"Hoeyang","alternatenames":["Chunyang","Hoeyang","Hoeyang-up","Hoeyang-ŭp","Junyo","Waiyo","Waiyō","hoeyang","회양"],"latitude":"38.71028","longitude":"127.59833","feature_class":"P","feature_code":"PPL","country_code":"KP","cc2":"","admin1_code":"09","admin2_code":"","admin3_code":"","admin4_code":"","population":"21111","elevation":"","dem":"354","timezone":"Asia/Pyongyang","modification_date":"2012-02-28"},{"geonameid":"1877449","name":"Hamhŭng","asciiname":"Hamhung","alternatenames":["Hamheung","Hamhung","Hamhungas","Hamhungo","Hamhŭng","Hienhing","Kanko","Kankō","hamheung","hamheungsi","xian xing shi","咸興市","함흥","함흥시"],"latitude":"39.91833","longitude":"127.53639","feature_class":"P","feature_code":"PPLA","country_code":"KP","cc2":"","admin1_code":"03","admin2_code":"","admin3_code":"","admin4_code":"","population":"559056","elevation":"","dem":"16","timezone":"Asia/Pyongyang","modification_date":"2012-01-19"},{"geonameid":"1877615","name":"Haeju","asciiname":"Haeju","alternatenames":["Haeju","Hai-dschu","Hai-ju","Hai-tjyou","Haijuube","Haitcheou","Kaishu","Kaishū","Khehdzhu","Хэджу"],"latitude":"38.04056","longitude":"125.71472","feature_class":"P","feature_code":"PPLA","country_code":"KP","cc2":"","admin1_code":"06","admin2_code":"","admin3_code":"","admin4_code":"","population":"222396","elevation":"","dem":"57","timezone":"Asia/Pyongyang","modification_date":"2012-01-19"},{"geonameid":"1877872","name":"Chunghwa","asciiname":"Chunghwa","alternatenames":["Chunghwa","Chunghwa-up","Chunghwa-ŭp","Chuwa","Chūwa","junghwa","중화"],"latitude":"38.86389","longitude":"125.8","feature_class":"P","feature_code":"PPL","country_code":"KP","cc2":"","admin1_code":"12","admin2_code":"","admin3_code":"","admin4_code":"","population":"19346","elevation":"","dem":"40","timezone":"Asia/Pyongyang","modification_date":"2012-01-19"},{"geonameid":"1878389","name":"Chŏngju","asciiname":"Chongju","alternatenames":["Chongju","Chongju-up","Chŏngju","Chŏngju-ŭp","Teishu","Teishū","Teisyu","Teisyū","jeongju","정주"],"latitude":"39.69333","longitude":"125.21028","feature_class":"P","feature_code":"PPL","country_code":"KP","cc2":"","admin1_code":"11","admin2_code":"","admin3_code":"","admin4_code":"","population":"29065","elevation":"","dem":"18","timezone":"Asia/Pyongyang","modification_date":"2012-01-19"},{"geonameid":"1879029","name":"Changyŏn","asciiname":"Changyon","alternatenames":["Changyon","Changyon-up","Changyŏn","Changyŏn-ŭp","Choen","Chōen","Tschang-jon","Tschang-jön","jang-yeon","장연"],"latitude":"38.25083","longitude":"125.09611","feature_class":"P","feature_code":"PPL","country_code":"KP","cc2":"","admin1_code":"06","admin2_code":"","admin3_code":"","admin4_code":"","population":"39368","elevation":"","dem":"21","timezone":"Asia/Pyongyang","modification_date":"2012-01-19"},{"geonameid":"1879487","name":"Chaeryŏng-ŭp","asciiname":"Chaeryong-up","alternatenames":["Chaenyong","Chaenyŏng","Chaeryong","Chaeryong-up","Chaeryŏng","Chaeryŏng-ŭp","Cheyong","Sainei","Sainei-men","Sainei-yu","Sainei-yū","jaelyeong-eub","재령읍"],"latitude":"38.39917","longitude":"125.61556","feature_class":"P","feature_code":"PPLA2","country_code":"KP","cc2":"","admin1_code":"06","admin2_code":"","admin3_code":"","admin4_code":"","population":"53330","elevation":"","dem":"17","timezone":"Asia/Pyongyang","modification_date":"2013-05-09"},{"geonameid":"1879544","name":"Ayang-ni","asciiname":"Ayang-ni","alternatenames":["Ayang-ni","Gayo-ri","Gayō-ri"],"latitude":"38.24306","longitude":"125.78","feature_class":"P","feature_code":"PPL","country_code":"KP","cc2":"","admin1_code":"06","admin2_code":"","admin3_code":"","admin4_code":"","population":"16104","elevation":"","dem":"107","timezone":"Asia/Pyongyang","modification_date":"2012-01-19"},{"geonameid":"1879613","name":"Anju","asciiname":"Anju","alternatenames":["Aanshu","An-dschu","Anju","Anju-up","Anju-ŭp","Anshu","Anshū","Ansyu","Ansyu Yu","Ansyū","Ansyū Yū","anju","안주"],"latitude":"39.61778","longitude":"125.66472","feature_class":"P","feature_code":"PPL","country_code":"KP","cc2":"","admin1_code":"15","admin2_code":"","admin3_code":"","admin4_code":"","population":"50196","elevation":"","dem":"16","timezone":"Asia/Pyongyang","modification_date":"2012-01-19"},{"geonameid":"1879672","name":"Anbyŏn-ŭp","asciiname":"Anbyon-up","alternatenames":["Ampen","Anbyon","Anbyon-up","Anbyŏn","Anbyŏn-ŭp","Anhen","Anpen"],"latitude":"39.0425","longitude":"127.52389","feature_class":"P","feature_code":"PPL","country_code":"KP","cc2":"","admin1_code":"09","admin2_code":"","admin3_code":"","admin4_code":"","population":"31845","elevation":"","dem":"17","timezone":"Asia/Pyongyang","modification_date":"2012-01-19"},{"geonameid":"1879682","name":"Anak","asciiname":"Anak","alternatenames":["Aenak","Anag-up","Anag-ŭp","Anak","Anak-up","Anak-ŭp","Angaku","Nangaku","an-ag","안악"],"latitude":"38.51083","longitude":"125.49417","feature_class":"P","feature_code":"PPL","country_code":"KP","cc2":"","admin1_code":"07","admin2_code":"","admin3_code":"","admin4_code":"","population":"19995","elevation":"","dem":"28","timezone":"Asia/Pyongyang","modification_date":"2012-01-19"},{"geonameid":"1932058","name":"Sinsang-ni","asciiname":"Sinsang-ni","alternatenames":["Sinsang-ni","sinsangli","신상리"],"latitude":"39.65028","longitude":"127.40583","feature_class":"P","feature_code":"PPL","country_code":"KP","cc2":"","admin1_code":"03","admin2_code":"","admin3_code":"","admin4_code":"","population":"14960","elevation":"","dem":"12","timezone":"Asia/Pyongyang","modification_date":"2012-01-19"},{"geonameid":"2038854","name":"Yuktae-dong","asciiname":"Yuktae-dong","alternatenames":["Rokudaito-ri","Rokudaitō-ri","Yuktae-dong","Yuktae-nodongjagu","Yuktaedong-ni","Yuktaetong-ni"],"latitude":"40.02472","longitude":"128.15972","feature_class":"P","feature_code":"PPL","country_code":"KP","cc2":"","admin1_code":"03","admin2_code":"","admin3_code":"","admin4_code":"","population":"76427","elevation":"","dem":"1","timezone":"Asia/Pyongyang","modification_date":"2012-01-19"},{"geonameid":"2039557","name":"Ungsang-nodongjagu","asciiname":"Ungsang-nodongjagu","alternatenames":["Ungsang-dong","Ungsang-ni","Ungsang-nodongjagu","ungsanglodongjagu","웅상로동자구"],"latitude":"42.35778","longitude":"130.46222","feature_class":"P","feature_code":"PPLL","country_code":"KP","cc2":"","admin1_code":"18","admin2_code":"Sŏnbong-gun","admin3_code":"","admin4_code":"","population":"8410","elevation":"","dem":"40","timezone":"Asia/Pyongyang","modification_date":"2012-01-19"},{"geonameid":"2039623","name":"Ŭiju","asciiname":"Uiju","alternatenames":["Eui-chu","Gishu","Gishū","Gisyu","Gisyū","Ui-tsiu","Uiju","Uiju-up","Wi-dschu","Wi-ju","uiju","Ŭiju","Ŭiju-ŭp","의주"],"latitude":"40.19944","longitude":"124.53167","feature_class":"P","feature_code":"PPL","country_code":"KP","cc2":"","admin1_code":"11","admin2_code":"","admin3_code":"","admin4_code":"","population":"50081","elevation":"","dem":"26","timezone":"Asia/Pyongyang","modification_date":"2012-01-19"},{"geonameid":"2040316","name":"Sŭngam-nodongjagu","asciiname":"Sungam-nodongjagu","alternatenames":["Kjong-song","Kjöng-söng","Kyeng-seng","Kyojo","Kyongsong","Kyongusogu","Kyozyo","Kyōjō","Kyōzyō","Kyŏngsŏng","Sungam-ni","Sungam-nodongjagu","Sŭngam-ni","Sŭngam-nodongjagu","seung-amlodongjagu","승암로동자구"],"latitude":"41.66972","longitude":"129.66889","feature_class":"P","feature_code":"PPL","country_code":"KP","cc2":"","admin1_code":"17","admin2_code":"","admin3_code":"","admin4_code":"","population":"11406","elevation":"","dem":"12","timezone":"Asia/Pyongyang","modification_date":"2012-01-19"},{"geonameid":"2040674","name":"Sŏnbong","asciiname":"Sonbong","alternatenames":["Ongei","Sonbon","Sonbong","Sonbong-up","Sŏnbong","Sŏnbong-ŭp","Unggi","Unggi-up","Unggi-yu","Yuki","Yūki","seonbong","Сонбон","선봉"],"latitude":"42.34222","longitude":"130.39667","feature_class":"P","feature_code":"PPL","country_code":"KP","cc2":"","admin1_code":"18","admin2_code":"","admin3_code":"","admin4_code":"","population":"27331","elevation":"","dem":"13","timezone":"Asia/Pyongyang","modification_date":"2012-01-19"},{"geonameid":"2040893","name":"Sinŭiju","asciiname":"Sinuiju","alternatenames":["New Eui-chu","Shingishu","Shingishū","Sin-eui-chu","Sin-gi-shu","Sineidzu","Sineidžu","Sinidzsu","Sinuiju","Sinyichju","Sinŭiju","Wi-dschu","Wi-ju","sin-uiju","sin-uijusi","xin yi zhou","xin yi zhou shi","新义州","新義州市","신의주","신의주시"],"latitude":"40.10056","longitude":"124.39806","feature_class":"P","feature_code":"PPLA","country_code":"KP","cc2":"","admin1_code":"11","admin2_code":"","admin3_code":"","admin4_code":"","population":"288112","elevation":"","dem":"6","timezone":"Asia/Pyongyang","modification_date":"2012-08-27"},{"geonameid":"2041533","name":"Sakchu-ŭp","asciiname":"Sakchu-up","alternatenames":["Sakchu","Sakchu-up","Sakchu-ŭp","Sakushu","Sakushū"],"latitude":"40.38944","longitude":"125.04667","feature_class":"P","feature_code":"PPL","country_code":"KP","cc2":"","admin1_code":"11","admin2_code":"","admin3_code":"","admin4_code":"","population":"18001","elevation":"","dem":"138","timezone":"Asia/Pyongyang","modification_date":"2012-01-19"},{"geonameid":"2041702","name":"Puryŏng","asciiname":"Puryong","alternatenames":["Funei","Kuum-nodongjagu","Kuup-nodongjagu","Kuŭm-nodongjagu","Kuŭp-nodongjagu","Pu-rjong","Punyong","Punyŏng","Purong-dong","Puryong","Puryong-ni","Puryong-up","Puryŏng","Puryŏng-ŭp","Puyong","bulyeong","부령"],"latitude":"42.06056","longitude":"129.71167","feature_class":"P","feature_code":"PPL","country_code":"KP","cc2":"","admin1_code":"17","admin2_code":"","admin3_code":"","admin4_code":"","population":"12267","elevation":"","dem":"168","timezone":"Asia/Pyongyang","modification_date":"2012-01-19"},{"geonameid":"2041817","name":"Pukchil-lodongjagu","asciiname":"Pukchil-lodongjagu","alternatenames":["Hokuchin","Puckchin","Pukch'ang","Pukchil-lodongjagu","Pukchin","Pukchin-nodongjagu","Pukch’ang","Pukutin","bugjinlodongjagu","북진로동자구"],"latitude":"40.20194","longitude":"125.74833","feature_class":"P","feature_code":"PPL","country_code":"KP","cc2":"","admin1_code":"11","admin2_code":"","admin3_code":"","admin4_code":"","population":"14129","elevation":"","dem":"210","timezone":"Asia/Pyongyang","modification_date":"2012-01-19"},{"geonameid":"2042249","name":"Yŏnggwang-ŭp","asciiname":"Yonggwang-up","alternatenames":["Goro-ri","Gorō-ri","Oro","Oro-ri","Oro-up","Oro-ŭp","Yonggwang-up","Yongwang","Yŏnggwang-ŭp","Yŏngwang"],"latitude":"40.01833","longitude":"127.45472","feature_class":"P","feature_code":"PPL","country_code":"KP","cc2":"","admin1_code":"03","admin2_code":"","admin3_code":"","admin4_code":"","population":"21882","elevation":"","dem":"35","timezone":"Asia/Pyongyang","modification_date":"2012-01-19"},{"geonameid":"2042267","name":"Onsŏng","asciiname":"Onsong","alternatenames":["Kosong","Kosong-ni","Kosŏng","Kosŏng-ni","Onjo","Onjō","Onsong","Onsong-up","Onsŏng","Onsŏng-ŭp","onseong","온성"],"latitude":"42.95722","longitude":"129.99333","feature_class":"P","feature_code":"PPL","country_code":"KP","cc2":"","admin1_code":"17","admin2_code":"","admin3_code":"","admin4_code":"","population":"19806","elevation":"","dem":"83","timezone":"Asia/Pyongyang","modification_date":"2012-01-19"},{"geonameid":"2042498","name":"Nanam","asciiname":"Nanam","alternatenames":["Naman","Nanam","Ranam","lanam","Нанам","라남"],"latitude":"41.71361","longitude":"129.68444","feature_class":"P","feature_code":"PPL","country_code":"KP","cc2":"","admin1_code":"17","admin2_code":"","admin3_code":"","admin4_code":"","population":"34055","elevation":"","dem":"24","timezone":"Asia/Pyongyang","modification_date":"2012-01-19"},{"geonameid":"2042503","name":"Namyang-dong","asciiname":"Namyang-dong","alternatenames":[""],"latitude":"42.95","longitude":"129.86667","feature_class":"P","feature_code":"PPL","country_code":"KP","cc2":"","admin1_code":"17","admin2_code":"","admin3_code":"","admin4_code":"","population":"22218","elevation":"","dem":"281","timezone":"Asia/Pyongyang","modification_date":"2006-01-17"},{"geonameid":"2042645","name":"Najin","asciiname":"Najin","alternatenames":["Najin","Najin-up","Najin-ŭp","Radzin","Rashin","Rasin","lajin","Радзин","라진"],"latitude":"42.24889","longitude":"130.30028","feature_class":"P","feature_code":"PPLA","country_code":"KP","cc2":"","admin1_code":"18","admin2_code":"","admin3_code":"","admin4_code":"","population":"66224","elevation":"","dem":"9","timezone":"Asia/Pyongyang","modification_date":"2012-01-19"},{"geonameid":"2042738","name":"Musan-ŭp","asciiname":"Musan-up","alternatenames":["Mosan","Mozan","Musan","Musan-up","Musan-ŭp","musan-eub","무산읍"],"latitude":"42.22609","longitude":"129.20776","feature_class":"P","feature_code":"PPL","country_code":"KP","cc2":"","admin1_code":"17","admin2_code":"","admin3_code":"","admin4_code":"","population":"21739","elevation":"","dem":"478","timezone":"Asia/Pyongyang","modification_date":"2012-01-19"},{"geonameid":"2042985","name":"Kyŏngwŏn","asciiname":"Kyongwon","alternatenames":["Keigen","Kyongwon","Kyungwan","Kyungwon","Kyŏngwŏn","gyeong-won","경원"],"latitude":"42.81361","longitude":"130.15278","feature_class":"P","feature_code":"PPL","country_code":"KP","cc2":"","admin1_code":"17","admin2_code":"","admin3_code":"","admin4_code":"","population":"12650","elevation":"","dem":"83","timezone":"Asia/Pyongyang","modification_date":"2012-01-19"},{"geonameid":"2042987","name":"Kyŏngsŏng","asciiname":"Kyongsong","alternatenames":["Churuonjan","Chuul","Chuuronjang","Chuŭl","Chuŭronjang","Kyongsong","Kyongsong-up","Kyŏngsŏng","Kyŏngsŏng-ŭp","Shuotsu","Shuotsuonjo","Shuotsuonjō","gyeongseong","경성"],"latitude":"41.58778","longitude":"129.60611","feature_class":"P","feature_code":"PPL","country_code":"KP","cc2":"","admin1_code":"17","admin2_code":"","admin3_code":"","admin4_code":"","population":"35604","elevation":"","dem":"18","timezone":"Asia/Pyongyang","modification_date":"2012-01-19"},{"geonameid":"2043484","name":"Kilju","asciiname":"Kilju","alternatenames":["Kichishu","Kichishū","Kil'dzhu","Kil-dschu","Kilchu","Kilchu-up","Kilchu-ŭp","Kilju","Kisshu","Kisshū","gilju","Кильджу","길주"],"latitude":"40.96417","longitude":"129.32778","feature_class":"P","feature_code":"PPL","country_code":"KP","cc2":"","admin1_code":"17","admin2_code":"","admin3_code":"","admin4_code":"","population":"63652","elevation":"","dem":"129","timezone":"Asia/Pyongyang","modification_date":"2012-01-19"},{"geonameid":"2043531","name":"Kapsan-ŭp","asciiname":"Kapsan-up","alternatenames":["Kapsan","Kapsan-up","Kapsan-ŭp","Kapsane-do","Kosan","Kozan","Kōsan","Kōzan","gabsan-eub","Капсане-до","갑산읍"],"latitude":"41.09028","longitude":"128.29333","feature_class":"P","feature_code":"PPL","country_code":"KP","cc2":"","admin1_code":"13","admin2_code":"","admin3_code":"","admin4_code":"","population":"20406","elevation":"","dem":"813","timezone":"Asia/Pyongyang","modification_date":"2012-01-19"},{"geonameid":"2043572","name":"Kanggye-si","asciiname":"Kanggye-si","alternatenames":["Kakai","Kang-ge","Kange","Kanggye","Kanggye-si","Kokai","Kōkai","gang-gye","gang-gyesi","jiang jie","jiang jie shi","Канге","江界","江界市","강계","강계시"],"latitude":"40.96946","longitude":"126.58523","feature_class":"P","feature_code":"PPLA","country_code":"KP","cc2":"","admin1_code":"01","admin2_code":"","admin3_code":"","admin4_code":"","population":"209530","elevation":"","dem":"288","timezone":"Asia/Pyongyang","modification_date":"2012-09-07"},{"geonameid":"2043677","name":"Iwŏn-ŭp","asciiname":"Iwon-up","alternatenames":["Gunsen","Iwon","Iwon-up","Iwŏn","Iwŏn-ŭp","Kunsen","Kunson","Kunsŏn","liwon","리원"],"latitude":"40.32306","longitude":"128.65528","feature_class":"P","feature_code":"PPL","country_code":"KP","cc2":"","admin1_code":"03","admin2_code":"","admin3_code":"","admin4_code":"","population":"26364","elevation":"","dem":"2","timezone":"Asia/Pyongyang","modification_date":"2012-01-19"},{"geonameid":"2043835","name":"Hyesan-dong","asciiname":"Hyesan-dong","alternatenames":["Hyesan-dong","hyesandong","혜산동"],"latitude":"41.39756","longitude":"128.17873","feature_class":"P","feature_code":"PPL","country_code":"KP","cc2":"","admin1_code":"13","admin2_code":"","admin3_code":"","admin4_code":"","population":"97794","elevation":"","dem":"736","timezone":"Asia/Pyongyang","modification_date":"2012-01-19"},{"geonameid":"2043837","name":"Hyesan-si","asciiname":"Hyesan-si","alternatenames":["Hesanjin","Hyesan","Hyesan-si","Hyesanjin","Keisanchin","Keizan","Keizanchin","Keizantin","hui shan shi","hyesansi","恵山市","惠山市","혜산시"],"latitude":"41.40167","longitude":"128.17778","feature_class":"P","feature_code":"PPLA","country_code":"KP","cc2":"","admin1_code":"13","admin2_code":"","admin3_code":"","admin4_code":"","population":"192680","elevation":"","dem":"709","timezone":"Asia/Pyongyang","modification_date":"2013-08-04"},{"geonameid":"2044050","name":"Hongwŏn","asciiname":"Hongwon","alternatenames":["Hongwon","Hongwon-up","Hongwŏn","Hongwŏn-ŭp","Kogen","Kogon","Kōgen","hong-won","홍원"],"latitude":"40.02528","longitude":"127.95583","feature_class":"P","feature_code":"PPL","country_code":"KP","cc2":"","admin1_code":"03","admin2_code":"","admin3_code":"","admin4_code":"","population":"70923","elevation":"","dem":"29","timezone":"Asia/Pyongyang","modification_date":"2012-01-19"},{"geonameid":"2044091","name":"Hoeryŏng","asciiname":"Hoeryong","alternatenames":["Hoenyong","Hoenyŏng","Hoeryong","Hoeryong-up","Hoeryŏng","Hoeryŏng-ŭp","Kaeryong","Kaeryŏng","Kainei","Kainei-yu","Kainei-yŭ","Kwainei","hoelyeong","회령"],"latitude":"42.44278","longitude":"129.75083","feature_class":"P","feature_code":"PPLL","country_code":"KP","cc2":"","admin1_code":"17","admin2_code":"","admin3_code":"","admin4_code":"","population":"43831","elevation":"","dem":"253","timezone":"Asia/Pyongyang","modification_date":"2012-01-19"},{"geonameid":"2044104","name":"Hoemul-li","asciiname":"Hoemul-li","alternatenames":["Hoemul-li","Hoemun-dong","Hoemun-ni","Kaibon","Kaibun-do","Kaibun-dŏ","hoemunli","회문리"],"latitude":"41.43389","longitude":"129.67","feature_class":"P","feature_code":"PPLL","country_code":"KP","cc2":"","admin1_code":"17","admin2_code":"","admin3_code":"","admin4_code":"","population":"11681","elevation":"","dem":"3","timezone":"Asia/Pyongyang","modification_date":"2012-01-19"},{"geonameid":"2044149","name":"Hau-ri","asciiname":"Hau-ri","alternatenames":["Hau-ri","Haun-ni","Meisen","Menchkan","Menchkhon","Myonchon","Myongch'on","Myŏngch’ŏn","hauli","하우리"],"latitude":"41.20056","longitude":"129.47028","feature_class":"P","feature_code":"PPLL","country_code":"KP","cc2":"","admin1_code":"17","admin2_code":"","admin3_code":"","admin4_code":"","population":"13581","elevation":"","dem":"124","timezone":"Asia/Pyongyang","modification_date":"2012-01-19"},{"geonameid":"2044757","name":"Chongjin","asciiname":"Chongjin","alternatenames":["Cchongdzin","Ch'ongjin","Cheongjin","Chkhonchzhine","Chkhondzhin","Chkhundzhin","Chongjin","Chonjin","Chonzhin'","Chŏngjin","Ch’ŏngjin","Condzinas","Congjin","Cshongdzsin","RGO","Seishin","Seisin","Tschiun-tschan","Tschiün-tschan","ch xng cin","cheongjinsi","chwngjn","congjina","qing jin shi","Ĉongĵin","Čchongdžin","Čondžinas","Чонжинь","Чхонджин","Чхонджін","Чхончжине","Чхънджин","چونگجن","चोंग्जिन","ช็องจิน","清津市","청진시"],"latitude":"41.79556","longitude":"129.77583","feature_class":"P","feature_code":"PPLA","country_code":"KP","cc2":"","admin1_code":"17","admin2_code":"","admin3_code":"","admin4_code":"","population":"327000","elevation":"","dem":"5","timezone":"Asia/Pyongyang","modification_date":"2013-05-22"},{"geonameid":"2045005","name":"Chasŏng","asciiname":"Chasong","alternatenames":["Chasong","Chasong-up","Chasŏng","Chasŏng-ŭp","Jijo","Jijō","Tscha-song","Tscha-söng","Zizyo","Zizyō"],"latitude":"41.46083","longitude":"126.64139","feature_class":"P","feature_code":"PPL","country_code":"KP","cc2":"","admin1_code":"01","admin2_code":"","admin3_code":"","admin4_code":"","population":"12736","elevation":"","dem":"328","timezone":"Asia/Pyongyang","modification_date":"2012-01-19"},{"geonameid":"2045311","name":"Aoji-ri","asciiname":"Aoji-ri","alternatenames":["Agochi","Agochi-do","Agochi-dŏ","Agoji-do","Agoji-dŏ","Aodi-ri","Aoji","Aoji-dong","Aoji-ri","aojili","Аоди-ри","아오지리"],"latitude":"42.52056","longitude":"130.39528","feature_class":"P","feature_code":"PPL","country_code":"KP","cc2":"","admin1_code":"17","admin2_code":"","admin3_code":"","admin4_code":"","population":"34248","elevation":"","dem":"31","timezone":"Asia/Pyongyang","modification_date":"2012-01-19"},{"geonameid":"2049653","name":"Sŭngjibaegam","asciiname":"Sungjibaegam","alternatenames":["Sungjibaegam","Sungjipaegam","Sŭngjibaegam"],"latitude":"41.24278","longitude":"128.79889","feature_class":"P","feature_code":"PPL","country_code":"KP","cc2":"","admin1_code":"13","admin2_code":"Paegam-gun","admin3_code":"","admin4_code":"","population":"11786","elevation":"","dem":"1466","timezone":"Asia/Pyongyang","modification_date":"2012-01-19"},{"geonameid":"2050500","name":"Komusan 1-tong","asciiname":"Komusan 1-tong","alternatenames":[""],"latitude":"42.10917","longitude":"129.7","feature_class":"P","feature_code":"PPL","country_code":"KP","cc2":"","admin1_code":"17","admin2_code":"","admin3_code":"","admin4_code":"","population":"12242","elevation":"","dem":"221","timezone":"Asia/Pyongyang","modification_date":"2006-01-17"},{"geonameid":"1866569","name":"Yŏnan-ŭp","asciiname":"Yonan-up","alternatenames":["Enan","Yonan","Yonan-up","Yŏnan","Yŏnan-ŭp"],"latitude":"37.90889","longitude":"126.16111","feature_class":"P","feature_code":"PPL","country_code":"KP","cc2":"","admin1_code":"06","admin2_code":"Yŏnan-gun","admin3_code":"","admin4_code":"","population":"22665","elevation":"","dem":"43","timezone":"Asia/Pyongyang","modification_date":"2012-01-19"},{"geonameid":"1866923","name":"Wŏnsan","asciiname":"Wonsan","alternatenames":["Gensan","Genzan","Genzan Hu","Onsan","Vonsan","Vonsanas","WOS","Wensen","Wonsan","Wŏnsan","Yuenchan","Yuensan","wonsan","wonsansi","yuan shan shi","Вонсан","元山市","원산","원산시"],"latitude":"39.15278","longitude":"127.44361","feature_class":"P","feature_code":"PPLA","country_code":"KP","cc2":"","admin1_code":"09","admin2_code":"","admin3_code":"","admin4_code":"","population":"329207","elevation":"","dem":"7","timezone":"Asia/Pyongyang","modification_date":"2014-04-20"},{"geonameid":"1867927","name":"T’ongch’ŏn-ŭp","asciiname":"T'ongch'on-up","alternatenames":["Kojo","Kojŏ","Kotei","T'ongch'on","T'ongch'on-up","T’ongch’ŏn","T’ongch’ŏn-ŭp"],"latitude":"38.95389","longitude":"127.89167","feature_class":"P","feature_code":"PPL","country_code":"KP","cc2":"","admin1_code":"09","admin2_code":"T’ongch’űn-gun","admin3_code":"","admin4_code":"","population":"20575","elevation":"","dem":"6","timezone":"Asia/Pyongyang","modification_date":"2012-01-19"},{"geonameid":"1868998","name":"Sŭngho 1-tong","asciiname":"Sungho 1-tong","alternatenames":["Shoko-ri","Shōko-ri","Sungho","Sungho 1-tong","Sungho-dong","Sungno-ri","Sŭngho","Sŭngho 1-tong","Sŭngho-dong","Sŭngno-ri","seungho1dong","승호1동"],"latitude":"38.99139","longitude":"125.97778","feature_class":"P","feature_code":"PPL","country_code":"KP","cc2":"","admin1_code":"12","admin2_code":"","admin3_code":"","admin4_code":"","population":"39841","elevation":"","dem":"38","timezone":"Asia/Pyongyang","modification_date":"2012-01-19"},{"geonameid":"1869021","name":"Sunan","asciiname":"Sunan","alternatenames":["Junan","Sunan","Sunan-dong","Sunan-ni","Sunan-up","Sunan-ŭp","Сунан"],"latitude":"39.19833","longitude":"125.69","feature_class":"P","feature_code":"PPL","country_code":"KP","cc2":"","admin1_code":"12","admin2_code":"","admin3_code":"","admin4_code":"","population":"36671","elevation":"","dem":"34","timezone":"Asia/Pyongyang","modification_date":"2012-01-19"},{"geonameid":"1869446","name":"Songnim","asciiname":"Songnim","alternatenames":["Kenjiho","Kenjiko","Kenniho","Kenziho","Kyomip'o","Kyŏmip’o","Shorin","Shōrin","Songnim"],"latitude":"38.75417","longitude":"125.645","feature_class":"P","feature_code":"PPL","country_code":"KP","cc2":"","admin1_code":"07","admin2_code":"","admin3_code":"","admin4_code":"","population":"152425","elevation":"","dem":"21","timezone":"Asia/Pyongyang","modification_date":"2012-01-19"},{"geonameid":"1870413","name":"Sil-li","asciiname":"Sil-li","alternatenames":["Sil-li","Sin-ni"],"latitude":"39.49472","longitude":"125.47361","feature_class":"P","feature_code":"PPL","country_code":"KP","cc2":"","admin1_code":"15","admin2_code":"Mundŏk-kun","admin3_code":"","admin4_code":"","population":"19463","elevation":"","dem":"9","timezone":"Asia/Pyongyang","modification_date":"2012-01-19"},{"geonameid":"1870434","name":"Sinmak","asciiname":"Sinmak","alternatenames":["Shimbaku","Shimmaku","Shinbaku","Sinmak"],"latitude":"38.41667","longitude":"126.23333","feature_class":"P","feature_code":"PPL","country_code":"KP","cc2":"","admin1_code":"07","admin2_code":"","admin3_code":"","admin4_code":"","population":"18669","elevation":"","dem":"110","timezone":"Asia/Pyongyang","modification_date":"2013-10-30"},{"geonameid":"1870742","name":"Sinanju","asciiname":"Sinanju","alternatenames":["Shin-anshu","Shin-anshū","Sin-ansyu","Sin-ansyū","Sinanju","Sinanju-nodongjagu","Sinanju-rodongjagu","Wonhung-ni","Wŏnhŭng-ni","sin-anju","신안주"],"latitude":"39.59806","longitude":"125.60972","feature_class":"P","feature_code":"PPL","country_code":"KP","cc2":"","admin1_code":"15","admin2_code":"","admin3_code":"","admin4_code":"","population":"15693","elevation":"","dem":"15","timezone":"Asia/Pyongyang","modification_date":"2012-01-19"},{"geonameid":"1870883","name":"Sariwŏn","asciiname":"Sariwon","alternatenames":["Hozan","Sa-ri-uen","Sarivone","Sariwon","Sariwŏn","Shariin","Syariin","Sā-ri-uen","Саривоне"],"latitude":"38.50722","longitude":"125.75583","feature_class":"P","feature_code":"PPLA","country_code":"KP","cc2":"","admin1_code":"07","admin2_code":"","admin3_code":"","admin4_code":"","population":"310100","elevation":"","dem":"20","timezone":"Asia/Pyongyang","modification_date":"2013-07-06"},{"geonameid":"1871484","name":"Samho-rodongjagu","asciiname":"Samho-rodongjagu","alternatenames":["Samho","Samho-dong","Samho-nodongjagu","Samho-rodongjagu","Sanko","samholodongjagu","삼호로동자구"],"latitude":"39.9475","longitude":"127.87111","feature_class":"P","feature_code":"PPL","country_code":"KP","cc2":"","admin1_code":"03","admin2_code":"","admin3_code":"","admin4_code":"","population":"19025","elevation":"","dem":"4","timezone":"Asia/Pyongyang","modification_date":"2012-01-19"},{"geonameid":"1871859","name":"Pyongyang","asciiname":"Pyongyang","alternatenames":["Binh Nhuong","Bình Nhưỡng","FNJ","Gorad Pkhen'jan","Heijo","Heijo-fu","Heijō","Heijō-fu","Heizyo","Heizyo Hu","Heizyō","Heizyō Hu","Hpyeng-yang","P'yongyang","P'yongyang-si","P'yŏngyang","P'yŏngyang-si","P-hjong-jang","P-hjöng-jang","Pchenjanas","Pchjongjang","Phenian","Phenjan","Phenjana","Phyeng-yang","Phyong-yang","Pienyang","Pingyang","Pion'gian'nk","Pion'nkgian'nk","Piongiang","Pionyang","Pjoengjang","Pjongian","Pjongjang","Pjongjango","Pjöngjang","Pkhen'jan","Pkhenjan","Pxenyan","Pyeongyang","Pyoengyang","Pyongyang","Pyongyang-si","Pyöngyang","bywnghyangh","peiyngyang","pi'ongayanga","ping rang","ping rang shi","piyam iyam","piyonyan","pkheniani","pyamgayanga","pyang yang","pyeong-yang","pyeong-yangjighalsi","pyeong-yangsi","pyon'gyang","pyongayanga","pywng yang","pywngyang","Πιονγιάνγκ","Πιονγκγιάνγκ","Горад Пхеньян","Пхеньян","Пхенян","Пјонгјанг","Փխենյան","פיאנגיאנג","פיונגיאנג","بيونغيانغ","پيونګيانګ","پيونگ يانگ","پيوڭياڭ","پیانگ یانگ","پیونگ‌یانگ","پیۆنگیانگ","प्याँगयांग","प्योंगयांग","পিয়ং ইয়াং","ਪਿਓਂਗਯਾਂਗ","பியொங்யாங்","ಪ್ಯೊನ್ಗ್ಯಾಂಗ್","เปียงยาง","ཕོང་ཡང་།","ფხენიანი","ፕዮንግያንግ","平壌","平壤","平壤市","평양","평양시","평양직할시"],"latitude":"39.03385","longitude":"125.75432","feature_class":"P","feature_code":"PPLC","country_code":"KP","cc2":"","admin1_code":"12","admin2_code":"","admin3_code":"","admin4_code":"","population":"3222000","elevation":"","dem":"43","timezone":"Asia/Pyongyang","modification_date":"2014-01-07"},{"geonameid":"1871871","name":"P’yŏngsŏng","asciiname":"P'yongsong","alternatenames":["P'yongsong","P’yŏngsŏng","Sain-ni","Sainjang","Sanchon","Shajimjo","Shajimjō","Shajinjo","Shajinjō","Shaninjo","Shaninjō"],"latitude":"39.24639","longitude":"125.87194","feature_class":"P","feature_code":"PPLA","country_code":"KP","cc2":"","admin1_code":"15","admin2_code":"","admin3_code":"","admin4_code":"","population":"100000","elevation":"","dem":"53","timezone":"Asia/Pyongyang","modification_date":"2013-08-04"},{"geonameid":"1873172","name":"Ongjin","asciiname":"Ongjin","alternatenames":["Bazan","Onchzhin","Ongjin","Ongjin-up","Ongjin-ŭp","Oshin","Osin","Yoshin","Yōshin","ongjin","Ōshin","Ōsin","Ончжин","옹진"],"latitude":"37.93472","longitude":"125.36194","feature_class":"P","feature_code":"PPL","country_code":"KP","cc2":"","admin1_code":"06","admin2_code":"","admin3_code":"","admin4_code":"","population":"64247","elevation":"","dem":"19","timezone":"Asia/Pyongyang","modification_date":"2012-01-19"},{"geonameid":"1873757","name":"Namp’o","asciiname":"Namp'o","alternatenames":["Channampo","Chinnamp'o","Chinnamp’o","Chinnanpo","Namp'o","Nampkho","Namp’o","Tinnanpo","Treaty Port","Tschin-nam-p-ho","nampo","Нампхо","남포"],"latitude":"38.7375","longitude":"125.40778","feature_class":"P","feature_code":"PPLA2","country_code":"KP","cc2":"","admin1_code":"15","admin2_code":"","admin3_code":"","admin4_code":"","population":"455000","elevation":"","dem":"9","timezone":"Asia/Pyongyang","modification_date":"2010-08-03"},{"geonameid":"1875107","name":"Kusŏng","asciiname":"Kusong","alternatenames":["Kijo","Kijō","Kuisong","Kuisŏng","Kusong","Kusong-up","Kusŏng","Kusŏng-ŭp","Kwisog","Kwisŏg"],"latitude":"39.98111","longitude":"125.24472","feature_class":"P","feature_code":"PPL","country_code":"KP","cc2":"","admin1_code":"11","admin2_code":"","admin3_code":"","admin4_code":"","population":"30902","elevation":"","dem":"104","timezone":"Asia/Pyongyang","modification_date":"2012-01-19"},{"geonameid":"1875506","name":"Kujang-ŭp","asciiname":"Kujang-up","alternatenames":["Kuchung","Kujang","Kujang-dong","Kujang-up","Kujang-ŭp","Kyujo-do","Kyujō-dō"],"latitude":"39.86722","longitude":"126.03028","feature_class":"P","feature_code":"PPL","country_code":"KP","cc2":"","admin1_code":"11","admin2_code":"","admin3_code":"","admin4_code":"","population":"19522","elevation":"","dem":"66","timezone":"Asia/Pyongyang","modification_date":"2012-01-19"},{"geonameid":"1875588","name":"Kowŏn-ŭp","asciiname":"Kowon-up","alternatenames":["Kogen","Kovon-do","Kowon","Kowon-up","Kowŏn","Kowŏn-ŭp","Kōgen","gowon","Ковон-до","고원"],"latitude":"39.43806","longitude":"127.24306","feature_class":"P","feature_code":"PPL","country_code":"KP","cc2":"","admin1_code":"03","admin2_code":"","admin3_code":"","admin4_code":"","population":"21490","elevation":"","dem":"9","timezone":"Asia/Pyongyang","modification_date":"2012-01-19"},{"geonameid":"1875632","name":"Kosan","asciiname":"Kosan","alternatenames":["Kosan","Kosan-up","Kosan-ŭp","Shinko-san","Shinkozan","Shinkō-san","Shinkōzan","Sin'gosan","Sin’gosan","gosan","고산"],"latitude":"38.85583","longitude":"127.41806","feature_class":"P","feature_code":"PPL","country_code":"KP","cc2":"","admin1_code":"09","admin2_code":"","admin3_code":"","admin4_code":"","population":"24822","elevation":"","dem":"195","timezone":"Asia/Pyongyang","modification_date":"2012-01-19"},{"geonameid":"1876153","name":"Kangdong-ŭp","asciiname":"Kangdong-up","alternatenames":["Kandong","Kangdong","Kangdong-up","Kangdong-ŭp","Koto","Kōtō"],"latitude":"39.1425","longitude":"126.09611","feature_class":"P","feature_code":"PPL","country_code":"KP","cc2":"","admin1_code":"12","admin2_code":"","admin3_code":"","admin4_code":"","population":"28922","elevation":"","dem":"43","timezone":"Asia/Pyongyang","modification_date":"2012-01-19"},{"geonameid":"1876373","name":"Kaesŏng","asciiname":"Kaesong","alternatenames":["Kaesong","Kaesŏng","Kai-seng","Kaijo","Kaijō","Kaisong","Kaizyo","Kaizyō","Kehson","Kesongas","Shoto","Shōto","Songdo","gaeseongsi","gaeseongteuggeubsi","kai cheng shi","kai cheng te ji shi","Кэсон","开城特级市","開城市","개성시","개성특급시"],"latitude":"37.97083","longitude":"126.55444","feature_class":"P","feature_code":"PPLA2","country_code":"KP","cc2":"","admin1_code":"06","admin2_code":"","admin3_code":"","admin4_code":"","population":"338155","elevation":"","dem":"42","timezone":"Asia/Pyongyang","modification_date":"2012-07-04"},{"geonameid":"1876873","name":"Hwangju-ŭp","asciiname":"Hwangju-up","alternatenames":["Hwangju","Hwangju-up","Hwangju-ŭp","Koshu","Koshyu","Kosyu","Kōshū","Kōsyū"],"latitude":"38.67028","longitude":"125.77611","feature_class":"P","feature_code":"PPL","country_code":"KP","cc2":"","admin1_code":"07","admin2_code":"","admin3_code":"","admin4_code":"","population":"35641","elevation":"","dem":"23","timezone":"Asia/Pyongyang","modification_date":"2012-01-19"},{"geonameid":"1877030","name":"Hŭngnam","asciiname":"Hungnam","alternatenames":["Hungbong-ni","Hungdogi-dong","Hungdogil-tong","Hungdok-2-dong","Hungdok-tong","Hungdoki-dong","Hungdong-ni","Hungnam","Hungnam-dong","Hungnam-ni","Hungyam","Hŭngbong-ni","Hŭngdong-ni","Hŭngdŏgi-dong","Hŭngdŏgil-tong","Hŭngdŏk-2-dong","Hŭngdŏk-tong","Hŭngdŏki-dong","Hŭngnam","Hŭngnam-dong","Hŭngnam-ni","Konan","Kōnan"],"latitude":"39.83167","longitude":"127.61861","feature_class":"P","feature_code":"PPL","country_code":"KP","cc2":"","admin1_code":"03","admin2_code":"","admin3_code":"","admin4_code":"","population":"346082","elevation":"","dem":"2","timezone":"Asia/Pyongyang","modification_date":"2012-01-19"},{"geonameid":"1877046","name":"Hŭkkyo-ri","asciiname":"Hukkyo-ri","alternatenames":["Hukkyo-ri","Hŭkkyo-ri","Kokkyo-ri","Kokkyō-ri","Kokukyori","heuggyoli","흑교리"],"latitude":"38.79861","longitude":"125.79194","feature_class":"P","feature_code":"PPL","country_code":"KP","cc2":"","admin1_code":"07","admin2_code":"","admin3_code":"","admin4_code":"","population":"25437","elevation":"","dem":"18","timezone":"Asia/Pyongyang","modification_date":"2012-01-19"},{"geonameid":"1877148","name":"Hoeyang","asciiname":"Hoeyang","alternatenames":["Chunyang","Hoeyang","Hoeyang-up","Hoeyang-ŭp","Junyo","Waiyo","Waiyō","hoeyang","회양"],"latitude":"38.71028","longitude":"127.59833","feature_class":"P","feature_code":"PPL","country_code":"KP","cc2":"","admin1_code":"09","admin2_code":"","admin3_code":"","admin4_code":"","population":"21111","elevation":"","dem":"354","timezone":"Asia/Pyongyang","modification_date":"2012-02-28"},{"geonameid":"1877449","name":"Hamhŭng","asciiname":"Hamhung","alternatenames":["Hamheung","Hamhung","Hamhungas","Hamhungo","Hamhŭng","Hienhing","Kanko","Kankō","hamheung","hamheungsi","xian xing shi","咸興市","함흥","함흥시"],"latitude":"39.91833","longitude":"127.53639","feature_class":"P","feature_code":"PPLA","country_code":"KP","cc2":"","admin1_code":"03","admin2_code":"","admin3_code":"","admin4_code":"","population":"559056","elevation":"","dem":"16","timezone":"Asia/Pyongyang","modification_date":"2012-01-19"},{"geonameid":"1877615","name":"Haeju","asciiname":"Haeju","alternatenames":["Haeju","Hai-dschu","Hai-ju","Hai-tjyou","Haijuube","Haitcheou","Kaishu","Kaishū","Khehdzhu","Хэджу"],"latitude":"38.04056","longitude":"125.71472","feature_class":"P","feature_code":"PPLA","country_code":"KP","cc2":"","admin1_code":"06","admin2_code":"","admin3_code":"","admin4_code":"","population":"222396","elevation":"","dem":"57","timezone":"Asia/Pyongyang","modification_date":"2012-01-19"},{"geonameid":"1877872","name":"Chunghwa","asciiname":"Chunghwa","alternatenames":["Chunghwa","Chunghwa-up","Chunghwa-ŭp","Chuwa","Chūwa","junghwa","중화"],"latitude":"38.86389","longitude":"125.8","feature_class":"P","feature_code":"PPL","country_code":"KP","cc2":"","admin1_code":"12","admin2_code":"","admin3_code":"","admin4_code":"","population":"19346","elevation":"","dem":"40","timezone":"Asia/Pyongyang","modification_date":"2012-01-19"},{"geonameid":"1878389","name":"Chŏngju","asciiname":"Chongju","alternatenames":["Chongju","Chongju-up","Chŏngju","Chŏngju-ŭp","Teishu","Teishū","Teisyu","Teisyū","jeongju","정주"],"latitude":"39.69333","longitude":"125.21028","feature_class":"P","feature_code":"PPL","country_code":"KP","cc2":"","admin1_code":"11","admin2_code":"","admin3_code":"","admin4_code":"","population":"29065","elevation":"","dem":"18","timezone":"Asia/Pyongyang","modification_date":"2012-01-19"},{"geonameid":"1879029","name":"Changyŏn","asciiname":"Changyon","alternatenames":["Changyon","Changyon-up","Changyŏn","Changyŏn-ŭp","Choen","Chōen","Tschang-jon","Tschang-jön","jang-yeon","장연"],"latitude":"38.25083","longitude":"125.09611","feature_class":"P","feature_code":"PPL","country_code":"KP","cc2":"","admin1_code":"06","admin2_code":"","admin3_code":"","admin4_code":"","population":"39368","elevation":"","dem":"21","timezone":"Asia/Pyongyang","modification_date":"2012-01-19"},{"geonameid":"1879487","name":"Chaeryŏng-ŭp","asciiname":"Chaeryong-up","alternatenames":["Chaenyong","Chaenyŏng","Chaeryong","Chaeryong-up","Chaeryŏng","Chaeryŏng-ŭp","Cheyong","Sainei","Sainei-men","Sainei-yu","Sainei-yū","jaelyeong-eub","재령읍"],"latitude":"38.39917","longitude":"125.61556","feature_class":"P","feature_code":"PPLA2","country_code":"KP","cc2":"","admin1_code":"06","admin2_code":"","admin3_code":"","admin4_code":"","population":"53330","elevation":"","dem":"17","timezone":"Asia/Pyongyang","modification_date":"2013-05-09"},{"geonameid":"1879544","name":"Ayang-ni","asciiname":"Ayang-ni","alternatenames":["Ayang-ni","Gayo-ri","Gayō-ri"],"latitude":"38.24306","longitude":"125.78","feature_class":"P","feature_code":"PPL","country_code":"KP","cc2":"","admin1_code":"06","admin2_code":"","admin3_code":"","admin4_code":"","population":"16104","elevation":"","dem":"107","timezone":"Asia/Pyongyang","modification_date":"2012-01-19"},{"geonameid":"1879613","name":"Anju","asciiname":"Anju","alternatenames":["Aanshu","An-dschu","Anju","Anju-up","Anju-ŭp","Anshu","Anshū","Ansyu","Ansyu Yu","Ansyū","Ansyū Yū","anju","안주"],"latitude":"39.61778","longitude":"125.66472","feature_class":"P","feature_code":"PPL","country_code":"KP","cc2":"","admin1_code":"15","admin2_code":"","admin3_code":"","admin4_code":"","population":"50196","elevation":"","dem":"16","timezone":"Asia/Pyongyang","modification_date":"2012-01-19"},{"geonameid":"1879672","name":"Anbyŏn-ŭp","asciiname":"Anbyon-up","alternatenames":["Ampen","Anbyon","Anbyon-up","Anbyŏn","Anbyŏn-ŭp","Anhen","Anpen"],"latitude":"39.0425","longitude":"127.52389","feature_class":"P","feature_code":"PPL","country_code":"KP","cc2":"","admin1_code":"09","admin2_code":"","admin3_code":"","admin4_code":"","population":"31845","elevation":"","dem":"17","timezone":"Asia/Pyongyang","modification_date":"2012-01-19"},{"geonameid":"1879682","name":"Anak","asciiname":"Anak","alternatenames":["Aenak","Anag-up","Anag-ŭp","Anak","Anak-up","Anak-ŭp","Angaku","Nangaku","an-ag","안악"],"latitude":"38.51083","longitude":"125.49417","feature_class":"P","feature_code":"PPL","country_code":"KP","cc2":"","admin1_code":"07","admin2_code":"","admin3_code":"","admin4_code":"","population":"19995","elevation":"","dem":"28","timezone":"Asia/Pyongyang","modification_date":"2012-01-19"},{"geonameid":"2038854","name":"Yuktae-dong","asciiname":"Yuktae-dong","alternatenames":["Rokudaito-ri","Rokudaitō-ri","Yuktae-dong","Yuktae-nodongjagu","Yuktaedong-ni","Yuktaetong-ni"],"latitude":"40.02472","longitude":"128.15972","feature_class":"P","feature_code":"PPL","country_code":"KP","cc2":"","admin1_code":"03","admin2_code":"","admin3_code":"","admin4_code":"","population":"76427","elevation":"","dem":"1","timezone":"Asia/Pyongyang","modification_date":"2012-01-19"},{"geonameid":"2039623","name":"Ŭiju","asciiname":"Uiju","alternatenames":["Eui-chu","Gishu","Gishū","Gisyu","Gisyū","Ui-tsiu","Uiju","Uiju-up","Wi-dschu","Wi-ju","uiju","Ŭiju","Ŭiju-ŭp","의주"],"latitude":"40.19944","longitude":"124.53167","feature_class":"P","feature_code":"PPL","country_code":"KP","cc2":"","admin1_code":"11","admin2_code":"","admin3_code":"","admin4_code":"","population":"50081","elevation":"","dem":"26","timezone":"Asia/Pyongyang","modification_date":"2012-01-19"},{"geonameid":"2040674","name":"Sŏnbong","asciiname":"Sonbong","alternatenames":["Ongei","Sonbon","Sonbong","Sonbong-up","Sŏnbong","Sŏnbong-ŭp","Unggi","Unggi-up","Unggi-yu","Yuki","Yūki","seonbong","Сонбон","선봉"],"latitude":"42.34222","longitude":"130.39667","feature_class":"P","feature_code":"PPL","country_code":"KP","cc2":"","admin1_code":"18","admin2_code":"","admin3_code":"","admin4_code":"","population":"27331","elevation":"","dem":"13","timezone":"Asia/Pyongyang","modification_date":"2012-01-19"},{"geonameid":"2040893","name":"Sinŭiju","asciiname":"Sinuiju","alternatenames":["New Eui-chu","Shingishu","Shingishū","Sin-eui-chu","Sin-gi-shu","Sineidzu","Sineidžu","Sinidzsu","Sinuiju","Sinyichju","Sinŭiju","Wi-dschu","Wi-ju","sin-uiju","sin-uijusi","xin yi zhou","xin yi zhou shi","新义州","新義州市","신의주","신의주시"],"latitude":"40.10056","longitude":"124.39806","feature_class":"P","feature_code":"PPLA","country_code":"KP","cc2":"","admin1_code":"11","admin2_code":"","admin3_code":"","admin4_code":"","population":"288112","elevation":"","dem":"6","timezone":"Asia/Pyongyang","modification_date":"2012-08-27"},{"geonameid":"2041533","name":"Sakchu-ŭp","asciiname":"Sakchu-up","alternatenames":["Sakchu","Sakchu-up","Sakchu-ŭp","Sakushu","Sakushū"],"latitude":"40.38944","longitude":"125.04667","feature_class":"P","feature_code":"PPL","country_code":"KP","cc2":"","admin1_code":"11","admin2_code":"","admin3_code":"","admin4_code":"","population":"18001","elevation":"","dem":"138","timezone":"Asia/Pyongyang","modification_date":"2012-01-19"},{"geonameid":"2042249","name":"Yŏnggwang-ŭp","asciiname":"Yonggwang-up","alternatenames":["Goro-ri","Gorō-ri","Oro","Oro-ri","Oro-up","Oro-ŭp","Yonggwang-up","Yongwang","Yŏnggwang-ŭp","Yŏngwang"],"latitude":"40.01833","longitude":"127.45472","feature_class":"P","feature_code":"PPL","country_code":"KP","cc2":"","admin1_code":"03","admin2_code":"","admin3_code":"","admin4_code":"","population":"21882","elevation":"","dem":"35","timezone":"Asia/Pyongyang","modification_date":"2012-01-19"},{"geonameid":"2042267","name":"Onsŏng","asciiname":"Onsong","alternatenames":["Kosong","Kosong-ni","Kosŏng","Kosŏng-ni","Onjo","Onjō","Onsong","Onsong-up","Onsŏng","Onsŏng-ŭp","onseong","온성"],"latitude":"42.95722","longitude":"129.99333","feature_class":"P","feature_code":"PPL","country_code":"KP","cc2":"","admin1_code":"17","admin2_code":"","admin3_code":"","admin4_code":"","population":"19806","elevation":"","dem":"83","timezone":"Asia/Pyongyang","modification_date":"2012-01-19"},{"geonameid":"2042498","name":"Nanam","asciiname":"Nanam","alternatenames":["Naman","Nanam","Ranam","lanam","Нанам","라남"],"latitude":"41.71361","longitude":"129.68444","feature_class":"P","feature_code":"PPL","country_code":"KP","cc2":"","admin1_code":"17","admin2_code":"","admin3_code":"","admin4_code":"","population":"34055","elevation":"","dem":"24","timezone":"Asia/Pyongyang","modification_date":"2012-01-19"},{"geonameid":"2042503","name":"Namyang-dong","asciiname":"Namyang-dong","alternatenames":[""],"latitude":"42.95","longitude":"129.86667","feature_class":"P","feature_code":"PPL","country_code":"KP","cc2":"","admin1_code":"17","admin2_code":"","admin3_code":"","admin4_code":"","population":"22218","elevation":"","dem":"281","timezone":"Asia/Pyongyang","modification_date":"2006-01-17"},{"geonameid":"2042645","name":"Najin","asciiname":"Najin","alternatenames":["Najin","Najin-up","Najin-ŭp","Radzin","Rashin","Rasin","lajin","Радзин","라진"],"latitude":"42.24889","longitude":"130.30028","feature_class":"P","feature_code":"PPLA","country_code":"KP","cc2":"","admin1_code":"18","admin2_code":"","admin3_code":"","admin4_code":"","population":"66224","elevation":"","dem":"9","timezone":"Asia/Pyongyang","modification_date":"2012-01-19"},{"geonameid":"2042738","name":"Musan-ŭp","asciiname":"Musan-up","alternatenames":["Mosan","Mozan","Musan","Musan-up","Musan-ŭp","musan-eub","무산읍"],"latitude":"42.22609","longitude":"129.20776","feature_class":"P","feature_code":"PPL","country_code":"KP","cc2":"","admin1_code":"17","admin2_code":"","admin3_code":"","admin4_code":"","population":"21739","elevation":"","dem":"478","timezone":"Asia/Pyongyang","modification_date":"2012-01-19"},{"geonameid":"2042987","name":"Kyŏngsŏng","asciiname":"Kyongsong","alternatenames":["Churuonjan","Chuul","Chuuronjang","Chuŭl","Chuŭronjang","Kyongsong","Kyongsong-up","Kyŏngsŏng","Kyŏngsŏng-ŭp","Shuotsu","Shuotsuonjo","Shuotsuonjō","gyeongseong","경성"],"latitude":"41.58778","longitude":"129.60611","feature_class":"P","feature_code":"PPL","country_code":"KP","cc2":"","admin1_code":"17","admin2_code":"","admin3_code":"","admin4_code":"","population":"35604","elevation":"","dem":"18","timezone":"Asia/Pyongyang","modification_date":"2012-01-19"},{"geonameid":"2043484","name":"Kilju","asciiname":"Kilju","alternatenames":["Kichishu","Kichishū","Kil'dzhu","Kil-dschu","Kilchu","Kilchu-up","Kilchu-ŭp","Kilju","Kisshu","Kisshū","gilju","Кильджу","길주"],"latitude":"40.96417","longitude":"129.32778","feature_class":"P","feature_code":"PPL","country_code":"KP","cc2":"","admin1_code":"17","admin2_code":"","admin3_code":"","admin4_code":"","population":"63652","elevation":"","dem":"129","timezone":"Asia/Pyongyang","modification_date":"2012-01-19"},{"geonameid":"2043531","name":"Kapsan-ŭp","asciiname":"Kapsan-up","alternatenames":["Kapsan","Kapsan-up","Kapsan-ŭp","Kapsane-do","Kosan","Kozan","Kōsan","Kōzan","gabsan-eub","Капсане-до","갑산읍"],"latitude":"41.09028","longitude":"128.29333","feature_class":"P","feature_code":"PPL","country_code":"KP","cc2":"","admin1_code":"13","admin2_code":"","admin3_code":"","admin4_code":"","population":"20406","elevation":"","dem":"813","timezone":"Asia/Pyongyang","modification_date":"2012-01-19"},{"geonameid":"2043572","name":"Kanggye-si","asciiname":"Kanggye-si","alternatenames":["Kakai","Kang-ge","Kange","Kanggye","Kanggye-si","Kokai","Kōkai","gang-gye","gang-gyesi","jiang jie","jiang jie shi","Канге","江界","江界市","강계","강계시"],"latitude":"40.96946","longitude":"126.58523","feature_class":"P","feature_code":"PPLA","country_code":"KP","cc2":"","admin1_code":"01","admin2_code":"","admin3_code":"","admin4_code":"","population":"209530","elevation":"","dem":"288","timezone":"Asia/Pyongyang","modification_date":"2012-09-07"},{"geonameid":"2043677","name":"Iwŏn-ŭp","asciiname":"Iwon-up","alternatenames":["Gunsen","Iwon","Iwon-up","Iwŏn","Iwŏn-ŭp","Kunsen","Kunson","Kunsŏn","liwon","리원"],"latitude":"40.32306","longitude":"128.65528","feature_class":"P","feature_code":"PPL","country_code":"KP","cc2":"","admin1_code":"03","admin2_code":"","admin3_code":"","admin4_code":"","population":"26364","elevation":"","dem":"2","timezone":"Asia/Pyongyang","modification_date":"2012-01-19"},{"geonameid":"2043835","name":"Hyesan-dong","asciiname":"Hyesan-dong","alternatenames":["Hyesan-dong","hyesandong","혜산동"],"latitude":"41.39756","longitude":"128.17873","feature_class":"P","feature_code":"PPL","country_code":"KP","cc2":"","admin1_code":"13","admin2_code":"","admin3_code":"","admin4_code":"","population":"97794","elevation":"","dem":"736","timezone":"Asia/Pyongyang","modification_date":"2012-01-19"},{"geonameid":"2043837","name":"Hyesan-si","asciiname":"Hyesan-si","alternatenames":["Hesanjin","Hyesan","Hyesan-si","Hyesanjin","Keisanchin","Keizan","Keizanchin","Keizantin","hui shan shi","hyesansi","恵山市","惠山市","혜산시"],"latitude":"41.40167","longitude":"128.17778","feature_class":"P","feature_code":"PPLA","country_code":"KP","cc2":"","admin1_code":"13","admin2_code":"","admin3_code":"","admin4_code":"","population":"192680","elevation":"","dem":"709","timezone":"Asia/Pyongyang","modification_date":"2013-08-04"},{"geonameid":"2044050","name":"Hongwŏn","asciiname":"Hongwon","alternatenames":["Hongwon","Hongwon-up","Hongwŏn","Hongwŏn-ŭp","Kogen","Kogon","Kōgen","hong-won","홍원"],"latitude":"40.02528","longitude":"127.95583","feature_class":"P","feature_code":"PPL","country_code":"KP","cc2":"","admin1_code":"03","admin2_code":"","admin3_code":"","admin4_code":"","population":"70923","elevation":"","dem":"29","timezone":"Asia/Pyongyang","modification_date":"2012-01-19"},{"geonameid":"2044091","name":"Hoeryŏng","asciiname":"Hoeryong","alternatenames":["Hoenyong","Hoenyŏng","Hoeryong","Hoeryong-up","Hoeryŏng","Hoeryŏng-ŭp","Kaeryong","Kaeryŏng","Kainei","Kainei-yu","Kainei-yŭ","Kwainei","hoelyeong","회령"],"latitude":"42.44278","longitude":"129.75083","feature_class":"P","feature_code":"PPLL","country_code":"KP","cc2":"","admin1_code":"17","admin2_code":"","admin3_code":"","admin4_code":"","population":"43831","elevation":"","dem":"253","timezone":"Asia/Pyongyang","modification_date":"2012-01-19"},{"geonameid":"2044757","name":"Chongjin","asciiname":"Chongjin","alternatenames":["Cchongdzin","Ch'ongjin","Cheongjin","Chkhonchzhine","Chkhondzhin","Chkhundzhin","Chongjin","Chonjin","Chonzhin'","Chŏngjin","Ch’ŏngjin","Condzinas","Congjin","Cshongdzsin","RGO","Seishin","Seisin","Tschiun-tschan","Tschiün-tschan","ch xng cin","cheongjinsi","chwngjn","congjina","qing jin shi","Ĉongĵin","Čchongdžin","Čondžinas","Чонжинь","Чхонджин","Чхонджін","Чхончжине","Чхънджин","چونگجن","चोंग्जिन","ช็องจิน","清津市","청진시"],"latitude":"41.79556","longitude":"129.77583","feature_class":"P","feature_code":"PPLA","country_code":"KP","cc2":"","admin1_code":"17","admin2_code":"","admin3_code":"","admin4_code":"","population":"327000","elevation":"","dem":"5","timezone":"Asia/Pyongyang","modification_date":"2013-05-22"},{"geonameid":"2045311","name":"Aoji-ri","asciiname":"Aoji-ri","alternatenames":["Agochi","Agochi-do","Agochi-dŏ","Agoji-do","Agoji-dŏ","Aodi-ri","Aoji","Aoji-dong","Aoji-ri","aojili","Аоди-ри","아오지리"],"latitude":"42.52056","longitude":"130.39528","feature_class":"P","feature_code":"PPL","country_code":"KP","cc2":"","admin1_code":"17","admin2_code":"","admin3_code":"","admin4_code":"","population":"34248","elevation":"","dem":"31","timezone":"Asia/Pyongyang","modification_date":"2012-01-19"}]}