{"country_data":{"ISO":"PY","ISO3":"PRY","ISO_Numeric":"600","fips":"PA","country":"Paraguay","capital":"Asuncion","area":"406750","Population":"6375830","Continent":"SA","tld":".py","CurrencyCode":"PYG","CurrencyName":"Guarani","Phone":"595","Postal_Code_Format":"####","Postal_Code_Regex":"^(\\d{4})$","Languages":"es-PY,gn","geonameid":"3437598","neighbours":"BO,BR,AR","EquivalentFipsCode":""},"cities":[{"geonameid":"3436547","name":"Yuty","asciiname":"Yuty","alternatenames":["Yuty"],"latitude":"-26.6","longitude":"-56.25","feature_class":"P","feature_code":"PPL","country_code":"PY","cc2":"","admin1_code":"05","admin2_code":"","admin3_code":"","admin4_code":"","population":"4774","elevation":"","dem":"127","timezone":"America/Asuncion","modification_date":"2012-02-02"},{"geonameid":"3436585","name":"Ypacarai","asciiname":"Ypacarai","alternatenames":["Ipacarai","Ypacarai","Ypacaray"],"latitude":"-25.40777","longitude":"-57.28889","feature_class":"P","feature_code":"PPL","country_code":"PY","cc2":"","admin1_code":"06","admin2_code":"","admin3_code":"","admin4_code":"","population":"9655","elevation":"","dem":"91","timezone":"America/Asuncion","modification_date":"2015-06-13"},{"geonameid":"3436595","name":"Yhú","asciiname":"Yhu","alternatenames":[""],"latitude":"-25.05","longitude":"-55.91667","feature_class":"P","feature_code":"PPL","country_code":"PY","cc2":"","admin1_code":"04","admin2_code":"","admin3_code":"","admin4_code":"","population":"2092","elevation":"","dem":"343","timezone":"America/Asuncion","modification_date":"2006-01-17"},{"geonameid":"3436616","name":"Ygatimí","asciiname":"Ygatimi","alternatenames":["Igatimi","Igatimí","Terecany","Terecañy","Ygatimi","Ygatimí"],"latitude":"-24.08333","longitude":"-55.5","feature_class":"P","feature_code":"PPL","country_code":"PY","cc2":"","admin1_code":"19","admin2_code":"","admin3_code":"","admin4_code":"","population":"2809","elevation":"","dem":"169","timezone":"America/Asuncion","modification_date":"2012-01-18"},{"geonameid":"3436617","name":"Yegros","asciiname":"Yegros","alternatenames":["Yegros"],"latitude":"-26.45","longitude":"-56.4","feature_class":"P","feature_code":"PPL","country_code":"PY","cc2":"","admin1_code":"05","admin2_code":"","admin3_code":"","admin4_code":"","population":"1140","elevation":"","dem":"115","timezone":"America/Asuncion","modification_date":"2012-02-02"},{"geonameid":"3436642","name":"Ybycuí","asciiname":"Ybycui","alternatenames":["Ibycuy","Ybycui","Ybycul","Ybycuí"],"latitude":"-26.01667","longitude":"-57.05","feature_class":"P","feature_code":"PPL","country_code":"PY","cc2":"","admin1_code":"15","admin2_code":"","admin3_code":"","admin4_code":"","population":"4629","elevation":"","dem":"134","timezone":"America/Asuncion","modification_date":"2012-01-18"},{"geonameid":"3436655","name":"Yataity del Norte","asciiname":"Yataity del Norte","alternatenames":[""],"latitude":"-24.83333","longitude":"-56.35","feature_class":"P","feature_code":"PPL","country_code":"PY","cc2":"","admin1_code":"17","admin2_code":"","admin3_code":"","admin4_code":"","population":"1392","elevation":"","dem":"183","timezone":"America/Asuncion","modification_date":"2006-01-17"},{"geonameid":"3436674","name":"Yaguarón","asciiname":"Yaguaron","alternatenames":["Yaguaron","Yaguarón","Yaquaron"],"latitude":"-25.6","longitude":"-57.3","feature_class":"P","feature_code":"PPL","country_code":"PY","cc2":"","admin1_code":"15","admin2_code":"","admin3_code":"","admin4_code":"","population":"7181","elevation":"","dem":"85","timezone":"America/Asuncion","modification_date":"2012-01-18"},{"geonameid":"3436714","name":"Villarrica","asciiname":"Villarrica","alternatenames":["Gorad Vil'jaryka","Vil'jarrika","Viljarika","Villa Rica","Villarrica","Villarrica del Espiritu Santo","Villarrica del Espíritu Santo","Villarrika","bi ya li ka","wyaryka","Вильяррика","Вільярріка","Горад Вільярыка","ویاریکا","ვილიარიკა","比亚里卡"],"latitude":"-25.74946","longitude":"-56.43518","feature_class":"P","feature_code":"PPLA","country_code":"PY","cc2":"","admin1_code":"10","admin2_code":"","admin3_code":"","admin4_code":"","population":"41157","elevation":"","dem":"143","timezone":"America/Asuncion","modification_date":"2015-06-14"},{"geonameid":"3436725","name":"Villa Hayes","asciiname":"Villa Hayes","alternatenames":["New Bordeaux","Nueva Burdeos","Remanzo","Villa Hayes","Villa Occidental"],"latitude":"-25.09306","longitude":"-57.52361","feature_class":"P","feature_code":"PPLA","country_code":"PY","cc2":"","admin1_code":"16","admin2_code":"","admin3_code":"","admin4_code":"","population":"57217","elevation":"","dem":"75","timezone":"America/Asuncion","modification_date":"2013-08-05"},{"geonameid":"3436727","name":"Villa Florida","asciiname":"Villa Florida","alternatenames":["Florida","Villa Florida"],"latitude":"-26.38333","longitude":"-57.15","feature_class":"P","feature_code":"PPL","country_code":"PY","cc2":"","admin1_code":"12","admin2_code":"","admin3_code":"","admin4_code":"","population":"2305","elevation":"","dem":"70","timezone":"America/Asuncion","modification_date":"2012-01-18"},{"geonameid":"3436728","name":"Villa Elisa","asciiname":"Villa Elisa","alternatenames":["Colonia Eliza","Villa Elisa"],"latitude":"-25.3676","longitude":"-57.59274","feature_class":"P","feature_code":"PPL","country_code":"PY","cc2":"","admin1_code":"06","admin2_code":"","admin3_code":"","admin4_code":"","population":"64099","elevation":"","dem":"119","timezone":"America/Asuncion","modification_date":"2012-03-22"},{"geonameid":"3436763","name":"Unión","asciiname":"Union","alternatenames":["Union","Unión"],"latitude":"-24.8","longitude":"-56.55","feature_class":"P","feature_code":"PPL","country_code":"PY","cc2":"","admin1_code":"17","admin2_code":"","admin3_code":"","admin4_code":"","population":"1653","elevation":"","dem":"126","timezone":"America/Asuncion","modification_date":"2012-02-02"},{"geonameid":"3436776","name":"Trinidad","asciiname":"Trinidad","alternatenames":["Trinidad"],"latitude":"-27.11667","longitude":"-55.78333","feature_class":"P","feature_code":"PPL","country_code":"PY","cc2":"","admin1_code":"11","admin2_code":"","admin3_code":"","admin4_code":"","population":"2837","elevation":"","dem":"184","timezone":"America/Asuncion","modification_date":"2012-02-02"},{"geonameid":"3436812","name":"Tobatí","asciiname":"Tobati","alternatenames":["Tobati","Tobaty","Tobatí"],"latitude":"-25.25","longitude":"-57.06667","feature_class":"P","feature_code":"PPL","country_code":"PY","cc2":"","admin1_code":"08","admin2_code":"","admin3_code":"","admin4_code":"","population":"9952","elevation":"","dem":"97","timezone":"America/Asuncion","modification_date":"2012-01-18"},{"geonameid":"3436880","name":"Tacuatí","asciiname":"Tacuati","alternatenames":["Tacuati","Tacuaty","Tacuatí"],"latitude":"-23.45","longitude":"-56.58333","feature_class":"P","feature_code":"PPL","country_code":"PY","cc2":"","admin1_code":"17","admin2_code":"","admin3_code":"","admin4_code":"","population":"2405","elevation":"","dem":"121","timezone":"America/Asuncion","modification_date":"2012-01-18"},{"geonameid":"3436927","name":"Sapucaí","asciiname":"Sapucai","alternatenames":["Sapucai","Sapucay","Sapucaí"],"latitude":"-25.66667","longitude":"-56.91667","feature_class":"P","feature_code":"PPL","country_code":"PY","cc2":"","admin1_code":"15","admin2_code":"","admin3_code":"","admin4_code":"","population":"1932","elevation":"","dem":"193","timezone":"America/Asuncion","modification_date":"2012-01-18"},{"geonameid":"3436943","name":"Santiago","asciiname":"Santiago","alternatenames":["Santiago","Santiago De Las Misiones"],"latitude":"-27.1431","longitude":"-56.76803","feature_class":"P","feature_code":"PPL","country_code":"PY","cc2":"","admin1_code":"12","admin2_code":"","admin3_code":"","admin4_code":"","population":"2144","elevation":"","dem":"128","timezone":"America/Asuncion","modification_date":"2015-06-13"},{"geonameid":"3436959","name":"Santa Rosa","asciiname":"Santa Rosa","alternatenames":["Santa Rosa","Santa Rosa de la Misiones"],"latitude":"-26.86667","longitude":"-56.85","feature_class":"P","feature_code":"PPL","country_code":"PY","cc2":"","admin1_code":"12","admin2_code":"","admin3_code":"","admin4_code":"","population":"7257","elevation":"","dem":"150","timezone":"America/Asuncion","modification_date":"2012-01-18"},{"geonameid":"3436968","name":"Santa Rita","asciiname":"Santa Rita","alternatenames":[""],"latitude":"-25.78333","longitude":"-55.06667","feature_class":"P","feature_code":"PPL","country_code":"PY","cc2":"","admin1_code":"01","admin2_code":"","admin3_code":"","admin4_code":"","population":"11823","elevation":"","dem":"292","timezone":"America/Asuncion","modification_date":"2006-01-17"},{"geonameid":"3436977","name":"Santa María","asciiname":"Santa Maria","alternatenames":["Santa Maria","Santa María"],"latitude":"-26.78333","longitude":"-56.93333","feature_class":"P","feature_code":"PPL","country_code":"PY","cc2":"","admin1_code":"12","admin2_code":"","admin3_code":"","admin4_code":"","population":"2095","elevation":"","dem":"122","timezone":"America/Asuncion","modification_date":"2012-02-02"},{"geonameid":"3436987","name":"Santa Elena","asciiname":"Santa Elena","alternatenames":["Santa Elena"],"latitude":"-25.4","longitude":"-56.8","feature_class":"P","feature_code":"PPL","country_code":"PY","cc2":"","admin1_code":"08","admin2_code":"","admin3_code":"","admin4_code":"","population":"1137","elevation":"","dem":"103","timezone":"America/Asuncion","modification_date":"2012-02-02"},{"geonameid":"3437021","name":"San Pedro de Ycuamandiyú","asciiname":"San Pedro de Ycuamandiyu","alternatenames":["San Pedro","San Pedro de Ycuamandiyu","San Pedro de Ycuamandiyú"],"latitude":"-24.08534","longitude":"-57.08745","feature_class":"P","feature_code":"PPLA","country_code":"PY","cc2":"","admin1_code":"17","admin2_code":"","admin3_code":"","admin4_code":"","population":"9360","elevation":"","dem":"81","timezone":"America/Asuncion","modification_date":"2014-07-27"},{"geonameid":"3437022","name":"San Pedro del Paraná","asciiname":"San Pedro del Parana","alternatenames":[""],"latitude":"-26.83333","longitude":"-56.2","feature_class":"P","feature_code":"PPL","country_code":"PY","cc2":"","admin1_code":"11","admin2_code":"","admin3_code":"","admin4_code":"","population":"5722","elevation":"","dem":"144","timezone":"America/Asuncion","modification_date":"2006-01-17"},{"geonameid":"3437029","name":"San Patricio","asciiname":"San Patricio","alternatenames":["San Patricio"],"latitude":"-26.96667","longitude":"-56.81667","feature_class":"P","feature_code":"PPL","country_code":"PY","cc2":"","admin1_code":"12","admin2_code":"","admin3_code":"","admin4_code":"","population":"1525","elevation":"","dem":"166","timezone":"America/Asuncion","modification_date":"2012-05-06"},{"geonameid":"3437042","name":"San Miguel","asciiname":"San Miguel","alternatenames":[""],"latitude":"-26.5","longitude":"-57.05","feature_class":"P","feature_code":"PPL","country_code":"PY","cc2":"","admin1_code":"12","admin2_code":"","admin3_code":"","admin4_code":"","population":"1210","elevation":"","dem":"96","timezone":"America/Asuncion","modification_date":"2006-01-17"},{"geonameid":"3437056","name":"San Lorenzo","asciiname":"San Lorenzo","alternatenames":["San Lorenzo","San Lorenzo del Campo Grande"],"latitude":"-25.33968","longitude":"-57.50879","feature_class":"P","feature_code":"PPL","country_code":"PY","cc2":"","admin1_code":"06","admin2_code":"","admin3_code":"","admin4_code":"","population":"227876","elevation":"","dem":"119","timezone":"America/Asuncion","modification_date":"2012-03-22"},{"geonameid":"3437059","name":"San Juan Nepomuceno","asciiname":"San Juan Nepomuceno","alternatenames":["San Juan Nepomuceno"],"latitude":"-26.1","longitude":"-55.96667","feature_class":"P","feature_code":"PPL","country_code":"PY","cc2":"","admin1_code":"05","admin2_code":"","admin3_code":"","admin4_code":"","population":"7893","elevation":"","dem":"153","timezone":"America/Asuncion","modification_date":"2012-02-28"},{"geonameid":"3437062","name":"San Juan del Paraná","asciiname":"San Juan del Parana","alternatenames":["San Juan del Parana","San Juan del Paraná"],"latitude":"-27.3","longitude":"-55.96667","feature_class":"P","feature_code":"PPL","country_code":"PY","cc2":"","admin1_code":"11","admin2_code":"","admin3_code":"","admin4_code":"","population":"1492","elevation":"","dem":"121","timezone":"America/Asuncion","modification_date":"2013-04-04"},{"geonameid":"3437063","name":"San Juan Bautista","asciiname":"San Juan Bautista","alternatenames":["San Juan Bautista"],"latitude":"-26.66944","longitude":"-57.14583","feature_class":"P","feature_code":"PPLA","country_code":"PY","cc2":"","admin1_code":"12","admin2_code":"","admin3_code":"","admin4_code":"","population":"16593","elevation":"","dem":"128","timezone":"America/Asuncion","modification_date":"2013-08-05"},{"geonameid":"3437074","name":"San José","asciiname":"San Jose","alternatenames":["San Jose","San Jose de los Arroyos","San José","San José de los Arroyos"],"latitude":"-25.53333","longitude":"-56.73333","feature_class":"P","feature_code":"PPL","country_code":"PY","cc2":"","admin1_code":"04","admin2_code":"","admin3_code":"","admin4_code":"","population":"5117","elevation":"","dem":"125","timezone":"America/Asuncion","modification_date":"2012-01-18"},{"geonameid":"3437086","name":"San Joaquín","asciiname":"San Joaquin","alternatenames":[""],"latitude":"-24.95","longitude":"-56.11667","feature_class":"P","feature_code":"PPL","country_code":"PY","cc2":"","admin1_code":"04","admin2_code":"","admin3_code":"","admin4_code":"","population":"1745","elevation":"","dem":"272","timezone":"America/Asuncion","modification_date":"2006-01-17"},{"geonameid":"3437088","name":"San Isidro de Curuguaty","asciiname":"San Isidro de Curuguaty","alternatenames":["Curuguaty","San Isidro de Curuguaty","Villa Curuguaty"],"latitude":"-24.51667","longitude":"-55.7","feature_class":"P","feature_code":"PPL","country_code":"PY","cc2":"","admin1_code":"19","admin2_code":"","admin3_code":"","admin4_code":"","population":"11095","elevation":"","dem":"197","timezone":"America/Asuncion","modification_date":"2012-01-18"},{"geonameid":"3437107","name":"San Cosme y Damián","asciiname":"San Cosme y Damian","alternatenames":["San Cosme","San Cosme y Damian","San Cosme y Damián"],"latitude":"-27.31667","longitude":"-56.35","feature_class":"P","feature_code":"PPL","country_code":"PY","cc2":"","admin1_code":"11","admin2_code":"","admin3_code":"","admin4_code":"","population":"2223","elevation":"","dem":"111","timezone":"America/Asuncion","modification_date":"2012-01-18"},{"geonameid":"3437120","name":"San Bernardino","asciiname":"San Bernardino","alternatenames":["San Bernardino"],"latitude":"-25.31067","longitude":"-57.29628","feature_class":"P","feature_code":"PPL","country_code":"PY","cc2":"","admin1_code":"08","admin2_code":"","admin3_code":"","admin4_code":"","population":"4651","elevation":"","dem":"74","timezone":"America/Asuncion","modification_date":"2012-03-22"},{"geonameid":"3437127","name":"San Antonio","asciiname":"San Antonio","alternatenames":["San Antonio"],"latitude":"-25.42126","longitude":"-57.54725","feature_class":"P","feature_code":"PPL","country_code":"PY","cc2":"","admin1_code":"06","admin2_code":"","admin3_code":"","admin4_code":"","population":"55754","elevation":"","dem":"123","timezone":"America/Asuncion","modification_date":"2012-03-22"},{"geonameid":"3437136","name":"San Alberto","asciiname":"San Alberto","alternatenames":["San Alberto"],"latitude":"-24.96667","longitude":"-54.9","feature_class":"P","feature_code":"PPL","country_code":"PY","cc2":"","admin1_code":"01","admin2_code":"","admin3_code":"","admin4_code":"","population":"4989","elevation":"","dem":"346","timezone":"America/Asuncion","modification_date":"2012-05-06"},{"geonameid":"3437148","name":"Salto del Guairá","asciiname":"Salto del Guaira","alternatenames":["Salto del Guaira","Salto del Guairá","Saltos de Guaira","Saltos de Guairá"],"latitude":"-24.0625","longitude":"-54.30694","feature_class":"P","feature_code":"PPLA","country_code":"PY","cc2":"","admin1_code":"19","admin2_code":"","admin3_code":"","admin4_code":"","population":"7385","elevation":"","dem":"269","timezone":"America/Asuncion","modification_date":"2012-04-05"},{"geonameid":"3437197","name":"Repatriación","asciiname":"Repatriacion","alternatenames":["Repatriacion","Repatriación"],"latitude":"-25.53333","longitude":"-55.95","feature_class":"P","feature_code":"PPL","country_code":"PY","cc2":"","admin1_code":"04","admin2_code":"","admin3_code":"","admin4_code":"","population":"7085","elevation":"","dem":"269","timezone":"America/Asuncion","modification_date":"2012-02-02"},{"geonameid":"3437215","name":"Quiindy","asciiname":"Quiindy","alternatenames":["Quiindy","Quyyndy"],"latitude":"-25.96667","longitude":"-57.26667","feature_class":"P","feature_code":"PPL","country_code":"PY","cc2":"","admin1_code":"15","admin2_code":"","admin3_code":"","admin4_code":"","population":"5137","elevation":"","dem":"137","timezone":"America/Asuncion","modification_date":"2012-01-18"},{"geonameid":"3437342","name":"Puerto Rosario","asciiname":"Puerto Rosario","alternatenames":["Puerto Rosario","Puerto Villa del Rosario"],"latitude":"-24.45","longitude":"-57.08333","feature_class":"P","feature_code":"PPL","country_code":"PY","cc2":"","admin1_code":"17","admin2_code":"","admin3_code":"","admin4_code":"","population":"5123","elevation":"","dem":"67","timezone":"America/Asuncion","modification_date":"2012-01-18"},{"geonameid":"3437370","name":"Puerto Mayor Otaño","asciiname":"Puerto Mayor Otano","alternatenames":[""],"latitude":"-26.4","longitude":"-54.7","feature_class":"P","feature_code":"PPL","country_code":"PY","cc2":"","admin1_code":"11","admin2_code":"","admin3_code":"","admin4_code":"","population":"4701","elevation":"","dem":"142","timezone":"America/Asuncion","modification_date":"2006-01-17"},{"geonameid":"3437444","name":"Presidente Franco","asciiname":"Presidente Franco","alternatenames":["Presidente Franco","Puerto Presidente Franco"],"latitude":"-25.53333","longitude":"-54.61667","feature_class":"P","feature_code":"PPL","country_code":"PY","cc2":"","admin1_code":"01","admin2_code":"","admin3_code":"","admin4_code":"","population":"54292","elevation":"","dem":"207","timezone":"America/Asuncion","modification_date":"2012-01-18"},{"geonameid":"3437495","name":"Piribebuy","asciiname":"Piribebuy","alternatenames":["Piribebuy"],"latitude":"-25.48333","longitude":"-57.05","feature_class":"P","feature_code":"PPL","country_code":"PY","cc2":"","admin1_code":"08","admin2_code":"","admin3_code":"","admin4_code":"","population":"10337","elevation":"","dem":"290","timezone":"America/Asuncion","modification_date":"2012-01-18"},{"geonameid":"3437499","name":"Pirayú","asciiname":"Pirayu","alternatenames":["Pirayu","Pirayú"],"latitude":"-25.48333","longitude":"-57.23333","feature_class":"P","feature_code":"PPL","country_code":"PY","cc2":"","admin1_code":"15","admin2_code":"","admin3_code":"","admin4_code":"","population":"4000","elevation":"","dem":"107","timezone":"America/Asuncion","modification_date":"2012-02-02"},{"geonameid":"3437514","name":"Pirapo","asciiname":"Pirapo","alternatenames":["Pirapo","Puerto Pirapo","Puerto Pirapó"],"latitude":"-26.85","longitude":"-55.53333","feature_class":"P","feature_code":"PPL","country_code":"PY","cc2":"","admin1_code":"11","admin2_code":"","admin3_code":"","admin4_code":"","population":"1756","elevation":"","dem":"158","timezone":"America/Asuncion","modification_date":"2012-01-18"},{"geonameid":"3437526","name":"Pilar","asciiname":"Pilar","alternatenames":["PIL","Pilar","bylar","pi la er","pylar","Пилар","Пілар","بيلار","پیلار","პილარი","皮拉爾"],"latitude":"-26.86879","longitude":"-58.29346","feature_class":"P","feature_code":"PPLA","country_code":"PY","cc2":"","admin1_code":"13","admin2_code":"","admin3_code":"","admin4_code":"","population":"28716","elevation":"","dem":"58","timezone":"America/Asuncion","modification_date":"2013-06-29"},{"geonameid":"3437547","name":"Pedro Juan Caballero","asciiname":"Pedro Juan Caballero","alternatenames":["PJC","Pedro Chuan Kabaljeras","Pedro Juan Caballero","Pedro Khuan Kabalero","Pedro-Khuan-Kabal'ero","pdrw khwan kabalrw","pei de luo hu an ka wa lie luo","Педро Хуан Кабалеро","Педро-Хуан-Кабальеро","Педро-Хуан-Кабальєро","پدرو خوآن کابالرو","პედრო-ხუან-კაბალიერო","ペドロ・フアン・カバリェロ市","佩德罗胡安卡瓦列罗"],"latitude":"-22.54722","longitude":"-55.73333","feature_class":"P","feature_code":"PPLA","country_code":"PY","cc2":"","admin1_code":"02","admin2_code":"","admin3_code":"","admin4_code":"","population":"75109","elevation":"","dem":"658","timezone":"America/Asuncion","modification_date":"2014-08-18"},{"geonameid":"3437600","name":"Paraguarí","asciiname":"Paraguari","alternatenames":["Paraguari","Paraguarí"],"latitude":"-25.62083","longitude":"-57.14722","feature_class":"P","feature_code":"PPLA","country_code":"PY","cc2":"","admin1_code":"15","admin2_code":"","admin3_code":"","admin4_code":"","population":"10079","elevation":"","dem":"134","timezone":"America/Asuncion","modification_date":"2012-04-05"},{"geonameid":"3437637","name":"Obligado","asciiname":"Obligado","alternatenames":["Colonia Doctor Pastor Obligado","Obligado"],"latitude":"-27.03333","longitude":"-55.63333","feature_class":"P","feature_code":"PPL","country_code":"PY","cc2":"","admin1_code":"11","admin2_code":"","admin3_code":"","admin4_code":"","population":"6350","elevation":"","dem":"188","timezone":"America/Asuncion","modification_date":"2012-01-18"},{"geonameid":"3437652","name":"Nueva Italia","asciiname":"Nueva Italia","alternatenames":["Colonia Nueva Italia","Nueva Italia"],"latitude":"-25.61667","longitude":"-57.5","feature_class":"P","feature_code":"PPL","country_code":"PY","cc2":"","admin1_code":"06","admin2_code":"","admin3_code":"","admin4_code":"","population":"2841","elevation":"","dem":"144","timezone":"America/Asuncion","modification_date":"2012-01-18"},{"geonameid":"3437653","name":"Nueva Germania","asciiname":"Nueva Germania","alternatenames":["Colonia Nueva Germania","Nueva Germania"],"latitude":"-23.9","longitude":"-56.56667","feature_class":"P","feature_code":"PPL","country_code":"PY","cc2":"","admin1_code":"17","admin2_code":"","admin3_code":"","admin4_code":"","population":"1206","elevation":"","dem":"121","timezone":"America/Asuncion","modification_date":"2012-01-18"},{"geonameid":"3437665","name":"Nemby","asciiname":"Nemby","alternatenames":["Nemby","San Lorenzo de la Frontera"],"latitude":"-25.3949","longitude":"-57.53574","feature_class":"P","feature_code":"PPL","country_code":"PY","cc2":"","admin1_code":"06","admin2_code":"","admin3_code":"","admin4_code":"","population":"94641","elevation":"","dem":"109","timezone":"America/Asuncion","modification_date":"2012-03-22"},{"geonameid":"3437681","name":"Natalio","asciiname":"Natalio","alternatenames":["Natalio"],"latitude":"-26.71667","longitude":"-55.08333","feature_class":"P","feature_code":"PPL","country_code":"PY","cc2":"","admin1_code":"11","admin2_code":"","admin3_code":"","admin4_code":"","population":"2252","elevation":"","dem":"245","timezone":"America/Asuncion","modification_date":"2012-05-06"},{"geonameid":"3437682","name":"Natalicio Talavera","asciiname":"Natalicio Talavera","alternatenames":["Colonia Natalicio Talavera","Natalicio Talavera","Natalico Talavera"],"latitude":"-25.63333","longitude":"-56.3","feature_class":"P","feature_code":"PPL","country_code":"PY","cc2":"","admin1_code":"10","admin2_code":"","admin3_code":"","admin4_code":"","population":"1809","elevation":"","dem":"135","timezone":"America/Asuncion","modification_date":"2012-01-18"},{"geonameid":"3437689","name":"Naranjal","asciiname":"Naranjal","alternatenames":["Naranjal"],"latitude":"-25.96667","longitude":"-55.18333","feature_class":"P","feature_code":"PPL","country_code":"PY","cc2":"","admin1_code":"01","admin2_code":"","admin3_code":"","admin4_code":"","population":"2151","elevation":"","dem":"273","timezone":"America/Asuncion","modification_date":"2012-05-06"},{"geonameid":"3437696","name":"Nanawa","asciiname":"Nanawa","alternatenames":["Nanawa"],"latitude":"-25.26667","longitude":"-57.66667","feature_class":"P","feature_code":"PPL","country_code":"PY","cc2":"","admin1_code":"16","admin2_code":"","admin3_code":"","admin4_code":"","population":"5587","elevation":"","dem":"61","timezone":"America/Asuncion","modification_date":"2012-02-02"},{"geonameid":"3437744","name":"Mbuyapey","asciiname":"Mbuyapey","alternatenames":["Mbuyapey"],"latitude":"-26.2","longitude":"-56.75","feature_class":"P","feature_code":"PPL","country_code":"PY","cc2":"","admin1_code":"15","admin2_code":"","admin3_code":"","admin4_code":"","population":"2201","elevation":"","dem":"127","timezone":"America/Asuncion","modification_date":"2012-01-18"},{"geonameid":"3437748","name":"Mbutuy","asciiname":"Mbutuy","alternatenames":["Mbutuy"],"latitude":"-24.96667","longitude":"-56.3","feature_class":"P","feature_code":"PPL","country_code":"PY","cc2":"","admin1_code":"04","admin2_code":"","admin3_code":"","admin4_code":"","population":"1466","elevation":"","dem":"181","timezone":"America/Asuncion","modification_date":"2012-02-02"},{"geonameid":"3437763","name":"Mbocayaty","asciiname":"Mbocayaty","alternatenames":["Mbocayaty"],"latitude":"-25.71938","longitude":"-56.42179","feature_class":"P","feature_code":"PPL","country_code":"PY","cc2":"","admin1_code":"10","admin2_code":"","admin3_code":"","admin4_code":"","population":"2296","elevation":"","dem":"143","timezone":"America/Asuncion","modification_date":"2015-06-14"},{"geonameid":"3437815","name":"Los Cedrales","asciiname":"Los Cedrales","alternatenames":["Los Cedrales"],"latitude":"-25.65","longitude":"-54.7","feature_class":"P","feature_code":"PPL","country_code":"PY","cc2":"","admin1_code":"01","admin2_code":"","admin3_code":"","admin4_code":"","population":"2754","elevation":"","dem":"225","timezone":"America/Asuncion","modification_date":"2012-02-02"},{"geonameid":"3437842","name":"Limpio","asciiname":"Limpio","alternatenames":["Limpio"],"latitude":"-25.16611","longitude":"-57.48562","feature_class":"P","feature_code":"PPL","country_code":"PY","cc2":"","admin1_code":"06","admin2_code":"","admin3_code":"","admin4_code":"","population":"96143","elevation":"","dem":"74","timezone":"America/Asuncion","modification_date":"2012-03-22"},{"geonameid":"3437846","name":"Lima","asciiname":"Lima","alternatenames":["Lima"],"latitude":"-23.9","longitude":"-56.33333","feature_class":"P","feature_code":"PPL","country_code":"PY","cc2":"","admin1_code":"17","admin2_code":"","admin3_code":"","admin4_code":"","population":"10367","elevation":"","dem":"168","timezone":"America/Asuncion","modification_date":"2013-05-05"},{"geonameid":"3437853","name":"Las Palomas","asciiname":"Las Palomas","alternatenames":[""],"latitude":"-24.08333","longitude":"-54.51667","feature_class":"P","feature_code":"PPL","country_code":"PY","cc2":"","admin1_code":"19","admin2_code":"","admin3_code":"","admin4_code":"","population":"4383","elevation":"","dem":"265","timezone":"America/Asuncion","modification_date":"2006-01-27"},{"geonameid":"3437863","name":"Lambaré","asciiname":"Lambare","alternatenames":["Lambare","Lambaré"],"latitude":"-25.34682","longitude":"-57.60647","feature_class":"P","feature_code":"PPL","country_code":"PY","cc2":"","admin1_code":"06","admin2_code":"","admin3_code":"","admin4_code":"","population":"126377","elevation":"","dem":"119","timezone":"America/Asuncion","modification_date":"2012-01-24"},{"geonameid":"3437868","name":"La Colmena","asciiname":"La Colmena","alternatenames":["Colonia La Colmena","La Colmena"],"latitude":"-25.88333","longitude":"-56.81667","feature_class":"P","feature_code":"PPL","country_code":"PY","cc2":"","admin1_code":"15","admin2_code":"","admin3_code":"","admin4_code":"","population":"2551","elevation":"","dem":"179","timezone":"America/Asuncion","modification_date":"2012-01-18"},{"geonameid":"3437898","name":"Jesús","asciiname":"Jesus","alternatenames":[""],"latitude":"-27.05","longitude":"-55.78333","feature_class":"P","feature_code":"PPL","country_code":"PY","cc2":"","admin1_code":"11","admin2_code":"","admin3_code":"","admin4_code":"","population":"2530","elevation":"","dem":"208","timezone":"America/Asuncion","modification_date":"2006-01-17"},{"geonameid":"3437909","name":"Iturbe","asciiname":"Iturbe","alternatenames":["Iturbe"],"latitude":"-26.05","longitude":"-56.48333","feature_class":"P","feature_code":"PPL","country_code":"PY","cc2":"","admin1_code":"10","admin2_code":"","admin3_code":"","admin4_code":"","population":"4475","elevation":"","dem":"104","timezone":"America/Asuncion","modification_date":"2012-02-02"},{"geonameid":"3437918","name":"Itauguá","asciiname":"Itaugua","alternatenames":["Itaugua","Itauguá"],"latitude":"-25.38333","longitude":"-57.33333","feature_class":"P","feature_code":"PPL","country_code":"PY","cc2":"","admin1_code":"06","admin2_code":"","admin3_code":"","admin4_code":"","population":"64997","elevation":"","dem":"154","timezone":"America/Asuncion","modification_date":"2012-01-18"},{"geonameid":"3437920","name":"Itaquyry","asciiname":"Itaquyry","alternatenames":["Itaquyry","Ytaquyry"],"latitude":"-24.93333","longitude":"-55.21667","feature_class":"P","feature_code":"PPL","country_code":"PY","cc2":"","admin1_code":"01","admin2_code":"","admin3_code":"","admin4_code":"","population":"3038","elevation":"","dem":"229","timezone":"America/Asuncion","modification_date":"2012-01-18"},{"geonameid":"3437927","name":"Itapé","asciiname":"Itape","alternatenames":["Itape","Itapé"],"latitude":"-25.85","longitude":"-56.61667","feature_class":"P","feature_code":"PPL","country_code":"PY","cc2":"","admin1_code":"10","admin2_code":"","admin3_code":"","admin4_code":"","population":"1641","elevation":"","dem":"127","timezone":"America/Asuncion","modification_date":"2012-02-02"},{"geonameid":"3437935","name":"Itacurubí del Rosario","asciiname":"Itacurubi del Rosario","alternatenames":["Itacurabi","Itacurubi del Rosario","Itacurubí del Rosario"],"latitude":"-24.5","longitude":"-56.68333","feature_class":"P","feature_code":"PPL","country_code":"PY","cc2":"","admin1_code":"17","admin2_code":"","admin3_code":"","admin4_code":"","population":"3887","elevation":"","dem":"128","timezone":"America/Asuncion","modification_date":"2012-01-18"},{"geonameid":"3437936","name":"Itacurubí de la Cordillera","asciiname":"Itacurubi de la Cordillera","alternatenames":["Itacurubi","Itacurubi de la Cordillera","Itacurubí de la Cordillera"],"latitude":"-25.45","longitude":"-56.85","feature_class":"P","feature_code":"PPL","country_code":"PY","cc2":"","admin1_code":"08","admin2_code":"","admin3_code":"","admin4_code":"","population":"3576","elevation":"","dem":"167","timezone":"America/Asuncion","modification_date":"2012-01-18"},{"geonameid":"3437954","name":"Itá","asciiname":"Ita","alternatenames":["Ita","Itá"],"latitude":"-25.50054","longitude":"-57.36717","feature_class":"P","feature_code":"PPL","country_code":"PY","cc2":"","admin1_code":"06","admin2_code":"","admin3_code":"","admin4_code":"","population":"18459","elevation":"","dem":"147","timezone":"America/Asuncion","modification_date":"2015-06-13"},{"geonameid":"3437962","name":"Isla Pucú","asciiname":"Isla Pucu","alternatenames":["Isla Pucu","Isla Pucú"],"latitude":"-25.3","longitude":"-56.9","feature_class":"P","feature_code":"PPL","country_code":"PY","cc2":"","admin1_code":"08","admin2_code":"","admin3_code":"","admin4_code":"","population":"1529","elevation":"","dem":"138","timezone":"America/Asuncion","modification_date":"2012-02-02"},{"geonameid":"3437982","name":"Independencia","asciiname":"Independencia","alternatenames":["Colonia Independencia","Independencia"],"latitude":"-25.691","longitude":"-56.26781","feature_class":"P","feature_code":"PPL","country_code":"PY","cc2":"","admin1_code":"10","admin2_code":"","admin3_code":"","admin4_code":"","population":"1575","elevation":"","dem":"172","timezone":"America/Asuncion","modification_date":"2015-06-14"},{"geonameid":"3437997","name":"Hohenau","asciiname":"Hohenau","alternatenames":["Colonia Hohenau","Hohenau"],"latitude":"-27.08333","longitude":"-55.75","feature_class":"P","feature_code":"PPL","country_code":"PY","cc2":"","admin1_code":"11","admin2_code":"","admin3_code":"","admin4_code":"","population":"5306","elevation":"","dem":"177","timezone":"America/Asuncion","modification_date":"2012-01-18"},{"geonameid":"3438034","name":"Guayaybi","asciiname":"Guayaybi","alternatenames":[""],"latitude":"-24.53333","longitude":"-56.43333","feature_class":"P","feature_code":"PPL","country_code":"PY","cc2":"","admin1_code":"17","admin2_code":"","admin3_code":"","admin4_code":"","population":"2247","elevation":"","dem":"284","timezone":"America/Asuncion","modification_date":"2006-01-27"},{"geonameid":"3438043","name":"Guarambaré","asciiname":"Guarambare","alternatenames":["Guarambare","Guarambaré"],"latitude":"-25.48333","longitude":"-57.46667","feature_class":"P","feature_code":"PPL","country_code":"PY","cc2":"","admin1_code":"06","admin2_code":"","admin3_code":"","admin4_code":"","population":"9065","elevation":"","dem":"117","timezone":"America/Asuncion","modification_date":"2012-02-02"},{"geonameid":"3438064","name":"General José Eduvigis Díaz","asciiname":"General Jose Eduvigis Diaz","alternatenames":["General Diaz","General Jose Eduvigis Diaz","General José Eduvigis Díaz","Jose Eduvigis Diaz","José Eduvigis Díaz"],"latitude":"-27.16667","longitude":"-58.41667","feature_class":"P","feature_code":"PPL","country_code":"PY","cc2":"","admin1_code":"13","admin2_code":"","admin3_code":"","admin4_code":"","population":"1345","elevation":"","dem":"56","timezone":"America/Asuncion","modification_date":"2012-01-18"},{"geonameid":"3438066","name":"General Higinio Morínigo","asciiname":"General Higinio Morinigo","alternatenames":["Colonia General Morinigo","Colonia General Morínigo","General Higinio Morinigo","General Higinio Morínigo","General Morinigo","General Morínigo"],"latitude":"-25.95","longitude":"-55.91667","feature_class":"P","feature_code":"PPL","country_code":"PY","cc2":"","admin1_code":"05","admin2_code":"","admin3_code":"","admin4_code":"","population":"1399","elevation":"","dem":"370","timezone":"America/Asuncion","modification_date":"2012-01-18"},{"geonameid":"3438070","name":"General Elizardo Aquino","asciiname":"General Elizardo Aquino","alternatenames":["Colonia General Acuino","General Aquino","General Elizardo Aquino"],"latitude":"-24.43333","longitude":"-56.7","feature_class":"P","feature_code":"PPL","country_code":"PY","cc2":"","admin1_code":"17","admin2_code":"","admin3_code":"","admin4_code":"","population":"2983","elevation":"","dem":"159","timezone":"America/Asuncion","modification_date":"2012-01-18"},{"geonameid":"3438076","name":"General Delgado","asciiname":"General Delgado","alternatenames":["Colonia General Delgado","General Delgado"],"latitude":"-27.16667","longitude":"-56.51667","feature_class":"P","feature_code":"PPL","country_code":"PY","cc2":"","admin1_code":"11","admin2_code":"","admin3_code":"","admin4_code":"","population":"1544","elevation":"","dem":"120","timezone":"America/Asuncion","modification_date":"2012-01-18"},{"geonameid":"3438080","name":"General Artigas","asciiname":"General Artigas","alternatenames":["Bobi","Bobi-Cango","Bobi-Cangó","Bobí","Cango","General Artigas"],"latitude":"-26.93333","longitude":"-56.21667","feature_class":"P","feature_code":"PPL","country_code":"PY","cc2":"","admin1_code":"11","admin2_code":"","admin3_code":"","admin4_code":"","population":"4073","elevation":"","dem":"129","timezone":"America/Asuncion","modification_date":"2012-01-18"},{"geonameid":"3438102","name":"Fuerte Olimpo","asciiname":"Fuerte Olimpo","alternatenames":["OLK","Olimpo"],"latitude":"-21.04153","longitude":"-57.87377","feature_class":"P","feature_code":"PPLA","country_code":"PY","cc2":"","admin1_code":"23","admin2_code":"","admin3_code":"","admin4_code":"","population":"2475","elevation":"","dem":"84","timezone":"America/Asuncion","modification_date":"2012-04-10"},{"geonameid":"3438106","name":"Fram","asciiname":"Fram","alternatenames":[""],"latitude":"-26.98333","longitude":"-55.88333","feature_class":"P","feature_code":"PPL","country_code":"PY","cc2":"","admin1_code":"11","admin2_code":"","admin3_code":"","admin4_code":"","population":"3916","elevation":"","dem":"226","timezone":"America/Asuncion","modification_date":"2006-01-17"},{"geonameid":"3438115","name":"Fernando de la Mora","asciiname":"Fernando de la Mora","alternatenames":["Fernando de la Mora"],"latitude":"-25.3386","longitude":"-57.52167","feature_class":"P","feature_code":"PPL","country_code":"PY","cc2":"","admin1_code":"06","admin2_code":"","admin3_code":"","admin4_code":"","population":"120167","elevation":"","dem":"131","timezone":"America/Asuncion","modification_date":"2014-07-07"},{"geonameid":"3438123","name":"Eusebio Ayala","asciiname":"Eusebio Ayala","alternatenames":["Barrero Grande","Eusebio Ayala"],"latitude":"-25.4","longitude":"-56.96667","feature_class":"P","feature_code":"PPL","country_code":"PY","cc2":"","admin1_code":"08","admin2_code":"","admin3_code":"","admin4_code":"","population":"8253","elevation":"","dem":"128","timezone":"America/Asuncion","modification_date":"2012-01-18"},{"geonameid":"3438735","name":"Encarnación","asciiname":"Encarnacion","alternatenames":["Ehnkarnas'on","Encarnacion","Encarnación","Enkarnas'jon","Enkarnasion","Enkarnasjonas","ankaransywn","en ka na xi weng","enkarunashion","xe ngkar na si xxng","Енкарнасион","Енкарнасьйон","Энкарнасьон","انکارانسیون","เองการ์นาซีออง","ენკარნასიონი","エンカルナシオン","恩卡纳西翁"],"latitude":"-27.33056","longitude":"-55.86667","feature_class":"P","feature_code":"PPLA","country_code":"PY","cc2":"","admin1_code":"11","admin2_code":"","admin3_code":"","admin4_code":"","population":"74983","elevation":"","dem":"119","timezone":"America/Asuncion","modification_date":"2012-04-05"},{"geonameid":"3438738","name":"Emboscada","asciiname":"Emboscada","alternatenames":["Emboscada"],"latitude":"-25.15","longitude":"-57.35","feature_class":"P","feature_code":"PPL","country_code":"PY","cc2":"","admin1_code":"08","admin2_code":"","admin3_code":"","admin4_code":"","population":"5911","elevation":"","dem":"93","timezone":"America/Asuncion","modification_date":"2012-01-18"},{"geonameid":"3438743","name":"Edelira","asciiname":"Edelira","alternatenames":["Edelira"],"latitude":"-26.75","longitude":"-55.26667","feature_class":"P","feature_code":"PPL","country_code":"PY","cc2":"","admin1_code":"11","admin2_code":"","admin3_code":"","admin4_code":"","population":"1698","elevation":"","dem":"272","timezone":"America/Asuncion","modification_date":"2012-02-02"},{"geonameid":"3438753","name":"Doctor Juan Manuel Frutos","asciiname":"Doctor Juan Manuel Frutos","alternatenames":["Doctor Juan M. Frutos","Doctor Juan Manuel Frutos","Juan M. Fruto"],"latitude":"-25.36667","longitude":"-55.8","feature_class":"P","feature_code":"PPL","country_code":"PY","cc2":"","admin1_code":"04","admin2_code":"","admin3_code":"","admin4_code":"","population":"4797","elevation":"","dem":"300","timezone":"America/Asuncion","modification_date":"2012-01-18"},{"geonameid":"3438754","name":"Doctor Juan León Mallorquín","asciiname":"Doctor Juan Leon Mallorquin","alternatenames":["Caarendy","Doctor J. Leon Mallorquin","Doctor J. León Mallorquín","Doctor Juan Leon Mallorquin","Doctor Juan León Mallorquín","J. Leon Mallorquin"],"latitude":"-25.4","longitude":"-55.26667","feature_class":"P","feature_code":"PPL","country_code":"PY","cc2":"","admin1_code":"01","admin2_code":"","admin3_code":"","admin4_code":"","population":"7481","elevation":"","dem":"273","timezone":"America/Asuncion","modification_date":"2012-01-18"},{"geonameid":"3438755","name":"Doctor Cecilio Báez","asciiname":"Doctor Cecilio Baez","alternatenames":["Cecilio Baez","Cecilio Báez","Doctor Cecilio Baez","Doctor Cecilio Báez"],"latitude":"-25.05","longitude":"-56.31667","feature_class":"P","feature_code":"PPL","country_code":"PY","cc2":"","admin1_code":"04","admin2_code":"","admin3_code":"","admin4_code":"","population":"1977","elevation":"","dem":"154","timezone":"America/Asuncion","modification_date":"2012-01-18"},{"geonameid":"3438816","name":"Corpus Christi","asciiname":"Corpus Christi","alternatenames":[""],"latitude":"-24.03333","longitude":"-54.83333","feature_class":"P","feature_code":"PPL","country_code":"PY","cc2":"","admin1_code":"19","admin2_code":"","admin3_code":"","admin4_code":"","population":"1387","elevation":"","dem":"329","timezone":"America/Asuncion","modification_date":"2006-01-17"},{"geonameid":"3438819","name":"Coronel Oviedo","asciiname":"Coronel Oviedo","alternatenames":["Ajos","Coronel Oviedo","Koronel Ovjedas","Koronel Ovyedo","Koronel'-Ov'edo","ao wei duo shang xiao zhen","kwrwnl awwydw","Коронель-Овьедо","Коронель-Овьєдо","Կորոնել Օվյեդո","کورونل اوویدو","კორონელ-ოვიედო","コロネル・オビエド","奥维多上校镇"],"latitude":"-25.44444","longitude":"-56.44028","feature_class":"P","feature_code":"PPLA","country_code":"PY","cc2":"","admin1_code":"04","admin2_code":"","admin3_code":"","admin4_code":"","population":"51286","elevation":"","dem":"169","timezone":"America/Asuncion","modification_date":"2012-04-05"},{"geonameid":"3438822","name":"Coronel Martínez","asciiname":"Coronel Martinez","alternatenames":["Coronel Martinez","Coronel Martínez","Martinez"],"latitude":"-25.75","longitude":"-56.61667","feature_class":"P","feature_code":"PPL","country_code":"PY","cc2":"","admin1_code":"10","admin2_code":"","admin3_code":"","admin4_code":"","population":"1359","elevation":"","dem":"132","timezone":"America/Asuncion","modification_date":"2012-01-18"},{"geonameid":"3438834","name":"Concepción","asciiname":"Concepcion","alternatenames":["Concepcion","Concepción","Konseps'on","Konsepsjonas","Villa Concepcion","Villa Concepción","Консепсьон"],"latitude":"-23.39985","longitude":"-57.43236","feature_class":"P","feature_code":"PPLA","country_code":"PY","cc2":"","admin1_code":"07","admin2_code":"","admin3_code":"","admin4_code":"","population":"48123","elevation":"","dem":"78","timezone":"America/Asuncion","modification_date":"2014-12-25"},{"geonameid":"3438872","name":"Colonia Yguazú","asciiname":"Colonia Yguazu","alternatenames":["Colonia Yguazu","Colonia Yguazú"],"latitude":"-25.45","longitude":"-55","feature_class":"P","feature_code":"PPL","country_code":"PY","cc2":"","admin1_code":"01","admin2_code":"","admin3_code":"","admin4_code":"","population":"3363","elevation":"","dem":"261","timezone":"America/Asuncion","modification_date":"2013-04-04"},{"geonameid":"3438977","name":"Colonia Minga Porá","asciiname":"Colonia Minga Pora","alternatenames":["Colonia Minga Pora","Colonia Minga Porá"],"latitude":"-24.86667","longitude":"-54.9","feature_class":"P","feature_code":"PPL","country_code":"PY","cc2":"","admin1_code":"01","admin2_code":"","admin3_code":"","admin4_code":"","population":"1770","elevation":"","dem":"306","timezone":"America/Asuncion","modification_date":"2012-05-06"},{"geonameid":"3438981","name":"Colonia Menno","asciiname":"Colonia Menno","alternatenames":["Colonia Menno"],"latitude":"-22.36667","longitude":"-59.81667","feature_class":"P","feature_code":"PPL","country_code":"PY","cc2":"","admin1_code":"24","admin2_code":"","admin3_code":"","admin4_code":"","population":"5615","elevation":"","dem":"128","timezone":"America/Asuncion","modification_date":"2012-01-18"},{"geonameid":"3438991","name":"Colonia Mauricio José Troche","asciiname":"Colonia Mauricio Jose Troche","alternatenames":["Colonia Cosme","Colonia Mauricio J. Troche","Colonia Mauricio Jose Troche","Colonia Mauricio José Troche","Cosme","Mauricio Jose Troche","Mauricio José Troche"],"latitude":"-25.56667","longitude":"-56.28333","feature_class":"P","feature_code":"PPL","country_code":"PY","cc2":"","admin1_code":"10","admin2_code":"","admin3_code":"","admin4_code":"","population":"2368","elevation":"","dem":"146","timezone":"America/Asuncion","modification_date":"2012-01-18"},{"geonameid":"3438995","name":"Colonia Mariano Roque Alonso","asciiname":"Colonia Mariano Roque Alonso","alternatenames":["Colonia Mariano Roque Alonso","Colonia Roque Alonso","Mariano Roque Alonso"],"latitude":"-25.16667","longitude":"-57.55","feature_class":"P","feature_code":"PPL","country_code":"PY","cc2":"","admin1_code":"06","admin2_code":"","admin3_code":"","admin4_code":"","population":"72008","elevation":"","dem":"67","timezone":"America/Asuncion","modification_date":"2012-01-18"},{"geonameid":"3439032","name":"Colonia General Alfredo Stroessner","asciiname":"Colonia General Alfredo Stroessner","alternatenames":[""],"latitude":"-25.36667","longitude":"-55.7","feature_class":"P","feature_code":"PPL","country_code":"PY","cc2":"","admin1_code":"04","admin2_code":"","admin3_code":"","admin4_code":"","population":"11558","elevation":"","dem":"311","timezone":"America/Asuncion","modification_date":"2006-01-27"},{"geonameid":"3439062","name":"Colonia Catuete","asciiname":"Colonia Catuete","alternatenames":[""],"latitude":"-24.13333","longitude":"-54.61667","feature_class":"P","feature_code":"PPL","country_code":"PY","cc2":"","admin1_code":"19","admin2_code":"","admin3_code":"","admin4_code":"","population":"4070","elevation":"","dem":"361","timezone":"America/Asuncion","modification_date":"2006-01-27"},{"geonameid":"3439101","name":"Ciudad del Este","asciiname":"Ciudad del Este","alternatenames":["AGT","Ciudad Presidente Stroessner","Ciudad del Este","Presidente Stroessner","Puerto Presidente Stroessner","S'judad-del'-Ehste","S'judad-del'-Este","Sijudad del Este","Siudad del Este","Siudad del Estė","dong fang shi","siudadeudel-eseute","siw dad del xe s te","sywdad dl asth","Сиудад дел Есте","Сијудад дел Есте","Сьюдад-дель-Есте","Сьюдад-дель-Эсте","סיודאד דעל עסטע","סיודד דל אסטה","سیوداد دل استه","ซิวดัดเดลเอสเต","სიუდად-დელ-ესტე","シウダー・デル・エステ","東方市","시우다드델에스테"],"latitude":"-25.50972","longitude":"-54.61111","feature_class":"P","feature_code":"PPLA","country_code":"PY","cc2":"","admin1_code":"01","admin2_code":"","admin3_code":"","admin4_code":"","population":"320782","elevation":"","dem":"186","timezone":"America/Asuncion","modification_date":"2013-08-05"},{"geonameid":"3439108","name":"Chore","asciiname":"Chore","alternatenames":["Chore"],"latitude":"-24.18606","longitude":"-56.58251","feature_class":"P","feature_code":"PPLA2","country_code":"PY","cc2":"","admin1_code":"17","admin2_code":"","admin3_code":"","admin4_code":"","population":"0","elevation":"","dem":"179","timezone":"America/Asuncion","modification_date":"2014-07-27"},{"geonameid":"3439133","name":"Cerrito","asciiname":"Cerrito","alternatenames":["Cerrito"],"latitude":"-27.31667","longitude":"-57.66667","feature_class":"P","feature_code":"PPL","country_code":"PY","cc2":"","admin1_code":"13","admin2_code":"","admin3_code":"","admin4_code":"","population":"1036","elevation":"","dem":"56","timezone":"America/Asuncion","modification_date":"2012-01-18"},{"geonameid":"3439156","name":"Carmen del Paraná","asciiname":"Carmen del Parana","alternatenames":["Carmen","Carmen del Parana","Carmen del Paraná"],"latitude":"-27.23333","longitude":"-56.21667","feature_class":"P","feature_code":"PPL","country_code":"PY","cc2":"","admin1_code":"11","admin2_code":"","admin3_code":"","admin4_code":"","population":"4196","elevation":"","dem":"112","timezone":"America/Asuncion","modification_date":"2012-01-18"},{"geonameid":"3439159","name":"Carlos Antonio López","asciiname":"Carlos Antonio Lopez","alternatenames":[""],"latitude":"-26.4","longitude":"-54.76667","feature_class":"P","feature_code":"PPL","country_code":"PY","cc2":"","admin1_code":"11","admin2_code":"","admin3_code":"","admin4_code":"","population":"1496","elevation":"","dem":"230","timezone":"America/Asuncion","modification_date":"2006-01-17"},{"geonameid":"3439163","name":"Carayaó","asciiname":"Carayao","alternatenames":["Carayao","Carayaó"],"latitude":"-25.18333","longitude":"-56.4","feature_class":"P","feature_code":"PPL","country_code":"PY","cc2":"","admin1_code":"04","admin2_code":"","admin3_code":"","admin4_code":"","population":"2473","elevation":"","dem":"109","timezone":"America/Asuncion","modification_date":"2014-04-06"},{"geonameid":"3439167","name":"Carapeguá","asciiname":"Carapegua","alternatenames":["Carapegua","Carapeguá"],"latitude":"-25.8","longitude":"-57.23333","feature_class":"P","feature_code":"PPL","country_code":"PY","cc2":"","admin1_code":"15","admin2_code":"","admin3_code":"","admin4_code":"","population":"5784","elevation":"","dem":"292","timezone":"America/Asuncion","modification_date":"2014-04-06"},{"geonameid":"3439175","name":"Caraguatay","asciiname":"Caraguatay","alternatenames":["Caraguatay"],"latitude":"-25.23333","longitude":"-56.81667","feature_class":"P","feature_code":"PPL","country_code":"PY","cc2":"","admin1_code":"08","admin2_code":"","admin3_code":"","admin4_code":"","population":"1637","elevation":"","dem":"74","timezone":"America/Asuncion","modification_date":"2012-01-18"},{"geonameid":"3439184","name":"Capitán Miranda","asciiname":"Capitan Miranda","alternatenames":["Capitan Miranda","Capitán Miranda","Colonia Capitan Miranda","Colonia Capitán Miranda"],"latitude":"-27.2","longitude":"-55.8","feature_class":"P","feature_code":"PPL","country_code":"PY","cc2":"","admin1_code":"11","admin2_code":"","admin3_code":"","admin4_code":"","population":"2498","elevation":"","dem":"203","timezone":"America/Asuncion","modification_date":"2012-01-18"},{"geonameid":"3439189","name":"Capitán Bado","asciiname":"Capitan Bado","alternatenames":["Capitan Bado","Capitán Bado"],"latitude":"-23.26667","longitude":"-55.53333","feature_class":"P","feature_code":"PPL","country_code":"PY","cc2":"","admin1_code":"02","admin2_code":"","admin3_code":"","admin4_code":"","population":"9114","elevation":"","dem":"514","timezone":"America/Asuncion","modification_date":"2012-02-02"},{"geonameid":"3439208","name":"Capiíbary","asciiname":"Capiibary","alternatenames":["Capiibary","Capiíbary"],"latitude":"-24.8","longitude":"-56.03333","feature_class":"P","feature_code":"PPL","country_code":"PY","cc2":"","admin1_code":"17","admin2_code":"","admin3_code":"","admin4_code":"","population":"3537","elevation":"","dem":"314","timezone":"America/Asuncion","modification_date":"2012-01-18"},{"geonameid":"3439214","name":"Capiatá","asciiname":"Capiata","alternatenames":["Capiata","Capiatá","Capista"],"latitude":"-25.3552","longitude":"-57.44545","feature_class":"P","feature_code":"PPL","country_code":"PY","cc2":"","admin1_code":"06","admin2_code":"","admin3_code":"","admin4_code":"","population":"198553","elevation":"","dem":"130","timezone":"America/Asuncion","modification_date":"2012-03-22"},{"geonameid":"3439297","name":"Caazapá","asciiname":"Caazapa","alternatenames":["Caazapa","Caazapá"],"latitude":"-26.19583","longitude":"-56.36806","feature_class":"P","feature_code":"PPLA","country_code":"PY","cc2":"","admin1_code":"05","admin2_code":"","admin3_code":"","admin4_code":"","population":"23996","elevation":"","dem":"150","timezone":"America/Asuncion","modification_date":"2013-08-05"},{"geonameid":"3439304","name":"Caapucú","asciiname":"Caapucu","alternatenames":["Caapucu","Caapucú"],"latitude":"-26.21667","longitude":"-57.2","feature_class":"P","feature_code":"PPL","country_code":"PY","cc2":"","admin1_code":"15","admin2_code":"","admin3_code":"","admin4_code":"","population":"2284","elevation":"","dem":"124","timezone":"America/Asuncion","modification_date":"2012-02-02"},{"geonameid":"3439317","name":"Caaguazú","asciiname":"Caaguazu","alternatenames":["Caaguazu","Caaguazú"],"latitude":"-25.45","longitude":"-56.01667","feature_class":"P","feature_code":"PPL","country_code":"PY","cc2":"","admin1_code":"04","admin2_code":"","admin3_code":"","admin4_code":"","population":"54808","elevation":"","dem":"321","timezone":"America/Asuncion","modification_date":"2012-02-02"},{"geonameid":"3439320","name":"Caacupé","asciiname":"Caacupe","alternatenames":["Caacupe","Caacupé"],"latitude":"-25.38575","longitude":"-57.14217","feature_class":"P","feature_code":"PPLA","country_code":"PY","cc2":"","admin1_code":"08","admin2_code":"","admin3_code":"","admin4_code":"","population":"21696","elevation":"","dem":"180","timezone":"America/Asuncion","modification_date":"2014-12-28"},{"geonameid":"3439325","name":"Buena Vista","asciiname":"Buena Vista","alternatenames":["Buena Vista"],"latitude":"-26.18333","longitude":"-56.08333","feature_class":"P","feature_code":"PPL","country_code":"PY","cc2":"","admin1_code":"05","admin2_code":"","admin3_code":"","admin4_code":"","population":"1580","elevation":"","dem":"145","timezone":"America/Asuncion","modification_date":"2012-02-02"},{"geonameid":"3439348","name":"Benjamín Aceval","asciiname":"Benjamin Aceval","alternatenames":["Benjamin Aceval","Benjamín Aceval","Colonia Aceval","Colonia Benjamin Aceval","Colonia Benjamín Aceval"],"latitude":"-24.96667","longitude":"-57.56667","feature_class":"P","feature_code":"PPL","country_code":"PY","cc2":"","admin1_code":"16","admin2_code":"","admin3_code":"","admin4_code":"","population":"7751","elevation":"","dem":"68","timezone":"America/Asuncion","modification_date":"2012-01-18"},{"geonameid":"3439352","name":"Bella Vista","asciiname":"Bella Vista","alternatenames":["Bella Vista","Bella Vista de Alto Parana","Bella Vista de Alto Paraná","Colonia Bella Vista"],"latitude":"-27.05","longitude":"-55.55","feature_class":"P","feature_code":"PPL","country_code":"PY","cc2":"","admin1_code":"11","admin2_code":"","admin3_code":"","admin4_code":"","population":"2334","elevation":"","dem":"145","timezone":"America/Asuncion","modification_date":"2012-01-18"},{"geonameid":"3439353","name":"Bella Vista","asciiname":"Bella Vista","alternatenames":["Bella Vista"],"latitude":"-22.13333","longitude":"-56.51667","feature_class":"P","feature_code":"PPL","country_code":"PY","cc2":"","admin1_code":"02","admin2_code":"","admin3_code":"","admin4_code":"","population":"5653","elevation":"","dem":"173","timezone":"America/Asuncion","modification_date":"2012-01-18"},{"geonameid":"3439355","name":"Belén","asciiname":"Belen","alternatenames":["Belen","Belén"],"latitude":"-23.46611","longitude":"-57.26194","feature_class":"P","feature_code":"PPL","country_code":"PY","cc2":"","admin1_code":"07","admin2_code":"","admin3_code":"","admin4_code":"","population":"1621","elevation":"","dem":"100","timezone":"America/Asuncion","modification_date":"2012-02-02"},{"geonameid":"3439378","name":"Ayolas","asciiname":"Ayolas","alternatenames":["AYO","Ayolas","Juan De Ayolas"],"latitude":"-27.4","longitude":"-56.9","feature_class":"P","feature_code":"PPL","country_code":"PY","cc2":"","admin1_code":"12","admin2_code":"","admin3_code":"","admin4_code":"","population":"12061","elevation":"","dem":"66","timezone":"America/Asuncion","modification_date":"2012-01-18"},{"geonameid":"3439386","name":"Atyrá","asciiname":"Atyra","alternatenames":[""],"latitude":"-25.25","longitude":"-57.16667","feature_class":"P","feature_code":"PPL","country_code":"PY","cc2":"","admin1_code":"08","admin2_code":"","admin3_code":"","admin4_code":"","population":"4768","elevation":"","dem":"107","timezone":"America/Asuncion","modification_date":"2006-01-17"},{"geonameid":"3439389","name":"Asunción","asciiname":"Asuncion","alternatenames":["ASU","Asounsion","Asounsyon","Asounsyòn","Asounthion","Assumptio","Assuncao","Assuncion","Assunção","Asuncion","Asunciono","Asunción","Asuns'jon","Asuns'on","Asunsaun","Asunsion","Asunsjon","Asunsjona","Asunsjonas","Asunson","Asunsyon","Asunsyun","Asúnsjón","Gorad Asuns'jon","Gunung Berapi Asuncion","La Muy Noble y Leal Ciudad de Nuestra Senora Santa Maria de la Asuncion","La Muy Noble y Leal Ciudad de Nuestra Señora Santa María de la Asunción","Nuestra Senora Santa Maria de la Asuncion","Nuestra Señora Santa María de la Asunción","Paraguay","acunciyon","asnshn","asunshion","asunsion","asunsioni","asunsiyona","asusi'ona","aswnsywn","xa sun si xxng","ya song sen","Ασουνθιόν","Ασουνσιόν","Асунсион","Асунсьйон","Асунсьон","Горад Асунсьён","Ասունսյոն","אסונסיאן","אסונסיון","آسونسیون","أسونسيون","ئاسۇنسىئون","اسنشن","اسونسیون","आसुन्सियोन","ਅਸੂੰਸੀਓਨ","அசுன்சியோன்","ಅಸೂನ್‌ಸಿಯಾನ್","อะซุนซิออง","ཨ་སུན་སི་འན།","ასუნსიონი","አሱንሲዮን","アスンシオン","亞松森","아순시온"],"latitude":"-25.30066","longitude":"-57.63591","feature_class":"P","feature_code":"PPLC","country_code":"PY","cc2":"","admin1_code":"22","admin2_code":"","admin3_code":"","admin4_code":"","population":"1482200","elevation":"","dem":"133","timezone":"America/Asuncion","modification_date":"2010-07-06"},{"geonameid":"3439395","name":"Arroyos y Esteros","asciiname":"Arroyos y Esteros","alternatenames":["Arroyos y Esteros"],"latitude":"-25.06667","longitude":"-57.1","feature_class":"P","feature_code":"PPL","country_code":"PY","cc2":"","admin1_code":"08","admin2_code":"","admin3_code":"","admin4_code":"","population":"2455","elevation":"","dem":"103","timezone":"America/Asuncion","modification_date":"2012-01-18"},{"geonameid":"3439402","name":"Arquitecto Tomás Romero Pereira","asciiname":"Arquitecto Tomas Romero Pereira","alternatenames":[""],"latitude":"-26.48333","longitude":"-55.25","feature_class":"P","feature_code":"PPL","country_code":"PY","cc2":"","admin1_code":"11","admin2_code":"","admin3_code":"","admin4_code":"","population":"5533","elevation":"","dem":"333","timezone":"America/Asuncion","modification_date":"2006-01-17"},{"geonameid":"3439403","name":"Areguá","asciiname":"Aregua","alternatenames":["Aregua","Areguá"],"latitude":"-25.3125","longitude":"-57.38472","feature_class":"P","feature_code":"PPLA","country_code":"PY","cc2":"","admin1_code":"06","admin2_code":"","admin3_code":"","admin4_code":"","population":"11222","elevation":"","dem":"114","timezone":"America/Asuncion","modification_date":"2012-04-05"},{"geonameid":"3439423","name":"Antequera","asciiname":"Antequera","alternatenames":["Antequera","Colonia Antequera","Puerto Antequera"],"latitude":"-24.13333","longitude":"-57.08333","feature_class":"P","feature_code":"PPL","country_code":"PY","cc2":"","admin1_code":"17","admin2_code":"","admin3_code":"","admin4_code":"","population":"2701","elevation":"","dem":"70","timezone":"America/Asuncion","modification_date":"2012-01-18"},{"geonameid":"3439439","name":"Altos","asciiname":"Altos","alternatenames":["Altos"],"latitude":"-25.26263","longitude":"-57.25443","feature_class":"P","feature_code":"PPL","country_code":"PY","cc2":"","admin1_code":"08","admin2_code":"","admin3_code":"","admin4_code":"","population":"4763","elevation":"","dem":"202","timezone":"America/Asuncion","modification_date":"2015-06-13"},{"geonameid":"3439482","name":"Acahay","asciiname":"Acahay","alternatenames":["Acahai","Acahay","Acahaí"],"latitude":"-25.91667","longitude":"-57.15","feature_class":"P","feature_code":"PPL","country_code":"PY","cc2":"","admin1_code":"15","admin2_code":"","admin3_code":"","admin4_code":"","population":"3205","elevation":"","dem":"155","timezone":"America/Asuncion","modification_date":"2012-01-18"},{"geonameid":"3439483","name":"Abaí","asciiname":"Abai","alternatenames":["Abai","Abay","Abaí"],"latitude":"-26.03333","longitude":"-55.93333","feature_class":"P","feature_code":"PPL","country_code":"PY","cc2":"","admin1_code":"05","admin2_code":"","admin3_code":"","admin4_code":"","population":"3024","elevation":"","dem":"156","timezone":"America/Asuncion","modification_date":"2012-01-18"},{"geonameid":"3480780","name":"Horqueta","asciiname":"Horqueta","alternatenames":["Horqueta"],"latitude":"-23.34278","longitude":"-57.05972","feature_class":"P","feature_code":"PPL","country_code":"PY","cc2":"","admin1_code":"07","admin2_code":"","admin3_code":"","admin4_code":"","population":"10531","elevation":"","dem":"165","timezone":"America/Asuncion","modification_date":"2012-01-20"},{"geonameid":"3867291","name":"Filadelfia","asciiname":"Filadelfia","alternatenames":["Colonia Filadelfia","FLM","Filadelfia","Filadelfija","Filadelfio","Philadelphia"],"latitude":"-22.33936","longitude":"-60.03157","feature_class":"P","feature_code":"PPLA","country_code":"PY","cc2":"","admin1_code":"24","admin2_code":"","admin3_code":"","admin4_code":"","population":"8048","elevation":"","dem":"140","timezone":"America/Asuncion","modification_date":"2015-06-14"},{"geonameid":"3867411","name":"Colonia Neuland","asciiname":"Colonia Neuland","alternatenames":["Colonia Neuland"],"latitude":"-22.66667","longitude":"-60.11667","feature_class":"P","feature_code":"PPL","country_code":"PY","cc2":"","admin1_code":"24","admin2_code":"","admin3_code":"","admin4_code":"","population":"2816","elevation":"","dem":"138","timezone":"America/Asuncion","modification_date":"2012-01-18"},{"geonameid":"3867427","name":"Capitán Pablo Lagerenza","asciiname":"Capitan Pablo Lagerenza","alternatenames":["Capitan Pablo Lagerenza","Capitán Pablo Lagerenza","Fortin Ingavi","Fortín Ingavi","Ingavi","Lagerenza","Mayor Pablo Lagerenza","Mayor Paulo Lagerenza"],"latitude":"-19.91667","longitude":"-60.78333","feature_class":"P","feature_code":"PPL","country_code":"PY","cc2":"","admin1_code":"23","admin2_code":"","admin3_code":"","admin4_code":"","population":"1200","elevation":"","dem":"204","timezone":"America/Asuncion","modification_date":"2012-01-18"}]}