{"country_data":{"ISO":"PR","ISO3":"PRI","ISO_Numeric":"630","fips":"RQ","country":"Puerto Rico","capital":"San Juan","area":"9104","Population":"3916632","Continent":"NA","tld":".pr","CurrencyCode":"USD","CurrencyName":"Dollar","Phone":"+1-787 and 1-939","Postal_Code_Format":"#####-####","Postal_Code_Regex":"^(\\d{9})$","Languages":"en-PR,es-PR","geonameid":"4566966","neighbours":"","EquivalentFipsCode":""},"cities":[{"geonameid":"4562483","name":"Aceitunas","asciiname":"Aceitunas","alternatenames":[""],"latitude":"18.44328","longitude":"-67.0649","feature_class":"P","feature_code":"PPL","country_code":"PR","cc2":"","admin1_code":"099","admin2_code":"","admin3_code":"","admin4_code":"","population":"1688","elevation":"176","dem":"184","timezone":"America/Puerto_Rico","modification_date":"2007-02-16"},{"geonameid":"4562485","name":"Adjuntas","asciiname":"Adjuntas","alternatenames":[""],"latitude":"18.16274","longitude":"-66.72212","feature_class":"P","feature_code":"PPL","country_code":"PR","cc2":"","admin1_code":"001","admin2_code":"","admin3_code":"","admin4_code":"","population":"5080","elevation":"502","dem":"501","timezone":"America/Puerto_Rico","modification_date":"2014-10-08"},{"geonameid":"4562502","name":"Aguada","asciiname":"Aguada","alternatenames":["Aguada","Agvada","a gua da","aguraada","Агвада","Агуада","আগুৱাডা","阿瓜達"],"latitude":"18.37939","longitude":"-67.18824","feature_class":"P","feature_code":"PPLA","country_code":"PR","cc2":"","admin1_code":"003","admin2_code":"","admin3_code":"","admin4_code":"","population":"4040","elevation":"18","dem":"20","timezone":"America/Puerto_Rico","modification_date":"2012-02-18"},{"geonameid":"4562506","name":"Aguadilla","asciiname":"Aguadilla","alternatenames":["Aguadil'ja","Agvadila","BQN","a gua di ya","aguraadila","Агвадиља","Агуадилья","Агуаділья","আগুৱাডিলা","阿瓜迪亚"],"latitude":"18.42745","longitude":"-67.15407","feature_class":"P","feature_code":"PPLA","country_code":"PR","cc2":"","admin1_code":"005","admin2_code":"","admin3_code":"","admin4_code":"","population":"16073","elevation":"7","dem":"7","timezone":"America/Puerto_Rico","modification_date":"2012-06-21"},{"geonameid":"4562513","name":"Aguas Buenas","asciiname":"Aguas Buenas","alternatenames":[""],"latitude":"18.2569","longitude":"-66.10294","feature_class":"P","feature_code":"PPLA","country_code":"PR","cc2":"","admin1_code":"007","admin2_code":"","admin3_code":"","admin4_code":"","population":"4576","elevation":"258","dem":"259","timezone":"America/Puerto_Rico","modification_date":"2013-06-29"},{"geonameid":"4562517","name":"Aguas Claras","asciiname":"Aguas Claras","alternatenames":[""],"latitude":"18.25273","longitude":"-65.6535","feature_class":"P","feature_code":"PPL","country_code":"PR","cc2":"","admin1_code":"037","admin2_code":"","admin3_code":"","admin4_code":"","population":"3499","elevation":"31","dem":"34","timezone":"America/Puerto_Rico","modification_date":"2007-02-16"},{"geonameid":"4562524","name":"Aguilita","asciiname":"Aguilita","alternatenames":[""],"latitude":"18.0233","longitude":"-66.53462","feature_class":"P","feature_code":"PPL","country_code":"PR","cc2":"","admin1_code":"075","admin2_code":"","admin3_code":"","admin4_code":"","population":"4922","elevation":"26","dem":"29","timezone":"America/Puerto_Rico","modification_date":"2007-02-16"},{"geonameid":"4562529","name":"Aibonito","asciiname":"Aibonito","alternatenames":[""],"latitude":"18.13996","longitude":"-66.266","feature_class":"P","feature_code":"PPLA","country_code":"PR","cc2":"","admin1_code":"009","admin2_code":"","admin3_code":"","admin4_code":"","population":"8947","elevation":"604","dem":"607","timezone":"America/Puerto_Rico","modification_date":"2013-06-29"},{"geonameid":"4562600","name":"Añasco","asciiname":"Anasco","alternatenames":["An'jasko","Anasko","a ni ya si ke","annasako","Аньяско","Ањаско","আন্নাসকো","阿尼亞斯科"],"latitude":"18.28273","longitude":"-67.13962","feature_class":"P","feature_code":"PPLA","country_code":"PR","cc2":"","admin1_code":"011","admin2_code":"","admin3_code":"","admin4_code":"","population":"6136","elevation":"9","dem":"14","timezone":"America/Puerto_Rico","modification_date":"2013-06-29"},{"geonameid":"4562615","name":"Animas","asciiname":"Animas","alternatenames":[""],"latitude":"18.4455","longitude":"-66.6349","feature_class":"P","feature_code":"PPL","country_code":"PR","cc2":"","admin1_code":"013","admin2_code":"","admin3_code":"","admin4_code":"","population":"1450","elevation":"52","dem":"59","timezone":"America/Puerto_Rico","modification_date":"2007-02-16"},{"geonameid":"4562623","name":"Antón Ruiz","asciiname":"Anton Ruiz","alternatenames":[""],"latitude":"18.18524","longitude":"-65.8085","feature_class":"P","feature_code":"PPL","country_code":"PR","cc2":"","admin1_code":"069","admin2_code":"","admin3_code":"","admin4_code":"","population":"1764","elevation":"30","dem":"31","timezone":"America/Puerto_Rico","modification_date":"2007-02-16"},{"geonameid":"4562635","name":"Arecibo","asciiname":"Arecibo","alternatenames":["ARE"],"latitude":"18.47245","longitude":"-66.71573","feature_class":"P","feature_code":"PPLA","country_code":"PR","cc2":"","admin1_code":"013","admin2_code":"","admin3_code":"","admin4_code":"","population":"49318","elevation":"7","dem":"14","timezone":"America/Puerto_Rico","modification_date":"2013-07-04"},{"geonameid":"4562681","name":"Arroyo","asciiname":"Arroyo","alternatenames":[""],"latitude":"17.9658","longitude":"-66.06128","feature_class":"P","feature_code":"PPLA","country_code":"PR","cc2":"","admin1_code":"015","admin2_code":"","admin3_code":"","admin4_code":"","population":"7520","elevation":"7","dem":"7","timezone":"America/Puerto_Rico","modification_date":"2013-07-04"},{"geonameid":"4562705","name":"Bairoa","asciiname":"Bairoa","alternatenames":[""],"latitude":"18.25912","longitude":"-66.04044","feature_class":"P","feature_code":"PPL","country_code":"PR","cc2":"","admin1_code":"025","admin2_code":"","admin3_code":"","admin4_code":"","population":"2365","elevation":"61","dem":"64","timezone":"America/Puerto_Rico","modification_date":"2007-02-16"},{"geonameid":"4562709","name":"Bajadero","asciiname":"Bajadero","alternatenames":[""],"latitude":"18.42661","longitude":"-66.68323","feature_class":"P","feature_code":"PPL","country_code":"PR","cc2":"","admin1_code":"013","admin2_code":"","admin3_code":"","admin4_code":"","population":"3877","elevation":"25","dem":"25","timezone":"America/Puerto_Rico","modification_date":"2007-02-16"},{"geonameid":"4562710","name":"Bajandas","asciiname":"Bajandas","alternatenames":[""],"latitude":"18.15774","longitude":"-65.78155","feature_class":"P","feature_code":"PPL","country_code":"PR","cc2":"","admin1_code":"069","admin2_code":"","admin3_code":"","admin4_code":"","population":"1418","elevation":"25","dem":"38","timezone":"America/Puerto_Rico","modification_date":"2007-02-16"},{"geonameid":"4562765","name":"Barahona","asciiname":"Barahona","alternatenames":[""],"latitude":"18.35134","longitude":"-66.44545","feature_class":"P","feature_code":"PPL","country_code":"PR","cc2":"","admin1_code":"101","admin2_code":"","admin3_code":"","admin4_code":"","population":"2632","elevation":"163","dem":"166","timezone":"America/Puerto_Rico","modification_date":"2007-02-16"},{"geonameid":"4562768","name":"Barceloneta","asciiname":"Barceloneta","alternatenames":[""],"latitude":"18.4505","longitude":"-66.53851","feature_class":"P","feature_code":"PPLA","country_code":"PR","cc2":"","admin1_code":"017","admin2_code":"","admin3_code":"","admin4_code":"","population":"22322","elevation":"3","dem":"9","timezone":"America/Puerto_Rico","modification_date":"2013-07-04"},{"geonameid":"4562778","name":"Barranquitas","asciiname":"Barranquitas","alternatenames":[""],"latitude":"18.18662","longitude":"-66.30628","feature_class":"P","feature_code":"PPLA","country_code":"PR","cc2":"","admin1_code":"019","admin2_code":"","admin3_code":"","admin4_code":"","population":"3021","elevation":"603","dem":"603","timezone":"America/Puerto_Rico","modification_date":"2013-07-11"},{"geonameid":"4562812","name":"Bartolo","asciiname":"Bartolo","alternatenames":[""],"latitude":"18.36134","longitude":"-65.8385","feature_class":"P","feature_code":"PPL","country_code":"PR","cc2":"","admin1_code":"119","admin2_code":"","admin3_code":"","admin4_code":"","population":"1260","elevation":"61","dem":"60","timezone":"America/Puerto_Rico","modification_date":"2007-02-16"},{"geonameid":"4562831","name":"Bayamón","asciiname":"Bayamon","alternatenames":["Bajamon","Bajamonas","Bayamon","Bayamón","ba a meng","bayamana","bayamon","bayamwn","Баямон","Бајамон","بايامون","বায়ামন","バヤモン","巴阿蒙","바야몬"],"latitude":"18.39856","longitude":"-66.15572","feature_class":"P","feature_code":"PPLA","country_code":"PR","cc2":"","admin1_code":"021","admin2_code":"","admin3_code":"","admin4_code":"","population":"203499","elevation":"16","dem":"20","timezone":"America/Puerto_Rico","modification_date":"2013-07-04"},{"geonameid":"4562832","name":"Bayamon","asciiname":"Bayamon","alternatenames":[""],"latitude":"18.17774","longitude":"-66.11322","feature_class":"P","feature_code":"PPL","country_code":"PR","cc2":"","admin1_code":"041","admin2_code":"","admin3_code":"","admin4_code":"","population":"1699","elevation":"434","dem":"445","timezone":"America/Puerto_Rico","modification_date":"2007-02-16"},{"geonameid":"4562860","name":"Benitez","asciiname":"Benitez","alternatenames":[""],"latitude":"18.27357","longitude":"-65.87905","feature_class":"P","feature_code":"PPL","country_code":"PR","cc2":"","admin1_code":"029","admin2_code":"","admin3_code":"","admin4_code":"","population":"1334","elevation":"399","dem":"400","timezone":"America/Puerto_Rico","modification_date":"2007-02-16"},{"geonameid":"4562903","name":"Boquerón","asciiname":"Boqueron","alternatenames":[""],"latitude":"18.02691","longitude":"-67.16907","feature_class":"P","feature_code":"PPL","country_code":"PR","cc2":"","admin1_code":"023","admin2_code":"","admin3_code":"","admin4_code":"","population":"2017","elevation":"3","dem":"8","timezone":"America/Puerto_Rico","modification_date":"2007-02-16"},{"geonameid":"4562905","name":"Boqueron","asciiname":"Boqueron","alternatenames":[""],"latitude":"18.20746","longitude":"-65.8485","feature_class":"P","feature_code":"PPL","country_code":"PR","cc2":"","admin1_code":"085","admin2_code":"","admin3_code":"","admin4_code":"","population":"1218","elevation":"100","dem":"102","timezone":"America/Puerto_Rico","modification_date":"2007-02-16"},{"geonameid":"4562955","name":"Brenas","asciiname":"Brenas","alternatenames":[""],"latitude":"18.46717","longitude":"-66.341","feature_class":"P","feature_code":"PPL","country_code":"PR","cc2":"","admin1_code":"143","admin2_code":"","admin3_code":"","admin4_code":"","population":"2104","elevation":"10","dem":"7","timezone":"America/Puerto_Rico","modification_date":"2007-02-16"},{"geonameid":"4562972","name":"Buena Vista","asciiname":"Buena Vista","alternatenames":[""],"latitude":"17.99635","longitude":"-66.05183","feature_class":"P","feature_code":"PPL","country_code":"PR","cc2":"","admin1_code":"015","admin2_code":"","admin3_code":"","admin4_code":"","population":"2026","elevation":"51","dem":"55","timezone":"America/Puerto_Rico","modification_date":"2007-02-16"},{"geonameid":"4562983","name":"Bufalo","asciiname":"Bufalo","alternatenames":[""],"latitude":"18.41828","longitude":"-66.57323","feature_class":"P","feature_code":"PPL","country_code":"PR","cc2":"","admin1_code":"017","admin2_code":"","admin3_code":"","admin4_code":"","population":"1108","elevation":"137","dem":"135","timezone":"America/Puerto_Rico","modification_date":"2007-02-16"},{"geonameid":"4562989","name":"Caban","asciiname":"Caban","alternatenames":[""],"latitude":"18.44328","longitude":"-67.13601","feature_class":"P","feature_code":"PPL","country_code":"PR","cc2":"","admin1_code":"005","admin2_code":"","admin3_code":"","admin4_code":"","population":"3959","elevation":"168","dem":"173","timezone":"America/Puerto_Rico","modification_date":"2007-02-16"},{"geonameid":"4562996","name":"Cabo Rojo","asciiname":"Cabo Rojo","alternatenames":["Kabo Rokho","Kabo-Rokho","ka wo luo huo","kabo rojo","Кабо Рохо","Кабо-Рохо","কাবো রোজো","卡沃羅霍"],"latitude":"18.08663","longitude":"-67.14573","feature_class":"P","feature_code":"PPLA","country_code":"PR","cc2":"","admin1_code":"023","admin2_code":"","admin3_code":"","admin4_code":"","population":"10839","elevation":"20","dem":"27","timezone":"America/Puerto_Rico","modification_date":"2013-06-29"},{"geonameid":"4563003","name":"Cacao","asciiname":"Cacao","alternatenames":[""],"latitude":"18.43661","longitude":"-66.93712","feature_class":"P","feature_code":"PPL","country_code":"PR","cc2":"","admin1_code":"115","admin2_code":"","admin3_code":"","admin4_code":"","population":"2068","elevation":"234","dem":"241","timezone":"America/Puerto_Rico","modification_date":"2007-02-16"},{"geonameid":"4563008","name":"Caguas","asciiname":"Caguas","alternatenames":["Kaguas","Kaguasas","Kagvas","ka gua si","kaguasu","kaguraasa","Кагвас","Кагуас","কাগুৱাস","カグアス","卡瓜斯"],"latitude":"18.23412","longitude":"-66.0485","feature_class":"P","feature_code":"PPLA","country_code":"PR","cc2":"","admin1_code":"025","admin2_code":"","admin3_code":"","admin4_code":"","population":"86804","elevation":"65","dem":"65","timezone":"America/Puerto_Rico","modification_date":"2013-06-29"},{"geonameid":"4563053","name":"Campanilla","asciiname":"Campanilla","alternatenames":[""],"latitude":"18.42134","longitude":"-66.23683","feature_class":"P","feature_code":"PPL","country_code":"PR","cc2":"","admin1_code":"137","admin2_code":"","admin3_code":"","admin4_code":"","population":"7757","elevation":"7","dem":"8","timezone":"America/Puerto_Rico","modification_date":"2007-02-16"},{"geonameid":"4563059","name":"Campo Rico","asciiname":"Campo Rico","alternatenames":[""],"latitude":"18.33717","longitude":"-65.89794","feature_class":"P","feature_code":"PPL","country_code":"PR","cc2":"","admin1_code":"029","admin2_code":"","admin3_code":"","admin4_code":"","population":"3218","elevation":"155","dem":"161","timezone":"America/Puerto_Rico","modification_date":"2007-02-16"},{"geonameid":"4563064","name":"Camuy","asciiname":"Camuy","alternatenames":["Kamuj","ka mu yi","kamuya","Камуй","Камуј","কামুয়","卡穆伊"],"latitude":"18.48383","longitude":"-66.8449","feature_class":"P","feature_code":"PPLA","country_code":"PR","cc2":"","admin1_code":"027","admin2_code":"","admin3_code":"","admin4_code":"","population":"4240","elevation":"11","dem":"14","timezone":"America/Puerto_Rico","modification_date":"2013-06-29"},{"geonameid":"4563122","name":"Candelaria","asciiname":"Candelaria","alternatenames":[""],"latitude":"18.40411","longitude":"-66.20878","feature_class":"P","feature_code":"PPL","country_code":"PR","cc2":"","admin1_code":"137","admin2_code":"","admin3_code":"","admin4_code":"","population":"17631","elevation":"72","dem":"74","timezone":"America/Puerto_Rico","modification_date":"2010-02-19"},{"geonameid":"4563123","name":"Candelaria Arenas","asciiname":"Candelaria Arenas","alternatenames":[""],"latitude":"18.41717","longitude":"-66.21739","feature_class":"P","feature_code":"PPL","country_code":"PR","cc2":"","admin1_code":"137","admin2_code":"","admin3_code":"","admin4_code":"","population":"5854","elevation":"33","dem":"36","timezone":"America/Puerto_Rico","modification_date":"2007-02-16"},{"geonameid":"4563124","name":"Candelero Arriba","asciiname":"Candelero Arriba","alternatenames":[""],"latitude":"18.10191","longitude":"-65.83683","feature_class":"P","feature_code":"PPL","country_code":"PR","cc2":"","admin1_code":"069","admin2_code":"","admin3_code":"","admin4_code":"","population":"1346","elevation":"81","dem":"73","timezone":"America/Puerto_Rico","modification_date":"2007-02-16"},{"geonameid":"4563168","name":"Canovanas","asciiname":"Canovanas","alternatenames":[""],"latitude":"18.3751","longitude":"-65.89934","feature_class":"P","feature_code":"PPLA","country_code":"PR","cc2":"","admin1_code":"029","admin2_code":"","admin3_code":"","admin4_code":"","population":"8437","elevation":"7","dem":"15","timezone":"America/Puerto_Rico","modification_date":"2013-06-29"},{"geonameid":"4563220","name":"Capitanejo","asciiname":"Capitanejo","alternatenames":[""],"latitude":"17.99135","longitude":"-66.49462","feature_class":"P","feature_code":"PPL","country_code":"PR","cc2":"","admin1_code":"075","admin2_code":"","admin3_code":"","admin4_code":"","population":"3209","elevation":"5","dem":"4","timezone":"America/Puerto_Rico","modification_date":"2007-02-16"},{"geonameid":"4563243","name":"Carolina","asciiname":"Carolina","alternatenames":[""],"latitude":"18.38078","longitude":"-65.95739","feature_class":"P","feature_code":"PPLA","country_code":"PR","cc2":"","admin1_code":"031","admin2_code":"","admin3_code":"","admin4_code":"","population":"170404","elevation":"16","dem":"22","timezone":"America/Puerto_Rico","modification_date":"2013-06-29"},{"geonameid":"4563249","name":"Carrizales","asciiname":"Carrizales","alternatenames":[""],"latitude":"18.48189","longitude":"-66.7899","feature_class":"P","feature_code":"PPL","country_code":"PR","cc2":"","admin1_code":"065","admin2_code":"","admin3_code":"","admin4_code":"","population":"2556","elevation":"30","dem":"32","timezone":"America/Puerto_Rico","modification_date":"2007-02-16"},{"geonameid":"4563298","name":"Cataño","asciiname":"Catano","alternatenames":[""],"latitude":"18.44134","longitude":"-66.11822","feature_class":"P","feature_code":"PPLA","country_code":"PR","cc2":"","admin1_code":"033","admin2_code":"","admin3_code":"","admin4_code":"","population":"28093","elevation":"3","dem":"1","timezone":"America/Puerto_Rico","modification_date":"2013-07-04"},{"geonameid":"4563308","name":"Cayey","asciiname":"Cayey","alternatenames":[""],"latitude":"18.11191","longitude":"-66.166","feature_class":"P","feature_code":"PPLA","country_code":"PR","cc2":"","admin1_code":"035","admin2_code":"","admin3_code":"","admin4_code":"","population":"18494","elevation":"397","dem":"397","timezone":"America/Puerto_Rico","modification_date":"2013-06-29"},{"geonameid":"4563376","name":"Cayuco","asciiname":"Cayuco","alternatenames":[""],"latitude":"18.29106","longitude":"-66.73934","feature_class":"P","feature_code":"PPL","country_code":"PR","cc2":"","admin1_code":"141","admin2_code":"","admin3_code":"","admin4_code":"","population":"1284","elevation":"433","dem":"431","timezone":"America/Puerto_Rico","modification_date":"2007-02-16"},{"geonameid":"4563378","name":"Ceiba","asciiname":"Ceiba","alternatenames":["Ceiba","NRR"],"latitude":"18.26412","longitude":"-65.6485","feature_class":"P","feature_code":"PPLA","country_code":"PR","cc2":"","admin1_code":"037","admin2_code":"","admin3_code":"","admin4_code":"","population":"6277","elevation":"23","dem":"24","timezone":"America/Puerto_Rico","modification_date":"2015-03-29"},{"geonameid":"4563379","name":"Ceiba","asciiname":"Ceiba","alternatenames":[""],"latitude":"18.44634","longitude":"-66.35073","feature_class":"P","feature_code":"PPL","country_code":"PR","cc2":"","admin1_code":"143","admin2_code":"","admin3_code":"","admin4_code":"","population":"6576","elevation":"10","dem":"8","timezone":"America/Puerto_Rico","modification_date":"2006-01-22"},{"geonameid":"4563382","name":"Celada","asciiname":"Celada","alternatenames":[""],"latitude":"18.27162","longitude":"-65.966","feature_class":"P","feature_code":"PPL","country_code":"PR","cc2":"","admin1_code":"063","admin2_code":"","admin3_code":"","admin4_code":"","population":"4435","elevation":"79","dem":"84","timezone":"America/Puerto_Rico","modification_date":"2007-02-16"},{"geonameid":"4563411","name":"Central Aguirre","asciiname":"Central Aguirre","alternatenames":["Central Aguirre","Central Aguirre Comunidad"],"latitude":"17.95358","longitude":"-66.22294","feature_class":"P","feature_code":"PPL","country_code":"PR","cc2":"","admin1_code":"123","admin2_code":"","admin3_code":"","admin4_code":"","population":"1588","elevation":"3","dem":"9","timezone":"America/Puerto_Rico","modification_date":"2012-06-14"},{"geonameid":"4563773","name":"Ciales","asciiname":"Ciales","alternatenames":[""],"latitude":"18.33606","longitude":"-66.46878","feature_class":"P","feature_code":"PPLA","country_code":"PR","cc2":"","admin1_code":"039","admin2_code":"","admin3_code":"","admin4_code":"","population":"3256","elevation":"92","dem":"93","timezone":"America/Puerto_Rico","modification_date":"2013-06-29"},{"geonameid":"4563777","name":"Cidra","asciiname":"Cidra","alternatenames":[""],"latitude":"18.17579","longitude":"-66.16128","feature_class":"P","feature_code":"PPLA","country_code":"PR","cc2":"","admin1_code":"041","admin2_code":"","admin3_code":"","admin4_code":"","population":"5067","elevation":"423","dem":"426","timezone":"America/Puerto_Rico","modification_date":"2013-06-29"},{"geonameid":"4563811","name":"Coamo","asciiname":"Coamo","alternatenames":["Koamo","ke a mo","koyamo","Коамо","কোয়ামো","科阿莫"],"latitude":"18.07996","longitude":"-66.35795","feature_class":"P","feature_code":"PPLA","country_code":"PR","cc2":"","admin1_code":"043","admin2_code":"","admin3_code":"","admin4_code":"","population":"11940","elevation":"125","dem":"126","timezone":"America/Puerto_Rico","modification_date":"2013-06-29"},{"geonameid":"4563816","name":"Coco","asciiname":"Coco","alternatenames":[""],"latitude":"18.00719","longitude":"-66.25933","feature_class":"P","feature_code":"PPL","country_code":"PR","cc2":"","admin1_code":"123","admin2_code":"","admin3_code":"","admin4_code":"","population":"5803","elevation":"40","dem":"43","timezone":"America/Puerto_Rico","modification_date":"2007-02-16"},{"geonameid":"4563919","name":"Comerío","asciiname":"Comerio","alternatenames":[""],"latitude":"18.21801","longitude":"-66.226","feature_class":"P","feature_code":"PPLA","country_code":"PR","cc2":"","admin1_code":"045","admin2_code":"","admin3_code":"","admin4_code":"","population":"4649","elevation":"196","dem":"202","timezone":"America/Puerto_Rico","modification_date":"2013-06-29"},{"geonameid":"4563939","name":"Comunas","asciiname":"Comunas","alternatenames":[""],"latitude":"18.08719","longitude":"-65.84377","feature_class":"P","feature_code":"PPL","country_code":"PR","cc2":"","admin1_code":"151","admin2_code":"","admin3_code":"","admin4_code":"","population":"2027","elevation":"52","dem":"49","timezone":"America/Puerto_Rico","modification_date":"2007-02-16"},{"geonameid":"4563988","name":"Coquí","asciiname":"Coqui","alternatenames":[""],"latitude":"17.97413","longitude":"-66.22711","feature_class":"P","feature_code":"PPL","country_code":"PR","cc2":"","admin1_code":"123","admin2_code":"","admin3_code":"","admin4_code":"","population":"3590","elevation":"7","dem":"9","timezone":"America/Puerto_Rico","modification_date":"2007-02-16"},{"geonameid":"4563990","name":"Corazón","asciiname":"Corazon","alternatenames":[""],"latitude":"17.99274","longitude":"-66.08489","feature_class":"P","feature_code":"PPL","country_code":"PR","cc2":"","admin1_code":"057","admin2_code":"","admin3_code":"","admin4_code":"","population":"2925","elevation":"68","dem":"62","timezone":"America/Puerto_Rico","modification_date":"2007-02-16"},{"geonameid":"4563994","name":"Corcovado","asciiname":"Corcovado","alternatenames":[""],"latitude":"18.45856","longitude":"-66.77629","feature_class":"P","feature_code":"PPL","country_code":"PR","cc2":"","admin1_code":"065","admin2_code":"","admin3_code":"","admin4_code":"","population":"1527","elevation":"84","dem":"87","timezone":"America/Puerto_Rico","modification_date":"2007-02-16"},{"geonameid":"4564003","name":"Corozal","asciiname":"Corozal","alternatenames":[""],"latitude":"18.34106","longitude":"-66.31684","feature_class":"P","feature_code":"PPLA","country_code":"PR","cc2":"","admin1_code":"047","admin2_code":"","admin3_code":"","admin4_code":"","population":"11297","elevation":"92","dem":"97","timezone":"America/Puerto_Rico","modification_date":"2013-06-29"},{"geonameid":"4564026","name":"Coto Laurel","asciiname":"Coto Laurel","alternatenames":[""],"latitude":"18.04969","longitude":"-66.55128","feature_class":"P","feature_code":"PPL","country_code":"PR","cc2":"","admin1_code":"113","admin2_code":"","admin3_code":"","admin4_code":"","population":"3606","elevation":"69","dem":"71","timezone":"America/Puerto_Rico","modification_date":"2007-02-16"},{"geonameid":"4564028","name":"Coto Norte","asciiname":"Coto Norte","alternatenames":[""],"latitude":"18.43078","longitude":"-66.43989","feature_class":"P","feature_code":"PPL","country_code":"PR","cc2":"","admin1_code":"145","admin2_code":"","admin3_code":"","admin4_code":"","population":"1381","elevation":"79","dem":"81","timezone":"America/Puerto_Rico","modification_date":"2007-02-16"},{"geonameid":"4564070","name":"Culebra","asciiname":"Culebra","alternatenames":["CPX"],"latitude":"18.30301","longitude":"-65.30099","feature_class":"P","feature_code":"PPLA","country_code":"PR","cc2":"","admin1_code":"049","admin2_code":"","admin3_code":"","admin4_code":"","population":"1486","elevation":"3","dem":"7","timezone":"America/Puerto_Rico","modification_date":"2013-06-29"},{"geonameid":"4564085","name":"Daguao","asciiname":"Daguao","alternatenames":[""],"latitude":"18.22635","longitude":"-65.68322","feature_class":"P","feature_code":"PPL","country_code":"PR","cc2":"","admin1_code":"103","admin2_code":"","admin3_code":"","admin4_code":"","population":"1488","elevation":"26","dem":"35","timezone":"America/Puerto_Rico","modification_date":"2007-02-16"},{"geonameid":"4564133","name":"Dorado","asciiname":"Dorado","alternatenames":["DDP","Dorado","dorado","duo la duo","Дорадо","ডোরাডো","多拉多"],"latitude":"18.45883","longitude":"-66.26767","feature_class":"P","feature_code":"PPLA","country_code":"PR","cc2":"","admin1_code":"051","admin2_code":"","admin3_code":"","admin4_code":"","population":"13117","elevation":"3","dem":"8","timezone":"America/Puerto_Rico","modification_date":"2013-06-29"},{"geonameid":"4564149","name":"Duque","asciiname":"Duque","alternatenames":[""],"latitude":"18.23669","longitude":"-65.74172","feature_class":"P","feature_code":"PPL","country_code":"PR","cc2":"","admin1_code":"103","admin2_code":"","admin3_code":"","admin4_code":"","population":"1529","elevation":"171","dem":"75","timezone":"America/Puerto_Rico","modification_date":"2014-08-21"},{"geonameid":"4564206","name":"El Mangó","asciiname":"El Mango","alternatenames":[""],"latitude":"18.23412","longitude":"-65.87961","feature_class":"P","feature_code":"PPL","country_code":"PR","cc2":"","admin1_code":"077","admin2_code":"","admin3_code":"","admin4_code":"","population":"1979","elevation":"89","dem":"93","timezone":"America/Puerto_Rico","modification_date":"2007-02-16"},{"geonameid":"4564214","name":"El Negro","asciiname":"El Negro","alternatenames":[""],"latitude":"18.03747","longitude":"-65.85127","feature_class":"P","feature_code":"PPL","country_code":"PR","cc2":"","admin1_code":"151","admin2_code":"","admin3_code":"","admin4_code":"","population":"1656","elevation":"41","dem":"41","timezone":"America/Puerto_Rico","modification_date":"2007-02-16"},{"geonameid":"4564216","name":"El Ojo","asciiname":"El Ojo","alternatenames":[""],"latitude":"18.00385","longitude":"-66.39156","feature_class":"P","feature_code":"PPL","country_code":"PR","cc2":"","admin1_code":"133","admin2_code":"","admin3_code":"","admin4_code":"","population":"1713","elevation":"33","dem":"33","timezone":"America/Puerto_Rico","modification_date":"2007-02-16"},{"geonameid":"4564256","name":"Emajagua","asciiname":"Emajagua","alternatenames":[""],"latitude":"18.00052","longitude":"-65.88266","feature_class":"P","feature_code":"PPL","country_code":"PR","cc2":"","admin1_code":"095","admin2_code":"","admin3_code":"","admin4_code":"","population":"3099","elevation":"22","dem":"22","timezone":"America/Puerto_Rico","modification_date":"2007-02-16"},{"geonameid":"4564861","name":"Esperanza","asciiname":"Esperanza","alternatenames":[""],"latitude":"18.09719","longitude":"-65.47071","feature_class":"P","feature_code":"PPL","country_code":"PR","cc2":"","admin1_code":"147","admin2_code":"","admin3_code":"","admin4_code":"","population":"1092","elevation":"5","dem":"8","timezone":"America/Puerto_Rico","modification_date":"2007-02-16"},{"geonameid":"4564862","name":"Espino","asciiname":"Espino","alternatenames":[""],"latitude":"18.27634","longitude":"-67.11935","feature_class":"P","feature_code":"PPL","country_code":"PR","cc2":"","admin1_code":"011","admin2_code":"","admin3_code":"","admin4_code":"","population":"1422","elevation":"21","dem":"27","timezone":"America/Puerto_Rico","modification_date":"2007-02-16"},{"geonameid":"4564901","name":"Estancias de Florida","asciiname":"Estancias de Florida","alternatenames":[""],"latitude":"18.36662","longitude":"-66.56962","feature_class":"P","feature_code":"PPL","country_code":"PR","cc2":"","admin1_code":"054","admin2_code":"","admin3_code":"","admin4_code":"","population":"5972","elevation":"188","dem":"200","timezone":"America/Puerto_Rico","modification_date":"2006-01-22"},{"geonameid":"4564946","name":"Fajardo","asciiname":"Fajardo","alternatenames":["FAJ","Fakhardo","fa ha duo","phajardo","Фахардо","ফাজার্ডো","法哈多"],"latitude":"18.32579","longitude":"-65.65238","feature_class":"P","feature_code":"PPLA","country_code":"PR","cc2":"","admin1_code":"053","admin2_code":"","admin3_code":"","admin4_code":"","population":"34068","elevation":"10","dem":"16","timezone":"America/Puerto_Rico","modification_date":"2013-06-29"},{"geonameid":"4564991","name":"Florida","asciiname":"Florida","alternatenames":[""],"latitude":"18.36245","longitude":"-66.56128","feature_class":"P","feature_code":"PPLA","country_code":"PR","cc2":"","admin1_code":"054","admin2_code":"","admin3_code":"","admin4_code":"","population":"5652","elevation":"192","dem":"193","timezone":"America/Puerto_Rico","modification_date":"2013-06-29"},{"geonameid":"4565018","name":"Franquez","asciiname":"Franquez","alternatenames":[""],"latitude":"18.34023","longitude":"-66.42767","feature_class":"P","feature_code":"PPL","country_code":"PR","cc2":"","admin1_code":"101","admin2_code":"","admin3_code":"","admin4_code":"","population":"2021","elevation":"180","dem":"181","timezone":"America/Puerto_Rico","modification_date":"2007-02-16"},{"geonameid":"4565031","name":"Fuig","asciiname":"Fuig","alternatenames":[""],"latitude":"17.98774","longitude":"-66.91601","feature_class":"P","feature_code":"PPL","country_code":"PR","cc2":"","admin1_code":"055","admin2_code":"","admin3_code":"","admin4_code":"","population":"1204","elevation":"3","dem":"6","timezone":"America/Puerto_Rico","modification_date":"2007-02-16"},{"geonameid":"4565032","name":"G. L. Garcia","asciiname":"G. L. Garcia","alternatenames":[""],"latitude":"18.12746","longitude":"-66.10405","feature_class":"P","feature_code":"PPL","country_code":"PR","cc2":"","admin1_code":"035","admin2_code":"","admin3_code":"","admin4_code":"","population":"1798","elevation":"442","dem":"443","timezone":"America/Puerto_Rico","modification_date":"2007-02-16"},{"geonameid":"4565033","name":"Galateo","asciiname":"Galateo","alternatenames":[""],"latitude":"18.36245","longitude":"-66.25878","feature_class":"P","feature_code":"PPL","country_code":"PR","cc2":"","admin1_code":"135","admin2_code":"","admin3_code":"","admin4_code":"","population":"2705","elevation":"30","dem":"29","timezone":"America/Puerto_Rico","modification_date":"2007-02-16"},{"geonameid":"4565049","name":"Garrochales","asciiname":"Garrochales","alternatenames":[""],"latitude":"18.45356","longitude":"-66.56628","feature_class":"P","feature_code":"PPL","country_code":"PR","cc2":"","admin1_code":"017","admin2_code":"","admin3_code":"","admin4_code":"","population":"1208","elevation":"13","dem":"17","timezone":"America/Puerto_Rico","modification_date":"2007-02-16"},{"geonameid":"4565090","name":"Guánica","asciiname":"Guanica","alternatenames":[""],"latitude":"17.97163","longitude":"-66.90795","feature_class":"P","feature_code":"PPLA","country_code":"PR","cc2":"","admin1_code":"055","admin2_code":"","admin3_code":"","admin4_code":"","population":"9224","elevation":"3","dem":"7","timezone":"America/Puerto_Rico","modification_date":"2013-06-29"},{"geonameid":"4565101","name":"Guayabal","asciiname":"Guayabal","alternatenames":[""],"latitude":"18.08135","longitude":"-66.50128","feature_class":"P","feature_code":"PPL","country_code":"PR","cc2":"","admin1_code":"075","admin2_code":"","admin3_code":"","admin4_code":"","population":"2377","elevation":"73","dem":"79","timezone":"America/Puerto_Rico","modification_date":"2007-02-16"},{"geonameid":"4565105","name":"Guayama","asciiname":"Guayama","alternatenames":["Guajama","Gvajama","gua ya ma","guraayama","Гваяма","Гвајама","Гуаяма","গুৱায়ামা","瓜亞馬"],"latitude":"17.98413","longitude":"-66.11378","feature_class":"P","feature_code":"PPLA","country_code":"PR","cc2":"","admin1_code":"057","admin2_code":"","admin3_code":"","admin4_code":"","population":"21575","elevation":"73","dem":"74","timezone":"America/Puerto_Rico","modification_date":"2013-06-29"},{"geonameid":"4565111","name":"Guayanilla","asciiname":"Guayanilla","alternatenames":[""],"latitude":"18.01913","longitude":"-66.79184","feature_class":"P","feature_code":"PPLA","country_code":"PR","cc2":"","admin1_code":"059","admin2_code":"","admin3_code":"","admin4_code":"","population":"5213","elevation":"10","dem":"16","timezone":"America/Puerto_Rico","modification_date":"2013-06-29"},{"geonameid":"4565119","name":"Guaynabo","asciiname":"Guaynabo","alternatenames":[""],"latitude":"18.35745","longitude":"-66.111","feature_class":"P","feature_code":"PPLA","country_code":"PR","cc2":"","admin1_code":"061","admin2_code":"","admin3_code":"","admin4_code":"","population":"81360","elevation":"47","dem":"50","timezone":"America/Puerto_Rico","modification_date":"2013-06-29"},{"geonameid":"4565125","name":"Gurabo","asciiname":"Gurabo","alternatenames":["Gurabo","gu la wo","gurabo","Гурабо","গুরাবো","古拉沃"],"latitude":"18.2544","longitude":"-65.97294","feature_class":"P","feature_code":"PPLA","country_code":"PR","cc2":"","admin1_code":"063","admin2_code":"","admin3_code":"","admin4_code":"","population":"8973","elevation":"61","dem":"68","timezone":"America/Puerto_Rico","modification_date":"2013-06-29"},{"geonameid":"4565130","name":"H. Rivera Colon","asciiname":"H. Rivera Colon","alternatenames":[""],"latitude":"18.34773","longitude":"-66.27378","feature_class":"P","feature_code":"PPL","country_code":"PR","cc2":"","admin1_code":"135","admin2_code":"","admin3_code":"","admin4_code":"","population":"2379","elevation":"139","dem":"142","timezone":"America/Puerto_Rico","modification_date":"2007-02-16"},{"geonameid":"4565346","name":"Hatillo","asciiname":"Hatillo","alternatenames":[""],"latitude":"18.48633","longitude":"-66.82545","feature_class":"P","feature_code":"PPLA","country_code":"PR","cc2":"","admin1_code":"065","admin2_code":"","admin3_code":"","admin4_code":"","population":"5622","elevation":"7","dem":"9","timezone":"America/Puerto_Rico","modification_date":"2013-07-04"},{"geonameid":"4565353","name":"Hato Candal","asciiname":"Hato Candal","alternatenames":[""],"latitude":"18.37439","longitude":"-65.78711","feature_class":"P","feature_code":"PPL","country_code":"PR","cc2":"","admin1_code":"119","admin2_code":"","admin3_code":"","admin4_code":"","population":"2453","elevation":"41","dem":"40","timezone":"America/Puerto_Rico","modification_date":"2007-02-16"},{"geonameid":"4565380","name":"Hormigueros","asciiname":"Hormigueros","alternatenames":[""],"latitude":"18.13968","longitude":"-67.1274","feature_class":"P","feature_code":"PPLA","country_code":"PR","cc2":"","admin1_code":"067","admin2_code":"","admin3_code":"","admin4_code":"","population":"11934","elevation":"25","dem":"28","timezone":"America/Puerto_Rico","modification_date":"2013-06-29"},{"geonameid":"4565540","name":"Imbery","asciiname":"Imbery","alternatenames":[""],"latitude":"18.43689","longitude":"-66.55239","feature_class":"P","feature_code":"PPL","country_code":"PR","cc2":"","admin1_code":"017","admin2_code":"","admin3_code":"","admin4_code":"","population":"3021","elevation":"56","dem":"57","timezone":"America/Puerto_Rico","modification_date":"2007-02-16"},{"geonameid":"4565544","name":"Indios","asciiname":"Indios","alternatenames":[""],"latitude":"17.99413","longitude":"-66.81934","feature_class":"P","feature_code":"PPL","country_code":"PR","cc2":"","admin1_code":"059","admin2_code":"","admin3_code":"","admin4_code":"","population":"1739","elevation":"45","dem":"45","timezone":"America/Puerto_Rico","modification_date":"2007-02-16"},{"geonameid":"4565551","name":"Ingenio","asciiname":"Ingenio","alternatenames":[""],"latitude":"18.44217","longitude":"-66.226","feature_class":"P","feature_code":"PPL","country_code":"PR","cc2":"","admin1_code":"137","admin2_code":"","admin3_code":"","admin4_code":"","population":"5664","elevation":"3","dem":"5","timezone":"America/Puerto_Rico","modification_date":"2007-02-16"},{"geonameid":"4565564","name":"Humacao","asciiname":"Humacao","alternatenames":["HUC","Umakao","humaka'o","wu ma kao","Умакао","হুমাকাও","烏馬考"],"latitude":"18.14968","longitude":"-65.82738","feature_class":"P","feature_code":"PPLA","country_code":"PR","cc2":"","admin1_code":"069","admin2_code":"","admin3_code":"","admin4_code":"","population":"20387","elevation":"22","dem":"25","timezone":"America/Puerto_Rico","modification_date":"2013-06-29"},{"geonameid":"4565575","name":"Isabel Segunda","asciiname":"Isabel Segunda","alternatenames":["El Pueblo"],"latitude":"18.14913","longitude":"-65.44266","feature_class":"P","feature_code":"PPLA","country_code":"PR","cc2":"","admin1_code":"147","admin2_code":"","admin3_code":"","admin4_code":"","population":"9301","elevation":"12","dem":"16","timezone":"America/Puerto_Rico","modification_date":"2013-08-10"},{"geonameid":"4565577","name":"Isabela","asciiname":"Isabela","alternatenames":[""],"latitude":"18.50078","longitude":"-67.02435","feature_class":"P","feature_code":"PPLA","country_code":"PR","cc2":"","admin1_code":"071","admin2_code":"","admin3_code":"","admin4_code":"","population":"12505","elevation":"71","dem":"76","timezone":"America/Puerto_Rico","modification_date":"2013-06-29"},{"geonameid":"4565621","name":"Jagual","asciiname":"Jagual","alternatenames":[""],"latitude":"18.16163","longitude":"-65.99544","feature_class":"P","feature_code":"PPL","country_code":"PR","cc2":"","admin1_code":"129","admin2_code":"","admin3_code":"","admin4_code":"","population":"1402","elevation":"206","dem":"208","timezone":"America/Puerto_Rico","modification_date":"2007-02-16"},{"geonameid":"4565676","name":"Jauca","asciiname":"Jauca","alternatenames":[""],"latitude":"17.96913","longitude":"-66.36572","feature_class":"P","feature_code":"PPL","country_code":"PR","cc2":"","admin1_code":"133","admin2_code":"","admin3_code":"","admin4_code":"","population":"1838","elevation":"3","dem":"2","timezone":"America/Puerto_Rico","modification_date":"2007-02-16"},{"geonameid":"4565679","name":"Jayuya","asciiname":"Jayuya","alternatenames":[""],"latitude":"18.21857","longitude":"-66.59156","feature_class":"P","feature_code":"PPLA","country_code":"PR","cc2":"","admin1_code":"073","admin2_code":"","admin3_code":"","admin4_code":"","population":"3587","elevation":"431","dem":"441","timezone":"America/Puerto_Rico","modification_date":"2013-06-29"},{"geonameid":"4565689","name":"Jobos","asciiname":"Jobos","alternatenames":[""],"latitude":"17.95524","longitude":"-66.16544","feature_class":"P","feature_code":"PPL","country_code":"PR","cc2":"","admin1_code":"057","admin2_code":"","admin3_code":"","admin4_code":"","population":"3475","elevation":"7","dem":"7","timezone":"America/Puerto_Rico","modification_date":"2007-02-16"},{"geonameid":"4565712","name":"Juana Díaz","asciiname":"Juana Diaz","alternatenames":["Juana Diaz","Khuana Dijaz","Khuana-Dias","hu an na di ya si","juyana diyaja","Хуана Дијаз","Хуана-Діас","জুয়ানা ডিয়াজ","胡安娜迪亞斯"],"latitude":"18.05246","longitude":"-66.50656","feature_class":"P","feature_code":"PPLA","country_code":"PR","cc2":"","admin1_code":"075","admin2_code":"","admin3_code":"","admin4_code":"","population":"9427","elevation":"49","dem":"50","timezone":"America/Puerto_Rico","modification_date":"2013-06-29"},{"geonameid":"4565717","name":"Juncal","asciiname":"Juncal","alternatenames":[""],"latitude":"18.31384","longitude":"-66.91907","feature_class":"P","feature_code":"PPL","country_code":"PR","cc2":"","admin1_code":"131","admin2_code":"","admin3_code":"","admin4_code":"","population":"1155","elevation":"353","dem":"359","timezone":"America/Puerto_Rico","modification_date":"2007-02-16"},{"geonameid":"4565718","name":"Juncos","asciiname":"Juncos","alternatenames":[""],"latitude":"18.22746","longitude":"-65.921","feature_class":"P","feature_code":"PPLA","country_code":"PR","cc2":"","admin1_code":"077","admin2_code":"","admin3_code":"","admin4_code":"","population":"8905","elevation":"65","dem":"68","timezone":"America/Puerto_Rico","modification_date":"2013-06-29"},{"geonameid":"4565731","name":"La Alianza","asciiname":"La Alianza","alternatenames":[""],"latitude":"18.39745","longitude":"-66.6024","feature_class":"P","feature_code":"PPL","country_code":"PR","cc2":"","admin1_code":"013","admin2_code":"","admin3_code":"","admin4_code":"","population":"2139","elevation":"166","dem":"170","timezone":"America/Puerto_Rico","modification_date":"2007-02-16"},{"geonameid":"4565755","name":"La Dolores","asciiname":"La Dolores","alternatenames":[""],"latitude":"18.3755","longitude":"-65.85572","feature_class":"P","feature_code":"PPL","country_code":"PR","cc2":"","admin1_code":"119","admin2_code":"","admin3_code":"","admin4_code":"","population":"3534","elevation":"15","dem":"19","timezone":"America/Puerto_Rico","modification_date":"2007-02-16"},{"geonameid":"4565760","name":"La Fermina","asciiname":"La Fermina","alternatenames":[""],"latitude":"18.17551","longitude":"-65.8535","feature_class":"P","feature_code":"PPL","country_code":"PR","cc2":"","admin1_code":"085","admin2_code":"","admin3_code":"","admin4_code":"","population":"3177","elevation":"120","dem":"130","timezone":"America/Puerto_Rico","modification_date":"2007-02-16"},{"geonameid":"4565780","name":"La Luisa","asciiname":"La Luisa","alternatenames":[""],"latitude":"18.44884","longitude":"-66.50989","feature_class":"P","feature_code":"PPL","country_code":"PR","cc2":"","admin1_code":"091","admin2_code":"","admin3_code":"","admin4_code":"","population":"2887","elevation":"13","dem":"17","timezone":"America/Puerto_Rico","modification_date":"2007-02-16"},{"geonameid":"4565796","name":"La Parguera","asciiname":"La Parguera","alternatenames":[""],"latitude":"17.97497","longitude":"-67.04657","feature_class":"P","feature_code":"PPL","country_code":"PR","cc2":"","admin1_code":"079","admin2_code":"","admin3_code":"","admin4_code":"","population":"1141","elevation":"8","dem":"11","timezone":"America/Puerto_Rico","modification_date":"2007-02-16"},{"geonameid":"4565804","name":"La Playa","asciiname":"La Playa","alternatenames":[""],"latitude":"18.28745","longitude":"-67.18685","feature_class":"P","feature_code":"PPL","country_code":"PR","cc2":"","admin1_code":"011","admin2_code":"","admin3_code":"","admin4_code":"","population":"2139","elevation":"1","dem":"3","timezone":"America/Puerto_Rico","modification_date":"2007-02-16"},{"geonameid":"4565807","name":"La Plena","asciiname":"La Plena","alternatenames":[""],"latitude":"18.04663","longitude":"-66.20461","feature_class":"P","feature_code":"PPL","country_code":"PR","cc2":"","admin1_code":"123","admin2_code":"","admin3_code":"","admin4_code":"","population":"1036","elevation":"169","dem":"183","timezone":"America/Puerto_Rico","modification_date":"2007-02-16"},{"geonameid":"4565898","name":"Lajas","asciiname":"Lajas","alternatenames":["Lakhas","la ha si","lajasa","Лахас","লাজাস","拉哈斯"],"latitude":"18.04996","longitude":"-67.05934","feature_class":"P","feature_code":"PPLA","country_code":"PR","cc2":"","admin1_code":"079","admin2_code":"","admin3_code":"","admin4_code":"","population":"5255","elevation":"48","dem":"58","timezone":"America/Puerto_Rico","modification_date":"2013-06-29"},{"geonameid":"4565904","name":"Lamboglia","asciiname":"Lamboglia","alternatenames":[""],"latitude":"17.98136","longitude":"-65.98572","feature_class":"P","feature_code":"PPL","country_code":"PR","cc2":"","admin1_code":"109","admin2_code":"","admin3_code":"","admin4_code":"","population":"1121","elevation":"32","dem":"35","timezone":"America/Puerto_Rico","modification_date":"2007-02-16"},{"geonameid":"4565908","name":"Lares","asciiname":"Lares","alternatenames":[""],"latitude":"18.29467","longitude":"-66.87712","feature_class":"P","feature_code":"PPLA","country_code":"PR","cc2":"","admin1_code":"081","admin2_code":"","admin3_code":"","admin4_code":"","population":"7184","elevation":"319","dem":"349","timezone":"America/Puerto_Rico","modification_date":"2013-06-29"},{"geonameid":"4565956","name":"Las Marias","asciiname":"Las Marias","alternatenames":[""],"latitude":"18.29328","longitude":"-67.14629","feature_class":"P","feature_code":"PPL","country_code":"PR","cc2":"","admin1_code":"011","admin2_code":"","admin3_code":"","admin4_code":"","population":"1823","elevation":"11","dem":"14","timezone":"America/Puerto_Rico","modification_date":"2007-02-16"},{"geonameid":"4565958","name":"Las Marías","asciiname":"Las Marias","alternatenames":["Las Marijas","Las-Marias","la si ma li ya si","lasa mariyasa","Лас Маријас","Лас-Маріас","লাস মারিয়াস","拉斯瑪麗亞斯"],"latitude":"18.2519","longitude":"-66.99212","feature_class":"P","feature_code":"PPLA","country_code":"PR","cc2":"","admin1_code":"083","admin2_code":"","admin3_code":"","admin4_code":"","population":"1031","elevation":"291","dem":"300","timezone":"America/Puerto_Rico","modification_date":"2012-06-09"},{"geonameid":"4565972","name":"Las Ochenta","asciiname":"Las Ochenta","alternatenames":[""],"latitude":"17.98469","longitude":"-66.31795","feature_class":"P","feature_code":"PPL","country_code":"PR","cc2":"","admin1_code":"123","admin2_code":"","admin3_code":"","admin4_code":"","population":"1199","elevation":"10","dem":"14","timezone":"America/Puerto_Rico","modification_date":"2007-02-16"},{"geonameid":"4565973","name":"Las Ollas","asciiname":"Las Ollas","alternatenames":[""],"latitude":"18.03302","longitude":"-66.42434","feature_class":"P","feature_code":"PPL","country_code":"PR","cc2":"","admin1_code":"133","admin2_code":"","admin3_code":"","admin4_code":"","population":"1949","elevation":"66","dem":"64","timezone":"America/Puerto_Rico","modification_date":"2007-02-16"},{"geonameid":"4565980","name":"Las Piedras","asciiname":"Las Piedras","alternatenames":[""],"latitude":"18.18301","longitude":"-65.86627","feature_class":"P","feature_code":"PPLA","country_code":"PR","cc2":"","admin1_code":"085","admin2_code":"","admin3_code":"","admin4_code":"","population":"6655","elevation":"136","dem":"136","timezone":"America/Puerto_Rico","modification_date":"2013-06-29"},{"geonameid":"4566002","name":"Levittown","asciiname":"Levittown","alternatenames":[""],"latitude":"18.44995","longitude":"-66.18156","feature_class":"P","feature_code":"PPL","country_code":"PR","cc2":"","admin1_code":"137","admin2_code":"","admin3_code":"","admin4_code":"","population":"29785","elevation":"3","dem":"3","timezone":"America/Puerto_Rico","modification_date":"2006-01-22"},{"geonameid":"4566004","name":"Liborio Negron Torres","asciiname":"Liborio Negron Torres","alternatenames":[""],"latitude":"18.04302","longitude":"-66.9424","feature_class":"P","feature_code":"PPL","country_code":"PR","cc2":"","admin1_code":"121","admin2_code":"","admin3_code":"","admin4_code":"","population":"1303","elevation":"57","dem":"64","timezone":"America/Puerto_Rico","modification_date":"2007-02-16"},{"geonameid":"4566021","name":"Lluveras","asciiname":"Lluveras","alternatenames":[""],"latitude":"18.0383","longitude":"-66.90462","feature_class":"P","feature_code":"PPL","country_code":"PR","cc2":"","admin1_code":"121","admin2_code":"","admin3_code":"","admin4_code":"","population":"2005","elevation":"94","dem":"100","timezone":"America/Puerto_Rico","modification_date":"2007-02-16"},{"geonameid":"4566022","name":"Loíza","asciiname":"Loiza","alternatenames":[""],"latitude":"18.43134","longitude":"-65.88016","feature_class":"P","feature_code":"PPLA","country_code":"PR","cc2":"","admin1_code":"087","admin2_code":"","admin3_code":"","admin4_code":"","population":"4311","elevation":"3","dem":"4","timezone":"America/Puerto_Rico","modification_date":"2013-06-29"},{"geonameid":"4566068","name":"Los Llanos","asciiname":"Los Llanos","alternatenames":[""],"latitude":"18.05524","longitude":"-66.40573","feature_class":"P","feature_code":"PPL","country_code":"PR","cc2":"","admin1_code":"043","admin2_code":"","admin3_code":"","admin4_code":"","population":"2301","elevation":"138","dem":"140","timezone":"America/Puerto_Rico","modification_date":"2007-02-16"},{"geonameid":"4566096","name":"Luis Llorens Torres","asciiname":"Luis Llorens Torres","alternatenames":[""],"latitude":"18.05691","longitude":"-66.52684","feature_class":"P","feature_code":"PPL","country_code":"PR","cc2":"","admin1_code":"075","admin2_code":"","admin3_code":"","admin4_code":"","population":"3328","elevation":"82","dem":"81","timezone":"America/Puerto_Rico","modification_date":"2007-02-16"},{"geonameid":"4566098","name":"Luis M. Cintron","asciiname":"Luis M. Cintron","alternatenames":[""],"latitude":"18.29968","longitude":"-65.63849","feature_class":"P","feature_code":"PPL","country_code":"PR","cc2":"","admin1_code":"053","admin2_code":"","admin3_code":"","admin4_code":"","population":"2634","elevation":"17","dem":"27","timezone":"America/Puerto_Rico","modification_date":"2007-02-16"},{"geonameid":"4566103","name":"Luquillo","asciiname":"Luquillo","alternatenames":[""],"latitude":"18.37245","longitude":"-65.71655","feature_class":"P","feature_code":"PPLA","country_code":"PR","cc2":"","admin1_code":"089","admin2_code":"","admin3_code":"","admin4_code":"","population":"8326","elevation":"4","dem":"12","timezone":"America/Puerto_Rico","modification_date":"2013-06-29"},{"geonameid":"4566110","name":"Luyando","asciiname":"Luyando","alternatenames":[""],"latitude":"18.36439","longitude":"-67.1574","feature_class":"P","feature_code":"PPL","country_code":"PR","cc2":"","admin1_code":"003","admin2_code":"","admin3_code":"","admin4_code":"","population":"3553","elevation":"29","dem":"39","timezone":"America/Puerto_Rico","modification_date":"2007-02-16"},{"geonameid":"4566119","name":"Magas Arriba","asciiname":"Magas Arriba","alternatenames":[""],"latitude":"18.01746","longitude":"-66.76906","feature_class":"P","feature_code":"PPL","country_code":"PR","cc2":"","admin1_code":"059","admin2_code":"","admin3_code":"","admin4_code":"","population":"1063","elevation":"25","dem":"31","timezone":"America/Puerto_Rico","modification_date":"2007-02-16"},{"geonameid":"4566137","name":"Manatí","asciiname":"Manati","alternatenames":[""],"latitude":"18.42745","longitude":"-66.49212","feature_class":"P","feature_code":"PPLA","country_code":"PR","cc2":"","admin1_code":"091","admin2_code":"","admin3_code":"","admin4_code":"","population":"16092","elevation":"33","dem":"33","timezone":"America/Puerto_Rico","modification_date":"2013-06-29"},{"geonameid":"4566171","name":"Maria Antonia","asciiname":"Maria Antonia","alternatenames":[""],"latitude":"17.9783","longitude":"-66.88934","feature_class":"P","feature_code":"PPL","country_code":"PR","cc2":"","admin1_code":"055","admin2_code":"","admin3_code":"","admin4_code":"","population":"1479","elevation":"36","dem":"43","timezone":"America/Puerto_Rico","modification_date":"2007-02-16"},{"geonameid":"4566177","name":"Mariano Colón","asciiname":"Mariano Colon","alternatenames":[""],"latitude":"18.0233","longitude":"-66.33239","feature_class":"P","feature_code":"PPL","country_code":"PR","cc2":"","admin1_code":"043","admin2_code":"","admin3_code":"","admin4_code":"","population":"2387","elevation":"103","dem":"111","timezone":"America/Puerto_Rico","modification_date":"2007-02-16"},{"geonameid":"4566178","name":"Maricao","asciiname":"Maricao","alternatenames":[""],"latitude":"18.18079","longitude":"-66.9799","feature_class":"P","feature_code":"PPLA","country_code":"PR","cc2":"","admin1_code":"093","admin2_code":"","admin3_code":"","admin4_code":"","population":"1172","elevation":"432","dem":"436","timezone":"America/Puerto_Rico","modification_date":"2013-06-29"},{"geonameid":"4566198","name":"Martorell","asciiname":"Martorell","alternatenames":[""],"latitude":"18.07607","longitude":"-65.89822","feature_class":"P","feature_code":"PPL","country_code":"PR","cc2":"","admin1_code":"151","admin2_code":"","admin3_code":"","admin4_code":"","population":"2884","elevation":"26","dem":"27","timezone":"America/Puerto_Rico","modification_date":"2007-02-16"},{"geonameid":"4566208","name":"Maunabo","asciiname":"Maunabo","alternatenames":[""],"latitude":"18.00719","longitude":"-65.89933","feature_class":"P","feature_code":"PPLA","country_code":"PR","cc2":"","admin1_code":"095","admin2_code":"","admin3_code":"","admin4_code":"","population":"2154","elevation":"10","dem":"13","timezone":"America/Puerto_Rico","modification_date":"2013-06-29"},{"geonameid":"4566267","name":"Miranda","asciiname":"Miranda","alternatenames":[""],"latitude":"18.38662","longitude":"-66.38378","feature_class":"P","feature_code":"PPL","country_code":"PR","cc2":"","admin1_code":"145","admin2_code":"","admin3_code":"","admin4_code":"","population":"2057","elevation":"148","dem":"149","timezone":"America/Puerto_Rico","modification_date":"2007-02-16"},{"geonameid":"4566270","name":"Moca","asciiname":"Moca","alternatenames":["Moka","mo ka","moka","Мока","মোকা","莫卡"],"latitude":"18.39467","longitude":"-67.11324","feature_class":"P","feature_code":"PPLA","country_code":"PR","cc2":"","admin1_code":"099","admin2_code":"","admin3_code":"","admin4_code":"","population":"4964","elevation":"40","dem":"49","timezone":"America/Puerto_Rico","modification_date":"2013-06-29"},{"geonameid":"4566285","name":"Monserrate","asciiname":"Monserrate","alternatenames":[""],"latitude":"18.43661","longitude":"-66.35961","feature_class":"P","feature_code":"PPL","country_code":"PR","cc2":"","admin1_code":"145","admin2_code":"","admin3_code":"","admin4_code":"","population":"2756","elevation":"39","dem":"40","timezone":"America/Puerto_Rico","modification_date":"2007-02-16"},{"geonameid":"4566305","name":"Monte Grande","asciiname":"Monte Grande","alternatenames":[""],"latitude":"18.08746","longitude":"-67.1074","feature_class":"P","feature_code":"PPL","country_code":"PR","cc2":"","admin1_code":"023","admin2_code":"","admin3_code":"","admin4_code":"","population":"1817","elevation":"23","dem":"29","timezone":"America/Puerto_Rico","modification_date":"2007-02-16"},{"geonameid":"4566330","name":"Mora","asciiname":"Mora","alternatenames":[""],"latitude":"18.463","longitude":"-67.03268","feature_class":"P","feature_code":"PPL","country_code":"PR","cc2":"","admin1_code":"071","admin2_code":"","admin3_code":"","admin4_code":"","population":"1857","elevation":"134","dem":"138","timezone":"America/Puerto_Rico","modification_date":"2007-02-16"},{"geonameid":"4566333","name":"Morovis","asciiname":"Morovis","alternatenames":[""],"latitude":"18.32578","longitude":"-66.40656","feature_class":"P","feature_code":"PPLA","country_code":"PR","cc2":"","admin1_code":"101","admin2_code":"","admin3_code":"","admin4_code":"","population":"2414","elevation":"216","dem":"219","timezone":"America/Puerto_Rico","modification_date":"2013-06-29"},{"geonameid":"4566346","name":"Mucarabones","asciiname":"Mucarabones","alternatenames":[""],"latitude":"18.39078","longitude":"-66.216","feature_class":"P","feature_code":"PPL","country_code":"PR","cc2":"","admin1_code":"135","admin2_code":"","admin3_code":"","admin4_code":"","population":"1690","elevation":"30","dem":"35","timezone":"America/Puerto_Rico","modification_date":"2007-02-16"},{"geonameid":"4566385","name":"Mayagüez","asciiname":"Mayagueez","alternatenames":["MAZ","Majaguehs","Majagues","Majaguesas","Majagvez","Mayaguez","ma ya gui si","mayaguesu","mayaguraeja","mayagvejha","mayagweseu","Маягуес","Маягуэс","Мајагвез","मायाग्वेझ","মায়াগুৱেজ","マヤグエス","馬亞圭斯","마야궤스"],"latitude":"18.20107","longitude":"-67.13962","feature_class":"P","feature_code":"PPLA","country_code":"PR","cc2":"","admin1_code":"097","admin2_code":"","admin3_code":"","admin4_code":"","population":"78647","elevation":"21","dem":"27","timezone":"America/Puerto_Rico","modification_date":"2013-06-29"},{"geonameid":"4566396","name":"Naguabo","asciiname":"Naguabo","alternatenames":[""],"latitude":"18.21162","longitude":"-65.73488","feature_class":"P","feature_code":"PPLA","country_code":"PR","cc2":"","admin1_code":"103","admin2_code":"","admin3_code":"","admin4_code":"","population":"4643","elevation":"17","dem":"20","timezone":"America/Puerto_Rico","modification_date":"2013-06-29"},{"geonameid":"4566402","name":"Naranjito","asciiname":"Naranjito","alternatenames":[""],"latitude":"18.30079","longitude":"-66.24489","feature_class":"P","feature_code":"PPLA","country_code":"PR","cc2":"","admin1_code":"105","admin2_code":"","admin3_code":"","admin4_code":"","population":"2005","elevation":"108","dem":"114","timezone":"America/Puerto_Rico","modification_date":"2013-06-29"},{"geonameid":"4566447","name":"Olimpo","asciiname":"Olimpo","alternatenames":[""],"latitude":"18.00191","longitude":"-66.10822","feature_class":"P","feature_code":"PPL","country_code":"PR","cc2":"","admin1_code":"057","admin2_code":"","admin3_code":"","admin4_code":"","population":"2493","elevation":"92","dem":"94","timezone":"America/Puerto_Rico","modification_date":"2007-02-16"},{"geonameid":"4566454","name":"Orocovis","asciiname":"Orocovis","alternatenames":[""],"latitude":"18.2269","longitude":"-66.391","feature_class":"P","feature_code":"PPLA","country_code":"PR","cc2":"","admin1_code":"107","admin2_code":"","admin3_code":"","admin4_code":"","population":"944","elevation":"513","dem":"514","timezone":"America/Puerto_Rico","modification_date":"2013-06-29"},{"geonameid":"4566470","name":"Pájaros","asciiname":"Pajaros","alternatenames":[""],"latitude":"18.36856","longitude":"-66.21683","feature_class":"P","feature_code":"PPL","country_code":"PR","cc2":"","admin1_code":"135","admin2_code":"","admin3_code":"","admin4_code":"","population":"9466","elevation":"55","dem":"53","timezone":"America/Puerto_Rico","modification_date":"2007-02-16"},{"geonameid":"4566475","name":"Palmarejo","asciiname":"Palmarejo","alternatenames":[""],"latitude":"18.06802","longitude":"-66.32545","feature_class":"P","feature_code":"PPL","country_code":"PR","cc2":"","admin1_code":"043","admin2_code":"","admin3_code":"","admin4_code":"","population":"1087","elevation":"243","dem":"241","timezone":"America/Puerto_Rico","modification_date":"2007-02-16"},{"geonameid":"4566477","name":"Palmarejo","asciiname":"Palmarejo","alternatenames":[""],"latitude":"18.04024","longitude":"-67.07685","feature_class":"P","feature_code":"PPL","country_code":"PR","cc2":"","admin1_code":"079","admin2_code":"","admin3_code":"","admin4_code":"","population":"1169","elevation":"39","dem":"48","timezone":"America/Puerto_Rico","modification_date":"2007-02-16"},{"geonameid":"4566481","name":"Palmas","asciiname":"Palmas","alternatenames":[""],"latitude":"17.98719","longitude":"-66.02544","feature_class":"P","feature_code":"PPL","country_code":"PR","cc2":"","admin1_code":"015","admin2_code":"","admin3_code":"","admin4_code":"","population":"2829","elevation":"54","dem":"68","timezone":"America/Puerto_Rico","modification_date":"2010-02-20"},{"geonameid":"4566485","name":"Palmer","asciiname":"Palmer","alternatenames":[""],"latitude":"18.37051","longitude":"-65.77405","feature_class":"P","feature_code":"PPL","country_code":"PR","cc2":"","admin1_code":"119","admin2_code":"","admin3_code":"","admin4_code":"","population":"1205","elevation":"18","dem":"19","timezone":"America/Puerto_Rico","modification_date":"2007-02-16"},{"geonameid":"4566492","name":"Palo Seco","asciiname":"Palo Seco","alternatenames":[""],"latitude":"18.00747","longitude":"-65.93683","feature_class":"P","feature_code":"PPL","country_code":"PR","cc2":"","admin1_code":"095","admin2_code":"","admin3_code":"","admin4_code":"","population":"1152","elevation":"85","dem":"77","timezone":"America/Puerto_Rico","modification_date":"2007-02-16"},{"geonameid":"4566497","name":"Palomas","asciiname":"Palomas","alternatenames":[""],"latitude":"18.23246","longitude":"-66.25628","feature_class":"P","feature_code":"PPL","country_code":"PR","cc2":"","admin1_code":"045","admin2_code":"","admin3_code":"","admin4_code":"","population":"1742","elevation":"591","dem":"597","timezone":"America/Puerto_Rico","modification_date":"2007-02-16"},{"geonameid":"4566498","name":"Palomas","asciiname":"Palomas","alternatenames":[""],"latitude":"18.01358","longitude":"-66.87323","feature_class":"P","feature_code":"PPL","country_code":"PR","cc2":"","admin1_code":"153","admin2_code":"","admin3_code":"","admin4_code":"","population":"2321","elevation":"33","dem":"44","timezone":"America/Puerto_Rico","modification_date":"2007-02-16"},{"geonameid":"4566509","name":"Parcelas La Milagrosa","asciiname":"Parcelas La Milagrosa","alternatenames":[""],"latitude":"18.17079","longitude":"-66.18822","feature_class":"P","feature_code":"PPL","country_code":"PR","cc2":"","admin1_code":"041","admin2_code":"","admin3_code":"","admin4_code":"","population":"1344","elevation":"560","dem":"552","timezone":"America/Puerto_Rico","modification_date":"2007-02-16"},{"geonameid":"4566512","name":"Parcelas Nuevas","asciiname":"Parcelas Nuevas","alternatenames":[""],"latitude":"18.14024","longitude":"-66.17239","feature_class":"P","feature_code":"PPL","country_code":"PR","cc2":"","admin1_code":"041","admin2_code":"","admin3_code":"","admin4_code":"","population":"1628","elevation":"433","dem":"424","timezone":"America/Puerto_Rico","modification_date":"2007-02-16"},{"geonameid":"4566513","name":"Parcelas Peñuelas","asciiname":"Parcelas Penuelas","alternatenames":[""],"latitude":"17.99885","longitude":"-66.34128","feature_class":"P","feature_code":"PPL","country_code":"PR","cc2":"","admin1_code":"133","admin2_code":"","admin3_code":"","admin4_code":"","population":"1132","elevation":"45","dem":"43","timezone":"America/Puerto_Rico","modification_date":"2007-02-16"},{"geonameid":"4566650","name":"Pastos","asciiname":"Pastos","alternatenames":[""],"latitude":"18.11774","longitude":"-66.25878","feature_class":"P","feature_code":"PPL","country_code":"PR","cc2":"","admin1_code":"009","admin2_code":"","admin3_code":"","admin4_code":"","population":"1528","elevation":"654","dem":"655","timezone":"America/Puerto_Rico","modification_date":"2007-02-16"},{"geonameid":"4566652","name":"Patillas","asciiname":"Patillas","alternatenames":["Patil'jas","Patilas","pa di ya si","patillasa","Патиљас","Патільяс","পাটিল্লাস","帕蒂亞斯"],"latitude":"18.00635","longitude":"-66.01572","feature_class":"P","feature_code":"PPLA","country_code":"PR","cc2":"","admin1_code":"109","admin2_code":"","admin3_code":"","admin4_code":"","population":"4247","elevation":"20","dem":"21","timezone":"America/Puerto_Rico","modification_date":"2013-06-29"},{"geonameid":"4566674","name":"Peña Pobre","asciiname":"Pena Pobre","alternatenames":[""],"latitude":"18.21551","longitude":"-65.82211","feature_class":"P","feature_code":"PPL","country_code":"PR","cc2":"","admin1_code":"103","admin2_code":"","admin3_code":"","admin4_code":"","population":"1024","elevation":"99","dem":"103","timezone":"America/Puerto_Rico","modification_date":"2007-02-16"},{"geonameid":"4566687","name":"Peñuelas","asciiname":"Penuelas","alternatenames":[""],"latitude":"18.05635","longitude":"-66.72156","feature_class":"P","feature_code":"PPLA","country_code":"PR","cc2":"","admin1_code":"111","admin2_code":"","admin3_code":"","admin4_code":"","population":"6847","elevation":"56","dem":"61","timezone":"America/Puerto_Rico","modification_date":"2013-06-29"},{"geonameid":"4566723","name":"Piedra Gorda","asciiname":"Piedra Gorda","alternatenames":[""],"latitude":"18.43411","longitude":"-66.88768","feature_class":"P","feature_code":"PPL","country_code":"PR","cc2":"","admin1_code":"027","admin2_code":"","admin3_code":"","admin4_code":"","population":"1927","elevation":"164","dem":"180","timezone":"America/Puerto_Rico","modification_date":"2007-02-16"},{"geonameid":"4566767","name":"Playa Fortuna","asciiname":"Playa Fortuna","alternatenames":[""],"latitude":"18.37967","longitude":"-65.74516","feature_class":"P","feature_code":"PPL","country_code":"PR","cc2":"","admin1_code":"089","admin2_code":"","admin3_code":"","admin4_code":"","population":"2037","elevation":"2","dem":"7","timezone":"America/Puerto_Rico","modification_date":"2007-02-16"},{"geonameid":"4566813","name":"Playita","asciiname":"Playita","alternatenames":[""],"latitude":"18.04469","longitude":"-65.90738","feature_class":"P","feature_code":"PPL","country_code":"PR","cc2":"","admin1_code":"151","admin2_code":"","admin3_code":"","admin4_code":"","population":"2192","elevation":"26","dem":"28","timezone":"America/Puerto_Rico","modification_date":"2007-02-16"},{"geonameid":"4566814","name":"Playita Cortada","asciiname":"Playita Cortada","alternatenames":[""],"latitude":"17.98497","longitude":"-66.43906","feature_class":"P","feature_code":"PPL","country_code":"PR","cc2":"","admin1_code":"133","admin2_code":"","admin3_code":"","admin4_code":"","population":"1677","elevation":"3","dem":"6","timezone":"America/Puerto_Rico","modification_date":"2007-02-16"},{"geonameid":"4566877","name":"Pole Ojea","asciiname":"Pole Ojea","alternatenames":[""],"latitude":"17.97496","longitude":"-67.18518","feature_class":"P","feature_code":"PPL","country_code":"PR","cc2":"","admin1_code":"023","admin2_code":"","admin3_code":"","admin4_code":"","population":"1829","elevation":"10","dem":"15","timezone":"America/Puerto_Rico","modification_date":"2007-02-16"},{"geonameid":"4566880","name":"Ponce","asciiname":"Ponce","alternatenames":["PSE","Ponce","Ponse","Ponsė","pang sai","ponse","Понсе","ポンセ","龐塞","폰세"],"latitude":"18.01108","longitude":"-66.61406","feature_class":"P","feature_code":"PPLA","country_code":"PR","cc2":"","admin1_code":"113","admin2_code":"","admin3_code":"","admin4_code":"","population":"152634","elevation":"15","dem":"21","timezone":"America/Puerto_Rico","modification_date":"2013-07-04"},{"geonameid":"4566900","name":"Potala Pastillo","asciiname":"Potala Pastillo","alternatenames":[""],"latitude":"17.99135","longitude":"-66.49656","feature_class":"P","feature_code":"PPL","country_code":"PR","cc2":"","admin1_code":"075","admin2_code":"","admin3_code":"","admin4_code":"","population":"3819","elevation":"3","dem":"4","timezone":"America/Puerto_Rico","modification_date":"2007-02-16"},{"geonameid":"4566913","name":"Pueblito del Rio","asciiname":"Pueblito del Rio","alternatenames":[""],"latitude":"18.22801","longitude":"-65.86294","feature_class":"P","feature_code":"PPL","country_code":"PR","cc2":"","admin1_code":"085","admin2_code":"","admin3_code":"","admin4_code":"","population":"1481","elevation":"82","dem":"83","timezone":"America/Puerto_Rico","modification_date":"2007-02-16"},{"geonameid":"4566955","name":"Puerto Real","asciiname":"Puerto Real","alternatenames":[""],"latitude":"18.07496","longitude":"-67.18712","feature_class":"P","feature_code":"PPL","country_code":"PR","cc2":"","admin1_code":"023","admin2_code":"","admin3_code":"","admin4_code":"","population":"6166","elevation":"3","dem":"8","timezone":"America/Puerto_Rico","modification_date":"2007-02-16"},{"geonameid":"4566992","name":"Punta Santiago","asciiname":"Punta Santiago","alternatenames":[""],"latitude":"18.16635","longitude":"-65.74822","feature_class":"P","feature_code":"PPL","country_code":"PR","cc2":"","admin1_code":"069","admin2_code":"","admin3_code":"","admin4_code":"","population":"5803","elevation":"1","dem":"4","timezone":"America/Puerto_Rico","modification_date":"2007-02-16"},{"geonameid":"4566997","name":"Quebrada","asciiname":"Quebrada","alternatenames":[""],"latitude":"18.35662","longitude":"-66.83212","feature_class":"P","feature_code":"PPL","country_code":"PR","cc2":"","admin1_code":"027","admin2_code":"","admin3_code":"","admin4_code":"","population":"1130","elevation":"308","dem":"311","timezone":"America/Puerto_Rico","modification_date":"2007-02-16"},{"geonameid":"4567552","name":"Quebradillas","asciiname":"Quebradillas","alternatenames":[""],"latitude":"18.47383","longitude":"-66.93851","feature_class":"P","feature_code":"PPLA","country_code":"PR","cc2":"","admin1_code":"115","admin2_code":"","admin3_code":"","admin4_code":"","population":"5620","elevation":"112","dem":"119","timezone":"America/Puerto_Rico","modification_date":"2013-06-29"},{"geonameid":"4567573","name":"Rafael Capo","asciiname":"Rafael Capo","alternatenames":[""],"latitude":"18.40717","longitude":"-66.78212","feature_class":"P","feature_code":"PPL","country_code":"PR","cc2":"","admin1_code":"065","admin2_code":"","admin3_code":"","admin4_code":"","population":"1863","elevation":"183","dem":"186","timezone":"America/Puerto_Rico","modification_date":"2007-02-16"},{"geonameid":"4567574","name":"Rafael Gonzalez","asciiname":"Rafael Gonzalez","alternatenames":[""],"latitude":"18.42745","longitude":"-66.78684","feature_class":"P","feature_code":"PPL","country_code":"PR","cc2":"","admin1_code":"065","admin2_code":"","admin3_code":"","admin4_code":"","population":"2325","elevation":"128","dem":"130","timezone":"America/Puerto_Rico","modification_date":"2007-02-16"},{"geonameid":"4567575","name":"Rafael Hernandez","asciiname":"Rafael Hernandez","alternatenames":[""],"latitude":"18.47133","longitude":"-67.07907","feature_class":"P","feature_code":"PPL","country_code":"PR","cc2":"","admin1_code":"005","admin2_code":"","admin3_code":"","admin4_code":"","population":"1516","elevation":"111","dem":"109","timezone":"America/Puerto_Rico","modification_date":"2007-02-16"},{"geonameid":"4567586","name":"Ramos","asciiname":"Ramos","alternatenames":[""],"latitude":"18.33967","longitude":"-65.71266","feature_class":"P","feature_code":"PPL","country_code":"PR","cc2":"","admin1_code":"089","admin2_code":"","admin3_code":"","admin4_code":"","population":"2004","elevation":"58","dem":"51","timezone":"America/Puerto_Rico","modification_date":"2007-02-16"},{"geonameid":"4567723","name":"Rincón","asciiname":"Rincon","alternatenames":["Rincon"],"latitude":"18.34023","longitude":"-67.2499","feature_class":"P","feature_code":"PPLA","country_code":"PR","cc2":"","admin1_code":"117","admin2_code":"","admin3_code":"","admin4_code":"","population":"1499","elevation":"11","dem":"15","timezone":"America/Puerto_Rico","modification_date":"2013-06-29"},{"geonameid":"4567745","name":"Río Blanco","asciiname":"Rio Blanco","alternatenames":[""],"latitude":"18.21829","longitude":"-65.7885","feature_class":"P","feature_code":"PPL","country_code":"PR","cc2":"","admin1_code":"103","admin2_code":"","admin3_code":"","admin4_code":"","population":"1406","elevation":"18","dem":"17","timezone":"America/Puerto_Rico","modification_date":"2007-02-16"},{"geonameid":"4567769","name":"Río Cañas Abajo","asciiname":"Rio Canas Abajo","alternatenames":[""],"latitude":"18.0383","longitude":"-66.46767","feature_class":"P","feature_code":"PPL","country_code":"PR","cc2":"","admin1_code":"075","admin2_code":"","admin3_code":"","admin4_code":"","population":"1185","elevation":"69","dem":"72","timezone":"America/Puerto_Rico","modification_date":"2007-02-16"},{"geonameid":"4567817","name":"Río Grande","asciiname":"Rio Grande","alternatenames":[""],"latitude":"18.38023","longitude":"-65.83127","feature_class":"P","feature_code":"PPLA","country_code":"PR","cc2":"","admin1_code":"119","admin2_code":"","admin3_code":"","admin4_code":"","population":"13467","elevation":"13","dem":"16","timezone":"America/Puerto_Rico","modification_date":"2013-06-29"},{"geonameid":"4567865","name":"Río Lajas","asciiname":"Rio Lajas","alternatenames":[""],"latitude":"18.39467","longitude":"-66.26767","feature_class":"P","feature_code":"PPL","country_code":"PR","cc2":"","admin1_code":"051","admin2_code":"","admin3_code":"","admin4_code":"","population":"2349","elevation":"132","dem":"136","timezone":"America/Puerto_Rico","modification_date":"2007-02-16"},{"geonameid":"4567995","name":"Rosa Sanchez","asciiname":"Rosa Sanchez","alternatenames":[""],"latitude":"18.06163","longitude":"-65.9135","feature_class":"P","feature_code":"PPL","country_code":"PR","cc2":"","admin1_code":"151","admin2_code":"","admin3_code":"","admin4_code":"","population":"1221","elevation":"30","dem":"30","timezone":"America/Puerto_Rico","modification_date":"2007-02-16"},{"geonameid":"4568009","name":"Sabana","asciiname":"Sabana","alternatenames":[""],"latitude":"18.46078","longitude":"-66.3585","feature_class":"P","feature_code":"PPL","country_code":"PR","cc2":"","admin1_code":"145","admin2_code":"","admin3_code":"","admin4_code":"","population":"1946","elevation":"7","dem":"5","timezone":"America/Puerto_Rico","modification_date":"2007-02-16"},{"geonameid":"4568012","name":"Sabana Eneas","asciiname":"Sabana Eneas","alternatenames":[""],"latitude":"18.08607","longitude":"-67.08101","feature_class":"P","feature_code":"PPL","country_code":"PR","cc2":"","admin1_code":"125","admin2_code":"","admin3_code":"","admin4_code":"","population":"1847","elevation":"26","dem":"34","timezone":"America/Puerto_Rico","modification_date":"2007-02-16"},{"geonameid":"4568014","name":"Sabana Grande","asciiname":"Sabana Grande","alternatenames":[""],"latitude":"18.07774","longitude":"-66.96045","feature_class":"P","feature_code":"PPLA","country_code":"PR","cc2":"","admin1_code":"121","admin2_code":"","admin3_code":"","admin4_code":"","population":"8961","elevation":"95","dem":"98","timezone":"America/Puerto_Rico","modification_date":"2013-06-29"},{"geonameid":"4568017","name":"Sabana Hoyos","asciiname":"Sabana Hoyos","alternatenames":[""],"latitude":"18.43384","longitude":"-66.61378","feature_class":"P","feature_code":"PPL","country_code":"PR","cc2":"","admin1_code":"013","admin2_code":"","admin3_code":"","admin4_code":"","population":"1823","elevation":"95","dem":"98","timezone":"America/Puerto_Rico","modification_date":"2007-02-16"},{"geonameid":"4568023","name":"Sabana Seca","asciiname":"Sabana Seca","alternatenames":[""],"latitude":"18.42689","longitude":"-66.18461","feature_class":"P","feature_code":"PPL","country_code":"PR","cc2":"","admin1_code":"137","admin2_code":"","admin3_code":"","admin4_code":"","population":"6247","elevation":"15","dem":"16","timezone":"America/Puerto_Rico","modification_date":"2007-02-16"},{"geonameid":"4568040","name":"Salinas","asciiname":"Salinas","alternatenames":[""],"latitude":"17.97747","longitude":"-66.29795","feature_class":"P","feature_code":"PPLA","country_code":"PR","cc2":"","admin1_code":"123","admin2_code":"","admin3_code":"","admin4_code":"","population":"6375","elevation":"7","dem":"9","timezone":"America/Puerto_Rico","modification_date":"2013-06-29"},{"geonameid":"4568069","name":"San Antonio","asciiname":"San Antonio","alternatenames":[""],"latitude":"18.49217","longitude":"-67.09851","feature_class":"P","feature_code":"PPL","country_code":"PR","cc2":"","admin1_code":"005","admin2_code":"","admin3_code":"","admin4_code":"","population":"2300","elevation":"67","dem":"69","timezone":"America/Puerto_Rico","modification_date":"2007-02-16"},{"geonameid":"4568074","name":"San Antonio","asciiname":"San Antonio","alternatenames":[""],"latitude":"18.44884","longitude":"-66.30267","feature_class":"P","feature_code":"PPL","country_code":"PR","cc2":"","admin1_code":"051","admin2_code":"","admin3_code":"","admin4_code":"","population":"6456","elevation":"7","dem":"7","timezone":"America/Puerto_Rico","modification_date":"2007-02-16"},{"geonameid":"4568077","name":"San Antonio","asciiname":"San Antonio","alternatenames":[""],"latitude":"18.45161","longitude":"-66.94962","feature_class":"P","feature_code":"PPL","country_code":"PR","cc2":"","admin1_code":"115","admin2_code":"","admin3_code":"","admin4_code":"","population":"1203","elevation":"168","dem":"164","timezone":"America/Puerto_Rico","modification_date":"2007-02-16"},{"geonameid":"4568104","name":"San Germán","asciiname":"San German","alternatenames":["San Kherman","San-Kherman","sheng he er man","Сан Херман","Сан-Херман","聖赫爾曼"],"latitude":"18.08163","longitude":"-67.0449","feature_class":"P","feature_code":"PPLA","country_code":"PR","cc2":"","admin1_code":"125","admin2_code":"","admin3_code":"","admin4_code":"","population":"12055","elevation":"60","dem":"69","timezone":"America/Puerto_Rico","modification_date":"2013-06-29"},{"geonameid":"4568109","name":"San Isidro","asciiname":"San Isidro","alternatenames":[""],"latitude":"18.39217","longitude":"-65.88544","feature_class":"P","feature_code":"PPL","country_code":"PR","cc2":"","admin1_code":"029","admin2_code":"","admin3_code":"","admin4_code":"","population":"8071","elevation":"13","dem":"12","timezone":"America/Puerto_Rico","modification_date":"2007-02-16"},{"geonameid":"4568122","name":"San José","asciiname":"San Jose","alternatenames":[""],"latitude":"18.39828","longitude":"-66.25572","feature_class":"P","feature_code":"PPL","country_code":"PR","cc2":"","admin1_code":"137","admin2_code":"","admin3_code":"","admin4_code":"","population":"3278","elevation":"10","dem":"18","timezone":"America/Puerto_Rico","modification_date":"2007-02-16"},{"geonameid":"4568127","name":"San Juan","asciiname":"San Juan","alternatenames":["Gorad San-Khuan","SJU","San Chouan","San Chuanas","San Juan","San Juan de Puerto Rico","San Khuan","San Xoan","San Xoán","San Xuan","San-Juano","San-Khuan","Sanhuana","can van","san hwn","san jwan","san khwan","san khwan  bwrtwrykw","san-khuani","sana hu'ana","sana huraana","sanfuan","sanhuan","sheng hu an","Σαν Χουάν","Горад Сан-Хуан","Сан Хуан","Сан-Хуан","Սան Խուան","סן חואן","سان جوآن","سان خوآن","سان خوان، بورتوريكو","सान हुआन","সান হুৱান","ਸਾਨ ਹੁਆਨ","சான் வான்","ซานฮวน","სან-ხუანი","サンフアン","圣胡安","산후안"],"latitude":"18.46633","longitude":"-66.10572","feature_class":"P","feature_code":"PPLC","country_code":"PR","cc2":"","admin1_code":"127","admin2_code":"","admin3_code":"","admin4_code":"","population":"418140","elevation":"7","dem":"11","timezone":"America/Puerto_Rico","modification_date":"2010-08-04"},{"geonameid":"4568149","name":"San Lorenzo","asciiname":"San Lorenzo","alternatenames":[""],"latitude":"18.1894","longitude":"-65.961","feature_class":"P","feature_code":"PPLA","country_code":"PR","cc2":"","admin1_code":"129","admin2_code":"","admin3_code":"","admin4_code":"","population":"9373","elevation":"92","dem":"97","timezone":"America/Puerto_Rico","modification_date":"2013-06-29"},{"geonameid":"4568175","name":"San Sebastián","asciiname":"San Sebastian","alternatenames":[""],"latitude":"18.33662","longitude":"-66.99018","feature_class":"P","feature_code":"PPLA","country_code":"PR","cc2":"","admin1_code":"131","admin2_code":"","admin3_code":"","admin4_code":"","population":"11590","elevation":"77","dem":"83","timezone":"America/Puerto_Rico","modification_date":"2013-06-29"},{"geonameid":"4568194","name":"Santa Barbara","asciiname":"Santa Barbara","alternatenames":[""],"latitude":"18.39356","longitude":"-65.91878","feature_class":"P","feature_code":"PPL","country_code":"PR","cc2":"","admin1_code":"029","admin2_code":"","admin3_code":"","admin4_code":"","population":"5168","elevation":"14","dem":"18","timezone":"America/Puerto_Rico","modification_date":"2007-02-16"},{"geonameid":"4568200","name":"Santa Clara","asciiname":"Santa Clara","alternatenames":[""],"latitude":"18.21857","longitude":"-66.12878","feature_class":"P","feature_code":"PPL","country_code":"PR","cc2":"","admin1_code":"007","admin2_code":"","admin3_code":"","admin4_code":"","population":"1138","elevation":"449","dem":"450","timezone":"America/Puerto_Rico","modification_date":"2007-02-16"},{"geonameid":"4568212","name":"Santa Isabel","asciiname":"Santa Isabel","alternatenames":[""],"latitude":"17.96608","longitude":"-66.40489","feature_class":"P","feature_code":"PPLA","country_code":"PR","cc2":"","admin1_code":"133","admin2_code":"","admin3_code":"","admin4_code":"","population":"7260","elevation":"7","dem":"6","timezone":"America/Puerto_Rico","modification_date":"2013-06-29"},{"geonameid":"4568253","name":"Santo Domingo","asciiname":"Santo Domingo","alternatenames":[""],"latitude":"18.0633","longitude":"-66.7524","feature_class":"P","feature_code":"PPL","country_code":"PR","cc2":"","admin1_code":"111","admin2_code":"","admin3_code":"","admin4_code":"","population":"3633","elevation":"136","dem":"141","timezone":"America/Puerto_Rico","modification_date":"2007-02-16"},{"geonameid":"4568347","name":"Stella","asciiname":"Stella","alternatenames":[""],"latitude":"18.32189","longitude":"-67.24685","feature_class":"P","feature_code":"PPL","country_code":"PR","cc2":"","admin1_code":"117","admin2_code":"","admin3_code":"","admin4_code":"","population":"1293","elevation":"2","dem":"8","timezone":"America/Puerto_Rico","modification_date":"2007-02-16"},{"geonameid":"4568350","name":"Suárez","asciiname":"Suarez","alternatenames":[""],"latitude":"18.43022","longitude":"-65.8535","feature_class":"P","feature_code":"PPL","country_code":"PR","cc2":"","admin1_code":"087","admin2_code":"","admin3_code":"","admin4_code":"","population":"2276","elevation":"3","dem":"3","timezone":"America/Puerto_Rico","modification_date":"2007-02-16"},{"geonameid":"4568353","name":"Sumidero","asciiname":"Sumidero","alternatenames":[""],"latitude":"18.21857","longitude":"-66.12878","feature_class":"P","feature_code":"PPL","country_code":"PR","cc2":"","admin1_code":"007","admin2_code":"","admin3_code":"","admin4_code":"","population":"1145","elevation":"449","dem":"450","timezone":"America/Puerto_Rico","modification_date":"2007-02-16"},{"geonameid":"4568367","name":"Tallaboa","asciiname":"Tallaboa","alternatenames":[""],"latitude":"17.99497","longitude":"-66.71629","feature_class":"P","feature_code":"PPL","country_code":"PR","cc2":"","admin1_code":"111","admin2_code":"","admin3_code":"","admin4_code":"","population":"1150","elevation":"14","dem":"21","timezone":"America/Puerto_Rico","modification_date":"2007-02-16"},{"geonameid":"4568368","name":"Tallaboa Alta","asciiname":"Tallaboa Alta","alternatenames":[""],"latitude":"18.05107","longitude":"-66.70017","feature_class":"P","feature_code":"PPL","country_code":"PR","cc2":"","admin1_code":"111","admin2_code":"","admin3_code":"","admin4_code":"","population":"2243","elevation":"78","dem":"89","timezone":"America/Puerto_Rico","modification_date":"2007-02-16"},{"geonameid":"4568399","name":"Tierras Nuevas Poniente","asciiname":"Tierras Nuevas Poniente","alternatenames":[""],"latitude":"18.46189","longitude":"-66.4885","feature_class":"P","feature_code":"PPL","country_code":"PR","cc2":"","admin1_code":"091","admin2_code":"","admin3_code":"","admin4_code":"","population":"2366","elevation":"23","dem":"25","timezone":"America/Puerto_Rico","modification_date":"2007-02-16"},{"geonameid":"4568403","name":"Toa Alta","asciiname":"Toa Alta","alternatenames":[""],"latitude":"18.38828","longitude":"-66.24822","feature_class":"P","feature_code":"PPLA","country_code":"PR","cc2":"","admin1_code":"135","admin2_code":"","admin3_code":"","admin4_code":"","population":"4483","elevation":"25","dem":"25","timezone":"America/Puerto_Rico","modification_date":"2013-06-29"},{"geonameid":"4568407","name":"Toa Baja","asciiname":"Toa Baja","alternatenames":[""],"latitude":"18.44384","longitude":"-66.25961","feature_class":"P","feature_code":"PPLA","country_code":"PR","cc2":"","admin1_code":"137","admin2_code":"","admin3_code":"","admin4_code":"","population":"1889","elevation":"7","dem":"6","timezone":"America/Puerto_Rico","modification_date":"2013-06-29"},{"geonameid":"4568451","name":"Trujillo Alto","asciiname":"Trujillo Alto","alternatenames":[""],"latitude":"18.35467","longitude":"-66.00739","feature_class":"P","feature_code":"PPLA","country_code":"PR","cc2":"","admin1_code":"139","admin2_code":"","admin3_code":"","admin4_code":"","population":"54189","elevation":"20","dem":"21","timezone":"America/Puerto_Rico","modification_date":"2013-06-29"},{"geonameid":"4568490","name":"Utuado","asciiname":"Utuado","alternatenames":["Utuado","uturaada","wu tu a duo","Утуадо","উটুৱাদা","烏圖阿多"],"latitude":"18.26551","longitude":"-66.70045","feature_class":"P","feature_code":"PPLA","country_code":"PR","cc2":"","admin1_code":"141","admin2_code":"","admin3_code":"","admin4_code":"","population":"9844","elevation":"142","dem":"145","timezone":"America/Puerto_Rico","modification_date":"2013-06-29"},{"geonameid":"4568527","name":"Vázquez","asciiname":"Vazquez","alternatenames":[""],"latitude":"18.0658","longitude":"-66.2385","feature_class":"P","feature_code":"PPL","country_code":"PR","cc2":"","admin1_code":"123","admin2_code":"","admin3_code":"","admin4_code":"","population":"2297","elevation":"162","dem":"157","timezone":"America/Puerto_Rico","modification_date":"2007-02-16"},{"geonameid":"4568528","name":"Vega Alta","asciiname":"Vega Alta","alternatenames":[""],"latitude":"18.41217","longitude":"-66.33128","feature_class":"P","feature_code":"PPLA","country_code":"PR","cc2":"","admin1_code":"143","admin2_code":"","admin3_code":"","admin4_code":"","population":"12036","elevation":"33","dem":"34","timezone":"America/Puerto_Rico","modification_date":"2013-06-29"},{"geonameid":"4568533","name":"Vega Baja","asciiname":"Vega Baja","alternatenames":["Vega Bakha","Vega-Bakha","bhega baja","xia wei jia","Вега Баха","Вега-Баха","ভেগা বাজা","下維加"],"latitude":"18.44439","longitude":"-66.38767","feature_class":"P","feature_code":"PPLA","country_code":"PR","cc2":"","admin1_code":"145","admin2_code":"","admin3_code":"","admin4_code":"","population":"29325","elevation":"10","dem":"12","timezone":"America/Puerto_Rico","modification_date":"2013-06-29"},{"geonameid":"4568570","name":"Vieques","asciiname":"Vieques","alternatenames":[""],"latitude":"18.42495","longitude":"-65.83294","feature_class":"P","feature_code":"PPL","country_code":"PR","cc2":"","admin1_code":"087","admin2_code":"","admin3_code":"","admin4_code":"","population":"4325","elevation":"1","dem":"4","timezone":"America/Puerto_Rico","modification_date":"2007-02-16"},{"geonameid":"4568683","name":"Villalba","asciiname":"Villalba","alternatenames":[""],"latitude":"18.12718","longitude":"-66.49212","feature_class":"P","feature_code":"PPLA","country_code":"PR","cc2":"","admin1_code":"149","admin2_code":"","admin3_code":"","admin4_code":"","population":"4555","elevation":"151","dem":"159","timezone":"America/Puerto_Rico","modification_date":"2013-06-29"},{"geonameid":"4568908","name":"Yabucoa","asciiname":"Yabucoa","alternatenames":[""],"latitude":"18.05052","longitude":"-65.87933","feature_class":"P","feature_code":"PPLA","country_code":"PR","cc2":"","admin1_code":"151","admin2_code":"","admin3_code":"","admin4_code":"","population":"6952","elevation":"33","dem":"27","timezone":"America/Puerto_Rico","modification_date":"2013-06-29"},{"geonameid":"4568917","name":"Yauco","asciiname":"Yauco","alternatenames":["Jauko","ya'uko","yao ke","Јауко","Яуко","য়াউকো","堯科"],"latitude":"18.03496","longitude":"-66.8499","feature_class":"P","feature_code":"PPLA","country_code":"PR","cc2":"","admin1_code":"153","admin2_code":"","admin3_code":"","admin4_code":"","population":"20295","elevation":"40","dem":"46","timezone":"America/Puerto_Rico","modification_date":"2013-06-29"},{"geonameid":"4568957","name":"Yaurel","asciiname":"Yaurel","alternatenames":[""],"latitude":"18.02691","longitude":"-66.05711","feature_class":"P","feature_code":"PPL","country_code":"PR","cc2":"","admin1_code":"015","admin2_code":"","admin3_code":"","admin4_code":"","population":"1468","elevation":"221","dem":"210","timezone":"America/Puerto_Rico","modification_date":"2007-02-16"},{"geonameid":"7276400","name":"Adjuntas","asciiname":"Adjuntas","alternatenames":[""],"latitude":"18.16379","longitude":"-66.72369","feature_class":"P","feature_code":"PPLA","country_code":"PR","cc2":"","admin1_code":"001","admin2_code":"","admin3_code":"","admin4_code":"","population":"19483","elevation":"490","dem":"499","timezone":"America/Puerto_Rico","modification_date":"2013-08-05"}]}