{"country_data":{"ISO":"QA","ISO3":"QAT","ISO_Numeric":"634","fips":"QA","country":"Qatar","capital":"Doha","area":"11437","Population":"840926","Continent":"AS","tld":".qa","CurrencyCode":"QAR","CurrencyName":"Rial","Phone":"974","Postal_Code_Format":"","Postal_Code_Regex":"","Languages":"ar-QA,es","geonameid":"289688","neighbours":"SA","EquivalentFipsCode":""},"cities":[{"geonameid":"289523","name":"Umm Şalāl Muḩammad","asciiname":"Umm Salal Muhammad","alternatenames":["Umm Salal Mohammad","Umm Salal Muhammad","Umm Ses Salal","Umm Silal Mohammed","Umm Slal Mohammed","Umm es Salal","Umm es Slal","Umm Şalāl Muḩammad","aum salaal muhamad","أُمّ صَلاَل مُحَمَّد"],"latitude":"25.41694","longitude":"51.40389","feature_class":"P","feature_code":"PPL","country_code":"QA","cc2":"","admin1_code":"09","admin2_code":"","admin3_code":"","admin4_code":"","population":"29391","elevation":"","dem":"25","timezone":"Asia/Qatar","modification_date":"2012-01-18"},{"geonameid":"289524","name":"Umm Şalāl ‘Alī","asciiname":"Umm Salal `Ali","alternatenames":["Umm Salal `Ali","Umm Silal `Ali","Umm Slal Ali","Umm Şalāl ‘Alī","Umm Şilāl ‘Alī","Umm-al-Salal","أم صلال علي"],"latitude":"25.46972","longitude":"51.3975","feature_class":"P","feature_code":"PPLA","country_code":"QA","cc2":"","admin1_code":"09","admin2_code":"","admin3_code":"","admin4_code":"","population":"0","elevation":"","dem":"16","timezone":"Asia/Qatar","modification_date":"2012-01-18"},{"geonameid":"289525","name":"Umm Sa‘īd","asciiname":"Umm Sa'id","alternatenames":["Mesaieed","Musay`id","Musay‘īd","Umm Sa'id","Umm Sa`ad","Umm Sa‘ad","Umm Sa‘īd","أم سعيد"],"latitude":"24.99611","longitude":"51.54889","feature_class":"P","feature_code":"PPL","country_code":"QA","cc2":"","admin1_code":"10","admin2_code":"","admin3_code":"","admin4_code":"","population":"5769","elevation":"","dem":"8","timezone":"Asia/Qatar","modification_date":"2014-05-29"},{"geonameid":"289548","name":"Umm Bāb","asciiname":"Umm Bab","alternatenames":["Umm Bab","Umm Bāb","aum bab","أُمّ بَاب"],"latitude":"25.21417","longitude":"50.80722","feature_class":"P","feature_code":"PPL","country_code":"QA","cc2":"","admin1_code":"11","admin2_code":"","admin3_code":"","admin4_code":"","population":"2500","elevation":"","dem":"56","timezone":"Asia/Qatar","modification_date":"2014-05-29"},{"geonameid":"289739","name":"Madīnat ash Shamāl","asciiname":"Madinat ash Shamal","alternatenames":["Madinat ash Shamal","Madīnat ash Shamāl","mdynt alshmal","مدينة الشمال"],"latitude":"26.12933","longitude":"51.2009","feature_class":"P","feature_code":"PPLA","country_code":"QA","cc2":"","admin1_code":"08","admin2_code":"","admin3_code":"","admin4_code":"","population":"5267","elevation":"","dem":"9","timezone":"Asia/Qatar","modification_date":"2013-08-10"},{"geonameid":"289813","name":"Dukhān","asciiname":"Dukhan","alternatenames":["Al Khathiyah","Dukhan","Dukhkhan","Dukhkhān","Dukhān","Ghariyat Adkhan","Ghariyat Dukhan","Ghāriyat Adkhān","Ghāriyat Dukhān","dukhan","دُخَان"],"latitude":"25.42485","longitude":"50.78227","feature_class":"P","feature_code":"PPL","country_code":"QA","cc2":"","admin1_code":"06","admin2_code":"","admin3_code":"","admin4_code":"","population":"7250","elevation":"","dem":"29","timezone":"Asia/Qatar","modification_date":"2015-07-03"},{"geonameid":"289847","name":"Az̧ Z̧a‘āyin","asciiname":"Az Za`ayin","alternatenames":["Ad Da`ayin","Al Da`ain","Al Da‘ain","Al Dha'Sin","Al Dha’Sin","Az Za`a'in","Az Za`ayim","Az Za`ayin","Az̧ Z̧a‘āyim","Az̧ Z̧a‘āyin","Az̧ Z̧a‘ā’in","Aḑ Ḑa‘āyin","Dha`ain","Dha`an","Dha‘ain","Dha‘an","Edh Dha'ain","Edh Dha’ain","الضعاين","الظعاين"],"latitude":"25.57744","longitude":"51.48306","feature_class":"P","feature_code":"PPLA","country_code":"QA","cc2":"","admin1_code":"13","admin2_code":"","admin3_code":"","admin4_code":"","population":"0","elevation":"","dem":"6","timezone":"Asia/Qatar","modification_date":"2012-02-02"},{"geonameid":"289877","name":"Ash Shaḩānīyah","asciiname":"Ash Shahaniyah","alternatenames":["Al Shahaniyah","Ash Shahaniyah","Ash Shaḩānīyah","aalshahaniat","اَلشَّحَانِيَّة"],"latitude":"25.36861","longitude":"51.22639","feature_class":"P","feature_code":"PPL","country_code":"QA","cc2":"","admin1_code":"06","admin2_code":"","admin3_code":"","admin4_code":"","population":"8380","elevation":"","dem":"42","timezone":"Asia/Qatar","modification_date":"2011-03-07"},{"geonameid":"289884","name":"Ar Ru’ays","asciiname":"Ar Ru'ays","alternatenames":["Ar Ru'ays","Ar Ruwais","Ar Ruways","Ar Ru’ays","Ruwais","aalruways","اَلرُّؤَيْس"],"latitude":"26.13333","longitude":"51.21667","feature_class":"P","feature_code":"PPL","country_code":"QA","cc2":"","admin1_code":"08","admin2_code":"","admin3_code":"","admin4_code":"","population":"3334","elevation":"","dem":"3","timezone":"Asia/Qatar","modification_date":"2012-01-18"},{"geonameid":"289888","name":"Ar Rayyān","asciiname":"Ar Rayyan","alternatenames":["Al Raiyan","Al Rayyan","Ar Rayyan","Ar Rayyān","Raiyan","alryan","ar-Rayyan","الريان"],"latitude":"25.29194","longitude":"51.42444","feature_class":"P","feature_code":"PPLA","country_code":"QA","cc2":"","admin1_code":"06","admin2_code":"","admin3_code":"","admin4_code":"","population":"272465","elevation":"","dem":"23","timezone":"Asia/Qatar","modification_date":"2014-07-23"},{"geonameid":"289913","name":"Al Wukayr","asciiname":"Al Wukayr","alternatenames":["Al Wukair","Al Wukayr","aalwukayr","اَلْوُكَيْر"],"latitude":"25.15083","longitude":"51.53778","feature_class":"P","feature_code":"PPL","country_code":"QA","cc2":"","admin1_code":"10","admin2_code":"","admin3_code":"","admin4_code":"","population":"5146","elevation":"","dem":"7","timezone":"Asia/Qatar","modification_date":"2012-01-18"},{"geonameid":"289915","name":"Al Wakrah","asciiname":"Al Wakrah","alternatenames":["Al Wakrah","Al Waqra","Al Waqrah","Wakra","Wakrah","Waqra","alwkrt","الوكرة"],"latitude":"25.17151","longitude":"51.60337","feature_class":"P","feature_code":"PPLA","country_code":"QA","cc2":"","admin1_code":"10","admin2_code":"","admin3_code":"","admin4_code":"","population":"26436","elevation":"","dem":"9","timezone":"Asia/Qatar","modification_date":"2012-01-18"},{"geonameid":"289962","name":"Al Khawr","asciiname":"Al Khawr","alternatenames":["Al Khawr","Al-Khaur","Khaur Shaqiq","Khaur al-Mahanidah","Khawr Shaqiq","Khawr Shaqīq","Khor","Khor Shaqiq","Khor Shaqīq","Khor-al-Mahandah","Khor-al-Mahāndah","Shakik","alkhwr","الخور"],"latitude":"25.68389","longitude":"51.50583","feature_class":"P","feature_code":"PPLA","country_code":"QA","cc2":"","admin1_code":"04","admin2_code":"","admin3_code":"","admin4_code":"","population":"18923","elevation":"","dem":"10","timezone":"Asia/Qatar","modification_date":"2012-01-18"},{"geonameid":"289975","name":"Al Jumaylīyah","asciiname":"Al Jumayliyah","alternatenames":["Al Jamaliya","Al Jamliyah","Al Jamlīyah","Al Jumaliyah","Al Jumayliyah","Al Jumaylīyah","Jimaliyah","Jimalīyah","aaljumayliat","اَلْجُمَيْلِيَّة"],"latitude":"25.60944","longitude":"51.09222","feature_class":"P","feature_code":"PPL","country_code":"QA","cc2":"","admin1_code":"03","admin2_code":"","admin3_code":"","admin4_code":"","population":"1788","elevation":"","dem":"39","timezone":"Asia/Qatar","modification_date":"2013-07-11"},{"geonameid":"289993","name":"Al Ghuwayrīyah","asciiname":"Al Ghuwayriyah","alternatenames":["Al Ghuwairiya","Al Ghuwairiyah","Al Ghuwayriyah","Al Ghuwayrīyah","Ghuwairiyah","Ghuwairīyah","aalghuayriat","اَلْغُوَيْرِيَّة"],"latitude":"25.82972","longitude":"51.24528","feature_class":"P","feature_code":"PPL","country_code":"QA","cc2":"","admin1_code":"02","admin2_code":"","admin3_code":"","admin4_code":"","population":"2332","elevation":"","dem":"21","timezone":"Asia/Qatar","modification_date":"2013-07-11"},{"geonameid":"290030","name":"Doha","asciiname":"Doha","alternatenames":["Ad Dawha","Ad Dawhah","Ad Dawḩa","Ad Dawḩah","Ad Doha","Ad Dowhah","Ad-Dauha","Ad-Dawhah","Ad-Dawḩah","DOH","Daeuha","Dauha","Dauhá","Dawha","Dawhat al Qatar","Dawḥa","Dawḩat al Qaţar","Dewhe","Do'ha","Doha","Doho","Dokha","Dokhae","Dokho","Doʻha","Doḥa","Duoha","Däuha","Gorad Dokha","Ntocha","aaldawhat","aldwht","deaha","do ha","doha","dohara","duo ha","dwha","dwhh","toka","Ντόχα","Горад Доха","Дохæ","Доха","Дохо","Доҳа","Դոհա","דוחא","דוחה","الدوحة","اَلدَّوْحَة","دوحه","دوحہ","دوها","دوھا","دەوحە","दोहा","দোহা","দোহার","ਦੋਹਾ","தோகா","ದೊಹಾ","ദോഹ","โดฮา","དྷོ་ཧ།","დოჰა","ዶሃ","ドーハ","多哈","도하"],"latitude":"25.27932","longitude":"51.52245","feature_class":"P","feature_code":"PPLC","country_code":"QA","cc2":"","admin1_code":"01","admin2_code":"","admin3_code":"","admin4_code":"","population":"344939","elevation":"","dem":"13","timezone":"Asia/Qatar","modification_date":"2010-05-30"},{"geonameid":"406787","name":"Fuwayriţ","asciiname":"Fuwayrit","alternatenames":["Fuwayrit","Fuwayriţ","fuayrit","فُوَيْرِط"],"latitude":"26.02167","longitude":"51.36694","feature_class":"P","feature_code":"PPL","country_code":"QA","cc2":"","admin1_code":"08","admin2_code":"","admin3_code":"","admin4_code":"","population":"1333","elevation":"","dem":"4","timezone":"Asia/Qatar","modification_date":"2012-01-19"}]}