{"country_data":{"ISO":"CG","ISO3":"COG","ISO_Numeric":"178","fips":"CF","country":"Republic of the Congo","capital":"Brazzaville","area":"342000","Population":"3039126","Continent":"AF","tld":".cg","CurrencyCode":"XAF","CurrencyName":"Franc","Phone":"242","Postal_Code_Format":"","Postal_Code_Regex":"","Languages":"fr-CG,kg,ln-CG","geonameid":"2260494","neighbours":"CF,GA,CD,CM,AO","EquivalentFipsCode":""},"cities":[{"geonameid":"2255285","name":"Sibiti","asciiname":"Sibiti","alternatenames":["SIB","Sibidi","Sibiti"],"latitude":"-3.68192","longitude":"13.34985","feature_class":"P","feature_code":"PPLA","country_code":"CG","cc2":"","admin1_code":"05","admin2_code":"","admin3_code":"","admin4_code":"","population":"19089","elevation":"","dem":"531","timezone":"Africa/Brazzaville","modification_date":"2011-10-26"},{"geonameid":"2255304","name":"Sémbé","asciiname":"Sembe","alternatenames":["Sembe","Ssembe","Sémbé"],"latitude":"1.64806","longitude":"14.58056","feature_class":"P","feature_code":"PPL","country_code":"CG","cc2":"","admin1_code":"10","admin2_code":"","admin3_code":"","admin4_code":"","population":"3113","elevation":"","dem":"427","timezone":"Africa/Brazzaville","modification_date":"2012-01-17"},{"geonameid":"2255414","name":"Pointe-Noire","asciiname":"Pointe-Noire","alternatenames":["PNR","Pointe-Noire","Puehnt-Nuar","Puent Nuaras","puaengteunualeu","Пуэнт-Нуар","푸앵트누아르"],"latitude":"-4.77609","longitude":"11.86352","feature_class":"P","feature_code":"PPLA","country_code":"CG","cc2":"","admin1_code":"7280295","admin2_code":"","admin3_code":"","admin4_code":"","population":"659084","elevation":"","dem":"12","timezone":"Africa/Brazzaville","modification_date":"2013-08-27"},{"geonameid":"2255542","name":"Owando","asciiname":"Owando","alternatenames":["FTX","Fort Pousset","Fort-Rousset","Ouando","Ovando","Owando","Овандо"],"latitude":"-0.48193","longitude":"15.89988","feature_class":"P","feature_code":"PPLA","country_code":"CG","cc2":"","admin1_code":"13","admin2_code":"","admin3_code":"","admin4_code":"","population":"23952","elevation":"","dem":"355","timezone":"Africa/Brazzaville","modification_date":"2011-10-27"},{"geonameid":"2255564","name":"Ouésso","asciiname":"Ouesso","alternatenames":["Ouesso","Ouésso"],"latitude":"1.61361","longitude":"16.05167","feature_class":"P","feature_code":"PPLA","country_code":"CG","cc2":"","admin1_code":"10","admin2_code":"","admin3_code":"","admin4_code":"","population":"23915","elevation":"","dem":"348","timezone":"Africa/Brazzaville","modification_date":"2012-01-17"},{"geonameid":"2256895","name":"Mossendjo","asciiname":"Mossendjo","alternatenames":["MSX","Massendjo","Mossendio","Mossendjo"],"latitude":"-2.94968","longitude":"12.70423","feature_class":"P","feature_code":"PPL","country_code":"CG","cc2":"","admin1_code":"07","admin2_code":"","admin3_code":"","admin4_code":"","population":"18231","elevation":"","dem":"448","timezone":"Africa/Brazzaville","modification_date":"2013-05-09"},{"geonameid":"2257879","name":"Makoua","asciiname":"Makoua","alternatenames":["MKJ","Makoua","Makoue"],"latitude":"0.00694","longitude":"15.63333","feature_class":"P","feature_code":"PPL","country_code":"CG","cc2":"","admin1_code":"13","admin2_code":"","admin3_code":"","admin4_code":"","population":"11355","elevation":"","dem":"324","timezone":"Africa/Brazzaville","modification_date":"2012-01-17"},{"geonameid":"2257990","name":"Madingou","asciiname":"Madingou","alternatenames":["Madingo","Madingou","Madingu","Мадингу"],"latitude":"-4.15361","longitude":"13.55","feature_class":"P","feature_code":"PPLA","country_code":"CG","cc2":"","admin1_code":"01","admin2_code":"","admin3_code":"","admin4_code":"","population":"22760","elevation":"","dem":"216","timezone":"Africa/Brazzaville","modification_date":"2012-01-17"},{"geonameid":"2258261","name":"Dolisie","asciiname":"Dolisie","alternatenames":["DIS","Dolisi","Dolisie","Dolosie","Loubomo","Долиси"],"latitude":"-4.19834","longitude":"12.66664","feature_class":"P","feature_code":"PPLA","country_code":"CG","cc2":"","admin1_code":"07","admin2_code":"","admin3_code":"","admin4_code":"","population":"103894","elevation":"","dem":"332","timezone":"Africa/Brazzaville","modification_date":"2013-04-22"},{"geonameid":"2258375","name":"Loango","asciiname":"Loango","alternatenames":[""],"latitude":"-4.65194","longitude":"11.8125","feature_class":"P","feature_code":"PPLA","country_code":"CG","cc2":"","admin1_code":"04","admin2_code":"","admin3_code":"","admin4_code":"","population":"0","elevation":"","dem":"13","timezone":"Africa/Brazzaville","modification_date":"2014-03-06"},{"geonameid":"2258378","name":"Loandjili","asciiname":"Loandjili","alternatenames":["Loandjili","Louantili"],"latitude":"-4.75611","longitude":"11.85778","feature_class":"P","feature_code":"PPL","country_code":"CG","cc2":"","admin1_code":"7280295","admin2_code":"","admin3_code":"","admin4_code":"","population":"23204","elevation":"","dem":"7","timezone":"Africa/Brazzaville","modification_date":"2014-03-06"},{"geonameid":"2258984","name":"Kinkala","asciiname":"Kinkala","alternatenames":["Kinkala"],"latitude":"-4.36139","longitude":"14.76444","feature_class":"P","feature_code":"PPLA","country_code":"CG","cc2":"","admin1_code":"11","admin2_code":"","admin3_code":"","admin4_code":"","population":"13882","elevation":"","dem":"426","timezone":"Africa/Brazzaville","modification_date":"2012-02-01"},{"geonameid":"2259383","name":"Kayes","asciiname":"Kayes","alternatenames":["Jacob","Kai","Kajes","Kaye","Kayes","Kaï","Кайес"],"latitude":"-4.20493","longitude":"13.28608","feature_class":"P","feature_code":"PPL","country_code":"CG","cc2":"","admin1_code":"01","admin2_code":"","admin3_code":"","admin4_code":"","population":"58737","elevation":"","dem":"165","timezone":"Africa/Brazzaville","modification_date":"2013-04-13"},{"geonameid":"2259655","name":"Impfondo","asciiname":"Impfondo","alternatenames":["Desbordesville","ION","Impfondo","Imponfo","Импфондо"],"latitude":"1.61804","longitude":"18.05981","feature_class":"P","feature_code":"PPLA","country_code":"CG","cc2":"","admin1_code":"06","admin2_code":"","admin3_code":"","admin4_code":"","population":"20859","elevation":"","dem":"323","timezone":"Africa/Brazzaville","modification_date":"2013-05-08"},{"geonameid":"2259947","name":"Gamboma","asciiname":"Gamboma","alternatenames":["GMM","Gamboma"],"latitude":"-1.87639","longitude":"15.86444","feature_class":"P","feature_code":"PPL","country_code":"CG","cc2":"","admin1_code":"08","admin2_code":"","admin3_code":"","admin4_code":"","population":"20877","elevation":"","dem":"366","timezone":"Africa/Brazzaville","modification_date":"2012-05-05"},{"geonameid":"2260009","name":"Ewo","asciiname":"Ewo","alternatenames":["EWO","Eouo","Ewo"],"latitude":"-0.8725","longitude":"14.82056","feature_class":"P","feature_code":"PPLA","country_code":"CG","cc2":"","admin1_code":"14","admin2_code":"","admin3_code":"","admin4_code":"","population":"4923","elevation":"","dem":"376","timezone":"Africa/Brazzaville","modification_date":"2012-01-17"},{"geonameid":"2260401","name":"Djambala","asciiname":"Djambala","alternatenames":["DJM","Dambala","Djambala","Djamballa"],"latitude":"-2.54472","longitude":"14.75333","feature_class":"P","feature_code":"PPLA","country_code":"CG","cc2":"","admin1_code":"08","admin2_code":"","admin3_code":"","admin4_code":"","population":"9650","elevation":"","dem":"790","timezone":"Africa/Brazzaville","modification_date":"2012-01-17"},{"geonameid":"2260535","name":"Brazzaville","asciiname":"Brazzaville","alternatenames":["BZV","Braza","Brazavil","Brazavilis","Brazavilo","Brazzavil'","Brazzaville","Maya-Maya","Mprazabil","N'Tamo","beulajabil","brazafyl","brazawyl","brzwwyl","bu la chai wei er","burazavu~iru","Μπραζαβίλ","Браззавиль","ברזוויל","برازافيل","برازاویل","ብራዛቪል","ブラザヴィル","布拉柴维尔","브라자빌"],"latitude":"-4.26613","longitude":"15.28318","feature_class":"P","feature_code":"PPLC","country_code":"CG","cc2":"","admin1_code":"12","admin2_code":"","admin3_code":"","admin4_code":"","population":"1284609","elevation":"","dem":"284","timezone":"Africa/Brazzaville","modification_date":"2012-04-25"},{"geonameid":"8521334","name":"Nkayi","asciiname":"Nkayi","alternatenames":["NKY"],"latitude":"-4.18396","longitude":"13.2859","feature_class":"P","feature_code":"PPLA2","country_code":"CG","cc2":"","admin1_code":"01","admin2_code":"","admin3_code":"","admin4_code":"","population":"0","elevation":"","dem":"181","timezone":"Africa/Brazzaville","modification_date":"2013-04-13"},{"geonameid":"2255285","name":"Sibiti","asciiname":"Sibiti","alternatenames":["SIB","Sibidi","Sibiti"],"latitude":"-3.68192","longitude":"13.34985","feature_class":"P","feature_code":"PPLA","country_code":"CG","cc2":"","admin1_code":"05","admin2_code":"","admin3_code":"","admin4_code":"","population":"19089","elevation":"","dem":"531","timezone":"Africa/Brazzaville","modification_date":"2011-10-26"},{"geonameid":"2255414","name":"Pointe-Noire","asciiname":"Pointe-Noire","alternatenames":["PNR","Pointe-Noire","Puehnt-Nuar","Puent Nuaras","puaengteunualeu","Пуэнт-Нуар","푸앵트누아르"],"latitude":"-4.77609","longitude":"11.86352","feature_class":"P","feature_code":"PPLA","country_code":"CG","cc2":"","admin1_code":"7280295","admin2_code":"","admin3_code":"","admin4_code":"","population":"659084","elevation":"","dem":"12","timezone":"Africa/Brazzaville","modification_date":"2013-08-27"},{"geonameid":"2255542","name":"Owando","asciiname":"Owando","alternatenames":["FTX","Fort Pousset","Fort-Rousset","Ouando","Ovando","Owando","Овандо"],"latitude":"-0.48193","longitude":"15.89988","feature_class":"P","feature_code":"PPLA","country_code":"CG","cc2":"","admin1_code":"13","admin2_code":"","admin3_code":"","admin4_code":"","population":"23952","elevation":"","dem":"355","timezone":"Africa/Brazzaville","modification_date":"2011-10-27"},{"geonameid":"2255564","name":"Ouésso","asciiname":"Ouesso","alternatenames":["Ouesso","Ouésso"],"latitude":"1.61361","longitude":"16.05167","feature_class":"P","feature_code":"PPLA","country_code":"CG","cc2":"","admin1_code":"10","admin2_code":"","admin3_code":"","admin4_code":"","population":"23915","elevation":"","dem":"348","timezone":"Africa/Brazzaville","modification_date":"2012-01-17"},{"geonameid":"2256895","name":"Mossendjo","asciiname":"Mossendjo","alternatenames":["MSX","Massendjo","Mossendio","Mossendjo"],"latitude":"-2.94968","longitude":"12.70423","feature_class":"P","feature_code":"PPL","country_code":"CG","cc2":"","admin1_code":"07","admin2_code":"","admin3_code":"","admin4_code":"","population":"18231","elevation":"","dem":"448","timezone":"Africa/Brazzaville","modification_date":"2013-05-09"},{"geonameid":"2257879","name":"Makoua","asciiname":"Makoua","alternatenames":["MKJ","Makoua","Makoue"],"latitude":"0.00694","longitude":"15.63333","feature_class":"P","feature_code":"PPL","country_code":"CG","cc2":"","admin1_code":"13","admin2_code":"","admin3_code":"","admin4_code":"","population":"11355","elevation":"","dem":"324","timezone":"Africa/Brazzaville","modification_date":"2012-01-17"},{"geonameid":"2257990","name":"Madingou","asciiname":"Madingou","alternatenames":["Madingo","Madingou","Madingu","Мадингу"],"latitude":"-4.15361","longitude":"13.55","feature_class":"P","feature_code":"PPLA","country_code":"CG","cc2":"","admin1_code":"01","admin2_code":"","admin3_code":"","admin4_code":"","population":"22760","elevation":"","dem":"216","timezone":"Africa/Brazzaville","modification_date":"2012-01-17"},{"geonameid":"2258261","name":"Dolisie","asciiname":"Dolisie","alternatenames":["DIS","Dolisi","Dolisie","Dolosie","Loubomo","Долиси"],"latitude":"-4.19834","longitude":"12.66664","feature_class":"P","feature_code":"PPLA","country_code":"CG","cc2":"","admin1_code":"07","admin2_code":"","admin3_code":"","admin4_code":"","population":"103894","elevation":"","dem":"332","timezone":"Africa/Brazzaville","modification_date":"2013-04-22"},{"geonameid":"2258375","name":"Loango","asciiname":"Loango","alternatenames":[""],"latitude":"-4.65194","longitude":"11.8125","feature_class":"P","feature_code":"PPLA","country_code":"CG","cc2":"","admin1_code":"04","admin2_code":"","admin3_code":"","admin4_code":"","population":"0","elevation":"","dem":"13","timezone":"Africa/Brazzaville","modification_date":"2014-03-06"},{"geonameid":"2258378","name":"Loandjili","asciiname":"Loandjili","alternatenames":["Loandjili","Louantili"],"latitude":"-4.75611","longitude":"11.85778","feature_class":"P","feature_code":"PPL","country_code":"CG","cc2":"","admin1_code":"7280295","admin2_code":"","admin3_code":"","admin4_code":"","population":"23204","elevation":"","dem":"7","timezone":"Africa/Brazzaville","modification_date":"2014-03-06"},{"geonameid":"2258984","name":"Kinkala","asciiname":"Kinkala","alternatenames":["Kinkala"],"latitude":"-4.36139","longitude":"14.76444","feature_class":"P","feature_code":"PPLA","country_code":"CG","cc2":"","admin1_code":"11","admin2_code":"","admin3_code":"","admin4_code":"","population":"13882","elevation":"","dem":"426","timezone":"Africa/Brazzaville","modification_date":"2012-02-01"},{"geonameid":"2259383","name":"Kayes","asciiname":"Kayes","alternatenames":["Jacob","Kai","Kajes","Kaye","Kayes","Kaï","Кайес"],"latitude":"-4.20493","longitude":"13.28608","feature_class":"P","feature_code":"PPL","country_code":"CG","cc2":"","admin1_code":"01","admin2_code":"","admin3_code":"","admin4_code":"","population":"58737","elevation":"","dem":"165","timezone":"Africa/Brazzaville","modification_date":"2013-04-13"},{"geonameid":"2259655","name":"Impfondo","asciiname":"Impfondo","alternatenames":["Desbordesville","ION","Impfondo","Imponfo","Импфондо"],"latitude":"1.61804","longitude":"18.05981","feature_class":"P","feature_code":"PPLA","country_code":"CG","cc2":"","admin1_code":"06","admin2_code":"","admin3_code":"","admin4_code":"","population":"20859","elevation":"","dem":"323","timezone":"Africa/Brazzaville","modification_date":"2013-05-08"},{"geonameid":"2259947","name":"Gamboma","asciiname":"Gamboma","alternatenames":["GMM","Gamboma"],"latitude":"-1.87639","longitude":"15.86444","feature_class":"P","feature_code":"PPL","country_code":"CG","cc2":"","admin1_code":"08","admin2_code":"","admin3_code":"","admin4_code":"","population":"20877","elevation":"","dem":"366","timezone":"Africa/Brazzaville","modification_date":"2012-05-05"},{"geonameid":"2260009","name":"Ewo","asciiname":"Ewo","alternatenames":["EWO","Eouo","Ewo"],"latitude":"-0.8725","longitude":"14.82056","feature_class":"P","feature_code":"PPLA","country_code":"CG","cc2":"","admin1_code":"14","admin2_code":"","admin3_code":"","admin4_code":"","population":"4923","elevation":"","dem":"376","timezone":"Africa/Brazzaville","modification_date":"2012-01-17"},{"geonameid":"2260401","name":"Djambala","asciiname":"Djambala","alternatenames":["DJM","Dambala","Djambala","Djamballa"],"latitude":"-2.54472","longitude":"14.75333","feature_class":"P","feature_code":"PPLA","country_code":"CG","cc2":"","admin1_code":"08","admin2_code":"","admin3_code":"","admin4_code":"","population":"9650","elevation":"","dem":"790","timezone":"Africa/Brazzaville","modification_date":"2012-01-17"},{"geonameid":"2260535","name":"Brazzaville","asciiname":"Brazzaville","alternatenames":["BZV","Braza","Brazavil","Brazavilis","Brazavilo","Brazzavil'","Brazzaville","Maya-Maya","Mprazabil","N'Tamo","beulajabil","brazafyl","brazawyl","brzwwyl","bu la chai wei er","burazavu~iru","Μπραζαβίλ","Браззавиль","ברזוויל","برازافيل","برازاویل","ብራዛቪል","ブラザヴィル","布拉柴维尔","브라자빌"],"latitude":"-4.26613","longitude":"15.28318","feature_class":"P","feature_code":"PPLC","country_code":"CG","cc2":"","admin1_code":"12","admin2_code":"","admin3_code":"","admin4_code":"","population":"1284609","elevation":"","dem":"284","timezone":"Africa/Brazzaville","modification_date":"2012-04-25"},{"geonameid":"2255285","name":"Sibiti","asciiname":"Sibiti","alternatenames":["SIB","Sibidi","Sibiti"],"latitude":"-3.68192","longitude":"13.34985","feature_class":"P","feature_code":"PPLA","country_code":"CG","cc2":"","admin1_code":"05","admin2_code":"","admin3_code":"","admin4_code":"","population":"19089","elevation":"","dem":"531","timezone":"Africa/Brazzaville","modification_date":"2011-10-26"},{"geonameid":"2255414","name":"Pointe-Noire","asciiname":"Pointe-Noire","alternatenames":["PNR","Pointe-Noire","Puehnt-Nuar","Puent Nuaras","puaengteunualeu","Пуэнт-Нуар","푸앵트누아르"],"latitude":"-4.77609","longitude":"11.86352","feature_class":"P","feature_code":"PPLA","country_code":"CG","cc2":"","admin1_code":"7280295","admin2_code":"","admin3_code":"","admin4_code":"","population":"659084","elevation":"","dem":"12","timezone":"Africa/Brazzaville","modification_date":"2013-08-27"},{"geonameid":"2255542","name":"Owando","asciiname":"Owando","alternatenames":["FTX","Fort Pousset","Fort-Rousset","Ouando","Ovando","Owando","Овандо"],"latitude":"-0.48193","longitude":"15.89988","feature_class":"P","feature_code":"PPLA","country_code":"CG","cc2":"","admin1_code":"13","admin2_code":"","admin3_code":"","admin4_code":"","population":"23952","elevation":"","dem":"355","timezone":"Africa/Brazzaville","modification_date":"2011-10-27"},{"geonameid":"2255564","name":"Ouésso","asciiname":"Ouesso","alternatenames":["Ouesso","Ouésso"],"latitude":"1.61361","longitude":"16.05167","feature_class":"P","feature_code":"PPLA","country_code":"CG","cc2":"","admin1_code":"10","admin2_code":"","admin3_code":"","admin4_code":"","population":"23915","elevation":"","dem":"348","timezone":"Africa/Brazzaville","modification_date":"2012-01-17"},{"geonameid":"2256895","name":"Mossendjo","asciiname":"Mossendjo","alternatenames":["MSX","Massendjo","Mossendio","Mossendjo"],"latitude":"-2.94968","longitude":"12.70423","feature_class":"P","feature_code":"PPL","country_code":"CG","cc2":"","admin1_code":"07","admin2_code":"","admin3_code":"","admin4_code":"","population":"18231","elevation":"","dem":"448","timezone":"Africa/Brazzaville","modification_date":"2013-05-09"},{"geonameid":"2257990","name":"Madingou","asciiname":"Madingou","alternatenames":["Madingo","Madingou","Madingu","Мадингу"],"latitude":"-4.15361","longitude":"13.55","feature_class":"P","feature_code":"PPLA","country_code":"CG","cc2":"","admin1_code":"01","admin2_code":"","admin3_code":"","admin4_code":"","population":"22760","elevation":"","dem":"216","timezone":"Africa/Brazzaville","modification_date":"2012-01-17"},{"geonameid":"2258261","name":"Dolisie","asciiname":"Dolisie","alternatenames":["DIS","Dolisi","Dolisie","Dolosie","Loubomo","Долиси"],"latitude":"-4.19834","longitude":"12.66664","feature_class":"P","feature_code":"PPLA","country_code":"CG","cc2":"","admin1_code":"07","admin2_code":"","admin3_code":"","admin4_code":"","population":"103894","elevation":"","dem":"332","timezone":"Africa/Brazzaville","modification_date":"2013-04-22"},{"geonameid":"2258378","name":"Loandjili","asciiname":"Loandjili","alternatenames":["Loandjili","Louantili"],"latitude":"-4.75611","longitude":"11.85778","feature_class":"P","feature_code":"PPL","country_code":"CG","cc2":"","admin1_code":"7280295","admin2_code":"","admin3_code":"","admin4_code":"","population":"23204","elevation":"","dem":"7","timezone":"Africa/Brazzaville","modification_date":"2014-03-06"},{"geonameid":"2259383","name":"Kayes","asciiname":"Kayes","alternatenames":["Jacob","Kai","Kajes","Kaye","Kayes","Kaï","Кайес"],"latitude":"-4.20493","longitude":"13.28608","feature_class":"P","feature_code":"PPL","country_code":"CG","cc2":"","admin1_code":"01","admin2_code":"","admin3_code":"","admin4_code":"","population":"58737","elevation":"","dem":"165","timezone":"Africa/Brazzaville","modification_date":"2013-04-13"},{"geonameid":"2259655","name":"Impfondo","asciiname":"Impfondo","alternatenames":["Desbordesville","ION","Impfondo","Imponfo","Импфондо"],"latitude":"1.61804","longitude":"18.05981","feature_class":"P","feature_code":"PPLA","country_code":"CG","cc2":"","admin1_code":"06","admin2_code":"","admin3_code":"","admin4_code":"","population":"20859","elevation":"","dem":"323","timezone":"Africa/Brazzaville","modification_date":"2013-05-08"},{"geonameid":"2259947","name":"Gamboma","asciiname":"Gamboma","alternatenames":["GMM","Gamboma"],"latitude":"-1.87639","longitude":"15.86444","feature_class":"P","feature_code":"PPL","country_code":"CG","cc2":"","admin1_code":"08","admin2_code":"","admin3_code":"","admin4_code":"","population":"20877","elevation":"","dem":"366","timezone":"Africa/Brazzaville","modification_date":"2012-05-05"},{"geonameid":"2260535","name":"Brazzaville","asciiname":"Brazzaville","alternatenames":["BZV","Braza","Brazavil","Brazavilis","Brazavilo","Brazzavil'","Brazzaville","Maya-Maya","Mprazabil","N'Tamo","beulajabil","brazafyl","brazawyl","brzwwyl","bu la chai wei er","burazavu~iru","Μπραζαβίλ","Браззавиль","ברזוויל","برازافيل","برازاویل","ብራዛቪል","ブラザヴィル","布拉柴维尔","브라자빌"],"latitude":"-4.26613","longitude":"15.28318","feature_class":"P","feature_code":"PPLC","country_code":"CG","cc2":"","admin1_code":"12","admin2_code":"","admin3_code":"","admin4_code":"","population":"1284609","elevation":"","dem":"284","timezone":"Africa/Brazzaville","modification_date":"2012-04-25"}]}