{"country_data":{"ISO":"VC","ISO3":"VCT","ISO_Numeric":"670","fips":"VC","country":"Saint Vincent and the Grenadines","capital":"Kingstown","area":"389","Population":"104217","Continent":"NA","tld":".vc","CurrencyCode":"XCD","CurrencyName":"Dollar","Phone":"+1-784","Postal_Code_Format":"","Postal_Code_Regex":"","Languages":"en-VC,fr","geonameid":"3577815","neighbours":"","EquivalentFipsCode":""},"cities":[{"geonameid":"3577844","name":"Port Elizabeth","asciiname":"Port Elizabeth","alternatenames":["BQU","Port Elizabeth","Port-Elisabeth"],"latitude":"13.01102","longitude":"-61.23548","feature_class":"P","feature_code":"PPLA","country_code":"VC","cc2":"","admin1_code":"06","admin2_code":"","admin3_code":"","admin4_code":"","population":"839","elevation":"","dem":"10","timezone":"America/St_Vincent","modification_date":"2014-04-17"},{"geonameid":"3577879","name":"Layou","asciiname":"Layou","alternatenames":["Layou"],"latitude":"13.2","longitude":"-61.26667","feature_class":"P","feature_code":"PPLA","country_code":"VC","cc2":"","admin1_code":"02","admin2_code":"","admin3_code":"","admin4_code":"","population":"140","elevation":"","dem":"98","timezone":"America/St_Vincent","modification_date":"2013-08-06"},{"geonameid":"3577887","name":"Kingstown","asciiname":"Kingstown","alternatenames":["Gorad Kingstaun","Kin'nkstaoun","Kingstaun","Kingstauna","Kingstaunas","Kingstauno","Kingstaŭno","Kingstown","Kinqstaun","SVD","jin si dui","khing s thawn","kigasata'una","kingsata'una","kingseutaun","kingusutaun","kynghstawn","kyngztawn","Κίνγκσταουν","Κινγκστάουν","Горад Кінгстаўн","Кингстаун","Киҥстаун","Кінгстаун","קינגסטאון","كينغستاون","کنگز ٹاؤن","کینگزتاون","किंग्सटाउन","ਕਿੰਗਸਟਾਊਨ","คิงส์ทาวน์","ཁིན་སི་ཐོན།","კინგსტაუნი","ኪንግስታውን","キングスタウン","金斯敦","킹스타운"],"latitude":"13.15872","longitude":"-61.22475","feature_class":"P","feature_code":"PPLC","country_code":"VC","cc2":"","admin1_code":"04","admin2_code":"","admin3_code":"","admin4_code":"","population":"24518","elevation":"","dem":"14","timezone":"America/St_Vincent","modification_date":"2010-05-30"},{"geonameid":"3577900","name":"Georgetown","asciiname":"Georgetown","alternatenames":["Georgetown"],"latitude":"13.2879","longitude":"-61.1302","feature_class":"P","feature_code":"PPLA","country_code":"VC","cc2":"","admin1_code":"01","admin2_code":"","admin3_code":"","admin4_code":"","population":"1680","elevation":"","dem":"52","timezone":"America/St_Vincent","modification_date":"2012-02-17"},{"geonameid":"3577933","name":"Chateaubelair","asciiname":"Chateaubelair","alternatenames":["Chateaubelair","Richmond","Richmond Town"],"latitude":"13.28333","longitude":"-61.25","feature_class":"P","feature_code":"PPLA","country_code":"VC","cc2":"","admin1_code":"03","admin2_code":"","admin3_code":"","admin4_code":"","population":"735","elevation":"","dem":"142","timezone":"America/St_Vincent","modification_date":"2012-02-17"},{"geonameid":"3577944","name":"Byera Village","asciiname":"Byera Village","alternatenames":["Byera Village"],"latitude":"13.2572","longitude":"-61.12656","feature_class":"P","feature_code":"PPL","country_code":"VC","cc2":"","admin1_code":"01","admin2_code":"","admin3_code":"","admin4_code":"","population":"1365","elevation":"","dem":"119","timezone":"America/St_Vincent","modification_date":"2014-08-07"},{"geonameid":"3577955","name":"Biabou","asciiname":"Biabou","alternatenames":["Baiabu","Biabou"],"latitude":"13.2","longitude":"-61.13333","feature_class":"P","feature_code":"PPL","country_code":"VC","cc2":"","admin1_code":"01","admin2_code":"","admin3_code":"","admin4_code":"","population":"1050","elevation":"","dem":"-9999","timezone":"America/St_Vincent","modification_date":"2012-01-18"},{"geonameid":"3577962","name":"Barrouallie","asciiname":"Barrouallie","alternatenames":["Barawally","Barroualie","Barrouallie","Barrualli","Princes Town"],"latitude":"13.23333","longitude":"-61.26667","feature_class":"P","feature_code":"PPLA","country_code":"VC","cc2":"","admin1_code":"05","admin2_code":"","admin3_code":"","admin4_code":"","population":"1000","elevation":"","dem":"91","timezone":"America/St_Vincent","modification_date":"2013-08-11"},{"geonameid":"3748726","name":"Kingstown Park","asciiname":"Kingstown Park","alternatenames":[""],"latitude":"13.15833","longitude":"-61.235","feature_class":"P","feature_code":"PPLX","country_code":"VC","cc2":"","admin1_code":"04","admin2_code":"","admin3_code":"","admin4_code":"","population":"17994","elevation":"","dem":"16","timezone":"America/St_Vincent","modification_date":"2006-01-17"},{"geonameid":"3577844","name":"Port Elizabeth","asciiname":"Port Elizabeth","alternatenames":["BQU","Port Elizabeth","Port-Elisabeth"],"latitude":"13.01102","longitude":"-61.23548","feature_class":"P","feature_code":"PPLA","country_code":"VC","cc2":"","admin1_code":"06","admin2_code":"","admin3_code":"","admin4_code":"","population":"839","elevation":"","dem":"10","timezone":"America/St_Vincent","modification_date":"2014-04-17"},{"geonameid":"3577879","name":"Layou","asciiname":"Layou","alternatenames":["Layou"],"latitude":"13.2","longitude":"-61.26667","feature_class":"P","feature_code":"PPLA","country_code":"VC","cc2":"","admin1_code":"02","admin2_code":"","admin3_code":"","admin4_code":"","population":"140","elevation":"","dem":"98","timezone":"America/St_Vincent","modification_date":"2013-08-06"},{"geonameid":"3577887","name":"Kingstown","asciiname":"Kingstown","alternatenames":["Gorad Kingstaun","Kin'nkstaoun","Kingstaun","Kingstauna","Kingstaunas","Kingstauno","Kingstaŭno","Kingstown","Kinqstaun","SVD","jin si dui","khing s thawn","kigasata'una","kingsata'una","kingseutaun","kingusutaun","kynghstawn","kyngztawn","Κίνγκσταουν","Κινγκστάουν","Горад Кінгстаўн","Кингстаун","Киҥстаун","Кінгстаун","קינגסטאון","كينغستاون","کنگز ٹاؤن","کینگزتاون","किंग्सटाउन","ਕਿੰਗਸਟਾਊਨ","คิงส์ทาวน์","ཁིན་སི་ཐོན།","კინგსტაუნი","ኪንግስታውን","キングスタウン","金斯敦","킹스타운"],"latitude":"13.15872","longitude":"-61.22475","feature_class":"P","feature_code":"PPLC","country_code":"VC","cc2":"","admin1_code":"04","admin2_code":"","admin3_code":"","admin4_code":"","population":"24518","elevation":"","dem":"14","timezone":"America/St_Vincent","modification_date":"2010-05-30"},{"geonameid":"3577900","name":"Georgetown","asciiname":"Georgetown","alternatenames":["Georgetown"],"latitude":"13.2879","longitude":"-61.1302","feature_class":"P","feature_code":"PPLA","country_code":"VC","cc2":"","admin1_code":"01","admin2_code":"","admin3_code":"","admin4_code":"","population":"1680","elevation":"","dem":"52","timezone":"America/St_Vincent","modification_date":"2012-02-17"},{"geonameid":"3577933","name":"Chateaubelair","asciiname":"Chateaubelair","alternatenames":["Chateaubelair","Richmond","Richmond Town"],"latitude":"13.28333","longitude":"-61.25","feature_class":"P","feature_code":"PPLA","country_code":"VC","cc2":"","admin1_code":"03","admin2_code":"","admin3_code":"","admin4_code":"","population":"735","elevation":"","dem":"142","timezone":"America/St_Vincent","modification_date":"2012-02-17"},{"geonameid":"3577962","name":"Barrouallie","asciiname":"Barrouallie","alternatenames":["Barawally","Barroualie","Barrouallie","Barrualli","Princes Town"],"latitude":"13.23333","longitude":"-61.26667","feature_class":"P","feature_code":"PPLA","country_code":"VC","cc2":"","admin1_code":"05","admin2_code":"","admin3_code":"","admin4_code":"","population":"1000","elevation":"","dem":"91","timezone":"America/St_Vincent","modification_date":"2013-08-11"},{"geonameid":"3748726","name":"Kingstown Park","asciiname":"Kingstown Park","alternatenames":[""],"latitude":"13.15833","longitude":"-61.235","feature_class":"P","feature_code":"PPLX","country_code":"VC","cc2":"","admin1_code":"04","admin2_code":"","admin3_code":"","admin4_code":"","population":"17994","elevation":"","dem":"16","timezone":"America/St_Vincent","modification_date":"2006-01-17"}]}