{"country_data":{"ISO":"PM","ISO3":"SPM","ISO_Numeric":"666","fips":"SB","country":"Saint Pierre and Miquelon","capital":"Saint-Pierre","area":"242","Population":"7012","Continent":"NA","tld":".pm","CurrencyCode":"EUR","CurrencyName":"Euro","Phone":"508","Postal_Code_Format":"#####","Postal_Code_Regex":"^(97500)$","Languages":"fr-PM","geonameid":"3424932","neighbours":"","EquivalentFipsCode":""},"cities":[{"geonameid":"3424934","name":"Saint-Pierre","asciiname":"Saint-Pierre","alternatenames":["FSP","Saint Pierre","Saint-Pierre","St Pierre","saengpieleu","생피에르"],"latitude":"46.77914","longitude":"-56.1773","feature_class":"P","feature_code":"PPLC","country_code":"PM","cc2":"","admin1_code":"97502","admin2_code":"","admin3_code":"","admin4_code":"","population":"6200","elevation":"","dem":"30","timezone":"America/Miquelon","modification_date":"2013-12-22"},{"geonameid":"3424941","name":"Miquelon","asciiname":"Miquelon","alternatenames":["MQC","Miquelon"],"latitude":"47.0975","longitude":"-56.38139","feature_class":"P","feature_code":"PPLA","country_code":"PM","cc2":"","admin1_code":"97501","admin2_code":"97501","admin3_code":"","admin4_code":"","population":"1141","elevation":"","dem":"4","timezone":"America/Miquelon","modification_date":"2012-06-21"}]}