{"country_data":{"ISO":"KN","ISO3":"KNA","ISO_Numeric":"659","fips":"SC","country":"Saint Kitts and Nevis","capital":"Basseterre","area":"261","Population":"51134","Continent":"NA","tld":".kn","CurrencyCode":"XCD","CurrencyName":"Dollar","Phone":"+1-869","Postal_Code_Format":"","Postal_Code_Regex":"","Languages":"en-KN","geonameid":"3575174","neighbours":"","EquivalentFipsCode":""},"cities":[{"geonameid":"3575115","name":"Trinity","asciiname":"Trinity","alternatenames":[""],"latitude":"17.3","longitude":"-62.76667","feature_class":"P","feature_code":"PPLA","country_code":"KN","cc2":"","admin1_code":"15","admin2_code":"","admin3_code":"","admin4_code":"","population":"1692","elevation":"","dem":"68","timezone":"America/St_Kitts","modification_date":"2013-08-11"},{"geonameid":"3575156","name":"Sandy Point Town","asciiname":"Sandy Point Town","alternatenames":["Sandy Point","Sandy Point Town","Sandy Point Village"],"latitude":"17.35908","longitude":"-62.84858","feature_class":"P","feature_code":"PPLA","country_code":"KN","cc2":"","admin1_code":"02","admin2_code":"","admin3_code":"","admin4_code":"","population":"780","elevation":"","dem":"23","timezone":"America/St_Kitts","modification_date":"2014-04-15"},{"geonameid":"3575170","name":"Saint Paul’s","asciiname":"Saint Paul's","alternatenames":["Saint Paul's","Saint Paul's Village","Saint Paul’s","Saint Paul’s Village"],"latitude":"17.4","longitude":"-62.81667","feature_class":"P","feature_code":"PPLA","country_code":"KN","cc2":"","admin1_code":"09","admin2_code":"","admin3_code":"","admin4_code":"","population":"2460","elevation":"","dem":"103","timezone":"America/St_Kitts","modification_date":"2013-08-09"},{"geonameid":"3575251","name":"Nicola Town","asciiname":"Nicola Town","alternatenames":["Nichola Town"],"latitude":"17.36667","longitude":"-62.75","feature_class":"P","feature_code":"PPLA","country_code":"KN","cc2":"","admin1_code":"01","admin2_code":"","admin3_code":"","admin4_code":"","population":"2059","elevation":"","dem":"108","timezone":"America/St_Kitts","modification_date":"2013-08-09"},{"geonameid":"3575261","name":"Newcastle","asciiname":"Newcastle","alternatenames":["Newcastle","Newcastle Village"],"latitude":"17.2","longitude":"-62.58333","feature_class":"P","feature_code":"PPLA","country_code":"KN","cc2":"","admin1_code":"05","admin2_code":"","admin3_code":"","admin4_code":"","population":"493","elevation":"","dem":"27","timezone":"America/St_Kitts","modification_date":"2014-08-18"},{"geonameid":"3575284","name":"Monkey Hill","asciiname":"Monkey Hill","alternatenames":["Monkey Hill","Monkey Hill Village"],"latitude":"17.31667","longitude":"-62.71667","feature_class":"P","feature_code":"PPLA","country_code":"KN","cc2":"","admin1_code":"11","admin2_code":"","admin3_code":"","admin4_code":"","population":"592","elevation":"","dem":"72","timezone":"America/St_Kitts","modification_date":"2012-01-14"},{"geonameid":"3575292","name":"Middle Island","asciiname":"Middle Island","alternatenames":["Middle Island","Middle Island Village"],"latitude":"17.31667","longitude":"-62.81667","feature_class":"P","feature_code":"PPLA","country_code":"KN","cc2":"","admin1_code":"13","admin2_code":"","admin3_code":"","admin4_code":"","population":"2332","elevation":"","dem":"-9999","timezone":"America/St_Kitts","modification_date":"2013-08-09"},{"geonameid":"3575296","name":"Market Shop","asciiname":"Market Shop","alternatenames":["Market Shop"],"latitude":"17.11667","longitude":"-62.56667","feature_class":"P","feature_code":"PPLA","country_code":"KN","cc2":"","admin1_code":"04","admin2_code":"","admin3_code":"","admin4_code":"","population":"2568","elevation":"","dem":"80","timezone":"America/St_Kitts","modification_date":"2013-08-09"},{"geonameid":"3575423","name":"Fig Tree","asciiname":"Fig Tree","alternatenames":["Fig Tree","Fig Tree Village"],"latitude":"17.11667","longitude":"-62.6","feature_class":"P","feature_code":"PPLA","country_code":"KN","cc2":"","admin1_code":"07","admin2_code":"","admin3_code":"","admin4_code":"","population":"2922","elevation":"","dem":"108","timezone":"America/St_Kitts","modification_date":"2013-08-09"},{"geonameid":"3575441","name":"Dieppe Bay Town","asciiname":"Dieppe Bay Town","alternatenames":["Dieppe Bay"],"latitude":"17.41473","longitude":"-62.8139","feature_class":"P","feature_code":"PPLA","country_code":"KN","cc2":"","admin1_code":"06","admin2_code":"","admin3_code":"","admin4_code":"","population":"592","elevation":"","dem":"20","timezone":"America/St_Kitts","modification_date":"2014-04-15"},{"geonameid":"3575458","name":"Cotton Ground","asciiname":"Cotton Ground","alternatenames":["Cotton Ground","Cotton Ground Village"],"latitude":"17.16667","longitude":"-62.61667","feature_class":"P","feature_code":"PPLA","country_code":"KN","cc2":"","admin1_code":"12","admin2_code":"","admin3_code":"","admin4_code":"","population":"381","elevation":"","dem":"83","timezone":"America/St_Kitts","modification_date":"2012-01-14"},{"geonameid":"3575479","name":"Charlestown","asciiname":"Charlestown","alternatenames":["Charlestown","NEV"],"latitude":"17.13333","longitude":"-62.61667","feature_class":"P","feature_code":"PPLA","country_code":"KN","cc2":"","admin1_code":"10","admin2_code":"","admin3_code":"","admin4_code":"","population":"1538","elevation":"","dem":"46","timezone":"America/St_Kitts","modification_date":"2013-06-28"},{"geonameid":"3575487","name":"Cayon","asciiname":"Cayon","alternatenames":["Cayon","Cayon Village","Cayton"],"latitude":"17.35","longitude":"-62.73333","feature_class":"P","feature_code":"PPLA","country_code":"KN","cc2":"","admin1_code":"08","admin2_code":"","admin3_code":"","admin4_code":"","population":"788","elevation":"","dem":"109","timezone":"America/St_Kitts","modification_date":"2012-01-14"},{"geonameid":"3575551","name":"Basseterre","asciiname":"Basseterre","alternatenames":["Basse Terre Town","Basseterre","Baste","Baster","Bastera","Basteras","Bastero","Bastè","Gorad Bastehr","Mpaster","SKB","ba si te er","basetera","baseteru","baseuteleu","bastyr","basytyr","pacettere","Μπαστέρ","Бастер","Горад Бастэр","באסטר","باستير","باسه‌تر","باسیتیر","बासेतेर","பாசெட்டெரே","บาสแตร์","པ་སི་ཐེར།","ბასტერი","ባስቴር","バセテール","巴斯特尔","바스테르"],"latitude":"17.29484","longitude":"-62.7261","feature_class":"P","feature_code":"PPLC","country_code":"KN","cc2":"","admin1_code":"03","admin2_code":"","admin3_code":"","admin4_code":"","population":"12920","elevation":"-22","dem":"10","timezone":"America/St_Kitts","modification_date":"2010-12-07"},{"geonameid":"3575551","name":"Basseterre","asciiname":"Basseterre","alternatenames":["Basse Terre Town","Basseterre","Baste","Baster","Bastera","Basteras","Bastero","Bastè","Gorad Bastehr","Mpaster","SKB","ba si te er","basetera","baseteru","baseuteleu","bastyr","basytyr","pacettere","Μπαστέρ","Бастер","Горад Бастэр","באסטר","باستير","باسه‌تر","باسیتیر","बासेतेर","பாசெட்டெரே","บาสแตร์","པ་སི་ཐེར།","ბასტერი","ባስቴር","バセテール","巴斯特尔","바스테르"],"latitude":"17.29484","longitude":"-62.7261","feature_class":"P","feature_code":"PPLC","country_code":"KN","cc2":"","admin1_code":"03","admin2_code":"","admin3_code":"","admin4_code":"","population":"12920","elevation":"-22","dem":"10","timezone":"America/St_Kitts","modification_date":"2010-12-07"}]}