{"country_data":{"ISO":"RS","ISO3":"SRB","ISO_Numeric":"688","fips":"RI","country":"Serbia","capital":"Belgrade","area":"88361","Population":"7344847","Continent":"EU","tld":".rs","CurrencyCode":"RSD","CurrencyName":"Dinar","Phone":"381","Postal_Code_Format":"######","Postal_Code_Regex":"^(\\d{6})$","Languages":"sr,hu,bs,rom","geonameid":"6290252","neighbours":"AL,HU,MK,RO,HR,BA,BG,ME,XK","EquivalentFipsCode":""},"cities":[{"geonameid":"783768","name":"Zvečka","asciiname":"Zvecka","alternatenames":["Zvecka","Zvečka"],"latitude":"44.64025","longitude":"20.16432","feature_class":"P","feature_code":"PPL","country_code":"RS","cc2":"","admin1_code":"00","admin2_code":"","admin3_code":"","admin4_code":"","population":"5321","elevation":"","dem":"76","timezone":"Europe/Belgrade","modification_date":"2012-10-07"},{"geonameid":"783814","name":"Zrenjanin","asciiname":"Zrenjanin","alternatenames":["Becicherecu Mare","Becicherecul Mare","Beckerek","Becskerek","Betschkerek","Beçkerek","Gross-Betschkerek","Nagybecskerek","Petrovgrad","Veliki Beckerek","Veliki Bečkerek","Zrenanin","Zrenianin","Zrenianinas","Zrenjanin","Zrenjanin-grad","bchkrk","ci lei ni ya ning","jeulenyanin","zrnjanyn","zrynyann","zurenyanin","Ζρένιανιν","Зренянин","Зрењанин","זרניאנין","بچکرک","زرنجانین","زرینیانن","زرێنیانین","ズレニャニン","兹雷尼亚宁","즈레냐닌"],"latitude":"45.38361","longitude":"20.38194","feature_class":"P","feature_code":"PPLA2","country_code":"RS","cc2":"","admin1_code":"VO","admin2_code":"2","admin3_code":"80152","admin4_code":"","population":"79773","elevation":"","dem":"81","timezone":"Europe/Belgrade","modification_date":"2012-04-15"},{"geonameid":"783920","name":"Zemun","asciiname":"Zemun","alternatenames":["Opstina Zemun","Opština Zemun","Semlin","Semlino","Taurunum","Zeman","Zemlen","Zemlén","Zemun","Zimony","jemun","ze meng","zemun","Σεμλίνο","Земун","ゼムン","泽蒙","제문"],"latitude":"44.84306","longitude":"20.40111","feature_class":"P","feature_code":"PPLA3","country_code":"RS","cc2":"","admin1_code":"SE","admin2_code":"0","admin3_code":"70157","admin4_code":"","population":"155591","elevation":"","dem":"98","timezone":"Europe/Belgrade","modification_date":"2012-04-14"},{"geonameid":"784024","name":"Zaječar","asciiname":"Zajecar","alternatenames":["Zaechar","Zagetsar","Zaicear","Zaiciar","Zajchar","Zajechar","Zaychar","jayechaleu","zai~echaru","zaychar","zayychar","zayytshar","zha ye cha er","Ζάγετσαρ","Заечар","Зайчар","Зајечар","زائیچار","زاييتشار","زایچار","زایێچار","ザイェチャル","扎耶查尔","자예차르"],"latitude":"43.90358","longitude":"22.26405","feature_class":"P","feature_code":"PPLA2","country_code":"RS","cc2":"","admin1_code":"SE","admin2_code":"15","admin3_code":"70556","admin4_code":"","population":"49800","elevation":"","dem":"130","timezone":"Europe/Belgrade","modification_date":"2012-04-19"},{"geonameid":"784068","name":"Žabalj","asciiname":"Zabalj","alternatenames":["Josefsdorf","Josephsdorf","Josipovac","Zabalj","Zsablya","Zseblye","Žabalj"],"latitude":"45.37222","longitude":"20.06389","feature_class":"P","feature_code":"PPLA3","country_code":"RS","cc2":"","admin1_code":"VO","admin2_code":"6","admin3_code":"784067","admin4_code":"","population":"8503","elevation":"","dem":"84","timezone":"Europe/Belgrade","modification_date":"2012-04-12"},{"geonameid":"784136","name":"Vršac","asciiname":"Vrsac","alternatenames":["Hennemannstadt","Varset","Versec","Versecz","Vershice","Vrsac","Vrsacas","Vrsats","Vrshac","Vršac","Vršacas","Vurshac","Vârșeț","Werschetz","Werschitz","beuleusyacheu","frshas","frshats","fu er sha ci","vrshats","vurushatsu","wrshaj","Βρσατς","Вршац","Вършац","ורשאץ","فرشاتس","فرشاس","ورشاج","ڤرشاتس","ヴルシャツ","弗尔沙茨","브르샤츠"],"latitude":"45.11667","longitude":"21.30361","feature_class":"P","feature_code":"PPLA3","country_code":"RS","cc2":"","admin1_code":"VO","admin2_code":"4","admin3_code":"784135","admin4_code":"","population":"36300","elevation":"","dem":"96","timezone":"Europe/Belgrade","modification_date":"2012-04-12"},{"geonameid":"784141","name":"Vrnjačka Banja","asciiname":"Vrnjacka Banja","alternatenames":["Vrnachka Bana","Vrniacka Bania","Vrniačka Bania","Vrnjachka-Banja","Vrnjacka Banja","Vrnjačka Banja","Vurnjachka banja","frnyatshka banya","fu er ni ya qi ka kuang quan zhen","wrnyachka banya","Врнячка-Баня","Врњачка Бања","Върнячка баня","فرنياتشكا بانيا","ورنیاچکا بانیا","弗爾尼亞奇卡礦泉鎮"],"latitude":"43.62725","longitude":"20.89634","feature_class":"P","feature_code":"PPLA3","country_code":"RS","cc2":"","admin1_code":"SE","admin2_code":"18","admin3_code":"70459","admin4_code":"","population":"10207","elevation":"","dem":"211","timezone":"Europe/Belgrade","modification_date":"2012-04-15"},{"geonameid":"784227","name":"Vranje","asciiname":"Vranje","alternatenames":["Ivranya","Vrane","Vranie","Vranja","Vranje","Vranya","beulane","franyy","fu la nie","vuranye","wranyh","Βράνιε","Вране","Враня","Врање","וראניה","فرانيي","ورانیئے","ورانیه","ڤرانیێ","ヴラニェ","弗拉涅","브라네"],"latitude":"42.55139","longitude":"21.90028","feature_class":"P","feature_code":"PPLA2","country_code":"RS","cc2":"","admin1_code":"SE","admin2_code":"24","admin3_code":"70432","admin4_code":"","population":"56199","elevation":"","dem":"468","timezone":"Europe/Belgrade","modification_date":"2012-04-17"},{"geonameid":"784352","name":"Vladimirovac","asciiname":"Vladimirovac","alternatenames":["Petersdorf","Petre","Petrovosello","Roman-Petre","Román-Petre","Vladimirovac"],"latitude":"45.03122","longitude":"20.86566","feature_class":"P","feature_code":"PPL","country_code":"RS","cc2":"","admin1_code":"00","admin2_code":"","admin3_code":"","admin4_code":"","population":"5106","elevation":"","dem":"137","timezone":"Europe/Belgrade","modification_date":"2012-07-04"},{"geonameid":"784764","name":"Umka","asciiname":"Umka","alternatenames":["Umka"],"latitude":"44.67806","longitude":"20.30472","feature_class":"P","feature_code":"PPL","country_code":"RS","cc2":"","admin1_code":"00","admin2_code":"","admin3_code":"","admin4_code":"","population":"5618","elevation":"","dem":"82","timezone":"Europe/Belgrade","modification_date":"2012-01-19"},{"geonameid":"784873","name":"Trstenik","asciiname":"Trstenik","alternatenames":["Trstenik","Trustenik","te lei si ta ni ke","trstynk","Трстеник","Тръстеник","ترستینک","特雷斯塔尼克"],"latitude":"43.61694","longitude":"21.0025","feature_class":"P","feature_code":"PPLA3","country_code":"RS","cc2":"","admin1_code":"SE","admin2_code":"19","admin3_code":"71170","admin4_code":"","population":"49043","elevation":"","dem":"170","timezone":"Europe/Belgrade","modification_date":"2012-04-15"},{"geonameid":"785062","name":"Titel","asciiname":"Titel","alternatenames":["Tetol","Tetöl","Theisshugel","Theisshügel","Titel","Titol","Tittel","Titul","Titulium","Titöl","Тител"],"latitude":"45.20611","longitude":"20.29444","feature_class":"P","feature_code":"PPLA3","country_code":"RS","cc2":"","admin1_code":"VO","admin2_code":"6","admin3_code":"80454","admin4_code":"","population":"6227","elevation":"","dem":"90","timezone":"Europe/Belgrade","modification_date":"2012-04-12"},{"geonameid":"785288","name":"Surčin","asciiname":"Surcin","alternatenames":["Gradska opshtina Surchin","Opstina Surcin","Opština Surčin","Surchin","Surcin","Surcsin","Surĉin","Surčin","Szurcsin","su er qin","suruchin","Градска општина Сурчин","Сурчин","სურჩინის მუნიციპალიტეტი","スルチン","蘇爾欽"],"latitude":"44.79306","longitude":"20.28028","feature_class":"P","feature_code":"PPLA3","country_code":"RS","cc2":"","admin1_code":"SE","admin2_code":"0","admin3_code":"71293","admin4_code":"","population":"12575","elevation":"","dem":"87","timezone":"Europe/Belgrade","modification_date":"2012-04-14"},{"geonameid":"785559","name":"Stara Pazova","asciiname":"Stara Pazova","alternatenames":["Alt-Pasua","Alt-Pazua","Opazova","Pazua","Stara Pazova","Stará Pazova","jiu pa zuo wa","stara pazwwa","Ópazova","Ópázova","Стара Пазова","ستارا پازووا","舊帕佐瓦"],"latitude":"44.985","longitude":"20.16083","feature_class":"P","feature_code":"PPLA3","country_code":"RS","cc2":"","admin1_code":"VO","admin2_code":"7","admin3_code":"80420","admin4_code":"","population":"16217","elevation":"","dem":"81","timezone":"Europe/Belgrade","modification_date":"2012-04-15"},{"geonameid":"785603","name":"Srpska Crnja","asciiname":"Srpska Crnja","alternatenames":["Crnja","Csernye","Czernya","Deutsch -Tschernja","Nemacka-Crnja","Nemacske-Csernye","Nemačka-Crnja","Nemačske-Csernye","Nemetcsernye","Németcsernye","Racz-Czernya","Rácz-Czernya","Serbish Zerne","Srpska Crnja","Szerb-Csernya","Szerbcsernye"],"latitude":"45.72538","longitude":"20.69008","feature_class":"P","feature_code":"PPL","country_code":"RS","cc2":"","admin1_code":"00","admin2_code":"","admin3_code":"","admin4_code":"","population":"5467","elevation":"","dem":"76","timezone":"Europe/Belgrade","modification_date":"2012-07-04"},{"geonameid":"785615","name":"Sremčica","asciiname":"Sremcica","alternatenames":[""],"latitude":"44.67653","longitude":"20.39232","feature_class":"P","feature_code":"PPL","country_code":"RS","cc2":"","admin1_code":"SE","admin2_code":"","admin3_code":"","admin4_code":"","population":"23000","elevation":"","dem":"225","timezone":"Europe/Belgrade","modification_date":"2013-10-30"},{"geonameid":"785753","name":"Smederevska Palanka","asciiname":"Smederevska Palanka","alternatenames":["Palanka","Palanka Smederevska","Smederevska Palanka","Smederevska palanka","Smederevska-Palanka","asmdrfska planka","si mei dai lei wo pa lan ka","smydyrywska planka","Смедеревска Паланка","Смедеревска паланка","Смедеревска-Паланка","اسمدرفسکا پلانکا","سمیدیریوسکا پلانکا","سمێدێرێڤسکا پالانکا","斯梅代雷沃帕蘭卡"],"latitude":"44.36548","longitude":"20.95885","feature_class":"P","feature_code":"PPLA3","country_code":"RS","cc2":"","admin1_code":"SE","admin2_code":"10","admin3_code":"71102","admin4_code":"","population":"27000","elevation":"119","dem":"122","timezone":"Europe/Belgrade","modification_date":"2012-04-17"},{"geonameid":"785756","name":"Smederevo","asciiname":"Smederevo","alternatenames":["Semendire","Semendria","Semêndria","Smedere","Smederevas","Smedereve","Smederevo","Smederewo","Smenterevo","Szendro","Szendrő","asmdrfw","seumedelebo","si mei dai lei wo","smdrbw","smydyryww","sumederevu~o","Σμεντέρεβο","Смедереве","Смедерево","סמדרבו","اسمدرفو","سمیدیریوو","سمێدێرێفپڤو","スメデレヴォ","斯梅代雷沃","스메데레보"],"latitude":"44.66278","longitude":"20.93","feature_class":"P","feature_code":"PPLA2","country_code":"RS","cc2":"","admin1_code":"SE","admin2_code":"10","admin3_code":"71099","admin4_code":"","population":"62000","elevation":"","dem":"86","timezone":"Europe/Belgrade","modification_date":"2012-04-17"},{"geonameid":"785965","name":"Senta","asciiname":"Senta","alternatenames":["Senta","Szenta","Szintarev","Szintarév","Szénta","Zenta","sen ta","synta","Σέντα","Сента","זענטא","سینتا","森塔"],"latitude":"45.9275","longitude":"20.07722","feature_class":"P","feature_code":"PPLA3","country_code":"RS","cc2":"","admin1_code":"VO","admin2_code":"3","admin3_code":"80365","admin4_code":"","population":"20302","elevation":"","dem":"81","timezone":"Europe/Belgrade","modification_date":"2012-04-15"},{"geonameid":"786690","name":"Prokuplje","asciiname":"Prokuplje","alternatenames":["Prokuple","Prokuplje","peulokupeulle","prwkwplyh","pu luo ku pu lie","purokupurye","Прокупле","Прокупље","پروکرپلیئے","پروکوپلیه","پرۆکوپلێ","プロクプリェ","普羅庫普列","프로쿠플레"],"latitude":"43.23417","longitude":"21.58806","feature_class":"P","feature_code":"PPLA2","country_code":"RS","cc2":"","admin1_code":"SE","admin2_code":"21","admin3_code":"70998","admin4_code":"","population":"27673","elevation":"","dem":"259","timezone":"Europe/Belgrade","modification_date":"2012-04-17"},{"geonameid":"786827","name":"Požarevac","asciiname":"Pozarevac","alternatenames":["Gorad Pazharehvac","Pasarofca","Pasarofça","Pozarevac","Pozarevacas","Pozarevats","Pozarewac","Pozerevac","Pozharev'c'","Pozharevac","Pozsarevac","Pozsarevác","Pożarewac","Požarevac","Požarevacas","Požerevac","ZZP","bo zha lei wa ci","pojalebacheu","pojarevu~atsu","pwzarywach","pwzharfas","pwzʼrwwʼz","Ποζάρεβατς","Горад Пажарэвац","Пожаревац","Пожарєвьць","פוזארוואץ","پوزاریواچ","پوژارفاس","پۆژارێڤاتس","ポジャレヴァツ","波扎雷瓦茨","포자레바츠"],"latitude":"44.62133","longitude":"21.18782","feature_class":"P","feature_code":"PPLA2","country_code":"RS","cc2":"","admin1_code":"SE","admin2_code":"11","admin3_code":"70947","admin4_code":"","population":"41736","elevation":"","dem":"80","timezone":"Europe/Belgrade","modification_date":"2013-06-10"},{"geonameid":"787050","name":"Pirot","asciiname":"Pirot","alternatenames":["Pirot","pi luo te","piloteu","piroto","pyrwt","Πίροτ","Пирот","Пірот","פירוט","پیروت","پیرۆت","ピロト","皮罗特","피로트"],"latitude":"43.15306","longitude":"22.58611","feature_class":"P","feature_code":"PPLA2","country_code":"RS","cc2":"","admin1_code":"SE","admin2_code":"22","admin3_code":"70939","admin4_code":"","population":"40678","elevation":"","dem":"371","timezone":"Europe/Belgrade","modification_date":"2012-04-17"},{"geonameid":"787215","name":"Paraćin","asciiname":"Paracin","alternatenames":["Parachin","Paracin","Paracinas","Parakin","Paraćin","Paračinas","pa la qin","palachin","parachin","parachyn","parasn","Парачин","Параћин","Параќин","پاراسن","پاراچین","パラチン","帕拉欽","파라친"],"latitude":"43.86083","longitude":"21.40778","feature_class":"P","feature_code":"PPLA3","country_code":"RS","cc2":"","admin1_code":"SE","admin2_code":"13","admin3_code":"70904","admin4_code":"","population":"6000","elevation":"","dem":"130","timezone":"Europe/Belgrade","modification_date":"2012-04-15"},{"geonameid":"787237","name":"Pančevo","asciiname":"Pancevo","alternatenames":["Banstadt","Hertelendyfalva","Marienfeld","Pancevas","Pancevo","Panchevo","Panciova","Pancsal","Pancsaly","Pancsova","Pantschowa","Pantsevo","Panĉevo","Pančevas","Pančevo","QBG","Vojlovica","Wojlowitz","Wojlowitza","pan qie wo","panchebo","panchevu~o","panchfw","panchyww","pnzbw","Πάντσεβο","Панчево","פנצבו","پانچفو","پانچیوو","پانچێڤۆ","パンチェヴォ","潘切沃","판체보"],"latitude":"44.87083","longitude":"20.64028","feature_class":"P","feature_code":"PPLA2","country_code":"RS","cc2":"","admin1_code":"VO","admin2_code":"4","admin3_code":"787236","admin4_code":"","population":"76654","elevation":"","dem":"81","timezone":"Europe/Belgrade","modification_date":"2013-04-28"},{"geonameid":"787271","name":"Padina","asciiname":"Padina","alternatenames":["Lajosfalva","Ludwigsdorf","Naglajosfalva","Nagylajosfalva","Padina"],"latitude":"45.11988","longitude":"20.7286","feature_class":"P","feature_code":"PPL","country_code":"RS","cc2":"","admin1_code":"00","admin2_code":"","admin3_code":"","admin4_code":"","population":"6367","elevation":"","dem":"110","timezone":"Europe/Belgrade","modification_date":"2012-07-04"},{"geonameid":"787516","name":"Obrenovac","asciiname":"Obrenovac","alternatenames":["Obrenovac","Obrenovacas","Opstina Obrenovac","Opština Obrenovac","ao bu lei nuo wa ci","awbrnwwas","Обреновац","ئۆبرێنۆڤاتس","اوبرنوواس","奧布雷諾瓦茨"],"latitude":"44.65486","longitude":"20.20017","feature_class":"P","feature_code":"PPLA3","country_code":"RS","cc2":"","admin1_code":"SE","admin2_code":"0","admin3_code":"70190","admin4_code":"","population":"16821","elevation":"","dem":"78","timezone":"Europe/Belgrade","modification_date":"2012-04-14"},{"geonameid":"787584","name":"Novo Miloševo","asciiname":"Novo Milosevo","alternatenames":["Beodra","Beodra-Dragutinovo","Dragutinovo","Karlova","Karlovo","Milosevo","Miloševo","Novo Milosevo","Novo Miloševo"],"latitude":"45.71916","longitude":"20.30364","feature_class":"P","feature_code":"PPL","country_code":"RS","cc2":"","admin1_code":"00","admin2_code":"","admin3_code":"","admin4_code":"","population":"7805","elevation":"","dem":"78","timezone":"Europe/Belgrade","modification_date":"2012-07-04"},{"geonameid":"787595","name":"Novi Pazar","asciiname":"Novi Pazar","alternatenames":["Novi Pazar","Novi Pazaras","Novi pazar","Novi-Pazar","Pazari i Ri","Yeni Pazar","Yenipazar","nobipajaleu","novi pazar","nwfy bazar","nwwy pazar","xin pa zha er","Νόβι Παζάρ","Нови Пазар","Нови пазар","Нови-Пазар","נובי פאזאר","نوفي بازار","نووی پازار","نۆڤی پازار، سربیا","ノヴィ・パザル","新帕扎爾","노비파자르"],"latitude":"43.13667","longitude":"20.51222","feature_class":"P","feature_code":"PPLA3","country_code":"RS","cc2":"","admin1_code":"SE","admin2_code":"18","admin3_code":"70874","admin4_code":"","population":"85996","elevation":"","dem":"511","timezone":"Europe/Belgrade","modification_date":"2012-04-15"},{"geonameid":"787600","name":"Novi Kneževac","asciiname":"Novi Knezevac","alternatenames":["Josephova","Josephsdorf","Kanisa","Kanizsa","Kis-Kanizsa","Neukanischa","Nova Kanjiza","Nova Kanjiža","Novi Knejevac","Novi Knezevac","Novi Knezhevac","Novi Kneĵevac","Novi Kneževac","Novi-Knezhevac","Rev-Kanizsa","Rév-Kanizsa","Toeroekkanizsa","Torokkanizsa","Torontal-Jozseffalva","Torontál-Józseffalva","Turska Kanjiza","Turska Kanjiža","Törökkanizsa","nwwy knyzhywach","xin ke nei re wa ci","Нови Кнежевац","Нови-Кнежевац","نووی کنیژیواچ","新克內熱瓦茨"],"latitude":"46.05","longitude":"20.1","feature_class":"P","feature_code":"PPLA3","country_code":"RS","cc2":"","admin1_code":"VO","admin2_code":"3","admin3_code":"80276","admin4_code":"","population":"8166","elevation":"","dem":"76","timezone":"Europe/Belgrade","modification_date":"2012-04-15"},{"geonameid":"787615","name":"Nova Pazova","asciiname":"Nova Pazova","alternatenames":["Neu-Pasua","Nova Pazova","Ujpazova","Újpázova","Нова Пазова"],"latitude":"44.94366","longitude":"20.21931","feature_class":"P","feature_code":"PPL","country_code":"RS","cc2":"","admin1_code":"VO","admin2_code":"","admin3_code":"","admin4_code":"","population":"15488","elevation":"","dem":"76","timezone":"Europe/Belgrade","modification_date":"2014-01-21"},{"geonameid":"787657","name":"Niš","asciiname":"Nis","alternatenames":["INI","Nich","Nis","Nisch","Nish","Niso","Nissa","Nisz","Nix","Niŝo","Niš","Ниш"],"latitude":"43.32472","longitude":"21.90333","feature_class":"P","feature_code":"PPLA2","country_code":"RS","cc2":"","admin1_code":"SE","admin2_code":"20","admin3_code":"","admin4_code":"","population":"250000","elevation":"","dem":"194","timezone":"Europe/Belgrade","modification_date":"2012-04-14"},{"geonameid":"787718","name":"Negotin","asciiname":"Negotin","alternatenames":["Negotin","Negotin Krajina","Negotin Krajinski","nei ge ting","nygwtn","Неготин","نیگوتن","內戈廷"],"latitude":"44.22639","longitude":"22.53083","feature_class":"P","feature_code":"PPLA3","country_code":"RS","cc2":"","admin1_code":"SE","admin2_code":"14","admin3_code":"70840","admin4_code":"","population":"17612","elevation":"","dem":"49","timezone":"Europe/Belgrade","modification_date":"2012-04-16"},{"geonameid":"787855","name":"Mol","asciiname":"Mol","alternatenames":["Mohol","Mohorreve","Mohorréve","Mol","Мол"],"latitude":"45.76457","longitude":"20.13286","feature_class":"P","feature_code":"PPL","country_code":"RS","cc2":"","admin1_code":"00","admin2_code":"","admin3_code":"","admin4_code":"","population":"7950","elevation":"","dem":"81","timezone":"Europe/Belgrade","modification_date":"2012-07-04"},{"geonameid":"787857","name":"Mokrin","asciiname":"Mokrin","alternatenames":["Homokrev","Homokrév","Mokrin"],"latitude":"45.93362","longitude":"20.41215","feature_class":"P","feature_code":"PPL","country_code":"RS","cc2":"","admin1_code":"00","admin2_code":"","admin3_code":"","admin4_code":"","population":"6567","elevation":"","dem":"77","timezone":"Europe/Belgrade","modification_date":"2012-07-04"},{"geonameid":"788040","name":"Melenci","asciiname":"Melenci","alternatenames":["Meleanz","Melenci","Melencze","Melentz","Melenze"],"latitude":"45.5168","longitude":"20.31961","feature_class":"P","feature_code":"PPL","country_code":"RS","cc2":"","admin1_code":"00","admin2_code":"","admin3_code":"","admin4_code":"","population":"7685","elevation":"","dem":"78","timezone":"Europe/Belgrade","modification_date":"2012-07-04"},{"geonameid":"788357","name":"Majdanpek","asciiname":"Majdanpek","alternatenames":["Maidan","Majdanpek","ma yi dan pei ke","mayydanpyk","Майданпек","Мајданпек","مائیدانپیک","馬伊丹佩克"],"latitude":"44.42771","longitude":"21.94596","feature_class":"P","feature_code":"PPLA3","country_code":"RS","cc2":"","admin1_code":"SE","admin2_code":"14","admin3_code":"70785","admin4_code":"","population":"10071","elevation":"","dem":"504","timezone":"Europe/Belgrade","modification_date":"2012-04-16"},{"geonameid":"788709","name":"Leskovac","asciiname":"Leskovac","alternatenames":["Gorad Leskovac","Leskofca","Leskofça","Leskovac","Leskovacas","Leskovats","Leskovci","lai si ke wa ci","leseukobacheu","lskwas","lyskwfats","lyskwwach","resukovu~atsu","Λέσκοβατς","Горад Лесковац","Лесковац","لسکواس","ليسكوفاتس","لیسکوواچ","لێسکۆڤاتس","レスコヴァツ","莱斯科瓦茨","레스코바츠"],"latitude":"42.99806","longitude":"21.94611","feature_class":"P","feature_code":"PPLA2","country_code":"RS","cc2":"","admin1_code":"SE","admin2_code":"23","admin3_code":"70726","admin4_code":"","population":"94758","elevation":"","dem":"230","timezone":"Europe/Belgrade","modification_date":"2012-04-16"},{"geonameid":"788771","name":"Lazarevac","asciiname":"Lazarevac","alternatenames":["Lazarevac","Lazarevacas","Opstina Lazarevac","Opština Lazarevac","la zha lei wa ci","lazarwas","Лазаревац","لازارواس","لازارێڤاتس","拉扎雷瓦茨"],"latitude":"44.38534","longitude":"20.2557","feature_class":"P","feature_code":"PPLA3","country_code":"RS","cc2":"","admin1_code":"SE","admin2_code":"0","admin3_code":"70165","admin4_code":"","population":"23551","elevation":"","dem":"117","timezone":"Europe/Belgrade","modification_date":"2012-04-14"},{"geonameid":"788792","name":"Lapovo","asciiname":"Lapovo","alternatenames":["Lapovo","Лапово"],"latitude":"44.18424","longitude":"21.09727","feature_class":"P","feature_code":"PPLA3","country_code":"RS","cc2":"","admin1_code":"SE","admin2_code":"12","admin3_code":"71277","admin4_code":"","population":"7422","elevation":"","dem":"110","timezone":"Europe/Belgrade","modification_date":"2012-04-16"},{"geonameid":"788975","name":"Kruševac","asciiname":"Krusevac","alternatenames":["Alacahisar","Krousevats","Krusevac","Krusevacas","Krushevac","Kruševac","Kruševacas","alajh hsar","ke lu she wa ci","keulusyebacheu","krwshwas","krwshyfats","krwshywach","kurushevu~atsu","qrwsbz","Κρούσεβατς","Крушевац","קרושבץ","الاجه حصار","كروشيفاتس","کروشواس","کروشیواچ","کروشێڤاتس","クルシェヴァツ","克鲁舍瓦茨","크루셰바츠"],"latitude":"43.58","longitude":"21.33389","feature_class":"P","feature_code":"PPLA2","country_code":"RS","cc2":"","admin1_code":"SE","admin2_code":"19","admin3_code":"70670","admin4_code":"","population":"75256","elevation":"","dem":"162","timezone":"Europe/Belgrade","modification_date":"2012-04-15"},{"geonameid":"789107","name":"Kraljevo","asciiname":"Kraljevo","alternatenames":["Kralevas","Kralevo","Kralievo","Kraljevo","Rankovicevo","Rankovićevo","ke la lie wo","keulallebo","kralyfw","kralyyfw","kralyyww","kuraryevu~o","qrlywbw","Κράλιεβο","Кралево","Краљево","קרליובו","كرالييفو","کرالیئوو","کرالیفو","کرالێڤۆ","クラリェヴォ","克拉列沃","크랄레보"],"latitude":"43.72583","longitude":"20.68944","feature_class":"P","feature_code":"PPLA2","country_code":"RS","cc2":"","admin1_code":"SE","admin2_code":"18","admin3_code":"70653","admin4_code":"","population":"82846","elevation":"","dem":"207","timezone":"Europe/Belgrade","modification_date":"2012-04-15"},{"geonameid":"789128","name":"Kragujevac","asciiname":"Kragujevac","alternatenames":["Gorad Kraguevac","Krabujevac","Kragiyevac","Kraguevac","Kraguevac'","Kragujevac","Kragujevaca","Kragujevacas","Krankougievats","ke la gu ye wa ci","keulaguyebacheu","khra kuye wat s","kraghwyyfats","kragwywats","kragwyywach","kuragui~evu~atsu","qrgwyybz","Κραγκούγιεβατς","Горад Крагуевац","Крагоуѥвьць","Крагуевац","Крагуєваць","Крагујевац","קרגוייבץ","كراغوييفاتس","کراگوئیواچ","کراگویواتس","ครากูเยวัตส์","クラグイェヴァツ","克拉古耶瓦茨","크라구예바츠"],"latitude":"44.01667","longitude":"20.91667","feature_class":"P","feature_code":"PPLA2","country_code":"RS","cc2":"","admin1_code":"SE","admin2_code":"12","admin3_code":"70645","admin4_code":"","population":"147473","elevation":"","dem":"182","timezone":"Europe/Belgrade","modification_date":"2012-04-16"},{"geonameid":"789168","name":"Kovin","asciiname":"Kovin","alternatenames":["Cubin","Cuvin","Kevevara","Kevevára","Kovin","Kubin","Temes-Kubin","Temeschkubin","ke wen","kwwyn","Ковин","کووین","科溫"],"latitude":"44.7475","longitude":"20.97611","feature_class":"P","feature_code":"PPLA3","country_code":"RS","cc2":"","admin1_code":"VO","admin2_code":"4","admin3_code":"789167","admin4_code":"","population":"14250","elevation":"","dem":"78","timezone":"Europe/Belgrade","modification_date":"2012-04-12"},{"geonameid":"789170","name":"Kovilj","asciiname":"Kovilj","alternatenames":["Alsokabol","Alsokovil","Alsókabol","Alsókovil","Dolnji Kovilj","Donji Kovilj","Felso-Kovil","Felsokabol","Felső-Kovil","Felsőkabol","Gornji-Kovil","Gornji-Kovilj","Kabol","Kovilj","Ober-Kovil","Unter-Kovil"],"latitude":"45.23422","longitude":"20.02327","feature_class":"P","feature_code":"PPL","country_code":"RS","cc2":"","admin1_code":"VO","admin2_code":"6","admin3_code":"80284","admin4_code":"","population":"5279","elevation":"","dem":"78","timezone":"Europe/Belgrade","modification_date":"2012-08-21"},{"geonameid":"789178","name":"Kovačica","asciiname":"Kovacica","alternatenames":["Antalfalva","Covacita","Covăcița","Kovachica","Kovacica","Kovacsica","Kovacsicza","Kovaĉica","Kovačica","Kowatschitza","ke wa qi cha","kwwachycha","Ковачица","کوواچیچا","科瓦契察"],"latitude":"45.11167","longitude":"20.62139","feature_class":"P","feature_code":"PPLA3","country_code":"RS","cc2":"","admin1_code":"VO","admin2_code":"4","admin3_code":"789176","admin4_code":"","population":"7357","elevation":"","dem":"78","timezone":"Europe/Belgrade","modification_date":"2012-04-12"},{"geonameid":"789518","name":"Kikinda","asciiname":"Kikinda","alternatenames":["Chichinda Mare","Gross-Kikinda","Kikinda","Kikinta","Kokend","Kökénd","Nagykikinda","Velika Kikinda","ji jin da","kikinda","kyknda","kykynda","Κίκιντα","Кикинда","کیکندا","کیکیندا","キキンダ","基金达","키킨다"],"latitude":"45.82972","longitude":"20.46528","feature_class":"P","feature_code":"PPLA2","country_code":"RS","cc2":"","admin1_code":"VO","admin2_code":"3","admin3_code":"80209","admin4_code":"","population":"41935","elevation":"","dem":"84","timezone":"Europe/Belgrade","modification_date":"2012-04-15"},{"geonameid":"789600","name":"Kanjiža","asciiname":"Kanjiza","alternatenames":["Alt-Kanischa","Kanizha","Kanizsa","Kanjija","Kanjiza","Kanjiĵa","Kanjiža","Magyarkanizsa","Pavlovgrad","Stara Kanjiza","Stara Kanjiža","Ungarisch-Kanischa","Ungarische Kanischa","ka ni zha","kanyyzha","Канижа","Каніжа","Кањижа","קיניזשא","کانییژا","卡尼扎"],"latitude":"46.06667","longitude":"20.05","feature_class":"P","feature_code":"PPLA3","country_code":"RS","cc2":"","admin1_code":"VO","admin2_code":"3","admin3_code":"80195","admin4_code":"","population":"10200","elevation":"","dem":"79","timezone":"Europe/Belgrade","modification_date":"2012-04-15"},{"geonameid":"789923","name":"Jagodina","asciiname":"Jagodina","alternatenames":["Giankontina","Jagodina","Svetozarevo","ya ge ding na","yaghwdyna","yaghwdynh","yagodina","yagwdyna","Γιάγκοντινα","Јагодина","Ягодина","ياغودينا","یاغودینه","یاگودینا","یاگۆدینا","ヤゴディナ","雅戈丁那","야고디나"],"latitude":"43.97713","longitude":"21.26121","feature_class":"P","feature_code":"PPLA2","country_code":"RS","cc2":"","admin1_code":"SE","admin2_code":"13","admin3_code":"71048","admin4_code":"","population":"35589","elevation":"","dem":"120","timezone":"Europe/Belgrade","modification_date":"2013-10-21"},{"geonameid":"790015","name":"Inđija","asciiname":"Ingija","alternatenames":["India","Indija","Indjija","Indzhija","Indzija","Indžija","Ingija","Ingyia","Inđija","Inĝija","andya","aynjyya","injiya","yin ji ya","yyndya","Інджія","Инджия","Инђија","Инѓија","ئیندیا","اندیا","اینجییا","インジヤ","因吉亚","인지야"],"latitude":"45.04816","longitude":"20.08165","feature_class":"P","feature_code":"PPL","country_code":"RS","cc2":"","admin1_code":"VO","admin2_code":"7","admin3_code":"80179","admin4_code":"","population":"26247","elevation":"","dem":"114","timezone":"Europe/Belgrade","modification_date":"2012-07-04"},{"geonameid":"790367","name":"Gornji Milanovac","asciiname":"Gornji Milanovac","alternatenames":["Gorni Milanovac","Gorni Milanovacas","Gornji Milanovac","ghwrnyy mylanwfats","gwrny mylanwwach","gwrnyy mylanwwas","shang mi la nuo wa ci","Горни Милановац","Горњи Милановац","غورنيي ميلانوفاتس","گورنی میلانوواچ","گورنیی میلانوواس","گۆرنیی میلانۆڤاتس","上米拉諾瓦茨"],"latitude":"44.02603","longitude":"20.46152","feature_class":"P","feature_code":"PPLA3","country_code":"RS","cc2":"","admin1_code":"SE","admin2_code":"17","admin3_code":"70483","admin4_code":"","population":"23982","elevation":"","dem":"326","timezone":"Europe/Belgrade","modification_date":"2012-04-15"},{"geonameid":"790847","name":"Ečka","asciiname":"Ecka","alternatenames":["Deutsch Etschka","Ecka","Ecska","Ečka","Nemet-Ecska","Német-Écska","Pavlovo","Pavlovo Ecka","Pavlovo Ečka","Écska"],"latitude":"45.32328","longitude":"20.44294","feature_class":"P","feature_code":"PPL","country_code":"RS","cc2":"","admin1_code":"00","admin2_code":"","admin3_code":"","admin4_code":"","population":"5293","elevation":"","dem":"77","timezone":"Europe/Belgrade","modification_date":"2012-07-04"},{"geonameid":"791471","name":"Dobanovci","asciiname":"Dobanovci","alternatenames":["Dobanovce","Dobanovci","Dobanovcze","Dobanovçe","dwbanwchh","دوبانوچه"],"latitude":"44.82631","longitude":"20.22487","feature_class":"P","feature_code":"PPL","country_code":"RS","cc2":"","admin1_code":"00","admin2_code":"","admin3_code":"","admin4_code":"","population":"7592","elevation":"","dem":"78","timezone":"Europe/Belgrade","modification_date":"2012-07-04"},{"geonameid":"791589","name":"Debeljača","asciiname":"Debeljaca","alternatenames":["Debeljaca","Debeljača","Torontalvasarhely","Torontálvásárhely"],"latitude":"45.0707","longitude":"20.60153","feature_class":"P","feature_code":"PPL","country_code":"RS","cc2":"","admin1_code":"00","admin2_code":"","admin3_code":"","admin4_code":"","population":"6413","elevation":"","dem":"78","timezone":"Europe/Belgrade","modification_date":"2012-07-04"},{"geonameid":"791672","name":"Čurug","asciiname":"Curug","alternatenames":["Csurog","Curug","Čurug"],"latitude":"45.47221","longitude":"20.06861","feature_class":"P","feature_code":"PPL","country_code":"RS","cc2":"","admin1_code":"00","admin2_code":"","admin3_code":"","admin4_code":"","population":"9231","elevation":"","dem":"79","timezone":"Europe/Belgrade","modification_date":"2012-07-04"},{"geonameid":"791678","name":"Ćuprija","asciiname":"Cuprija","alternatenames":["Chuprija","Cuprija","chwprya","qiu pu li ya","swpryya","Ćuprija","Ћуприја","Чуприя","سوپرئیا","چوپریا","丘普里亚"],"latitude":"43.9275","longitude":"21.37","feature_class":"P","feature_code":"PPLA3","country_code":"RS","cc2":"","admin1_code":"SE","admin2_code":"13","admin3_code":"71200","admin4_code":"","population":"20585","elevation":"","dem":"124","timezone":"Europe/Belgrade","modification_date":"2012-04-15"},{"geonameid":"791887","name":"Crepaja","asciiname":"Crepaja","alternatenames":["Crepaja","Cserepalja","Cserépalja","Czrepaj","Czrepaja"],"latitude":"45.00984","longitude":"20.63702","feature_class":"P","feature_code":"PPL","country_code":"RS","cc2":"","admin1_code":"00","admin2_code":"","admin3_code":"","admin4_code":"","population":"5369","elevation":"","dem":"78","timezone":"Europe/Belgrade","modification_date":"2012-07-04"},{"geonameid":"791900","name":"Čoka","asciiname":"Coka","alternatenames":["Coka","Csoka","Csóka","Tschoka","Čoka"],"latitude":"45.9425","longitude":"20.14333","feature_class":"P","feature_code":"PPLA3","country_code":"RS","cc2":"","admin1_code":"VO","admin2_code":"3","admin3_code":"80489","admin4_code":"","population":"5414","elevation":"","dem":"79","timezone":"Europe/Belgrade","modification_date":"2012-04-15"},{"geonameid":"792078","name":"Čačak","asciiname":"Cacak","alternatenames":["Cacak","Cacakas","Chachak","Tsatsak","cha cha ke","cha chak","chachak","chachakeu","chachaku","tshatshak","Čačak","Čačakas","Τσάτσακ","Чачак","צאצאק","تشاتشاك","چاچاک","ชาชัก","チャチャク","查查克","차차크"],"latitude":"43.89139","longitude":"20.34972","feature_class":"P","feature_code":"PPLA2","country_code":"RS","cc2":"","admin1_code":"SE","admin2_code":"17","admin3_code":"71242","admin4_code":"","population":"117072","elevation":"","dem":"241","timezone":"Europe/Belgrade","modification_date":"2012-04-15"},{"geonameid":"792456","name":"Bor","asciiname":"Bor","alternatenames":["Bor","Boras","Gorad Bor","bo er","boleu","boru","bwr","bwr  srbya","Μπορ","Бор","Горад Бор","بور","بور ،سربیا","بۆر، سربیا","ボル","博尔","보르"],"latitude":"44.07488","longitude":"22.09591","feature_class":"P","feature_code":"PPLA2","country_code":"RS","cc2":"","admin1_code":"SE","admin2_code":"14","admin3_code":"70327","admin4_code":"","population":"39387","elevation":"","dem":"405","timezone":"Europe/Belgrade","modification_date":"2012-04-16"},{"geonameid":"792651","name":"Beška","asciiname":"Beska","alternatenames":["Beschka","Beska","Besska","Beška"],"latitude":"45.13092","longitude":"20.06698","feature_class":"P","feature_code":"PPL","country_code":"RS","cc2":"","admin1_code":"00","admin2_code":"","admin3_code":"","admin4_code":"","population":"6377","elevation":"","dem":"120","timezone":"Europe/Belgrade","modification_date":"2012-07-04"},{"geonameid":"792680","name":"Belgrade","asciiname":"Belgrade","alternatenames":["BEG","Belehrad","Belgrad","Belgrada","Belgradas","Belgrade","Belgrado","Belgradu","Belgradum","Belgrau","Belgrað","Belgrád","Belgráu","Beligradi","Belohrod","Beograd","Beogradi","Beogrado","Bèlgrade","Bělehrad","Běłohród","Nandorfehervar","Nándorfehérvár","Singidunum","be-ogeuladeu","bei er ge lai de","belgradi","beogurado","blghrad","blgrd","pelkiret","Βελιγράδι","Белград","Београд","Бѣлъ Градъ · Срьбїи","Բելգրադ","בלגרד","بلغراد","بېلگراد","பெல்கிறேட்","ბელგრადი","በልግራድ","ベオグラード","贝尔格莱德","베오그라드"],"latitude":"44.80401","longitude":"20.46513","feature_class":"P","feature_code":"PPLC","country_code":"RS","cc2":"","admin1_code":"SE","admin2_code":"","admin3_code":"","admin4_code":"","population":"1273651","elevation":"","dem":"120","timezone":"Europe/Belgrade","modification_date":"2011-10-04"},{"geonameid":"792794","name":"Bela Crkva","asciiname":"Bela Crkva","alternatenames":["Bela Crkva","Bela curkva","Bela-Crkva","Biserica Alba","Biserica Albă","Feheregyhaz","Fehertemplom","Fehéregyház","Fehértemplom","Fejeregyhaz","Fejéregyház","Ungarisch Weisskirchen","Weisskirchen","Weißkirchen","bei la ci er ke wa","byla chrkwa","byla tsrkfa","Бела Црква","Бела църква","Бела-Црква","بيلا تسركفا","بیلا چرکوا","貝拉茨爾克瓦"],"latitude":"44.8975","longitude":"21.41722","feature_class":"P","feature_code":"PPLA3","country_code":"RS","cc2":"","admin1_code":"VO","admin2_code":"4","admin3_code":"792793","admin4_code":"","population":"10675","elevation":"","dem":"82","timezone":"Europe/Belgrade","modification_date":"2012-04-12"},{"geonameid":"792814","name":"Bečej","asciiname":"Becej","alternatenames":["Alt-Betsche","Bece","Becej","Becejus","Bechej","Becse","Becsej","Beçe","Beĉej","Bečejus","Obecse","Stari Becej","Stari Bečej","bchy","bechei","bei qie yi","bychyy","bytshy","Óbecse","Бечей","Бечеј","بيتشي","بچی","بیچیی","بێچێی","贝切伊","베체이"],"latitude":"45.61632","longitude":"20.03331","feature_class":"P","feature_code":"PPLA3","country_code":"RS","cc2":"","admin1_code":"VO","admin2_code":"6","admin3_code":"3204390","admin4_code":"","population":"25774","elevation":"","dem":"77","timezone":"Europe/Belgrade","modification_date":"2012-04-12"},{"geonameid":"792866","name":"Barič","asciiname":"Baric","alternatenames":["Baric","Barič"],"latitude":"44.6507","longitude":"20.25941","feature_class":"P","feature_code":"PPL","country_code":"RS","cc2":"","admin1_code":"00","admin2_code":"","admin3_code":"","admin4_code":"","population":"5033","elevation":"","dem":"82","timezone":"Europe/Belgrade","modification_date":"2012-10-07"},{"geonameid":"792945","name":"Banatski Karlovac","asciiname":"Banatski Karlovac","alternatenames":["Banat Karlovac","Banatski Karlovac","Banatsko Rankovicevo","Banatsko Rankovićevo","Dragutinovo","Karlovo Selo","Karlsdorf","Karoljfalva","Karolyfalva","Károlyfalva","Nagykarolyfalva","Nagykárolyfalva","Novo Milosevo","Novo Miloševo","Rankovicevo","Rankovićevo"],"latitude":"45.04987","longitude":"21.018","feature_class":"P","feature_code":"PPL","country_code":"RS","cc2":"","admin1_code":"00","admin2_code":"","admin3_code":"","admin4_code":"","population":"6319","elevation":"","dem":"97","timezone":"Europe/Belgrade","modification_date":"2012-09-07"},{"geonameid":"793014","name":"Bačko Petrovo Selo","asciiname":"Backo Petrovo Selo","alternatenames":["Backo Petrovo Selo","Bačko Petrovo Selo","Peterreve","Petrovosello","Petrovoszello","Petrovoszelló","Péterréve"],"latitude":"45.70681","longitude":"20.07928","feature_class":"P","feature_code":"PPL","country_code":"RS","cc2":"","admin1_code":"00","admin2_code":"","admin3_code":"","admin4_code":"","population":"8959","elevation":"","dem":"79","timezone":"Europe/Belgrade","modification_date":"2012-07-04"},{"geonameid":"793015","name":"Bačko Gradište","asciiname":"Backo Gradiste","alternatenames":["Backo Gradiste","Bacsfoeldvar","Bacsfoldvar","Bačko Gradište","Bácsföldvár","Foeldvar","Foldvar","Földvár","Tisza-Foeldvar","Tisza-Foldvar","Tisza-Földvár"],"latitude":"45.53271","longitude":"20.03082","feature_class":"P","feature_code":"PPL","country_code":"RS","cc2":"","admin1_code":"00","admin2_code":"","admin3_code":"","admin4_code":"","population":"5764","elevation":"","dem":"78","timezone":"Europe/Belgrade","modification_date":"2012-07-04"},{"geonameid":"793093","name":"Arilje","asciiname":"Arilje","alternatenames":["Arile","Arilje","a li lie","arylyyh  zlatybwr","Ариле","Ариље","آریلیئے","أريلييه، زلاتيبور","阿里列"],"latitude":"43.75306","longitude":"20.09556","feature_class":"P","feature_code":"PPLA3","country_code":"RS","cc2":"","admin1_code":"SE","admin2_code":"16","admin3_code":"70041","admin4_code":"","population":"6762","elevation":"","dem":"334","timezone":"Europe/Belgrade","modification_date":"2012-04-15"},{"geonameid":"793111","name":"Aranđelovac","asciiname":"Arangelovac","alternatenames":["Arandzhelovac","Arangjelovac","a lan jie luo wa ci","arandjylwfats","arandylwwach","aranjlwwas","Аранджеловац","Аранђеловац","آرانجلوواس","أراندجيلوفاتس","ئاراندێلۆڤاتس","اراندیلوواچ","阿蘭傑洛瓦茨"],"latitude":"44.30694","longitude":"20.56","feature_class":"P","feature_code":"PPLA3","country_code":"RS","cc2":"","admin1_code":"SE","admin2_code":"12","admin3_code":"70033","admin4_code":"","population":"24309","elevation":"","dem":"251","timezone":"Europe/Belgrade","modification_date":"2012-04-15"},{"geonameid":"3187297","name":"Vrbas","asciiname":"Vrbas","alternatenames":["Alt-Werbass","Neu-Werbass","Overbasz","Titov Vrbas","Ujverbasz","Verbas","Verbasz","Verbász","Vrbas","Weidenheim","frbas","fu er ba si","vrbas","wrbas","Óverbász","Újverbász","Вербас","Врбас","فرباس","ورباس","ڤرباس","弗爾巴斯"],"latitude":"45.57139","longitude":"19.64083","feature_class":"P","feature_code":"PPLA3","country_code":"RS","cc2":"","admin1_code":"VO","admin2_code":"6","admin3_code":"3187295","admin4_code":"","population":"25907","elevation":"","dem":"85","timezone":"Europe/Belgrade","modification_date":"2012-04-12"},{"geonameid":"3187829","name":"Veternik","asciiname":"Veternik","alternatenames":["Ofutak","Veternik","Ófutak"],"latitude":"45.25446","longitude":"19.7588","feature_class":"P","feature_code":"PPL","country_code":"RS","cc2":"","admin1_code":"00","admin2_code":"","admin3_code":"","admin4_code":"","population":"10226","elevation":"","dem":"79","timezone":"Europe/Belgrade","modification_date":"2012-07-04"},{"geonameid":"3188402","name":"Valjevo","asciiname":"Valjevo","alternatenames":["QWV","Valevas","Valevo","Valievo","Valjevo","ballebo","falyfw","vu~aryevu~o","wa lie wo","walyfw","walyyww","wlyybw","Βάλιεβο","Валево","Ваљево","ולייבו","فاليفو","والیئوو","والیفو","ڤالێڤۆ","ヴァリェヴォ","瓦列沃","발레보"],"latitude":"44.27513","longitude":"19.89821","feature_class":"P","feature_code":"PPLA2","country_code":"RS","cc2":"","admin1_code":"SE","admin2_code":"9","admin3_code":"70360","admin4_code":"","population":"61035","elevation":"","dem":"180","timezone":"Europe/Belgrade","modification_date":"2012-04-15"},{"geonameid":"3188434","name":"Užice","asciiname":"Uzice","alternatenames":["Gorad Uzhyceh","Oujiste","Ouzhice","Ouzitse","Titovo Uzice","Titovo Užice","Uzhice","Uzice","Užice","Užicė","awzhytsh","ujiche","ujitsu~e","wu ri ce","Ούζιτσε","Горад Ужыцэ","Оужицє","Ужице","ئوژیتسێ","اوژیتسه","اوژیچے","ウジツェ","乌日策","우지체"],"latitude":"43.85861","longitude":"19.84878","feature_class":"P","feature_code":"PPLA2","country_code":"RS","cc2":"","admin1_code":"SE","admin2_code":"16","admin3_code":"71145","admin4_code":"","population":"63577","elevation":"","dem":"438","timezone":"Europe/Belgrade","modification_date":"2012-04-15"},{"geonameid":"3189595","name":"Subotica","asciiname":"Subotica","alternatenames":["Maria-Theresianopel","Maria-Theresiopel","Maria-Theresiopolis","Sawaditz","Subotica","Subotiza","Szabadka","Szent-Maria","Szent-Mária","Theresiopel","Zubotica","Суботица"],"latitude":"46.1","longitude":"19.66667","feature_class":"P","feature_code":"PPLA2","country_code":"RS","cc2":"","admin1_code":"VO","admin2_code":"1","admin3_code":"80438","admin4_code":"","population":"100000","elevation":"","dem":"115","timezone":"Europe/Belgrade","modification_date":"2012-04-15"},{"geonameid":"3190042","name":"Stanišić","asciiname":"Stanisic","alternatenames":["Deutschwachenheim","Orszallas","Stanischitz","Stanisic","Stanišić","Steinsitz","Sztanisics","Tannenschutz","Tannenschütz","Wachenheim","Őrszállás"],"latitude":"45.93895","longitude":"19.16709","feature_class":"P","feature_code":"PPL","country_code":"RS","cc2":"","admin1_code":"00","admin2_code":"","admin3_code":"","admin4_code":"","population":"5476","elevation":"","dem":"95","timezone":"Europe/Belgrade","modification_date":"2012-07-04"},{"geonameid":"3190101","name":"Sremski Karlovci","asciiname":"Sremski Karlovci","alternatenames":["Carlovit","Carloviț","Carolovicia","Gorad Srehmski-Karlaucy","Karloca","Karlocza","Karlofca","Karlofça","Karlovci","Karlovicz","Karloviczi","Karlowice","Karlowitz","Karlóca","Karlócza","Karom","Opstina Sremski Karlovci","Opština Sremski Karlovci","Sremski Karlovci","Sremski-Karlovci","Srijemski Karlovci","seulemseukikaleullobeuchi","si lei mu si ji ka er luo fu qi","srymsky karlwwchy","Горад Срэмскі-Карлаўцы","Сремски Карловци","Сремски-Карловци","سریمسکی کارلووچی","スレムスキ・カルロヴツィ","斯雷姆斯基卡尔洛夫奇","스렘스키카를로브치"],"latitude":"45.2025","longitude":"19.93444","feature_class":"P","feature_code":"PPLA3","country_code":"RS","cc2":"","admin1_code":"VO","admin2_code":"6","admin3_code":"80411","admin4_code":"","population":"8839","elevation":"","dem":"86","timezone":"Europe/Belgrade","modification_date":"2012-04-12"},{"geonameid":"3190103","name":"Sremska Mitrovica","asciiname":"Sremska Mitrovica","alternatenames":["Dimitrofce","Dimitrofçe","Mitraja","Mitrovic","Mitrovica","Mitrovicz","Mitrovicza","Mitrovitza","Mitrowitz","Opstina Sremska Mitrovica","Opština Sremska Mitrovica","Sirmijum","Sirmion","Sirmium","Srem. Mitrovica","Sremska Mitrovica","Srijemska Mitrovica","Strema Mitrovica","Syrmisch-Mitrowitz","Szavaszentdemeter","Szávaszentdemeter","dmtrwfchh","Сирмијум","دمتروفچه"],"latitude":"44.97639","longitude":"19.61222","feature_class":"P","feature_code":"PPLA2","country_code":"RS","cc2":"","admin1_code":"VO","admin2_code":"7","admin3_code":"80403","admin4_code":"","population":"39084","elevation":"","dem":"84","timezone":"Europe/Belgrade","modification_date":"2014-10-20"},{"geonameid":"3190335","name":"Sonta","asciiname":"Sonta","alternatenames":["Sonta","Szond","Szonta","Waldau an der Donau"],"latitude":"45.59427","longitude":"19.09719","feature_class":"P","feature_code":"PPL","country_code":"RS","cc2":"","admin1_code":"00","admin2_code":"","admin3_code":"","admin4_code":"","population":"5991","elevation":"","dem":"83","timezone":"Europe/Belgrade","modification_date":"2012-07-04"},{"geonameid":"3190342","name":"Sombor","asciiname":"Sombor","alternatenames":["Coborszentmihaly","Coborszentmihály","Gorad Sombar","Kiszombor","Mezozombor","Mezőzombor","Nagy-Zombor","Opstina Sombor","Opština Sombor","Schomburg","Sombor","Sompor","Szentmihaly","Szentmihály","Zombor","somboleu","sonboru","song bo er","swmbwr","Σόμπορ","Горад Сомбар","Сомбор","سومبور","سۆمبۆر","ソンボル","松博尔","솜보르"],"latitude":"45.77417","longitude":"19.11222","feature_class":"P","feature_code":"PPLA2","country_code":"RS","cc2":"","admin1_code":"VO","admin2_code":"5","admin3_code":"3190341","admin4_code":"","population":"48454","elevation":"","dem":"89","timezone":"Europe/Belgrade","modification_date":"2012-04-12"},{"geonameid":"3191376","name":"Šabac","asciiname":"Sabac","alternatenames":["Boeguerdelen","Böğürdelen","Chabats","Sabac","Sampats","Shabac","Szabacs","Szabács","sha ba ci","shabach","shabas","shabats","shabatsu","syabacheu","Ŝabac","Šabac","Σάμπατς","Шабац","شاباتس","شاباس","شاباچ","シャバツ","沙巴茨","샤바츠"],"latitude":"44.74667","longitude":"19.69","feature_class":"P","feature_code":"PPLA2","country_code":"RS","cc2":"","admin1_code":"SE","admin2_code":"8","admin3_code":"71269","admin4_code":"","population":"55114","elevation":"","dem":"79","timezone":"Europe/Belgrade","modification_date":"2012-04-15"},{"geonameid":"3191429","name":"Ruma","asciiname":"Ruma","alternatenames":["Gorad Ruma","Rouma","Ruma","lu ma","luma","rwma","rwma  srbya","Ρούμα","Горад Рума","Рума","روما","روما ،سربیا","ڕوما","魯馬","루마"],"latitude":"45.00806","longitude":"19.82222","feature_class":"P","feature_code":"PPLA3","country_code":"RS","cc2":"","admin1_code":"VO","admin2_code":"7","admin3_code":"80357","admin4_code":"","population":"32229","elevation":"","dem":"114","timezone":"Europe/Belgrade","modification_date":"2014-10-20"},{"geonameid":"3192420","name":"Prigrevica","asciiname":"Prigrevica","alternatenames":["Bacsszentivan","Batsch-Sentiwan","Bácsszentiván","Priglevicza-Szent-Ivan","Priglevicza-Szent-Iván","Priglewitz","Prigrevica","Prigrevica Sveti Ivan","Prigrevica Sveti Ivon","Sonnhofen","Szent-Ivany","Szent-Ivány"],"latitude":"45.67636","longitude":"19.08809","feature_class":"P","feature_code":"PPL","country_code":"RS","cc2":"","admin1_code":"00","admin2_code":"","admin3_code":"","admin4_code":"","population":"5026","elevation":"","dem":"85","timezone":"Europe/Belgrade","modification_date":"2012-07-04"},{"geonameid":"3193406","name":"Petrovaradin","asciiname":"Petrovaradin","alternatenames":["Petervarad","Petervaradin","Peterwardein","Petrovaradin","Petrovaradín","Pétervárad","bi de luo wa la ding","peteulobaladin","petorovu~aradin","Петроварадин","პეტროვარადინის მუნიციპალიტეტი","ペトロヴァラディン","彼得罗瓦拉丁","페트로바라딘"],"latitude":"45.24667","longitude":"19.87944","feature_class":"P","feature_code":"PPLA3","country_code":"RS","cc2":"","admin1_code":"VO","admin2_code":"6","admin3_code":"80519","admin4_code":"","population":"13917","elevation":"","dem":"78","timezone":"Europe/Belgrade","modification_date":"2012-04-12"},{"geonameid":"3194360","name":"Novi Sad","asciiname":"Novi Sad","alternatenames":["Gorad Novy Sad","Neoplanta","Neusatz","Novi Sad","Novi Sadas","Novi Sant","Novi-Sad","Novi-Sad khot","Novij Sad","Novisada","Novu Sadu","Novy Sad","Novî Sad","Nový Sad","Nowy Sad","O-petervaradja","Petervarad","Pétervárad","QND","Ujvidek","Varadinum Petri","Vasaros-Varad","Vásáros-Várad","nobisadeu","novhi sada","nuo wei sa","nwfy sad","nwwy sad","nx wi sad","Ó-péterváradja","Újvidék","Νόβι Σαντ","Горад Новы Сад","Нови Сад","Нови-Сад","Нови-Сад хот","Новий Сад","Новъ Садъ","נובי סאד","نوفي ساد","نووی ساد","नोव्ही साद","นอวีซาด","ノヴィ・サド","诺威萨","노비사드"],"latitude":"45.25167","longitude":"19.83694","feature_class":"P","feature_code":"PPLA","country_code":"RS","cc2":"","admin1_code":"VO","admin2_code":"6","admin3_code":"3194359","admin4_code":"","population":"215400","elevation":"","dem":"79","timezone":"Europe/Belgrade","modification_date":"2012-04-12"},{"geonameid":"3202798","name":"Čelarevo","asciiname":"Celarevo","alternatenames":["Bac-Ceb","Bacs-Cseb","Bač-Čeb","Bleyersdorf","Bács-Cséb","Celarevo","Cib","Cseb","Cséb","Dunacseb","Dunacséb","Tscheb","Čelarevo","Čib"],"latitude":"45.26999","longitude":"19.52484","feature_class":"P","feature_code":"PPL","country_code":"RS","cc2":"","admin1_code":"00","admin2_code":"","admin3_code":"","admin4_code":"","population":"5017","elevation":"","dem":"79","timezone":"Europe/Belgrade","modification_date":"2012-07-04"},{"geonameid":"3203840","name":"Bogatić","asciiname":"Bogatic","alternatenames":["Bocatic","Bocatić","Bogatic","Bogatić"],"latitude":"44.8375","longitude":"19.48056","feature_class":"P","feature_code":"PPLA3","country_code":"RS","cc2":"","admin1_code":"SE","admin2_code":"8","admin3_code":"70289","admin4_code":"","population":"7225","elevation":"","dem":"84","timezone":"Europe/Belgrade","modification_date":"2012-04-15"},{"geonameid":"3204623","name":"Bajina Bašta","asciiname":"Bajina Basta","alternatenames":["Bajina Bashta","Bajina Basta","Bajina Bašta","Bajina-Bashta","ba yi na ba shen ta","bayyna bashta","Байина-Башта","Бајина Башта","بايينا باشتا","بایینا باشتا","巴伊納巴什塔"],"latitude":"43.97083","longitude":"19.5675","feature_class":"P","feature_code":"PPLA3","country_code":"RS","cc2":"","admin1_code":"SE","admin2_code":"16","admin3_code":"70068","admin4_code":"","population":"8533","elevation":"","dem":"242","timezone":"Europe/Belgrade","modification_date":"2012-04-15"},{"geonameid":"3204635","name":"Badovinci","asciiname":"Badovinci","alternatenames":["Badovinci"],"latitude":"44.78534","longitude":"19.37146","feature_class":"P","feature_code":"PPL","country_code":"RS","cc2":"","admin1_code":"00","admin2_code":"","admin3_code":"","admin4_code":"","population":"5879","elevation":"","dem":"90","timezone":"Europe/Belgrade","modification_date":"2012-07-04"},{"geonameid":"3204665","name":"Bački Petrovac","asciiname":"Backi Petrovac","alternatenames":["Backi Petrovac","Bački Petrovac","Petroc","Petrocz","Petrovac","Petrovacz","Petrovácz","Petrowatz","Petrőc","Petrőcz"],"latitude":"45.36056","longitude":"19.59167","feature_class":"P","feature_code":"PPLA3","country_code":"RS","cc2":"","admin1_code":"VO","admin2_code":"6","admin3_code":"3204664","admin4_code":"","population":"7229","elevation":"","dem":"83","timezone":"Europe/Belgrade","modification_date":"2012-04-12"},{"geonameid":"3204672","name":"Bačka Topola","asciiname":"Backa Topola","alternatenames":["Andrasfoldje","Andrásföldje","Bacstopolya","Batsch-Topola","Bácstopolya","Kisbelgrad","Kisbelgrád","Mali Beograd","Topolo","Topolya"],"latitude":"45.81516","longitude":"19.6318","feature_class":"P","feature_code":"PPLA3","country_code":"RS","cc2":"","admin1_code":"VO","admin2_code":"1","admin3_code":"80071","admin4_code":"","population":"16154","elevation":"","dem":"94","timezone":"Europe/Belgrade","modification_date":"2012-04-15"},{"geonameid":"3204674","name":"Bačka Palanka","asciiname":"Backa Palanka","alternatenames":["Alt-Palanka","Bachka Palanka","Bachka palanka","Bachka-Palanka","Backa Palanka","Bačka Palanka","Deutsch-Palanka","Gorad Bachka-Palanka","Nemet-Palanka","Nova Palanka","Német-Palánka","Opalanka","Palanka","Palánka","Plakenburg","Stara Palanka","Ujpalanka","ba qi ka pa lan ka","bachikapallanka","bachka palanka","bachka planka","batshka balanka","Ópalánka","Újpalánka","Бачка Паланка","Бачка паланка","Бачка-Паланка","Горад Бачка-Паланка","باتشكا بالانكا","باچکا پالانکا","باچکا پلانکا","巴奇卡帕兰卡","바치카팔란카"],"latitude":"45.25083","longitude":"19.39194","feature_class":"P","feature_code":"PPLA3","country_code":"RS","cc2":"","admin1_code":"VO","admin2_code":"6","admin3_code":"3204673","admin4_code":"","population":"29449","elevation":"","dem":"81","timezone":"Europe/Belgrade","modification_date":"2012-04-12"},{"geonameid":"3204793","name":"Apatin","asciiname":"Apatin","alternatenames":["Abthausen","Apathin","Apati","Apatin","Apatinas","a pa ding","abatyn","apatn","Апатин","أباتين","اپاتن","阿帕丁"],"latitude":"45.67111","longitude":"18.98472","feature_class":"P","feature_code":"PPLA3","country_code":"RS","cc2":"","admin1_code":"VO","admin2_code":"5","admin3_code":"3204792","admin4_code":"","population":"18320","elevation":"","dem":"82","timezone":"Europe/Belgrade","modification_date":"2012-04-12"},{"geonameid":"6619277","name":"Knjazevac","asciiname":"Knjazevac","alternatenames":[""],"latitude":"43.56634","longitude":"22.25701","feature_class":"P","feature_code":"PPLA3","country_code":"RS","cc2":"","admin1_code":"SE","admin2_code":"15","admin3_code":"70602","admin4_code":"","population":"25000","elevation":"217","dem":"232","timezone":"Europe/Belgrade","modification_date":"2012-04-16"},{"geonameid":"783814","name":"Zrenjanin","asciiname":"Zrenjanin","alternatenames":["Becicherecu Mare","Becicherecul Mare","Beckerek","Becskerek","Betschkerek","Beçkerek","Gross-Betschkerek","Nagybecskerek","Petrovgrad","Veliki Beckerek","Veliki Bečkerek","Zrenanin","Zrenianin","Zrenianinas","Zrenjanin","Zrenjanin-grad","bchkrk","ci lei ni ya ning","jeulenyanin","zrnjanyn","zrynyann","zurenyanin","Ζρένιανιν","Зренянин","Зрењанин","זרניאנין","بچکرک","زرنجانین","زرینیانن","زرێنیانین","ズレニャニン","兹雷尼亚宁","즈레냐닌"],"latitude":"45.38361","longitude":"20.38194","feature_class":"P","feature_code":"PPLA2","country_code":"RS","cc2":"","admin1_code":"VO","admin2_code":"2","admin3_code":"80152","admin4_code":"","population":"79773","elevation":"","dem":"81","timezone":"Europe/Belgrade","modification_date":"2012-04-15"},{"geonameid":"783920","name":"Zemun","asciiname":"Zemun","alternatenames":["Opstina Zemun","Opština Zemun","Semlin","Semlino","Taurunum","Zeman","Zemlen","Zemlén","Zemun","Zimony","jemun","ze meng","zemun","Σεμλίνο","Земун","ゼムン","泽蒙","제문"],"latitude":"44.84306","longitude":"20.40111","feature_class":"P","feature_code":"PPLA3","country_code":"RS","cc2":"","admin1_code":"SE","admin2_code":"0","admin3_code":"70157","admin4_code":"","population":"155591","elevation":"","dem":"98","timezone":"Europe/Belgrade","modification_date":"2012-04-14"},{"geonameid":"784024","name":"Zaječar","asciiname":"Zajecar","alternatenames":["Zaechar","Zagetsar","Zaicear","Zaiciar","Zajchar","Zajechar","Zaychar","jayechaleu","zai~echaru","zaychar","zayychar","zayytshar","zha ye cha er","Ζάγετσαρ","Заечар","Зайчар","Зајечар","زائیچار","زاييتشار","زایچار","زایێچار","ザイェチャル","扎耶查尔","자예차르"],"latitude":"43.90358","longitude":"22.26405","feature_class":"P","feature_code":"PPLA2","country_code":"RS","cc2":"","admin1_code":"SE","admin2_code":"15","admin3_code":"70556","admin4_code":"","population":"49800","elevation":"","dem":"130","timezone":"Europe/Belgrade","modification_date":"2012-04-19"},{"geonameid":"784136","name":"Vršac","asciiname":"Vrsac","alternatenames":["Hennemannstadt","Varset","Versec","Versecz","Vershice","Vrsac","Vrsacas","Vrsats","Vrshac","Vršac","Vršacas","Vurshac","Vârșeț","Werschetz","Werschitz","beuleusyacheu","frshas","frshats","fu er sha ci","vrshats","vurushatsu","wrshaj","Βρσατς","Вршац","Вършац","ורשאץ","فرشاتس","فرشاس","ورشاج","ڤرشاتس","ヴルシャツ","弗尔沙茨","브르샤츠"],"latitude":"45.11667","longitude":"21.30361","feature_class":"P","feature_code":"PPLA3","country_code":"RS","cc2":"","admin1_code":"VO","admin2_code":"4","admin3_code":"784135","admin4_code":"","population":"36300","elevation":"","dem":"96","timezone":"Europe/Belgrade","modification_date":"2012-04-12"},{"geonameid":"784227","name":"Vranje","asciiname":"Vranje","alternatenames":["Ivranya","Vrane","Vranie","Vranja","Vranje","Vranya","beulane","franyy","fu la nie","vuranye","wranyh","Βράνιε","Вране","Враня","Врање","וראניה","فرانيي","ورانیئے","ورانیه","ڤرانیێ","ヴラニェ","弗拉涅","브라네"],"latitude":"42.55139","longitude":"21.90028","feature_class":"P","feature_code":"PPLA2","country_code":"RS","cc2":"","admin1_code":"SE","admin2_code":"24","admin3_code":"70432","admin4_code":"","population":"56199","elevation":"","dem":"468","timezone":"Europe/Belgrade","modification_date":"2012-04-17"},{"geonameid":"784873","name":"Trstenik","asciiname":"Trstenik","alternatenames":["Trstenik","Trustenik","te lei si ta ni ke","trstynk","Трстеник","Тръстеник","ترستینک","特雷斯塔尼克"],"latitude":"43.61694","longitude":"21.0025","feature_class":"P","feature_code":"PPLA3","country_code":"RS","cc2":"","admin1_code":"SE","admin2_code":"19","admin3_code":"71170","admin4_code":"","population":"49043","elevation":"","dem":"170","timezone":"Europe/Belgrade","modification_date":"2012-04-15"},{"geonameid":"785559","name":"Stara Pazova","asciiname":"Stara Pazova","alternatenames":["Alt-Pasua","Alt-Pazua","Opazova","Pazua","Stara Pazova","Stará Pazova","jiu pa zuo wa","stara pazwwa","Ópazova","Ópázova","Стара Пазова","ستارا پازووا","舊帕佐瓦"],"latitude":"44.985","longitude":"20.16083","feature_class":"P","feature_code":"PPLA3","country_code":"RS","cc2":"","admin1_code":"VO","admin2_code":"7","admin3_code":"80420","admin4_code":"","population":"16217","elevation":"","dem":"81","timezone":"Europe/Belgrade","modification_date":"2012-04-15"},{"geonameid":"785615","name":"Sremčica","asciiname":"Sremcica","alternatenames":[""],"latitude":"44.67653","longitude":"20.39232","feature_class":"P","feature_code":"PPL","country_code":"RS","cc2":"","admin1_code":"SE","admin2_code":"","admin3_code":"","admin4_code":"","population":"23000","elevation":"","dem":"225","timezone":"Europe/Belgrade","modification_date":"2013-10-30"},{"geonameid":"785753","name":"Smederevska Palanka","asciiname":"Smederevska Palanka","alternatenames":["Palanka","Palanka Smederevska","Smederevska Palanka","Smederevska palanka","Smederevska-Palanka","asmdrfska planka","si mei dai lei wo pa lan ka","smydyrywska planka","Смедеревска Паланка","Смедеревска паланка","Смедеревска-Паланка","اسمدرفسکا پلانکا","سمیدیریوسکا پلانکا","سمێدێرێڤسکا پالانکا","斯梅代雷沃帕蘭卡"],"latitude":"44.36548","longitude":"20.95885","feature_class":"P","feature_code":"PPLA3","country_code":"RS","cc2":"","admin1_code":"SE","admin2_code":"10","admin3_code":"71102","admin4_code":"","population":"27000","elevation":"119","dem":"122","timezone":"Europe/Belgrade","modification_date":"2012-04-17"},{"geonameid":"785756","name":"Smederevo","asciiname":"Smederevo","alternatenames":["Semendire","Semendria","Semêndria","Smedere","Smederevas","Smedereve","Smederevo","Smederewo","Smenterevo","Szendro","Szendrő","asmdrfw","seumedelebo","si mei dai lei wo","smdrbw","smydyryww","sumederevu~o","Σμεντέρεβο","Смедереве","Смедерево","סמדרבו","اسمدرفو","سمیدیریوو","سمێدێرێفپڤو","スメデレヴォ","斯梅代雷沃","스메데레보"],"latitude":"44.66278","longitude":"20.93","feature_class":"P","feature_code":"PPLA2","country_code":"RS","cc2":"","admin1_code":"SE","admin2_code":"10","admin3_code":"71099","admin4_code":"","population":"62000","elevation":"","dem":"86","timezone":"Europe/Belgrade","modification_date":"2012-04-17"},{"geonameid":"785965","name":"Senta","asciiname":"Senta","alternatenames":["Senta","Szenta","Szintarev","Szintarév","Szénta","Zenta","sen ta","synta","Σέντα","Сента","זענטא","سینتا","森塔"],"latitude":"45.9275","longitude":"20.07722","feature_class":"P","feature_code":"PPLA3","country_code":"RS","cc2":"","admin1_code":"VO","admin2_code":"3","admin3_code":"80365","admin4_code":"","population":"20302","elevation":"","dem":"81","timezone":"Europe/Belgrade","modification_date":"2012-04-15"},{"geonameid":"786690","name":"Prokuplje","asciiname":"Prokuplje","alternatenames":["Prokuple","Prokuplje","peulokupeulle","prwkwplyh","pu luo ku pu lie","purokupurye","Прокупле","Прокупље","پروکرپلیئے","پروکوپلیه","پرۆکوپلێ","プロクプリェ","普羅庫普列","프로쿠플레"],"latitude":"43.23417","longitude":"21.58806","feature_class":"P","feature_code":"PPLA2","country_code":"RS","cc2":"","admin1_code":"SE","admin2_code":"21","admin3_code":"70998","admin4_code":"","population":"27673","elevation":"","dem":"259","timezone":"Europe/Belgrade","modification_date":"2012-04-17"},{"geonameid":"786827","name":"Požarevac","asciiname":"Pozarevac","alternatenames":["Gorad Pazharehvac","Pasarofca","Pasarofça","Pozarevac","Pozarevacas","Pozarevats","Pozarewac","Pozerevac","Pozharev'c'","Pozharevac","Pozsarevac","Pozsarevác","Pożarewac","Požarevac","Požarevacas","Požerevac","ZZP","bo zha lei wa ci","pojalebacheu","pojarevu~atsu","pwzarywach","pwzharfas","pwzʼrwwʼz","Ποζάρεβατς","Горад Пажарэвац","Пожаревац","Пожарєвьць","פוזארוואץ","پوزاریواچ","پوژارفاس","پۆژارێڤاتس","ポジャレヴァツ","波扎雷瓦茨","포자레바츠"],"latitude":"44.62133","longitude":"21.18782","feature_class":"P","feature_code":"PPLA2","country_code":"RS","cc2":"","admin1_code":"SE","admin2_code":"11","admin3_code":"70947","admin4_code":"","population":"41736","elevation":"","dem":"80","timezone":"Europe/Belgrade","modification_date":"2013-06-10"},{"geonameid":"787050","name":"Pirot","asciiname":"Pirot","alternatenames":["Pirot","pi luo te","piloteu","piroto","pyrwt","Πίροτ","Пирот","Пірот","פירוט","پیروت","پیرۆت","ピロト","皮罗特","피로트"],"latitude":"43.15306","longitude":"22.58611","feature_class":"P","feature_code":"PPLA2","country_code":"RS","cc2":"","admin1_code":"SE","admin2_code":"22","admin3_code":"70939","admin4_code":"","population":"40678","elevation":"","dem":"371","timezone":"Europe/Belgrade","modification_date":"2012-04-17"},{"geonameid":"787237","name":"Pančevo","asciiname":"Pancevo","alternatenames":["Banstadt","Hertelendyfalva","Marienfeld","Pancevas","Pancevo","Panchevo","Panciova","Pancsal","Pancsaly","Pancsova","Pantschowa","Pantsevo","Panĉevo","Pančevas","Pančevo","QBG","Vojlovica","Wojlowitz","Wojlowitza","pan qie wo","panchebo","panchevu~o","panchfw","panchyww","pnzbw","Πάντσεβο","Панчево","פנצבו","پانچفو","پانچیوو","پانچێڤۆ","パンチェヴォ","潘切沃","판체보"],"latitude":"44.87083","longitude":"20.64028","feature_class":"P","feature_code":"PPLA2","country_code":"RS","cc2":"","admin1_code":"VO","admin2_code":"4","admin3_code":"787236","admin4_code":"","population":"76654","elevation":"","dem":"81","timezone":"Europe/Belgrade","modification_date":"2013-04-28"},{"geonameid":"787516","name":"Obrenovac","asciiname":"Obrenovac","alternatenames":["Obrenovac","Obrenovacas","Opstina Obrenovac","Opština Obrenovac","ao bu lei nuo wa ci","awbrnwwas","Обреновац","ئۆبرێنۆڤاتس","اوبرنوواس","奧布雷諾瓦茨"],"latitude":"44.65486","longitude":"20.20017","feature_class":"P","feature_code":"PPLA3","country_code":"RS","cc2":"","admin1_code":"SE","admin2_code":"0","admin3_code":"70190","admin4_code":"","population":"16821","elevation":"","dem":"78","timezone":"Europe/Belgrade","modification_date":"2012-04-14"},{"geonameid":"787595","name":"Novi Pazar","asciiname":"Novi Pazar","alternatenames":["Novi Pazar","Novi Pazaras","Novi pazar","Novi-Pazar","Pazari i Ri","Yeni Pazar","Yenipazar","nobipajaleu","novi pazar","nwfy bazar","nwwy pazar","xin pa zha er","Νόβι Παζάρ","Нови Пазар","Нови пазар","Нови-Пазар","נובי פאזאר","نوفي بازار","نووی پازار","نۆڤی پازار، سربیا","ノヴィ・パザル","新帕扎爾","노비파자르"],"latitude":"43.13667","longitude":"20.51222","feature_class":"P","feature_code":"PPLA3","country_code":"RS","cc2":"","admin1_code":"SE","admin2_code":"18","admin3_code":"70874","admin4_code":"","population":"85996","elevation":"","dem":"511","timezone":"Europe/Belgrade","modification_date":"2012-04-15"},{"geonameid":"787615","name":"Nova Pazova","asciiname":"Nova Pazova","alternatenames":["Neu-Pasua","Nova Pazova","Ujpazova","Újpázova","Нова Пазова"],"latitude":"44.94366","longitude":"20.21931","feature_class":"P","feature_code":"PPL","country_code":"RS","cc2":"","admin1_code":"VO","admin2_code":"","admin3_code":"","admin4_code":"","population":"15488","elevation":"","dem":"76","timezone":"Europe/Belgrade","modification_date":"2014-01-21"},{"geonameid":"787657","name":"Niš","asciiname":"Nis","alternatenames":["INI","Nich","Nis","Nisch","Nish","Niso","Nissa","Nisz","Nix","Niŝo","Niš","Ниш"],"latitude":"43.32472","longitude":"21.90333","feature_class":"P","feature_code":"PPLA2","country_code":"RS","cc2":"","admin1_code":"SE","admin2_code":"20","admin3_code":"","admin4_code":"","population":"250000","elevation":"","dem":"194","timezone":"Europe/Belgrade","modification_date":"2012-04-14"},{"geonameid":"787718","name":"Negotin","asciiname":"Negotin","alternatenames":["Negotin","Negotin Krajina","Negotin Krajinski","nei ge ting","nygwtn","Неготин","نیگوتن","內戈廷"],"latitude":"44.22639","longitude":"22.53083","feature_class":"P","feature_code":"PPLA3","country_code":"RS","cc2":"","admin1_code":"SE","admin2_code":"14","admin3_code":"70840","admin4_code":"","population":"17612","elevation":"","dem":"49","timezone":"Europe/Belgrade","modification_date":"2012-04-16"},{"geonameid":"788709","name":"Leskovac","asciiname":"Leskovac","alternatenames":["Gorad Leskovac","Leskofca","Leskofça","Leskovac","Leskovacas","Leskovats","Leskovci","lai si ke wa ci","leseukobacheu","lskwas","lyskwfats","lyskwwach","resukovu~atsu","Λέσκοβατς","Горад Лесковац","Лесковац","لسکواس","ليسكوفاتس","لیسکوواچ","لێسکۆڤاتس","レスコヴァツ","莱斯科瓦茨","레스코바츠"],"latitude":"42.99806","longitude":"21.94611","feature_class":"P","feature_code":"PPLA2","country_code":"RS","cc2":"","admin1_code":"SE","admin2_code":"23","admin3_code":"70726","admin4_code":"","population":"94758","elevation":"","dem":"230","timezone":"Europe/Belgrade","modification_date":"2012-04-16"},{"geonameid":"788771","name":"Lazarevac","asciiname":"Lazarevac","alternatenames":["Lazarevac","Lazarevacas","Opstina Lazarevac","Opština Lazarevac","la zha lei wa ci","lazarwas","Лазаревац","لازارواس","لازارێڤاتس","拉扎雷瓦茨"],"latitude":"44.38534","longitude":"20.2557","feature_class":"P","feature_code":"PPLA3","country_code":"RS","cc2":"","admin1_code":"SE","admin2_code":"0","admin3_code":"70165","admin4_code":"","population":"23551","elevation":"","dem":"117","timezone":"Europe/Belgrade","modification_date":"2012-04-14"},{"geonameid":"788975","name":"Kruševac","asciiname":"Krusevac","alternatenames":["Alacahisar","Krousevats","Krusevac","Krusevacas","Krushevac","Kruševac","Kruševacas","alajh hsar","ke lu she wa ci","keulusyebacheu","krwshwas","krwshyfats","krwshywach","kurushevu~atsu","qrwsbz","Κρούσεβατς","Крушевац","קרושבץ","الاجه حصار","كروشيفاتس","کروشواس","کروشیواچ","کروشێڤاتس","クルシェヴァツ","克鲁舍瓦茨","크루셰바츠"],"latitude":"43.58","longitude":"21.33389","feature_class":"P","feature_code":"PPLA2","country_code":"RS","cc2":"","admin1_code":"SE","admin2_code":"19","admin3_code":"70670","admin4_code":"","population":"75256","elevation":"","dem":"162","timezone":"Europe/Belgrade","modification_date":"2012-04-15"},{"geonameid":"789107","name":"Kraljevo","asciiname":"Kraljevo","alternatenames":["Kralevas","Kralevo","Kralievo","Kraljevo","Rankovicevo","Rankovićevo","ke la lie wo","keulallebo","kralyfw","kralyyfw","kralyyww","kuraryevu~o","qrlywbw","Κράλιεβο","Кралево","Краљево","קרליובו","كرالييفو","کرالیئوو","کرالیفو","کرالێڤۆ","クラリェヴォ","克拉列沃","크랄레보"],"latitude":"43.72583","longitude":"20.68944","feature_class":"P","feature_code":"PPLA2","country_code":"RS","cc2":"","admin1_code":"SE","admin2_code":"18","admin3_code":"70653","admin4_code":"","population":"82846","elevation":"","dem":"207","timezone":"Europe/Belgrade","modification_date":"2012-04-15"},{"geonameid":"789128","name":"Kragujevac","asciiname":"Kragujevac","alternatenames":["Gorad Kraguevac","Krabujevac","Kragiyevac","Kraguevac","Kraguevac'","Kragujevac","Kragujevaca","Kragujevacas","Krankougievats","ke la gu ye wa ci","keulaguyebacheu","khra kuye wat s","kraghwyyfats","kragwywats","kragwyywach","kuragui~evu~atsu","qrgwyybz","Κραγκούγιεβατς","Горад Крагуевац","Крагоуѥвьць","Крагуевац","Крагуєваць","Крагујевац","קרגוייבץ","كراغوييفاتس","کراگوئیواچ","کراگویواتس","ครากูเยวัตส์","クラグイェヴァツ","克拉古耶瓦茨","크라구예바츠"],"latitude":"44.01667","longitude":"20.91667","feature_class":"P","feature_code":"PPLA2","country_code":"RS","cc2":"","admin1_code":"SE","admin2_code":"12","admin3_code":"70645","admin4_code":"","population":"147473","elevation":"","dem":"182","timezone":"Europe/Belgrade","modification_date":"2012-04-16"},{"geonameid":"789518","name":"Kikinda","asciiname":"Kikinda","alternatenames":["Chichinda Mare","Gross-Kikinda","Kikinda","Kikinta","Kokend","Kökénd","Nagykikinda","Velika Kikinda","ji jin da","kikinda","kyknda","kykynda","Κίκιντα","Кикинда","کیکندا","کیکیندا","キキンダ","基金达","키킨다"],"latitude":"45.82972","longitude":"20.46528","feature_class":"P","feature_code":"PPLA2","country_code":"RS","cc2":"","admin1_code":"VO","admin2_code":"3","admin3_code":"80209","admin4_code":"","population":"41935","elevation":"","dem":"84","timezone":"Europe/Belgrade","modification_date":"2012-04-15"},{"geonameid":"789923","name":"Jagodina","asciiname":"Jagodina","alternatenames":["Giankontina","Jagodina","Svetozarevo","ya ge ding na","yaghwdyna","yaghwdynh","yagodina","yagwdyna","Γιάγκοντινα","Јагодина","Ягодина","ياغودينا","یاغودینه","یاگودینا","یاگۆدینا","ヤゴディナ","雅戈丁那","야고디나"],"latitude":"43.97713","longitude":"21.26121","feature_class":"P","feature_code":"PPLA2","country_code":"RS","cc2":"","admin1_code":"SE","admin2_code":"13","admin3_code":"71048","admin4_code":"","population":"35589","elevation":"","dem":"120","timezone":"Europe/Belgrade","modification_date":"2013-10-21"},{"geonameid":"790015","name":"Inđija","asciiname":"Ingija","alternatenames":["India","Indija","Indjija","Indzhija","Indzija","Indžija","Ingija","Ingyia","Inđija","Inĝija","andya","aynjyya","injiya","yin ji ya","yyndya","Інджія","Инджия","Инђија","Инѓија","ئیندیا","اندیا","اینجییا","インジヤ","因吉亚","인지야"],"latitude":"45.04816","longitude":"20.08165","feature_class":"P","feature_code":"PPL","country_code":"RS","cc2":"","admin1_code":"VO","admin2_code":"7","admin3_code":"80179","admin4_code":"","population":"26247","elevation":"","dem":"114","timezone":"Europe/Belgrade","modification_date":"2012-07-04"},{"geonameid":"790367","name":"Gornji Milanovac","asciiname":"Gornji Milanovac","alternatenames":["Gorni Milanovac","Gorni Milanovacas","Gornji Milanovac","ghwrnyy mylanwfats","gwrny mylanwwach","gwrnyy mylanwwas","shang mi la nuo wa ci","Горни Милановац","Горњи Милановац","غورنيي ميلانوفاتس","گورنی میلانوواچ","گورنیی میلانوواس","گۆرنیی میلانۆڤاتس","上米拉諾瓦茨"],"latitude":"44.02603","longitude":"20.46152","feature_class":"P","feature_code":"PPLA3","country_code":"RS","cc2":"","admin1_code":"SE","admin2_code":"17","admin3_code":"70483","admin4_code":"","population":"23982","elevation":"","dem":"326","timezone":"Europe/Belgrade","modification_date":"2012-04-15"},{"geonameid":"791678","name":"Ćuprija","asciiname":"Cuprija","alternatenames":["Chuprija","Cuprija","chwprya","qiu pu li ya","swpryya","Ćuprija","Ћуприја","Чуприя","سوپرئیا","چوپریا","丘普里亚"],"latitude":"43.9275","longitude":"21.37","feature_class":"P","feature_code":"PPLA3","country_code":"RS","cc2":"","admin1_code":"SE","admin2_code":"13","admin3_code":"71200","admin4_code":"","population":"20585","elevation":"","dem":"124","timezone":"Europe/Belgrade","modification_date":"2012-04-15"},{"geonameid":"792078","name":"Čačak","asciiname":"Cacak","alternatenames":["Cacak","Cacakas","Chachak","Tsatsak","cha cha ke","cha chak","chachak","chachakeu","chachaku","tshatshak","Čačak","Čačakas","Τσάτσακ","Чачак","צאצאק","تشاتشاك","چاچاک","ชาชัก","チャチャク","查查克","차차크"],"latitude":"43.89139","longitude":"20.34972","feature_class":"P","feature_code":"PPLA2","country_code":"RS","cc2":"","admin1_code":"SE","admin2_code":"17","admin3_code":"71242","admin4_code":"","population":"117072","elevation":"","dem":"241","timezone":"Europe/Belgrade","modification_date":"2012-04-15"},{"geonameid":"792456","name":"Bor","asciiname":"Bor","alternatenames":["Bor","Boras","Gorad Bor","bo er","boleu","boru","bwr","bwr  srbya","Μπορ","Бор","Горад Бор","بور","بور ،سربیا","بۆر، سربیا","ボル","博尔","보르"],"latitude":"44.07488","longitude":"22.09591","feature_class":"P","feature_code":"PPLA2","country_code":"RS","cc2":"","admin1_code":"SE","admin2_code":"14","admin3_code":"70327","admin4_code":"","population":"39387","elevation":"","dem":"405","timezone":"Europe/Belgrade","modification_date":"2012-04-16"},{"geonameid":"792680","name":"Belgrade","asciiname":"Belgrade","alternatenames":["BEG","Belehrad","Belgrad","Belgrada","Belgradas","Belgrade","Belgrado","Belgradu","Belgradum","Belgrau","Belgrað","Belgrád","Belgráu","Beligradi","Belohrod","Beograd","Beogradi","Beogrado","Bèlgrade","Bělehrad","Běłohród","Nandorfehervar","Nándorfehérvár","Singidunum","be-ogeuladeu","bei er ge lai de","belgradi","beogurado","blghrad","blgrd","pelkiret","Βελιγράδι","Белград","Београд","Бѣлъ Градъ · Срьбїи","Բելգրադ","בלגרד","بلغراد","بېلگراد","பெல்கிறேட்","ბელგრადი","በልግራድ","ベオグラード","贝尔格莱德","베오그라드"],"latitude":"44.80401","longitude":"20.46513","feature_class":"P","feature_code":"PPLC","country_code":"RS","cc2":"","admin1_code":"SE","admin2_code":"","admin3_code":"","admin4_code":"","population":"1273651","elevation":"","dem":"120","timezone":"Europe/Belgrade","modification_date":"2011-10-04"},{"geonameid":"792814","name":"Bečej","asciiname":"Becej","alternatenames":["Alt-Betsche","Bece","Becej","Becejus","Bechej","Becse","Becsej","Beçe","Beĉej","Bečejus","Obecse","Stari Becej","Stari Bečej","bchy","bechei","bei qie yi","bychyy","bytshy","Óbecse","Бечей","Бечеј","بيتشي","بچی","بیچیی","بێچێی","贝切伊","베체이"],"latitude":"45.61632","longitude":"20.03331","feature_class":"P","feature_code":"PPLA3","country_code":"RS","cc2":"","admin1_code":"VO","admin2_code":"6","admin3_code":"3204390","admin4_code":"","population":"25774","elevation":"","dem":"77","timezone":"Europe/Belgrade","modification_date":"2012-04-12"},{"geonameid":"793111","name":"Aranđelovac","asciiname":"Arangelovac","alternatenames":["Arandzhelovac","Arangjelovac","a lan jie luo wa ci","arandjylwfats","arandylwwach","aranjlwwas","Аранджеловац","Аранђеловац","آرانجلوواس","أراندجيلوفاتس","ئاراندێلۆڤاتس","اراندیلوواچ","阿蘭傑洛瓦茨"],"latitude":"44.30694","longitude":"20.56","feature_class":"P","feature_code":"PPLA3","country_code":"RS","cc2":"","admin1_code":"SE","admin2_code":"12","admin3_code":"70033","admin4_code":"","population":"24309","elevation":"","dem":"251","timezone":"Europe/Belgrade","modification_date":"2012-04-15"},{"geonameid":"3187297","name":"Vrbas","asciiname":"Vrbas","alternatenames":["Alt-Werbass","Neu-Werbass","Overbasz","Titov Vrbas","Ujverbasz","Verbas","Verbasz","Verbász","Vrbas","Weidenheim","frbas","fu er ba si","vrbas","wrbas","Óverbász","Újverbász","Вербас","Врбас","فرباس","ورباس","ڤرباس","弗爾巴斯"],"latitude":"45.57139","longitude":"19.64083","feature_class":"P","feature_code":"PPLA3","country_code":"RS","cc2":"","admin1_code":"VO","admin2_code":"6","admin3_code":"3187295","admin4_code":"","population":"25907","elevation":"","dem":"85","timezone":"Europe/Belgrade","modification_date":"2012-04-12"},{"geonameid":"3188402","name":"Valjevo","asciiname":"Valjevo","alternatenames":["QWV","Valevas","Valevo","Valievo","Valjevo","ballebo","falyfw","vu~aryevu~o","wa lie wo","walyfw","walyyww","wlyybw","Βάλιεβο","Валево","Ваљево","ולייבו","فاليفو","والیئوو","والیفو","ڤالێڤۆ","ヴァリェヴォ","瓦列沃","발레보"],"latitude":"44.27513","longitude":"19.89821","feature_class":"P","feature_code":"PPLA2","country_code":"RS","cc2":"","admin1_code":"SE","admin2_code":"9","admin3_code":"70360","admin4_code":"","population":"61035","elevation":"","dem":"180","timezone":"Europe/Belgrade","modification_date":"2012-04-15"},{"geonameid":"3188434","name":"Užice","asciiname":"Uzice","alternatenames":["Gorad Uzhyceh","Oujiste","Ouzhice","Ouzitse","Titovo Uzice","Titovo Užice","Uzhice","Uzice","Užice","Užicė","awzhytsh","ujiche","ujitsu~e","wu ri ce","Ούζιτσε","Горад Ужыцэ","Оужицє","Ужице","ئوژیتسێ","اوژیتسه","اوژیچے","ウジツェ","乌日策","우지체"],"latitude":"43.85861","longitude":"19.84878","feature_class":"P","feature_code":"PPLA2","country_code":"RS","cc2":"","admin1_code":"SE","admin2_code":"16","admin3_code":"71145","admin4_code":"","population":"63577","elevation":"","dem":"438","timezone":"Europe/Belgrade","modification_date":"2012-04-15"},{"geonameid":"3189595","name":"Subotica","asciiname":"Subotica","alternatenames":["Maria-Theresianopel","Maria-Theresiopel","Maria-Theresiopolis","Sawaditz","Subotica","Subotiza","Szabadka","Szent-Maria","Szent-Mária","Theresiopel","Zubotica","Суботица"],"latitude":"46.1","longitude":"19.66667","feature_class":"P","feature_code":"PPLA2","country_code":"RS","cc2":"","admin1_code":"VO","admin2_code":"1","admin3_code":"80438","admin4_code":"","population":"100000","elevation":"","dem":"115","timezone":"Europe/Belgrade","modification_date":"2012-04-15"},{"geonameid":"3190103","name":"Sremska Mitrovica","asciiname":"Sremska Mitrovica","alternatenames":["Dimitrofce","Dimitrofçe","Mitraja","Mitrovic","Mitrovica","Mitrovicz","Mitrovicza","Mitrovitza","Mitrowitz","Opstina Sremska Mitrovica","Opština Sremska Mitrovica","Sirmijum","Sirmion","Sirmium","Srem. Mitrovica","Sremska Mitrovica","Srijemska Mitrovica","Strema Mitrovica","Syrmisch-Mitrowitz","Szavaszentdemeter","Szávaszentdemeter","dmtrwfchh","Сирмијум","دمتروفچه"],"latitude":"44.97639","longitude":"19.61222","feature_class":"P","feature_code":"PPLA2","country_code":"RS","cc2":"","admin1_code":"VO","admin2_code":"7","admin3_code":"80403","admin4_code":"","population":"39084","elevation":"","dem":"84","timezone":"Europe/Belgrade","modification_date":"2014-10-20"},{"geonameid":"3190342","name":"Sombor","asciiname":"Sombor","alternatenames":["Coborszentmihaly","Coborszentmihály","Gorad Sombar","Kiszombor","Mezozombor","Mezőzombor","Nagy-Zombor","Opstina Sombor","Opština Sombor","Schomburg","Sombor","Sompor","Szentmihaly","Szentmihály","Zombor","somboleu","sonboru","song bo er","swmbwr","Σόμπορ","Горад Сомбар","Сомбор","سومبور","سۆمبۆر","ソンボル","松博尔","솜보르"],"latitude":"45.77417","longitude":"19.11222","feature_class":"P","feature_code":"PPLA2","country_code":"RS","cc2":"","admin1_code":"VO","admin2_code":"5","admin3_code":"3190341","admin4_code":"","population":"48454","elevation":"","dem":"89","timezone":"Europe/Belgrade","modification_date":"2012-04-12"},{"geonameid":"3191376","name":"Šabac","asciiname":"Sabac","alternatenames":["Boeguerdelen","Böğürdelen","Chabats","Sabac","Sampats","Shabac","Szabacs","Szabács","sha ba ci","shabach","shabas","shabats","shabatsu","syabacheu","Ŝabac","Šabac","Σάμπατς","Шабац","شاباتس","شاباس","شاباچ","シャバツ","沙巴茨","샤바츠"],"latitude":"44.74667","longitude":"19.69","feature_class":"P","feature_code":"PPLA2","country_code":"RS","cc2":"","admin1_code":"SE","admin2_code":"8","admin3_code":"71269","admin4_code":"","population":"55114","elevation":"","dem":"79","timezone":"Europe/Belgrade","modification_date":"2012-04-15"},{"geonameid":"3191429","name":"Ruma","asciiname":"Ruma","alternatenames":["Gorad Ruma","Rouma","Ruma","lu ma","luma","rwma","rwma  srbya","Ρούμα","Горад Рума","Рума","روما","روما ،سربیا","ڕوما","魯馬","루마"],"latitude":"45.00806","longitude":"19.82222","feature_class":"P","feature_code":"PPLA3","country_code":"RS","cc2":"","admin1_code":"VO","admin2_code":"7","admin3_code":"80357","admin4_code":"","population":"32229","elevation":"","dem":"114","timezone":"Europe/Belgrade","modification_date":"2014-10-20"},{"geonameid":"3194360","name":"Novi Sad","asciiname":"Novi Sad","alternatenames":["Gorad Novy Sad","Neoplanta","Neusatz","Novi Sad","Novi Sadas","Novi Sant","Novi-Sad","Novi-Sad khot","Novij Sad","Novisada","Novu Sadu","Novy Sad","Novî Sad","Nový Sad","Nowy Sad","O-petervaradja","Petervarad","Pétervárad","QND","Ujvidek","Varadinum Petri","Vasaros-Varad","Vásáros-Várad","nobisadeu","novhi sada","nuo wei sa","nwfy sad","nwwy sad","nx wi sad","Ó-péterváradja","Újvidék","Νόβι Σαντ","Горад Новы Сад","Нови Сад","Нови-Сад","Нови-Сад хот","Новий Сад","Новъ Садъ","נובי סאד","نوفي ساد","نووی ساد","नोव्ही साद","นอวีซาด","ノヴィ・サド","诺威萨","노비사드"],"latitude":"45.25167","longitude":"19.83694","feature_class":"P","feature_code":"PPLA","country_code":"RS","cc2":"","admin1_code":"VO","admin2_code":"6","admin3_code":"3194359","admin4_code":"","population":"215400","elevation":"","dem":"79","timezone":"Europe/Belgrade","modification_date":"2012-04-12"},{"geonameid":"3204672","name":"Bačka Topola","asciiname":"Backa Topola","alternatenames":["Andrasfoldje","Andrásföldje","Bacstopolya","Batsch-Topola","Bácstopolya","Kisbelgrad","Kisbelgrád","Mali Beograd","Topolo","Topolya"],"latitude":"45.81516","longitude":"19.6318","feature_class":"P","feature_code":"PPLA3","country_code":"RS","cc2":"","admin1_code":"VO","admin2_code":"1","admin3_code":"80071","admin4_code":"","population":"16154","elevation":"","dem":"94","timezone":"Europe/Belgrade","modification_date":"2012-04-15"},{"geonameid":"3204674","name":"Bačka Palanka","asciiname":"Backa Palanka","alternatenames":["Alt-Palanka","Bachka Palanka","Bachka palanka","Bachka-Palanka","Backa Palanka","Bačka Palanka","Deutsch-Palanka","Gorad Bachka-Palanka","Nemet-Palanka","Nova Palanka","Német-Palánka","Opalanka","Palanka","Palánka","Plakenburg","Stara Palanka","Ujpalanka","ba qi ka pa lan ka","bachikapallanka","bachka palanka","bachka planka","batshka balanka","Ópalánka","Újpalánka","Бачка Паланка","Бачка паланка","Бачка-Паланка","Горад Бачка-Паланка","باتشكا بالانكا","باچکا پالانکا","باچکا پلانکا","巴奇卡帕兰卡","바치카팔란카"],"latitude":"45.25083","longitude":"19.39194","feature_class":"P","feature_code":"PPLA3","country_code":"RS","cc2":"","admin1_code":"VO","admin2_code":"6","admin3_code":"3204673","admin4_code":"","population":"29449","elevation":"","dem":"81","timezone":"Europe/Belgrade","modification_date":"2012-04-12"},{"geonameid":"3204793","name":"Apatin","asciiname":"Apatin","alternatenames":["Abthausen","Apathin","Apati","Apatin","Apatinas","a pa ding","abatyn","apatn","Апатин","أباتين","اپاتن","阿帕丁"],"latitude":"45.67111","longitude":"18.98472","feature_class":"P","feature_code":"PPLA3","country_code":"RS","cc2":"","admin1_code":"VO","admin2_code":"5","admin3_code":"3204792","admin4_code":"","population":"18320","elevation":"","dem":"82","timezone":"Europe/Belgrade","modification_date":"2012-04-12"},{"geonameid":"6619277","name":"Knjazevac","asciiname":"Knjazevac","alternatenames":[""],"latitude":"43.56634","longitude":"22.25701","feature_class":"P","feature_code":"PPLA3","country_code":"RS","cc2":"","admin1_code":"SE","admin2_code":"15","admin3_code":"70602","admin4_code":"","population":"25000","elevation":"217","dem":"232","timezone":"Europe/Belgrade","modification_date":"2012-04-16"}]}