{"country_data":{"ISO":"SZ","ISO3":"SWZ","ISO_Numeric":"748","fips":"WZ","country":"Swaziland","capital":"Mbabane","area":"17363","Population":"1354051","Continent":"AF","tld":".sz","CurrencyCode":"SZL","CurrencyName":"Lilangeni","Phone":"268","Postal_Code_Format":"@###","Postal_Code_Regex":"^([A-Z]\\d{3})$","Languages":"en-SZ,ss-SZ","geonameid":"934841","neighbours":"ZA,MZ","EquivalentFipsCode":""},"cities":[{"geonameid":"934840","name":"Tshaneni","asciiname":"Tshaneni","alternatenames":["Tahaneni","Tshaneni"],"latitude":"-25.98333","longitude":"31.71667","feature_class":"P","feature_code":"PPL","country_code":"SZ","cc2":"","admin1_code":"00","admin2_code":"","admin3_code":"","admin4_code":"","population":"1899","elevation":"","dem":"292","timezone":"Africa/Mbabane","modification_date":"2012-01-18"},{"geonameid":"934851","name":"Siteki","asciiname":"Siteki","alternatenames":["Siteki","Stegi"],"latitude":"-26.45","longitude":"31.95","feature_class":"P","feature_code":"PPLA","country_code":"SZ","cc2":"","admin1_code":"02","admin2_code":"","admin3_code":"","admin4_code":"","population":"6152","elevation":"","dem":"655","timezone":"Africa/Mbabane","modification_date":"2012-01-18"},{"geonameid":"934862","name":"Sidvokodvo","asciiname":"Sidvokodvo","alternatenames":[""],"latitude":"-26.6282","longitude":"31.42021","feature_class":"P","feature_code":"PPL","country_code":"SZ","cc2":"","admin1_code":"00","admin2_code":"","admin3_code":"","admin4_code":"","population":"1746","elevation":"","dem":"375","timezone":"Africa/Mbabane","modification_date":"2010-03-20"},{"geonameid":"934881","name":"Piggs Peak","asciiname":"Piggs Peak","alternatenames":["Piggs Peak"],"latitude":"-25.96667","longitude":"31.25","feature_class":"P","feature_code":"PPLA","country_code":"SZ","cc2":"","admin1_code":"01","admin2_code":"","admin3_code":"","admin4_code":"","population":"5750","elevation":"","dem":"1027","timezone":"Africa/Mbabane","modification_date":"2012-01-18"},{"geonameid":"934900","name":"Nsoko","asciiname":"Nsoko","alternatenames":["Nsoka","Nsoko"],"latitude":"-27.03333","longitude":"31.95","feature_class":"P","feature_code":"PPL","country_code":"SZ","cc2":"","admin1_code":"00","admin2_code":"","admin3_code":"","admin4_code":"","population":"1175","elevation":"","dem":"178","timezone":"Africa/Mbabane","modification_date":"2012-01-18"},{"geonameid":"934966","name":"Mhlume","asciiname":"Mhlume","alternatenames":["Mhlume"],"latitude":"-26.03333","longitude":"31.85","feature_class":"P","feature_code":"PPL","country_code":"SZ","cc2":"","admin1_code":"02","admin2_code":"","admin3_code":"","admin4_code":"","population":"8652","elevation":"","dem":"258","timezone":"Africa/Mbabane","modification_date":"2013-03-02"},{"geonameid":"934971","name":"Mhlambanyatsi","asciiname":"Mhlambanyatsi","alternatenames":["Mhlambanyati","Mhlambanyatsi"],"latitude":"-26.45","longitude":"31.01667","feature_class":"P","feature_code":"PPL","country_code":"SZ","cc2":"","admin1_code":"03","admin2_code":"","admin3_code":"","admin4_code":"","population":"2886","elevation":"","dem":"1317","timezone":"Africa/Mbabane","modification_date":"2012-01-18"},{"geonameid":"934985","name":"Mbabane","asciiname":"Mbabane","alternatenames":["EMbabane","Gorad Mbabaneh","Mabane","Mbaban","Mbabane","Mbabano","Mbabanė","Mbabàn","Mpampane","QMN","ababane","ambabane","eumbabane","mbaban","mbabane","mbabanh","mbabyn","mbbnh","mo ba ben","mubabane","xam ba bane","ÉMbábáne","Μπαμπάνε","Горад Мбабанэ","Мбабане","Մբաբանե","מבאבאנע","מבבנה","مبابان","مبابانه","مبابانێ","مبابنے","مبابین","अंबाबाने","ਅੰਬਾਬਾਨੇ","อัมบาบาเน","མ་པ་པན།","მბაბანე","ምባባኔ","ムババーネ","墨巴本","음바바네"],"latitude":"-26.31667","longitude":"31.13333","feature_class":"P","feature_code":"PPLC","country_code":"SZ","cc2":"","admin1_code":"01","admin2_code":"","admin3_code":"","admin4_code":"","population":"76218","elevation":"","dem":"1209","timezone":"Africa/Mbabane","modification_date":"2012-01-18"},{"geonameid":"934995","name":"Manzini","asciiname":"Manzini","alternatenames":["Bremersdorp","MTS","Maneini","Manzini","Manêini","man qi ni","Манзини","曼齐尼"],"latitude":"-26.49884","longitude":"31.38004","feature_class":"P","feature_code":"PPLA","country_code":"SZ","cc2":"","admin1_code":"03","admin2_code":"","admin3_code":"","admin4_code":"","population":"110537","elevation":"","dem":"601","timezone":"Africa/Mbabane","modification_date":"2013-04-13"},{"geonameid":"935005","name":"Malkerns","asciiname":"Malkerns","alternatenames":[""],"latitude":"-26.56667","longitude":"31.18333","feature_class":"P","feature_code":"PPL","country_code":"SZ","cc2":"","admin1_code":"03","admin2_code":"","admin3_code":"","admin4_code":"","population":"9724","elevation":"","dem":"684","timezone":"Africa/Mbabane","modification_date":"2013-03-02"},{"geonameid":"935048","name":"Lobamba","asciiname":"Lobamba","alternatenames":["Gorad Labamba","Lobamba","Lobambo","Lobomba","lobamba","luo ban ba","lwbama","lwbamba","lwbmbh","robanba","Горад Лабамба","Лобамба","לובמבה","لوباما","لوبامبا","لۆبامبا","ლობამბა","ロバンバ","洛班巴","로밤바"],"latitude":"-26.46667","longitude":"31.2","feature_class":"P","feature_code":"PPLG","country_code":"SZ","cc2":"","admin1_code":"01","admin2_code":"","admin3_code":"","admin4_code":"","population":"4557","elevation":"","dem":"694","timezone":"Africa/Mbabane","modification_date":"2010-12-23"},{"geonameid":"935051","name":"Lavumisa","asciiname":"Lavumisa","alternatenames":["Gollel","Lavumisa"],"latitude":"-27.31005","longitude":"31.89198","feature_class":"P","feature_code":"PPL","country_code":"SZ","cc2":"","admin1_code":"00","admin2_code":"","admin3_code":"","admin4_code":"","population":"2000","elevation":"","dem":"178","timezone":"Africa/Mbabane","modification_date":"2011-08-30"},{"geonameid":"935054","name":"Kwaluseni","asciiname":"Kwaluseni","alternatenames":["Kwaluseni"],"latitude":"-26.48333","longitude":"31.33333","feature_class":"P","feature_code":"PPL","country_code":"SZ","cc2":"","admin1_code":"03","admin2_code":"","admin3_code":"","admin4_code":"","population":"3395","elevation":"","dem":"677","timezone":"Africa/Mbabane","modification_date":"2013-03-02"},{"geonameid":"935055","name":"Kubuta","asciiname":"Kubuta","alternatenames":["Kubuta"],"latitude":"-26.88333","longitude":"31.48333","feature_class":"P","feature_code":"PPL","country_code":"SZ","cc2":"","admin1_code":"04","admin2_code":"","admin3_code":"","admin4_code":"","population":"2038","elevation":"","dem":"490","timezone":"Africa/Mbabane","modification_date":"2013-03-02"},{"geonameid":"935076","name":"Hluti","asciiname":"Hluti","alternatenames":[""],"latitude":"-27.21667","longitude":"31.61667","feature_class":"P","feature_code":"PPL","country_code":"SZ","cc2":"","admin1_code":"04","admin2_code":"","admin3_code":"","admin4_code":"","population":"6763","elevation":"","dem":"530","timezone":"Africa/Mbabane","modification_date":"2013-03-02"},{"geonameid":"935081","name":"Hlatikulu","asciiname":"Hlatikulu","alternatenames":["Hlatikulu"],"latitude":"-26.96667","longitude":"31.31667","feature_class":"P","feature_code":"PPLA","country_code":"SZ","cc2":"","admin1_code":"04","admin2_code":"","admin3_code":"","admin4_code":"","population":"2748","elevation":"","dem":"1222","timezone":"Africa/Mbabane","modification_date":"2012-01-18"},{"geonameid":"935106","name":"Darkton","asciiname":"Darkton","alternatenames":["Darkton","Darktown"],"latitude":"-26.23333","longitude":"31.03333","feature_class":"P","feature_code":"PPL","country_code":"SZ","cc2":"","admin1_code":"00","admin2_code":"","admin3_code":"","admin4_code":"","population":"1281","elevation":"","dem":"1308","timezone":"Africa/Mbabane","modification_date":"2012-01-18"},{"geonameid":"935111","name":"Bulembu","asciiname":"Bulembu","alternatenames":["Bulembu","Compound","Emhlembi","Emlembe"],"latitude":"-25.96667","longitude":"31.13333","feature_class":"P","feature_code":"PPL","country_code":"SZ","cc2":"","admin1_code":"01","admin2_code":"","admin3_code":"","admin4_code":"","population":"2260","elevation":"","dem":"1078","timezone":"Africa/Mbabane","modification_date":"2013-03-02"},{"geonameid":"935113","name":"Big Bend","asciiname":"Big Bend","alternatenames":["Big Bend"],"latitude":"-26.81667","longitude":"31.93333","feature_class":"P","feature_code":"PPL","country_code":"SZ","cc2":"","admin1_code":"02","admin2_code":"","admin3_code":"","admin4_code":"","population":"10342","elevation":"","dem":"109","timezone":"Africa/Mbabane","modification_date":"2013-03-02"},{"geonameid":"935114","name":"Bhunya","asciiname":"Bhunya","alternatenames":["Bhunya","Bunya"],"latitude":"-26.55","longitude":"31.01667","feature_class":"P","feature_code":"PPL","country_code":"SZ","cc2":"","admin1_code":"03","admin2_code":"","admin3_code":"","admin4_code":"","population":"3046","elevation":"","dem":"956","timezone":"Africa/Mbabane","modification_date":"2013-03-02"},{"geonameid":"7910862","name":"Vuvulane","asciiname":"Vuvulane","alternatenames":[""],"latitude":"-26.07427","longitude":"31.87672","feature_class":"P","feature_code":"PPL","country_code":"SZ","cc2":"","admin1_code":"02","admin2_code":"","admin3_code":"","admin4_code":"","population":"4155","elevation":"","dem":"273","timezone":"Africa/Mbabane","modification_date":"2012-05-16"},{"geonameid":"9180486","name":"Ntfonjeni","asciiname":"Ntfonjeni","alternatenames":[""],"latitude":"-25.82659","longitude":"31.3273","feature_class":"P","feature_code":"PPLA2","country_code":"SZ","cc2":"","admin1_code":"01","admin2_code":"","admin3_code":"","admin4_code":"","population":"0","elevation":"","dem":"469","timezone":"Africa/Mbabane","modification_date":"2014-07-10"},{"geonameid":"934851","name":"Siteki","asciiname":"Siteki","alternatenames":["Siteki","Stegi"],"latitude":"-26.45","longitude":"31.95","feature_class":"P","feature_code":"PPLA","country_code":"SZ","cc2":"","admin1_code":"02","admin2_code":"","admin3_code":"","admin4_code":"","population":"6152","elevation":"","dem":"655","timezone":"Africa/Mbabane","modification_date":"2012-01-18"},{"geonameid":"934881","name":"Piggs Peak","asciiname":"Piggs Peak","alternatenames":["Piggs Peak"],"latitude":"-25.96667","longitude":"31.25","feature_class":"P","feature_code":"PPLA","country_code":"SZ","cc2":"","admin1_code":"01","admin2_code":"","admin3_code":"","admin4_code":"","population":"5750","elevation":"","dem":"1027","timezone":"Africa/Mbabane","modification_date":"2012-01-18"},{"geonameid":"934966","name":"Mhlume","asciiname":"Mhlume","alternatenames":["Mhlume"],"latitude":"-26.03333","longitude":"31.85","feature_class":"P","feature_code":"PPL","country_code":"SZ","cc2":"","admin1_code":"02","admin2_code":"","admin3_code":"","admin4_code":"","population":"8652","elevation":"","dem":"258","timezone":"Africa/Mbabane","modification_date":"2013-03-02"},{"geonameid":"934985","name":"Mbabane","asciiname":"Mbabane","alternatenames":["EMbabane","Gorad Mbabaneh","Mabane","Mbaban","Mbabane","Mbabano","Mbabanė","Mbabàn","Mpampane","QMN","ababane","ambabane","eumbabane","mbaban","mbabane","mbabanh","mbabyn","mbbnh","mo ba ben","mubabane","xam ba bane","ÉMbábáne","Μπαμπάνε","Горад Мбабанэ","Мбабане","Մբաբանե","מבאבאנע","מבבנה","مبابان","مبابانه","مبابانێ","مبابنے","مبابین","अंबाबाने","ਅੰਬਾਬਾਨੇ","อัมบาบาเน","མ་པ་པན།","მბაბანე","ምባባኔ","ムババーネ","墨巴本","음바바네"],"latitude":"-26.31667","longitude":"31.13333","feature_class":"P","feature_code":"PPLC","country_code":"SZ","cc2":"","admin1_code":"01","admin2_code":"","admin3_code":"","admin4_code":"","population":"76218","elevation":"","dem":"1209","timezone":"Africa/Mbabane","modification_date":"2012-01-18"},{"geonameid":"934995","name":"Manzini","asciiname":"Manzini","alternatenames":["Bremersdorp","MTS","Maneini","Manzini","Manêini","man qi ni","Манзини","曼齐尼"],"latitude":"-26.49884","longitude":"31.38004","feature_class":"P","feature_code":"PPLA","country_code":"SZ","cc2":"","admin1_code":"03","admin2_code":"","admin3_code":"","admin4_code":"","population":"110537","elevation":"","dem":"601","timezone":"Africa/Mbabane","modification_date":"2013-04-13"},{"geonameid":"935005","name":"Malkerns","asciiname":"Malkerns","alternatenames":[""],"latitude":"-26.56667","longitude":"31.18333","feature_class":"P","feature_code":"PPL","country_code":"SZ","cc2":"","admin1_code":"03","admin2_code":"","admin3_code":"","admin4_code":"","population":"9724","elevation":"","dem":"684","timezone":"Africa/Mbabane","modification_date":"2013-03-02"},{"geonameid":"935048","name":"Lobamba","asciiname":"Lobamba","alternatenames":["Gorad Labamba","Lobamba","Lobambo","Lobomba","lobamba","luo ban ba","lwbama","lwbamba","lwbmbh","robanba","Горад Лабамба","Лобамба","לובמבה","لوباما","لوبامبا","لۆبامبا","ლობამბა","ロバンバ","洛班巴","로밤바"],"latitude":"-26.46667","longitude":"31.2","feature_class":"P","feature_code":"PPLG","country_code":"SZ","cc2":"","admin1_code":"01","admin2_code":"","admin3_code":"","admin4_code":"","population":"4557","elevation":"","dem":"694","timezone":"Africa/Mbabane","modification_date":"2010-12-23"},{"geonameid":"935076","name":"Hluti","asciiname":"Hluti","alternatenames":[""],"latitude":"-27.21667","longitude":"31.61667","feature_class":"P","feature_code":"PPL","country_code":"SZ","cc2":"","admin1_code":"04","admin2_code":"","admin3_code":"","admin4_code":"","population":"6763","elevation":"","dem":"530","timezone":"Africa/Mbabane","modification_date":"2013-03-02"},{"geonameid":"935081","name":"Hlatikulu","asciiname":"Hlatikulu","alternatenames":["Hlatikulu"],"latitude":"-26.96667","longitude":"31.31667","feature_class":"P","feature_code":"PPLA","country_code":"SZ","cc2":"","admin1_code":"04","admin2_code":"","admin3_code":"","admin4_code":"","population":"2748","elevation":"","dem":"1222","timezone":"Africa/Mbabane","modification_date":"2012-01-18"},{"geonameid":"935113","name":"Big Bend","asciiname":"Big Bend","alternatenames":["Big Bend"],"latitude":"-26.81667","longitude":"31.93333","feature_class":"P","feature_code":"PPL","country_code":"SZ","cc2":"","admin1_code":"02","admin2_code":"","admin3_code":"","admin4_code":"","population":"10342","elevation":"","dem":"109","timezone":"Africa/Mbabane","modification_date":"2013-03-02"},{"geonameid":"934985","name":"Mbabane","asciiname":"Mbabane","alternatenames":["EMbabane","Gorad Mbabaneh","Mabane","Mbaban","Mbabane","Mbabano","Mbabanė","Mbabàn","Mpampane","QMN","ababane","ambabane","eumbabane","mbaban","mbabane","mbabanh","mbabyn","mbbnh","mo ba ben","mubabane","xam ba bane","ÉMbábáne","Μπαμπάνε","Горад Мбабанэ","Мбабане","Մբաբանե","מבאבאנע","מבבנה","مبابان","مبابانه","مبابانێ","مبابنے","مبابین","अंबाबाने","ਅੰਬਾਬਾਨੇ","อัมบาบาเน","མ་པ་པན།","მბაბანე","ምባባኔ","ムババーネ","墨巴本","음바바네"],"latitude":"-26.31667","longitude":"31.13333","feature_class":"P","feature_code":"PPLC","country_code":"SZ","cc2":"","admin1_code":"01","admin2_code":"","admin3_code":"","admin4_code":"","population":"76218","elevation":"","dem":"1209","timezone":"Africa/Mbabane","modification_date":"2012-01-18"},{"geonameid":"934995","name":"Manzini","asciiname":"Manzini","alternatenames":["Bremersdorp","MTS","Maneini","Manzini","Manêini","man qi ni","Манзини","曼齐尼"],"latitude":"-26.49884","longitude":"31.38004","feature_class":"P","feature_code":"PPLA","country_code":"SZ","cc2":"","admin1_code":"03","admin2_code":"","admin3_code":"","admin4_code":"","population":"110537","elevation":"","dem":"601","timezone":"Africa/Mbabane","modification_date":"2013-04-13"},{"geonameid":"935048","name":"Lobamba","asciiname":"Lobamba","alternatenames":["Gorad Labamba","Lobamba","Lobambo","Lobomba","lobamba","luo ban ba","lwbama","lwbamba","lwbmbh","robanba","Горад Лабамба","Лобамба","לובמבה","لوباما","لوبامبا","لۆبامبا","ლობამბა","ロバンバ","洛班巴","로밤바"],"latitude":"-26.46667","longitude":"31.2","feature_class":"P","feature_code":"PPLG","country_code":"SZ","cc2":"","admin1_code":"01","admin2_code":"","admin3_code":"","admin4_code":"","population":"4557","elevation":"","dem":"694","timezone":"Africa/Mbabane","modification_date":"2010-12-23"}]}