{"country_data":{"ISO":"TJ","ISO3":"TJK","ISO_Numeric":"762","fips":"TI","country":"Tajikistan","capital":"Dushanbe","area":"143100","Population":"7487489","Continent":"AS","tld":".tj","CurrencyCode":"TJS","CurrencyName":"Somoni","Phone":"992","Postal_Code_Format":"######","Postal_Code_Regex":"^(\\d{6})$","Languages":"tg,ru","geonameid":"1220409","neighbours":"CN,AF,KG,UZ","EquivalentFipsCode":""},"cities":[{"geonameid":"1220112","name":"Yovon","asciiname":"Yovon","alternatenames":["Jovon","Yavan","Yovan","Yovon","Ёвон"],"latitude":"38.31408","longitude":"69.03784","feature_class":"P","feature_code":"PPLA2","country_code":"TJ","cc2":"","admin1_code":"02","admin2_code":"","admin3_code":"","admin4_code":"","population":"17471","elevation":"","dem":"654","timezone":"Asia/Dushanbe","modification_date":"2012-02-28"},{"geonameid":"1220163","name":"Vose’","asciiname":"Vose'","alternatenames":["Aral","Imeni Vose","Kal Khaz","Kolkhozabad","Paytok","Vose'","Voseu","Vose’","Восеъ"],"latitude":"37.80396","longitude":"69.64417","feature_class":"P","feature_code":"PPLA2","country_code":"TJ","cc2":"","admin1_code":"02","admin2_code":"","admin3_code":"","admin4_code":"","population":"21736","elevation":"","dem":"472","timezone":"Asia/Dushanbe","modification_date":"2012-02-28"},{"geonameid":"1220164","name":"Vorukh","asciiname":"Vorukh","alternatenames":["Kalacha","Varukh","Vorukh","Ворух"],"latitude":"39.85125","longitude":"70.58012","feature_class":"P","feature_code":"PPL","country_code":"TJ","cc2":"","admin1_code":"03","admin2_code":"","admin3_code":"","admin4_code":"","population":"3836","elevation":"","dem":"1400","timezone":"Asia/Dushanbe","modification_date":"2012-09-06"},{"geonameid":"1220197","name":"Varzob","asciiname":"Varzob","alternatenames":["Obi-Dzhuk","Varzob"],"latitude":"38.77369","longitude":"68.81776","feature_class":"P","feature_code":"PPL","country_code":"TJ","cc2":"","admin1_code":"00","admin2_code":"","admin3_code":"","admin4_code":"","population":"2154","elevation":"","dem":"1107","timezone":"Asia/Dushanbe","modification_date":"2011-08-04"},{"geonameid":"1220210","name":"Vanj","asciiname":"Vanj","alternatenames":["Kala-i-Vanch","Rokharv","Vanch","Vanj","Ванҷ"],"latitude":"38.37078","longitude":"71.45474","feature_class":"P","feature_code":"PPLA2","country_code":"TJ","cc2":"","admin1_code":"01","admin2_code":"","admin3_code":"","admin4_code":"","population":"0","elevation":"","dem":"1779","timezone":"Asia/Dushanbe","modification_date":"2012-01-17"},{"geonameid":"1220219","name":"Vakhsh","asciiname":"Vakhsh","alternatenames":["Vakhsh","Vakhshstroi","Vakhshstroy","Вахш"],"latitude":"37.71485","longitude":"68.83456","feature_class":"P","feature_code":"PPLA2","country_code":"TJ","cc2":"","admin1_code":"02","admin2_code":"","admin3_code":"","admin4_code":"","population":"15215","elevation":"","dem":"431","timezone":"Asia/Dushanbe","modification_date":"2012-02-28"},{"geonameid":"1220253","name":"Istaravshan","asciiname":"Istaravshan","alternatenames":["Bundzhikat","Istaravshan","Ura-Tyube","Uroteppa","Ŭroteppa","Истаравшан"],"latitude":"39.9142","longitude":"69.00328","feature_class":"P","feature_code":"PPLA2","country_code":"TJ","cc2":"","admin1_code":"03","admin2_code":"","admin3_code":"","admin4_code":"","population":"52851","elevation":"","dem":"979","timezone":"Asia/Dushanbe","modification_date":"2012-06-05"},{"geonameid":"1220301","name":"Tursunzoda","asciiname":"Tursunzoda","alternatenames":["Regar","Tursunzade","Tursunzoda","Турсунзаде"],"latitude":"38.51437","longitude":"68.23327","feature_class":"P","feature_code":"PPL","country_code":"TJ","cc2":"","admin1_code":"RR","admin2_code":"","admin3_code":"","admin4_code":"","population":"37995","elevation":"","dem":"708","timezone":"Asia/Dushanbe","modification_date":"2013-10-29"},{"geonameid":"1220380","name":"Tartiki","asciiname":"Tartiki","alternatenames":["Tartiki","Tartki","Tartku","Тартики"],"latitude":"37.58221","longitude":"68.13347","feature_class":"P","feature_code":"PPL","country_code":"TJ","cc2":"","admin1_code":"02","admin2_code":"","admin3_code":"","admin4_code":"","population":"2342","elevation":"","dem":"436","timezone":"Asia/Dushanbe","modification_date":"2012-07-04"},{"geonameid":"1220401","name":"Tagob","asciiname":"Tagob","alternatenames":["Tabok","Tagob","Takob"],"latitude":"38.83827","longitude":"68.89847","feature_class":"P","feature_code":"PPL","country_code":"TJ","cc2":"","admin1_code":"00","admin2_code":"","admin3_code":"","admin4_code":"","population":"2565","elevation":"","dem":"1467","timezone":"Asia/Dushanbe","modification_date":"2012-01-17"},{"geonameid":"1220446","name":"Sovet","asciiname":"Sovet","alternatenames":["Kizyl-Mazar","Kizyl-Mazar-Bolo","Kyzul-Mazar-Bolo","Kyzyl-Mazar","Kyzyl-Mazar-Bolo","Kzyl-Mazar","Kzyl-Mazar-Bolo","Sovet","Sovetskiy","Sovetskoye","Sovety","Совет"],"latitude":"38.0467","longitude":"69.58822","feature_class":"P","feature_code":"PPLA2","country_code":"TJ","cc2":"","admin1_code":"02","admin2_code":"","admin3_code":"","admin4_code":"","population":"8695","elevation":"","dem":"672","timezone":"Asia/Dushanbe","modification_date":"2012-02-28"},{"geonameid":"1220479","name":"Shŭrobod","asciiname":"Shurobod","alternatenames":["Shurabad","Shuroabad","Shurobod","Shŭrobod","Шӯробод"],"latitude":"37.84137","longitude":"70.04865","feature_class":"P","feature_code":"PPLA2","country_code":"TJ","cc2":"","admin1_code":"02","admin2_code":"","admin3_code":"","admin4_code":"","population":"0","elevation":"","dem":"1979","timezone":"Asia/Dushanbe","modification_date":"2012-11-08"},{"geonameid":"1220566","name":"Shahrinav","asciiname":"Shahrinav","alternatenames":["Cheptura","Schachrinau","Shahrinav","Shakhrinau","Shakhrinav","Shakhrinay","shhr nw","Шаҳринав","شهر نو"],"latitude":"38.57085","longitude":"68.33498","feature_class":"P","feature_code":"PPL","country_code":"TJ","cc2":"","admin1_code":"00","admin2_code":"","admin3_code":"","admin4_code":"","population":"5385","elevation":"","dem":"850","timezone":"Asia/Dushanbe","modification_date":"2012-04-05"},{"geonameid":"1220571","name":"Shahriston","asciiname":"Shahriston","alternatenames":["Shahriston","Shakhrislan","Shakhristan","Verkhne-Dal'yan","Verkhne-Dal’yan","Шаҳристон"],"latitude":"39.77447","longitude":"68.80929","feature_class":"P","feature_code":"PPLA2","country_code":"TJ","cc2":"","admin1_code":"03","admin2_code":"","admin3_code":"","admin4_code":"","population":"0","elevation":"","dem":"1438","timezone":"Asia/Dushanbe","modification_date":"2012-02-28"},{"geonameid":"1220576","name":"Shahritus","asciiname":"Shahritus","alternatenames":["Shaarfuz","Shaartuz","Shahritus","Shahrtuz","Шаҳритус"],"latitude":"37.26206","longitude":"68.13849","feature_class":"P","feature_code":"PPLA2","country_code":"TJ","cc2":"","admin1_code":"02","admin2_code":"","admin3_code":"","admin4_code":"","population":"13042","elevation":"","dem":"367","timezone":"Asia/Dushanbe","modification_date":"2012-07-04"},{"geonameid":"1220685","name":"Rŭshon","asciiname":"Rushon","alternatenames":["Kala-i-Warma","Kalai-Vamar","Rushan","Rushon","Rŭshon","Рӯшон"],"latitude":"37.94487","longitude":"71.55745","feature_class":"P","feature_code":"PPLA2","country_code":"TJ","cc2":"","admin1_code":"01","admin2_code":"","admin3_code":"","admin4_code":"","population":"0","elevation":"","dem":"1990","timezone":"Asia/Dushanbe","modification_date":"2012-02-28"},{"geonameid":"1220694","name":"Roshtqal’a","asciiname":"Roshtqal'a","alternatenames":["Rosht-Kala","Roshtqal'a","Roshtqal’a","Роштқалъа"],"latitude":"37.25827","longitude":"71.82591","feature_class":"P","feature_code":"PPLA2","country_code":"TJ","cc2":"","admin1_code":"01","admin2_code":"","admin3_code":"","admin4_code":"","population":"0","elevation":"","dem":"2696","timezone":"Asia/Dushanbe","modification_date":"2012-02-28"},{"geonameid":"1220701","name":"Roghun","asciiname":"Roghun","alternatenames":["Ragun","Roghun","Rogun"],"latitude":"38.78257","longitude":"69.87081","feature_class":"P","feature_code":"PPL","country_code":"TJ","cc2":"","admin1_code":"00","admin2_code":"","admin3_code":"","admin4_code":"","population":"7731","elevation":"","dem":"1251","timezone":"Asia/Dushanbe","modification_date":"2012-01-17"},{"geonameid":"1220747","name":"Qŭrghonteppa","asciiname":"Qurghonteppa","alternatenames":["Kurgan Tjube","Kurgan-Tyube","Qurghan Tyube","Qurghonteppa","Qurghān Tyube","Qŭrghonteppa","Курган Тюбе","Қӯрғонтеппа"],"latitude":"37.83399","longitude":"68.78186","feature_class":"P","feature_code":"PPLA","country_code":"TJ","cc2":"","admin1_code":"02","admin2_code":"","admin3_code":"","admin4_code":"","population":"65000","elevation":"","dem":"430","timezone":"Asia/Dushanbe","modification_date":"2012-02-28"},{"geonameid":"1220750","name":"Panj","asciiname":"Panj","alternatenames":["Baumanabad","Kirovabad","Kirowabad","Panj","Pyandzh","Sarai","Sarai-Kamar","Saray Komar","Saray-Kamar","Панҷ"],"latitude":"37.23634","longitude":"69.09911","feature_class":"P","feature_code":"PPLA2","country_code":"TJ","cc2":"","admin1_code":"02","admin2_code":"","admin3_code":"","admin4_code":"","population":"8019","elevation":"","dem":"368","timezone":"Asia/Dushanbe","modification_date":"2012-06-05"},{"geonameid":"1220798","name":"Panjakent","asciiname":"Panjakent","alternatenames":["Panjakent","Panjkent","Pendshikent","Pendzhakent","Pendzhikent","Penjikent","Панҷакент","Пенджикент"],"latitude":"39.49524","longitude":"67.60931","feature_class":"P","feature_code":"PPLA2","country_code":"TJ","cc2":"","admin1_code":"03","admin2_code":"","admin3_code":"","admin4_code":"","population":"35085","elevation":"","dem":"998","timezone":"Asia/Dushanbe","modification_date":"2012-02-28"},{"geonameid":"1220826","name":"Farkhor","asciiname":"Farkhor","alternatenames":["Farkhor","Parkbar","Parkhar","Фархор"],"latitude":"37.49219","longitude":"69.40356","feature_class":"P","feature_code":"PPLA2","country_code":"TJ","cc2":"","admin1_code":"02","admin2_code":"","admin3_code":"","admin4_code":"","population":"21736","elevation":"","dem":"444","timezone":"Asia/Dushanbe","modification_date":"2012-02-28"},{"geonameid":"1220853","name":"Orzu","asciiname":"Orzu","alternatenames":["Orzu","Орзу"],"latitude":"37.5582","longitude":"68.81952","feature_class":"P","feature_code":"PPL","country_code":"TJ","cc2":"","admin1_code":"02","admin2_code":"","admin3_code":"","admin4_code":"","population":"5988","elevation":"","dem":"415","timezone":"Asia/Dushanbe","modification_date":"2013-09-06"},{"geonameid":"1220855","name":"Vahdat","asciiname":"Vahdat","alternatenames":["Kofarnihon","Kofarnikhon","Kofarnikhona","Ordhonikidzeabad","Ordzhonikidzeabad","Orjonikidzeabad","Orjonikidzeobod","Vahdat","Vakhdat","Yangi-Bazar","Ваҳдат","Кофарнихона"],"latitude":"38.55632","longitude":"69.01354","feature_class":"P","feature_code":"PPL","country_code":"TJ","cc2":"","admin1_code":"RR","admin2_code":"","admin3_code":"","admin4_code":"","population":"45693","elevation":"","dem":"872","timezone":"Asia/Dushanbe","modification_date":"2013-08-17"},{"geonameid":"1220862","name":"Ismoili Somoní","asciiname":"Ismoili Somoni","alternatenames":["Alchin","Chichka","Chichkhar","Ismoili Somon","Ismoili Somoni","Ismoili Somoní","Oktyabr'sh","Oktyabrsk","Oktyabr’sh","Исмоили Сомон"],"latitude":"37.76627","longitude":"68.80126","feature_class":"P","feature_code":"PPLA2","country_code":"TJ","cc2":"","admin1_code":"02","admin2_code":"","admin3_code":"","admin4_code":"","population":"0","elevation":"","dem":"423","timezone":"Asia/Dushanbe","modification_date":"2012-02-28"},{"geonameid":"1220883","name":"Obikiik","asciiname":"Obikiik","alternatenames":["Obikiik","Обикиик"],"latitude":"38.16033","longitude":"68.66605","feature_class":"P","feature_code":"PPLA2","country_code":"TJ","cc2":"","admin1_code":"02","admin2_code":"","admin3_code":"","admin4_code":"","population":"0","elevation":"","dem":"662","timezone":"Asia/Dushanbe","modification_date":"2012-02-28"},{"geonameid":"1220888","name":"Obigarm","asciiname":"Obigarm","alternatenames":["Obigarm"],"latitude":"38.71731","longitude":"69.70885","feature_class":"P","feature_code":"PPL","country_code":"TJ","cc2":"","admin1_code":"00","admin2_code":"","admin3_code":"","admin4_code":"","population":"10035","elevation":"","dem":"1358","timezone":"Asia/Dushanbe","modification_date":"2012-01-17"},{"geonameid":"1220905","name":"Norak","asciiname":"Norak","alternatenames":["Norak","Nurek","Норак"],"latitude":"38.38917","longitude":"69.32272","feature_class":"P","feature_code":"PPLA2","country_code":"TJ","cc2":"","admin1_code":"02","admin2_code":"","admin3_code":"","admin4_code":"","population":"18122","elevation":"","dem":"660","timezone":"Asia/Dushanbe","modification_date":"2012-04-05"},{"geonameid":"1220936","name":"Novobod","asciiname":"Novobod","alternatenames":["Navabad","Novabad","Novobod","Nusratobod","Nusstatobad","Shul'mak","Shul’mak"],"latitude":"39.01084","longitude":"70.15082","feature_class":"P","feature_code":"PPL","country_code":"TJ","cc2":"","admin1_code":"00","admin2_code":"","admin3_code":"","admin4_code":"","population":"5352","elevation":"","dem":"1276","timezone":"Asia/Dushanbe","modification_date":"2012-01-17"},{"geonameid":"1220962","name":"Murghob","asciiname":"Murghob","alternatenames":["Margab","Murgab","Murghab","Murghabi","Murghob","Murghāb","Murghābi","Murgob","Pamir Post","Pamirski Post","Pamīrski Post","Post Pamirskiy","Pāmir Post","Мурғоб"],"latitude":"38.17023","longitude":"73.96674","feature_class":"P","feature_code":"PPLA2","country_code":"TJ","cc2":"","admin1_code":"01","admin2_code":"","admin3_code":"","admin4_code":"","population":"10815","elevation":"","dem":"3607","timezone":"Asia/Dushanbe","modification_date":"2012-12-05"},{"geonameid":"1220988","name":"Moskva","asciiname":"Moskva","alternatenames":["Chubek","Moskovskiy","Moskva","Москва"],"latitude":"37.66101","longitude":"69.62849","feature_class":"P","feature_code":"PPLA2","country_code":"TJ","cc2":"","admin1_code":"02","admin2_code":"","admin3_code":"","admin4_code":"","population":"0","elevation":"","dem":"486","timezone":"Asia/Dushanbe","modification_date":"2012-11-08"},{"geonameid":"1221091","name":"Mŭ’minobod","asciiname":"Mu'minobod","alternatenames":["Leningrad","Leningradskiy","Mu'minobod","Muminabad","Muminobod","Mumynabad","Muuminobod","Mŭminobod","Mŭ’minobod","Мӯминобод","Мӯъминобод"],"latitude":"38.10714","longitude":"70.03213","feature_class":"P","feature_code":"PPLA2","country_code":"TJ","cc2":"","admin1_code":"02","admin2_code":"","admin3_code":"","admin4_code":"","population":"11955","elevation":"","dem":"1247","timezone":"Asia/Dushanbe","modification_date":"2012-06-05"},{"geonameid":"1221136","name":"Abdurahmoni Jomí","asciiname":"Abdurahmoni Jomi","alternatenames":["Abdurahmoni Jomi","Abdurahmoni Jomí","Abduraҳmoni Ҷomi","Aral","Kuibyshevabad","Kujbishev","Kuybishev","Kuybishevsk","Kuybyshevabad","Kuybyshevsk","Kuybyshevskiy","Kŭybishev","Абдураҳмони Ҷомӣ","Куйбишев","Кӯйбишев"],"latitude":"37.94636","longitude":"68.80878","feature_class":"P","feature_code":"PPLA2","country_code":"TJ","cc2":"","admin1_code":"02","admin2_code":"","admin3_code":"","admin4_code":"","population":"9943","elevation":"","dem":"424","timezone":"Asia/Dushanbe","modification_date":"2012-11-08"},{"geonameid":"1221194","name":"Kŭlob","asciiname":"Kulob","alternatenames":["Kulab","Kuljab","Kulob","Kulyab","Kŭlob","Куляб","Кӯлоб"],"latitude":"37.91459","longitude":"69.78454","feature_class":"P","feature_code":"PPLA2","country_code":"TJ","cc2":"","admin1_code":"02","admin2_code":"","admin3_code":"","admin4_code":"","population":"78786","elevation":"","dem":"609","timezone":"Asia/Dushanbe","modification_date":"2012-06-05"},{"geonameid":"1221250","name":"Darband","asciiname":"Darband","alternatenames":["Darand","Darband","Komsomolabad","Komsomolbad","Komsomolobod","Pombachi","Даранд"],"latitude":"38.86776","longitude":"69.96642","feature_class":"P","feature_code":"PPL","country_code":"TJ","cc2":"","admin1_code":"00","admin2_code":"","admin3_code":"","admin4_code":"","population":"1115","elevation":"","dem":"1254","timezone":"Asia/Dushanbe","modification_date":"2012-04-05"},{"geonameid":"1221259","name":"Kolkhozobod","asciiname":"Kolkhozobod","alternatenames":["Kaganovichabad","Kaganowtschab","Kolkhozabad","Kolkhozobod","Tugalan","Tugolan","Колхозобод"],"latitude":"37.58823","longitude":"68.65886","feature_class":"P","feature_code":"PPLA2","country_code":"TJ","cc2":"","admin1_code":"02","admin2_code":"","admin3_code":"","admin4_code":"","population":"18476","elevation":"","dem":"393","timezone":"Asia/Dushanbe","modification_date":"2012-02-28"},{"geonameid":"1221297","name":"Kirov","asciiname":"Kirov","alternatenames":["Imeni Kirova","Kirov","Kirovskiy","Sovkhoz Imeni Kirova","Киров"],"latitude":"37.81908","longitude":"68.85905","feature_class":"P","feature_code":"PPL","country_code":"TJ","cc2":"","admin1_code":"02","admin2_code":"","admin3_code":"","admin4_code":"","population":"7696","elevation":"","dem":"445","timezone":"Asia/Dushanbe","modification_date":"2013-03-05"},{"geonameid":"1221321","name":"Khovaling","asciiname":"Khovaling","alternatenames":["Khovaling","Ховалинг"],"latitude":"38.34194","longitude":"69.97531","feature_class":"P","feature_code":"PPLA2","country_code":"TJ","cc2":"","admin1_code":"02","admin2_code":"","admin3_code":"","admin4_code":"","population":"0","elevation":"","dem":"1416","timezone":"Asia/Dushanbe","modification_date":"2012-06-05"},{"geonameid":"1221328","name":"Khorugh","asciiname":"Khorugh","alternatenames":["Khorog","Khorug","Khorugh","Хорог","Хоруғ"],"latitude":"37.48974","longitude":"71.55304","feature_class":"P","feature_code":"PPLA","country_code":"TJ","cc2":"","admin1_code":"01","admin2_code":"","admin3_code":"","admin4_code":"","population":"30000","elevation":"","dem":"2089","timezone":"Asia/Dushanbe","modification_date":"2012-02-28"},{"geonameid":"1221344","name":"Khodzha-Maston","asciiname":"Khodzha-Maston","alternatenames":[""],"latitude":"38.74457","longitude":"68.62702","feature_class":"P","feature_code":"PPL","country_code":"TJ","cc2":"","admin1_code":"00","admin2_code":"","admin3_code":"","admin4_code":"","population":"9781","elevation":"","dem":"1565","timezone":"Asia/Dushanbe","modification_date":"2011-08-07"},{"geonameid":"1221494","name":"Karakenja","asciiname":"Karakenja","alternatenames":["Kara-Gendzha","Kara-Gendzhe","Karakendzha","Karakenja","Kurz-Genje"],"latitude":"39.23585","longitude":"71.52412","feature_class":"P","feature_code":"PPL","country_code":"TJ","cc2":"","admin1_code":"00","admin2_code":"","admin3_code":"","admin4_code":"","population":"2899","elevation":"","dem":"2156","timezone":"Asia/Dushanbe","modification_date":"2012-01-17"},{"geonameid":"1221549","name":"Sarband","asciiname":"Sarband","alternatenames":["Kalininabad","Sarband","Сарбанд"],"latitude":"37.87136","longitude":"68.92233","feature_class":"P","feature_code":"PPLA2","country_code":"TJ","cc2":"","admin1_code":"02","admin2_code":"","admin3_code":"","admin4_code":"","population":"0","elevation":"","dem":"476","timezone":"Asia/Dushanbe","modification_date":"2012-02-28"},{"geonameid":"1221559","name":"Qalaikhumb","asciiname":"Qalaikhumb","alternatenames":["Kala Khumb","Kala-I-Khamb","Kalai Khumb","Kalaikhum","Qala-i-Khum","Qalaikhum","Qalaikhumb","Қалаихум","Қалаихумб"],"latitude":"38.45373","longitude":"70.78902","feature_class":"P","feature_code":"PPLA2","country_code":"TJ","cc2":"","admin1_code":"01","admin2_code":"","admin3_code":"","admin4_code":"","population":"0","elevation":"","dem":"1258","timezone":"Asia/Dushanbe","modification_date":"2012-04-05"},{"geonameid":"1221583","name":"Qubodiyon","asciiname":"Qubodiyon","alternatenames":["Imeni Nasir Khisrav","Kabadian","Kabodiyen","Kabodiyën","Mikoyanabad","Nosir Khisrav","Qabodiyon","Qubodiyon","Қубодиён"],"latitude":"37.40973","longitude":"68.18644","feature_class":"P","feature_code":"PPLA2","country_code":"TJ","cc2":"","admin1_code":"02","admin2_code":"","admin3_code":"","admin4_code":"","population":"0","elevation":"","dem":"402","timezone":"Asia/Dushanbe","modification_date":"2012-11-08"},{"geonameid":"1221614","name":"Ishqoshim","asciiname":"Ishqoshim","alternatenames":["Ishkashim","Ishkashim Post","Ishkāshīm Post","Ishqoshim","Nud","Nuda","Ишкашим","Ишқошим"],"latitude":"36.72484","longitude":"71.61331","feature_class":"P","feature_code":"PPLA2","country_code":"TJ","cc2":"","admin1_code":"01","admin2_code":"","admin3_code":"","admin4_code":"","population":"26000","elevation":"","dem":"2535","timezone":"Asia/Dushanbe","modification_date":"2012-02-28"},{"geonameid":"1221714","name":"Hisor","asciiname":"Hisor","alternatenames":["Gissar","Hisor","Khisor","Staryy Gissar","Гиссар","Ҳисор"],"latitude":"38.52504","longitude":"68.55124","feature_class":"P","feature_code":"PPL","country_code":"TJ","cc2":"","admin1_code":"RR","admin2_code":"","admin3_code":"","admin4_code":"","population":"23978","elevation":"","dem":"800","timezone":"Asia/Dushanbe","modification_date":"2013-10-30"},{"geonameid":"1221740","name":"Rasht","asciiname":"Rasht","alternatenames":["Garm","Gharm","Rasht","Рашт"],"latitude":"39.02871","longitude":"70.37446","feature_class":"P","feature_code":"PPL","country_code":"TJ","cc2":"","admin1_code":"00","admin2_code":"","admin3_code":"","admin4_code":"","population":"10771","elevation":"","dem":"1371","timezone":"Asia/Dushanbe","modification_date":"2012-04-05"},{"geonameid":"1221748","name":"Gharavŭtí","asciiname":"Gharavuti","alternatenames":["Garavuti","Gharavuti","Gharavŭtí","Ғаравӯтӣ"],"latitude":"37.56703","longitude":"68.44668","feature_class":"P","feature_code":"PPL","country_code":"TJ","cc2":"","admin1_code":"02","admin2_code":"","admin3_code":"","admin4_code":"","population":"8474","elevation":"","dem":"393","timezone":"Asia/Dushanbe","modification_date":"2012-11-08"},{"geonameid":"1221758","name":"Ghonchí","asciiname":"Ghonchi","alternatenames":["Ganchi","Ghonchi","Ghonchí","Gonchi","Granchi","Ғончи"],"latitude":"39.96238","longitude":"69.12966","feature_class":"P","feature_code":"PPLA2","country_code":"TJ","cc2":"","admin1_code":"03","admin2_code":"","admin3_code":"","admin4_code":"","population":"0","elevation":"","dem":"907","timezone":"Asia/Dushanbe","modification_date":"2012-06-05"},{"geonameid":"1221808","name":"Jilikŭl","asciiname":"Jilikul","alternatenames":["Dzhil'kul'","Dzhilikol","Dzhilikul'","Dzhilikul’","Dzhil’kul’","Jilikul","Jilikŭl","Ҷиликӯл"],"latitude":"37.49167","longitude":"68.53106","feature_class":"P","feature_code":"PPLA2","country_code":"TJ","cc2":"","admin1_code":"02","admin2_code":"","admin3_code":"","admin4_code":"","population":"5434","elevation":"","dem":"353","timezone":"Asia/Dushanbe","modification_date":"2012-02-28"},{"geonameid":"1221871","name":"Dŭstí","asciiname":"Dusti","alternatenames":["Dusti","Dusty","Dŭsty","Dŭstí","Molotovabad","Pyandzh","Дӯстӣ"],"latitude":"37.34812","longitude":"68.66398","feature_class":"P","feature_code":"PPLA2","country_code":"TJ","cc2":"","admin1_code":"02","admin2_code":"","admin3_code":"","admin4_code":"","population":"8700","elevation":"","dem":"387","timezone":"Asia/Dushanbe","modification_date":"2012-06-05"},{"geonameid":"1221874","name":"Dushanbe","asciiname":"Dushanbe","alternatenames":["DYU","Djuschambe","Doesjanbe","Douchanbe","Douchanbé","Dusanbe","Dusanbeo","Duschanbe","Dushambe","Dushanbe","Dusjanbe","Duszanbe","Duŝanbeo","Duşanbe","Dušanbe","Dušanbė","Dušhanbe","Dyushambe","Düşənbə","Jushambe","Ntousanmpe","Stalinabad","do~ushanbe","du shang bie","dusyanbe","dwshnbh","dwsnbh","Ντουσάνμπε","Душанбе","דושנבה","دوشنبه","ዱሻንቤ","ドゥシャンベ","杜尚别","두샨베"],"latitude":"38.53575","longitude":"68.77905","feature_class":"P","feature_code":"PPLC","country_code":"TJ","cc2":"","admin1_code":"7280679","admin2_code":"","admin3_code":"","admin4_code":"","population":"679400","elevation":"","dem":"767","timezone":"Asia/Dushanbe","modification_date":"2013-07-08"},{"geonameid":"1221965","name":"Danghara","asciiname":"Danghara","alternatenames":["Dangar","Dangara","Danghara","Дангара","Данғара"],"latitude":"38.09578","longitude":"69.33998","feature_class":"P","feature_code":"PPLA2","country_code":"TJ","cc2":"","admin1_code":"02","admin2_code":"","admin3_code":"","admin4_code":"","population":"22824","elevation":"","dem":"652","timezone":"Asia/Dushanbe","modification_date":"2012-02-28"},{"geonameid":"1221997","name":"Chubek","asciiname":"Chubek","alternatenames":["Chubek","Moskovskiy","Чубек"],"latitude":"37.61453","longitude":"69.70525","feature_class":"P","feature_code":"PPL","country_code":"TJ","cc2":"","admin1_code":"02","admin2_code":"","admin3_code":"","admin4_code":"","population":"19563","elevation":"","dem":"514","timezone":"Asia/Dushanbe","modification_date":"2012-11-08"},{"geonameid":"1222009","name":"Boshchorbogh","asciiname":"Boshchorbogh","alternatenames":["Boshchorbog","Boshchorbogh","Chorbog","Бошчорбоғ"],"latitude":"37.52027","longitude":"68.12825","feature_class":"P","feature_code":"PPL","country_code":"TJ","cc2":"","admin1_code":"02","admin2_code":"","admin3_code":"","admin4_code":"","population":"4237","elevation":"","dem":"427","timezone":"Asia/Dushanbe","modification_date":"2012-11-08"},{"geonameid":"1222085","name":"Bŭstonqal’a","asciiname":"Bustonqal'a","alternatenames":["Bustonkala","Bustonkˌala","Bustonqal'a","Bŭstonqal’a","Бӯстонқала"],"latitude":"37.84783","longitude":"68.83125","feature_class":"P","feature_code":"PPL","country_code":"TJ","cc2":"","admin1_code":"02","admin2_code":"","admin3_code":"","admin4_code":"","population":"4068","elevation":"","dem":"442","timezone":"Asia/Dushanbe","modification_date":"2013-03-05"},{"geonameid":"1222107","name":"Boshkengash","asciiname":"Boshkengash","alternatenames":["Bashkyngash","Boshkengash","Boshkengosh"],"latitude":"38.46613","longitude":"68.80533","feature_class":"P","feature_code":"PPL","country_code":"TJ","cc2":"","admin1_code":"7280679","admin2_code":"","admin3_code":"","admin4_code":"","population":"23696","elevation":"","dem":"755","timezone":"Asia/Dushanbe","modification_date":"2013-11-08"},{"geonameid":"1222192","name":"Baljuvon","asciiname":"Baljuvon","alternatenames":["Bal'dzhuan","Bal'dzhuvon","Bal'juan","Baldshuan","Baljuvon","Bal’dzhuan","Bal’dzhuvon","Bal’juan","Bol'dzhuan","Bol’dzhuan","Балҷувон"],"latitude":"38.30838","longitude":"69.67672","feature_class":"P","feature_code":"PPLA2","country_code":"TJ","cc2":"","admin1_code":"02","admin2_code":"","admin3_code":"","admin4_code":"","population":"0","elevation":"","dem":"915","timezone":"Asia/Dushanbe","modification_date":"2012-06-05"},{"geonameid":"1222222","name":"Ayní","asciiname":"Ayni","alternatenames":["Aini","Ajni","Ayni","Ayny","Ayní","Varziminor","Varzominor","Zakhmatabad","Айнӣ"],"latitude":"39.39406","longitude":"68.53766","feature_class":"P","feature_code":"PPLA2","country_code":"TJ","cc2":"","admin1_code":"03","admin2_code":"","admin3_code":"","admin4_code":"","population":"2128","elevation":"","dem":"1433","timezone":"Asia/Dushanbe","modification_date":"2012-04-05"},{"geonameid":"1475483","name":"Bahorí","asciiname":"Bahori","alternatenames":["Bahori","Bahorí","Sovkhoz Beshkent-2","Баҳорӣ"],"latitude":"37.40195","longitude":"67.99446","feature_class":"P","feature_code":"PPLA2","country_code":"TJ","cc2":"","admin1_code":"02","admin2_code":"8221292","admin3_code":"","admin4_code":"","population":"0","elevation":"","dem":"383","timezone":"Asia/Dushanbe","modification_date":"2013-12-14"},{"geonameid":"1514815","name":"Zafarobod","asciiname":"Zafarobod","alternatenames":["Ayni","Imeni Ayni","Zafapobod","Zafarabad","Zafarabod","Zafarobod","Зaфapoбoд"],"latitude":"40.17603","longitude":"68.84679","feature_class":"P","feature_code":"PPLA2","country_code":"TJ","cc2":"","admin1_code":"03","admin2_code":"","admin3_code":"","admin4_code":"","population":"0","elevation":"","dem":"405","timezone":"Asia/Dushanbe","modification_date":"2012-06-05"},{"geonameid":"1514829","name":"Taboshar","asciiname":"Taboshar","alternatenames":["Taboshar","Taboshary","Табошар"],"latitude":"40.57017","longitude":"69.64175","feature_class":"P","feature_code":"PPL","country_code":"TJ","cc2":"","admin1_code":"03","admin2_code":"","admin3_code":"","admin4_code":"","population":"11578","elevation":"","dem":"1196","timezone":"Asia/Dushanbe","modification_date":"2012-05-05"},{"geonameid":"1514831","name":"Shŭrob","asciiname":"Shurob","alternatenames":["Schurab","Shorab","Shurab","Shurob","Shŭrob","Шӯроб"],"latitude":"40.04605","longitude":"70.54117","feature_class":"P","feature_code":"PPL","country_code":"TJ","cc2":"","admin1_code":"03","admin2_code":"","admin3_code":"","admin4_code":"","population":"3984","elevation":"","dem":"1248","timezone":"Asia/Dushanbe","modification_date":"2012-08-04"},{"geonameid":"1514839","name":"Proletar","asciiname":"Proletar","alternatenames":["Dragomirovo","Jabar Rasulov","Jabbor Rasulov","Proletar","Proletarsk","Пролетар"],"latitude":"40.16713","longitude":"69.50163","feature_class":"P","feature_code":"PPLA2","country_code":"TJ","cc2":"","admin1_code":"03","admin2_code":"","admin3_code":"","admin4_code":"","population":"16441","elevation":"","dem":"382","timezone":"Asia/Dushanbe","modification_date":"2012-04-05"},{"geonameid":"1514843","name":"Palos","asciiname":"Palos","alternatenames":["Palas","Palos","Палос"],"latitude":"40.31628","longitude":"69.73743","feature_class":"P","feature_code":"PPL","country_code":"TJ","cc2":"","admin1_code":"03","admin2_code":"","admin3_code":"","admin4_code":"","population":"3288","elevation":"","dem":"353","timezone":"Asia/Dushanbe","modification_date":"2012-04-05"},{"geonameid":"1514844","name":"Pakhtakoron","asciiname":"Pakhtakoron","alternatenames":["Pakhtakoron","Пахтакорон"],"latitude":"40.15709","longitude":"68.74659","feature_class":"P","feature_code":"PPL","country_code":"TJ","cc2":"","admin1_code":"03","admin2_code":"","admin3_code":"","admin4_code":"","population":"8220","elevation":"","dem":"387","timezone":"Asia/Dushanbe","modification_date":"2012-04-05"},{"geonameid":"1514852","name":"Neftobod","asciiname":"Neftobod","alternatenames":["Nefteabad","Nefteobod","Neftobod","Predyvak","Нефтобод"],"latitude":"40.21524","longitude":"70.57193","feature_class":"P","feature_code":"PPL","country_code":"TJ","cc2":"","admin1_code":"03","admin2_code":"","admin3_code":"","admin4_code":"","population":"4603","elevation":"","dem":"687","timezone":"Asia/Dushanbe","modification_date":"2012-04-05"},{"geonameid":"1514856","name":"Nov","asciiname":"Nov","alternatenames":["Nau","Nov","Нов"],"latitude":"40.1522","longitude":"69.37076","feature_class":"P","feature_code":"PPLA2","country_code":"TJ","cc2":"","admin1_code":"03","admin2_code":"","admin3_code":"","admin4_code":"","population":"13833","elevation":"","dem":"379","timezone":"Asia/Dushanbe","modification_date":"2012-04-05"},{"geonameid":"1514870","name":"Quruqsoy","asciiname":"Quruqsoy","alternatenames":["Kuruksay","Kurusay","Quruqsoy","Қуруқсой"],"latitude":"40.57648","longitude":"69.37962","feature_class":"P","feature_code":"PPL","country_code":"TJ","cc2":"","admin1_code":"03","admin2_code":"","admin3_code":"","admin4_code":"","population":"3288","elevation":"","dem":"433","timezone":"Asia/Dushanbe","modification_date":"2012-05-05"},{"geonameid":"1514877","name":"Kim","asciiname":"Kim","alternatenames":["Kim","Nefteprom Kim","Santo","Ким"],"latitude":"40.20798","longitude":"70.46882","feature_class":"P","feature_code":"PPL","country_code":"TJ","cc2":"","admin1_code":"03","admin2_code":"","admin3_code":"","admin4_code":"","population":"2411","elevation":"","dem":"864","timezone":"Asia/Dushanbe","modification_date":"2012-04-05"},{"geonameid":"1514879","name":"Khŭjand","asciiname":"Khujand","alternatenames":["Choedzjand","Chudschand","Chudzandas","Chudzjand","Chudžandas","Hodjent","Hudzand","Hudžand","Khodjent","Khodyent","Khodzhent","Khojend","Khudzhand","Khujand","Khuzhant","Khŭjand","Kojend","LBD","Leninabad","Leninobod","Ursaten","Xo'jand","Xoʻjand","hojendo","khjnd","ku zhan","Ходжент","Худжанд","Хужант","Хуҷанд","Хӯҷвнд","خجند","ホジェンド","苦盏"],"latitude":"40.28256","longitude":"69.62216","feature_class":"P","feature_code":"PPLA","country_code":"TJ","cc2":"","admin1_code":"03","admin2_code":"","admin3_code":"","admin4_code":"","population":"144865","elevation":"","dem":"340","timezone":"Asia/Dushanbe","modification_date":"2014-05-29"},{"geonameid":"1514889","name":"Konsoy","asciiname":"Konsoy","alternatenames":["Kaindisoy","Kansai","Kansay","Konsoj","Konsoy","Svints","Консой"],"latitude":"40.49155","longitude":"69.70245","feature_class":"P","feature_code":"PPL","country_code":"TJ","cc2":"","admin1_code":"03","admin2_code":"","admin3_code":"","admin4_code":"","population":"5042","elevation":"","dem":"891","timezone":"Asia/Dushanbe","modification_date":"2012-04-05"},{"geonameid":"1514891","name":"Konibodom","asciiname":"Konibodom","alternatenames":["Kanibadam","Konibodom","Кoнибодом","Канибадам"],"latitude":"40.29414","longitude":"70.43122","feature_class":"P","feature_code":"PPLA2","country_code":"TJ","cc2":"","admin1_code":"03","admin2_code":"","admin3_code":"","admin4_code":"","population":"50359","elevation":"","dem":"409","timezone":"Asia/Dushanbe","modification_date":"2012-04-05"},{"geonameid":"1514896","name":"Isfara","asciiname":"Isfara","alternatenames":["Isfara","Исфара"],"latitude":"40.12649","longitude":"70.62526","feature_class":"P","feature_code":"PPLA2","country_code":"TJ","cc2":"","admin1_code":"03","admin2_code":"","admin3_code":"","admin4_code":"","population":"37738","elevation":"","dem":"824","timezone":"Asia/Dushanbe","modification_date":"2012-02-28"},{"geonameid":"1514900","name":"Ghafurov","asciiname":"Ghafurov","alternatenames":["Gafurob","Gafurov","Ghafurov","Khodzhent","Sovetabad","Stantsiya Leninabad","Ғафуроб"],"latitude":"40.21571","longitude":"69.72867","feature_class":"P","feature_code":"PPLA2","country_code":"TJ","cc2":"","admin1_code":"03","admin2_code":"","admin3_code":"","admin4_code":"","population":"0","elevation":"","dem":"422","timezone":"Asia/Dushanbe","modification_date":"2012-02-28"},{"geonameid":"1514913","name":"Bŭston","asciiname":"Buston","alternatenames":["Buston","Bŭston","Yantak","Бӯстон"],"latitude":"40.52286","longitude":"69.33307","feature_class":"P","feature_code":"PPLA2","country_code":"TJ","cc2":"","admin1_code":"03","admin2_code":"","admin3_code":"","admin4_code":"","population":"13043","elevation":"","dem":"324","timezone":"Asia/Dushanbe","modification_date":"2012-02-28"},{"geonameid":"1514921","name":"Shaydon","asciiname":"Shaydon","alternatenames":["Asht","Shaidan","Shajdon","Shaydan","Shaydon","Шайдон"],"latitude":"40.66992","longitude":"70.3502","feature_class":"P","feature_code":"PPLA2","country_code":"TJ","cc2":"","admin1_code":"03","admin2_code":"","admin3_code":"","admin4_code":"","population":"11705","elevation":"","dem":"838","timezone":"Asia/Dushanbe","modification_date":"2012-05-05"},{"geonameid":"1514925","name":"Oltintopkan","asciiname":"Oltintopkan","alternatenames":["Altyn-Topkan","Oltintopkan","Олтинтопкан"],"latitude":"40.65425","longitude":"69.59811","feature_class":"P","feature_code":"PPL","country_code":"TJ","cc2":"","admin1_code":"03","admin2_code":"","admin3_code":"","admin4_code":"","population":"4823","elevation":"","dem":"1259","timezone":"Asia/Dushanbe","modification_date":"2012-04-05"},{"geonameid":"1514929","name":"Adrasmon","asciiname":"Adrasmon","alternatenames":["Adrasman","Adrasmon","Адрасмон"],"latitude":"40.64928","longitude":"69.98472","feature_class":"P","feature_code":"PPL","country_code":"TJ","cc2":"","admin1_code":"03","admin2_code":"","admin3_code":"","admin4_code":"","population":"13372","elevation":"","dem":"1599","timezone":"Asia/Dushanbe","modification_date":"2012-05-05"},{"geonameid":"1538311","name":"Chkalov","asciiname":"Chkalov","alternatenames":["Chkalov","Chkalovsk","Чкалов"],"latitude":"40.23417","longitude":"69.69481","feature_class":"P","feature_code":"PPL","country_code":"TJ","cc2":"","admin1_code":"03","admin2_code":"","admin3_code":"","admin4_code":"","population":"21537","elevation":"","dem":"415","timezone":"Asia/Dushanbe","modification_date":"2012-04-06"},{"geonameid":"8217253","name":"Mehron","asciiname":"Mehron","alternatenames":["Mehron","Меҳрон"],"latitude":"39.41691","longitude":"69.28677","feature_class":"P","feature_code":"PPLA2","country_code":"TJ","cc2":"","admin1_code":"03","admin2_code":"","admin3_code":"","admin4_code":"","population":"0","elevation":"","dem":"2043","timezone":"Asia/Dushanbe","modification_date":"2012-02-29"},{"geonameid":"1220112","name":"Yovon","asciiname":"Yovon","alternatenames":["Jovon","Yavan","Yovan","Yovon","Ёвон"],"latitude":"38.31408","longitude":"69.03784","feature_class":"P","feature_code":"PPLA2","country_code":"TJ","cc2":"","admin1_code":"02","admin2_code":"","admin3_code":"","admin4_code":"","population":"17471","elevation":"","dem":"654","timezone":"Asia/Dushanbe","modification_date":"2012-02-28"},{"geonameid":"1220163","name":"Vose’","asciiname":"Vose'","alternatenames":["Aral","Imeni Vose","Kal Khaz","Kolkhozabad","Paytok","Vose'","Voseu","Vose’","Восеъ"],"latitude":"37.80396","longitude":"69.64417","feature_class":"P","feature_code":"PPLA2","country_code":"TJ","cc2":"","admin1_code":"02","admin2_code":"","admin3_code":"","admin4_code":"","population":"21736","elevation":"","dem":"472","timezone":"Asia/Dushanbe","modification_date":"2012-02-28"},{"geonameid":"1220219","name":"Vakhsh","asciiname":"Vakhsh","alternatenames":["Vakhsh","Vakhshstroi","Vakhshstroy","Вахш"],"latitude":"37.71485","longitude":"68.83456","feature_class":"P","feature_code":"PPLA2","country_code":"TJ","cc2":"","admin1_code":"02","admin2_code":"","admin3_code":"","admin4_code":"","population":"15215","elevation":"","dem":"431","timezone":"Asia/Dushanbe","modification_date":"2012-02-28"},{"geonameid":"1220253","name":"Istaravshan","asciiname":"Istaravshan","alternatenames":["Bundzhikat","Istaravshan","Ura-Tyube","Uroteppa","Ŭroteppa","Истаравшан"],"latitude":"39.9142","longitude":"69.00328","feature_class":"P","feature_code":"PPLA2","country_code":"TJ","cc2":"","admin1_code":"03","admin2_code":"","admin3_code":"","admin4_code":"","population":"52851","elevation":"","dem":"979","timezone":"Asia/Dushanbe","modification_date":"2012-06-05"},{"geonameid":"1220301","name":"Tursunzoda","asciiname":"Tursunzoda","alternatenames":["Regar","Tursunzade","Tursunzoda","Турсунзаде"],"latitude":"38.51437","longitude":"68.23327","feature_class":"P","feature_code":"PPL","country_code":"TJ","cc2":"","admin1_code":"RR","admin2_code":"","admin3_code":"","admin4_code":"","population":"37995","elevation":"","dem":"708","timezone":"Asia/Dushanbe","modification_date":"2013-10-29"},{"geonameid":"1220446","name":"Sovet","asciiname":"Sovet","alternatenames":["Kizyl-Mazar","Kizyl-Mazar-Bolo","Kyzul-Mazar-Bolo","Kyzyl-Mazar","Kyzyl-Mazar-Bolo","Kzyl-Mazar","Kzyl-Mazar-Bolo","Sovet","Sovetskiy","Sovetskoye","Sovety","Совет"],"latitude":"38.0467","longitude":"69.58822","feature_class":"P","feature_code":"PPLA2","country_code":"TJ","cc2":"","admin1_code":"02","admin2_code":"","admin3_code":"","admin4_code":"","population":"8695","elevation":"","dem":"672","timezone":"Asia/Dushanbe","modification_date":"2012-02-28"},{"geonameid":"1220566","name":"Shahrinav","asciiname":"Shahrinav","alternatenames":["Cheptura","Schachrinau","Shahrinav","Shakhrinau","Shakhrinav","Shakhrinay","shhr nw","Шаҳринав","شهر نو"],"latitude":"38.57085","longitude":"68.33498","feature_class":"P","feature_code":"PPL","country_code":"TJ","cc2":"","admin1_code":"00","admin2_code":"","admin3_code":"","admin4_code":"","population":"5385","elevation":"","dem":"850","timezone":"Asia/Dushanbe","modification_date":"2012-04-05"},{"geonameid":"1220576","name":"Shahritus","asciiname":"Shahritus","alternatenames":["Shaarfuz","Shaartuz","Shahritus","Shahrtuz","Шаҳритус"],"latitude":"37.26206","longitude":"68.13849","feature_class":"P","feature_code":"PPLA2","country_code":"TJ","cc2":"","admin1_code":"02","admin2_code":"","admin3_code":"","admin4_code":"","population":"13042","elevation":"","dem":"367","timezone":"Asia/Dushanbe","modification_date":"2012-07-04"},{"geonameid":"1220701","name":"Roghun","asciiname":"Roghun","alternatenames":["Ragun","Roghun","Rogun"],"latitude":"38.78257","longitude":"69.87081","feature_class":"P","feature_code":"PPL","country_code":"TJ","cc2":"","admin1_code":"00","admin2_code":"","admin3_code":"","admin4_code":"","population":"7731","elevation":"","dem":"1251","timezone":"Asia/Dushanbe","modification_date":"2012-01-17"},{"geonameid":"1220747","name":"Qŭrghonteppa","asciiname":"Qurghonteppa","alternatenames":["Kurgan Tjube","Kurgan-Tyube","Qurghan Tyube","Qurghonteppa","Qurghān Tyube","Qŭrghonteppa","Курган Тюбе","Қӯрғонтеппа"],"latitude":"37.83399","longitude":"68.78186","feature_class":"P","feature_code":"PPLA","country_code":"TJ","cc2":"","admin1_code":"02","admin2_code":"","admin3_code":"","admin4_code":"","population":"65000","elevation":"","dem":"430","timezone":"Asia/Dushanbe","modification_date":"2012-02-28"},{"geonameid":"1220750","name":"Panj","asciiname":"Panj","alternatenames":["Baumanabad","Kirovabad","Kirowabad","Panj","Pyandzh","Sarai","Sarai-Kamar","Saray Komar","Saray-Kamar","Панҷ"],"latitude":"37.23634","longitude":"69.09911","feature_class":"P","feature_code":"PPLA2","country_code":"TJ","cc2":"","admin1_code":"02","admin2_code":"","admin3_code":"","admin4_code":"","population":"8019","elevation":"","dem":"368","timezone":"Asia/Dushanbe","modification_date":"2012-06-05"},{"geonameid":"1220798","name":"Panjakent","asciiname":"Panjakent","alternatenames":["Panjakent","Panjkent","Pendshikent","Pendzhakent","Pendzhikent","Penjikent","Панҷакент","Пенджикент"],"latitude":"39.49524","longitude":"67.60931","feature_class":"P","feature_code":"PPLA2","country_code":"TJ","cc2":"","admin1_code":"03","admin2_code":"","admin3_code":"","admin4_code":"","population":"35085","elevation":"","dem":"998","timezone":"Asia/Dushanbe","modification_date":"2012-02-28"},{"geonameid":"1220826","name":"Farkhor","asciiname":"Farkhor","alternatenames":["Farkhor","Parkbar","Parkhar","Фархор"],"latitude":"37.49219","longitude":"69.40356","feature_class":"P","feature_code":"PPLA2","country_code":"TJ","cc2":"","admin1_code":"02","admin2_code":"","admin3_code":"","admin4_code":"","population":"21736","elevation":"","dem":"444","timezone":"Asia/Dushanbe","modification_date":"2012-02-28"},{"geonameid":"1220853","name":"Orzu","asciiname":"Orzu","alternatenames":["Orzu","Орзу"],"latitude":"37.5582","longitude":"68.81952","feature_class":"P","feature_code":"PPL","country_code":"TJ","cc2":"","admin1_code":"02","admin2_code":"","admin3_code":"","admin4_code":"","population":"5988","elevation":"","dem":"415","timezone":"Asia/Dushanbe","modification_date":"2013-09-06"},{"geonameid":"1220855","name":"Vahdat","asciiname":"Vahdat","alternatenames":["Kofarnihon","Kofarnikhon","Kofarnikhona","Ordhonikidzeabad","Ordzhonikidzeabad","Orjonikidzeabad","Orjonikidzeobod","Vahdat","Vakhdat","Yangi-Bazar","Ваҳдат","Кофарнихона"],"latitude":"38.55632","longitude":"69.01354","feature_class":"P","feature_code":"PPL","country_code":"TJ","cc2":"","admin1_code":"RR","admin2_code":"","admin3_code":"","admin4_code":"","population":"45693","elevation":"","dem":"872","timezone":"Asia/Dushanbe","modification_date":"2013-08-17"},{"geonameid":"1220888","name":"Obigarm","asciiname":"Obigarm","alternatenames":["Obigarm"],"latitude":"38.71731","longitude":"69.70885","feature_class":"P","feature_code":"PPL","country_code":"TJ","cc2":"","admin1_code":"00","admin2_code":"","admin3_code":"","admin4_code":"","population":"10035","elevation":"","dem":"1358","timezone":"Asia/Dushanbe","modification_date":"2012-01-17"},{"geonameid":"1220905","name":"Norak","asciiname":"Norak","alternatenames":["Norak","Nurek","Норак"],"latitude":"38.38917","longitude":"69.32272","feature_class":"P","feature_code":"PPLA2","country_code":"TJ","cc2":"","admin1_code":"02","admin2_code":"","admin3_code":"","admin4_code":"","population":"18122","elevation":"","dem":"660","timezone":"Asia/Dushanbe","modification_date":"2012-04-05"},{"geonameid":"1220936","name":"Novobod","asciiname":"Novobod","alternatenames":["Navabad","Novabad","Novobod","Nusratobod","Nusstatobad","Shul'mak","Shul’mak"],"latitude":"39.01084","longitude":"70.15082","feature_class":"P","feature_code":"PPL","country_code":"TJ","cc2":"","admin1_code":"00","admin2_code":"","admin3_code":"","admin4_code":"","population":"5352","elevation":"","dem":"1276","timezone":"Asia/Dushanbe","modification_date":"2012-01-17"},{"geonameid":"1220962","name":"Murghob","asciiname":"Murghob","alternatenames":["Margab","Murgab","Murghab","Murghabi","Murghob","Murghāb","Murghābi","Murgob","Pamir Post","Pamirski Post","Pamīrski Post","Post Pamirskiy","Pāmir Post","Мурғоб"],"latitude":"38.17023","longitude":"73.96674","feature_class":"P","feature_code":"PPLA2","country_code":"TJ","cc2":"","admin1_code":"01","admin2_code":"","admin3_code":"","admin4_code":"","population":"10815","elevation":"","dem":"3607","timezone":"Asia/Dushanbe","modification_date":"2012-12-05"},{"geonameid":"1221091","name":"Mŭ’minobod","asciiname":"Mu'minobod","alternatenames":["Leningrad","Leningradskiy","Mu'minobod","Muminabad","Muminobod","Mumynabad","Muuminobod","Mŭminobod","Mŭ’minobod","Мӯминобод","Мӯъминобод"],"latitude":"38.10714","longitude":"70.03213","feature_class":"P","feature_code":"PPLA2","country_code":"TJ","cc2":"","admin1_code":"02","admin2_code":"","admin3_code":"","admin4_code":"","population":"11955","elevation":"","dem":"1247","timezone":"Asia/Dushanbe","modification_date":"2012-06-05"},{"geonameid":"1221136","name":"Abdurahmoni Jomí","asciiname":"Abdurahmoni Jomi","alternatenames":["Abdurahmoni Jomi","Abdurahmoni Jomí","Abduraҳmoni Ҷomi","Aral","Kuibyshevabad","Kujbishev","Kuybishev","Kuybishevsk","Kuybyshevabad","Kuybyshevsk","Kuybyshevskiy","Kŭybishev","Абдураҳмони Ҷомӣ","Куйбишев","Кӯйбишев"],"latitude":"37.94636","longitude":"68.80878","feature_class":"P","feature_code":"PPLA2","country_code":"TJ","cc2":"","admin1_code":"02","admin2_code":"","admin3_code":"","admin4_code":"","population":"9943","elevation":"","dem":"424","timezone":"Asia/Dushanbe","modification_date":"2012-11-08"},{"geonameid":"1221194","name":"Kŭlob","asciiname":"Kulob","alternatenames":["Kulab","Kuljab","Kulob","Kulyab","Kŭlob","Куляб","Кӯлоб"],"latitude":"37.91459","longitude":"69.78454","feature_class":"P","feature_code":"PPLA2","country_code":"TJ","cc2":"","admin1_code":"02","admin2_code":"","admin3_code":"","admin4_code":"","population":"78786","elevation":"","dem":"609","timezone":"Asia/Dushanbe","modification_date":"2012-06-05"},{"geonameid":"1221259","name":"Kolkhozobod","asciiname":"Kolkhozobod","alternatenames":["Kaganovichabad","Kaganowtschab","Kolkhozabad","Kolkhozobod","Tugalan","Tugolan","Колхозобод"],"latitude":"37.58823","longitude":"68.65886","feature_class":"P","feature_code":"PPLA2","country_code":"TJ","cc2":"","admin1_code":"02","admin2_code":"","admin3_code":"","admin4_code":"","population":"18476","elevation":"","dem":"393","timezone":"Asia/Dushanbe","modification_date":"2012-02-28"},{"geonameid":"1221297","name":"Kirov","asciiname":"Kirov","alternatenames":["Imeni Kirova","Kirov","Kirovskiy","Sovkhoz Imeni Kirova","Киров"],"latitude":"37.81908","longitude":"68.85905","feature_class":"P","feature_code":"PPL","country_code":"TJ","cc2":"","admin1_code":"02","admin2_code":"","admin3_code":"","admin4_code":"","population":"7696","elevation":"","dem":"445","timezone":"Asia/Dushanbe","modification_date":"2013-03-05"},{"geonameid":"1221328","name":"Khorugh","asciiname":"Khorugh","alternatenames":["Khorog","Khorug","Khorugh","Хорог","Хоруғ"],"latitude":"37.48974","longitude":"71.55304","feature_class":"P","feature_code":"PPLA","country_code":"TJ","cc2":"","admin1_code":"01","admin2_code":"","admin3_code":"","admin4_code":"","population":"30000","elevation":"","dem":"2089","timezone":"Asia/Dushanbe","modification_date":"2012-02-28"},{"geonameid":"1221344","name":"Khodzha-Maston","asciiname":"Khodzha-Maston","alternatenames":[""],"latitude":"38.74457","longitude":"68.62702","feature_class":"P","feature_code":"PPL","country_code":"TJ","cc2":"","admin1_code":"00","admin2_code":"","admin3_code":"","admin4_code":"","population":"9781","elevation":"","dem":"1565","timezone":"Asia/Dushanbe","modification_date":"2011-08-07"},{"geonameid":"1221614","name":"Ishqoshim","asciiname":"Ishqoshim","alternatenames":["Ishkashim","Ishkashim Post","Ishkāshīm Post","Ishqoshim","Nud","Nuda","Ишкашим","Ишқошим"],"latitude":"36.72484","longitude":"71.61331","feature_class":"P","feature_code":"PPLA2","country_code":"TJ","cc2":"","admin1_code":"01","admin2_code":"","admin3_code":"","admin4_code":"","population":"26000","elevation":"","dem":"2535","timezone":"Asia/Dushanbe","modification_date":"2012-02-28"},{"geonameid":"1221714","name":"Hisor","asciiname":"Hisor","alternatenames":["Gissar","Hisor","Khisor","Staryy Gissar","Гиссар","Ҳисор"],"latitude":"38.52504","longitude":"68.55124","feature_class":"P","feature_code":"PPL","country_code":"TJ","cc2":"","admin1_code":"RR","admin2_code":"","admin3_code":"","admin4_code":"","population":"23978","elevation":"","dem":"800","timezone":"Asia/Dushanbe","modification_date":"2013-10-30"},{"geonameid":"1221740","name":"Rasht","asciiname":"Rasht","alternatenames":["Garm","Gharm","Rasht","Рашт"],"latitude":"39.02871","longitude":"70.37446","feature_class":"P","feature_code":"PPL","country_code":"TJ","cc2":"","admin1_code":"00","admin2_code":"","admin3_code":"","admin4_code":"","population":"10771","elevation":"","dem":"1371","timezone":"Asia/Dushanbe","modification_date":"2012-04-05"},{"geonameid":"1221748","name":"Gharavŭtí","asciiname":"Gharavuti","alternatenames":["Garavuti","Gharavuti","Gharavŭtí","Ғаравӯтӣ"],"latitude":"37.56703","longitude":"68.44668","feature_class":"P","feature_code":"PPL","country_code":"TJ","cc2":"","admin1_code":"02","admin2_code":"","admin3_code":"","admin4_code":"","population":"8474","elevation":"","dem":"393","timezone":"Asia/Dushanbe","modification_date":"2012-11-08"},{"geonameid":"1221808","name":"Jilikŭl","asciiname":"Jilikul","alternatenames":["Dzhil'kul'","Dzhilikol","Dzhilikul'","Dzhilikul’","Dzhil’kul’","Jilikul","Jilikŭl","Ҷиликӯл"],"latitude":"37.49167","longitude":"68.53106","feature_class":"P","feature_code":"PPLA2","country_code":"TJ","cc2":"","admin1_code":"02","admin2_code":"","admin3_code":"","admin4_code":"","population":"5434","elevation":"","dem":"353","timezone":"Asia/Dushanbe","modification_date":"2012-02-28"},{"geonameid":"1221871","name":"Dŭstí","asciiname":"Dusti","alternatenames":["Dusti","Dusty","Dŭsty","Dŭstí","Molotovabad","Pyandzh","Дӯстӣ"],"latitude":"37.34812","longitude":"68.66398","feature_class":"P","feature_code":"PPLA2","country_code":"TJ","cc2":"","admin1_code":"02","admin2_code":"","admin3_code":"","admin4_code":"","population":"8700","elevation":"","dem":"387","timezone":"Asia/Dushanbe","modification_date":"2012-06-05"},{"geonameid":"1221874","name":"Dushanbe","asciiname":"Dushanbe","alternatenames":["DYU","Djuschambe","Doesjanbe","Douchanbe","Douchanbé","Dusanbe","Dusanbeo","Duschanbe","Dushambe","Dushanbe","Dusjanbe","Duszanbe","Duŝanbeo","Duşanbe","Dušanbe","Dušanbė","Dušhanbe","Dyushambe","Düşənbə","Jushambe","Ntousanmpe","Stalinabad","do~ushanbe","du shang bie","dusyanbe","dwshnbh","dwsnbh","Ντουσάνμπε","Душанбе","דושנבה","دوشنبه","ዱሻንቤ","ドゥシャンベ","杜尚别","두샨베"],"latitude":"38.53575","longitude":"68.77905","feature_class":"P","feature_code":"PPLC","country_code":"TJ","cc2":"","admin1_code":"7280679","admin2_code":"","admin3_code":"","admin4_code":"","population":"679400","elevation":"","dem":"767","timezone":"Asia/Dushanbe","modification_date":"2013-07-08"},{"geonameid":"1221965","name":"Danghara","asciiname":"Danghara","alternatenames":["Dangar","Dangara","Danghara","Дангара","Данғара"],"latitude":"38.09578","longitude":"69.33998","feature_class":"P","feature_code":"PPLA2","country_code":"TJ","cc2":"","admin1_code":"02","admin2_code":"","admin3_code":"","admin4_code":"","population":"22824","elevation":"","dem":"652","timezone":"Asia/Dushanbe","modification_date":"2012-02-28"},{"geonameid":"1221997","name":"Chubek","asciiname":"Chubek","alternatenames":["Chubek","Moskovskiy","Чубек"],"latitude":"37.61453","longitude":"69.70525","feature_class":"P","feature_code":"PPL","country_code":"TJ","cc2":"","admin1_code":"02","admin2_code":"","admin3_code":"","admin4_code":"","population":"19563","elevation":"","dem":"514","timezone":"Asia/Dushanbe","modification_date":"2012-11-08"},{"geonameid":"1222107","name":"Boshkengash","asciiname":"Boshkengash","alternatenames":["Bashkyngash","Boshkengash","Boshkengosh"],"latitude":"38.46613","longitude":"68.80533","feature_class":"P","feature_code":"PPL","country_code":"TJ","cc2":"","admin1_code":"7280679","admin2_code":"","admin3_code":"","admin4_code":"","population":"23696","elevation":"","dem":"755","timezone":"Asia/Dushanbe","modification_date":"2013-11-08"},{"geonameid":"1514829","name":"Taboshar","asciiname":"Taboshar","alternatenames":["Taboshar","Taboshary","Табошар"],"latitude":"40.57017","longitude":"69.64175","feature_class":"P","feature_code":"PPL","country_code":"TJ","cc2":"","admin1_code":"03","admin2_code":"","admin3_code":"","admin4_code":"","population":"11578","elevation":"","dem":"1196","timezone":"Asia/Dushanbe","modification_date":"2012-05-05"},{"geonameid":"1514839","name":"Proletar","asciiname":"Proletar","alternatenames":["Dragomirovo","Jabar Rasulov","Jabbor Rasulov","Proletar","Proletarsk","Пролетар"],"latitude":"40.16713","longitude":"69.50163","feature_class":"P","feature_code":"PPLA2","country_code":"TJ","cc2":"","admin1_code":"03","admin2_code":"","admin3_code":"","admin4_code":"","population":"16441","elevation":"","dem":"382","timezone":"Asia/Dushanbe","modification_date":"2012-04-05"},{"geonameid":"1514844","name":"Pakhtakoron","asciiname":"Pakhtakoron","alternatenames":["Pakhtakoron","Пахтакорон"],"latitude":"40.15709","longitude":"68.74659","feature_class":"P","feature_code":"PPL","country_code":"TJ","cc2":"","admin1_code":"03","admin2_code":"","admin3_code":"","admin4_code":"","population":"8220","elevation":"","dem":"387","timezone":"Asia/Dushanbe","modification_date":"2012-04-05"},{"geonameid":"1514856","name":"Nov","asciiname":"Nov","alternatenames":["Nau","Nov","Нов"],"latitude":"40.1522","longitude":"69.37076","feature_class":"P","feature_code":"PPLA2","country_code":"TJ","cc2":"","admin1_code":"03","admin2_code":"","admin3_code":"","admin4_code":"","population":"13833","elevation":"","dem":"379","timezone":"Asia/Dushanbe","modification_date":"2012-04-05"},{"geonameid":"1514879","name":"Khŭjand","asciiname":"Khujand","alternatenames":["Choedzjand","Chudschand","Chudzandas","Chudzjand","Chudžandas","Hodjent","Hudzand","Hudžand","Khodjent","Khodyent","Khodzhent","Khojend","Khudzhand","Khujand","Khuzhant","Khŭjand","Kojend","LBD","Leninabad","Leninobod","Ursaten","Xo'jand","Xoʻjand","hojendo","khjnd","ku zhan","Ходжент","Худжанд","Хужант","Хуҷанд","Хӯҷвнд","خجند","ホジェンド","苦盏"],"latitude":"40.28256","longitude":"69.62216","feature_class":"P","feature_code":"PPLA","country_code":"TJ","cc2":"","admin1_code":"03","admin2_code":"","admin3_code":"","admin4_code":"","population":"144865","elevation":"","dem":"340","timezone":"Asia/Dushanbe","modification_date":"2014-05-29"},{"geonameid":"1514889","name":"Konsoy","asciiname":"Konsoy","alternatenames":["Kaindisoy","Kansai","Kansay","Konsoj","Konsoy","Svints","Консой"],"latitude":"40.49155","longitude":"69.70245","feature_class":"P","feature_code":"PPL","country_code":"TJ","cc2":"","admin1_code":"03","admin2_code":"","admin3_code":"","admin4_code":"","population":"5042","elevation":"","dem":"891","timezone":"Asia/Dushanbe","modification_date":"2012-04-05"},{"geonameid":"1514891","name":"Konibodom","asciiname":"Konibodom","alternatenames":["Kanibadam","Konibodom","Кoнибодом","Канибадам"],"latitude":"40.29414","longitude":"70.43122","feature_class":"P","feature_code":"PPLA2","country_code":"TJ","cc2":"","admin1_code":"03","admin2_code":"","admin3_code":"","admin4_code":"","population":"50359","elevation":"","dem":"409","timezone":"Asia/Dushanbe","modification_date":"2012-04-05"},{"geonameid":"1514896","name":"Isfara","asciiname":"Isfara","alternatenames":["Isfara","Исфара"],"latitude":"40.12649","longitude":"70.62526","feature_class":"P","feature_code":"PPLA2","country_code":"TJ","cc2":"","admin1_code":"03","admin2_code":"","admin3_code":"","admin4_code":"","population":"37738","elevation":"","dem":"824","timezone":"Asia/Dushanbe","modification_date":"2012-02-28"},{"geonameid":"1514913","name":"Bŭston","asciiname":"Buston","alternatenames":["Buston","Bŭston","Yantak","Бӯстон"],"latitude":"40.52286","longitude":"69.33307","feature_class":"P","feature_code":"PPLA2","country_code":"TJ","cc2":"","admin1_code":"03","admin2_code":"","admin3_code":"","admin4_code":"","population":"13043","elevation":"","dem":"324","timezone":"Asia/Dushanbe","modification_date":"2012-02-28"},{"geonameid":"1514921","name":"Shaydon","asciiname":"Shaydon","alternatenames":["Asht","Shaidan","Shajdon","Shaydan","Shaydon","Шайдон"],"latitude":"40.66992","longitude":"70.3502","feature_class":"P","feature_code":"PPLA2","country_code":"TJ","cc2":"","admin1_code":"03","admin2_code":"","admin3_code":"","admin4_code":"","population":"11705","elevation":"","dem":"838","timezone":"Asia/Dushanbe","modification_date":"2012-05-05"},{"geonameid":"1514929","name":"Adrasmon","asciiname":"Adrasmon","alternatenames":["Adrasman","Adrasmon","Адрасмон"],"latitude":"40.64928","longitude":"69.98472","feature_class":"P","feature_code":"PPL","country_code":"TJ","cc2":"","admin1_code":"03","admin2_code":"","admin3_code":"","admin4_code":"","population":"13372","elevation":"","dem":"1599","timezone":"Asia/Dushanbe","modification_date":"2012-05-05"},{"geonameid":"1538311","name":"Chkalov","asciiname":"Chkalov","alternatenames":["Chkalov","Chkalovsk","Чкалов"],"latitude":"40.23417","longitude":"69.69481","feature_class":"P","feature_code":"PPL","country_code":"TJ","cc2":"","admin1_code":"03","admin2_code":"","admin3_code":"","admin4_code":"","population":"21537","elevation":"","dem":"415","timezone":"Asia/Dushanbe","modification_date":"2012-04-06"},{"geonameid":"1220112","name":"Yovon","asciiname":"Yovon","alternatenames":["Jovon","Yavan","Yovan","Yovon","Ёвон"],"latitude":"38.31408","longitude":"69.03784","feature_class":"P","feature_code":"PPLA2","country_code":"TJ","cc2":"","admin1_code":"02","admin2_code":"","admin3_code":"","admin4_code":"","population":"17471","elevation":"","dem":"654","timezone":"Asia/Dushanbe","modification_date":"2012-02-28"},{"geonameid":"1220163","name":"Vose’","asciiname":"Vose'","alternatenames":["Aral","Imeni Vose","Kal Khaz","Kolkhozabad","Paytok","Vose'","Voseu","Vose’","Восеъ"],"latitude":"37.80396","longitude":"69.64417","feature_class":"P","feature_code":"PPLA2","country_code":"TJ","cc2":"","admin1_code":"02","admin2_code":"","admin3_code":"","admin4_code":"","population":"21736","elevation":"","dem":"472","timezone":"Asia/Dushanbe","modification_date":"2012-02-28"},{"geonameid":"1220219","name":"Vakhsh","asciiname":"Vakhsh","alternatenames":["Vakhsh","Vakhshstroi","Vakhshstroy","Вахш"],"latitude":"37.71485","longitude":"68.83456","feature_class":"P","feature_code":"PPLA2","country_code":"TJ","cc2":"","admin1_code":"02","admin2_code":"","admin3_code":"","admin4_code":"","population":"15215","elevation":"","dem":"431","timezone":"Asia/Dushanbe","modification_date":"2012-02-28"},{"geonameid":"1220253","name":"Istaravshan","asciiname":"Istaravshan","alternatenames":["Bundzhikat","Istaravshan","Ura-Tyube","Uroteppa","Ŭroteppa","Истаравшан"],"latitude":"39.9142","longitude":"69.00328","feature_class":"P","feature_code":"PPLA2","country_code":"TJ","cc2":"","admin1_code":"03","admin2_code":"","admin3_code":"","admin4_code":"","population":"52851","elevation":"","dem":"979","timezone":"Asia/Dushanbe","modification_date":"2012-06-05"},{"geonameid":"1220301","name":"Tursunzoda","asciiname":"Tursunzoda","alternatenames":["Regar","Tursunzade","Tursunzoda","Турсунзаде"],"latitude":"38.51437","longitude":"68.23327","feature_class":"P","feature_code":"PPL","country_code":"TJ","cc2":"","admin1_code":"RR","admin2_code":"","admin3_code":"","admin4_code":"","population":"37995","elevation":"","dem":"708","timezone":"Asia/Dushanbe","modification_date":"2013-10-29"},{"geonameid":"1220747","name":"Qŭrghonteppa","asciiname":"Qurghonteppa","alternatenames":["Kurgan Tjube","Kurgan-Tyube","Qurghan Tyube","Qurghonteppa","Qurghān Tyube","Qŭrghonteppa","Курган Тюбе","Қӯрғонтеппа"],"latitude":"37.83399","longitude":"68.78186","feature_class":"P","feature_code":"PPLA","country_code":"TJ","cc2":"","admin1_code":"02","admin2_code":"","admin3_code":"","admin4_code":"","population":"65000","elevation":"","dem":"430","timezone":"Asia/Dushanbe","modification_date":"2012-02-28"},{"geonameid":"1220798","name":"Panjakent","asciiname":"Panjakent","alternatenames":["Panjakent","Panjkent","Pendshikent","Pendzhakent","Pendzhikent","Penjikent","Панҷакент","Пенджикент"],"latitude":"39.49524","longitude":"67.60931","feature_class":"P","feature_code":"PPLA2","country_code":"TJ","cc2":"","admin1_code":"03","admin2_code":"","admin3_code":"","admin4_code":"","population":"35085","elevation":"","dem":"998","timezone":"Asia/Dushanbe","modification_date":"2012-02-28"},{"geonameid":"1220826","name":"Farkhor","asciiname":"Farkhor","alternatenames":["Farkhor","Parkbar","Parkhar","Фархор"],"latitude":"37.49219","longitude":"69.40356","feature_class":"P","feature_code":"PPLA2","country_code":"TJ","cc2":"","admin1_code":"02","admin2_code":"","admin3_code":"","admin4_code":"","population":"21736","elevation":"","dem":"444","timezone":"Asia/Dushanbe","modification_date":"2012-02-28"},{"geonameid":"1220855","name":"Vahdat","asciiname":"Vahdat","alternatenames":["Kofarnihon","Kofarnikhon","Kofarnikhona","Ordhonikidzeabad","Ordzhonikidzeabad","Orjonikidzeabad","Orjonikidzeobod","Vahdat","Vakhdat","Yangi-Bazar","Ваҳдат","Кофарнихона"],"latitude":"38.55632","longitude":"69.01354","feature_class":"P","feature_code":"PPL","country_code":"TJ","cc2":"","admin1_code":"RR","admin2_code":"","admin3_code":"","admin4_code":"","population":"45693","elevation":"","dem":"872","timezone":"Asia/Dushanbe","modification_date":"2013-08-17"},{"geonameid":"1220905","name":"Norak","asciiname":"Norak","alternatenames":["Norak","Nurek","Норак"],"latitude":"38.38917","longitude":"69.32272","feature_class":"P","feature_code":"PPLA2","country_code":"TJ","cc2":"","admin1_code":"02","admin2_code":"","admin3_code":"","admin4_code":"","population":"18122","elevation":"","dem":"660","timezone":"Asia/Dushanbe","modification_date":"2012-04-05"},{"geonameid":"1221194","name":"Kŭlob","asciiname":"Kulob","alternatenames":["Kulab","Kuljab","Kulob","Kulyab","Kŭlob","Куляб","Кӯлоб"],"latitude":"37.91459","longitude":"69.78454","feature_class":"P","feature_code":"PPLA2","country_code":"TJ","cc2":"","admin1_code":"02","admin2_code":"","admin3_code":"","admin4_code":"","population":"78786","elevation":"","dem":"609","timezone":"Asia/Dushanbe","modification_date":"2012-06-05"},{"geonameid":"1221259","name":"Kolkhozobod","asciiname":"Kolkhozobod","alternatenames":["Kaganovichabad","Kaganowtschab","Kolkhozabad","Kolkhozobod","Tugalan","Tugolan","Колхозобод"],"latitude":"37.58823","longitude":"68.65886","feature_class":"P","feature_code":"PPLA2","country_code":"TJ","cc2":"","admin1_code":"02","admin2_code":"","admin3_code":"","admin4_code":"","population":"18476","elevation":"","dem":"393","timezone":"Asia/Dushanbe","modification_date":"2012-02-28"},{"geonameid":"1221328","name":"Khorugh","asciiname":"Khorugh","alternatenames":["Khorog","Khorug","Khorugh","Хорог","Хоруғ"],"latitude":"37.48974","longitude":"71.55304","feature_class":"P","feature_code":"PPLA","country_code":"TJ","cc2":"","admin1_code":"01","admin2_code":"","admin3_code":"","admin4_code":"","population":"30000","elevation":"","dem":"2089","timezone":"Asia/Dushanbe","modification_date":"2012-02-28"},{"geonameid":"1221614","name":"Ishqoshim","asciiname":"Ishqoshim","alternatenames":["Ishkashim","Ishkashim Post","Ishkāshīm Post","Ishqoshim","Nud","Nuda","Ишкашим","Ишқошим"],"latitude":"36.72484","longitude":"71.61331","feature_class":"P","feature_code":"PPLA2","country_code":"TJ","cc2":"","admin1_code":"01","admin2_code":"","admin3_code":"","admin4_code":"","population":"26000","elevation":"","dem":"2535","timezone":"Asia/Dushanbe","modification_date":"2012-02-28"},{"geonameid":"1221714","name":"Hisor","asciiname":"Hisor","alternatenames":["Gissar","Hisor","Khisor","Staryy Gissar","Гиссар","Ҳисор"],"latitude":"38.52504","longitude":"68.55124","feature_class":"P","feature_code":"PPL","country_code":"TJ","cc2":"","admin1_code":"RR","admin2_code":"","admin3_code":"","admin4_code":"","population":"23978","elevation":"","dem":"800","timezone":"Asia/Dushanbe","modification_date":"2013-10-30"},{"geonameid":"1221874","name":"Dushanbe","asciiname":"Dushanbe","alternatenames":["DYU","Djuschambe","Doesjanbe","Douchanbe","Douchanbé","Dusanbe","Dusanbeo","Duschanbe","Dushambe","Dushanbe","Dusjanbe","Duszanbe","Duŝanbeo","Duşanbe","Dušanbe","Dušanbė","Dušhanbe","Dyushambe","Düşənbə","Jushambe","Ntousanmpe","Stalinabad","do~ushanbe","du shang bie","dusyanbe","dwshnbh","dwsnbh","Ντουσάνμπε","Душанбе","דושנבה","دوشنبه","ዱሻንቤ","ドゥシャンベ","杜尚别","두샨베"],"latitude":"38.53575","longitude":"68.77905","feature_class":"P","feature_code":"PPLC","country_code":"TJ","cc2":"","admin1_code":"7280679","admin2_code":"","admin3_code":"","admin4_code":"","population":"679400","elevation":"","dem":"767","timezone":"Asia/Dushanbe","modification_date":"2013-07-08"},{"geonameid":"1221965","name":"Danghara","asciiname":"Danghara","alternatenames":["Dangar","Dangara","Danghara","Дангара","Данғара"],"latitude":"38.09578","longitude":"69.33998","feature_class":"P","feature_code":"PPLA2","country_code":"TJ","cc2":"","admin1_code":"02","admin2_code":"","admin3_code":"","admin4_code":"","population":"22824","elevation":"","dem":"652","timezone":"Asia/Dushanbe","modification_date":"2012-02-28"},{"geonameid":"1221997","name":"Chubek","asciiname":"Chubek","alternatenames":["Chubek","Moskovskiy","Чубек"],"latitude":"37.61453","longitude":"69.70525","feature_class":"P","feature_code":"PPL","country_code":"TJ","cc2":"","admin1_code":"02","admin2_code":"","admin3_code":"","admin4_code":"","population":"19563","elevation":"","dem":"514","timezone":"Asia/Dushanbe","modification_date":"2012-11-08"},{"geonameid":"1222107","name":"Boshkengash","asciiname":"Boshkengash","alternatenames":["Bashkyngash","Boshkengash","Boshkengosh"],"latitude":"38.46613","longitude":"68.80533","feature_class":"P","feature_code":"PPL","country_code":"TJ","cc2":"","admin1_code":"7280679","admin2_code":"","admin3_code":"","admin4_code":"","population":"23696","elevation":"","dem":"755","timezone":"Asia/Dushanbe","modification_date":"2013-11-08"},{"geonameid":"1514839","name":"Proletar","asciiname":"Proletar","alternatenames":["Dragomirovo","Jabar Rasulov","Jabbor Rasulov","Proletar","Proletarsk","Пролетар"],"latitude":"40.16713","longitude":"69.50163","feature_class":"P","feature_code":"PPLA2","country_code":"TJ","cc2":"","admin1_code":"03","admin2_code":"","admin3_code":"","admin4_code":"","population":"16441","elevation":"","dem":"382","timezone":"Asia/Dushanbe","modification_date":"2012-04-05"},{"geonameid":"1514879","name":"Khŭjand","asciiname":"Khujand","alternatenames":["Choedzjand","Chudschand","Chudzandas","Chudzjand","Chudžandas","Hodjent","Hudzand","Hudžand","Khodjent","Khodyent","Khodzhent","Khojend","Khudzhand","Khujand","Khuzhant","Khŭjand","Kojend","LBD","Leninabad","Leninobod","Ursaten","Xo'jand","Xoʻjand","hojendo","khjnd","ku zhan","Ходжент","Худжанд","Хужант","Хуҷанд","Хӯҷвнд","خجند","ホジェンド","苦盏"],"latitude":"40.28256","longitude":"69.62216","feature_class":"P","feature_code":"PPLA","country_code":"TJ","cc2":"","admin1_code":"03","admin2_code":"","admin3_code":"","admin4_code":"","population":"144865","elevation":"","dem":"340","timezone":"Asia/Dushanbe","modification_date":"2014-05-29"},{"geonameid":"1514891","name":"Konibodom","asciiname":"Konibodom","alternatenames":["Kanibadam","Konibodom","Кoнибодом","Канибадам"],"latitude":"40.29414","longitude":"70.43122","feature_class":"P","feature_code":"PPLA2","country_code":"TJ","cc2":"","admin1_code":"03","admin2_code":"","admin3_code":"","admin4_code":"","population":"50359","elevation":"","dem":"409","timezone":"Asia/Dushanbe","modification_date":"2012-04-05"},{"geonameid":"1514896","name":"Isfara","asciiname":"Isfara","alternatenames":["Isfara","Исфара"],"latitude":"40.12649","longitude":"70.62526","feature_class":"P","feature_code":"PPLA2","country_code":"TJ","cc2":"","admin1_code":"03","admin2_code":"","admin3_code":"","admin4_code":"","population":"37738","elevation":"","dem":"824","timezone":"Asia/Dushanbe","modification_date":"2012-02-28"},{"geonameid":"1538311","name":"Chkalov","asciiname":"Chkalov","alternatenames":["Chkalov","Chkalovsk","Чкалов"],"latitude":"40.23417","longitude":"69.69481","feature_class":"P","feature_code":"PPL","country_code":"TJ","cc2":"","admin1_code":"03","admin2_code":"","admin3_code":"","admin4_code":"","population":"21537","elevation":"","dem":"415","timezone":"Asia/Dushanbe","modification_date":"2012-04-06"}]}