{"country_data":{"ISO":"TK","ISO3":"TKL","ISO_Numeric":"772","fips":"TL","country":"Tokelau","capital":"","area":"10","Population":"1466","Continent":"OC","tld":".tk","CurrencyCode":"NZD","CurrencyName":"Dollar","Phone":"690","Postal_Code_Format":"","Postal_Code_Regex":"","Languages":"tkl,en-TK","geonameid":"4031074","neighbours":"","EquivalentFipsCode":""},"cities":[{"geonameid":"4031110","name":"Fale old settlement","asciiname":"Fale old settlement","alternatenames":["Fakaofu Village","Fale"],"latitude":"-9.38516","longitude":"-171.24675","feature_class":"P","feature_code":"PPLA","country_code":"TK","cc2":"","admin1_code":"F","admin2_code":"","admin3_code":"","admin4_code":"","population":"120","elevation":"","dem":"7","timezone":"Pacific/Fakaofo","modification_date":"2013-08-11"},{"geonameid":"7522181","name":"Nukunonu","asciiname":"Nukunonu","alternatenames":["Nukunonu Village"],"latitude":"-9.20045","longitude":"-171.84804","feature_class":"P","feature_code":"PPLA","country_code":"TK","cc2":"","admin1_code":"N","admin2_code":"","admin3_code":"","admin4_code":"","population":"426","elevation":"","dem":"10","timezone":"Pacific/Fakaofo","modification_date":"2013-08-11"},{"geonameid":"7522183","name":"Atafu Village","asciiname":"Atafu Village","alternatenames":["Atafu","Atafu Village"],"latitude":"-8.54212","longitude":"-172.51591","feature_class":"P","feature_code":"PPLA","country_code":"TK","cc2":"","admin1_code":"A","admin2_code":"","admin3_code":"","admin4_code":"","population":"524","elevation":"","dem":"10","timezone":"Pacific/Fakaofo","modification_date":"2012-05-30"},{"geonameid":"4031110","name":"Fale old settlement","asciiname":"Fale old settlement","alternatenames":["Fakaofu Village","Fale"],"latitude":"-9.38516","longitude":"-171.24675","feature_class":"P","feature_code":"PPLA","country_code":"TK","cc2":"","admin1_code":"F","admin2_code":"","admin3_code":"","admin4_code":"","population":"120","elevation":"","dem":"7","timezone":"Pacific/Fakaofo","modification_date":"2013-08-11"},{"geonameid":"7522181","name":"Nukunonu","asciiname":"Nukunonu","alternatenames":["Nukunonu Village"],"latitude":"-9.20045","longitude":"-171.84804","feature_class":"P","feature_code":"PPLA","country_code":"TK","cc2":"","admin1_code":"N","admin2_code":"","admin3_code":"","admin4_code":"","population":"426","elevation":"","dem":"10","timezone":"Pacific/Fakaofo","modification_date":"2013-08-11"},{"geonameid":"7522183","name":"Atafu Village","asciiname":"Atafu Village","alternatenames":["Atafu","Atafu Village"],"latitude":"-8.54212","longitude":"-172.51591","feature_class":"P","feature_code":"PPLA","country_code":"TK","cc2":"","admin1_code":"A","admin2_code":"","admin3_code":"","admin4_code":"","population":"524","elevation":"","dem":"10","timezone":"Pacific/Fakaofo","modification_date":"2012-05-30"}]}