{"country_data":{"ISO":"TC","ISO3":"TCA","ISO_Numeric":"796","fips":"TK","country":"Turks and Caicos Islands","capital":"Cockburn Town","area":"430","Population":"20556","Continent":"NA","tld":".tc","CurrencyCode":"USD","CurrencyName":"Dollar","Phone":"+1-649","Postal_Code_Format":"TKCA 1ZZ","Postal_Code_Regex":"^(TKCA 1ZZ)$","Languages":"en-TC","geonameid":"3576916","neighbours":"","EquivalentFipsCode":""},"cities":[{"geonameid":"3576994","name":"Cockburn Town","asciiname":"Cockburn Town","alternatenames":["Cockburn Town","Gorad Kobern-Taun","Kobern Taun","Kobern Taunas","Kobern-Taun","Kobərn Taun","Kokburn Taun","Kokburno","Kokmpern Taoun","ke bo en cheng","kh xk beir ntha wn","kobeontaun","kokabarna ta'una","kokkubantaun","kwk brn tawn  bahama","Κόκμπερν Τάουν","Горад Коберн-Таўн","Коберн Таун","Коберн-Таун","Кокбърн Таун","קוקבורן טאון","کاک برن ٹاؤن","کوک برن تاون، باهاما","कॉकबर्न टाउन","ค็อกเบิร์นทาวน์","კოკბერნ-ტაუნი","コックバーンタウン","科伯恩城","코번타운"],"latitude":"21.46122","longitude":"-71.14188","feature_class":"P","feature_code":"PPLC","country_code":"TC","cc2":"","admin1_code":"00","admin2_code":"","admin3_code":"","admin4_code":"","population":"3720","elevation":"","dem":"7","timezone":"America/Grand_Turk","modification_date":"2010-10-06"},{"geonameid":"3576994","name":"Cockburn Town","asciiname":"Cockburn Town","alternatenames":["Cockburn Town","Gorad Kobern-Taun","Kobern Taun","Kobern Taunas","Kobern-Taun","Kobərn Taun","Kokburn Taun","Kokburno","Kokmpern Taoun","ke bo en cheng","kh xk beir ntha wn","kobeontaun","kokabarna ta'una","kokkubantaun","kwk brn tawn  bahama","Κόκμπερν Τάουν","Горад Коберн-Таўн","Коберн Таун","Коберн-Таун","Кокбърн Таун","קוקבורן טאון","کاک برن ٹاؤن","کوک برن تاون، باهاما","कॉकबर्न टाउन","ค็อกเบิร์นทาวน์","კოკბერნ-ტაუნი","コックバーンタウン","科伯恩城","코번타운"],"latitude":"21.46122","longitude":"-71.14188","feature_class":"P","feature_code":"PPLC","country_code":"TC","cc2":"","admin1_code":"00","admin2_code":"","admin3_code":"","admin4_code":"","population":"3720","elevation":"","dem":"7","timezone":"America/Grand_Turk","modification_date":"2010-10-06"},{"geonameid":"3576994","name":"Cockburn Town","asciiname":"Cockburn Town","alternatenames":["Cockburn Town","Gorad Kobern-Taun","Kobern Taun","Kobern Taunas","Kobern-Taun","Kobərn Taun","Kokburn Taun","Kokburno","Kokmpern Taoun","ke bo en cheng","kh xk beir ntha wn","kobeontaun","kokabarna ta'una","kokkubantaun","kwk brn tawn  bahama","Κόκμπερν Τάουν","Горад Коберн-Таўн","Коберн Таун","Коберн-Таун","Кокбърн Таун","קוקבורן טאון","کاک برن ٹاؤن","کوک برن تاون، باهاما","कॉकबर्न टाउन","ค็อกเบิร์นทาวน์","კოკბერნ-ტაუნი","コックバーンタウン","科伯恩城","코번타운"],"latitude":"21.46122","longitude":"-71.14188","feature_class":"P","feature_code":"PPLC","country_code":"TC","cc2":"","admin1_code":"00","admin2_code":"","admin3_code":"","admin4_code":"","population":"3720","elevation":"","dem":"7","timezone":"America/Grand_Turk","modification_date":"2010-10-06"}]}