{"country_data":{"ISO":"VI","ISO3":"VIR","ISO_Numeric":"850","fips":"VQ","country":"U.S. Virgin Islands","capital":"Charlotte Amalie","area":"352","Population":"108708","Continent":"NA","tld":".vi","CurrencyCode":"USD","CurrencyName":"Dollar","Phone":"+1-340","Postal_Code_Format":"#####-####","Postal_Code_Regex":"^\\d{5}(-\\d{4})?$","Languages":"en-VI","geonameid":"4796775","neighbours":"","EquivalentFipsCode":""},"cities":[{"geonameid":"4795467","name":"Charlotte Amalie","asciiname":"Charlotte Amalie","alternatenames":["Carlota Amalia","Carlotamalio","Charlotte Amalie","Charlotte Amalie pa Dei amerikanske Jomfruoyane","Charlotte Amalie på Dei amerikanske Jomfruøyane","Gorad Sharlota-Amalija","Sarlot Amali","Sarlote Amalija","Sarlotta Amaliya","Sharlot Amali","Sharlota Amalija","Sharlotta-Amalija","charlxttxa mali","sarlata ameli","sharlwt amaly","srlwt ʼmʼly","syalleos-amallie","xia luo te a ma li ya","Ĉarlotamalio","Şarlotta Amaliya","Šarlotė Amalija","Σαρλότ Αμαλί","Горад Шарлота-Амалія","Шарлот Амали","Шарлота Амалия","Шарлота Амалија","Шарлотта-Амалия","Шарлотта-Амалія","שרלוט אמאלי","شارلوت آمالی","شارلوت أمالي","شارلٹ ایملی","शार्लट आमेली","ชาร์ลอตต์อะมาลี","შარლოტა-ამალია","シャーロット・アマリー","夏洛特阿马利亚","샬럿아말리에"],"latitude":"18.3419","longitude":"-64.9307","feature_class":"P","feature_code":"PPLC","country_code":"VI","cc2":"","admin1_code":"030","admin2_code":"","admin3_code":"","admin4_code":"","population":"20000","elevation":"6","dem":"10","timezone":"America/St_Thomas","modification_date":"2010-08-27"},{"geonameid":"4795577","name":"Cruz Bay","asciiname":"Cruz Bay","alternatenames":["Cruz Bay","SJF"],"latitude":"18.33134","longitude":"-64.79375","feature_class":"P","feature_code":"PPLA","country_code":"VI","cc2":"","admin1_code":"020","admin2_code":"","admin3_code":"","admin4_code":"","population":"2743","elevation":"6","dem":"13","timezone":"America/St_Thomas","modification_date":"2014-03-01"},{"geonameid":"4796512","name":"Saint Croix","asciiname":"Saint Croix","alternatenames":["STX","Santa Cruz","St Croix"],"latitude":"17.72751","longitude":"-64.74698","feature_class":"P","feature_code":"PPLA","country_code":"VI","cc2":"","admin1_code":"010","admin2_code":"","admin3_code":"","admin4_code":"","population":"50601","elevation":"87","dem":"42","timezone":"America/St_Thomas","modification_date":"2013-08-06"},{"geonameid":"4795467","name":"Charlotte Amalie","asciiname":"Charlotte Amalie","alternatenames":["Carlota Amalia","Carlotamalio","Charlotte Amalie","Charlotte Amalie pa Dei amerikanske Jomfruoyane","Charlotte Amalie på Dei amerikanske Jomfruøyane","Gorad Sharlota-Amalija","Sarlot Amali","Sarlote Amalija","Sarlotta Amaliya","Sharlot Amali","Sharlota Amalija","Sharlotta-Amalija","charlxttxa mali","sarlata ameli","sharlwt amaly","srlwt ʼmʼly","syalleos-amallie","xia luo te a ma li ya","Ĉarlotamalio","Şarlotta Amaliya","Šarlotė Amalija","Σαρλότ Αμαλί","Горад Шарлота-Амалія","Шарлот Амали","Шарлота Амалия","Шарлота Амалија","Шарлотта-Амалия","Шарлотта-Амалія","שרלוט אמאלי","شارلوت آمالی","شارلوت أمالي","شارلٹ ایملی","शार्लट आमेली","ชาร์ลอตต์อะมาลี","შარლოტა-ამალია","シャーロット・アマリー","夏洛特阿马利亚","샬럿아말리에"],"latitude":"18.3419","longitude":"-64.9307","feature_class":"P","feature_code":"PPLC","country_code":"VI","cc2":"","admin1_code":"030","admin2_code":"","admin3_code":"","admin4_code":"","population":"20000","elevation":"6","dem":"10","timezone":"America/St_Thomas","modification_date":"2010-08-27"},{"geonameid":"4795577","name":"Cruz Bay","asciiname":"Cruz Bay","alternatenames":["Cruz Bay","SJF"],"latitude":"18.33134","longitude":"-64.79375","feature_class":"P","feature_code":"PPLA","country_code":"VI","cc2":"","admin1_code":"020","admin2_code":"","admin3_code":"","admin4_code":"","population":"2743","elevation":"6","dem":"13","timezone":"America/St_Thomas","modification_date":"2014-03-01"},{"geonameid":"4796512","name":"Saint Croix","asciiname":"Saint Croix","alternatenames":["STX","Santa Cruz","St Croix"],"latitude":"17.72751","longitude":"-64.74698","feature_class":"P","feature_code":"PPLA","country_code":"VI","cc2":"","admin1_code":"010","admin2_code":"","admin3_code":"","admin4_code":"","population":"50601","elevation":"87","dem":"42","timezone":"America/St_Thomas","modification_date":"2013-08-06"}]}