{"country_data":{"ISO":"AE","ISO3":"ARE","ISO_Numeric":"784","fips":"AE","country":"United Arab Emirates","capital":"Abu Dhabi","area":"82880","Population":"4975593","Continent":"AS","tld":".ae","CurrencyCode":"AED","CurrencyName":"Dirham","Phone":"971","Postal_Code_Format":"","Postal_Code_Regex":"","Languages":"ar-AE,fa,en,hi,ur","geonameid":"290557","neighbours":"SA,OM","EquivalentFipsCode":""},"cities":[{"geonameid":"290594","name":"Umm al Qaywayn","asciiname":"Umm al Qaywayn","alternatenames":["Oumm al Qaiwain","Oumm al Qaïwaïn","Um al Kawain","Um al Quweim","Umm al Qaiwain","Umm al Qawain","Umm al Qaywayn","Umm al-Quwain","Umm-ehl'-Kajvajn","Yumul al Quwain","am alqywyn","Умм-эль-Кайвайн","أم القيوين"],"latitude":"25.56473","longitude":"55.55517","feature_class":"P","feature_code":"PPLA","country_code":"AE","cc2":"","admin1_code":"07","admin2_code":"","admin3_code":"","admin4_code":"","population":"44411","elevation":"","dem":"2","timezone":"Asia/Dubai","modification_date":"2014-10-07"},{"geonameid":"291074","name":"Ras al-Khaimah","asciiname":"Ras al-Khaimah","alternatenames":["Julfa","Khaimah","RKT","Ra's al Khaymah","Ra's al-Chaima","Ras al Khaima","Ras al Khaimah","Ras al-Khaimah","Ras el Khaimah","Ras el Khaïmah","Ras-ehl'-Khajma","Ra’s al Khaymah","Ra’s al-Chaima","Rās al Khaima","ras alkhymt","Рас-эль-Хайма","رأس الخيمة"],"latitude":"25.78953","longitude":"55.9432","feature_class":"P","feature_code":"PPLA","country_code":"AE","cc2":"","admin1_code":"05","admin2_code":"","admin3_code":"","admin4_code":"","population":"115949","elevation":"","dem":"2","timezone":"Asia/Dubai","modification_date":"2014-10-17"},{"geonameid":"291279","name":"Muzayri‘","asciiname":"Muzayri`","alternatenames":["Mezaira'a","Mezaira’a","Mizeir`ah","Mizeir‘ah","Mozayri`","Mozayri‘","Muzairi","Muzayri`","Muzayri‘","Музаири"],"latitude":"23.14355","longitude":"53.7881","feature_class":"P","feature_code":"PPL","country_code":"AE","cc2":"","admin1_code":"01","admin2_code":"","admin3_code":"","admin4_code":"","population":"10000","elevation":"","dem":"123","timezone":"Asia/Dubai","modification_date":"2013-10-24"},{"geonameid":"291696","name":"Khawr Fakkān","asciiname":"Khawr Fakkan","alternatenames":["Fakkan","Fakkān","Khawr Fakkan","Khawr Fakkān","Khawr al Fakkan","Khawr al Fakkān","Khor Fakhan","Khor Fakkan","Khor Fakkān","Khor al Fakhan","Khor al Fakkan","Khor al Fākhān","Khor'fakkan","Khor-Fakkan","Khorfakan","Khorfakhan","Port Khor Fakkan","Хор-Факкан"],"latitude":"25.33132","longitude":"56.34199","feature_class":"P","feature_code":"PPL","country_code":"AE","cc2":"","admin1_code":"06","admin2_code":"","admin3_code":"","admin4_code":"","population":"33575","elevation":"","dem":"20","timezone":"Asia/Dubai","modification_date":"2013-10-25"},{"geonameid":"292223","name":"Dubai","asciiname":"Dubai","alternatenames":["DXB","Dabei","Dibai","Dibay","Doubayi","Dubae","Dubai","Dubai emiraat","Dubaija","Dubaj","Dubajo","Dubajus","Dubay","Dubayy","Dubaï","Dubái","Dúbæ","Ehmirat Dubaj","Fort Dabei","Ntoumpai","dby","dbyy","di bai","dobai","du bai","duba'i","dubai","dubay","dubi","dwbyy","tupai","Ντουμπάι","Дубаи","Дубай","Эмірат Дубай","Դուբայի Էմիրություն","דובאי","דוביי","دبئی","دبى","دبي","دبی","دوبەی","دۇبائى","दुबई","দুবাই","துபை","దుబాయ్","ದುಬೈ","ദുബായ്","ดูไบ","დუბაი","ドバイ","杜拜","迪拜","두바이"],"latitude":"25.0657","longitude":"55.17128","feature_class":"P","feature_code":"PPLA","country_code":"AE","cc2":"","admin1_code":"03","admin2_code":"","admin3_code":"","admin4_code":"","population":"1137347","elevation":"","dem":"3","timezone":"Asia/Dubai","modification_date":"2014-12-02"},{"geonameid":"292231","name":"Dibba Al-Fujairah","asciiname":"Dibba Al-Fujairah","alternatenames":["Al-Fujairah","BYB","Dibba Al-Fujairah","dba alfjyrt","دبا الفجيرة"],"latitude":"25.59246","longitude":"56.26176","feature_class":"P","feature_code":"PPL","country_code":"AE","cc2":"","admin1_code":"04","admin2_code":"","admin3_code":"","admin4_code":"","population":"30000","elevation":"","dem":"16","timezone":"Asia/Dubai","modification_date":"2014-08-12"},{"geonameid":"292239","name":"Dibba Al-Hisn","asciiname":"Dibba Al-Hisn","alternatenames":["BYB","Daba","Daba al-Hisn","Dabā","Dabā al-Ḥiṣn","Diba","Diba al Hisn","Dibah","Dibba","Dibba Al'-Khisn","Dibba Al-Hisn","Dibbah","Dibā","Dībā al Ḩişn","Hisn Diba","Husn Dibba","Дибба Аль-Хисн","Ḩişn Dibā"],"latitude":"25.61955","longitude":"56.27291","feature_class":"P","feature_code":"PPL","country_code":"AE","cc2":"","admin1_code":"04","admin2_code":"","admin3_code":"","admin4_code":"","population":"26395","elevation":"","dem":"4","timezone":"Asia/Dubai","modification_date":"2014-04-21"},{"geonameid":"292672","name":"Sharjah","asciiname":"Sharjah","alternatenames":["Al Sharjah","Ash 'Mariqah","Ash Shariqa","Ash Shariqah","Ash Shāriqa","Ash Shāriqah","Ash ’Mariqah","Ash-Shariqah emiraat","Ash-Shāriqah emiraat","Charjah","Ch·ardj·a","Ehmirat Shardzha","SHJ","Sardza","Sarjo","Schardscha","Shardza","Shardzha","Sharga","Sharijah","Shariqah","Sharja","Sharjah","Shārijah","Shāriqah","Shārja","Szardza","Szardża","Xarja","Xarjah","alsharqt","amart alsharqt","carja","rath charc ah","sarajaha","sarja","sharjh","sharuja","syaleuja","sʼrgh","xia er jia","Ŝarĵo","Šardža","Šardžá","Шарджа","Шарџа","Эмірат Шарджа","Շարժայի Էմիրություն","שארגה","إمارة الشارقة","الشارقة","شارجه","شارجہ","शारजाह","சார்ஜா","ಶಾರ್ಜ","ഷാർജ","รัฐชาร์จาห์","シャールジャ","夏尔迦","샤르자"],"latitude":"25.33737","longitude":"55.41206","feature_class":"P","feature_code":"PPLA","country_code":"AE","cc2":"","admin1_code":"06","admin2_code":"","admin3_code":"","admin4_code":"","population":"543733","elevation":"","dem":"6","timezone":"Asia/Dubai","modification_date":"2013-03-05"},{"geonameid":"292688","name":"Ar Ruways","asciiname":"Ar Ruways","alternatenames":["Ar Ru'ays","Ar Ruways","Ar Ru’ays","Ar-Ruvais","Ruwais","Ар-Руваис"],"latitude":"24.11028","longitude":"52.73056","feature_class":"P","feature_code":"PPL","country_code":"AE","cc2":"AE","admin1_code":"01","admin2_code":"","admin3_code":"","admin4_code":"","population":"16000","elevation":"","dem":"16","timezone":"Asia/Dubai","modification_date":"2012-11-03"},{"geonameid":"292878","name":"Al Fujayrah","asciiname":"Al Fujayrah","alternatenames":["Al Fujayrah","Al-Fudjayra","Al-Fujayrah' emiraat","FJR","Fudschaira","Fudzhejra","Fujaira","Fujairah","Fujajro","Fujayrah","Fuĵajro","alfjyrt","fjyrt","fu ji la","fujaira","Фуджейра","الفجيرة","فجيرة","フジャイラ","富吉拉"],"latitude":"25.11641","longitude":"56.34141","feature_class":"P","feature_code":"PPLA","country_code":"AE","cc2":"","admin1_code":"04","admin2_code":"","admin3_code":"","admin4_code":"","population":"62415","elevation":"","dem":"15","timezone":"Asia/Dubai","modification_date":"2014-08-12"},{"geonameid":"292913","name":"Al Ain","asciiname":"Al Ain","alternatenames":["AAN","Ainas","Al Ain","Al Ajn","Al Ayn","Al `Ayn","Al ‘Ayn","Al'-Ajn","Al-Ain","Al-Ajn","Al-Ayin","Al-Ayn","Al-Aïn","ai yin","al eyin","al-ain","al-aini","alʿyn  abwzby","Аль-Айн","Ալ-Ային","אל-עין","العين، أبوظبي","العین","அல் எயின்","അൽ ഐൻ","ალ-აინი","アル・アイン","艾因","알아인"],"latitude":"24.19167","longitude":"55.76056","feature_class":"P","feature_code":"PPL","country_code":"AE","cc2":"","admin1_code":"01","admin2_code":"","admin3_code":"","admin4_code":"","population":"408733","elevation":"","dem":"275","timezone":"Asia/Dubai","modification_date":"2013-03-17"},{"geonameid":"292932","name":"Ajman","asciiname":"Ajman","alternatenames":["Ajman","Al Ajman","QAJ","Ujman","ʿjman","عجمان"],"latitude":"25.41111","longitude":"55.43504","feature_class":"P","feature_code":"PPLA","country_code":"AE","cc2":"","admin1_code":"02","admin2_code":"","admin3_code":"","admin4_code":"","population":"226172","elevation":"","dem":"4","timezone":"Asia/Dubai","modification_date":"2013-03-24"},{"geonameid":"292953","name":"Adh Dhayd","asciiname":"Adh Dhayd","alternatenames":["Adh Dhaid","Adh Dhayd","Al Daid","Al-Dhayd","Dayd","Dhaid","Dhayd","Duhayd","Ihaid","aldhyd","الذيد","Ḑayd"],"latitude":"25.28812","longitude":"55.88157","feature_class":"P","feature_code":"PPL","country_code":"AE","cc2":"","admin1_code":"06","admin2_code":"","admin3_code":"","admin4_code":"","population":"24716","elevation":"","dem":"114","timezone":"Asia/Dubai","modification_date":"2012-01-18"},{"geonameid":"292968","name":"Abu Dhabi","asciiname":"Abu Dhabi","alternatenames":["AEbu Saby","AUH","Aboe Dhabi","Abou Dabi","Abu Dabi","Abu Dabis","Abu Daby","Abu Daibi","Abu Dhabi","Abu Dhabi emiraat","Abu Zabi","Abu Zaby","Abu Zabye","Abu Zabyo","Abu Ḍabi","Abu Ḑabi","Abu-Dabi","Abu-Dabi khot","Abu-Dabio","Abu-Dzabi","Abú Dabí","Abú Daibí","Abú Dhabí","Abú Zabí","Abû Daby","Abū Dabī","Abū Z̧aby","Abū Z̧abye","Abū Z̧abyo","Abū Z̧abī","Ampou Ntampi","Gorad Abu-Dabi","a bu zha bi","abu dhabi","abu-zabi","abudabi","abudhabi","abwzby","aputapi","xa bud abi","Äbu Saby","Əbu-Dabi","Αμπου Νταμπι","Αμπού Ντάμπι","Абу Даби","Абу-Даби","Абу-Даби хот","Абу-Дабі","Горад Абу-Дабі","Әбү-Дәби шәһәре","Աբու Դաբի","אבו דאבי","أبوظبي","ئەبووزەبی","ابوظبی","ابوظہبی","अबु धाबी","अबू धाबी","আবুধাবি","ਅਬੂ ਧਾਬੀ","ଆବୁଧାବି","அபுதாபி","ಅಬು ಧಾಬಿ","അബുദാബി","අබුඩාබි","อาบูดาบี","ཨ་པོའུ་དྷ་པེ།","အဘူဒါဘီမြို့","აბუ-ზაბი","አቡ ዳቢ","アブダビ","阿布扎比","아부다비"],"latitude":"24.46667","longitude":"54.36667","feature_class":"P","feature_code":"PPLC","country_code":"AE","cc2":"","admin1_code":"01","admin2_code":"","admin3_code":"","admin4_code":"","population":"603492","elevation":"","dem":"6","timezone":"Asia/Dubai","modification_date":"2015-02-25"},{"geonameid":"290594","name":"Umm al Qaywayn","asciiname":"Umm al Qaywayn","alternatenames":["Oumm al Qaiwain","Oumm al Qaïwaïn","Um al Kawain","Um al Quweim","Umm al Qaiwain","Umm al Qawain","Umm al Qaywayn","Umm al-Quwain","Umm-ehl'-Kajvajn","Yumul al Quwain","am alqywyn","Умм-эль-Кайвайн","أم القيوين"],"latitude":"25.56473","longitude":"55.55517","feature_class":"P","feature_code":"PPLA","country_code":"AE","cc2":"","admin1_code":"07","admin2_code":"","admin3_code":"","admin4_code":"","population":"44411","elevation":"","dem":"2","timezone":"Asia/Dubai","modification_date":"2014-10-07"},{"geonameid":"291074","name":"Ras al-Khaimah","asciiname":"Ras al-Khaimah","alternatenames":["Julfa","Khaimah","RKT","Ra's al Khaymah","Ra's al-Chaima","Ras al Khaima","Ras al Khaimah","Ras al-Khaimah","Ras el Khaimah","Ras el Khaïmah","Ras-ehl'-Khajma","Ra’s al Khaymah","Ra’s al-Chaima","Rās al Khaima","ras alkhymt","Рас-эль-Хайма","رأس الخيمة"],"latitude":"25.78953","longitude":"55.9432","feature_class":"P","feature_code":"PPLA","country_code":"AE","cc2":"","admin1_code":"05","admin2_code":"","admin3_code":"","admin4_code":"","population":"115949","elevation":"","dem":"2","timezone":"Asia/Dubai","modification_date":"2014-10-17"},{"geonameid":"291279","name":"Muzayri‘","asciiname":"Muzayri`","alternatenames":["Mezaira'a","Mezaira’a","Mizeir`ah","Mizeir‘ah","Mozayri`","Mozayri‘","Muzairi","Muzayri`","Muzayri‘","Музаири"],"latitude":"23.14355","longitude":"53.7881","feature_class":"P","feature_code":"PPL","country_code":"AE","cc2":"","admin1_code":"01","admin2_code":"","admin3_code":"","admin4_code":"","population":"10000","elevation":"","dem":"123","timezone":"Asia/Dubai","modification_date":"2013-10-24"},{"geonameid":"291696","name":"Khawr Fakkān","asciiname":"Khawr Fakkan","alternatenames":["Fakkan","Fakkān","Khawr Fakkan","Khawr Fakkān","Khawr al Fakkan","Khawr al Fakkān","Khor Fakhan","Khor Fakkan","Khor Fakkān","Khor al Fakhan","Khor al Fakkan","Khor al Fākhān","Khor'fakkan","Khor-Fakkan","Khorfakan","Khorfakhan","Port Khor Fakkan","Хор-Факкан"],"latitude":"25.33132","longitude":"56.34199","feature_class":"P","feature_code":"PPL","country_code":"AE","cc2":"","admin1_code":"06","admin2_code":"","admin3_code":"","admin4_code":"","population":"33575","elevation":"","dem":"20","timezone":"Asia/Dubai","modification_date":"2013-10-25"},{"geonameid":"292223","name":"Dubai","asciiname":"Dubai","alternatenames":["DXB","Dabei","Dibai","Dibay","Doubayi","Dubae","Dubai","Dubai emiraat","Dubaija","Dubaj","Dubajo","Dubajus","Dubay","Dubayy","Dubaï","Dubái","Dúbæ","Ehmirat Dubaj","Fort Dabei","Ntoumpai","dby","dbyy","di bai","dobai","du bai","duba'i","dubai","dubay","dubi","dwbyy","tupai","Ντουμπάι","Дубаи","Дубай","Эмірат Дубай","Դուբայի Էմիրություն","דובאי","דוביי","دبئی","دبى","دبي","دبی","دوبەی","دۇبائى","दुबई","দুবাই","துபை","దుబాయ్","ದುಬೈ","ദുബായ്","ดูไบ","დუბაი","ドバイ","杜拜","迪拜","두바이"],"latitude":"25.0657","longitude":"55.17128","feature_class":"P","feature_code":"PPLA","country_code":"AE","cc2":"","admin1_code":"03","admin2_code":"","admin3_code":"","admin4_code":"","population":"1137347","elevation":"","dem":"3","timezone":"Asia/Dubai","modification_date":"2014-12-02"},{"geonameid":"292231","name":"Dibba Al-Fujairah","asciiname":"Dibba Al-Fujairah","alternatenames":["Al-Fujairah","BYB","Dibba Al-Fujairah","dba alfjyrt","دبا الفجيرة"],"latitude":"25.59246","longitude":"56.26176","feature_class":"P","feature_code":"PPL","country_code":"AE","cc2":"","admin1_code":"04","admin2_code":"","admin3_code":"","admin4_code":"","population":"30000","elevation":"","dem":"16","timezone":"Asia/Dubai","modification_date":"2014-08-12"},{"geonameid":"292239","name":"Dibba Al-Hisn","asciiname":"Dibba Al-Hisn","alternatenames":["BYB","Daba","Daba al-Hisn","Dabā","Dabā al-Ḥiṣn","Diba","Diba al Hisn","Dibah","Dibba","Dibba Al'-Khisn","Dibba Al-Hisn","Dibbah","Dibā","Dībā al Ḩişn","Hisn Diba","Husn Dibba","Дибба Аль-Хисн","Ḩişn Dibā"],"latitude":"25.61955","longitude":"56.27291","feature_class":"P","feature_code":"PPL","country_code":"AE","cc2":"","admin1_code":"04","admin2_code":"","admin3_code":"","admin4_code":"","population":"26395","elevation":"","dem":"4","timezone":"Asia/Dubai","modification_date":"2014-04-21"},{"geonameid":"292672","name":"Sharjah","asciiname":"Sharjah","alternatenames":["Al Sharjah","Ash 'Mariqah","Ash Shariqa","Ash Shariqah","Ash Shāriqa","Ash Shāriqah","Ash ’Mariqah","Ash-Shariqah emiraat","Ash-Shāriqah emiraat","Charjah","Ch·ardj·a","Ehmirat Shardzha","SHJ","Sardza","Sarjo","Schardscha","Shardza","Shardzha","Sharga","Sharijah","Shariqah","Sharja","Sharjah","Shārijah","Shāriqah","Shārja","Szardza","Szardża","Xarja","Xarjah","alsharqt","amart alsharqt","carja","rath charc ah","sarajaha","sarja","sharjh","sharuja","syaleuja","sʼrgh","xia er jia","Ŝarĵo","Šardža","Šardžá","Шарджа","Шарџа","Эмірат Шарджа","Շարժայի Էմիրություն","שארגה","إمارة الشارقة","الشارقة","شارجه","شارجہ","शारजाह","சார்ஜா","ಶಾರ್ಜ","ഷാർജ","รัฐชาร์จาห์","シャールジャ","夏尔迦","샤르자"],"latitude":"25.33737","longitude":"55.41206","feature_class":"P","feature_code":"PPLA","country_code":"AE","cc2":"","admin1_code":"06","admin2_code":"","admin3_code":"","admin4_code":"","population":"543733","elevation":"","dem":"6","timezone":"Asia/Dubai","modification_date":"2013-03-05"},{"geonameid":"292688","name":"Ar Ruways","asciiname":"Ar Ruways","alternatenames":["Ar Ru'ays","Ar Ruways","Ar Ru’ays","Ar-Ruvais","Ruwais","Ар-Руваис"],"latitude":"24.11028","longitude":"52.73056","feature_class":"P","feature_code":"PPL","country_code":"AE","cc2":"AE","admin1_code":"01","admin2_code":"","admin3_code":"","admin4_code":"","population":"16000","elevation":"","dem":"16","timezone":"Asia/Dubai","modification_date":"2012-11-03"},{"geonameid":"292878","name":"Al Fujayrah","asciiname":"Al Fujayrah","alternatenames":["Al Fujayrah","Al-Fudjayra","Al-Fujayrah' emiraat","FJR","Fudschaira","Fudzhejra","Fujaira","Fujairah","Fujajro","Fujayrah","Fuĵajro","alfjyrt","fjyrt","fu ji la","fujaira","Фуджейра","الفجيرة","فجيرة","フジャイラ","富吉拉"],"latitude":"25.11641","longitude":"56.34141","feature_class":"P","feature_code":"PPLA","country_code":"AE","cc2":"","admin1_code":"04","admin2_code":"","admin3_code":"","admin4_code":"","population":"62415","elevation":"","dem":"15","timezone":"Asia/Dubai","modification_date":"2014-08-12"},{"geonameid":"292913","name":"Al Ain","asciiname":"Al Ain","alternatenames":["AAN","Ainas","Al Ain","Al Ajn","Al Ayn","Al `Ayn","Al ‘Ayn","Al'-Ajn","Al-Ain","Al-Ajn","Al-Ayin","Al-Ayn","Al-Aïn","ai yin","al eyin","al-ain","al-aini","alʿyn  abwzby","Аль-Айн","Ալ-Ային","אל-עין","العين، أبوظبي","العین","அல் எயின்","അൽ ഐൻ","ალ-აინი","アル・アイン","艾因","알아인"],"latitude":"24.19167","longitude":"55.76056","feature_class":"P","feature_code":"PPL","country_code":"AE","cc2":"","admin1_code":"01","admin2_code":"","admin3_code":"","admin4_code":"","population":"408733","elevation":"","dem":"275","timezone":"Asia/Dubai","modification_date":"2013-03-17"},{"geonameid":"292932","name":"Ajman","asciiname":"Ajman","alternatenames":["Ajman","Al Ajman","QAJ","Ujman","ʿjman","عجمان"],"latitude":"25.41111","longitude":"55.43504","feature_class":"P","feature_code":"PPLA","country_code":"AE","cc2":"","admin1_code":"02","admin2_code":"","admin3_code":"","admin4_code":"","population":"226172","elevation":"","dem":"4","timezone":"Asia/Dubai","modification_date":"2013-03-24"},{"geonameid":"292953","name":"Adh Dhayd","asciiname":"Adh Dhayd","alternatenames":["Adh Dhaid","Adh Dhayd","Al Daid","Al-Dhayd","Dayd","Dhaid","Dhayd","Duhayd","Ihaid","aldhyd","الذيد","Ḑayd"],"latitude":"25.28812","longitude":"55.88157","feature_class":"P","feature_code":"PPL","country_code":"AE","cc2":"","admin1_code":"06","admin2_code":"","admin3_code":"","admin4_code":"","population":"24716","elevation":"","dem":"114","timezone":"Asia/Dubai","modification_date":"2012-01-18"},{"geonameid":"292968","name":"Abu Dhabi","asciiname":"Abu Dhabi","alternatenames":["AEbu Saby","AUH","Aboe Dhabi","Abou Dabi","Abu Dabi","Abu Dabis","Abu Daby","Abu Daibi","Abu Dhabi","Abu Dhabi emiraat","Abu Zabi","Abu Zaby","Abu Zabye","Abu Zabyo","Abu Ḍabi","Abu Ḑabi","Abu-Dabi","Abu-Dabi khot","Abu-Dabio","Abu-Dzabi","Abú Dabí","Abú Daibí","Abú Dhabí","Abú Zabí","Abû Daby","Abū Dabī","Abū Z̧aby","Abū Z̧abye","Abū Z̧abyo","Abū Z̧abī","Ampou Ntampi","Gorad Abu-Dabi","a bu zha bi","abu dhabi","abu-zabi","abudabi","abudhabi","abwzby","aputapi","xa bud abi","Äbu Saby","Əbu-Dabi","Αμπου Νταμπι","Αμπού Ντάμπι","Абу Даби","Абу-Даби","Абу-Даби хот","Абу-Дабі","Горад Абу-Дабі","Әбү-Дәби шәһәре","Աբու Դաբի","אבו דאבי","أبوظبي","ئەبووزەبی","ابوظبی","ابوظہبی","अबु धाबी","अबू धाबी","আবুধাবি","ਅਬੂ ਧਾਬੀ","ଆବୁଧାବି","அபுதாபி","ಅಬು ಧಾಬಿ","അബുദാബി","අබුඩාබි","อาบูดาบี","ཨ་པོའུ་དྷ་པེ།","အဘူဒါဘီမြို့","აბუ-ზაბი","አቡ ዳቢ","アブダビ","阿布扎比","아부다비"],"latitude":"24.46667","longitude":"54.36667","feature_class":"P","feature_code":"PPLC","country_code":"AE","cc2":"","admin1_code":"01","admin2_code":"","admin3_code":"","admin4_code":"","population":"603492","elevation":"","dem":"6","timezone":"Asia/Dubai","modification_date":"2015-02-25"},{"geonameid":"290594","name":"Umm al Qaywayn","asciiname":"Umm al Qaywayn","alternatenames":["Oumm al Qaiwain","Oumm al Qaïwaïn","Um al Kawain","Um al Quweim","Umm al Qaiwain","Umm al Qawain","Umm al Qaywayn","Umm al-Quwain","Umm-ehl'-Kajvajn","Yumul al Quwain","am alqywyn","Умм-эль-Кайвайн","أم القيوين"],"latitude":"25.56473","longitude":"55.55517","feature_class":"P","feature_code":"PPLA","country_code":"AE","cc2":"","admin1_code":"07","admin2_code":"","admin3_code":"","admin4_code":"","population":"44411","elevation":"","dem":"2","timezone":"Asia/Dubai","modification_date":"2014-10-07"},{"geonameid":"291074","name":"Ras al-Khaimah","asciiname":"Ras al-Khaimah","alternatenames":["Julfa","Khaimah","RKT","Ra's al Khaymah","Ra's al-Chaima","Ras al Khaima","Ras al Khaimah","Ras al-Khaimah","Ras el Khaimah","Ras el Khaïmah","Ras-ehl'-Khajma","Ra’s al Khaymah","Ra’s al-Chaima","Rās al Khaima","ras alkhymt","Рас-эль-Хайма","رأس الخيمة"],"latitude":"25.78953","longitude":"55.9432","feature_class":"P","feature_code":"PPLA","country_code":"AE","cc2":"","admin1_code":"05","admin2_code":"","admin3_code":"","admin4_code":"","population":"115949","elevation":"","dem":"2","timezone":"Asia/Dubai","modification_date":"2014-10-17"},{"geonameid":"291696","name":"Khawr Fakkān","asciiname":"Khawr Fakkan","alternatenames":["Fakkan","Fakkān","Khawr Fakkan","Khawr Fakkān","Khawr al Fakkan","Khawr al Fakkān","Khor Fakhan","Khor Fakkan","Khor Fakkān","Khor al Fakhan","Khor al Fakkan","Khor al Fākhān","Khor'fakkan","Khor-Fakkan","Khorfakan","Khorfakhan","Port Khor Fakkan","Хор-Факкан"],"latitude":"25.33132","longitude":"56.34199","feature_class":"P","feature_code":"PPL","country_code":"AE","cc2":"","admin1_code":"06","admin2_code":"","admin3_code":"","admin4_code":"","population":"33575","elevation":"","dem":"20","timezone":"Asia/Dubai","modification_date":"2013-10-25"},{"geonameid":"292223","name":"Dubai","asciiname":"Dubai","alternatenames":["DXB","Dabei","Dibai","Dibay","Doubayi","Dubae","Dubai","Dubai emiraat","Dubaija","Dubaj","Dubajo","Dubajus","Dubay","Dubayy","Dubaï","Dubái","Dúbæ","Ehmirat Dubaj","Fort Dabei","Ntoumpai","dby","dbyy","di bai","dobai","du bai","duba'i","dubai","dubay","dubi","dwbyy","tupai","Ντουμπάι","Дубаи","Дубай","Эмірат Дубай","Դուբայի Էմիրություն","דובאי","דוביי","دبئی","دبى","دبي","دبی","دوبەی","دۇبائى","दुबई","দুবাই","துபை","దుబాయ్","ದುಬೈ","ദുബായ്","ดูไบ","დუბაი","ドバイ","杜拜","迪拜","두바이"],"latitude":"25.0657","longitude":"55.17128","feature_class":"P","feature_code":"PPLA","country_code":"AE","cc2":"","admin1_code":"03","admin2_code":"","admin3_code":"","admin4_code":"","population":"1137347","elevation":"","dem":"3","timezone":"Asia/Dubai","modification_date":"2014-12-02"},{"geonameid":"292231","name":"Dibba Al-Fujairah","asciiname":"Dibba Al-Fujairah","alternatenames":["Al-Fujairah","BYB","Dibba Al-Fujairah","dba alfjyrt","دبا الفجيرة"],"latitude":"25.59246","longitude":"56.26176","feature_class":"P","feature_code":"PPL","country_code":"AE","cc2":"","admin1_code":"04","admin2_code":"","admin3_code":"","admin4_code":"","population":"30000","elevation":"","dem":"16","timezone":"Asia/Dubai","modification_date":"2014-08-12"},{"geonameid":"292239","name":"Dibba Al-Hisn","asciiname":"Dibba Al-Hisn","alternatenames":["BYB","Daba","Daba al-Hisn","Dabā","Dabā al-Ḥiṣn","Diba","Diba al Hisn","Dibah","Dibba","Dibba Al'-Khisn","Dibba Al-Hisn","Dibbah","Dibā","Dībā al Ḩişn","Hisn Diba","Husn Dibba","Дибба Аль-Хисн","Ḩişn Dibā"],"latitude":"25.61955","longitude":"56.27291","feature_class":"P","feature_code":"PPL","country_code":"AE","cc2":"","admin1_code":"04","admin2_code":"","admin3_code":"","admin4_code":"","population":"26395","elevation":"","dem":"4","timezone":"Asia/Dubai","modification_date":"2014-04-21"},{"geonameid":"292672","name":"Sharjah","asciiname":"Sharjah","alternatenames":["Al Sharjah","Ash 'Mariqah","Ash Shariqa","Ash Shariqah","Ash Shāriqa","Ash Shāriqah","Ash ’Mariqah","Ash-Shariqah emiraat","Ash-Shāriqah emiraat","Charjah","Ch·ardj·a","Ehmirat Shardzha","SHJ","Sardza","Sarjo","Schardscha","Shardza","Shardzha","Sharga","Sharijah","Shariqah","Sharja","Sharjah","Shārijah","Shāriqah","Shārja","Szardza","Szardża","Xarja","Xarjah","alsharqt","amart alsharqt","carja","rath charc ah","sarajaha","sarja","sharjh","sharuja","syaleuja","sʼrgh","xia er jia","Ŝarĵo","Šardža","Šardžá","Шарджа","Шарџа","Эмірат Шарджа","Շարժայի Էմիրություն","שארגה","إمارة الشارقة","الشارقة","شارجه","شارجہ","शारजाह","சார்ஜா","ಶಾರ್ಜ","ഷാർജ","รัฐชาร์จาห์","シャールジャ","夏尔迦","샤르자"],"latitude":"25.33737","longitude":"55.41206","feature_class":"P","feature_code":"PPLA","country_code":"AE","cc2":"","admin1_code":"06","admin2_code":"","admin3_code":"","admin4_code":"","population":"543733","elevation":"","dem":"6","timezone":"Asia/Dubai","modification_date":"2013-03-05"},{"geonameid":"292688","name":"Ar Ruways","asciiname":"Ar Ruways","alternatenames":["Ar Ru'ays","Ar Ruways","Ar Ru’ays","Ar-Ruvais","Ruwais","Ар-Руваис"],"latitude":"24.11028","longitude":"52.73056","feature_class":"P","feature_code":"PPL","country_code":"AE","cc2":"AE","admin1_code":"01","admin2_code":"","admin3_code":"","admin4_code":"","population":"16000","elevation":"","dem":"16","timezone":"Asia/Dubai","modification_date":"2012-11-03"},{"geonameid":"292878","name":"Al Fujayrah","asciiname":"Al Fujayrah","alternatenames":["Al Fujayrah","Al-Fudjayra","Al-Fujayrah' emiraat","FJR","Fudschaira","Fudzhejra","Fujaira","Fujairah","Fujajro","Fujayrah","Fuĵajro","alfjyrt","fjyrt","fu ji la","fujaira","Фуджейра","الفجيرة","فجيرة","フジャイラ","富吉拉"],"latitude":"25.11641","longitude":"56.34141","feature_class":"P","feature_code":"PPLA","country_code":"AE","cc2":"","admin1_code":"04","admin2_code":"","admin3_code":"","admin4_code":"","population":"62415","elevation":"","dem":"15","timezone":"Asia/Dubai","modification_date":"2014-08-12"},{"geonameid":"292913","name":"Al Ain","asciiname":"Al Ain","alternatenames":["AAN","Ainas","Al Ain","Al Ajn","Al Ayn","Al `Ayn","Al ‘Ayn","Al'-Ajn","Al-Ain","Al-Ajn","Al-Ayin","Al-Ayn","Al-Aïn","ai yin","al eyin","al-ain","al-aini","alʿyn  abwzby","Аль-Айн","Ալ-Ային","אל-עין","العين، أبوظبي","العین","அல் எயின்","അൽ ഐൻ","ალ-აინი","アル・アイン","艾因","알아인"],"latitude":"24.19167","longitude":"55.76056","feature_class":"P","feature_code":"PPL","country_code":"AE","cc2":"","admin1_code":"01","admin2_code":"","admin3_code":"","admin4_code":"","population":"408733","elevation":"","dem":"275","timezone":"Asia/Dubai","modification_date":"2013-03-17"},{"geonameid":"292932","name":"Ajman","asciiname":"Ajman","alternatenames":["Ajman","Al Ajman","QAJ","Ujman","ʿjman","عجمان"],"latitude":"25.41111","longitude":"55.43504","feature_class":"P","feature_code":"PPLA","country_code":"AE","cc2":"","admin1_code":"02","admin2_code":"","admin3_code":"","admin4_code":"","population":"226172","elevation":"","dem":"4","timezone":"Asia/Dubai","modification_date":"2013-03-24"},{"geonameid":"292953","name":"Adh Dhayd","asciiname":"Adh Dhayd","alternatenames":["Adh Dhaid","Adh Dhayd","Al Daid","Al-Dhayd","Dayd","Dhaid","Dhayd","Duhayd","Ihaid","aldhyd","الذيد","Ḑayd"],"latitude":"25.28812","longitude":"55.88157","feature_class":"P","feature_code":"PPL","country_code":"AE","cc2":"","admin1_code":"06","admin2_code":"","admin3_code":"","admin4_code":"","population":"24716","elevation":"","dem":"114","timezone":"Asia/Dubai","modification_date":"2012-01-18"},{"geonameid":"292968","name":"Abu Dhabi","asciiname":"Abu Dhabi","alternatenames":["AEbu Saby","AUH","Aboe Dhabi","Abou Dabi","Abu Dabi","Abu Dabis","Abu Daby","Abu Daibi","Abu Dhabi","Abu Dhabi emiraat","Abu Zabi","Abu Zaby","Abu Zabye","Abu Zabyo","Abu Ḍabi","Abu Ḑabi","Abu-Dabi","Abu-Dabi khot","Abu-Dabio","Abu-Dzabi","Abú Dabí","Abú Daibí","Abú Dhabí","Abú Zabí","Abû Daby","Abū Dabī","Abū Z̧aby","Abū Z̧abye","Abū Z̧abyo","Abū Z̧abī","Ampou Ntampi","Gorad Abu-Dabi","a bu zha bi","abu dhabi","abu-zabi","abudabi","abudhabi","abwzby","aputapi","xa bud abi","Äbu Saby","Əbu-Dabi","Αμπου Νταμπι","Αμπού Ντάμπι","Абу Даби","Абу-Даби","Абу-Даби хот","Абу-Дабі","Горад Абу-Дабі","Әбү-Дәби шәһәре","Աբու Դաբի","אבו דאבי","أبوظبي","ئەبووزەبی","ابوظبی","ابوظہبی","अबु धाबी","अबू धाबी","আবুধাবি","ਅਬੂ ਧਾਬੀ","ଆବୁଧାବି","அபுதாபி","ಅಬು ಧಾಬಿ","അബുദാബി","අබුඩාබි","อาบูดาบี","ཨ་པོའུ་དྷ་པེ།","အဘူဒါဘီမြို့","აბუ-ზაბი","አቡ ዳቢ","アブダビ","阿布扎比","아부다비"],"latitude":"24.46667","longitude":"54.36667","feature_class":"P","feature_code":"PPLC","country_code":"AE","cc2":"","admin1_code":"01","admin2_code":"","admin3_code":"","admin4_code":"","population":"603492","elevation":"","dem":"6","timezone":"Asia/Dubai","modification_date":"2015-02-25"}]}