{"country_data":{"ISO":"UY","ISO3":"URY","ISO_Numeric":"858","fips":"UY","country":"Uruguay","capital":"Montevideo","area":"176220","Population":"3477000","Continent":"SA","tld":".uy","CurrencyCode":"UYU","CurrencyName":"Peso","Phone":"598","Postal_Code_Format":"#####","Postal_Code_Regex":"^(\\d{5})$","Languages":"es-UY","geonameid":"3439705","neighbours":"BR,AR","EquivalentFipsCode":""},"cities":[{"geonameid":"3439525","name":"Young","asciiname":"Young","alternatenames":["Young"],"latitude":"-32.68333","longitude":"-57.63333","feature_class":"P","feature_code":"PPL","country_code":"UY","cc2":"","admin1_code":"12","admin2_code":"","admin3_code":"","admin4_code":"","population":"15924","elevation":"","dem":"85","timezone":"America/Montevideo","modification_date":"2012-02-02"},{"geonameid":"3439590","name":"Villa Sara","asciiname":"Villa Sara","alternatenames":["Villa Sara"],"latitude":"-33.26667","longitude":"-54.41667","feature_class":"P","feature_code":"PPL","country_code":"UY","cc2":"","admin1_code":"19","admin2_code":"","admin3_code":"","admin4_code":"","population":"1071","elevation":"","dem":"47","timezone":"America/Montevideo","modification_date":"2012-05-06"},{"geonameid":"3439598","name":"Villa del Carmen","asciiname":"Villa del Carmen","alternatenames":["Carmen","Carmen del Durazno","Pueblo de Nuestra Senora del Carmen","Pueblo de Nuestra Señora del Carmen","Pueblo del Carmen","Villa del Carmen"],"latitude":"-33.25","longitude":"-56.01667","feature_class":"P","feature_code":"PPL","country_code":"UY","cc2":"","admin1_code":"05","admin2_code":"","admin3_code":"","admin4_code":"","population":"2703","elevation":"","dem":"150","timezone":"America/Montevideo","modification_date":"2012-01-18"},{"geonameid":"3439619","name":"Vichadero","asciiname":"Vichadero","alternatenames":["Poblado Vichadero","VCH","Vichadero","Vicheadero"],"latitude":"-31.8","longitude":"-54.71667","feature_class":"P","feature_code":"PPL","country_code":"UY","cc2":"","admin1_code":"13","admin2_code":"","admin3_code":"","admin4_code":"","population":"4170","elevation":"","dem":"197","timezone":"America/Montevideo","modification_date":"2012-01-18"},{"geonameid":"3439622","name":"Vergara","asciiname":"Vergara","alternatenames":["Vergara"],"latitude":"-32.93333","longitude":"-53.95","feature_class":"P","feature_code":"PPL","country_code":"UY","cc2":"","admin1_code":"19","admin2_code":"","admin3_code":"","admin4_code":"","population":"3998","elevation":"","dem":"31","timezone":"America/Montevideo","modification_date":"2012-02-02"},{"geonameid":"3439652","name":"Velázquez","asciiname":"Velazquez","alternatenames":["Pueblo Velazquez","Pueblo Velázquez","Velasquez","Velazquez","Velázquez"],"latitude":"-34.03333","longitude":"-54.28333","feature_class":"P","feature_code":"PPL","country_code":"UY","cc2":"","admin1_code":"14","admin2_code":"","admin3_code":"","admin4_code":"","population":"1090","elevation":"","dem":"59","timezone":"America/Montevideo","modification_date":"2012-01-18"},{"geonameid":"3439659","name":"25 de Mayo","asciiname":"25 de Mayo","alternatenames":["25 de Mayo","Isla Mala","Veinticinco de Mayo"],"latitude":"-34.18917","longitude":"-56.33944","feature_class":"P","feature_code":"PPL","country_code":"UY","cc2":"","admin1_code":"07","admin2_code":"","admin3_code":"","admin4_code":"","population":"1839","elevation":"","dem":"58","timezone":"America/Montevideo","modification_date":"2015-02-16"},{"geonameid":"3439661","name":"25 de Agosto","asciiname":"25 de Agosto","alternatenames":["25 de Agosto","Veinticinco de Agosto"],"latitude":"-34.41167","longitude":"-56.40222","feature_class":"P","feature_code":"PPL","country_code":"UY","cc2":"","admin1_code":"07","admin2_code":"","admin3_code":"","admin4_code":"","population":"1799","elevation":"","dem":"25","timezone":"America/Montevideo","modification_date":"2015-02-16"},{"geonameid":"3439725","name":"Tupambaé","asciiname":"Tupambae","alternatenames":["Tupambae","Tupambaé"],"latitude":"-32.83333","longitude":"-54.76667","feature_class":"P","feature_code":"PPL","country_code":"UY","cc2":"","admin1_code":"03","admin2_code":"","admin3_code":"","admin4_code":"","population":"1189","elevation":"","dem":"289","timezone":"America/Montevideo","modification_date":"2015-02-13"},{"geonameid":"3439748","name":"Trinidad","asciiname":"Trinidad","alternatenames":["Porongos","Trinidad","Trinidadas","Villa de Porongos","Villa de Trinidad","Villa de la Santisima Trinidad","Villa de la Santísima Trinidad","Villa de la Trinidad","te li ni da","torinida","trynydad  arwgwyh","Тринидад","Трінідад","ترینیداد، اروگوئه","トリニダ","特立尼達"],"latitude":"-33.5165","longitude":"-56.89957","feature_class":"P","feature_code":"PPLA","country_code":"UY","cc2":"","admin1_code":"06","admin2_code":"","admin3_code":"","admin4_code":"","population":"21429","elevation":"","dem":"142","timezone":"America/Montevideo","modification_date":"2013-08-06"},{"geonameid":"3439749","name":"Trinidad","asciiname":"Trinidad","alternatenames":[""],"latitude":"-33.53889","longitude":"-56.88861","feature_class":"P","feature_code":"PPL","country_code":"UY","cc2":"","admin1_code":"06","admin2_code":"","admin3_code":"","admin4_code":"","population":"21093","elevation":"","dem":"137","timezone":"America/Montevideo","modification_date":"2006-01-17"},{"geonameid":"3439781","name":"Treinta y Tres","asciiname":"Treinta y Tres","alternatenames":["Treinta y Tres","Villa de Treinta y Tres"],"latitude":"-33.23333","longitude":"-54.38333","feature_class":"P","feature_code":"PPLA","country_code":"UY","cc2":"","admin1_code":"19","admin2_code":"","admin3_code":"","admin4_code":"","population":"25653","elevation":"","dem":"52","timezone":"America/Montevideo","modification_date":"2012-02-17"},{"geonameid":"3439787","name":"Tranqueras","asciiname":"Tranqueras","alternatenames":["Paso Tranqueras","Tranqueras"],"latitude":"-31.2","longitude":"-55.75","feature_class":"P","feature_code":"PPL","country_code":"UY","cc2":"","admin1_code":"13","admin2_code":"","admin3_code":"","admin4_code":"","population":"7474","elevation":"","dem":"187","timezone":"America/Montevideo","modification_date":"2012-01-18"},{"geonameid":"3439831","name":"Tomás Gomensoro","asciiname":"Tomas Gomensoro","alternatenames":["Tomas Gomensoro","Tomás Gomensoro"],"latitude":"-30.42737","longitude":"-57.43612","feature_class":"P","feature_code":"PPL","country_code":"UY","cc2":"","admin1_code":"01","admin2_code":"","admin3_code":"","admin4_code":"","population":"2872","elevation":"","dem":"93","timezone":"America/Montevideo","modification_date":"2012-02-02"},{"geonameid":"3439838","name":"Toledo","asciiname":"Toledo","alternatenames":["Toledo"],"latitude":"-34.74222","longitude":"-56.09833","feature_class":"P","feature_code":"PPL","country_code":"UY","cc2":"","admin1_code":"02","admin2_code":"","admin3_code":"","admin4_code":"","population":"4056","elevation":"","dem":"71","timezone":"America/Montevideo","modification_date":"2012-02-02"},{"geonameid":"3439902","name":"Tarariras","asciiname":"Tarariras","alternatenames":["J. Suarez","J. Suárez","Joaquin Suarez","Joaquín Suárez","Suarez","Suárez","Tarariras"],"latitude":"-34.26555","longitude":"-57.61866","feature_class":"P","feature_code":"PPL","country_code":"UY","cc2":"","admin1_code":"04","admin2_code":"","admin3_code":"","admin4_code":"","population":"6069","elevation":"","dem":"92","timezone":"America/Montevideo","modification_date":"2015-06-14"},{"geonameid":"3440021","name":"Tala","asciiname":"Tala","alternatenames":["Tala"],"latitude":"-34.35","longitude":"-55.76667","feature_class":"P","feature_code":"PPL","country_code":"UY","cc2":"","admin1_code":"02","admin2_code":"","admin3_code":"","admin4_code":"","population":"4949","elevation":"","dem":"76","timezone":"America/Montevideo","modification_date":"2012-02-02"},{"geonameid":"3440034","name":"Tacuarembó","asciiname":"Tacuarembo","alternatenames":["San Fructuoso","Tacuarembo","Tacuarembó","Takuarembo","Villa de San Fructuoso","Villa de Tacuarembo","ta kua lun bo","takualembo","takuarenbo","takwyarmbw","Такуарембо","تاکوئارمبو","タクアレンボー","塔夸伦博","타쿠아렘보"],"latitude":"-31.73333","longitude":"-55.98333","feature_class":"P","feature_code":"PPLA","country_code":"UY","cc2":"","admin1_code":"18","admin2_code":"","admin3_code":"","admin4_code":"","population":"51854","elevation":"","dem":"151","timezone":"America/Montevideo","modification_date":"2012-02-17"},{"geonameid":"3440055","name":"Soriano","asciiname":"Soriano","alternatenames":["Santo Domingo de Soriano","Soriano","Villa de Soriano"],"latitude":"-33.4","longitude":"-58.31667","feature_class":"P","feature_code":"PPL","country_code":"UY","cc2":"","admin1_code":"17","admin2_code":"","admin3_code":"","admin4_code":"","population":"1195","elevation":"","dem":"4","timezone":"America/Montevideo","modification_date":"2012-01-18"},{"geonameid":"3440063","name":"Solís de Mataojo","asciiname":"Solis de Mataojo","alternatenames":["Solis","Solis Grande","Solis de Mataojo","Solís","Solís Grande","Solís de Mataojo"],"latitude":"-34.59951","longitude":"-55.46808","feature_class":"P","feature_code":"PPL","country_code":"UY","cc2":"","admin1_code":"08","admin2_code":"","admin3_code":"","admin4_code":"","population":"2704","elevation":"","dem":"40","timezone":"America/Montevideo","modification_date":"2014-12-28"},{"geonameid":"3440076","name":"Soca","asciiname":"Soca","alternatenames":["Doctor Francisco Soca","Doctor Soca","Francisco Soca","Mosquitos","Soca"],"latitude":"-34.68333","longitude":"-55.68333","feature_class":"P","feature_code":"PPL","country_code":"UY","cc2":"","admin1_code":"02","admin2_code":"","admin3_code":"","admin4_code":"","population":"1742","elevation":"","dem":"25","timezone":"America/Montevideo","modification_date":"2012-01-18"},{"geonameid":"3440379","name":"Sauce","asciiname":"Sauce","alternatenames":["Sauce"],"latitude":"-34.64694","longitude":"-56.06278","feature_class":"P","feature_code":"PPL","country_code":"UY","cc2":"","admin1_code":"02","admin2_code":"","admin3_code":"","admin4_code":"","population":"5910","elevation":"","dem":"49","timezone":"America/Montevideo","modification_date":"2012-02-02"},{"geonameid":"3440394","name":"Sarandí Grande","asciiname":"Sarandi Grande","alternatenames":["Sarandi","Sarandi Grande","Sarandí","Sarandí Grande","Villa Sarandi","Villa Sarandí"],"latitude":"-33.73333","longitude":"-56.33333","feature_class":"P","feature_code":"PPL","country_code":"UY","cc2":"","admin1_code":"07","admin2_code":"","admin3_code":"","admin4_code":"","population":"6441","elevation":"","dem":"132","timezone":"America/Montevideo","modification_date":"2012-01-18"},{"geonameid":"3440400","name":"Sarandí del Yi","asciiname":"Sarandi del Yi","alternatenames":["Sarandi del Yi","Sarandí del Yi"],"latitude":"-33.35","longitude":"-55.63333","feature_class":"P","feature_code":"PPL","country_code":"UY","cc2":"","admin1_code":"05","admin2_code":"","admin3_code":"","admin4_code":"","population":"7367","elevation":"","dem":"126","timezone":"America/Montevideo","modification_date":"2012-02-02"},{"geonameid":"3440541","name":"Santiago Vázquez","asciiname":"Santiago Vazquez","alternatenames":["Santiago","Santiago Vazquez","Santiago Vázquez"],"latitude":"-34.79028","longitude":"-56.35","feature_class":"P","feature_code":"PPL","country_code":"UY","cc2":"","admin1_code":"10","admin2_code":"","admin3_code":"","admin4_code":"","population":"1468","elevation":"","dem":"13","timezone":"America/Montevideo","modification_date":"2012-01-18"},{"geonameid":"3440554","name":"Santa Rosa","asciiname":"Santa Rosa","alternatenames":["Santa Rosa"],"latitude":"-34.4975","longitude":"-56.03722","feature_class":"P","feature_code":"PPL","country_code":"UY","cc2":"","admin1_code":"02","admin2_code":"","admin3_code":"","admin4_code":"","population":"3711","elevation":"","dem":"54","timezone":"America/Montevideo","modification_date":"2012-02-02"},{"geonameid":"3440571","name":"Santa Lucía","asciiname":"Santa Lucia","alternatenames":["San Juan Bautista","Santa Lucia","Santa Lucía"],"latitude":"-34.45333","longitude":"-56.39056","feature_class":"P","feature_code":"PPL","country_code":"UY","cc2":"","admin1_code":"02","admin2_code":"","admin3_code":"","admin4_code":"","population":"16438","elevation":"","dem":"24","timezone":"America/Montevideo","modification_date":"2012-01-18"},{"geonameid":"3440577","name":"Santa Clara de Olimar","asciiname":"Santa Clara de Olimar","alternatenames":["Olimar Santa Clara","Pueblo Olimar","Santa Clara","Santa Clara de Olimar","Santa Clara del Olimar"],"latitude":"-32.91667","longitude":"-54.96667","feature_class":"P","feature_code":"PPL","country_code":"UY","cc2":"","admin1_code":"19","admin2_code":"","admin3_code":"","admin4_code":"","population":"2291","elevation":"","dem":"309","timezone":"America/Montevideo","modification_date":"2012-01-18"},{"geonameid":"3440580","name":"Santa Catalina","asciiname":"Santa Catalina","alternatenames":["Santa Catalina"],"latitude":"-33.75","longitude":"-57.48333","feature_class":"P","feature_code":"PPL","country_code":"UY","cc2":"","admin1_code":"17","admin2_code":"","admin3_code":"","admin4_code":"","population":"1067","elevation":"","dem":"146","timezone":"America/Montevideo","modification_date":"2012-05-06"},{"geonameid":"3440581","name":"Santa Bernardina","asciiname":"Santa Bernardina","alternatenames":["Santa Bernardina"],"latitude":"-33.36667","longitude":"-56.48333","feature_class":"P","feature_code":"PPL","country_code":"UY","cc2":"","admin1_code":"05","admin2_code":"","admin3_code":"","admin4_code":"","population":"1340","elevation":"","dem":"83","timezone":"America/Montevideo","modification_date":"2012-05-06"},{"geonameid":"3440596","name":"San Ramón","asciiname":"San Ramon","alternatenames":["San Ramon","San Ramón"],"latitude":"-34.3","longitude":"-55.96667","feature_class":"P","feature_code":"PPL","country_code":"UY","cc2":"","admin1_code":"02","admin2_code":"","admin3_code":"","admin4_code":"","population":"7008","elevation":"","dem":"52","timezone":"America/Montevideo","modification_date":"2012-02-02"},{"geonameid":"3440639","name":"San José de Mayo","asciiname":"San Jose de Mayo","alternatenames":["Ciudad de San Jose","Ciudad de San José","San Chose de Majas","San Jose","San Jose de Mayo","San José","San José de Mayo","San Khose de Majo","San-Khose-de-Majo","sheng he sai de ma yue","sn khwzh d mayw","Сан Хосе де Майо","Сан-Хосе-де-Майо","سن خوزه د مایو","聖何塞德馬約"],"latitude":"-34.3375","longitude":"-56.71361","feature_class":"P","feature_code":"PPLA","country_code":"UY","cc2":"","admin1_code":"16","admin2_code":"","admin3_code":"","admin4_code":"","population":"36529","elevation":"","dem":"52","timezone":"America/Montevideo","modification_date":"2012-01-16"},{"geonameid":"3440653","name":"San Javier","asciiname":"San Javier","alternatenames":["Colonia San Javier","San Javier","San Khav'er","Сан Хавьер"],"latitude":"-32.68333","longitude":"-58.13333","feature_class":"P","feature_code":"PPL","country_code":"UY","cc2":"","admin1_code":"12","admin2_code":"","admin3_code":"","admin4_code":"","population":"1701","elevation":"","dem":"3","timezone":"America/Montevideo","modification_date":"2012-01-18"},{"geonameid":"3440654","name":"San Jacinto","asciiname":"San Jacinto","alternatenames":["San Jacinto"],"latitude":"-34.55","longitude":"-55.88333","feature_class":"P","feature_code":"PPL","country_code":"UY","cc2":"","admin1_code":"02","admin2_code":"","admin3_code":"","admin4_code":"","population":"3954","elevation":"","dem":"48","timezone":"America/Montevideo","modification_date":"2012-02-02"},{"geonameid":"3440684","name":"San Félix","asciiname":"San Felix","alternatenames":["San Felix","San Félix"],"latitude":"-32.33333","longitude":"-58.13333","feature_class":"P","feature_code":"PPL","country_code":"UY","cc2":"","admin1_code":"11","admin2_code":"","admin3_code":"","admin4_code":"","population":"1161","elevation":"","dem":"7","timezone":"America/Montevideo","modification_date":"2012-05-06"},{"geonameid":"3440696","name":"San Carlos","asciiname":"San Carlos","alternatenames":["San Carlos","Villa de San Carlos"],"latitude":"-34.8","longitude":"-54.91667","feature_class":"P","feature_code":"PPL","country_code":"UY","cc2":"","admin1_code":"09","admin2_code":"","admin3_code":"","admin4_code":"","population":"24938","elevation":"","dem":"6","timezone":"America/Montevideo","modification_date":"2012-01-18"},{"geonameid":"3440698","name":"San Bautista","asciiname":"San Bautista","alternatenames":["San Bautista"],"latitude":"-34.43333","longitude":"-55.98333","feature_class":"P","feature_code":"PPL","country_code":"UY","cc2":"","admin1_code":"02","admin2_code":"","admin3_code":"","admin4_code":"","population":"1905","elevation":"","dem":"69","timezone":"America/Montevideo","modification_date":"2012-02-02"},{"geonameid":"3440705","name":"San Antonio","asciiname":"San Antonio","alternatenames":["San Antonio"],"latitude":"-34.44972","longitude":"-56.07917","feature_class":"P","feature_code":"PPL","country_code":"UY","cc2":"","admin1_code":"02","admin2_code":"","admin3_code":"","admin4_code":"","population":"1453","elevation":"","dem":"49","timezone":"America/Montevideo","modification_date":"2012-02-02"},{"geonameid":"3440714","name":"Salto","asciiname":"Salto","alternatenames":["Ciudad del Salto","STY","Sal'to","Salta","Saltas","Salto","sa er tuo","sal to","salato","salto","saltw","saltw  arwgwyh","saruto","sltw","Салто","Сальто","סלטו","سالتو","سالتو، اروگوئه","সালতো","ซัลโต","サルト","萨尔托","살토"],"latitude":"-31.38333","longitude":"-57.96667","feature_class":"P","feature_code":"PPLA","country_code":"UY","cc2":"","admin1_code":"15","admin2_code":"","admin3_code":"","admin4_code":"","population":"99823","elevation":"","dem":"18","timezone":"America/Montevideo","modification_date":"2012-02-14"},{"geonameid":"3440747","name":"Rosario","asciiname":"Rosario","alternatenames":["Rosario","Villa del Rosario"],"latitude":"-34.31667","longitude":"-57.35","feature_class":"P","feature_code":"PPL","country_code":"UY","cc2":"","admin1_code":"04","admin2_code":"","admin3_code":"","admin4_code":"","population":"9308","elevation":"","dem":"26","timezone":"America/Montevideo","modification_date":"2012-01-18"},{"geonameid":"3440762","name":"Rodríguez","asciiname":"Rodriguez","alternatenames":["Concordia","Rodriguez","Rodríguez"],"latitude":"-34.38278","longitude":"-56.54167","feature_class":"P","feature_code":"PPL","country_code":"UY","cc2":"","admin1_code":"16","admin2_code":"","admin3_code":"","admin4_code":"","population":"2588","elevation":"","dem":"50","timezone":"America/Montevideo","modification_date":"2012-01-18"},{"geonameid":"3440777","name":"Rocha","asciiname":"Rocha","alternatenames":["Ciudad de Rocha","Roca","Rocha","Roča","luo qia","rocha","Роча","ロチャ","羅恰"],"latitude":"-34.48333","longitude":"-54.33333","feature_class":"P","feature_code":"PPLA","country_code":"UY","cc2":"","admin1_code":"14","admin2_code":"","admin3_code":"","admin4_code":"","population":"25515","elevation":"","dem":"30","timezone":"America/Montevideo","modification_date":"2012-02-17"},{"geonameid":"3440781","name":"Rivera","asciiname":"Rivera","alternatenames":["RVY","Rivera","Villa de Rivera","li wei la","ri be ra","ribera","rybrh","ryfyra","rywra","Ривера","ריברה","ريفيرا","ریورا","রিবেরা","รีเบรา","リベラ","里韦拉"],"latitude":"-30.90534","longitude":"-55.55076","feature_class":"P","feature_code":"PPLA","country_code":"UY","cc2":"","admin1_code":"13","admin2_code":"","admin3_code":"","admin4_code":"","population":"64631","elevation":"","dem":"194","timezone":"America/Montevideo","modification_date":"2012-02-17"},{"geonameid":"3440791","name":"Río Branco","asciiname":"Rio Branco","alternatenames":["Artigas","La Cuchilla","Rio Branco","Río Branco"],"latitude":"-32.59802","longitude":"-53.38583","feature_class":"P","feature_code":"PPL","country_code":"UY","cc2":"","admin1_code":"03","admin2_code":"","admin3_code":"","admin4_code":"","population":"13567","elevation":"","dem":"9","timezone":"America/Montevideo","modification_date":"2013-03-07"},{"geonameid":"3440879","name":"Rafael Perazza","asciiname":"Rafael Perazza","alternatenames":["Rafael Perazza"],"latitude":"-34.51972","longitude":"-56.79889","feature_class":"P","feature_code":"PPL","country_code":"UY","cc2":"","admin1_code":"16","admin2_code":"","admin3_code":"","admin4_code":"","population":"1274","elevation":"","dem":"34","timezone":"America/Montevideo","modification_date":"2012-02-02"},{"geonameid":"3440925","name":"Quebracho","asciiname":"Quebracho","alternatenames":["Quebracho"],"latitude":"-31.95","longitude":"-57.88333","feature_class":"P","feature_code":"PPL","country_code":"UY","cc2":"","admin1_code":"11","admin2_code":"","admin3_code":"","admin4_code":"","population":"2871","elevation":"","dem":"49","timezone":"America/Montevideo","modification_date":"2012-05-06"},{"geonameid":"3440939","name":"Punta del Este","asciiname":"Punta del Este","alternatenames":["PDP","Pounta ntel Este","Punta del Este","Punta del Estė","Punta del' Ehste","Punta-del'-Ehste","Punte del Este","ai si te jiao cheng","pun ta del xe s te","pwnta dl asth","Πούντα ντελ Έστε","Пунта дел Есте","Пунта дель Эсте","Пунта-дель-Эсте","פונטה דל אסטה","پونتا دل استه","ปุนตาเดลเอสเต","プンタ・デル・エステ","埃斯特角城"],"latitude":"-34.96667","longitude":"-54.95","feature_class":"P","feature_code":"PPL","country_code":"UY","cc2":"","admin1_code":"09","admin2_code":"","admin3_code":"","admin4_code":"","population":"7234","elevation":"","dem":"13","timezone":"America/Montevideo","modification_date":"2013-02-03"},{"geonameid":"3440963","name":"Progreso","asciiname":"Progreso","alternatenames":["Ingeniero Eduardo Garcia de Zuniga","Ingeniero Eduardo García de Zúñiga","Progreso"],"latitude":"-34.665","longitude":"-56.21944","feature_class":"P","feature_code":"PPL","country_code":"UY","cc2":"","admin1_code":"02","admin2_code":"","admin3_code":"","admin4_code":"","population":"15973","elevation":"","dem":"55","timezone":"America/Montevideo","modification_date":"2012-01-18"},{"geonameid":"3440985","name":"Porvenir","asciiname":"Porvenir","alternatenames":["Estacion Porvenir","Estación Porvenir","Porvenir"],"latitude":"-32.36667","longitude":"-57.85","feature_class":"P","feature_code":"PPL","country_code":"UY","cc2":"","admin1_code":"11","admin2_code":"","admin3_code":"","admin4_code":"","population":"1055","elevation":"","dem":"77","timezone":"America/Montevideo","modification_date":"2012-01-18"},{"geonameid":"3441074","name":"Piriápolis","asciiname":"Piriapolis","alternatenames":["Piriapolis","pi li ya bo li si","pyryaplys","Пириаполис","پیریاپلیس","皮里亞波利斯"],"latitude":"-34.86287","longitude":"-55.27471","feature_class":"P","feature_code":"PPL","country_code":"UY","cc2":"","admin1_code":"09","admin2_code":"","admin3_code":"","admin4_code":"","population":"7968","elevation":"0","dem":"17","timezone":"America/Montevideo","modification_date":"2015-03-26"},{"geonameid":"3441114","name":"Piedras Coloradas","asciiname":"Piedras Coloradas","alternatenames":["Piedras Coloradas"],"latitude":"-32.38333","longitude":"-57.6","feature_class":"P","feature_code":"PPL","country_code":"UY","cc2":"","admin1_code":"11","admin2_code":"","admin3_code":"","admin4_code":"","population":"1120","elevation":"","dem":"84","timezone":"America/Montevideo","modification_date":"2012-02-02"},{"geonameid":"3441243","name":"Paysandú","asciiname":"Paysandu","alternatenames":["Ciudad de Paysandu","Ciudad de Paysandú","Gorad Pajsandu","Paisandu","Pajsandu","Paysandu","Paysandú","pai sang du","paisando~u","paisandu","payasandu","paysandw","piy san du","Горад Пайсанду","Пайсанду","پایساندو","পায়সান্দু","ไปย์ซันดู","パイサンドゥー","派桑杜","파이산두"],"latitude":"-32.32139","longitude":"-58.07556","feature_class":"P","feature_code":"PPLA","country_code":"UY","cc2":"","admin1_code":"11","admin2_code":"","admin3_code":"","admin4_code":"","population":"73249","elevation":"","dem":"49","timezone":"America/Montevideo","modification_date":"2012-02-17"},{"geonameid":"3441273","name":"Paso de los Toros","asciiname":"Paso de los Toros","alternatenames":["Paso de los Toros","Santa Isabel"],"latitude":"-32.81667","longitude":"-56.51667","feature_class":"P","feature_code":"PPL","country_code":"UY","cc2":"","admin1_code":"18","admin2_code":"","admin3_code":"","admin4_code":"","population":"13221","elevation":"","dem":"57","timezone":"America/Montevideo","modification_date":"2015-02-13"},{"geonameid":"3441292","name":"Paso de Carrasco","asciiname":"Paso de Carrasco","alternatenames":["Paso de Carrasco"],"latitude":"-34.86028","longitude":"-56.05222","feature_class":"P","feature_code":"PPL","country_code":"UY","cc2":"","admin1_code":"02","admin2_code":"","admin3_code":"","admin4_code":"","population":"15393","elevation":"","dem":"9","timezone":"America/Montevideo","modification_date":"2013-04-04"},{"geonameid":"3441354","name":"Pando","asciiname":"Pando","alternatenames":["Pando","Villa de Pando","Пандо"],"latitude":"-34.71667","longitude":"-55.95","feature_class":"P","feature_code":"PPL","country_code":"UY","cc2":"","admin1_code":"02","admin2_code":"","admin3_code":"","admin4_code":"","population":"24047","elevation":"","dem":"10","timezone":"America/Montevideo","modification_date":"2012-01-18"},{"geonameid":"3441358","name":"Pan de Azúcar","asciiname":"Pan de Azucar","alternatenames":["Pan de Azucar","Pan de Azúcar"],"latitude":"-34.7787","longitude":"-55.23582","feature_class":"P","feature_code":"PPL","country_code":"UY","cc2":"","admin1_code":"09","admin2_code":"","admin3_code":"","admin4_code":"","population":"7180","elevation":"","dem":"22","timezone":"America/Montevideo","modification_date":"2014-12-21"},{"geonameid":"3441377","name":"Palmitas","asciiname":"Palmitas","alternatenames":["Palmitas"],"latitude":"-33.50719","longitude":"-57.80079","feature_class":"P","feature_code":"PPL","country_code":"UY","cc2":"","admin1_code":"17","admin2_code":"","admin3_code":"","admin4_code":"","population":"1979","elevation":"","dem":"90","timezone":"America/Montevideo","modification_date":"2012-02-17"},{"geonameid":"3441442","name":"Ombúes de Lavalle","asciiname":"Ombues de Lavalle","alternatenames":["Colonia Ombues de Lavalle","Colonia Ombúes de Lavalle","Ombues de Lavalle","Ombúes de Lavalle"],"latitude":"-33.91667","longitude":"-57.78333","feature_class":"P","feature_code":"PPL","country_code":"UY","cc2":"","admin1_code":"04","admin2_code":"","admin3_code":"","admin4_code":"","population":"3482","elevation":"","dem":"113","timezone":"America/Montevideo","modification_date":"2012-01-18"},{"geonameid":"3441476","name":"Nuevo Berlín","asciiname":"Nuevo Berlin","alternatenames":["Nuevo Berlin","Nuevo Berlín"],"latitude":"-32.98333","longitude":"-58.05","feature_class":"P","feature_code":"PPL","country_code":"UY","cc2":"","admin1_code":"12","admin2_code":"","admin3_code":"","admin4_code":"","population":"2461","elevation":"","dem":"24","timezone":"America/Montevideo","modification_date":"2012-01-18"},{"geonameid":"3441481","name":"Nueva Palmira","asciiname":"Nueva Palmira","alternatenames":["Nueva Palmira"],"latitude":"-33.88333","longitude":"-58.41667","feature_class":"P","feature_code":"PPL","country_code":"UY","cc2":"","admin1_code":"04","admin2_code":"","admin3_code":"","admin4_code":"","population":"9335","elevation":"","dem":"18","timezone":"America/Montevideo","modification_date":"2012-01-18"},{"geonameid":"3441483","name":"Nueva Helvecia","asciiname":"Nueva Helvecia","alternatenames":["Nueva Helvecia"],"latitude":"-34.3","longitude":"-57.23333","feature_class":"P","feature_code":"PPL","country_code":"UY","cc2":"","admin1_code":"04","admin2_code":"","admin3_code":"","admin4_code":"","population":"10054","elevation":"","dem":"52","timezone":"America/Montevideo","modification_date":"2012-01-18"},{"geonameid":"3441575","name":"Montevideo","asciiname":"Montevideo","alternatenames":["Ciudad de Montevideo","Gorad Mantehvideha","MVD","Monsvideus","Montebideo","Montevidejas","Montevideo","Montevideu","Montevidiejos","Montevidéu","Montevidėjas","Montevídeó","Muntivideu","Muntividew","Muntividèu","Muntividëw","mamtevhidiyo","mantibhiri'o","meantevidiyea","meng de wei de ya","meng te wei duo","montebide'o","montebide-o","montebideo","montevidi'o","montevidiyo","montevitiyo","mwntyfydyw","mxn te wi de xo","Μοντεβιδέο","Горад Мантэвідэа","Монтевидео","Монтевідео","Մոնտևիդեո","מאנטעווידעא","מונטווידאו","مونته‌ویدئ","مونته‌ویدئو","مونتيفيديو","مونتېۋىدېئو","مونٹیویڈیو","माँटेव्हिडीयो","मोण्टेवीडियो","মোন্তেবিদেও","ਮੋਂਤੇਵੀਦਿਓ","ମଣ୍ଟିଭିଡ଼ିଓ","மொண்டேவீடியோ","മൊണ്ടേവീഡിയോ","มอนเตวิเดโอ","མཱོན་ཊི་ཝི་ཌོ།","မွန်တီဗစ်ဒီအိုမြို့","მონტევიდეო","ሞንቴቪዴዎ","モンテビデオ","蒙得维的亚","蒙特維多","몬테비데오"],"latitude":"-34.90328","longitude":"-56.18816","feature_class":"P","feature_code":"PPLC","country_code":"UY","cc2":"","admin1_code":"10","admin2_code":"","admin3_code":"","admin4_code":"","population":"1270737","elevation":"","dem":"34","timezone":"America/Montevideo","modification_date":"2013-09-16"},{"geonameid":"3441577","name":"Montes","asciiname":"Montes","alternatenames":["Montes"],"latitude":"-34.5","longitude":"-55.58333","feature_class":"P","feature_code":"PPL","country_code":"UY","cc2":"","admin1_code":"02","admin2_code":"","admin3_code":"","admin4_code":"","population":"1687","elevation":"","dem":"64","timezone":"America/Montevideo","modification_date":"2012-02-02"},{"geonameid":"3441659","name":"Minas de Corrales","asciiname":"Minas de Corrales","alternatenames":["Corrales","Minas de Corrales"],"latitude":"-31.58333","longitude":"-55.46667","feature_class":"P","feature_code":"PPL","country_code":"UY","cc2":"","admin1_code":"13","admin2_code":"","admin3_code":"","admin4_code":"","population":"3509","elevation":"","dem":"153","timezone":"America/Montevideo","modification_date":"2012-01-18"},{"geonameid":"3441665","name":"Minas","asciiname":"Minas","alternatenames":["Ciudad de Minas","Lavalleja","Minas","Minasas","mi na si","minaseu","minasu","mynas  arwgwyh","Минас","میناس، اروگوئه","ミナス","米納斯","미나스"],"latitude":"-34.37589","longitude":"-55.23771","feature_class":"P","feature_code":"PPLA","country_code":"UY","cc2":"","admin1_code":"08","admin2_code":"","admin3_code":"","admin4_code":"","population":"38025","elevation":"","dem":"134","timezone":"America/Montevideo","modification_date":"2012-02-17"},{"geonameid":"3441674","name":"Migues","asciiname":"Migues","alternatenames":["Migues","Miguez"],"latitude":"-34.48333","longitude":"-55.65","feature_class":"P","feature_code":"PPL","country_code":"UY","cc2":"","admin1_code":"02","admin2_code":"","admin3_code":"","admin4_code":"","population":"2203","elevation":"","dem":"65","timezone":"America/Montevideo","modification_date":"2012-01-18"},{"geonameid":"3441684","name":"Mercedes","asciiname":"Mercedes","alternatenames":["Ciudad de Mercedes","Mercedes","Mersedes","Mersedesas","mei sai de si","mersedesa","merusedesu","mrsds  arwgwyh","Мерседес","مرسدس، اروگوئه","মের্সেদেস","メルセデス","梅塞德斯"],"latitude":"-33.2524","longitude":"-58.03047","feature_class":"P","feature_code":"PPLA","country_code":"UY","cc2":"","admin1_code":"17","admin2_code":"","admin3_code":"","admin4_code":"","population":"42359","elevation":"","dem":"29","timezone":"America/Montevideo","modification_date":"2012-02-17"},{"geonameid":"3441702","name":"Melo","asciiname":"Melo","alternatenames":["Ciudad de Melo","MLZ","Mel","Melas","Melo","mei luo","mello","melo","mlw  arwgwyh","Мел","Мело","ملو، اروگوئه","মেলো","梅洛","멜로"],"latitude":"-32.36667","longitude":"-54.18333","feature_class":"P","feature_code":"PPLA","country_code":"UY","cc2":"","admin1_code":"03","admin2_code":"","admin3_code":"","admin4_code":"","population":"51023","elevation":"","dem":"101","timezone":"America/Montevideo","modification_date":"2012-01-16"},{"geonameid":"3441803","name":"Mariscala","asciiname":"Mariscala","alternatenames":["La Mariscala","Mariscala"],"latitude":"-34.04085","longitude":"-54.77732","feature_class":"P","feature_code":"PPL","country_code":"UY","cc2":"","admin1_code":"08","admin2_code":"","admin3_code":"","admin4_code":"","population":"1695","elevation":"","dem":"92","timezone":"America/Montevideo","modification_date":"2012-02-17"},{"geonameid":"3441894","name":"Maldonado","asciiname":"Maldonado","alternatenames":["Mal'donado","Maldonadas","Maldonado","San Fernando de Maldonado","ma er duo na duo","maldonado","maldwnadw  arwgwyh","marudonado","Малдонадо","Мальдонадо","مالدونادو، اروگوئه","マルドナド","馬爾多納多","말도나도"],"latitude":"-34.9","longitude":"-54.95","feature_class":"P","feature_code":"PPLA","country_code":"UY","cc2":"","admin1_code":"09","admin2_code":"","admin3_code":"","admin4_code":"","population":"55478","elevation":"","dem":"30","timezone":"America/Montevideo","modification_date":"2012-02-17"},{"geonameid":"3441954","name":"Los Cerrillos","asciiname":"Los Cerrillos","alternatenames":["Cerrillos","Los Cerrillos"],"latitude":"-34.605","longitude":"-56.35639","feature_class":"P","feature_code":"PPL","country_code":"UY","cc2":"","admin1_code":"02","admin2_code":"","admin3_code":"","admin4_code":"","population":"2100","elevation":"","dem":"41","timezone":"America/Montevideo","modification_date":"2012-01-18"},{"geonameid":"3441988","name":"Libertad","asciiname":"Libertad","alternatenames":["Liberfad","Libertad"],"latitude":"-34.63333","longitude":"-56.61917","feature_class":"P","feature_code":"PPL","country_code":"UY","cc2":"","admin1_code":"16","admin2_code":"","admin3_code":"","admin4_code":"","population":"9311","elevation":"","dem":"39","timezone":"America/Montevideo","modification_date":"2012-01-18"},{"geonameid":"3442050","name":"Las Toscas","asciiname":"Las Toscas","alternatenames":[""],"latitude":"-34.73333","longitude":"-55.71667","feature_class":"P","feature_code":"PPL","country_code":"UY","cc2":"","admin1_code":"02","admin2_code":"","admin3_code":"","admin4_code":"","population":"2287","elevation":"","dem":"2","timezone":"America/Montevideo","modification_date":"2006-01-17"},{"geonameid":"3442057","name":"Las Piedras","asciiname":"Las Piedras","alternatenames":["Las Piedras","Las-P'edras","Piedras","San Isidrio","Villa de las Piedras","Лас-Пьедрас"],"latitude":"-34.72639","longitude":"-56.22","feature_class":"P","feature_code":"PPL","country_code":"UY","cc2":"","admin1_code":"02","admin2_code":"","admin3_code":"","admin4_code":"","population":"69682","elevation":"","dem":"73","timezone":"America/Montevideo","modification_date":"2012-02-22"},{"geonameid":"3442058","name":"Las Piedras","asciiname":"Las Piedras","alternatenames":[""],"latitude":"-30.26204","longitude":"-57.58174","feature_class":"P","feature_code":"PPLX","country_code":"UY","cc2":"","admin1_code":"01","admin2_code":"","admin3_code":"","admin4_code":"","population":"2185","elevation":"","dem":"68","timezone":"America/Montevideo","modification_date":"2012-02-22"},{"geonameid":"3442071","name":"Lascano","asciiname":"Lascano","alternatenames":["Lascano","Lazcano"],"latitude":"-33.66667","longitude":"-54.2","feature_class":"P","feature_code":"PPL","country_code":"UY","cc2":"","admin1_code":"14","admin2_code":"","admin3_code":"","admin4_code":"","population":"6976","elevation":"","dem":"29","timezone":"America/Montevideo","modification_date":"2012-01-18"},{"geonameid":"3442098","name":"La Paz","asciiname":"La Paz","alternatenames":["La Paz"],"latitude":"-34.76167","longitude":"-56.22361","feature_class":"P","feature_code":"PPL","country_code":"UY","cc2":"","admin1_code":"02","admin2_code":"","admin3_code":"","admin4_code":"","population":"19913","elevation":"","dem":"52","timezone":"America/Montevideo","modification_date":"2012-02-02"},{"geonameid":"3442105","name":"La Paloma","asciiname":"La Paloma","alternatenames":["La Paloma","Puerto de la Paloma"],"latitude":"-34.66268","longitude":"-54.16452","feature_class":"P","feature_code":"PPL","country_code":"UY","cc2":"","admin1_code":"14","admin2_code":"","admin3_code":"","admin4_code":"","population":"3230","elevation":"","dem":"7","timezone":"America/Montevideo","modification_date":"2014-04-17"},{"geonameid":"3442106","name":"La Paloma","asciiname":"La Paloma","alternatenames":["La Paloma"],"latitude":"-32.71667","longitude":"-55.6","feature_class":"P","feature_code":"PPL","country_code":"UY","cc2":"","admin1_code":"05","admin2_code":"","admin3_code":"","admin4_code":"","population":"1567","elevation":"","dem":"146","timezone":"America/Montevideo","modification_date":"2012-05-06"},{"geonameid":"3442138","name":"La Floresta","asciiname":"La Floresta","alternatenames":["Floresta","La Floresta"],"latitude":"-34.75572","longitude":"-55.68141","feature_class":"P","feature_code":"PPL","country_code":"UY","cc2":"","admin1_code":"02","admin2_code":"","admin3_code":"","admin4_code":"","population":"1107","elevation":"","dem":"18","timezone":"America/Montevideo","modification_date":"2011-08-10"},{"geonameid":"3442206","name":"Juan L. Lacaze","asciiname":"Juan L. Lacaze","alternatenames":["J.L. Lacaze","Juan L. Lacaze","Juan Lacaze","Pueblo Juan L. Lacaze"],"latitude":"-34.43333","longitude":"-57.41667","feature_class":"P","feature_code":"PPL","country_code":"UY","cc2":"","admin1_code":"04","admin2_code":"","admin3_code":"","admin4_code":"","population":"13223","elevation":"","dem":"5","timezone":"America/Montevideo","modification_date":"2012-01-18"},{"geonameid":"3442221","name":"José Pedro Varela","asciiname":"Jose Pedro Varela","alternatenames":["J.P. Varela","Jose P. Varela","Jose Pedro Varela","José P. Varela","José Pedro Varela"],"latitude":"-33.45","longitude":"-54.53333","feature_class":"P","feature_code":"PPL","country_code":"UY","cc2":"","admin1_code":"08","admin2_code":"","admin3_code":"","admin4_code":"","population":"5388","elevation":"","dem":"66","timezone":"America/Montevideo","modification_date":"2012-01-18"},{"geonameid":"3442231","name":"José Enrique Rodó","asciiname":"Jose Enrique Rodo","alternatenames":["Drabble","Drable","E. Robo","J.E. Rodo","Jose Enrique Rodo","José Enrique Rodó","Rodo"],"latitude":"-33.68333","longitude":"-57.56667","feature_class":"P","feature_code":"PPL","country_code":"UY","cc2":"","admin1_code":"17","admin2_code":"","admin3_code":"","admin4_code":"","population":"2143","elevation":"","dem":"133","timezone":"America/Montevideo","modification_date":"2012-01-18"},{"geonameid":"3442233","name":"José Batlle y Ordóñez","asciiname":"Jose Batlle y Ordonez","alternatenames":["Batlle y Ordonez","Batlle y Ordoñez","Jose Batlle y Ordonez","José Batlle y Ordóñez"],"latitude":"-33.46667","longitude":"-55.11667","feature_class":"P","feature_code":"PPL","country_code":"UY","cc2":"","admin1_code":"08","admin2_code":"","admin3_code":"","admin4_code":"","population":"2438","elevation":"","dem":"293","timezone":"America/Montevideo","modification_date":"2012-01-18"},{"geonameid":"3442236","name":"Joaquín Suárez","asciiname":"Joaquin Suarez","alternatenames":["J. Suarez","Joaquin Suarez","Joaquín Suárez","Pueblo Joaquin Suarez","Pueblo Joaquín Suárez","Suarez","Suárez"],"latitude":"-34.73361","longitude":"-56.03667","feature_class":"P","feature_code":"PPL","country_code":"UY","cc2":"","admin1_code":"02","admin2_code":"","admin3_code":"","admin4_code":"","population":"6257","elevation":"","dem":"58","timezone":"America/Montevideo","modification_date":"2012-01-18"},{"geonameid":"3442238","name":"Joanicó","asciiname":"Joanico","alternatenames":[""],"latitude":"-34.58944","longitude":"-56.25278","feature_class":"P","feature_code":"PPL","country_code":"UY","cc2":"","admin1_code":"02","admin2_code":"","admin3_code":"","admin4_code":"","population":"1339","elevation":"","dem":"50","timezone":"America/Montevideo","modification_date":"2006-01-27"},{"geonameid":"3442299","name":"Isidoro Noblía","asciiname":"Isidoro Noblia","alternatenames":[""],"latitude":"-31.83333","longitude":"-54.16667","feature_class":"P","feature_code":"PPL","country_code":"UY","cc2":"","admin1_code":"03","admin2_code":"","admin3_code":"","admin4_code":"","population":"2526","elevation":"","dem":"167","timezone":"America/Montevideo","modification_date":"2006-01-17"},{"geonameid":"3442398","name":"Guichón","asciiname":"Guichon","alternatenames":["Guichon","Guichón"],"latitude":"-32.35","longitude":"-57.2","feature_class":"P","feature_code":"PPL","country_code":"UY","cc2":"","admin1_code":"11","admin2_code":"","admin3_code":"","admin4_code":"","population":"5051","elevation":"","dem":"85","timezone":"America/Montevideo","modification_date":"2012-02-02"},{"geonameid":"3442568","name":"Fray Bentos","asciiname":"Fray Bentos","alternatenames":["Frai Bentosas","Fraj Bentos","Fraj-Bentos","Fray Bentos","Independencia","Villa Fray Bentos","Villa Independencia","Villa de Fray Bentos","fry bntws","fu lai ben tuo si","peulaibentoseu","Фрай Бентос","Фрай-Бентос","فری بنتوس","弗賴本托斯","프라이벤토스"],"latitude":"-33.1325","longitude":"-58.29556","feature_class":"P","feature_code":"PPLA","country_code":"UY","cc2":"","admin1_code":"12","admin2_code":"","admin3_code":"","admin4_code":"","population":"23279","elevation":"","dem":"24","timezone":"America/Montevideo","modification_date":"2012-01-16"},{"geonameid":"3442585","name":"Florida","asciiname":"Florida","alternatenames":["Ciudad de la Florida","Florida","Флорида"],"latitude":"-34.09556","longitude":"-56.21417","feature_class":"P","feature_code":"PPLA","country_code":"UY","cc2":"","admin1_code":"07","admin2_code":"","admin3_code":"","admin4_code":"","population":"32234","elevation":"","dem":"74","timezone":"America/Montevideo","modification_date":"2012-02-17"},{"geonameid":"3442597","name":"Florencio Sánchez","asciiname":"Florencio Sanchez","alternatenames":["Florencio Sanchez","Florencio Sánchez"],"latitude":"-33.88333","longitude":"-57.4","feature_class":"P","feature_code":"PPL","country_code":"UY","cc2":"","admin1_code":"04","admin2_code":"","admin3_code":"","admin4_code":"","population":"3587","elevation":"","dem":"148","timezone":"America/Montevideo","modification_date":"2012-02-02"},{"geonameid":"3442683","name":"Empalme Olmos","asciiname":"Empalme Olmos","alternatenames":["Empalme Olmos","Estacion Olmos","Estación Olmos","Olmos"],"latitude":"-34.7","longitude":"-55.9","feature_class":"P","feature_code":"PPL","country_code":"UY","cc2":"","admin1_code":"02","admin2_code":"","admin3_code":"","admin4_code":"","population":"4007","elevation":"","dem":"29","timezone":"America/Montevideo","modification_date":"2012-01-18"},{"geonameid":"3442716","name":"Ecilda Paullier","asciiname":"Ecilda Paullier","alternatenames":["Ecilda Paullier","Santa Ecilda"],"latitude":"-34.36667","longitude":"-57.06667","feature_class":"P","feature_code":"PPL","country_code":"UY","cc2":"","admin1_code":"16","admin2_code":"","admin3_code":"","admin4_code":"","population":"2395","elevation":"","dem":"67","timezone":"America/Montevideo","modification_date":"2012-01-18"},{"geonameid":"3442727","name":"Durazno","asciiname":"Durazno","alternatenames":["DZO","Duranzo","Durasnas","Durasno","do~urasuno","du la si nuo","dulajeuno","dwraznw","Дурасно","دورازنو","ドゥラスノ","杜拉斯諾","두라즈노"],"latitude":"-33.41306","longitude":"-56.50056","feature_class":"P","feature_code":"PPLA","country_code":"UY","cc2":"","admin1_code":"05","admin2_code":"","admin3_code":"","admin4_code":"","population":"33926","elevation":"","dem":"89","timezone":"America/Montevideo","modification_date":"2012-02-14"},{"geonameid":"3442750","name":"Dolores","asciiname":"Dolores","alternatenames":["Dolores"],"latitude":"-33.53009","longitude":"-58.21701","feature_class":"P","feature_code":"PPL","country_code":"UY","cc2":"","admin1_code":"17","admin2_code":"","admin3_code":"","admin4_code":"","population":"15880","elevation":"","dem":"22","timezone":"America/Montevideo","modification_date":"2012-09-18"},{"geonameid":"3442766","name":"Dieciocho de Julio","asciiname":"Dieciocho de Julio","alternatenames":["18 de Julio","Dieciocho de Julio","Diez y Ocho de Julio","Pueblo 18 de Julia"],"latitude":"-33.68333","longitude":"-53.55","feature_class":"P","feature_code":"PPL","country_code":"UY","cc2":"","admin1_code":"14","admin2_code":"","admin3_code":"","admin4_code":"","population":"1202","elevation":"","dem":"16","timezone":"America/Montevideo","modification_date":"2012-01-18"},{"geonameid":"3442778","name":"Delta del Tigre","asciiname":"Delta del Tigre","alternatenames":[""],"latitude":"-34.76488","longitude":"-56.3645","feature_class":"P","feature_code":"PPL","country_code":"UY","cc2":"","admin1_code":"16","admin2_code":"","admin3_code":"","admin4_code":"","population":"17973","elevation":"","dem":"5","timezone":"America/Montevideo","modification_date":"2015-02-13"},{"geonameid":"3442803","name":"Curtina","asciiname":"Curtina","alternatenames":["Curtina","San Maximo","San Máximo"],"latitude":"-32.15","longitude":"-56.11667","feature_class":"P","feature_code":"PPL","country_code":"UY","cc2":"","admin1_code":"18","admin2_code":"","admin3_code":"","admin4_code":"","population":"1053","elevation":"","dem":"122","timezone":"America/Montevideo","modification_date":"2012-01-18"},{"geonameid":"3442939","name":"Villa Constitución","asciiname":"Villa Constitucion","alternatenames":["Constitucion","Constitución","Constitution","Pueblo Constitucion","Pueblo Constitución"],"latitude":"-31.08333","longitude":"-57.83333","feature_class":"P","feature_code":"PPL","country_code":"UY","cc2":"","admin1_code":"15","admin2_code":"","admin3_code":"","admin4_code":"","population":"2846","elevation":"","dem":"50","timezone":"America/Montevideo","modification_date":"2015-02-13"},{"geonameid":"3443013","name":"Colonia del Sacramento","asciiname":"Colonia del Sacramento","alternatenames":["CYR","Ciudad de la Colonia del Sacramento","Colonia","Colonia del Sacramento","Colonia do Sacramento","Colônia do Sacramento","Kolonia ntel Sakramento","Kolonija","Kolonija del Sakramentas","Kolonija del Sakramento","Kolonija del' Sakramento","Kolonija-del'-Sakramento","La Ciudad de Colonia","Sacramento","ke luo ni ya de er sa ke la men tuo","kolloniadelsakeulamento","koloniya dela sakramento","kwlwnya dl sakramntw","qwlwnyh dl sqrmntw","Κολόνια ντελ Σακραμέντο","Колония дел Сакраменто","Колония дель Сакраменто","Колония-дель-Сакраменто","Колонија дел Сакраменто","Колонія-дель-Сакраменто","קולוניה דל סקרמנטו","کولونیا دل ساکرامنتو","কোলোনিয়া দেল সাক্রামেন্তো","კოლონია-დელ-საკრამენტო","コロニア・デル・サクラメント","科洛尼亞德爾薩克拉門托","콜로니아델사크라멘토"],"latitude":"-34.46262","longitude":"-57.83976","feature_class":"P","feature_code":"PPLA","country_code":"UY","cc2":"","admin1_code":"04","admin2_code":"","admin3_code":"","admin4_code":"","population":"21714","elevation":"","dem":"30","timezone":"America/Montevideo","modification_date":"2013-05-09"},{"geonameid":"3443061","name":"Chuy","asciiname":"Chuy","alternatenames":["Chuj","Chuy","Чуй"],"latitude":"-33.69707","longitude":"-53.46162","feature_class":"P","feature_code":"PPL","country_code":"UY","cc2":"","admin1_code":"14","admin2_code":"","admin3_code":"","admin4_code":"","population":"10485","elevation":"","dem":"18","timezone":"America/Montevideo","modification_date":"2011-12-08"},{"geonameid":"3443183","name":"Cerro Colorado","asciiname":"Cerro Colorado","alternatenames":[""],"latitude":"-33.86667","longitude":"-55.55","feature_class":"P","feature_code":"PPL","country_code":"UY","cc2":"","admin1_code":"07","admin2_code":"","admin3_code":"","admin4_code":"","population":"1354","elevation":"","dem":"228","timezone":"America/Montevideo","modification_date":"2006-01-17"},{"geonameid":"3443256","name":"Cebollatí","asciiname":"Cebollati","alternatenames":["Cebollati","Cebollatí","Pueblo Cebollati","Pueblo Cebollatí"],"latitude":"-33.26667","longitude":"-53.78333","feature_class":"P","feature_code":"PPL","country_code":"UY","cc2":"","admin1_code":"14","admin2_code":"","admin3_code":"","admin4_code":"","population":"1624","elevation":"","dem":"10","timezone":"America/Montevideo","modification_date":"2012-01-18"},{"geonameid":"3443280","name":"Casupá","asciiname":"Casupa","alternatenames":["Casupa","Casupá","Estacion Casupa","Estación Casupá"],"latitude":"-34.03333","longitude":"-55.65","feature_class":"P","feature_code":"PPL","country_code":"UY","cc2":"","admin1_code":"07","admin2_code":"","admin3_code":"","admin4_code":"","population":"2679","elevation":"","dem":"144","timezone":"America/Montevideo","modification_date":"2012-01-18"},{"geonameid":"3443289","name":"Castillos","asciiname":"Castillos","alternatenames":["Castillos","Palmara de Castillos","Pueblo de San Vicente de Castillos","San Vicente de Castillos"],"latitude":"-34.19871","longitude":"-53.85919","feature_class":"P","feature_code":"PPL","country_code":"UY","cc2":"","admin1_code":"14","admin2_code":"","admin3_code":"","admin4_code":"","population":"7686","elevation":"","dem":"33","timezone":"America/Montevideo","modification_date":"2014-12-21"},{"geonameid":"3443341","name":"Carmelo","asciiname":"Carmelo","alternatenames":["Carmelo","Las Viboras","Las Víboras"],"latitude":"-34.00023","longitude":"-58.28402","feature_class":"P","feature_code":"PPL","country_code":"UY","cc2":"","admin1_code":"04","admin2_code":"","admin3_code":"","admin4_code":"","population":"16921","elevation":"","dem":"13","timezone":"America/Montevideo","modification_date":"2014-04-17"},{"geonameid":"3443342","name":"Carlos Reyles","asciiname":"Carlos Reyles","alternatenames":[""],"latitude":"-33.01667","longitude":"-56.48333","feature_class":"P","feature_code":"PPL","country_code":"UY","cc2":"","admin1_code":"05","admin2_code":"","admin3_code":"","admin4_code":"","population":"1036","elevation":"","dem":"108","timezone":"America/Montevideo","modification_date":"2006-01-17"},{"geonameid":"3443352","name":"Cardona","asciiname":"Cardona","alternatenames":["Cardona"],"latitude":"-33.88333","longitude":"-57.38333","feature_class":"P","feature_code":"PPL","country_code":"UY","cc2":"","admin1_code":"17","admin2_code":"","admin3_code":"","admin4_code":"","population":"4712","elevation":"","dem":"154","timezone":"America/Montevideo","modification_date":"2012-02-02"},{"geonameid":"3443356","name":"Cardal","asciiname":"Cardal","alternatenames":["Cardal"],"latitude":"-34.29056","longitude":"-56.38889","feature_class":"P","feature_code":"PPL","country_code":"UY","cc2":"","admin1_code":"07","admin2_code":"","admin3_code":"","admin4_code":"","population":"1291","elevation":"","dem":"53","timezone":"America/Montevideo","modification_date":"2013-04-04"},{"geonameid":"3443413","name":"Canelones","asciiname":"Canelones","alternatenames":["Guadalupe","Villa de Canelones"],"latitude":"-34.52278","longitude":"-56.27778","feature_class":"P","feature_code":"PPLA","country_code":"UY","cc2":"","admin1_code":"02","admin2_code":"","admin3_code":"","admin4_code":"","population":"19698","elevation":"","dem":"18","timezone":"America/Montevideo","modification_date":"2012-02-14"},{"geonameid":"3443588","name":"Blanquillo","asciiname":"Blanquillo","alternatenames":[""],"latitude":"-32.76667","longitude":"-55.63333","feature_class":"P","feature_code":"PPL","country_code":"UY","cc2":"","admin1_code":"05","admin2_code":"","admin3_code":"","admin4_code":"","population":"1170","elevation":"","dem":"91","timezone":"America/Montevideo","modification_date":"2006-01-17"},{"geonameid":"3443631","name":"Bella Unión","asciiname":"Bella Union","alternatenames":["Bella Union","Bella Unión","Santa Rosa","Santa Rosa del Cuareim"],"latitude":"-30.27522","longitude":"-57.6007","feature_class":"P","feature_code":"PPL","country_code":"UY","cc2":"","admin1_code":"01","admin2_code":"","admin3_code":"","admin4_code":"","population":"13171","elevation":"","dem":"47","timezone":"America/Montevideo","modification_date":"2012-01-18"},{"geonameid":"3443644","name":"Belén","asciiname":"Belen","alternatenames":["Belen","Belén"],"latitude":"-30.78333","longitude":"-57.78333","feature_class":"P","feature_code":"PPL","country_code":"UY","cc2":"","admin1_code":"15","admin2_code":"","admin3_code":"","admin4_code":"","population":"2033","elevation":"","dem":"32","timezone":"America/Montevideo","modification_date":"2012-02-02"},{"geonameid":"3443697","name":"Baltasar Brum","asciiname":"Baltasar Brum","alternatenames":["Baltasar Brum","Cabellos","Estacion Isla Cabello","Estacion Isla de Cabello","Estación Isla Cabello","Estación Isla de Cabello","Isla Cabello","Isla Cabellos","Isla de Cabellos","Pueblo Isla Cabellos"],"latitude":"-30.71295","longitude":"-57.32728","feature_class":"P","feature_code":"PPL","country_code":"UY","cc2":"","admin1_code":"01","admin2_code":"","admin3_code":"","admin4_code":"","population":"2517","elevation":"","dem":"146","timezone":"America/Montevideo","modification_date":"2012-01-18"},{"geonameid":"3443737","name":"Atlántida","asciiname":"Atlantida","alternatenames":["Atlantida","Atlántida","Playa Atlantida","Playa Atlántida"],"latitude":"-34.7719","longitude":"-55.7584","feature_class":"P","feature_code":"PPL","country_code":"UY","cc2":"","admin1_code":"02","admin2_code":"","admin3_code":"","admin4_code":"","population":"4669","elevation":"","dem":"22","timezone":"America/Montevideo","modification_date":"2011-08-10"},{"geonameid":"3443758","name":"Artigas","asciiname":"Artigas","alternatenames":["ATI","Artigas","Artigasas","San Eugenio","a di jia si","aleutigaseu","artygas  arwgwyh","arutigasu","Артигас","آرتیگاس، اروگوئه","アルティガス","阿蒂加斯","아르티가스"],"latitude":"-30.4","longitude":"-56.46667","feature_class":"P","feature_code":"PPLA","country_code":"UY","cc2":"","admin1_code":"01","admin2_code":"","admin3_code":"","admin4_code":"","population":"41909","elevation":"","dem":"113","timezone":"America/Montevideo","modification_date":"2012-02-14"},{"geonameid":"3443909","name":"Aiguá","asciiname":"Aigua","alternatenames":["Aigua","Aiguá","Pueblo de Aigua","Pueblo de Aiguá"],"latitude":"-34.2","longitude":"-54.75","feature_class":"P","feature_code":"PPL","country_code":"UY","cc2":"","admin1_code":"09","admin2_code":"","admin3_code":"","admin4_code":"","population":"2692","elevation":"","dem":"103","timezone":"America/Montevideo","modification_date":"2012-01-18"},{"geonameid":"3443928","name":"Aguas Corrientes","asciiname":"Aguas Corrientes","alternatenames":["Aguas Corrientes"],"latitude":"-34.52194","longitude":"-56.39361","feature_class":"P","feature_code":"PPL","country_code":"UY","cc2":"","admin1_code":"02","admin2_code":"","admin3_code":"","admin4_code":"","population":"1101","elevation":"","dem":"14","timezone":"America/Montevideo","modification_date":"2012-02-02"},{"geonameid":"3443952","name":"Aceguá","asciiname":"Acegua","alternatenames":["Acegua","Aceguá"],"latitude":"-31.86667","longitude":"-54.2","feature_class":"P","feature_code":"PPL","country_code":"UY","cc2":"","admin1_code":"03","admin2_code":"","admin3_code":"","admin4_code":"","population":"1501","elevation":"","dem":"177","timezone":"America/Montevideo","modification_date":"2012-02-02"},{"geonameid":"3480812","name":"Puntas de Valdez","asciiname":"Puntas de Valdez","alternatenames":["Puntas de Valdez"],"latitude":"-34.58389","longitude":"-56.69944","feature_class":"P","feature_code":"PPL","country_code":"UY","cc2":"","admin1_code":"16","admin2_code":"","admin3_code":"","admin4_code":"","population":"1312","elevation":"","dem":"52","timezone":"America/Montevideo","modification_date":"2012-01-20"},{"geonameid":"3480820","name":"Colonia Nicolich","asciiname":"Colonia Nicolich","alternatenames":["Colonia Nicolich"],"latitude":"-34.81306","longitude":"-56.04472","feature_class":"P","feature_code":"PPL","country_code":"UY","cc2":"","admin1_code":"02","admin2_code":"","admin3_code":"","admin4_code":"","population":"8902","elevation":"","dem":"11","timezone":"America/Montevideo","modification_date":"2012-01-20"},{"geonameid":"3480822","name":"Barra de Carrasco","asciiname":"Barra de Carrasco","alternatenames":["Barra de Carrasco"],"latitude":"-34.87722","longitude":"-56.02972","feature_class":"P","feature_code":"PPL","country_code":"UY","cc2":"","admin1_code":"02","admin2_code":"","admin3_code":"","admin4_code":"","population":"4824","elevation":"","dem":"4","timezone":"America/Montevideo","modification_date":"2012-01-20"},{"geonameid":"3480825","name":"Pajas Blancas","asciiname":"Pajas Blancas","alternatenames":["Pajas Blancas"],"latitude":"-34.80167","longitude":"-56.33417","feature_class":"P","feature_code":"PPL","country_code":"UY","cc2":"","admin1_code":"10","admin2_code":"","admin3_code":"","admin4_code":"","population":"2000","elevation":"","dem":"24","timezone":"America/Montevideo","modification_date":"2012-02-29"},{"geonameid":"3439525","name":"Young","asciiname":"Young","alternatenames":["Young"],"latitude":"-32.68333","longitude":"-57.63333","feature_class":"P","feature_code":"PPL","country_code":"UY","cc2":"","admin1_code":"12","admin2_code":"","admin3_code":"","admin4_code":"","population":"15924","elevation":"","dem":"85","timezone":"America/Montevideo","modification_date":"2012-02-02"},{"geonameid":"3439748","name":"Trinidad","asciiname":"Trinidad","alternatenames":["Porongos","Trinidad","Trinidadas","Villa de Porongos","Villa de Trinidad","Villa de la Santisima Trinidad","Villa de la Santísima Trinidad","Villa de la Trinidad","te li ni da","torinida","trynydad  arwgwyh","Тринидад","Трінідад","ترینیداد، اروگوئه","トリニダ","特立尼達"],"latitude":"-33.5165","longitude":"-56.89957","feature_class":"P","feature_code":"PPLA","country_code":"UY","cc2":"","admin1_code":"06","admin2_code":"","admin3_code":"","admin4_code":"","population":"21429","elevation":"","dem":"142","timezone":"America/Montevideo","modification_date":"2013-08-06"},{"geonameid":"3439749","name":"Trinidad","asciiname":"Trinidad","alternatenames":[""],"latitude":"-33.53889","longitude":"-56.88861","feature_class":"P","feature_code":"PPL","country_code":"UY","cc2":"","admin1_code":"06","admin2_code":"","admin3_code":"","admin4_code":"","population":"21093","elevation":"","dem":"137","timezone":"America/Montevideo","modification_date":"2006-01-17"},{"geonameid":"3439781","name":"Treinta y Tres","asciiname":"Treinta y Tres","alternatenames":["Treinta y Tres","Villa de Treinta y Tres"],"latitude":"-33.23333","longitude":"-54.38333","feature_class":"P","feature_code":"PPLA","country_code":"UY","cc2":"","admin1_code":"19","admin2_code":"","admin3_code":"","admin4_code":"","population":"25653","elevation":"","dem":"52","timezone":"America/Montevideo","modification_date":"2012-02-17"},{"geonameid":"3439787","name":"Tranqueras","asciiname":"Tranqueras","alternatenames":["Paso Tranqueras","Tranqueras"],"latitude":"-31.2","longitude":"-55.75","feature_class":"P","feature_code":"PPL","country_code":"UY","cc2":"","admin1_code":"13","admin2_code":"","admin3_code":"","admin4_code":"","population":"7474","elevation":"","dem":"187","timezone":"America/Montevideo","modification_date":"2012-01-18"},{"geonameid":"3439902","name":"Tarariras","asciiname":"Tarariras","alternatenames":["J. Suarez","J. Suárez","Joaquin Suarez","Joaquín Suárez","Suarez","Suárez","Tarariras"],"latitude":"-34.26555","longitude":"-57.61866","feature_class":"P","feature_code":"PPL","country_code":"UY","cc2":"","admin1_code":"04","admin2_code":"","admin3_code":"","admin4_code":"","population":"6069","elevation":"","dem":"92","timezone":"America/Montevideo","modification_date":"2015-06-14"},{"geonameid":"3440034","name":"Tacuarembó","asciiname":"Tacuarembo","alternatenames":["San Fructuoso","Tacuarembo","Tacuarembó","Takuarembo","Villa de San Fructuoso","Villa de Tacuarembo","ta kua lun bo","takualembo","takuarenbo","takwyarmbw","Такуарембо","تاکوئارمبو","タクアレンボー","塔夸伦博","타쿠아렘보"],"latitude":"-31.73333","longitude":"-55.98333","feature_class":"P","feature_code":"PPLA","country_code":"UY","cc2":"","admin1_code":"18","admin2_code":"","admin3_code":"","admin4_code":"","population":"51854","elevation":"","dem":"151","timezone":"America/Montevideo","modification_date":"2012-02-17"},{"geonameid":"3440379","name":"Sauce","asciiname":"Sauce","alternatenames":["Sauce"],"latitude":"-34.64694","longitude":"-56.06278","feature_class":"P","feature_code":"PPL","country_code":"UY","cc2":"","admin1_code":"02","admin2_code":"","admin3_code":"","admin4_code":"","population":"5910","elevation":"","dem":"49","timezone":"America/Montevideo","modification_date":"2012-02-02"},{"geonameid":"3440394","name":"Sarandí Grande","asciiname":"Sarandi Grande","alternatenames":["Sarandi","Sarandi Grande","Sarandí","Sarandí Grande","Villa Sarandi","Villa Sarandí"],"latitude":"-33.73333","longitude":"-56.33333","feature_class":"P","feature_code":"PPL","country_code":"UY","cc2":"","admin1_code":"07","admin2_code":"","admin3_code":"","admin4_code":"","population":"6441","elevation":"","dem":"132","timezone":"America/Montevideo","modification_date":"2012-01-18"},{"geonameid":"3440400","name":"Sarandí del Yi","asciiname":"Sarandi del Yi","alternatenames":["Sarandi del Yi","Sarandí del Yi"],"latitude":"-33.35","longitude":"-55.63333","feature_class":"P","feature_code":"PPL","country_code":"UY","cc2":"","admin1_code":"05","admin2_code":"","admin3_code":"","admin4_code":"","population":"7367","elevation":"","dem":"126","timezone":"America/Montevideo","modification_date":"2012-02-02"},{"geonameid":"3440571","name":"Santa Lucía","asciiname":"Santa Lucia","alternatenames":["San Juan Bautista","Santa Lucia","Santa Lucía"],"latitude":"-34.45333","longitude":"-56.39056","feature_class":"P","feature_code":"PPL","country_code":"UY","cc2":"","admin1_code":"02","admin2_code":"","admin3_code":"","admin4_code":"","population":"16438","elevation":"","dem":"24","timezone":"America/Montevideo","modification_date":"2012-01-18"},{"geonameid":"3440596","name":"San Ramón","asciiname":"San Ramon","alternatenames":["San Ramon","San Ramón"],"latitude":"-34.3","longitude":"-55.96667","feature_class":"P","feature_code":"PPL","country_code":"UY","cc2":"","admin1_code":"02","admin2_code":"","admin3_code":"","admin4_code":"","population":"7008","elevation":"","dem":"52","timezone":"America/Montevideo","modification_date":"2012-02-02"},{"geonameid":"3440639","name":"San José de Mayo","asciiname":"San Jose de Mayo","alternatenames":["Ciudad de San Jose","Ciudad de San José","San Chose de Majas","San Jose","San Jose de Mayo","San José","San José de Mayo","San Khose de Majo","San-Khose-de-Majo","sheng he sai de ma yue","sn khwzh d mayw","Сан Хосе де Майо","Сан-Хосе-де-Майо","سن خوزه د مایو","聖何塞德馬約"],"latitude":"-34.3375","longitude":"-56.71361","feature_class":"P","feature_code":"PPLA","country_code":"UY","cc2":"","admin1_code":"16","admin2_code":"","admin3_code":"","admin4_code":"","population":"36529","elevation":"","dem":"52","timezone":"America/Montevideo","modification_date":"2012-01-16"},{"geonameid":"3440696","name":"San Carlos","asciiname":"San Carlos","alternatenames":["San Carlos","Villa de San Carlos"],"latitude":"-34.8","longitude":"-54.91667","feature_class":"P","feature_code":"PPL","country_code":"UY","cc2":"","admin1_code":"09","admin2_code":"","admin3_code":"","admin4_code":"","population":"24938","elevation":"","dem":"6","timezone":"America/Montevideo","modification_date":"2012-01-18"},{"geonameid":"3440714","name":"Salto","asciiname":"Salto","alternatenames":["Ciudad del Salto","STY","Sal'to","Salta","Saltas","Salto","sa er tuo","sal to","salato","salto","saltw","saltw  arwgwyh","saruto","sltw","Салто","Сальто","סלטו","سالتو","سالتو، اروگوئه","সালতো","ซัลโต","サルト","萨尔托","살토"],"latitude":"-31.38333","longitude":"-57.96667","feature_class":"P","feature_code":"PPLA","country_code":"UY","cc2":"","admin1_code":"15","admin2_code":"","admin3_code":"","admin4_code":"","population":"99823","elevation":"","dem":"18","timezone":"America/Montevideo","modification_date":"2012-02-14"},{"geonameid":"3440747","name":"Rosario","asciiname":"Rosario","alternatenames":["Rosario","Villa del Rosario"],"latitude":"-34.31667","longitude":"-57.35","feature_class":"P","feature_code":"PPL","country_code":"UY","cc2":"","admin1_code":"04","admin2_code":"","admin3_code":"","admin4_code":"","population":"9308","elevation":"","dem":"26","timezone":"America/Montevideo","modification_date":"2012-01-18"},{"geonameid":"3440777","name":"Rocha","asciiname":"Rocha","alternatenames":["Ciudad de Rocha","Roca","Rocha","Roča","luo qia","rocha","Роча","ロチャ","羅恰"],"latitude":"-34.48333","longitude":"-54.33333","feature_class":"P","feature_code":"PPLA","country_code":"UY","cc2":"","admin1_code":"14","admin2_code":"","admin3_code":"","admin4_code":"","population":"25515","elevation":"","dem":"30","timezone":"America/Montevideo","modification_date":"2012-02-17"},{"geonameid":"3440781","name":"Rivera","asciiname":"Rivera","alternatenames":["RVY","Rivera","Villa de Rivera","li wei la","ri be ra","ribera","rybrh","ryfyra","rywra","Ривера","ריברה","ريفيرا","ریورا","রিবেরা","รีเบรา","リベラ","里韦拉"],"latitude":"-30.90534","longitude":"-55.55076","feature_class":"P","feature_code":"PPLA","country_code":"UY","cc2":"","admin1_code":"13","admin2_code":"","admin3_code":"","admin4_code":"","population":"64631","elevation":"","dem":"194","timezone":"America/Montevideo","modification_date":"2012-02-17"},{"geonameid":"3440791","name":"Río Branco","asciiname":"Rio Branco","alternatenames":["Artigas","La Cuchilla","Rio Branco","Río Branco"],"latitude":"-32.59802","longitude":"-53.38583","feature_class":"P","feature_code":"PPL","country_code":"UY","cc2":"","admin1_code":"03","admin2_code":"","admin3_code":"","admin4_code":"","population":"13567","elevation":"","dem":"9","timezone":"America/Montevideo","modification_date":"2013-03-07"},{"geonameid":"3440939","name":"Punta del Este","asciiname":"Punta del Este","alternatenames":["PDP","Pounta ntel Este","Punta del Este","Punta del Estė","Punta del' Ehste","Punta-del'-Ehste","Punte del Este","ai si te jiao cheng","pun ta del xe s te","pwnta dl asth","Πούντα ντελ Έστε","Пунта дел Есте","Пунта дель Эсте","Пунта-дель-Эсте","פונטה דל אסטה","پونتا دل استه","ปุนตาเดลเอสเต","プンタ・デル・エステ","埃斯特角城"],"latitude":"-34.96667","longitude":"-54.95","feature_class":"P","feature_code":"PPL","country_code":"UY","cc2":"","admin1_code":"09","admin2_code":"","admin3_code":"","admin4_code":"","population":"7234","elevation":"","dem":"13","timezone":"America/Montevideo","modification_date":"2013-02-03"},{"geonameid":"3440963","name":"Progreso","asciiname":"Progreso","alternatenames":["Ingeniero Eduardo Garcia de Zuniga","Ingeniero Eduardo García de Zúñiga","Progreso"],"latitude":"-34.665","longitude":"-56.21944","feature_class":"P","feature_code":"PPL","country_code":"UY","cc2":"","admin1_code":"02","admin2_code":"","admin3_code":"","admin4_code":"","population":"15973","elevation":"","dem":"55","timezone":"America/Montevideo","modification_date":"2012-01-18"},{"geonameid":"3441074","name":"Piriápolis","asciiname":"Piriapolis","alternatenames":["Piriapolis","pi li ya bo li si","pyryaplys","Пириаполис","پیریاپلیس","皮里亞波利斯"],"latitude":"-34.86287","longitude":"-55.27471","feature_class":"P","feature_code":"PPL","country_code":"UY","cc2":"","admin1_code":"09","admin2_code":"","admin3_code":"","admin4_code":"","population":"7968","elevation":"0","dem":"17","timezone":"America/Montevideo","modification_date":"2015-03-26"},{"geonameid":"3441243","name":"Paysandú","asciiname":"Paysandu","alternatenames":["Ciudad de Paysandu","Ciudad de Paysandú","Gorad Pajsandu","Paisandu","Pajsandu","Paysandu","Paysandú","pai sang du","paisando~u","paisandu","payasandu","paysandw","piy san du","Горад Пайсанду","Пайсанду","پایساندو","পায়সান্দু","ไปย์ซันดู","パイサンドゥー","派桑杜","파이산두"],"latitude":"-32.32139","longitude":"-58.07556","feature_class":"P","feature_code":"PPLA","country_code":"UY","cc2":"","admin1_code":"11","admin2_code":"","admin3_code":"","admin4_code":"","population":"73249","elevation":"","dem":"49","timezone":"America/Montevideo","modification_date":"2012-02-17"},{"geonameid":"3441273","name":"Paso de los Toros","asciiname":"Paso de los Toros","alternatenames":["Paso de los Toros","Santa Isabel"],"latitude":"-32.81667","longitude":"-56.51667","feature_class":"P","feature_code":"PPL","country_code":"UY","cc2":"","admin1_code":"18","admin2_code":"","admin3_code":"","admin4_code":"","population":"13221","elevation":"","dem":"57","timezone":"America/Montevideo","modification_date":"2015-02-13"},{"geonameid":"3441292","name":"Paso de Carrasco","asciiname":"Paso de Carrasco","alternatenames":["Paso de Carrasco"],"latitude":"-34.86028","longitude":"-56.05222","feature_class":"P","feature_code":"PPL","country_code":"UY","cc2":"","admin1_code":"02","admin2_code":"","admin3_code":"","admin4_code":"","population":"15393","elevation":"","dem":"9","timezone":"America/Montevideo","modification_date":"2013-04-04"},{"geonameid":"3441354","name":"Pando","asciiname":"Pando","alternatenames":["Pando","Villa de Pando","Пандо"],"latitude":"-34.71667","longitude":"-55.95","feature_class":"P","feature_code":"PPL","country_code":"UY","cc2":"","admin1_code":"02","admin2_code":"","admin3_code":"","admin4_code":"","population":"24047","elevation":"","dem":"10","timezone":"America/Montevideo","modification_date":"2012-01-18"},{"geonameid":"3441358","name":"Pan de Azúcar","asciiname":"Pan de Azucar","alternatenames":["Pan de Azucar","Pan de Azúcar"],"latitude":"-34.7787","longitude":"-55.23582","feature_class":"P","feature_code":"PPL","country_code":"UY","cc2":"","admin1_code":"09","admin2_code":"","admin3_code":"","admin4_code":"","population":"7180","elevation":"","dem":"22","timezone":"America/Montevideo","modification_date":"2014-12-21"},{"geonameid":"3441481","name":"Nueva Palmira","asciiname":"Nueva Palmira","alternatenames":["Nueva Palmira"],"latitude":"-33.88333","longitude":"-58.41667","feature_class":"P","feature_code":"PPL","country_code":"UY","cc2":"","admin1_code":"04","admin2_code":"","admin3_code":"","admin4_code":"","population":"9335","elevation":"","dem":"18","timezone":"America/Montevideo","modification_date":"2012-01-18"},{"geonameid":"3441483","name":"Nueva Helvecia","asciiname":"Nueva Helvecia","alternatenames":["Nueva Helvecia"],"latitude":"-34.3","longitude":"-57.23333","feature_class":"P","feature_code":"PPL","country_code":"UY","cc2":"","admin1_code":"04","admin2_code":"","admin3_code":"","admin4_code":"","population":"10054","elevation":"","dem":"52","timezone":"America/Montevideo","modification_date":"2012-01-18"},{"geonameid":"3441575","name":"Montevideo","asciiname":"Montevideo","alternatenames":["Ciudad de Montevideo","Gorad Mantehvideha","MVD","Monsvideus","Montebideo","Montevidejas","Montevideo","Montevideu","Montevidiejos","Montevidéu","Montevidėjas","Montevídeó","Muntivideu","Muntividew","Muntividèu","Muntividëw","mamtevhidiyo","mantibhiri'o","meantevidiyea","meng de wei de ya","meng te wei duo","montebide'o","montebide-o","montebideo","montevidi'o","montevidiyo","montevitiyo","mwntyfydyw","mxn te wi de xo","Μοντεβιδέο","Горад Мантэвідэа","Монтевидео","Монтевідео","Մոնտևիդեո","מאנטעווידעא","מונטווידאו","مونته‌ویدئ","مونته‌ویدئو","مونتيفيديو","مونتېۋىدېئو","مونٹیویڈیو","माँटेव्हिडीयो","मोण्टेवीडियो","মোন্তেবিদেও","ਮੋਂਤੇਵੀਦਿਓ","ମଣ୍ଟିଭିଡ଼ିଓ","மொண்டேவீடியோ","മൊണ്ടേവീഡിയോ","มอนเตวิเดโอ","མཱོན་ཊི་ཝི་ཌོ།","မွန်တီဗစ်ဒီအိုမြို့","მონტევიდეო","ሞንቴቪዴዎ","モンテビデオ","蒙得维的亚","蒙特維多","몬테비데오"],"latitude":"-34.90328","longitude":"-56.18816","feature_class":"P","feature_code":"PPLC","country_code":"UY","cc2":"","admin1_code":"10","admin2_code":"","admin3_code":"","admin4_code":"","population":"1270737","elevation":"","dem":"34","timezone":"America/Montevideo","modification_date":"2013-09-16"},{"geonameid":"3441665","name":"Minas","asciiname":"Minas","alternatenames":["Ciudad de Minas","Lavalleja","Minas","Minasas","mi na si","minaseu","minasu","mynas  arwgwyh","Минас","میناس، اروگوئه","ミナス","米納斯","미나스"],"latitude":"-34.37589","longitude":"-55.23771","feature_class":"P","feature_code":"PPLA","country_code":"UY","cc2":"","admin1_code":"08","admin2_code":"","admin3_code":"","admin4_code":"","population":"38025","elevation":"","dem":"134","timezone":"America/Montevideo","modification_date":"2012-02-17"},{"geonameid":"3441684","name":"Mercedes","asciiname":"Mercedes","alternatenames":["Ciudad de Mercedes","Mercedes","Mersedes","Mersedesas","mei sai de si","mersedesa","merusedesu","mrsds  arwgwyh","Мерседес","مرسدس، اروگوئه","মের্সেদেস","メルセデス","梅塞德斯"],"latitude":"-33.2524","longitude":"-58.03047","feature_class":"P","feature_code":"PPLA","country_code":"UY","cc2":"","admin1_code":"17","admin2_code":"","admin3_code":"","admin4_code":"","population":"42359","elevation":"","dem":"29","timezone":"America/Montevideo","modification_date":"2012-02-17"},{"geonameid":"3441702","name":"Melo","asciiname":"Melo","alternatenames":["Ciudad de Melo","MLZ","Mel","Melas","Melo","mei luo","mello","melo","mlw  arwgwyh","Мел","Мело","ملو، اروگوئه","মেলো","梅洛","멜로"],"latitude":"-32.36667","longitude":"-54.18333","feature_class":"P","feature_code":"PPLA","country_code":"UY","cc2":"","admin1_code":"03","admin2_code":"","admin3_code":"","admin4_code":"","population":"51023","elevation":"","dem":"101","timezone":"America/Montevideo","modification_date":"2012-01-16"},{"geonameid":"3441894","name":"Maldonado","asciiname":"Maldonado","alternatenames":["Mal'donado","Maldonadas","Maldonado","San Fernando de Maldonado","ma er duo na duo","maldonado","maldwnadw  arwgwyh","marudonado","Малдонадо","Мальдонадо","مالدونادو، اروگوئه","マルドナド","馬爾多納多","말도나도"],"latitude":"-34.9","longitude":"-54.95","feature_class":"P","feature_code":"PPLA","country_code":"UY","cc2":"","admin1_code":"09","admin2_code":"","admin3_code":"","admin4_code":"","population":"55478","elevation":"","dem":"30","timezone":"America/Montevideo","modification_date":"2012-02-17"},{"geonameid":"3441988","name":"Libertad","asciiname":"Libertad","alternatenames":["Liberfad","Libertad"],"latitude":"-34.63333","longitude":"-56.61917","feature_class":"P","feature_code":"PPL","country_code":"UY","cc2":"","admin1_code":"16","admin2_code":"","admin3_code":"","admin4_code":"","population":"9311","elevation":"","dem":"39","timezone":"America/Montevideo","modification_date":"2012-01-18"},{"geonameid":"3442057","name":"Las Piedras","asciiname":"Las Piedras","alternatenames":["Las Piedras","Las-P'edras","Piedras","San Isidrio","Villa de las Piedras","Лас-Пьедрас"],"latitude":"-34.72639","longitude":"-56.22","feature_class":"P","feature_code":"PPL","country_code":"UY","cc2":"","admin1_code":"02","admin2_code":"","admin3_code":"","admin4_code":"","population":"69682","elevation":"","dem":"73","timezone":"America/Montevideo","modification_date":"2012-02-22"},{"geonameid":"3442071","name":"Lascano","asciiname":"Lascano","alternatenames":["Lascano","Lazcano"],"latitude":"-33.66667","longitude":"-54.2","feature_class":"P","feature_code":"PPL","country_code":"UY","cc2":"","admin1_code":"14","admin2_code":"","admin3_code":"","admin4_code":"","population":"6976","elevation":"","dem":"29","timezone":"America/Montevideo","modification_date":"2012-01-18"},{"geonameid":"3442098","name":"La Paz","asciiname":"La Paz","alternatenames":["La Paz"],"latitude":"-34.76167","longitude":"-56.22361","feature_class":"P","feature_code":"PPL","country_code":"UY","cc2":"","admin1_code":"02","admin2_code":"","admin3_code":"","admin4_code":"","population":"19913","elevation":"","dem":"52","timezone":"America/Montevideo","modification_date":"2012-02-02"},{"geonameid":"3442206","name":"Juan L. Lacaze","asciiname":"Juan L. Lacaze","alternatenames":["J.L. Lacaze","Juan L. Lacaze","Juan Lacaze","Pueblo Juan L. Lacaze"],"latitude":"-34.43333","longitude":"-57.41667","feature_class":"P","feature_code":"PPL","country_code":"UY","cc2":"","admin1_code":"04","admin2_code":"","admin3_code":"","admin4_code":"","population":"13223","elevation":"","dem":"5","timezone":"America/Montevideo","modification_date":"2012-01-18"},{"geonameid":"3442221","name":"José Pedro Varela","asciiname":"Jose Pedro Varela","alternatenames":["J.P. Varela","Jose P. Varela","Jose Pedro Varela","José P. Varela","José Pedro Varela"],"latitude":"-33.45","longitude":"-54.53333","feature_class":"P","feature_code":"PPL","country_code":"UY","cc2":"","admin1_code":"08","admin2_code":"","admin3_code":"","admin4_code":"","population":"5388","elevation":"","dem":"66","timezone":"America/Montevideo","modification_date":"2012-01-18"},{"geonameid":"3442236","name":"Joaquín Suárez","asciiname":"Joaquin Suarez","alternatenames":["J. Suarez","Joaquin Suarez","Joaquín Suárez","Pueblo Joaquin Suarez","Pueblo Joaquín Suárez","Suarez","Suárez"],"latitude":"-34.73361","longitude":"-56.03667","feature_class":"P","feature_code":"PPL","country_code":"UY","cc2":"","admin1_code":"02","admin2_code":"","admin3_code":"","admin4_code":"","population":"6257","elevation":"","dem":"58","timezone":"America/Montevideo","modification_date":"2012-01-18"},{"geonameid":"3442398","name":"Guichón","asciiname":"Guichon","alternatenames":["Guichon","Guichón"],"latitude":"-32.35","longitude":"-57.2","feature_class":"P","feature_code":"PPL","country_code":"UY","cc2":"","admin1_code":"11","admin2_code":"","admin3_code":"","admin4_code":"","population":"5051","elevation":"","dem":"85","timezone":"America/Montevideo","modification_date":"2012-02-02"},{"geonameid":"3442568","name":"Fray Bentos","asciiname":"Fray Bentos","alternatenames":["Frai Bentosas","Fraj Bentos","Fraj-Bentos","Fray Bentos","Independencia","Villa Fray Bentos","Villa Independencia","Villa de Fray Bentos","fry bntws","fu lai ben tuo si","peulaibentoseu","Фрай Бентос","Фрай-Бентос","فری بنتوس","弗賴本托斯","프라이벤토스"],"latitude":"-33.1325","longitude":"-58.29556","feature_class":"P","feature_code":"PPLA","country_code":"UY","cc2":"","admin1_code":"12","admin2_code":"","admin3_code":"","admin4_code":"","population":"23279","elevation":"","dem":"24","timezone":"America/Montevideo","modification_date":"2012-01-16"},{"geonameid":"3442585","name":"Florida","asciiname":"Florida","alternatenames":["Ciudad de la Florida","Florida","Флорида"],"latitude":"-34.09556","longitude":"-56.21417","feature_class":"P","feature_code":"PPLA","country_code":"UY","cc2":"","admin1_code":"07","admin2_code":"","admin3_code":"","admin4_code":"","population":"32234","elevation":"","dem":"74","timezone":"America/Montevideo","modification_date":"2012-02-17"},{"geonameid":"3442727","name":"Durazno","asciiname":"Durazno","alternatenames":["DZO","Duranzo","Durasnas","Durasno","do~urasuno","du la si nuo","dulajeuno","dwraznw","Дурасно","دورازنو","ドゥラスノ","杜拉斯諾","두라즈노"],"latitude":"-33.41306","longitude":"-56.50056","feature_class":"P","feature_code":"PPLA","country_code":"UY","cc2":"","admin1_code":"05","admin2_code":"","admin3_code":"","admin4_code":"","population":"33926","elevation":"","dem":"89","timezone":"America/Montevideo","modification_date":"2012-02-14"},{"geonameid":"3442750","name":"Dolores","asciiname":"Dolores","alternatenames":["Dolores"],"latitude":"-33.53009","longitude":"-58.21701","feature_class":"P","feature_code":"PPL","country_code":"UY","cc2":"","admin1_code":"17","admin2_code":"","admin3_code":"","admin4_code":"","population":"15880","elevation":"","dem":"22","timezone":"America/Montevideo","modification_date":"2012-09-18"},{"geonameid":"3442778","name":"Delta del Tigre","asciiname":"Delta del Tigre","alternatenames":[""],"latitude":"-34.76488","longitude":"-56.3645","feature_class":"P","feature_code":"PPL","country_code":"UY","cc2":"","admin1_code":"16","admin2_code":"","admin3_code":"","admin4_code":"","population":"17973","elevation":"","dem":"5","timezone":"America/Montevideo","modification_date":"2015-02-13"},{"geonameid":"3443013","name":"Colonia del Sacramento","asciiname":"Colonia del Sacramento","alternatenames":["CYR","Ciudad de la Colonia del Sacramento","Colonia","Colonia del Sacramento","Colonia do Sacramento","Colônia do Sacramento","Kolonia ntel Sakramento","Kolonija","Kolonija del Sakramentas","Kolonija del Sakramento","Kolonija del' Sakramento","Kolonija-del'-Sakramento","La Ciudad de Colonia","Sacramento","ke luo ni ya de er sa ke la men tuo","kolloniadelsakeulamento","koloniya dela sakramento","kwlwnya dl sakramntw","qwlwnyh dl sqrmntw","Κολόνια ντελ Σακραμέντο","Колония дел Сакраменто","Колония дель Сакраменто","Колония-дель-Сакраменто","Колонија дел Сакраменто","Колонія-дель-Сакраменто","קולוניה דל סקרמנטו","کولونیا دل ساکرامنتو","কোলোনিয়া দেল সাক্রামেন্তো","კოლონია-დელ-საკრამენტო","コロニア・デル・サクラメント","科洛尼亞德爾薩克拉門托","콜로니아델사크라멘토"],"latitude":"-34.46262","longitude":"-57.83976","feature_class":"P","feature_code":"PPLA","country_code":"UY","cc2":"","admin1_code":"04","admin2_code":"","admin3_code":"","admin4_code":"","population":"21714","elevation":"","dem":"30","timezone":"America/Montevideo","modification_date":"2013-05-09"},{"geonameid":"3443061","name":"Chuy","asciiname":"Chuy","alternatenames":["Chuj","Chuy","Чуй"],"latitude":"-33.69707","longitude":"-53.46162","feature_class":"P","feature_code":"PPL","country_code":"UY","cc2":"","admin1_code":"14","admin2_code":"","admin3_code":"","admin4_code":"","population":"10485","elevation":"","dem":"18","timezone":"America/Montevideo","modification_date":"2011-12-08"},{"geonameid":"3443289","name":"Castillos","asciiname":"Castillos","alternatenames":["Castillos","Palmara de Castillos","Pueblo de San Vicente de Castillos","San Vicente de Castillos"],"latitude":"-34.19871","longitude":"-53.85919","feature_class":"P","feature_code":"PPL","country_code":"UY","cc2":"","admin1_code":"14","admin2_code":"","admin3_code":"","admin4_code":"","population":"7686","elevation":"","dem":"33","timezone":"America/Montevideo","modification_date":"2014-12-21"},{"geonameid":"3443341","name":"Carmelo","asciiname":"Carmelo","alternatenames":["Carmelo","Las Viboras","Las Víboras"],"latitude":"-34.00023","longitude":"-58.28402","feature_class":"P","feature_code":"PPL","country_code":"UY","cc2":"","admin1_code":"04","admin2_code":"","admin3_code":"","admin4_code":"","population":"16921","elevation":"","dem":"13","timezone":"America/Montevideo","modification_date":"2014-04-17"},{"geonameid":"3443413","name":"Canelones","asciiname":"Canelones","alternatenames":["Guadalupe","Villa de Canelones"],"latitude":"-34.52278","longitude":"-56.27778","feature_class":"P","feature_code":"PPLA","country_code":"UY","cc2":"","admin1_code":"02","admin2_code":"","admin3_code":"","admin4_code":"","population":"19698","elevation":"","dem":"18","timezone":"America/Montevideo","modification_date":"2012-02-14"},{"geonameid":"3443631","name":"Bella Unión","asciiname":"Bella Union","alternatenames":["Bella Union","Bella Unión","Santa Rosa","Santa Rosa del Cuareim"],"latitude":"-30.27522","longitude":"-57.6007","feature_class":"P","feature_code":"PPL","country_code":"UY","cc2":"","admin1_code":"01","admin2_code":"","admin3_code":"","admin4_code":"","population":"13171","elevation":"","dem":"47","timezone":"America/Montevideo","modification_date":"2012-01-18"},{"geonameid":"3443758","name":"Artigas","asciiname":"Artigas","alternatenames":["ATI","Artigas","Artigasas","San Eugenio","a di jia si","aleutigaseu","artygas  arwgwyh","arutigasu","Артигас","آرتیگاس، اروگوئه","アルティガス","阿蒂加斯","아르티가스"],"latitude":"-30.4","longitude":"-56.46667","feature_class":"P","feature_code":"PPLA","country_code":"UY","cc2":"","admin1_code":"01","admin2_code":"","admin3_code":"","admin4_code":"","population":"41909","elevation":"","dem":"113","timezone":"America/Montevideo","modification_date":"2012-02-14"},{"geonameid":"3480820","name":"Colonia Nicolich","asciiname":"Colonia Nicolich","alternatenames":["Colonia Nicolich"],"latitude":"-34.81306","longitude":"-56.04472","feature_class":"P","feature_code":"PPL","country_code":"UY","cc2":"","admin1_code":"02","admin2_code":"","admin3_code":"","admin4_code":"","population":"8902","elevation":"","dem":"11","timezone":"America/Montevideo","modification_date":"2012-01-20"}]}