{"country_data":{"ISO":"VA","ISO3":"VAT","ISO_Numeric":"336","fips":"VT","country":"Vatican","capital":"Vatican City","area":"0.44","Population":"921","Continent":"EU","tld":".va","CurrencyCode":"EUR","CurrencyName":"Euro","Phone":"379","Postal_Code_Format":"#####","Postal_Code_Regex":"^(\\d{5})$","Languages":"la,it,fr","geonameid":"3164670","neighbours":"IT","EquivalentFipsCode":""},"cities":[{"geonameid":"6691831","name":"Vatican City","asciiname":"Vatican City","alternatenames":["Citta del Vaticano","Città del Vaticano","Ciudad del Vaticano","Etat de la Cite du Vatican","Staat Vatikanstadt","Staat der Vatikanstadt","Vatican","Vatican City","Vatican City State","Vaticano","Vatikan","Vatikanas","Vatikanstaden","Vatikanstadt","État de la Cité du Vatican","Ватикан"],"latitude":"41.90236","longitude":"12.45332","feature_class":"P","feature_code":"PPLC","country_code":"VA","cc2":"","admin1_code":"","admin2_code":"","admin3_code":"","admin4_code":"","population":"829","elevation":"55","dem":"62","timezone":"Europe/Vatican","modification_date":"2015-02-26"},{"geonameid":"6691831","name":"Vatican City","asciiname":"Vatican City","alternatenames":["Citta del Vaticano","Città del Vaticano","Ciudad del Vaticano","Etat de la Cite du Vatican","Staat Vatikanstadt","Staat der Vatikanstadt","Vatican","Vatican City","Vatican City State","Vaticano","Vatikan","Vatikanas","Vatikanstaden","Vatikanstadt","État de la Cité du Vatican","Ватикан"],"latitude":"41.90236","longitude":"12.45332","feature_class":"P","feature_code":"PPLC","country_code":"VA","cc2":"","admin1_code":"","admin2_code":"","admin3_code":"","admin4_code":"","population":"829","elevation":"55","dem":"62","timezone":"Europe/Vatican","modification_date":"2015-02-26"}]}