{"country_data":{"ISO":"VN","ISO3":"VNM","ISO_Numeric":"704","fips":"VM","country":"Vietnam","capital":"Hanoi","area":"329560","Population":"89571130","Continent":"AS","tld":".vn","CurrencyCode":"VND","CurrencyName":"Dong","Phone":"84","Postal_Code_Format":"######","Postal_Code_Regex":"^(\\d{6})$","Languages":"vi,en,fr,zh,km","geonameid":"1562822","neighbours":"CN,LA,KH","EquivalentFipsCode":""},"cities":[{"geonameid":"1560037","name":"Yên Vinh","asciiname":"Yen Vinh","alternatenames":[""],"latitude":"18.66667","longitude":"105.66667","feature_class":"P","feature_code":"PPL","country_code":"VN","cc2":"","admin1_code":"58","admin2_code":"","admin3_code":"","admin4_code":"","population":"107082","elevation":"","dem":"12","timezone":"Asia/Ho_Chi_Minh","modification_date":"2012-06-05"},{"geonameid":"1560078","name":"Yên Thành","asciiname":"Yen Thanh","alternatenames":["Yen Thanh","Yên Thành"],"latitude":"18.99856","longitude":"105.47116","feature_class":"P","feature_code":"PPLA2","country_code":"VN","cc2":"","admin1_code":"58","admin2_code":"","admin3_code":"","admin4_code":"","population":"0","elevation":"","dem":"8","timezone":"Asia/Ho_Chi_Minh","modification_date":"2013-10-04"},{"geonameid":"1560143","name":"Yên Ninh","asciiname":"Yen Ninh","alternatenames":["Yen Ninh","Yên Ninh"],"latitude":"20.18396","longitude":"106.06121","feature_class":"P","feature_code":"PPLA2","country_code":"VN","cc2":"","admin1_code":"59","admin2_code":"","admin3_code":"","admin4_code":"","population":"0","elevation":"","dem":"4","timezone":"Asia/Ho_Chi_Minh","modification_date":"2015-07-03"},{"geonameid":"1560166","name":"Thị Trấn Yên Minh","asciiname":"Thi Tran Yen Minh","alternatenames":["Thi Tran Yen Minh","Thị Trấn Yên Minh","Yen Minh","Yên Minh"],"latitude":"23.11792","longitude":"105.14159","feature_class":"P","feature_code":"PPLA2","country_code":"VN","cc2":"","admin1_code":"50","admin2_code":"","admin3_code":"","admin4_code":"","population":"0","elevation":"","dem":"434","timezone":"Asia/Ho_Chi_Minh","modification_date":"2013-03-05"},{"geonameid":"1560227","name":"Yến Lạc","asciiname":"Yen Lac","alternatenames":["Yen Lac","Yên Lạc","Yến Lạc"],"latitude":"22.23693","longitude":"106.18149","feature_class":"P","feature_code":"PPLA2","country_code":"VN","cc2":"","admin1_code":"72","admin2_code":"","admin3_code":"","admin4_code":"","population":"0","elevation":"","dem":"252","timezone":"Asia/Ho_Chi_Minh","modification_date":"2012-09-05"},{"geonameid":"1560229","name":"Yên Lạc","asciiname":"Yen Lac","alternatenames":["Yen Lac","Yên Lac","Yên Lạc"],"latitude":"21.23646","longitude":"105.57297","feature_class":"P","feature_code":"PPLA2","country_code":"VN","cc2":"","admin1_code":"86","admin2_code":"","admin3_code":"","admin4_code":"","population":"0","elevation":"","dem":"15","timezone":"Asia/Ho_Chi_Minh","modification_date":"2013-09-05"},{"geonameid":"1560336","name":"Yên Châu","asciiname":"Yen Chau","alternatenames":["Muong Vat","Yen Chau","Yên Châu"],"latitude":"21.04584","longitude":"104.30101","feature_class":"P","feature_code":"PPLA2","country_code":"VN","cc2":"","admin1_code":"32","admin2_code":"","admin3_code":"","admin4_code":"","population":"0","elevation":"","dem":"294","timezone":"Asia/Ho_Chi_Minh","modification_date":"2015-07-03"},{"geonameid":"1560349","name":"Yên Bái","asciiname":"Yen Bai","alternatenames":["Jenbaj","Yen Bai","Yen Bay","Yên Bái","Йенбай"],"latitude":"21.72288","longitude":"104.9113","feature_class":"P","feature_code":"PPLA","country_code":"VN","cc2":"","admin1_code":"70","admin2_code":"","admin3_code":"","admin4_code":"","population":"96540","elevation":"","dem":"45","timezone":"Asia/Ho_Chi_Minh","modification_date":"2013-05-07"},{"geonameid":"1561914","name":"Cai Doi Vam","asciiname":"Cai Doi Vam","alternatenames":["Cai Doi Vam","Cái Đôi Vàm","Xom Cai Doi Vam","Xóm Cái Đôi Vàm"],"latitude":"8.85707","longitude":"104.81199","feature_class":"P","feature_code":"PPLA2","country_code":"VN","cc2":"","admin1_code":"77","admin2_code":"","admin3_code":"","admin4_code":"","population":"0","elevation":"","dem":"2","timezone":"Asia/Ho_Chi_Minh","modification_date":"2014-09-30"},{"geonameid":"1562176","name":"Trảng Bom","asciiname":"Trang Bom","alternatenames":["Trang Bom","Trảng Bom","Xa Trang Bom","Xã Trảng Bôm"],"latitude":"10.95358","longitude":"107.00589","feature_class":"P","feature_code":"PPLA2","country_code":"VN","cc2":"","admin1_code":"43","admin2_code":"","admin3_code":"","admin4_code":"","population":"0","elevation":"","dem":"61","timezone":"Asia/Ho_Chi_Minh","modification_date":"2014-12-02"},{"geonameid":"1562308","name":"Gia Ray","asciiname":"Gia Ray","alternatenames":["Gia Ray","Xa Gia Ray","Xã Gia Ray"],"latitude":"10.92615","longitude":"107.40172","feature_class":"P","feature_code":"PPLA2","country_code":"VN","cc2":"","admin1_code":"43","admin2_code":"","admin3_code":"","admin4_code":"","population":"0","elevation":"","dem":"178","timezone":"Asia/Ho_Chi_Minh","modification_date":"2014-06-04"},{"geonameid":"1562414","name":"Vũng Tàu","asciiname":"Vung Tau","alternatenames":["Cap-Saint-Jacques","Saint James","VTG","Ville du Cap","Vung Tau","Vungtau","Vũng Tàu","Xa Vung Tau","bungttau","buntau","tou dun shi","Вунгтау","ブンタウ","頭 頓市","붕따우"],"latitude":"10.34599","longitude":"107.08426","feature_class":"P","feature_code":"PPL","country_code":"VN","cc2":"","admin1_code":"45","admin2_code":"","admin3_code":"","admin4_code":"","population":"209683","elevation":"","dem":"10","timezone":"Asia/Ho_Chi_Minh","modification_date":"2014-08-06"},{"geonameid":"1562418","name":"Vũng Liêm","asciiname":"Vung Liem","alternatenames":["Vung Liem","Vũng Liêm"],"latitude":"10.09576","longitude":"106.18548","feature_class":"P","feature_code":"PPLA2","country_code":"VN","cc2":"","admin1_code":"69","admin2_code":"","admin3_code":"","admin4_code":"","population":"0","elevation":"","dem":"5","timezone":"Asia/Ho_Chi_Minh","modification_date":"2014-08-05"},{"geonameid":"1562456","name":"Vụ Bản","asciiname":"Vu Ban","alternatenames":["Vi Ban","Vi Bản","Vu Ban","Vụ Bản"],"latitude":"20.4642","longitude":"105.44348","feature_class":"P","feature_code":"PPLA2","country_code":"VN","cc2":"","admin1_code":"53","admin2_code":"","admin3_code":"","admin4_code":"","population":"0","elevation":"","dem":"47","timezone":"Asia/Ho_Chi_Minh","modification_date":"2015-07-03"},{"geonameid":"1562464","name":"Võ Xu","asciiname":"Vo Xu","alternatenames":["Vo Xu","Võ Xu","Xo Xu","Xõ Xu"],"latitude":"11.18691","longitude":"107.56025","feature_class":"P","feature_code":"PPLA2","country_code":"VN","cc2":"","admin1_code":"47","admin2_code":"","admin3_code":"","admin4_code":"","population":"0","elevation":"","dem":"123","timezone":"Asia/Ho_Chi_Minh","modification_date":"2014-04-29"},{"geonameid":"1562538","name":"Vị Thanh","asciiname":"Vi Thanh","alternatenames":["Duc Long","Vi Tanh","Vi Thanh","Vị Thanh","Đức Long"],"latitude":"9.78449","longitude":"105.47012","feature_class":"P","feature_code":"PPLA","country_code":"VN","cc2":"","admin1_code":"93","admin2_code":"","admin3_code":"","admin4_code":"","population":"24477","elevation":"","dem":"3","timezone":"Asia/Ho_Chi_Minh","modification_date":"2014-09-04"},{"geonameid":"1562548","name":"Vĩnh Yên","asciiname":"Vinh Yen","alternatenames":["Vieh Yen","Vinh Yen","Vĩnh Yên","Yen"],"latitude":"21.30891","longitude":"105.60489","feature_class":"P","feature_code":"PPLA","country_code":"VN","cc2":"","admin1_code":"86","admin2_code":"","admin3_code":"","admin4_code":"","population":"17876","elevation":"","dem":"19","timezone":"Asia/Ho_Chi_Minh","modification_date":"2013-09-05"},{"geonameid":"1562568","name":"Thị Trấn Vĩnh Tuy","asciiname":"Thi Tran Vinh Tuy","alternatenames":["Thi Tran Vinh Tuy","Thị Trấn Vĩnh Tuy","Vinh Tuy","Vĩnh Tuy"],"latitude":"22.27441","longitude":"104.89091","feature_class":"P","feature_code":"PPLA2","country_code":"VN","cc2":"","admin1_code":"50","admin2_code":"","admin3_code":"","admin4_code":"","population":"0","elevation":"","dem":"53","timezone":"Asia/Ho_Chi_Minh","modification_date":"2013-03-05"},{"geonameid":"1562592","name":"Vĩnh Thuận","asciiname":"Vinh Thuan","alternatenames":["Vinh Thuan","Vĩnh Thuận"],"latitude":"9.50802","longitude":"105.25747","feature_class":"P","feature_code":"PPLA2","country_code":"VN","cc2":"","admin1_code":"21","admin2_code":"","admin3_code":"","admin4_code":"","population":"0","elevation":"","dem":"3","timezone":"Asia/Ho_Chi_Minh","modification_date":"2014-08-05"},{"geonameid":"1562611","name":"Vĩnh Thạnh","asciiname":"Vinh Thanh","alternatenames":["Vinh Thanh","Vinh Thinh","Vĩnh Thạnh"],"latitude":"14.10884","longitude":"108.78381","feature_class":"P","feature_code":"PPLA2","country_code":"VN","cc2":"","admin1_code":"46","admin2_code":"","admin3_code":"","admin4_code":"","population":"0","elevation":"","dem":"61","timezone":"Asia/Ho_Chi_Minh","modification_date":"2014-02-06"},{"geonameid":"1562693","name":"Vĩnh Long","asciiname":"Vinh Long","alternatenames":["Vinh Long","Vĩnh Long"],"latitude":"10.25369","longitude":"105.9722","feature_class":"P","feature_code":"PPLA","country_code":"VN","cc2":"","admin1_code":"69","admin2_code":"","admin3_code":"","admin4_code":"","population":"103314","elevation":"","dem":"1","timezone":"Asia/Ho_Chi_Minh","modification_date":"2014-08-05"},{"geonameid":"1562697","name":"Vĩnh Lộc","asciiname":"Vinh Loc","alternatenames":["Nhan Lo","Vinh Loc","Vĩnh Lộc"],"latitude":"20.05438","longitude":"105.61567","feature_class":"P","feature_code":"PPLA2","country_code":"VN","cc2":"","admin1_code":"34","admin2_code":"","admin3_code":"","admin4_code":"","population":"0","elevation":"","dem":"22","timezone":"Asia/Ho_Chi_Minh","modification_date":"2015-07-03"},{"geonameid":"1562773","name":"Vĩnh Châu","asciiname":"Vinh Chau","alternatenames":["Vinh Chau","Vĩnh Châu"],"latitude":"9.32439","longitude":"105.98006","feature_class":"P","feature_code":"PPLA2","country_code":"VN","cc2":"","admin1_code":"65","admin2_code":"","admin3_code":"","admin4_code":"","population":"0","elevation":"","dem":"4","timezone":"Asia/Ho_Chi_Minh","modification_date":"2014-09-04"},{"geonameid":"1562782","name":"Vĩnh Bình","asciiname":"Vinh Binh","alternatenames":["Hoa Dong","Vinh Binh","Vinh Loi","Vĩnh Bình"],"latitude":"10.34498","longitude":"106.58056","feature_class":"P","feature_code":"PPLA2","country_code":"VN","cc2":"","admin1_code":"37","admin2_code":"","admin3_code":"","admin4_code":"","population":"0","elevation":"","dem":"2","timezone":"Asia/Ho_Chi_Minh","modification_date":"2014-06-04"},{"geonameid":"1562798","name":"Vinh","asciiname":"Vinh","alternatenames":["VII","Vin","Vin'","Vinh","Vinis","bin","fynh","rong shi","vu~in","wyn","Вин","Винь","Вінь","וין","فينه","ヴィン","荣市","빈"],"latitude":"18.67337","longitude":"105.69232","feature_class":"P","feature_code":"PPLA","country_code":"VN","cc2":"","admin1_code":"58","admin2_code":"","admin3_code":"","admin4_code":"","population":"163759","elevation":"","dem":"12","timezone":"Asia/Ho_Chi_Minh","modification_date":"2013-10-04"},{"geonameid":"1562820","name":"Việt Trì","asciiname":"Viet Tri","alternatenames":["Viet Tri","Vietri","Việt Trì"],"latitude":"21.32274","longitude":"105.40198","feature_class":"P","feature_code":"PPLA","country_code":"VN","cc2":"","admin1_code":"83","admin2_code":"","admin3_code":"","admin4_code":"","population":"93475","elevation":"","dem":"25","timezone":"Asia/Ho_Chi_Minh","modification_date":"2013-09-05"},{"geonameid":"1562984","name":"Văn Quan","asciiname":"Van Quan","alternatenames":["Van Quan","Văn Quan"],"latitude":"21.86516","longitude":"106.53925","feature_class":"P","feature_code":"PPLA2","country_code":"VN","cc2":"","admin1_code":"39","admin2_code":"","admin3_code":"","admin4_code":"","population":"0","elevation":"","dem":"239","timezone":"Asia/Ho_Chi_Minh","modification_date":"2015-01-06"},{"geonameid":"1563006","name":"Vạn Giã","asciiname":"Van Gia","alternatenames":["Van Gia","Van Ninh","Vạn Giã","Vạn Ninh"],"latitude":"12.69203","longitude":"109.22069","feature_class":"P","feature_code":"PPLA2","country_code":"VN","cc2":"","admin1_code":"54","admin2_code":"","admin3_code":"","admin4_code":"","population":"0","elevation":"","dem":"6","timezone":"Asia/Ho_Chi_Minh","modification_date":"2014-12-02"},{"geonameid":"1563139","name":"Vân Đình","asciiname":"Van Dinh","alternatenames":["Van Dinh","Vân Đình"],"latitude":"20.73514","longitude":"105.77236","feature_class":"P","feature_code":"PPLA2","country_code":"VN","cc2":"","admin1_code":"44","admin2_code":"","admin3_code":"","admin4_code":"","population":"0","elevation":"","dem":"11","timezone":"Asia/Ho_Chi_Minh","modification_date":"2013-10-04"},{"geonameid":"1563141","name":"Văn Điển","asciiname":"Van Dien","alternatenames":["Van Dien","Văn Điển"],"latitude":"20.9463","longitude":"105.845","feature_class":"P","feature_code":"PPLA2","country_code":"VN","cc2":"","admin1_code":"44","admin2_code":"","admin3_code":"","admin4_code":"","population":"0","elevation":"","dem":"12","timezone":"Asia/Ho_Chi_Minh","modification_date":"2013-10-04"},{"geonameid":"1563169","name":"Vân Canh","asciiname":"Van Canh","alternatenames":["Van Canh","Vân Canh"],"latitude":"13.61945","longitude":"108.99805","feature_class":"P","feature_code":"PPLA2","country_code":"VN","cc2":"","admin1_code":"46","admin2_code":"","admin3_code":"","admin4_code":"","population":"0","elevation":"","dem":"57","timezone":"Asia/Ho_Chi_Minh","modification_date":"2014-02-06"},{"geonameid":"1563241","name":"Thành Phố Uông Bí","asciiname":"Thanh Pho Uong Bi","alternatenames":["Thanh Pho Uong Bi","Thành Phố Uông Bí","Uong Bi","Uông Bí"],"latitude":"21.03433","longitude":"106.77049","feature_class":"P","feature_code":"PPL","country_code":"VN","cc2":"","admin1_code":"30","admin2_code":"","admin3_code":"","admin4_code":"","population":"63829","elevation":"","dem":"11","timezone":"Asia/Ho_Chi_Minh","modification_date":"2013-08-04"},{"geonameid":"1563265","name":"Tuy Phước","asciiname":"Tuy Phuoc","alternatenames":["Trung Tin","Trung Tín","Tuy Phuoc","Tuy Phươc","Tuy Phước"],"latitude":"13.82738","longitude":"109.16651","feature_class":"P","feature_code":"PPLA2","country_code":"VN","cc2":"","admin1_code":"46","admin2_code":"","admin3_code":"","admin4_code":"","population":"0","elevation":"","dem":"8","timezone":"Asia/Ho_Chi_Minh","modification_date":"2014-12-02"},{"geonameid":"1563281","name":"Tuy Hòa","asciiname":"Tuy Hoa","alternatenames":["Chau Thanh","TBB","Thanh pho Tuy Hoa","Thuy Hoa","Thành phố Tuy Hòa","Toy Hoa","Tuikhoa","Tuy Hoa","Tuy Hòa","sui he shi","to~uihoa","Туихоа","トゥイホア","綏和市"],"latitude":"13.09546","longitude":"109.32094","feature_class":"P","feature_code":"PPLA","country_code":"VN","cc2":"","admin1_code":"61","admin2_code":"","admin3_code":"","admin4_code":"","population":"69596","elevation":"","dem":"8","timezone":"Asia/Ho_Chi_Minh","modification_date":"2014-03-05"},{"geonameid":"1563287","name":"Thành Phố Tuyên Quang","asciiname":"Thanh Pho Tuyen Quang","alternatenames":["Thanh Pho Tuyen Quang","Thành Phố Tuyên Quang","Tuyen Kang","Tuyen Kwang","Tuyen Quang","Tuyên Quang"],"latitude":"21.82356","longitude":"105.21424","feature_class":"P","feature_code":"PPLA","country_code":"VN","cc2":"","admin1_code":"68","admin2_code":"","admin3_code":"","admin4_code":"","population":"36430","elevation":"","dem":"35","timezone":"Asia/Ho_Chi_Minh","modification_date":"2013-05-07"},{"geonameid":"1563359","name":"Hòa Bình","asciiname":"Hoa Binh","alternatenames":["Cua Rao","Cus Rao","Hoa Binh","Hòa Bình","Kua Rao","Tuong Duong","Tương Dương"],"latitude":"19.26393","longitude":"104.47232","feature_class":"P","feature_code":"PPLA2","country_code":"VN","cc2":"","admin1_code":"58","admin2_code":"","admin3_code":"","admin4_code":"","population":"0","elevation":"","dem":"79","timezone":"Asia/Ho_Chi_Minh","modification_date":"2013-10-04"},{"geonameid":"1563370","name":"Tư Nghĩa","asciiname":"Tu Nghia","alternatenames":["La Ha","La Hà","Tu Nghia","Tư Nghĩa"],"latitude":"15.08451","longitude":"108.826","feature_class":"P","feature_code":"PPLA2","country_code":"VN","cc2":"","admin1_code":"63","admin2_code":"","admin3_code":"","admin4_code":"","population":"0","elevation":"","dem":"11","timezone":"Asia/Ho_Chi_Minh","modification_date":"2014-12-02"},{"geonameid":"1563704","name":"Thị Trấn Trùng Khánh","asciiname":"Thi Tran Trung Khanh","alternatenames":["Thi Tran Trung Khanh","Thị Trấn Trùng Khánh","Trung Khanh","Trung Khanh Phu","Trùng Khánh","Trùng Khánh Phủ"],"latitude":"22.83514","longitude":"106.52496","feature_class":"P","feature_code":"PPLA2","country_code":"VN","cc2":"","admin1_code":"05","admin2_code":"","admin3_code":"","admin4_code":"","population":"0","elevation":"","dem":"530","timezone":"Asia/Ho_Chi_Minh","modification_date":"2013-03-05"},{"geonameid":"1563823","name":"Tri Tôn","asciiname":"Tri Ton","alternatenames":["Tri Ton","Tri Tôn"],"latitude":"10.4202","longitude":"105.00073","feature_class":"P","feature_code":"PPLA2","country_code":"VN","cc2":"","admin1_code":"01","admin2_code":"","admin3_code":"","admin4_code":"","population":"0","elevation":"","dem":"9","timezone":"Asia/Ho_Chi_Minh","modification_date":"2012-08-04"},{"geonameid":"1563926","name":"Trà Vinh","asciiname":"Tra Vinh","alternatenames":["Phu Vinh","Phú Vinh","Tra Vin","Tra Vinh","Trà Vinh"],"latitude":"9.94719","longitude":"106.34225","feature_class":"P","feature_code":"PPLA","country_code":"VN","cc2":"","admin1_code":"67","admin2_code":"","admin3_code":"","admin4_code":"","population":"57408","elevation":"","dem":"5","timezone":"Asia/Ho_Chi_Minh","modification_date":"2014-08-05"},{"geonameid":"1563977","name":"Trà Ôn","asciiname":"Tra On","alternatenames":["Tra On","Trà Ôn"],"latitude":"9.96261","longitude":"105.92168","feature_class":"P","feature_code":"PPLA2","country_code":"VN","cc2":"","admin1_code":"69","admin2_code":"","admin3_code":"","admin4_code":"","population":"0","elevation":"","dem":"5","timezone":"Asia/Ho_Chi_Minh","modification_date":"2014-08-05"},{"geonameid":"1564046","name":"Trảng Bàng","asciiname":"Trang Bang","alternatenames":["Trang Bang","Trảng Bàng"],"latitude":"11.02987","longitude":"106.35751","feature_class":"P","feature_code":"PPLA2","country_code":"VN","cc2":"","admin1_code":"33","admin2_code":"","admin3_code":"","admin4_code":"","population":"0","elevation":"","dem":"9","timezone":"Asia/Ho_Chi_Minh","modification_date":"2014-06-04"},{"geonameid":"1564065","name":"Thị Trấn Trạm Tấu","asciiname":"Thi Tran Tram Tau","alternatenames":["Tham Tau","Thi Tran Tram Tau","Thị Trấn Trạm Tấu","Tram Tau","Trạm Tấu"],"latitude":"21.46659","longitude":"104.37966","feature_class":"P","feature_code":"PPLA2","country_code":"VN","cc2":"","admin1_code":"70","admin2_code":"","admin3_code":"","admin4_code":"","population":"0","elevation":"","dem":"691","timezone":"Asia/Ho_Chi_Minh","modification_date":"2013-05-07"},{"geonameid":"1564070","name":"Trà My","asciiname":"Tra My","alternatenames":["Hau Duc","Hậu Đúc","Tien Tra","Tiên Trà","Tra Mi","Tra My","Trà Mi","Trà My"],"latitude":"15.33965","longitude":"108.22065","feature_class":"P","feature_code":"PPLA2","country_code":"VN","cc2":"","admin1_code":"84","admin2_code":"","admin3_code":"","admin4_code":"","population":"0","elevation":"","dem":"110","timezone":"Asia/Ho_Chi_Minh","modification_date":"2014-01-08"},{"geonameid":"1564075","name":"Tràm Chim","asciiname":"Tram Chim","alternatenames":["Tram Chim","Tràm Chim"],"latitude":"10.67001","longitude":"105.56469","feature_class":"P","feature_code":"PPLA2","country_code":"VN","cc2":"","admin1_code":"09","admin2_code":"","admin3_code":"","admin4_code":"","population":"0","elevation":"","dem":"6","timezone":"Asia/Ho_Chi_Minh","modification_date":"2014-08-05"},{"geonameid":"1564238","name":"Trà Cú","asciiname":"Tra Cu","alternatenames":["Huong Tra Cu","Hương Trà Cú","Tra Cu","Trà Cú"],"latitude":"9.69774","longitude":"106.25834","feature_class":"P","feature_code":"PPLA2","country_code":"VN","cc2":"","admin1_code":"67","admin2_code":"","admin3_code":"","admin4_code":"","population":"0","elevation":"","dem":"3","timezone":"Asia/Ho_Chi_Minh","modification_date":"2014-08-05"},{"geonameid":"1564257","name":"Trà Bồng","asciiname":"Tra Bong","alternatenames":["Tra Bong","Tra Xuan","Trà Bồng","Trà Xuân"],"latitude":"15.25569","longitude":"108.51722","feature_class":"P","feature_code":"PPLA2","country_code":"VN","cc2":"","admin1_code":"63","admin2_code":"","admin3_code":"","admin4_code":"","population":"0","elevation":"","dem":"43","timezone":"Asia/Ho_Chi_Minh","modification_date":"2014-01-08"},{"geonameid":"1564548","name":"Tĩnh Gia","asciiname":"Tinh Gia","alternatenames":["Tinh Gia","Tĩnh Gia"],"latitude":"19.44645","longitude":"105.77861","feature_class":"P","feature_code":"PPLA2","country_code":"VN","cc2":"","admin1_code":"34","admin2_code":"","admin3_code":"","admin4_code":"","population":"0","elevation":"","dem":"8","timezone":"Asia/Ho_Chi_Minh","modification_date":"2015-07-03"},{"geonameid":"1564576","name":"Tiểu Cần","asciiname":"Tieu Can","alternatenames":["Tieu Can","Tiểu Cần"],"latitude":"9.81166","longitude":"106.19067","feature_class":"P","feature_code":"PPLA2","country_code":"VN","cc2":"","admin1_code":"67","admin2_code":"","admin3_code":"","admin4_code":"","population":"0","elevation":"","dem":"6","timezone":"Asia/Ho_Chi_Minh","modification_date":"2014-08-05"},{"geonameid":"1564629","name":"Tiên Phước","asciiname":"Tien Phuoc","alternatenames":["Phuoc An","Phước An","Tien Ky","Tien Phuoc","Tiên Kỳ","Tiên Phước"],"latitude":"15.48819","longitude":"108.30736","feature_class":"P","feature_code":"PPLA2","country_code":"VN","cc2":"","admin1_code":"84","admin2_code":"","admin3_code":"","admin4_code":"","population":"0","elevation":"","dem":"54","timezone":"Asia/Ho_Chi_Minh","modification_date":"2014-12-02"},{"geonameid":"1564818","name":"Thủ Thừa","asciiname":"Thu Thua","alternatenames":["Cho Thu Thua","Thu Thua","Thủ Thừa"],"latitude":"10.60232","longitude":"106.40207","feature_class":"P","feature_code":"PPLA2","country_code":"VN","cc2":"","admin1_code":"24","admin2_code":"","admin3_code":"","admin4_code":"","population":"0","elevation":"","dem":"6","timezone":"Asia/Ho_Chi_Minh","modification_date":"2014-06-04"},{"geonameid":"1564835","name":"Thường Xuân","asciiname":"Thuong Xuan","alternatenames":["Thuong Xuan","Thường Xuân"],"latitude":"19.90294","longitude":"105.34723","feature_class":"P","feature_code":"PPLA2","country_code":"VN","cc2":"","admin1_code":"34","admin2_code":"","admin3_code":"","admin4_code":"","population":"0","elevation":"","dem":"34","timezone":"Asia/Ho_Chi_Minh","modification_date":"2015-07-03"},{"geonameid":"1565019","name":"Thủ Đức","asciiname":"Thu Duc","alternatenames":["Thu Duc","Thủ Đức"],"latitude":"10.84863","longitude":"106.77209","feature_class":"P","feature_code":"PPLA2","country_code":"VN","cc2":"","admin1_code":"20","admin2_code":"","admin3_code":"","admin4_code":"","population":"0","elevation":"","dem":"29","timezone":"Asia/Ho_Chi_Minh","modification_date":"2014-09-30"},{"geonameid":"1565022","name":"Thủ Dầu Một","asciiname":"Thu Dau Mot","alternatenames":["Phu Cuong","Phú Cường","Thu Dau Mot","Thủ Dầu Một"],"latitude":"10.9804","longitude":"106.6519","feature_class":"P","feature_code":"PPLA","country_code":"VN","cc2":"","admin1_code":"75","admin2_code":"","admin3_code":"","admin4_code":"","population":"91009","elevation":"","dem":"20","timezone":"Asia/Ho_Chi_Minh","modification_date":"2014-06-04"},{"geonameid":"1565115","name":"Thọ Xuân","asciiname":"Tho Xuan","alternatenames":["Quan Phu","Tho Xuan","Thọ Xuân"],"latitude":"19.93133","longitude":"105.52179","feature_class":"P","feature_code":"PPLA2","country_code":"VN","cc2":"","admin1_code":"34","admin2_code":"","admin3_code":"","admin4_code":"","population":"0","elevation":"","dem":"18","timezone":"Asia/Ho_Chi_Minh","modification_date":"2015-07-03"},{"geonameid":"1565136","name":"Thốt Nốt","asciiname":"Thot Not","alternatenames":["Tho Not","Thot Not","Thốt Nốt"],"latitude":"10.27213","longitude":"105.5338","feature_class":"P","feature_code":"PPLA2","country_code":"VN","cc2":"","admin1_code":"87","admin2_code":"","admin3_code":"","admin4_code":"","population":"0","elevation":"","dem":"6","timezone":"Asia/Ho_Chi_Minh","modification_date":"2014-09-04"},{"geonameid":"1565157","name":"Thới Lai","asciiname":"Thoi Lai","alternatenames":["Thoi Lai","Thới Lai"],"latitude":"10.06522","longitude":"105.55863","feature_class":"P","feature_code":"PPLA2","country_code":"VN","cc2":"","admin1_code":"87","admin2_code":"","admin3_code":"","admin4_code":"","population":"0","elevation":"","dem":"6","timezone":"Asia/Ho_Chi_Minh","modification_date":"2014-09-04"},{"geonameid":"1565164","name":"Thới Bình","asciiname":"Thoi Binh","alternatenames":["Thoi Binh","Thot Binh","Thới Bình"],"latitude":"9.35584","longitude":"105.09929","feature_class":"P","feature_code":"PPLA2","country_code":"VN","cc2":"","admin1_code":"77","admin2_code":"","admin3_code":"","admin4_code":"","population":"0","elevation":"","dem":"4","timezone":"Asia/Ho_Chi_Minh","modification_date":"2014-09-30"},{"geonameid":"1565760","name":"Ái Tử","asciiname":"Ai Tu","alternatenames":["Ai Tu","Thon Ai Tu","Thôn Ái Tử","Ái Tử"],"latitude":"16.76886","longitude":"107.16504","feature_class":"P","feature_code":"PPLA2","country_code":"VN","cc2":"","admin1_code":"64","admin2_code":"","admin3_code":"","admin4_code":"","population":"0","elevation":"","dem":"14","timezone":"Asia/Ho_Chi_Minh","modification_date":"2014-12-02"},{"geonameid":"1565969","name":"Thị Trấn Thất Khê","asciiname":"Thi Tran That Khe","alternatenames":["That Ke","That Khe","Thi Tran That Khe","Thất Khê","Thị Trấn Thất Khê"],"latitude":"22.25525","longitude":"106.47359","feature_class":"P","feature_code":"PPLA2","country_code":"VN","cc2":"","admin1_code":"39","admin2_code":"","admin3_code":"","admin4_code":"","population":"0","elevation":"","dem":"159","timezone":"Asia/Ho_Chi_Minh","modification_date":"2013-05-07"},{"geonameid":"1565992","name":"Than Uyên","asciiname":"Than Uyen","alternatenames":["Muong Than","Than Huyen","Than Uven","Than Uvên","Than Uyen","Than Uyên"],"latitude":"21.95907","longitude":"103.88001","feature_class":"P","feature_code":"PPLA2","country_code":"VN","cc2":"","admin1_code":"89","admin2_code":"","admin3_code":"","admin4_code":"","population":"0","elevation":"","dem":"587","timezone":"Asia/Ho_Chi_Minh","modification_date":"2015-02-05"},{"geonameid":"1566029","name":"Phú Lộc","asciiname":"Phu Loc","alternatenames":["Huyen Thanh Tri","Huyện Thạnh Trị","Phu Loc","Phú Lộc","Thanh Tr","Thạnh Tr"],"latitude":"9.42838","longitude":"105.74111","feature_class":"P","feature_code":"PPLA2","country_code":"VN","cc2":"","admin1_code":"65","admin2_code":"","admin3_code":"","admin4_code":"","population":"0","elevation":"","dem":"0","timezone":"Asia/Ho_Chi_Minh","modification_date":"2014-12-02"},{"geonameid":"1566053","name":"Thanh Sơn","asciiname":"Thanh Son","alternatenames":["Huyen Thanh Son","Huyện Thanh Sơn","Thanh Son","Thanh Sơn"],"latitude":"21.19867","longitude":"105.17892","feature_class":"P","feature_code":"PPLA2","country_code":"VN","cc2":"","admin1_code":"83","admin2_code":"","admin3_code":"","admin4_code":"","population":"0","elevation":"","dem":"30","timezone":"Asia/Ho_Chi_Minh","modification_date":"2013-09-05"},{"geonameid":"1566078","name":"Thạnh Phú","asciiname":"Thanh Phu","alternatenames":["Huong Thanh Phu","Hương Thạnh Phú","Phu","Phú","Thanh Phu","Thạnh Phú"],"latitude":"9.94827","longitude":"106.51629","feature_class":"P","feature_code":"PPLA2","country_code":"VN","cc2":"","admin1_code":"03","admin2_code":"","admin3_code":"","admin4_code":"","population":"0","elevation":"","dem":"4","timezone":"Asia/Ho_Chi_Minh","modification_date":"2014-09-04"},{"geonameid":"1566083","name":"Ho Chi Minh City","asciiname":"Ho Chi Minh City","alternatenames":["Cathair Ho Chi Minh","Cidade de Ho Chi Minh","Ciudad Ho Chi Minh","HCMC","HCMV","Ho Chi Minh","Ho Chi Minh City","Ho Chi Minh Ville","Ho Chi Minh-borg","Ho Chi Minh-byen","Ho Chi Minhin kaupunki","Ho Chi Minhstad","Ho Ci Minovo Mesto","Ho Si Minh-varos","Ho Si Minh-város","Ho Či Minovo Město","Ho-Chi-Minh-Stadt","Ho-Chi-Minh-Ville","Ho-Ci-Min-urbo","Ho-Ĉi-Min-urbo","HoChiMinh City","Hociminovo Mesto","Hosimina","Hosiminh","Hočiminovo Mesto","Hošimina","Hošiminh","Hô Chi Minh Ville","Hô-Chi-Minh-Ville","Hồ Chí Minhin kaupunki","Khoshimin","Kota Ho Chi Minh","Kota Hồ Chí Minh","SGN","Sai Gon","Saigon","Saïgon","Sài Gòn","TPHCM","Thanh pho Ho Chi Minh","Thành phố Hồ Chí Minh","hochimin","hochimin shi","hojjimin si","hu zhi ming shi","hw z'y myn syty","mdynt hw tshy mynh","saigon","saygwn","Хошимин","הו צ'י מין סיטי","سايگون","مدينة هو تشي مينه","サイゴン","ホーチミン","ホーチミン市","胡志明市","호찌민 시"],"latitude":"10.82302","longitude":"106.62965","feature_class":"P","feature_code":"PPLA","country_code":"VN","cc2":"","admin1_code":"20","admin2_code":"","admin3_code":"","admin4_code":"","population":"3467331","elevation":"","dem":"7","timezone":"Asia/Ho_Chi_Minh","modification_date":"2015-06-03"},{"geonameid":"1566093","name":"Thanh Nê","asciiname":"Thanh Ne","alternatenames":["Thanh Ne","Thanh Nê"],"latitude":"20.3881","longitude":"106.43834","feature_class":"P","feature_code":"PPLA2","country_code":"VN","cc2":"","admin1_code":"35","admin2_code":"","admin3_code":"","admin4_code":"","population":"0","elevation":"","dem":"3","timezone":"Asia/Ho_Chi_Minh","modification_date":"2013-08-04"},{"geonameid":"1566166","name":"Thanh Hóa","asciiname":"Thanh Hoa","alternatenames":["THD","Than"],"latitude":"19.8","longitude":"105.76667","feature_class":"P","feature_code":"PPLA","country_code":"VN","cc2":"","admin1_code":"34","admin2_code":"","admin3_code":"","admin4_code":"","population":"112473","elevation":"","dem":"5","timezone":"Asia/Ho_Chi_Minh","modification_date":"2012-12-09"},{"geonameid":"1560037","name":"Yên Vinh","asciiname":"Yen Vinh","alternatenames":[""],"latitude":"18.66667","longitude":"105.66667","feature_class":"P","feature_code":"PPL","country_code":"VN","cc2":"","admin1_code":"58","admin2_code":"","admin3_code":"","admin4_code":"","population":"107082","elevation":"","dem":"12","timezone":"Asia/Ho_Chi_Minh","modification_date":"2012-06-05"},{"geonameid":"1560349","name":"Yên Bái","asciiname":"Yen Bai","alternatenames":["Jenbaj","Yen Bai","Yen Bay","Yên Bái","Йенбай"],"latitude":"21.72288","longitude":"104.9113","feature_class":"P","feature_code":"PPLA","country_code":"VN","cc2":"","admin1_code":"70","admin2_code":"","admin3_code":"","admin4_code":"","population":"96540","elevation":"","dem":"45","timezone":"Asia/Ho_Chi_Minh","modification_date":"2013-05-07"},{"geonameid":"1562414","name":"Vũng Tàu","asciiname":"Vung Tau","alternatenames":["Cap-Saint-Jacques","Saint James","VTG","Ville du Cap","Vung Tau","Vungtau","Vũng Tàu","Xa Vung Tau","bungttau","buntau","tou dun shi","Вунгтау","ブンタウ","頭 頓市","붕따우"],"latitude":"10.34599","longitude":"107.08426","feature_class":"P","feature_code":"PPL","country_code":"VN","cc2":"","admin1_code":"45","admin2_code":"","admin3_code":"","admin4_code":"","population":"209683","elevation":"","dem":"10","timezone":"Asia/Ho_Chi_Minh","modification_date":"2014-08-06"},{"geonameid":"1562538","name":"Vị Thanh","asciiname":"Vi Thanh","alternatenames":["Duc Long","Vi Tanh","Vi Thanh","Vị Thanh","Đức Long"],"latitude":"9.78449","longitude":"105.47012","feature_class":"P","feature_code":"PPLA","country_code":"VN","cc2":"","admin1_code":"93","admin2_code":"","admin3_code":"","admin4_code":"","population":"24477","elevation":"","dem":"3","timezone":"Asia/Ho_Chi_Minh","modification_date":"2014-09-04"},{"geonameid":"1562548","name":"Vĩnh Yên","asciiname":"Vinh Yen","alternatenames":["Vieh Yen","Vinh Yen","Vĩnh Yên","Yen"],"latitude":"21.30891","longitude":"105.60489","feature_class":"P","feature_code":"PPLA","country_code":"VN","cc2":"","admin1_code":"86","admin2_code":"","admin3_code":"","admin4_code":"","population":"17876","elevation":"","dem":"19","timezone":"Asia/Ho_Chi_Minh","modification_date":"2013-09-05"},{"geonameid":"1562693","name":"Vĩnh Long","asciiname":"Vinh Long","alternatenames":["Vinh Long","Vĩnh Long"],"latitude":"10.25369","longitude":"105.9722","feature_class":"P","feature_code":"PPLA","country_code":"VN","cc2":"","admin1_code":"69","admin2_code":"","admin3_code":"","admin4_code":"","population":"103314","elevation":"","dem":"1","timezone":"Asia/Ho_Chi_Minh","modification_date":"2014-08-05"},{"geonameid":"1562798","name":"Vinh","asciiname":"Vinh","alternatenames":["VII","Vin","Vin'","Vinh","Vinis","bin","fynh","rong shi","vu~in","wyn","Вин","Винь","Вінь","וין","فينه","ヴィン","荣市","빈"],"latitude":"18.67337","longitude":"105.69232","feature_class":"P","feature_code":"PPLA","country_code":"VN","cc2":"","admin1_code":"58","admin2_code":"","admin3_code":"","admin4_code":"","population":"163759","elevation":"","dem":"12","timezone":"Asia/Ho_Chi_Minh","modification_date":"2013-10-04"},{"geonameid":"1562820","name":"Việt Trì","asciiname":"Viet Tri","alternatenames":["Viet Tri","Vietri","Việt Trì"],"latitude":"21.32274","longitude":"105.40198","feature_class":"P","feature_code":"PPLA","country_code":"VN","cc2":"","admin1_code":"83","admin2_code":"","admin3_code":"","admin4_code":"","population":"93475","elevation":"","dem":"25","timezone":"Asia/Ho_Chi_Minh","modification_date":"2013-09-05"},{"geonameid":"1563241","name":"Thành Phố Uông Bí","asciiname":"Thanh Pho Uong Bi","alternatenames":["Thanh Pho Uong Bi","Thành Phố Uông Bí","Uong Bi","Uông Bí"],"latitude":"21.03433","longitude":"106.77049","feature_class":"P","feature_code":"PPL","country_code":"VN","cc2":"","admin1_code":"30","admin2_code":"","admin3_code":"","admin4_code":"","population":"63829","elevation":"","dem":"11","timezone":"Asia/Ho_Chi_Minh","modification_date":"2013-08-04"},{"geonameid":"1563281","name":"Tuy Hòa","asciiname":"Tuy Hoa","alternatenames":["Chau Thanh","TBB","Thanh pho Tuy Hoa","Thuy Hoa","Thành phố Tuy Hòa","Toy Hoa","Tuikhoa","Tuy Hoa","Tuy Hòa","sui he shi","to~uihoa","Туихоа","トゥイホア","綏和市"],"latitude":"13.09546","longitude":"109.32094","feature_class":"P","feature_code":"PPLA","country_code":"VN","cc2":"","admin1_code":"61","admin2_code":"","admin3_code":"","admin4_code":"","population":"69596","elevation":"","dem":"8","timezone":"Asia/Ho_Chi_Minh","modification_date":"2014-03-05"},{"geonameid":"1563287","name":"Thành Phố Tuyên Quang","asciiname":"Thanh Pho Tuyen Quang","alternatenames":["Thanh Pho Tuyen Quang","Thành Phố Tuyên Quang","Tuyen Kang","Tuyen Kwang","Tuyen Quang","Tuyên Quang"],"latitude":"21.82356","longitude":"105.21424","feature_class":"P","feature_code":"PPLA","country_code":"VN","cc2":"","admin1_code":"68","admin2_code":"","admin3_code":"","admin4_code":"","population":"36430","elevation":"","dem":"35","timezone":"Asia/Ho_Chi_Minh","modification_date":"2013-05-07"},{"geonameid":"1563926","name":"Trà Vinh","asciiname":"Tra Vinh","alternatenames":["Phu Vinh","Phú Vinh","Tra Vin","Tra Vinh","Trà Vinh"],"latitude":"9.94719","longitude":"106.34225","feature_class":"P","feature_code":"PPLA","country_code":"VN","cc2":"","admin1_code":"67","admin2_code":"","admin3_code":"","admin4_code":"","population":"57408","elevation":"","dem":"5","timezone":"Asia/Ho_Chi_Minh","modification_date":"2014-08-05"},{"geonameid":"1565022","name":"Thủ Dầu Một","asciiname":"Thu Dau Mot","alternatenames":["Phu Cuong","Phú Cường","Thu Dau Mot","Thủ Dầu Một"],"latitude":"10.9804","longitude":"106.6519","feature_class":"P","feature_code":"PPLA","country_code":"VN","cc2":"","admin1_code":"75","admin2_code":"","admin3_code":"","admin4_code":"","population":"91009","elevation":"","dem":"20","timezone":"Asia/Ho_Chi_Minh","modification_date":"2014-06-04"},{"geonameid":"1566083","name":"Ho Chi Minh City","asciiname":"Ho Chi Minh City","alternatenames":["Cathair Ho Chi Minh","Cidade de Ho Chi Minh","Ciudad Ho Chi Minh","HCMC","HCMV","Ho Chi Minh","Ho Chi Minh City","Ho Chi Minh Ville","Ho Chi Minh-borg","Ho Chi Minh-byen","Ho Chi Minhin kaupunki","Ho Chi Minhstad","Ho Ci Minovo Mesto","Ho Si Minh-varos","Ho Si Minh-város","Ho Či Minovo Město","Ho-Chi-Minh-Stadt","Ho-Chi-Minh-Ville","Ho-Ci-Min-urbo","Ho-Ĉi-Min-urbo","HoChiMinh City","Hociminovo Mesto","Hosimina","Hosiminh","Hočiminovo Mesto","Hošimina","Hošiminh","Hô Chi Minh Ville","Hô-Chi-Minh-Ville","Hồ Chí Minhin kaupunki","Khoshimin","Kota Ho Chi Minh","Kota Hồ Chí Minh","SGN","Sai Gon","Saigon","Saïgon","Sài Gòn","TPHCM","Thanh pho Ho Chi Minh","Thành phố Hồ Chí Minh","hochimin","hochimin shi","hojjimin si","hu zhi ming shi","hw z'y myn syty","mdynt hw tshy mynh","saigon","saygwn","Хошимин","הו צ'י מין סיטי","سايگون","مدينة هو تشي مينه","サイゴン","ホーチミン","ホーチミン市","胡志明市","호찌민 시"],"latitude":"10.82302","longitude":"106.62965","feature_class":"P","feature_code":"PPLA","country_code":"VN","cc2":"","admin1_code":"20","admin2_code":"","admin3_code":"","admin4_code":"","population":"3467331","elevation":"","dem":"7","timezone":"Asia/Ho_Chi_Minh","modification_date":"2015-06-03"},{"geonameid":"1566166","name":"Thanh Hóa","asciiname":"Thanh Hoa","alternatenames":["THD","Than"],"latitude":"19.8","longitude":"105.76667","feature_class":"P","feature_code":"PPLA","country_code":"VN","cc2":"","admin1_code":"34","admin2_code":"","admin3_code":"","admin4_code":"","population":"112473","elevation":"","dem":"5","timezone":"Asia/Ho_Chi_Minh","modification_date":"2012-12-09"},{"geonameid":"1566319","name":"Thành Phố Thái Nguyên","asciiname":"Thanh Pho Thai Nguyen","alternatenames":["Taj-Nguen","Thai Nguyen","Thanh Pho Thai Nguyen","Thành Phố Thái Nguyên","Thái Nguyên","Тай-Нгуен"],"latitude":"21.59422","longitude":"105.84817","feature_class":"P","feature_code":"PPLA","country_code":"VN","cc2":"","admin1_code":"85","admin2_code":"","admin3_code":"","admin4_code":"","population":"133877","elevation":"","dem":"36","timezone":"Asia/Ho_Chi_Minh","modification_date":"2013-09-05"},{"geonameid":"1566346","name":"Thành Phố Thái Bình","asciiname":"Thanh Pho Thai Binh","alternatenames":["Kua Loc","Taibinh","Thai Bin","Thai Binh","Thanh Pho Thai Binh","Thành Phố Thái Bình","Thái Bình"],"latitude":"20.45","longitude":"106.34002","feature_class":"P","feature_code":"PPLA","country_code":"VN","cc2":"","admin1_code":"35","admin2_code":"","admin3_code":"","admin4_code":"","population":"53071","elevation":"","dem":"6","timezone":"Asia/Ho_Chi_Minh","modification_date":"2013-07-04"},{"geonameid":"1566559","name":"Tây Ninh","asciiname":"Tay Ninh","alternatenames":["Tai nin","Tay Ninh","Tei Nin","Tây Ninh"],"latitude":"11.31004","longitude":"106.09828","feature_class":"P","feature_code":"PPLA","country_code":"VN","cc2":"","admin1_code":"33","admin2_code":"","admin3_code":"","admin4_code":"","population":"36456","elevation":"","dem":"18","timezone":"Asia/Ho_Chi_Minh","modification_date":"2014-06-04"},{"geonameid":"1567069","name":"Tân An","asciiname":"Tan An","alternatenames":["Tan","Tan Am","Tan An","Tân An","Тан"],"latitude":"10.53589","longitude":"106.41366","feature_class":"P","feature_code":"PPLA","country_code":"VN","cc2":"","admin1_code":"24","admin2_code":"","admin3_code":"","admin4_code":"","population":"64801","elevation":"","dem":"4","timezone":"Asia/Ho_Chi_Minh","modification_date":"2014-06-04"},{"geonameid":"1567148","name":"Tam Kỳ","asciiname":"Tam Ky","alternatenames":["Tam Ky","Tam Kỳ","Tanky"],"latitude":"15.57364","longitude":"108.47403","feature_class":"P","feature_code":"PPLA","country_code":"VN","cc2":"","admin1_code":"84","admin2_code":"","admin3_code":"","admin4_code":"","population":"59000","elevation":"","dem":"11","timezone":"Asia/Ho_Chi_Minh","modification_date":"2014-01-08"},{"geonameid":"1567621","name":"Sơn Tây","asciiname":"Son Tay","alternatenames":["Son Tay","Son-Taj","Sontai","Sơn Tây","Сон-Тай"],"latitude":"21.14053","longitude":"105.50686","feature_class":"P","feature_code":"PPLA2","country_code":"VN","cc2":"","admin1_code":"44","admin2_code":"","admin3_code":"","admin4_code":"","population":"40636","elevation":"","dem":"16","timezone":"Asia/Ho_Chi_Minh","modification_date":"2013-09-05"},{"geonameid":"1567681","name":"Sơn La","asciiname":"Son La","alternatenames":["SQH","Son La","Son La Chau","Son Lu","Son-La","Sơn La","Thanh Pho Son La","Thành Phố Sơn La","shan luo shi","Сон-Ла","山羅市"],"latitude":"21.3256","longitude":"103.91882","feature_class":"P","feature_code":"PPLA","country_code":"VN","cc2":"","admin1_code":"32","admin2_code":"","admin3_code":"","admin4_code":"","population":"19054","elevation":"","dem":"608","timezone":"Asia/Ho_Chi_Minh","modification_date":"2013-06-30"},{"geonameid":"1567723","name":"Sông Cầu","asciiname":"Song Cau","alternatenames":["Bong Cau","Bông Cầu","Song Cau","Song Ka","Song Ko","Songkau","Sông Cầu"],"latitude":"13.4556","longitude":"109.22348","feature_class":"P","feature_code":"PPLA2","country_code":"VN","cc2":"","admin1_code":"61","admin2_code":"","admin3_code":"","admin4_code":"","population":"94066","elevation":"","dem":"10","timezone":"Asia/Ho_Chi_Minh","modification_date":"2014-03-05"},{"geonameid":"1567788","name":"Sóc Trăng","asciiname":"Soc Trang","alternatenames":["Khanh Hong","Khanh Hung","Khánh Hưng","Shokchang","Soc Trang","Sok Trang","Sóc Trăng","Шокчанг"],"latitude":"9.59995","longitude":"105.97193","feature_class":"P","feature_code":"PPLA","country_code":"VN","cc2":"","admin1_code":"65","admin2_code":"","admin3_code":"","admin4_code":"","population":"114453","elevation":"","dem":"7","timezone":"Asia/Ho_Chi_Minh","modification_date":"2014-09-04"},{"geonameid":"1568043","name":"Sa Pá","asciiname":"Sa Pa","alternatenames":["Chapa","Shapa","Шапа"],"latitude":"22.34023","longitude":"103.84415","feature_class":"P","feature_code":"PPL","country_code":"VN","cc2":"VN","admin1_code":"90","admin2_code":"","admin3_code":"","admin4_code":"","population":"138622","elevation":"1500","dem":"1522","timezone":"Asia/Ho_Chi_Minh","modification_date":"2011-11-09"},{"geonameid":"1568212","name":"Sadek","asciiname":"Sadek","alternatenames":["Sa Dec","Sa Đéc","Sadek"],"latitude":"10.29085","longitude":"105.75635","feature_class":"P","feature_code":"PPLA2","country_code":"VN","cc2":"","admin1_code":"09","admin2_code":"","admin3_code":"","admin4_code":"","population":"60073","elevation":"","dem":"6","timezone":"Asia/Ho_Chi_Minh","modification_date":"2014-08-05"},{"geonameid":"1568510","name":"Rạch Giá","asciiname":"Rach Gia","alternatenames":["Rach Gia","Rach Zhia","Rạch Giá"],"latitude":"10.01245","longitude":"105.08091","feature_class":"P","feature_code":"PPLA","country_code":"VN","cc2":"","admin1_code":"21","admin2_code":"","admin3_code":"","admin4_code":"","population":"228356","elevation":"","dem":"13","timezone":"Asia/Ho_Chi_Minh","modification_date":"2014-08-05"},{"geonameid":"1568574","name":"Qui Nhon","asciiname":"Qui Nhon","alternatenames":["Ki N'on","Ki N’on","Kin-hon","Kuinjon","Kwinhon","Qui Nhan","Qui Nhon","Qui Nhơn","Quinn Yan","Quinton","Quy Nhon","Quy Nhơn","UIH","gui ren shi","kku-inyeon","kuinyon","Куинён","クイニョン","歸仁市","꾸이년"],"latitude":"13.77648","longitude":"109.22367","feature_class":"P","feature_code":"PPLA","country_code":"VN","cc2":"","admin1_code":"46","admin2_code":"","admin3_code":"","admin4_code":"","population":"210338","elevation":"","dem":"7","timezone":"Asia/Ho_Chi_Minh","modification_date":"2013-06-30"},{"geonameid":"1568770","name":"Quảng Ngãi","asciiname":"Quang Ngai","alternatenames":["Kang Ngei","Kuangngaj","Kwang Ngai","Quang Ngai","Quảng Ngãi","Thanh pho Quang Ngai","Thành phố Quảng Ngãi","Куангнгай"],"latitude":"15.12047","longitude":"108.79232","feature_class":"P","feature_code":"PPLA","country_code":"VN","cc2":"","admin1_code":"63","admin2_code":"","admin3_code":"","admin4_code":"","population":"32992","elevation":"","dem":"13","timezone":"Asia/Ho_Chi_Minh","modification_date":"2014-01-08"},{"geonameid":"1569684","name":"Pleiku","asciiname":"Pleiku","alternatenames":["Gia Lai","PXU","Play Cu","Play Ku","Plei Cu","Pleiku","Plejku","Plây Cu","Plây Ku","Tinh Pleiku","Tỉnh Pleiku","Плейку"],"latitude":"13.98333","longitude":"108","feature_class":"P","feature_code":"PPLA","country_code":"VN","cc2":"","admin1_code":"49","admin2_code":"","admin3_code":"","admin4_code":"","population":"114225","elevation":"","dem":"760","timezone":"Asia/Ho_Chi_Minh","modification_date":"2012-01-16"},{"geonameid":"1570449","name":"Thành Phố Phủ Lý","asciiname":"Thanh Pho Phu Ly","alternatenames":["Fu Li","Ha-Nam","Phu Ly","Phu-li","Phủ Lý","Thanh Pho Phu Ly","Thành Phố Phủ Lý"],"latitude":"20.54531","longitude":"105.91221","feature_class":"P","feature_code":"PPLA","country_code":"VN","cc2":"","admin1_code":"80","admin2_code":"","admin3_code":"","admin4_code":"","population":"31801","elevation":"","dem":"8","timezone":"Asia/Ho_Chi_Minh","modification_date":"2013-07-04"},{"geonameid":"1570549","name":"Phú Khương","asciiname":"Phu Khuong","alternatenames":[""],"latitude":"11.28333","longitude":"106.13333","feature_class":"P","feature_code":"PPL","country_code":"VN","cc2":"","admin1_code":"33","admin2_code":"","admin3_code":"","admin4_code":"","population":"47966","elevation":"","dem":"18","timezone":"Asia/Ho_Chi_Minh","modification_date":"2006-01-17"},{"geonameid":"1571058","name":"Phan Thiết","asciiname":"Phan Thiet","alternatenames":["Fan Thiet","Fant'et","Fanthit","Fantiet","Phan Thiet","Phan Thiết","Phan Tiet","Xa Phan Thiet","pan qie","Фантьет","潘切"],"latitude":"10.92889","longitude":"108.10208","feature_class":"P","feature_code":"PPLA","country_code":"VN","cc2":"","admin1_code":"47","admin2_code":"","admin3_code":"","admin4_code":"","population":"160652","elevation":"","dem":"10","timezone":"Asia/Ho_Chi_Minh","modification_date":"2014-04-29"},{"geonameid":"1571067","name":"Phan Rang-Tháp Chàm","asciiname":"Phan Rang-Thap Cham","alternatenames":["PHA","Phan Rang","Phan Rang- Thap Cham","Phan Rang-Thap Cham","Phan Rang-Tháp Chàm","Phan Ranh"],"latitude":"11.56432","longitude":"108.98858","feature_class":"P","feature_code":"PPLA","country_code":"VN","cc2":"","admin1_code":"60","admin2_code":"","admin3_code":"","admin4_code":"","population":"91520","elevation":"","dem":"8","timezone":"Asia/Ho_Chi_Minh","modification_date":"2014-04-29"},{"geonameid":"1571968","name":"Thành Phố Ninh Bình","asciiname":"Thanh Pho Ninh Binh","alternatenames":["Nin Bin","Ninbinh","Ninh Binh","Ninh Bình","Thanh Pho Ninh Binh","Thành Phố Ninh Bình"],"latitude":"20.25809","longitude":"105.97965","feature_class":"P","feature_code":"PPLA","country_code":"VN","cc2":"","admin1_code":"59","admin2_code":"","admin3_code":"","admin4_code":"","population":"36864","elevation":"","dem":"7","timezone":"Asia/Ho_Chi_Minh","modification_date":"2013-06-04"},{"geonameid":"1572151","name":"Nha Trang","asciiname":"Nha Trang","alternatenames":["Gorad Njachang","INhatrang","Kanh-Hoa","NHA","Nacana","Nga-tsong-su","Ngà-tsông-sṳ","Nha Trang","Niacangas","Niačangas","Nja Chang","Njachang","nha tranj","nha trng","nyachan","nyajjang","ya cang","ya zhuang","ya zhuang shi","Ņačana","Ња Чанг","Горад Нячанг","Ня Чанг","Нячанг","نها ترانج","نها ترنگ","ญาจาง","ニャチャン","芽庄市","芽莊","芽莊市","냐짱"],"latitude":"12.24507","longitude":"109.19432","feature_class":"P","feature_code":"PPLA","country_code":"VN","cc2":"","admin1_code":"54","admin2_code":"","admin3_code":"","admin4_code":"","population":"283441","elevation":"","dem":"10","timezone":"Asia/Ho_Chi_Minh","modification_date":"2013-05-24"},{"geonameid":"1573517","name":"Thành Phố Nam Định","asciiname":"Thanh Pho Nam Dinh","alternatenames":["Nam Din","Nam Dinh","Nam GJinh","Nam Định","Namdin'","Thanh Pho Nam Dinh","Thành Phố Nam Định","Намдинь"],"latitude":"20.43389","longitude":"106.17729","feature_class":"P","feature_code":"PPLA","country_code":"VN","cc2":"","admin1_code":"82","admin2_code":"","admin3_code":"","admin4_code":"","population":"193499","elevation":"","dem":"5","timezone":"Asia/Ho_Chi_Minh","modification_date":"2014-05-29"},{"geonameid":"1574023","name":"Mỹ Tho","asciiname":"My Tho","alternatenames":["Mitho","My Tho","Mỹ Tho"],"latitude":"10.36004","longitude":"106.35996","feature_class":"P","feature_code":"PPLA","country_code":"VN","cc2":"","admin1_code":"37","admin2_code":"","admin3_code":"","admin4_code":"","population":"122310","elevation":"","dem":"2","timezone":"Asia/Ho_Chi_Minh","modification_date":"2012-07-04"},{"geonameid":"1574507","name":"Móng Cái","asciiname":"Mong Cai","alternatenames":["Mon Cay","Mon Gay","Mong Cai","Monkai","Móng Cái","Wangchieh"],"latitude":"21.52471","longitude":"107.96619","feature_class":"P","feature_code":"PPLA2","country_code":"VN","cc2":"","admin1_code":"30","admin2_code":"","admin3_code":"","admin4_code":"","population":"72960","elevation":"","dem":"9","timezone":"Asia/Ho_Chi_Minh","modification_date":"2013-08-04"},{"geonameid":"1575627","name":"Long Xuyên","asciiname":"Long Xuyen","alternatenames":["Cholong Xuyen","Chơlong Xuyen","Long Swiyen","Long Xuyen","Long Xuyên","Long-Shuyen"],"latitude":"10.38639","longitude":"105.43518","feature_class":"P","feature_code":"PPLA","country_code":"VN","cc2":"","admin1_code":"01","admin2_code":"","admin3_code":"","admin4_code":"","population":"158153","elevation":"","dem":"8","timezone":"Asia/Ho_Chi_Minh","modification_date":"2012-08-04"},{"geonameid":"1576303","name":"Lào Cai","asciiname":"Lao Cai","alternatenames":["Lao Cai","Lao Kay","Laokai","Laokaj","Lào Cai","Лаокай"],"latitude":"22.48556","longitude":"103.97066","feature_class":"P","feature_code":"PPLA","country_code":"VN","cc2":"","admin1_code":"90","admin2_code":"","admin3_code":"","admin4_code":"","population":"36502","elevation":"","dem":"86","timezone":"Asia/Ho_Chi_Minh","modification_date":"2013-02-07"},{"geonameid":"1576633","name":"Thành Phố Lạng Sơn","asciiname":"Thanh Pho Lang Son","alternatenames":["Lang Son","Lạng Sơn","Thanh Pho Lang Son","Thành Phố Lạng Sơn"],"latitude":"21.85264","longitude":"106.76101","feature_class":"P","feature_code":"PPLA","country_code":"VN","cc2":"","admin1_code":"39","admin2_code":"","admin3_code":"","admin4_code":"","population":"55981","elevation":"","dem":"265","timezone":"Asia/Ho_Chi_Minh","modification_date":"2014-04-02"},{"geonameid":"1577995","name":"La Gi","asciiname":"La Gi","alternatenames":["La Ghi","La Gi","Lag","Lagi"],"latitude":"10.65993","longitude":"107.77206","feature_class":"P","feature_code":"PPL","country_code":"VN","cc2":"","admin1_code":"47","admin2_code":"","admin3_code":"","admin4_code":"","population":"160652","elevation":"","dem":"8","timezone":"Asia/Ho_Chi_Minh","modification_date":"2014-04-29"},{"geonameid":"1578500","name":"Kon Tum","asciiname":"Kon Tum","alternatenames":["Cong Tum","Công Tum","Kon Tum","Tinh Kontum","Tỉnh Kontum"],"latitude":"14.35451","longitude":"108.00759","feature_class":"P","feature_code":"PPLA","country_code":"VN","cc2":"","admin1_code":"55","admin2_code":"","admin3_code":"","admin4_code":"","population":"47409","elevation":"","dem":"543","timezone":"Asia/Ho_Chi_Minh","modification_date":"2014-01-08"},{"geonameid":"1580142","name":"Hưng Yên","asciiname":"Hung Yen","alternatenames":["Hong-Yen","Hung Yen","Hưng Yên"],"latitude":"20.64637","longitude":"106.05112","feature_class":"P","feature_code":"PPLA","country_code":"VN","cc2":"","admin1_code":"81","admin2_code":"","admin3_code":"","admin4_code":"","population":"40273","elevation":"","dem":"11","timezone":"Asia/Ho_Chi_Minh","modification_date":"2013-09-05"},{"geonameid":"1580240","name":"Huế","asciiname":"Hue","alternatenames":["Choue","HUI","Hue","Huje","Hujė","Hué","Huế","Khjue","Khjueh","Khue","Sun-fa-su","Sun-fa-sṳ","Thanh pho Hue","Thành phố Huế","fue","hue","shun hua","shun hua shi","we","Χουέ","Хуе","Хюе","Хюэ","הואה","هوء","เว้","ჰუე","フエ","順化","順化市","顺化市","후에"],"latitude":"16.4619","longitude":"107.59546","feature_class":"P","feature_code":"PPLA","country_code":"VN","cc2":"","admin1_code":"66","admin2_code":"","admin3_code":"","admin4_code":"","population":"287217","elevation":"","dem":"8","timezone":"Asia/Ho_Chi_Minh","modification_date":"2013-12-09"},{"geonameid":"1580410","name":"Thành Phố Hạ Long","asciiname":"Thanh Pho Ha Long","alternatenames":["Ha Long","Hon Cay","Hon Gai","Hon Gay","Hon Goi","Hong Gai","Honggay","Hạ Long","Hồng Gai","Khalong","Thanh Pho Ha Long","Thành Phố Hạ Long","xia long shi","Халонг","下龙市"],"latitude":"20.95045","longitude":"107.07336","feature_class":"P","feature_code":"PPLA","country_code":"VN","cc2":"","admin1_code":"30","admin2_code":"","admin3_code":"","admin4_code":"","population":"148066","elevation":"","dem":"8","timezone":"Asia/Ho_Chi_Minh","modification_date":"2013-08-04"},{"geonameid":"1580541","name":"Hội An","asciiname":"Hoi An","alternatenames":["Faifo","Faifoh","Faifoo","Feifu","Hoi An","Hojanas","Hôi An","Hội An","Khoj An","Khoj An'","Khojan","hoi-ani","hoian","hui an","hui an shi","hx yxan","Хой Ань","Хойан","Хоян","Хој Ан","הוי אן","ฮอยอัน","ჰოი-ანი","ホイアン","會安","會安市","호이안"],"latitude":"15.87944","longitude":"108.335","feature_class":"P","feature_code":"PPL","country_code":"VN","cc2":"","admin1_code":"84","admin2_code":"","admin3_code":"","admin4_code":"","population":"32757","elevation":"","dem":"13","timezone":"Asia/Ho_Chi_Minh","modification_date":"2015-03-16"},{"geonameid":"1580830","name":"Thành Phố Hòa Bình","asciiname":"Thanh Pho Hoa Binh","alternatenames":["Hao Binh","Hoa Bin","Hoa Binh","Hòa Bình","Thanh Pho Hoa Binh","Thành Phố Hòa Bình"],"latitude":"20.81717","longitude":"105.33759","feature_class":"P","feature_code":"PPLA","country_code":"VN","cc2":"","admin1_code":"53","admin2_code":"","admin3_code":"","admin4_code":"","population":"105260","elevation":"","dem":"31","timezone":"Asia/Ho_Chi_Minh","modification_date":"2013-06-04"},{"geonameid":"1581047","name":"Hà Tĩnh","asciiname":"Ha Tinh","alternatenames":["Ha Tin","Ha Tinh","Hà Tĩnh","Khatin'","Хатинь"],"latitude":"18.34282","longitude":"105.90569","feature_class":"P","feature_code":"PPLA","country_code":"VN","cc2":"","admin1_code":"52","admin2_code":"","admin3_code":"","admin4_code":"","population":"27728","elevation":"","dem":"8","timezone":"Asia/Ho_Chi_Minh","modification_date":"2013-11-07"},{"geonameid":"1581052","name":"Hà Tiên","asciiname":"Ha Tien","alternatenames":["Ha Tien","Hà Tiên","Khat'en","Хатьен"],"latitude":"10.3831","longitude":"104.48753","feature_class":"P","feature_code":"PPLA2","country_code":"VN","cc2":"","admin1_code":"21","admin2_code":"","admin3_code":"","admin4_code":"","population":"40000","elevation":"","dem":"8","timezone":"Asia/Ho_Chi_Minh","modification_date":"2014-08-05"},{"geonameid":"1581130","name":"Hanoi","asciiname":"Hanoi","alternatenames":["Anoi","Anoy","Anòy","Gorad Khanoj","HAN","Ha Noi","Ha Nui","Hanoi","Hanoj","Hanoja","Hanojo","Hanojus","Hanoy","Hanoí","Hanoï","Hanòi","Hanói","Ho-nui-su","Hà Nội","Hò-nui-sṳ","Keicho","Khanoj","hano'i","hanoi","hanoy","hanwy","hanxy","he nei","he nei shi","hyanaya","khanwy","Ανόι","Горад Ханой","Ханой","Ханој","Հանոյ","האנוי","خانوي","هانوى","هانوي","هانوی","ھانۆی","ہنوئی","हनोई","হ্যানয়","ਹਨੋਈ","ହାନୋଇ","ஹனோய்","ಹಾನೊಯ್","හැනෝයි","ฮานอย","ཧེ་ནོ།","ဟနွိုင်းမြို့","ჰანოი","ሀኖይ","ទីក្រុងហានូយ","Ḥanoi","ハノイ","河內","河內市","하노이"],"latitude":"21.0245","longitude":"105.84117","feature_class":"P","feature_code":"PPLC","country_code":"VN","cc2":"","admin1_code":"44","admin2_code":"","admin3_code":"","admin4_code":"","population":"1431270","elevation":"","dem":"10","timezone":"Asia/Ho_Chi_Minh","modification_date":"2013-12-03"},{"geonameid":"1581298","name":"Haiphong","asciiname":"Haiphong","alternatenames":["HPH","Hai Phong","Haiphong","Hajfong","Hải Phòng","Khajfon","hai fang shi","haifon","hayfwngh","hi fxng","Хайфон","هايفونغ","ไฮฟอง","ハイフォン","海防市"],"latitude":"20.86481","longitude":"106.68345","feature_class":"P","feature_code":"PPLA","country_code":"VN","cc2":"","admin1_code":"13","admin2_code":"","admin3_code":"","admin4_code":"","population":"602695","elevation":"","dem":"12","timezone":"Asia/Ho_Chi_Minh","modification_date":"2013-08-04"},{"geonameid":"1581326","name":"Thành Phố Hải Dương","asciiname":"Thanh Pho Hai Duong","alternatenames":["Hai Doong","Hai Duong","Hai dzung","Hai-Doung","Haidong","Haidöng","Hải Dương","Khajzyong","Thanh Pho Hai Duong","Thành Phố Hải Dương","Хайзыонг"],"latitude":"20.94099","longitude":"106.33302","feature_class":"P","feature_code":"PPLA","country_code":"VN","cc2":"","admin1_code":"79","admin2_code":"","admin3_code":"","admin4_code":"","population":"58030","elevation":"","dem":"8","timezone":"Asia/Ho_Chi_Minh","modification_date":"2013-09-05"},{"geonameid":"1581349","name":"Thành Phố Hà Giang","asciiname":"Thanh Pho Ha Giang","alternatenames":["Ha Giang","Hà Giang","Thanh Pho Ha Giang","Thành Phố Hà Giang"],"latitude":"22.82333","longitude":"104.98357","feature_class":"P","feature_code":"PPLA","country_code":"VN","cc2":"","admin1_code":"50","admin2_code":"","admin3_code":"","admin4_code":"","population":"32690","elevation":"","dem":"107","timezone":"Asia/Ho_Chi_Minh","modification_date":"2013-03-05"},{"geonameid":"1581364","name":"Hà Đông","asciiname":"Ha Dong","alternatenames":["Ha Dong","Hà Đông"],"latitude":"20.97136","longitude":"105.77876","feature_class":"P","feature_code":"PPLA2","country_code":"VN","cc2":"","admin1_code":"44","admin2_code":"","admin3_code":"","admin4_code":"","population":"50877","elevation":"","dem":"13","timezone":"Asia/Ho_Chi_Minh","modification_date":"2013-10-04"},{"geonameid":"1582436","name":"Don Luan","asciiname":"Don Luan","alternatenames":["Ap Dong Xoai","Don Luan","Dong Xoa","Dong Xoai","Dong Xoi","Dồng Xoài","Đồng Xoài","Ấp Đồng Xoài"],"latitude":"11.53495","longitude":"106.88324","feature_class":"P","feature_code":"PPLA","country_code":"VN","cc2":"","admin1_code":"76","admin2_code":"","admin3_code":"","admin4_code":"","population":"23978","elevation":"","dem":"90","timezone":"Asia/Ho_Chi_Minh","modification_date":"2014-06-04"},{"geonameid":"1582886","name":"Kwang Binh","asciiname":"Kwang Binh","alternatenames":["Dong Hoi","Dongkhoj","GJong Hoi","Kwang Binh","tong hai shi","Đồng Hới","Донгхой","同 海 市"],"latitude":"17.46885","longitude":"106.62226","feature_class":"P","feature_code":"PPLA","country_code":"VN","cc2":"","admin1_code":"62","admin2_code":"","admin3_code":"","admin4_code":"","population":"31040","elevation":"","dem":"9","timezone":"Asia/Ho_Chi_Minh","modification_date":"2014-05-29"},{"geonameid":"1582926","name":"Ðông Hà","asciiname":"Dong Ha","alternatenames":["Dong Ha","Dong Na","Thi Xa Dong Ha","Thi Xã Ðòng Hà","Ðông Hà"],"latitude":"16.81625","longitude":"107.10031","feature_class":"P","feature_code":"PPLA","country_code":"VN","cc2":"","admin1_code":"64","admin2_code":"","admin3_code":"","admin4_code":"","population":"17662","elevation":"","dem":"21","timezone":"Asia/Ho_Chi_Minh","modification_date":"2010-11-04"},{"geonameid":"1583477","name":"Dien Bien Phu","asciiname":"Dien Bien Phu","alternatenames":["D'en B'en Fu","DIN","Dien Bien Phu","Diên Biên Phu","GJien Bien Phu","Opsada GJien Bien Phua","Opsada Điện Biên Phủa","dian bian fu","dienbienfu","dienbienpu","Ðiện Biên Phủ","Ðiện Biên Phủ","Điện Biên Phủ","Дьен Бьен Фу","ディエンビエンフー","奠邊府","디엔비엔푸"],"latitude":"21.38602","longitude":"103.02301","feature_class":"P","feature_code":"PPLA","country_code":"VN","cc2":"","admin1_code":"92","admin2_code":"","admin3_code":"","admin4_code":"","population":"40282","elevation":"","dem":"485","timezone":"Asia/Ho_Chi_Minh","modification_date":"2013-06-29"},{"geonameid":"1583992","name":"Da Nang","asciiname":"Da Nang","alternatenames":["DAD","Da Nang","Danang","GJa Nang","Tourane","Turan","danan","xian gang","Đà Nẵng","Да Нанг","ダナン","岘港","峴港"],"latitude":"16.06778","longitude":"108.22083","feature_class":"P","feature_code":"PPLA","country_code":"VN","cc2":"","admin1_code":"78","admin2_code":"","admin3_code":"","admin4_code":"","population":"752493","elevation":"","dem":"11","timezone":"Asia/Ho_Chi_Minh","modification_date":"2014-07-16"},{"geonameid":"1584071","name":"Ðà Lạt","asciiname":"Da Lat","alternatenames":["DLI","Da Lat","Da lat","Dalat","Ðà Lạt","Далат"],"latitude":"11.94646","longitude":"108.44193","feature_class":"P","feature_code":"PPLA","country_code":"VN","cc2":"","admin1_code":"23","admin2_code":"","admin3_code":"","admin4_code":"","population":"197000","elevation":"","dem":"1483","timezone":"Asia/Ho_Chi_Minh","modification_date":"2013-06-29"},{"geonameid":"1584661","name":"Củ Chi","asciiname":"Cu Chi","alternatenames":["Cu Chi","Củ Chi","Ku-Chi","Ку-Чи"],"latitude":"10.97333","longitude":"106.49325","feature_class":"P","feature_code":"PPLA2","country_code":"VN","cc2":"","admin1_code":"20","admin2_code":"","admin3_code":"","admin4_code":"","population":"75000","elevation":"","dem":"14","timezone":"Asia/Ho_Chi_Minh","modification_date":"2014-09-30"},{"geonameid":"1585660","name":"Cho Dok","asciiname":"Cho Dok","alternatenames":["Angiang","Chau Doc","Chau Phu","Chau Phú","Chaudok","Cho Dok","Châu Đốc"],"latitude":"10.7","longitude":"105.11667","feature_class":"P","feature_code":"PPL","country_code":"VN","cc2":"","admin1_code":"01","admin2_code":"","admin3_code":"","admin4_code":"","population":"70239","elevation":"","dem":"10","timezone":"Asia/Ho_Chi_Minh","modification_date":"2013-05-07"},{"geonameid":"1586052","name":"Cát Bà","asciiname":"Cat Ba","alternatenames":["Apowan","Cac Ba","Cat Ba","Cát Bà","Kat Ba","Pho Cac Ba","Pho Cat Ba","Кат Ба"],"latitude":"20.72779","longitude":"107.04819","feature_class":"P","feature_code":"PPL","country_code":"VN","cc2":"","admin1_code":"13","admin2_code":"","admin3_code":"","admin4_code":"","population":"30000","elevation":"","dem":"24","timezone":"Asia/Ho_Chi_Minh","modification_date":"2014-01-07"},{"geonameid":"1586151","name":"Cao Lãnh","asciiname":"Cao Lanh","alternatenames":["Cao Lanh","Cao Lãnh","Phong Thanh"],"latitude":"10.46017","longitude":"105.63294","feature_class":"P","feature_code":"PPLA","country_code":"VN","cc2":"","admin1_code":"09","admin2_code":"","admin3_code":"","admin4_code":"","population":"63770","elevation":"","dem":"5","timezone":"Asia/Ho_Chi_Minh","modification_date":"2014-08-05"},{"geonameid":"1586185","name":"Thành Phố Cao Bằng","asciiname":"Thanh Pho Cao Bang","alternatenames":["Cao Bang","Cao Bằng","Cao Pang","Kao Bang","Kao banh","Kaobang","Thanh Pho Cao Bang","Thành Phố Cao Bằng","Каобанг"],"latitude":"22.66568","longitude":"106.25786","feature_class":"P","feature_code":"PPLA","country_code":"VN","cc2":"","admin1_code":"05","admin2_code":"","admin3_code":"","admin4_code":"","population":"41112","elevation":"","dem":"197","timezone":"Asia/Ho_Chi_Minh","modification_date":"2013-03-05"},{"geonameid":"1586203","name":"Cần Thơ","asciiname":"Can Tho","alternatenames":["Can Tho","Cần Thơ","Kan Tho","VCA","kanto","qin ju shi","カントー","芹苴市"],"latitude":"10.03711","longitude":"105.78825","feature_class":"P","feature_code":"PPLA","country_code":"VN","cc2":"","admin1_code":"87","admin2_code":"","admin3_code":"","admin4_code":"","population":"259598","elevation":"","dem":"3","timezone":"Asia/Ho_Chi_Minh","modification_date":"2014-09-04"},{"geonameid":"1586288","name":"Cần Giờ","asciiname":"Can Gio","alternatenames":["Can Gio","Can Thanh","Cần Giờ","Cần Thạnh"],"latitude":"10.41115","longitude":"106.95474","feature_class":"P","feature_code":"PPLA2","country_code":"VN","cc2":"","admin1_code":"20","admin2_code":"","admin3_code":"","admin4_code":"","population":"55137","elevation":"","dem":"5","timezone":"Asia/Ho_Chi_Minh","modification_date":"2014-12-02"},{"geonameid":"1586296","name":"Cần Giuộc","asciiname":"Can Giuoc","alternatenames":["Can Duoc","Can Gioc","Can Giuoc","Cần Duộc","Cần Giuộc"],"latitude":"10.60857","longitude":"106.67135","feature_class":"P","feature_code":"PPLA2","country_code":"VN","cc2":"","admin1_code":"24","admin2_code":"","admin3_code":"","admin4_code":"","population":"152200","elevation":"","dem":"6","timezone":"Asia/Ho_Chi_Minh","modification_date":"2014-06-04"},{"geonameid":"1586350","name":"Cam Ranh","asciiname":"Cam Ranh","alternatenames":["Cam Linh","Cam Ranh Port","Kamran'","Thon Cam Ranh","Thôn Cam Ranh","Камрань"],"latitude":"11.92144","longitude":"109.15913","feature_class":"P","feature_code":"PPL","country_code":"VN","cc2":"","admin1_code":"54","admin2_code":"","admin3_code":"","admin4_code":"","population":"146771","elevation":"","dem":"15","timezone":"Asia/Ho_Chi_Minh","modification_date":"2010-01-29"},{"geonameid":"1586357","name":"Cẩm Phả Mines","asciiname":"Cam Pha Mines","alternatenames":[""],"latitude":"21.01667","longitude":"107.3","feature_class":"P","feature_code":"PPL","country_code":"VN","cc2":"","admin1_code":"30","admin2_code":"","admin3_code":"","admin4_code":"","population":"135477","elevation":"","dem":"209","timezone":"Asia/Ho_Chi_Minh","modification_date":"2006-01-17"},{"geonameid":"1586443","name":"Cà Mau","asciiname":"Ca Mau","alternatenames":["Ca Mau","Camo","Cu Mau","Cà Mau","Kamao","Kamau","Quan Long","Quang Long","Song Kualon","Камау"],"latitude":"9.17682","longitude":"105.15242","feature_class":"P","feature_code":"PPLA","country_code":"VN","cc2":"","admin1_code":"77","admin2_code":"","admin3_code":"","admin4_code":"","population":"111894","elevation":"","dem":"5","timezone":"Asia/Ho_Chi_Minh","modification_date":"2014-09-30"},{"geonameid":"1586896","name":"Buôn Ma Thuột","asciiname":"Buon Ma Thuot","alternatenames":["BMV","Ban Me Thaut","Ban Me Thnot","Ban Me Thot","Ban Me Thout","Ban Me Thuot","Ban Mê Thuột","Ban-me-Thurt","Benmethout","Buon Ma Thuot","Buon Me Thuot","Buôn Ma Thuột","Buôn Mê Thuột","Lac Giao","Lạc Giao","Me Thuot"],"latitude":"12.66747","longitude":"108.03775","feature_class":"P","feature_code":"PPLA","country_code":"VN","cc2":"","admin1_code":"88","admin2_code":"","admin3_code":"","admin4_code":"","population":"146975","elevation":"","dem":"459","timezone":"Asia/Ho_Chi_Minh","modification_date":"2013-06-29"},{"geonameid":"1587919","name":"Bỉm Sơn","asciiname":"Bim Son","alternatenames":["Bien Son","Bim Son","Biên Sơn","Bỉm Sơn"],"latitude":"20.07806","longitude":"105.86028","feature_class":"P","feature_code":"PPL","country_code":"VN","cc2":"","admin1_code":"34","admin2_code":"","admin3_code":"","admin4_code":"","population":"53754","elevation":"","dem":"7","timezone":"Asia/Ho_Chi_Minh","modification_date":"2012-01-16"},{"geonameid":"1587923","name":"Biên Hòa","asciiname":"Bien Hoa","alternatenames":["Bia Hoa","Bien Hoa","Biên Hòa"],"latitude":"10.94469","longitude":"106.82432","feature_class":"P","feature_code":"PPLA","country_code":"VN","cc2":"","admin1_code":"43","admin2_code":"","admin3_code":"","admin4_code":"","population":"407208","elevation":"","dem":"6","timezone":"Asia/Ho_Chi_Minh","modification_date":"2014-06-04"},{"geonameid":"1587976","name":"Bến Tre","asciiname":"Ben Tre","alternatenames":["Ben Tre","Bến Tre","Truc Giang","Trúc Giang"],"latitude":"10.24147","longitude":"106.37585","feature_class":"P","feature_code":"PPLA","country_code":"VN","cc2":"","admin1_code":"03","admin2_code":"","admin3_code":"","admin4_code":"","population":"59442","elevation":"","dem":"5","timezone":"Asia/Ho_Chi_Minh","modification_date":"2014-09-04"},{"geonameid":"1588275","name":"Bảo Lộc","asciiname":"Bao Loc","alternatenames":["Ap Thanh Tam","Ban Lao","Bao Loc","Baolok","Blao","Bảo Lộc","Cong Hinh","Баолок","Ấp Thánh Tâm"],"latitude":"11.54798","longitude":"107.80772","feature_class":"P","feature_code":"PPLA2","country_code":"VN","cc2":"","admin1_code":"23","admin2_code":"1905200","admin3_code":"","admin4_code":"","population":"151915","elevation":"","dem":"841","timezone":"Asia/Ho_Chi_Minh","modification_date":"2015-04-04"},{"geonameid":"1591449","name":"Bắc Ninh","asciiname":"Bac Ninh","alternatenames":["Bac Ninh","Bacht Ninh","Bak Nin","Bak Ninh","Bắc Ninh"],"latitude":"21.18608","longitude":"106.07631","feature_class":"P","feature_code":"PPLA","country_code":"VN","cc2":"","admin1_code":"74","admin2_code":"","admin3_code":"","admin4_code":"","population":"43564","elevation":"","dem":"9","timezone":"Asia/Ho_Chi_Minh","modification_date":"2012-08-04"},{"geonameid":"1591474","name":"Thành phố Bạc Liêu","asciiname":"Thanh pho Bac Lieu","alternatenames":["Bac Lieu","Bac-Lien","Bach Lieu","Bak Lieu","Bạc Liêu","Thanh pho Bac Lieu","Thành phố Bạc Liêu","Vinh Loi","Vĩnh Lợi"],"latitude":"9.29414","longitude":"105.72776","feature_class":"P","feature_code":"PPLA","country_code":"VN","cc2":"","admin1_code":"73","admin2_code":"","admin3_code":"","admin4_code":"","population":"107911","elevation":"","dem":"5","timezone":"Asia/Ho_Chi_Minh","modification_date":"2012-07-04"},{"geonameid":"1591527","name":"Bắc Giang","asciiname":"Bac Giang","alternatenames":["Bac Giang","Bắc Giang","Phu Lang Thong","Phu Lang Thuong","Phu Long Thuong","Thuong"],"latitude":"21.27307","longitude":"106.1946","feature_class":"P","feature_code":"PPLA","country_code":"VN","cc2":"","admin1_code":"71","admin2_code":"","admin3_code":"","admin4_code":"","population":"53728","elevation":"","dem":"14","timezone":"Asia/Ho_Chi_Minh","modification_date":"2012-08-04"},{"geonameid":"1591538","name":"Bắc Kạn","asciiname":"Bac Kan","alternatenames":["Bac Can","Bac Kan","Bak Kan","Bắc Cạn","Bắc Kạn"],"latitude":"22.14701","longitude":"105.83481","feature_class":"P","feature_code":"PPLA","country_code":"VN","cc2":"","admin1_code":"72","admin2_code":"","admin3_code":"","admin4_code":"","population":"17701","elevation":"","dem":"150","timezone":"Asia/Ho_Chi_Minh","modification_date":"2012-09-05"},{"geonameid":"8991407","name":"Đinh Văn","asciiname":"GJinh Van","alternatenames":["Din' Van","Dinh Van","Đinh Văn","Динь Ван"],"latitude":"11.78624","longitude":"108.24282","feature_class":"P","feature_code":"PPL","country_code":"VN","cc2":"","admin1_code":"23","admin2_code":"","admin3_code":"","admin4_code":"","population":"16036","elevation":"","dem":"848","timezone":"Asia/Ho_Chi_Minh","modification_date":"2014-06-27"}]}