{"country_data":{"ISO":"WF","ISO3":"WLF","ISO_Numeric":"876","fips":"WF","country":"Wallis and Futuna","capital":"Mata Utu","area":"274","Population":"16025","Continent":"OC","tld":".wf","CurrencyCode":"XPF","CurrencyName":"Franc","Phone":"681","Postal_Code_Format":"#####","Postal_Code_Regex":"^(986\\d{2})$","Languages":"wls,fud,fr-WF","geonameid":"4034749","neighbours":"","EquivalentFipsCode":""},"cities":[{"geonameid":"4034821","name":"Mata-Utu","asciiname":"Mata-Utu","alternatenames":["Gorad Mata-Utu","Mata Utu","Mata'utu","Mata-Outou","Mata-Utu","Matauto","Matautu","Matâutu","Matāʻutu","ma ta wu tu","mata-atw","mata-xu tu","matauto~u","matautu","Μάτα-Ούτου","Горад Мата-Уту","Мата-Уту","ماتا-اتو","มาตา-อูตู","მატა-უტუ","マタウトゥ","马塔乌图","마타우투"],"latitude":"-13.28163","longitude":"-176.17453","feature_class":"P","feature_code":"PPLC","country_code":"WF","cc2":"WF","admin1_code":"98613","admin2_code":"","admin3_code":"","admin4_code":"","population":"1200","elevation":"","dem":"15","timezone":"Pacific/Wallis","modification_date":"2014-08-19"}]}