{"country_data":{"ISO":"ZW","ISO3":"ZWE","ISO_Numeric":"716","fips":"ZI","country":"Zimbabwe","capital":"Harare","area":"390580","Population":"11651858","Continent":"AF","tld":".zw","CurrencyCode":"ZWL","CurrencyName":"Dollar","Phone":"263","Postal_Code_Format":"","Postal_Code_Regex":"","Languages":"en-ZW,sn,nr,nd","geonameid":"878675","neighbours":"ZA,MZ,BW,ZM","EquivalentFipsCode":""},"cities":[{"geonameid":"878549","name":"Zvishavane","asciiname":"Zvishavane","alternatenames":["Shabani","Shavani","Zvishavane"],"latitude":"-20.32674","longitude":"30.06648","feature_class":"P","feature_code":"PPL","country_code":"ZW","cc2":"","admin1_code":"08","admin2_code":"","admin3_code":"","admin4_code":"","population":"35896","elevation":"","dem":"998","timezone":"Africa/Harare","modification_date":"2014-05-12"},{"geonameid":"879431","name":"Victoria Falls","asciiname":"Victoria Falls","alternatenames":["Chutes Victoria","VFA","Victoria Falls"],"latitude":"-17.93285","longitude":"25.83066","feature_class":"P","feature_code":"PPL","country_code":"ZW","cc2":"","admin1_code":"06","admin2_code":"889941","admin3_code":"","admin4_code":"","population":"35761","elevation":"","dem":"961","timezone":"Africa/Harare","modification_date":"2015-01-14"},{"geonameid":"881164","name":"Shurugwi","asciiname":"Shurugwi","alternatenames":["Churugwi","Salukwe","Selukwe","Shurugwi"],"latitude":"-19.67016","longitude":"30.00589","feature_class":"P","feature_code":"PPL","country_code":"ZW","cc2":"","admin1_code":"02","admin2_code":"","admin3_code":"","admin4_code":"","population":"17075","elevation":"","dem":"1483","timezone":"Africa/Harare","modification_date":"2012-01-17"},{"geonameid":"881331","name":"Shangani","asciiname":"Shangani","alternatenames":[""],"latitude":"-19.78333","longitude":"29.36667","feature_class":"P","feature_code":"PPL","country_code":"ZW","cc2":"","admin1_code":"02","admin2_code":"","admin3_code":"","admin4_code":"","population":"3835","elevation":"","dem":"1377","timezone":"Africa/Harare","modification_date":"2013-03-12"},{"geonameid":"881345","name":"Shamva","asciiname":"Shamva","alternatenames":["Shamva","Tsambvi","Tsamvi"],"latitude":"-17.31159","longitude":"31.57561","feature_class":"P","feature_code":"PPL","country_code":"ZW","cc2":"","admin1_code":"03","admin2_code":"","admin3_code":"","admin4_code":"","population":"10317","elevation":"","dem":"947","timezone":"Africa/Harare","modification_date":"2014-04-06"},{"geonameid":"882100","name":"Rusape","asciiname":"Rusape","alternatenames":["Rusape","Rusapi"],"latitude":"-18.52785","longitude":"32.12843","feature_class":"P","feature_code":"PPL","country_code":"ZW","cc2":"","admin1_code":"01","admin2_code":"","admin3_code":"","admin4_code":"","population":"29292","elevation":"","dem":"1415","timezone":"Africa/Harare","modification_date":"2012-01-17"},{"geonameid":"882599","name":"Redcliff","asciiname":"Redcliff","alternatenames":["Redcliff","Redcliffe","Rehdkliff","Рэдклифф"],"latitude":"-19.03333","longitude":"29.78333","feature_class":"P","feature_code":"PPL","country_code":"ZW","cc2":"","admin1_code":"02","admin2_code":"","admin3_code":"","admin4_code":"","population":"33197","elevation":"","dem":"1232","timezone":"Africa/Harare","modification_date":"2013-03-12"},{"geonameid":"882722","name":"Raffingora","asciiname":"Raffingora","alternatenames":["Raffingora"],"latitude":"-17.03333","longitude":"30.43333","feature_class":"P","feature_code":"PPL","country_code":"ZW","cc2":"","admin1_code":"00","admin2_code":"","admin3_code":"","admin4_code":"","population":"1957","elevation":"","dem":"1160","timezone":"Africa/Harare","modification_date":"2012-01-17"},{"geonameid":"882859","name":"Plumtree","asciiname":"Plumtree","alternatenames":["Plumtree"],"latitude":"-20.48333","longitude":"27.81667","feature_class":"P","feature_code":"PPL","country_code":"ZW","cc2":"","admin1_code":"07","admin2_code":"","admin3_code":"","admin4_code":"","population":"2148","elevation":"","dem":"1384","timezone":"Africa/Harare","modification_date":"2013-03-12"},{"geonameid":"882955","name":"Penhalonga","asciiname":"Penhalonga","alternatenames":["Penhalonga"],"latitude":"-18.89112","longitude":"32.69781","feature_class":"P","feature_code":"PPL","country_code":"ZW","cc2":"","admin1_code":"01","admin2_code":"","admin3_code":"","admin4_code":"","population":"7681","elevation":"","dem":"1364","timezone":"Africa/Harare","modification_date":"2012-01-17"},{"geonameid":"883183","name":"Odzi","asciiname":"Odzi","alternatenames":["Odzi"],"latitude":"-18.96167","longitude":"32.40557","feature_class":"P","feature_code":"PPL","country_code":"ZW","cc2":"","admin1_code":"01","admin2_code":"","admin3_code":"","admin4_code":"","population":"3438","elevation":"","dem":"1005","timezone":"Africa/Harare","modification_date":"2012-01-17"},{"geonameid":"883258","name":"Nyazura","asciiname":"Nyazura","alternatenames":["Inyazura","Nyazura","Nyazure"],"latitude":"-18.70587","longitude":"32.16796","feature_class":"P","feature_code":"PPL","country_code":"ZW","cc2":"","admin1_code":"01","admin2_code":"","admin3_code":"","admin4_code":"","population":"2110","elevation":"","dem":"1243","timezone":"Africa/Harare","modification_date":"2012-01-17"},{"geonameid":"883481","name":"Nyanga","asciiname":"Nyanga","alternatenames":[""],"latitude":"-18.21667","longitude":"32.75","feature_class":"P","feature_code":"PPL","country_code":"ZW","cc2":"","admin1_code":"01","admin2_code":"","admin3_code":"","admin4_code":"","population":"4852","elevation":"","dem":"1706","timezone":"Africa/Harare","modification_date":"2013-03-12"},{"geonameid":"884141","name":"Norton","asciiname":"Norton","alternatenames":["Norton","Нортон"],"latitude":"-17.88333","longitude":"30.7","feature_class":"P","feature_code":"PPL","country_code":"ZW","cc2":"","admin1_code":"05","admin2_code":"","admin3_code":"","admin4_code":"","population":"52054","elevation":"","dem":"1364","timezone":"Africa/Harare","modification_date":"2013-03-12"},{"geonameid":"884798","name":"Mvurwi","asciiname":"Mvurwi","alternatenames":["Dawsons","Mvurwi","Umvukwes"],"latitude":"-17.03333","longitude":"30.85","feature_class":"P","feature_code":"PPL","country_code":"ZW","cc2":"","admin1_code":"03","admin2_code":"","admin3_code":"","admin4_code":"","population":"7970","elevation":"","dem":"1495","timezone":"Africa/Harare","modification_date":"2013-03-12"},{"geonameid":"884814","name":"Mvuma","asciiname":"Mvuma","alternatenames":["Muvumi","Mvuma","Umvuma"],"latitude":"-19.27924","longitude":"30.52828","feature_class":"P","feature_code":"PPL","country_code":"ZW","cc2":"","admin1_code":"02","admin2_code":"","admin3_code":"","admin4_code":"","population":"4331","elevation":"","dem":"1387","timezone":"Africa/Harare","modification_date":"2012-01-17"},{"geonameid":"884927","name":"Mutoko","asciiname":"Mutoko","alternatenames":["Mtoko","Mutoko"],"latitude":"-17.39699","longitude":"32.22677","feature_class":"P","feature_code":"PPL","country_code":"ZW","cc2":"","admin1_code":"04","admin2_code":"","admin3_code":"","admin4_code":"","population":"9532","elevation":"","dem":"1285","timezone":"Africa/Harare","modification_date":"2012-01-17"},{"geonameid":"884979","name":"Mutare","asciiname":"Mutare","alternatenames":["Gorad Mutareh","Mutare","Mutarė","Nyautare","UTA","Umtali","mu ta lei","mutale","Горад Мутарэ","Мутаре","穆塔雷","무타레"],"latitude":"-18.9707","longitude":"32.67086","feature_class":"P","feature_code":"PPLA","country_code":"ZW","cc2":"","admin1_code":"01","admin2_code":"","admin3_code":"","admin4_code":"","population":"184205","elevation":"","dem":"1116","timezone":"Africa/Harare","modification_date":"2010-08-03"},{"geonameid":"885159","name":"Murehwa","asciiname":"Murehwa","alternatenames":["Mrewa","Murehwa","Murewa"],"latitude":"-17.64322","longitude":"31.784","feature_class":"P","feature_code":"PPL","country_code":"ZW","cc2":"","admin1_code":"04","admin2_code":"","admin3_code":"","admin4_code":"","population":"8559","elevation":"","dem":"1365","timezone":"Africa/Harare","modification_date":"2014-05-12"},{"geonameid":"885800","name":"Mount Darwin","asciiname":"Mount Darwin","alternatenames":["Darwin","Fura","Mount Darwin","Mount Fura"],"latitude":"-16.77251","longitude":"31.58381","feature_class":"P","feature_code":"PPL","country_code":"ZW","cc2":"","admin1_code":"03","admin2_code":"","admin3_code":"","admin4_code":"","population":"6349","elevation":"","dem":"955","timezone":"Africa/Harare","modification_date":"2014-04-06"},{"geonameid":"886146","name":"Mhangura","asciiname":"Mhangura","alternatenames":["Mangula","Mhangura"],"latitude":"-16.89387","longitude":"30.16828","feature_class":"P","feature_code":"PPL","country_code":"ZW","cc2":"","admin1_code":"05","admin2_code":"","admin3_code":"","admin4_code":"","population":"6503","elevation":"","dem":"1182","timezone":"Africa/Harare","modification_date":"2014-04-06"},{"geonameid":"886384","name":"Mazowe","asciiname":"Mazowe","alternatenames":["Mazowe"],"latitude":"-17.50404","longitude":"30.97388","feature_class":"P","feature_code":"PPL","country_code":"ZW","cc2":"","admin1_code":"03","admin2_code":"","admin3_code":"","admin4_code":"","population":"9966","elevation":"","dem":"1249","timezone":"Africa/Harare","modification_date":"2014-03-19"},{"geonameid":"886763","name":"Masvingo","asciiname":"Masvingo","alternatenames":["Fort Victoria","MVZ","Mashvingo","Masvingo","Nyanda","Машвинго"],"latitude":"-20.06373","longitude":"30.82766","feature_class":"P","feature_code":"PPLA","country_code":"ZW","cc2":"","admin1_code":"08","admin2_code":"","admin3_code":"","admin4_code":"","population":"76290","elevation":"","dem":"1091","timezone":"Africa/Harare","modification_date":"2010-08-03"},{"geonameid":"886864","name":"Mashava","asciiname":"Mashava","alternatenames":["Mashaba","Mashava"],"latitude":"-20.03665","longitude":"30.48225","feature_class":"P","feature_code":"PPL","country_code":"ZW","cc2":"","admin1_code":"08","admin2_code":"","admin3_code":"","admin4_code":"","population":"12994","elevation":"","dem":"1046","timezone":"Africa/Harare","modification_date":"2012-01-17"},{"geonameid":"886990","name":"Marondera","asciiname":"Marondera","alternatenames":["Marandellas","Marondera"],"latitude":"-18.18527","longitude":"31.55193","feature_class":"P","feature_code":"PPLA","country_code":"ZW","cc2":"","admin1_code":"04","admin2_code":"","admin3_code":"","admin4_code":"","population":"57082","elevation":"","dem":"1668","timezone":"Africa/Harare","modification_date":"2010-08-03"},{"geonameid":"888089","name":"Macheke","asciiname":"Macheke","alternatenames":["Macheke","Mucheki"],"latitude":"-18.13901","longitude":"31.84933","feature_class":"P","feature_code":"PPL","country_code":"ZW","cc2":"","admin1_code":"04","admin2_code":"","admin3_code":"","admin4_code":"","population":"3642","elevation":"","dem":"1527","timezone":"Africa/Harare","modification_date":"2012-01-17"},{"geonameid":"888225","name":"Lupane","asciiname":"Lupane","alternatenames":["Lupane","Lupani"],"latitude":"-18.93149","longitude":"27.80696","feature_class":"P","feature_code":"PPLA","country_code":"ZW","cc2":"","admin1_code":"06","admin2_code":"","admin3_code":"","admin4_code":"","population":"1200","elevation":"","dem":"1016","timezone":"Africa/Harare","modification_date":"2010-08-13"},{"geonameid":"888667","name":"Lalapanzi","asciiname":"Lalapanzi","alternatenames":["Lalapansi","Lalapanzi"],"latitude":"-19.33225","longitude":"30.17768","feature_class":"P","feature_code":"PPL","country_code":"ZW","cc2":"","admin1_code":"02","admin2_code":"","admin3_code":"","admin4_code":"","population":"1390","elevation":"","dem":"1500","timezone":"Africa/Harare","modification_date":"2012-01-17"},{"geonameid":"888710","name":"Kwekwe","asciiname":"Kwekwe","alternatenames":["Hwe Hwe","Kwekwe","Que Que"],"latitude":"-18.92809","longitude":"29.81486","feature_class":"P","feature_code":"PPL","country_code":"ZW","cc2":"","admin1_code":"02","admin2_code":"","admin3_code":"","admin4_code":"","population":"99149","elevation":"","dem":"1203","timezone":"Africa/Harare","modification_date":"2012-01-17"},{"geonameid":"889191","name":"Karoi","asciiname":"Karoi","alternatenames":["Karoi","Karoyi"],"latitude":"-16.80993","longitude":"29.69247","feature_class":"P","feature_code":"PPL","country_code":"ZW","cc2":"","admin1_code":"05","admin2_code":"","admin3_code":"","admin4_code":"","population":"25030","elevation":"","dem":"1259","timezone":"Africa/Harare","modification_date":"2015-04-24"},{"geonameid":"889215","name":"Kariba","asciiname":"Kariba","alternatenames":["KAB","Kariba","Кариба"],"latitude":"-16.51667","longitude":"28.8","feature_class":"P","feature_code":"PPL","country_code":"ZW","cc2":"","admin1_code":"05","admin2_code":"","admin3_code":"","admin4_code":"","population":"25531","elevation":"","dem":"679","timezone":"Africa/Harare","modification_date":"2012-01-17"},{"geonameid":"889390","name":"Kamativi Mine","asciiname":"Kamativi Mine","alternatenames":["Kamativi","Kamativi Mine","Kamitivi"],"latitude":"-18.31563","longitude":"27.05729","feature_class":"P","feature_code":"PPL","country_code":"ZW","cc2":"","admin1_code":"06","admin2_code":"","admin3_code":"","admin4_code":"","population":"1575","elevation":"","dem":"953","timezone":"Africa/Harare","modification_date":"2012-01-17"},{"geonameid":"889453","name":"Kadoma","asciiname":"Kadoma","alternatenames":["Gatooma","Kadoma","Kadome","Katoma","Кадоме"],"latitude":"-18.33328","longitude":"29.91534","feature_class":"P","feature_code":"PPL","country_code":"ZW","cc2":"","admin1_code":"05","admin2_code":"","admin3_code":"","admin4_code":"","population":"79174","elevation":"","dem":"1176","timezone":"Africa/Harare","modification_date":"2012-01-17"},{"geonameid":"889723","name":"Inyati","asciiname":"Inyati","alternatenames":["Inyati"],"latitude":"-19.67563","longitude":"28.84687","feature_class":"P","feature_code":"PPL","country_code":"ZW","cc2":"","admin1_code":"06","admin2_code":"","admin3_code":"","admin4_code":"","population":"8402","elevation":"","dem":"1333","timezone":"Africa/Harare","modification_date":"2014-03-23"},{"geonameid":"889795","name":"Insiza","asciiname":"Insiza","alternatenames":[""],"latitude":"-19.78333","longitude":"29.2","feature_class":"P","feature_code":"PPL","country_code":"ZW","cc2":"","admin1_code":"07","admin2_code":"","admin3_code":"","admin4_code":"","population":"2645","elevation":"","dem":"1422","timezone":"Africa/Harare","modification_date":"2013-03-12"},{"geonameid":"889942","name":"Hwange","asciiname":"Hwange","alternatenames":["Khvange","WKI","Wange","Wankie","Хванге"],"latitude":"-18.36446","longitude":"26.49877","feature_class":"P","feature_code":"PPL","country_code":"ZW","cc2":"","admin1_code":"06","admin2_code":"889941","admin3_code":"","admin4_code":"","population":"33210","elevation":"","dem":"767","timezone":"Africa/Harare","modification_date":"2014-11-16"},{"geonameid":"890242","name":"Headlands","asciiname":"Headlands","alternatenames":["Headlands"],"latitude":"-18.27733","longitude":"32.0515","feature_class":"P","feature_code":"PPL","country_code":"ZW","cc2":"","admin1_code":"01","admin2_code":"","admin3_code":"","admin4_code":"","population":"1728","elevation":"","dem":"1563","timezone":"Africa/Harare","modification_date":"2012-01-17"},{"geonameid":"890299","name":"Harare","asciiname":"Harare","alternatenames":["Arare","Charare","Gorad Kharareh","HRE","Harare","Hararensis Urbs","Harareo","Hararė","Kharare","Salisbury","ha la lei","halale","harare","harary","hrarh","hrary","Χαράρε","Горад Харарэ","Хараре","Հարարե","הארארה","هارارى","هراره","هراري","ھارارې","ھەرارێ","ہرارے","हरारे","ਹਰਾਰੇ","ହାରାରେ","ஹராரே","ฮาราเร","ཧ་ར་རི།","ჰარარე","ሀራሬ","ハラレ","哈拉雷","하라레"],"latitude":"-17.82772","longitude":"31.05337","feature_class":"P","feature_code":"PPLC","country_code":"ZW","cc2":"","admin1_code":"10","admin2_code":"","admin3_code":"","admin4_code":"","population":"1542813","elevation":"","dem":"1494","timezone":"Africa/Harare","modification_date":"2015-06-03"},{"geonameid":"890422","name":"Gweru","asciiname":"Gweru","alternatenames":["GWE","Gveru","Gwelo","Gweru","Гверу"],"latitude":"-19.45","longitude":"29.81667","feature_class":"P","feature_code":"PPLA","country_code":"ZW","cc2":"","admin1_code":"02","admin2_code":"","admin3_code":"","admin4_code":"","population":"146073","elevation":"","dem":"1412","timezone":"Africa/Harare","modification_date":"2009-06-30"},{"geonameid":"890516","name":"Gwanda","asciiname":"Gwanda","alternatenames":["Jawunda"],"latitude":"-20.93333","longitude":"29","feature_class":"P","feature_code":"PPLA","country_code":"ZW","cc2":"","admin1_code":"07","admin2_code":"","admin3_code":"","admin4_code":"","population":"14450","elevation":"","dem":"982","timezone":"Africa/Harare","modification_date":"2009-06-30"},{"geonameid":"890983","name":"Gokwe","asciiname":"Gokwe","alternatenames":["Gokwe"],"latitude":"-18.20476","longitude":"28.9349","feature_class":"P","feature_code":"PPL","country_code":"ZW","cc2":"","admin1_code":"02","admin2_code":"","admin3_code":"","admin4_code":"","population":"18942","elevation":"","dem":"1237","timezone":"Africa/Harare","modification_date":"2012-05-05"},{"geonameid":"891099","name":"Glendale","asciiname":"Glendale","alternatenames":["Glendale"],"latitude":"-17.35514","longitude":"31.06718","feature_class":"P","feature_code":"PPL","country_code":"ZW","cc2":"","admin1_code":"03","admin2_code":"","admin3_code":"","admin4_code":"","population":"9768","elevation":"","dem":"1143","timezone":"Africa/Harare","modification_date":"2012-01-17"},{"geonameid":"891515","name":"Filabusi","asciiname":"Filabusi","alternatenames":["Emfelabuso","Filabusi"],"latitude":"-20.53333","longitude":"29.28502","feature_class":"P","feature_code":"PPL","country_code":"ZW","cc2":"","admin1_code":"07","admin2_code":"","admin3_code":"","admin4_code":"","population":"1756","elevation":"","dem":"1072","timezone":"Africa/Harare","modification_date":"2012-01-17"},{"geonameid":"891699","name":"Esigodini","asciiname":"Esigodini","alternatenames":["Esigodini","Essexvale"],"latitude":"-20.28979","longitude":"28.92261","feature_class":"P","feature_code":"PPL","country_code":"ZW","cc2":"","admin1_code":"07","admin2_code":"","admin3_code":"","admin4_code":"","population":"2228","elevation":"","dem":"1181","timezone":"Africa/Harare","modification_date":"2012-01-17"},{"geonameid":"892156","name":"Dorowa Mining Lease","asciiname":"Dorowa Mining Lease","alternatenames":["Dorowa","Dorowa Claims","Dorowa Mining Lease"],"latitude":"-19.06667","longitude":"31.75","feature_class":"P","feature_code":"PPL","country_code":"ZW","cc2":"","admin1_code":"00","admin2_code":"","admin3_code":"","admin4_code":"","population":"1676","elevation":"","dem":"916","timezone":"Africa/Harare","modification_date":"2012-01-17"},{"geonameid":"892440","name":"Dete","asciiname":"Dete","alternatenames":["Dete","Dett"],"latitude":"-18.61667","longitude":"26.86667","feature_class":"P","feature_code":"PPL","country_code":"ZW","cc2":"","admin1_code":"06","admin2_code":"","admin3_code":"","admin4_code":"","population":"2993","elevation":"","dem":"1112","timezone":"Africa/Harare","modification_date":"2013-03-12"},{"geonameid":"892876","name":"Concession","asciiname":"Concession","alternatenames":["Concession"],"latitude":"-17.38333","longitude":"30.95","feature_class":"P","feature_code":"PPL","country_code":"ZW","cc2":"","admin1_code":"03","admin2_code":"","admin3_code":"","admin4_code":"","population":"4983","elevation":"","dem":"1331","timezone":"Africa/Harare","modification_date":"2013-03-12"},{"geonameid":"893172","name":"Chivhu","asciiname":"Chivhu","alternatenames":["Chivhu","Enkeldoorn"],"latitude":"-19.02112","longitude":"30.89218","feature_class":"P","feature_code":"PPL","country_code":"ZW","cc2":"","admin1_code":"04","admin2_code":"","admin3_code":"","admin4_code":"","population":"10369","elevation":"","dem":"1450","timezone":"Africa/Harare","modification_date":"2012-01-17"},{"geonameid":"893397","name":"Chirundu","asciiname":"Chirundu","alternatenames":["Chirunda","Chirundo","Chirundu","Chirundu Township","Otto Beit Bridge"],"latitude":"-16.03333","longitude":"28.85","feature_class":"P","feature_code":"PPL","country_code":"ZW","cc2":"","admin1_code":"00","admin2_code":"","admin3_code":"","admin4_code":"","population":"1911","elevation":"","dem":"402","timezone":"Africa/Harare","modification_date":"2012-01-17"},{"geonameid":"893485","name":"Chiredzi","asciiname":"Chiredzi","alternatenames":["BFO","Chiredzi"],"latitude":"-21.05","longitude":"31.66667","feature_class":"P","feature_code":"PPL","country_code":"ZW","cc2":"","admin1_code":"08","admin2_code":"","admin3_code":"","admin4_code":"","population":"28205","elevation":"","dem":"436","timezone":"Africa/Harare","modification_date":"2013-05-08"},{"geonameid":"893549","name":"Chipinge","asciiname":"Chipinge","alternatenames":["CHJ","Chipinga","Chipinge"],"latitude":"-20.18833","longitude":"32.62365","feature_class":"P","feature_code":"PPL","country_code":"ZW","cc2":"","admin1_code":"01","admin2_code":"","admin3_code":"","admin4_code":"","population":"18860","elevation":"","dem":"1109","timezone":"Africa/Harare","modification_date":"2015-04-24"},{"geonameid":"893697","name":"Chinhoyi","asciiname":"Chinhoyi","alternatenames":["Chinhoyi","Chinoyi","Sinoia"],"latitude":"-17.36667","longitude":"30.2","feature_class":"P","feature_code":"PPLA","country_code":"ZW","cc2":"","admin1_code":"05","admin2_code":"","admin3_code":"","admin4_code":"","population":"61739","elevation":"","dem":"1153","timezone":"Africa/Harare","modification_date":"2009-06-30"},{"geonameid":"893813","name":"Chimanimani","asciiname":"Chimanimani","alternatenames":["Chimanimani","Mandidzudzure","Melsetter"],"latitude":"-19.8","longitude":"32.86667","feature_class":"P","feature_code":"PPL","country_code":"ZW","cc2":"","admin1_code":"01","admin2_code":"","admin3_code":"","admin4_code":"","population":"2752","elevation":"","dem":"1565","timezone":"Africa/Harare","modification_date":"2013-03-12"},{"geonameid":"894239","name":"Chegutu","asciiname":"Chegutu","alternatenames":["Cheguto","Chegutu","Hartley","New Hartley"],"latitude":"-18.13021","longitude":"30.14074","feature_class":"P","feature_code":"PPL","country_code":"ZW","cc2":"","admin1_code":"05","admin2_code":"","admin3_code":"","admin4_code":"","population":"47294","elevation":"","dem":"1187","timezone":"Africa/Harare","modification_date":"2012-01-17"},{"geonameid":"894413","name":"Chakari","asciiname":"Chakari","alternatenames":["Chakari","Shagari"],"latitude":"-18.06294","longitude":"29.89246","feature_class":"P","feature_code":"PPL","country_code":"ZW","cc2":"","admin1_code":"05","admin2_code":"","admin3_code":"","admin4_code":"","population":"6472","elevation":"","dem":"1107","timezone":"Africa/Harare","modification_date":"2012-01-17"},{"geonameid":"894460","name":"Centenary","asciiname":"Centenary","alternatenames":["Centenary"],"latitude":"-16.72289","longitude":"31.11462","feature_class":"P","feature_code":"PPL","country_code":"ZW","cc2":"","admin1_code":"03","admin2_code":"","admin3_code":"","admin4_code":"","population":"3388","elevation":"","dem":"1186","timezone":"Africa/Harare","modification_date":"2012-01-17"},{"geonameid":"894701","name":"Bulawayo","asciiname":"Bulawayo","alternatenames":["BUQ","Bulavajas","Bulavajo","Bulavejo","Bulawayo","Gorad Bulavajo","bu la wa yue","bullawayo","burawayo","Булавайо","Булавајо","Булавейо","Горад Булаваё","ブラワヨ","布拉瓦约","불라와요"],"latitude":"-20.15","longitude":"28.58333","feature_class":"P","feature_code":"PPLA","country_code":"ZW","cc2":"","admin1_code":"09","admin2_code":"","admin3_code":"","admin4_code":"","population":"699385","elevation":"","dem":"1348","timezone":"Africa/Harare","modification_date":"2010-08-03"},{"geonameid":"895057","name":"Binga","asciiname":"Binga","alternatenames":["Binga"],"latitude":"-17.62027","longitude":"27.34139","feature_class":"P","feature_code":"PPL","country_code":"ZW","cc2":"","admin1_code":"06","admin2_code":"","admin3_code":"","admin4_code":"","population":"4327","elevation":"","dem":"628","timezone":"Africa/Harare","modification_date":"2012-01-17"},{"geonameid":"895061","name":"Bindura","asciiname":"Bindura","alternatenames":["Bindura","Bindura Town","Kimberley Reefs","Биндура"],"latitude":"-17.30192","longitude":"31.33056","feature_class":"P","feature_code":"PPLA","country_code":"ZW","cc2":"","admin1_code":"03","admin2_code":"","admin3_code":"","admin4_code":"","population":"37423","elevation":"","dem":"1118","timezone":"Africa/Harare","modification_date":"2010-08-03"},{"geonameid":"895269","name":"Beitbridge","asciiname":"Beitbridge","alternatenames":["Beitbridge"],"latitude":"-22.21667","longitude":"30","feature_class":"P","feature_code":"PPL","country_code":"ZW","cc2":"","admin1_code":"07","admin2_code":"","admin3_code":"","admin4_code":"","population":"26459","elevation":"","dem":"461","timezone":"Africa/Harare","modification_date":"2013-03-12"},{"geonameid":"895308","name":"Beatrice","asciiname":"Beatrice","alternatenames":[""],"latitude":"-18.25283","longitude":"30.8473","feature_class":"P","feature_code":"PPL","country_code":"ZW","cc2":"","admin1_code":"04","admin2_code":"","admin3_code":"","admin4_code":"","population":"1647","elevation":"","dem":"1307","timezone":"Africa/Harare","modification_date":"2006-01-17"},{"geonameid":"895417","name":"Banket","asciiname":"Banket","alternatenames":["Banket","Banket Junction"],"latitude":"-17.38333","longitude":"30.4","feature_class":"P","feature_code":"PPL","country_code":"ZW","cc2":"","admin1_code":"05","admin2_code":"","admin3_code":"","admin4_code":"","population":"9641","elevation":"","dem":"1277","timezone":"Africa/Harare","modification_date":"2013-03-12"},{"geonameid":"1085510","name":"Epworth","asciiname":"Epworth","alternatenames":["Epworth"],"latitude":"-17.89","longitude":"31.1475","feature_class":"P","feature_code":"PPLX","country_code":"ZW","cc2":"","admin1_code":"10","admin2_code":"","admin3_code":"","admin4_code":"","population":"123250","elevation":"","dem":"1508","timezone":"Africa/Harare","modification_date":"2012-01-19"},{"geonameid":"1106542","name":"Chitungwiza","asciiname":"Chitungwiza","alternatenames":["Chitungwiza"],"latitude":"-18.01274","longitude":"31.07555","feature_class":"P","feature_code":"PPL","country_code":"ZW","cc2":"","admin1_code":"10","admin2_code":"","admin3_code":"","admin4_code":"","population":"340360","elevation":"","dem":"1435","timezone":"Africa/Harare","modification_date":"2012-01-20"},{"geonameid":"878549","name":"Zvishavane","asciiname":"Zvishavane","alternatenames":["Shabani","Shavani","Zvishavane"],"latitude":"-20.32674","longitude":"30.06648","feature_class":"P","feature_code":"PPL","country_code":"ZW","cc2":"","admin1_code":"08","admin2_code":"","admin3_code":"","admin4_code":"","population":"35896","elevation":"","dem":"998","timezone":"Africa/Harare","modification_date":"2014-05-12"},{"geonameid":"879431","name":"Victoria Falls","asciiname":"Victoria Falls","alternatenames":["Chutes Victoria","VFA","Victoria Falls"],"latitude":"-17.93285","longitude":"25.83066","feature_class":"P","feature_code":"PPL","country_code":"ZW","cc2":"","admin1_code":"06","admin2_code":"889941","admin3_code":"","admin4_code":"","population":"35761","elevation":"","dem":"961","timezone":"Africa/Harare","modification_date":"2015-01-14"},{"geonameid":"881164","name":"Shurugwi","asciiname":"Shurugwi","alternatenames":["Churugwi","Salukwe","Selukwe","Shurugwi"],"latitude":"-19.67016","longitude":"30.00589","feature_class":"P","feature_code":"PPL","country_code":"ZW","cc2":"","admin1_code":"02","admin2_code":"","admin3_code":"","admin4_code":"","population":"17075","elevation":"","dem":"1483","timezone":"Africa/Harare","modification_date":"2012-01-17"},{"geonameid":"881345","name":"Shamva","asciiname":"Shamva","alternatenames":["Shamva","Tsambvi","Tsamvi"],"latitude":"-17.31159","longitude":"31.57561","feature_class":"P","feature_code":"PPL","country_code":"ZW","cc2":"","admin1_code":"03","admin2_code":"","admin3_code":"","admin4_code":"","population":"10317","elevation":"","dem":"947","timezone":"Africa/Harare","modification_date":"2014-04-06"},{"geonameid":"882100","name":"Rusape","asciiname":"Rusape","alternatenames":["Rusape","Rusapi"],"latitude":"-18.52785","longitude":"32.12843","feature_class":"P","feature_code":"PPL","country_code":"ZW","cc2":"","admin1_code":"01","admin2_code":"","admin3_code":"","admin4_code":"","population":"29292","elevation":"","dem":"1415","timezone":"Africa/Harare","modification_date":"2012-01-17"},{"geonameid":"882599","name":"Redcliff","asciiname":"Redcliff","alternatenames":["Redcliff","Redcliffe","Rehdkliff","Рэдклифф"],"latitude":"-19.03333","longitude":"29.78333","feature_class":"P","feature_code":"PPL","country_code":"ZW","cc2":"","admin1_code":"02","admin2_code":"","admin3_code":"","admin4_code":"","population":"33197","elevation":"","dem":"1232","timezone":"Africa/Harare","modification_date":"2013-03-12"},{"geonameid":"882955","name":"Penhalonga","asciiname":"Penhalonga","alternatenames":["Penhalonga"],"latitude":"-18.89112","longitude":"32.69781","feature_class":"P","feature_code":"PPL","country_code":"ZW","cc2":"","admin1_code":"01","admin2_code":"","admin3_code":"","admin4_code":"","population":"7681","elevation":"","dem":"1364","timezone":"Africa/Harare","modification_date":"2012-01-17"},{"geonameid":"884141","name":"Norton","asciiname":"Norton","alternatenames":["Norton","Нортон"],"latitude":"-17.88333","longitude":"30.7","feature_class":"P","feature_code":"PPL","country_code":"ZW","cc2":"","admin1_code":"05","admin2_code":"","admin3_code":"","admin4_code":"","population":"52054","elevation":"","dem":"1364","timezone":"Africa/Harare","modification_date":"2013-03-12"},{"geonameid":"884798","name":"Mvurwi","asciiname":"Mvurwi","alternatenames":["Dawsons","Mvurwi","Umvukwes"],"latitude":"-17.03333","longitude":"30.85","feature_class":"P","feature_code":"PPL","country_code":"ZW","cc2":"","admin1_code":"03","admin2_code":"","admin3_code":"","admin4_code":"","population":"7970","elevation":"","dem":"1495","timezone":"Africa/Harare","modification_date":"2013-03-12"},{"geonameid":"884927","name":"Mutoko","asciiname":"Mutoko","alternatenames":["Mtoko","Mutoko"],"latitude":"-17.39699","longitude":"32.22677","feature_class":"P","feature_code":"PPL","country_code":"ZW","cc2":"","admin1_code":"04","admin2_code":"","admin3_code":"","admin4_code":"","population":"9532","elevation":"","dem":"1285","timezone":"Africa/Harare","modification_date":"2012-01-17"},{"geonameid":"884979","name":"Mutare","asciiname":"Mutare","alternatenames":["Gorad Mutareh","Mutare","Mutarė","Nyautare","UTA","Umtali","mu ta lei","mutale","Горад Мутарэ","Мутаре","穆塔雷","무타레"],"latitude":"-18.9707","longitude":"32.67086","feature_class":"P","feature_code":"PPLA","country_code":"ZW","cc2":"","admin1_code":"01","admin2_code":"","admin3_code":"","admin4_code":"","population":"184205","elevation":"","dem":"1116","timezone":"Africa/Harare","modification_date":"2010-08-03"},{"geonameid":"885159","name":"Murehwa","asciiname":"Murehwa","alternatenames":["Mrewa","Murehwa","Murewa"],"latitude":"-17.64322","longitude":"31.784","feature_class":"P","feature_code":"PPL","country_code":"ZW","cc2":"","admin1_code":"04","admin2_code":"","admin3_code":"","admin4_code":"","population":"8559","elevation":"","dem":"1365","timezone":"Africa/Harare","modification_date":"2014-05-12"},{"geonameid":"885800","name":"Mount Darwin","asciiname":"Mount Darwin","alternatenames":["Darwin","Fura","Mount Darwin","Mount Fura"],"latitude":"-16.77251","longitude":"31.58381","feature_class":"P","feature_code":"PPL","country_code":"ZW","cc2":"","admin1_code":"03","admin2_code":"","admin3_code":"","admin4_code":"","population":"6349","elevation":"","dem":"955","timezone":"Africa/Harare","modification_date":"2014-04-06"},{"geonameid":"886146","name":"Mhangura","asciiname":"Mhangura","alternatenames":["Mangula","Mhangura"],"latitude":"-16.89387","longitude":"30.16828","feature_class":"P","feature_code":"PPL","country_code":"ZW","cc2":"","admin1_code":"05","admin2_code":"","admin3_code":"","admin4_code":"","population":"6503","elevation":"","dem":"1182","timezone":"Africa/Harare","modification_date":"2014-04-06"},{"geonameid":"886384","name":"Mazowe","asciiname":"Mazowe","alternatenames":["Mazowe"],"latitude":"-17.50404","longitude":"30.97388","feature_class":"P","feature_code":"PPL","country_code":"ZW","cc2":"","admin1_code":"03","admin2_code":"","admin3_code":"","admin4_code":"","population":"9966","elevation":"","dem":"1249","timezone":"Africa/Harare","modification_date":"2014-03-19"},{"geonameid":"886763","name":"Masvingo","asciiname":"Masvingo","alternatenames":["Fort Victoria","MVZ","Mashvingo","Masvingo","Nyanda","Машвинго"],"latitude":"-20.06373","longitude":"30.82766","feature_class":"P","feature_code":"PPLA","country_code":"ZW","cc2":"","admin1_code":"08","admin2_code":"","admin3_code":"","admin4_code":"","population":"76290","elevation":"","dem":"1091","timezone":"Africa/Harare","modification_date":"2010-08-03"},{"geonameid":"886864","name":"Mashava","asciiname":"Mashava","alternatenames":["Mashaba","Mashava"],"latitude":"-20.03665","longitude":"30.48225","feature_class":"P","feature_code":"PPL","country_code":"ZW","cc2":"","admin1_code":"08","admin2_code":"","admin3_code":"","admin4_code":"","population":"12994","elevation":"","dem":"1046","timezone":"Africa/Harare","modification_date":"2012-01-17"},{"geonameid":"886990","name":"Marondera","asciiname":"Marondera","alternatenames":["Marandellas","Marondera"],"latitude":"-18.18527","longitude":"31.55193","feature_class":"P","feature_code":"PPLA","country_code":"ZW","cc2":"","admin1_code":"04","admin2_code":"","admin3_code":"","admin4_code":"","population":"57082","elevation":"","dem":"1668","timezone":"Africa/Harare","modification_date":"2010-08-03"},{"geonameid":"888225","name":"Lupane","asciiname":"Lupane","alternatenames":["Lupane","Lupani"],"latitude":"-18.93149","longitude":"27.80696","feature_class":"P","feature_code":"PPLA","country_code":"ZW","cc2":"","admin1_code":"06","admin2_code":"","admin3_code":"","admin4_code":"","population":"1200","elevation":"","dem":"1016","timezone":"Africa/Harare","modification_date":"2010-08-13"},{"geonameid":"888710","name":"Kwekwe","asciiname":"Kwekwe","alternatenames":["Hwe Hwe","Kwekwe","Que Que"],"latitude":"-18.92809","longitude":"29.81486","feature_class":"P","feature_code":"PPL","country_code":"ZW","cc2":"","admin1_code":"02","admin2_code":"","admin3_code":"","admin4_code":"","population":"99149","elevation":"","dem":"1203","timezone":"Africa/Harare","modification_date":"2012-01-17"},{"geonameid":"889191","name":"Karoi","asciiname":"Karoi","alternatenames":["Karoi","Karoyi"],"latitude":"-16.80993","longitude":"29.69247","feature_class":"P","feature_code":"PPL","country_code":"ZW","cc2":"","admin1_code":"05","admin2_code":"","admin3_code":"","admin4_code":"","population":"25030","elevation":"","dem":"1259","timezone":"Africa/Harare","modification_date":"2015-04-24"},{"geonameid":"889215","name":"Kariba","asciiname":"Kariba","alternatenames":["KAB","Kariba","Кариба"],"latitude":"-16.51667","longitude":"28.8","feature_class":"P","feature_code":"PPL","country_code":"ZW","cc2":"","admin1_code":"05","admin2_code":"","admin3_code":"","admin4_code":"","population":"25531","elevation":"","dem":"679","timezone":"Africa/Harare","modification_date":"2012-01-17"},{"geonameid":"889453","name":"Kadoma","asciiname":"Kadoma","alternatenames":["Gatooma","Kadoma","Kadome","Katoma","Кадоме"],"latitude":"-18.33328","longitude":"29.91534","feature_class":"P","feature_code":"PPL","country_code":"ZW","cc2":"","admin1_code":"05","admin2_code":"","admin3_code":"","admin4_code":"","population":"79174","elevation":"","dem":"1176","timezone":"Africa/Harare","modification_date":"2012-01-17"},{"geonameid":"889723","name":"Inyati","asciiname":"Inyati","alternatenames":["Inyati"],"latitude":"-19.67563","longitude":"28.84687","feature_class":"P","feature_code":"PPL","country_code":"ZW","cc2":"","admin1_code":"06","admin2_code":"","admin3_code":"","admin4_code":"","population":"8402","elevation":"","dem":"1333","timezone":"Africa/Harare","modification_date":"2014-03-23"},{"geonameid":"889942","name":"Hwange","asciiname":"Hwange","alternatenames":["Khvange","WKI","Wange","Wankie","Хванге"],"latitude":"-18.36446","longitude":"26.49877","feature_class":"P","feature_code":"PPL","country_code":"ZW","cc2":"","admin1_code":"06","admin2_code":"889941","admin3_code":"","admin4_code":"","population":"33210","elevation":"","dem":"767","timezone":"Africa/Harare","modification_date":"2014-11-16"},{"geonameid":"890299","name":"Harare","asciiname":"Harare","alternatenames":["Arare","Charare","Gorad Kharareh","HRE","Harare","Hararensis Urbs","Harareo","Hararė","Kharare","Salisbury","ha la lei","halale","harare","harary","hrarh","hrary","Χαράρε","Горад Харарэ","Хараре","Հարարե","הארארה","هارارى","هراره","هراري","ھارارې","ھەرارێ","ہرارے","हरारे","ਹਰਾਰੇ","ହାରାରେ","ஹராரே","ฮาราเร","ཧ་ར་རི།","ჰარარე","ሀራሬ","ハラレ","哈拉雷","하라레"],"latitude":"-17.82772","longitude":"31.05337","feature_class":"P","feature_code":"PPLC","country_code":"ZW","cc2":"","admin1_code":"10","admin2_code":"","admin3_code":"","admin4_code":"","population":"1542813","elevation":"","dem":"1494","timezone":"Africa/Harare","modification_date":"2015-06-03"},{"geonameid":"890422","name":"Gweru","asciiname":"Gweru","alternatenames":["GWE","Gveru","Gwelo","Gweru","Гверу"],"latitude":"-19.45","longitude":"29.81667","feature_class":"P","feature_code":"PPLA","country_code":"ZW","cc2":"","admin1_code":"02","admin2_code":"","admin3_code":"","admin4_code":"","population":"146073","elevation":"","dem":"1412","timezone":"Africa/Harare","modification_date":"2009-06-30"},{"geonameid":"890516","name":"Gwanda","asciiname":"Gwanda","alternatenames":["Jawunda"],"latitude":"-20.93333","longitude":"29","feature_class":"P","feature_code":"PPLA","country_code":"ZW","cc2":"","admin1_code":"07","admin2_code":"","admin3_code":"","admin4_code":"","population":"14450","elevation":"","dem":"982","timezone":"Africa/Harare","modification_date":"2009-06-30"},{"geonameid":"890983","name":"Gokwe","asciiname":"Gokwe","alternatenames":["Gokwe"],"latitude":"-18.20476","longitude":"28.9349","feature_class":"P","feature_code":"PPL","country_code":"ZW","cc2":"","admin1_code":"02","admin2_code":"","admin3_code":"","admin4_code":"","population":"18942","elevation":"","dem":"1237","timezone":"Africa/Harare","modification_date":"2012-05-05"},{"geonameid":"891099","name":"Glendale","asciiname":"Glendale","alternatenames":["Glendale"],"latitude":"-17.35514","longitude":"31.06718","feature_class":"P","feature_code":"PPL","country_code":"ZW","cc2":"","admin1_code":"03","admin2_code":"","admin3_code":"","admin4_code":"","population":"9768","elevation":"","dem":"1143","timezone":"Africa/Harare","modification_date":"2012-01-17"},{"geonameid":"893172","name":"Chivhu","asciiname":"Chivhu","alternatenames":["Chivhu","Enkeldoorn"],"latitude":"-19.02112","longitude":"30.89218","feature_class":"P","feature_code":"PPL","country_code":"ZW","cc2":"","admin1_code":"04","admin2_code":"","admin3_code":"","admin4_code":"","population":"10369","elevation":"","dem":"1450","timezone":"Africa/Harare","modification_date":"2012-01-17"},{"geonameid":"893485","name":"Chiredzi","asciiname":"Chiredzi","alternatenames":["BFO","Chiredzi"],"latitude":"-21.05","longitude":"31.66667","feature_class":"P","feature_code":"PPL","country_code":"ZW","cc2":"","admin1_code":"08","admin2_code":"","admin3_code":"","admin4_code":"","population":"28205","elevation":"","dem":"436","timezone":"Africa/Harare","modification_date":"2013-05-08"},{"geonameid":"893549","name":"Chipinge","asciiname":"Chipinge","alternatenames":["CHJ","Chipinga","Chipinge"],"latitude":"-20.18833","longitude":"32.62365","feature_class":"P","feature_code":"PPL","country_code":"ZW","cc2":"","admin1_code":"01","admin2_code":"","admin3_code":"","admin4_code":"","population":"18860","elevation":"","dem":"1109","timezone":"Africa/Harare","modification_date":"2015-04-24"},{"geonameid":"893697","name":"Chinhoyi","asciiname":"Chinhoyi","alternatenames":["Chinhoyi","Chinoyi","Sinoia"],"latitude":"-17.36667","longitude":"30.2","feature_class":"P","feature_code":"PPLA","country_code":"ZW","cc2":"","admin1_code":"05","admin2_code":"","admin3_code":"","admin4_code":"","population":"61739","elevation":"","dem":"1153","timezone":"Africa/Harare","modification_date":"2009-06-30"},{"geonameid":"894239","name":"Chegutu","asciiname":"Chegutu","alternatenames":["Cheguto","Chegutu","Hartley","New Hartley"],"latitude":"-18.13021","longitude":"30.14074","feature_class":"P","feature_code":"PPL","country_code":"ZW","cc2":"","admin1_code":"05","admin2_code":"","admin3_code":"","admin4_code":"","population":"47294","elevation":"","dem":"1187","timezone":"Africa/Harare","modification_date":"2012-01-17"},{"geonameid":"894413","name":"Chakari","asciiname":"Chakari","alternatenames":["Chakari","Shagari"],"latitude":"-18.06294","longitude":"29.89246","feature_class":"P","feature_code":"PPL","country_code":"ZW","cc2":"","admin1_code":"05","admin2_code":"","admin3_code":"","admin4_code":"","population":"6472","elevation":"","dem":"1107","timezone":"Africa/Harare","modification_date":"2012-01-17"},{"geonameid":"894701","name":"Bulawayo","asciiname":"Bulawayo","alternatenames":["BUQ","Bulavajas","Bulavajo","Bulavejo","Bulawayo","Gorad Bulavajo","bu la wa yue","bullawayo","burawayo","Булавайо","Булавајо","Булавейо","Горад Булаваё","ブラワヨ","布拉瓦约","불라와요"],"latitude":"-20.15","longitude":"28.58333","feature_class":"P","feature_code":"PPLA","country_code":"ZW","cc2":"","admin1_code":"09","admin2_code":"","admin3_code":"","admin4_code":"","population":"699385","elevation":"","dem":"1348","timezone":"Africa/Harare","modification_date":"2010-08-03"},{"geonameid":"895061","name":"Bindura","asciiname":"Bindura","alternatenames":["Bindura","Bindura Town","Kimberley Reefs","Биндура"],"latitude":"-17.30192","longitude":"31.33056","feature_class":"P","feature_code":"PPLA","country_code":"ZW","cc2":"","admin1_code":"03","admin2_code":"","admin3_code":"","admin4_code":"","population":"37423","elevation":"","dem":"1118","timezone":"Africa/Harare","modification_date":"2010-08-03"},{"geonameid":"895269","name":"Beitbridge","asciiname":"Beitbridge","alternatenames":["Beitbridge"],"latitude":"-22.21667","longitude":"30","feature_class":"P","feature_code":"PPL","country_code":"ZW","cc2":"","admin1_code":"07","admin2_code":"","admin3_code":"","admin4_code":"","population":"26459","elevation":"","dem":"461","timezone":"Africa/Harare","modification_date":"2013-03-12"},{"geonameid":"895417","name":"Banket","asciiname":"Banket","alternatenames":["Banket","Banket Junction"],"latitude":"-17.38333","longitude":"30.4","feature_class":"P","feature_code":"PPL","country_code":"ZW","cc2":"","admin1_code":"05","admin2_code":"","admin3_code":"","admin4_code":"","population":"9641","elevation":"","dem":"1277","timezone":"Africa/Harare","modification_date":"2013-03-12"},{"geonameid":"1085510","name":"Epworth","asciiname":"Epworth","alternatenames":["Epworth"],"latitude":"-17.89","longitude":"31.1475","feature_class":"P","feature_code":"PPLX","country_code":"ZW","cc2":"","admin1_code":"10","admin2_code":"","admin3_code":"","admin4_code":"","population":"123250","elevation":"","dem":"1508","timezone":"Africa/Harare","modification_date":"2012-01-19"},{"geonameid":"1106542","name":"Chitungwiza","asciiname":"Chitungwiza","alternatenames":["Chitungwiza"],"latitude":"-18.01274","longitude":"31.07555","feature_class":"P","feature_code":"PPL","country_code":"ZW","cc2":"","admin1_code":"10","admin2_code":"","admin3_code":"","admin4_code":"","population":"340360","elevation":"","dem":"1435","timezone":"Africa/Harare","modification_date":"2012-01-20"}]}