{"region_data":{"adminCode1":"01","lng":"44.16667","geonameId":828259,"toponymName":"Aragatsotni Marz","countryId":"174982","fcl":"A","population":132925,"numberOfChildren":1,"countryCode":"AM","name":"Aragatsotni Marz","fclName":"country, state, region,...","countryName":"Armenia","fcodeName":"first-order administrative division","adminName1":"Aragatsotn","lat":"40.41667","fcode":"ADM1"},"country_data":{"ISO":"AM","ISO3":"ARM","ISO_Numeric":"051","fips":"AM","country":"Armenia","capital":"Yerevan","area":"29800","Population":"2968000","Continent":"AS","tld":".am","CurrencyCode":"AMD","CurrencyName":"Dram","Phone":"374","Postal_Code_Format":"######","Postal_Code_Regex":"^(\\d{6})$","Languages":"hy","geonameid":"174982","neighbours":"GE,IR,AZ,TR","EquivalentFipsCode":""},"cities":[{"geonameid":"616034","name":"Zovuni","asciiname":"Zovuni","alternatenames":["Molla Kasum","Zovuni","Зовуни"],"latitude":"40.51083","longitude":"44.42889","feature_class":"P","feature_code":"PPL","country_code":"AM","cc2":"","admin1_code":"01","admin2_code":"","admin3_code":"","admin4_code":"","population":"4484","elevation":"","dem":"1818","timezone":"Asia/Yerevan","modification_date":"2012-01-17"},{"geonameid":"616071","name":"Voskevaz","asciiname":"Voskevaz","alternatenames":["Kiziltamur","Voskevaz","Воскеваз"],"latitude":"40.27678","longitude":"44.29509","feature_class":"P","feature_code":"PPL","country_code":"AM","cc2":"","admin1_code":"01","admin2_code":"","admin3_code":"","admin4_code":"","population":"3789","elevation":"","dem":"1048","timezone":"Asia/Yerevan","modification_date":"2012-01-17"},{"geonameid":"616121","name":"Ushi","asciiname":"Ushi","alternatenames":["Ushi"],"latitude":"40.34869","longitude":"44.37252","feature_class":"P","feature_code":"PPL","country_code":"AM","cc2":"","admin1_code":"01","admin2_code":"","admin3_code":"","admin4_code":"","population":"1276","elevation":"","dem":"1393","timezone":"Asia/Yerevan","modification_date":"2012-01-17"},{"geonameid":"616158","name":"Tsaghkahovit","asciiname":"Tsaghkahovit","alternatenames":["Cakhkaovit","Gadzhi-Khalil","Tsaghkahovit","Tsakhkaovit","Tzaghkahovit","Цахкаовит"],"latitude":"40.63428","longitude":"44.22241","feature_class":"P","feature_code":"PPL","country_code":"AM","cc2":"","admin1_code":"01","admin2_code":"","admin3_code":"","admin4_code":"","population":"1551","elevation":"","dem":"2108","timezone":"Asia/Yerevan","modification_date":"2012-01-17"},{"geonameid":"616187","name":"T’alin","asciiname":"T'alin","alternatenames":["T'alin","T’alin","Verin Talin","Verkhniy Talin"],"latitude":"40.38428","longitude":"43.87387","feature_class":"P","feature_code":"PPL","country_code":"AM","cc2":"","admin1_code":"01","admin2_code":"","admin3_code":"","admin4_code":"","population":"4945","elevation":"","dem":"1602","timezone":"Asia/Yerevan","modification_date":"2012-01-17"},{"geonameid":"616230","name":"Shenavan","asciiname":"Shenavan","alternatenames":["Blkher","Shenavan","Шенаван"],"latitude":"40.48296","longitude":"44.383","feature_class":"P","feature_code":"PPL","country_code":"AM","cc2":"","admin1_code":"01","admin2_code":"","admin3_code":"","admin4_code":"","population":"1587","elevation":"","dem":"1881","timezone":"Asia/Yerevan","modification_date":"2012-01-17"},{"geonameid":"616320","name":"Oshakan","asciiname":"Oshakan","alternatenames":["Oshakan","Ошакан"],"latitude":"40.2646","longitude":"44.31456","feature_class":"P","feature_code":"PPL","country_code":"AM","cc2":"","admin1_code":"01","admin2_code":"","admin3_code":"","admin4_code":"","population":"4768","elevation":"","dem":"1043","timezone":"Asia/Yerevan","modification_date":"2012-01-17"},{"geonameid":"616359","name":"Norakert","asciiname":"Norakert","alternatenames":["Norakert"],"latitude":"40.19229","longitude":"44.34774","feature_class":"P","feature_code":"PPL","country_code":"AM","cc2":"","admin1_code":"01","admin2_code":"","admin3_code":"","admin4_code":"","population":"2485","elevation":"","dem":"932","timezone":"Asia/Yerevan","modification_date":"2012-01-17"},{"geonameid":"616523","name":"Kosh","asciiname":"Kosh","alternatenames":["Kosh","Кош"],"latitude":"40.29999","longitude":"44.15584","feature_class":"P","feature_code":"PPL","country_code":"AM","cc2":"","admin1_code":"01","admin2_code":"","admin3_code":"","admin4_code":"","population":"2581","elevation":"","dem":"1224","timezone":"Asia/Yerevan","modification_date":"2012-01-17"},{"geonameid":"616535","name":"Hnaberd","asciiname":"Hnaberd","alternatenames":["Hnaberd","Khnaberd","Kirkhdagirman","Kyrkhdagirman","Хнаберд"],"latitude":"40.63721","longitude":"44.14058","feature_class":"P","feature_code":"PPL","country_code":"AM","cc2":"","admin1_code":"01","admin2_code":"","admin3_code":"","admin4_code":"","population":"1817","elevation":"","dem":"2110","timezone":"Asia/Yerevan","modification_date":"2012-01-17"},{"geonameid":"616554","name":"Kasakh","asciiname":"Kasakh","alternatenames":["Chamrlu","Chamyrlu","Kasakh","Касах"],"latitude":"40.53697","longitude":"44.41046","feature_class":"P","feature_code":"PPL","country_code":"AM","cc2":"","admin1_code":"01","admin2_code":"","admin3_code":"","admin4_code":"","population":"4247","elevation":"","dem":"1857","timezone":"Asia/Yerevan","modification_date":"2012-01-17"},{"geonameid":"616573","name":"Karbi","asciiname":"Karbi","alternatenames":["Karbi","Карби"],"latitude":"40.33235","longitude":"44.37665","feature_class":"P","feature_code":"PPL","country_code":"AM","cc2":"","admin1_code":"01","admin2_code":"","admin3_code":"","admin4_code":"","population":"3521","elevation":"","dem":"1312","timezone":"Asia/Yerevan","modification_date":"2012-01-17"},{"geonameid":"616748","name":"Doghs","asciiname":"Doghs","alternatenames":["Doghs","Dokhs"],"latitude":"40.22373","longitude":"44.27171","feature_class":"P","feature_code":"PPL","country_code":"AM","cc2":"","admin1_code":"01","admin2_code":"","admin3_code":"","admin4_code":"","population":"1186","elevation":"","dem":"928","timezone":"Asia/Yerevan","modification_date":"2012-01-17"},{"geonameid":"616791","name":"Byurakan","asciiname":"Byurakan","alternatenames":["Biurakan","Bjurakan","Burakan","Byurakan","Бюракан"],"latitude":"40.338","longitude":"44.27138","feature_class":"P","feature_code":"PPL","country_code":"AM","cc2":"","admin1_code":"01","admin2_code":"","admin3_code":"","admin4_code":"","population":"3902","elevation":"","dem":"1475","timezone":"Asia/Yerevan","modification_date":"2012-01-17"},{"geonameid":"616850","name":"Aygeshat","asciiname":"Aygeshat","alternatenames":["Ajgeshat","Aygeshat","Gadzhikara","Айгешат"],"latitude":"40.23571","longitude":"44.28692","feature_class":"P","feature_code":"PPL","country_code":"AM","cc2":"","admin1_code":"01","admin2_code":"","admin3_code":"","admin4_code":"","population":"1358","elevation":"","dem":"942","timezone":"Asia/Yerevan","modification_date":"2012-01-17"},{"geonameid":"616877","name":"Ashtarak","asciiname":"Ashtarak","alternatenames":["Achtarak","Aschtarak","Ashharak","Ashtarak","Ashtarakats' Gyugh","Ashtarakats’ Gyugh","Astarak","Astarakas","Astarako","Asztarak","Aŝtarako","Aştarak","Aštarak","Aštarakas","Aștarak","a shen ta la ke","asataraka","ashtarak","ashutaraku","asyutalakeu","Əştərək","Аштарак","Ащарак","Աշտարակ","آشتاراك","آشتاراک","ਅਸ਼ਤਾਰਕ","აშტარაკი","アシュタラク","阿什塔拉克","아슈타라크"],"latitude":"40.2991","longitude":"44.36204","feature_class":"P","feature_code":"PPLA","country_code":"AM","cc2":"","admin1_code":"01","admin2_code":"","admin3_code":"","admin4_code":"","population":"18779","elevation":"","dem":"1142","timezone":"Asia/Yerevan","modification_date":"2012-01-17"},{"geonameid":"616879","name":"Ashnak","asciiname":"Ashnak","alternatenames":["Ashnak","Ашнак"],"latitude":"40.32887","longitude":"43.91848","feature_class":"P","feature_code":"PPL","country_code":"AM","cc2":"","admin1_code":"01","admin2_code":"","admin3_code":"","admin4_code":"","population":"1131","elevation":"","dem":"1428","timezone":"Asia/Yerevan","modification_date":"2012-01-17"},{"geonameid":"616888","name":"Arteni","asciiname":"Arteni","alternatenames":["Arteni","Bogutlu","Артени"],"latitude":"40.29848","longitude":"43.7622","feature_class":"P","feature_code":"PPL","country_code":"AM","cc2":"","admin1_code":"01","admin2_code":"","admin3_code":"","admin4_code":"","population":"3086","elevation":"","dem":"1212","timezone":"Asia/Yerevan","modification_date":"2012-01-17"},{"geonameid":"616944","name":"Aragats","asciiname":"Aragats","alternatenames":["Aragac","Aragats","Kaznafar","Арагац"],"latitude":"40.48887","longitude":"44.35279","feature_class":"P","feature_code":"PPL","country_code":"AM","cc2":"","admin1_code":"01","admin2_code":"","admin3_code":"","admin4_code":"","population":"2707","elevation":"","dem":"1976","timezone":"Asia/Yerevan","modification_date":"2012-01-17"},{"geonameid":"616953","name":"Aparan","asciiname":"Aparan","alternatenames":["Abaran","Abaran Verin","Aparan","Aparan Verin","Aparanas","Aparanbol","Aparanpol","Bash Abaran","Bash Aparan","Dash Abaron","K'asagh","K'asakh","K’asagh","K’asakh","P'araznavert","Pash Aparan","P’araznavert","a pa lan","abaran","aparan","Апаран","Ապարան","آپاران","أباران","აპარანი","阿帕蘭"],"latitude":"40.59323","longitude":"44.3589","feature_class":"P","feature_code":"PPL","country_code":"AM","cc2":"","admin1_code":"01","admin2_code":"","admin3_code":"","admin4_code":"","population":"5670","elevation":"","dem":"1892","timezone":"Asia/Yerevan","modification_date":"2014-06-27"},{"geonameid":"617002","name":"Aghavnatun","asciiname":"Aghavnatun","alternatenames":["Agavnatun","Aghavnatun","Akhavnatukh","Akhavnatun","Агавнатун","Ахавнатун"],"latitude":"40.23237","longitude":"44.24974","feature_class":"P","feature_code":"PPL","country_code":"AM","cc2":"","admin1_code":"01","admin2_code":"","admin3_code":"","admin4_code":"","population":"2913","elevation":"","dem":"926","timezone":"Asia/Yerevan","modification_date":"2012-01-17"},{"geonameid":"617019","name":"Agarak","asciiname":"Agarak","alternatenames":[""],"latitude":"40.32932","longitude":"44.07033","feature_class":"P","feature_code":"PPL","country_code":"AM","cc2":"","admin1_code":"01","admin2_code":"","admin3_code":"","admin4_code":"","population":"1575","elevation":"","dem":"1440","timezone":"Asia/Yerevan","modification_date":"2011-04-18"},{"geonameid":"823793","name":"Nor Sasunik","asciiname":"Nor Sasunik","alternatenames":["Nor Sasunik","Sasunik"],"latitude":"40.24869","longitude":"44.33957","feature_class":"P","feature_code":"PPL","country_code":"AM","cc2":"","admin1_code":"01","admin2_code":"","admin3_code":"","admin4_code":"","population":"1959","elevation":"","dem":"1063","timezone":"Asia/Yerevan","modification_date":"2012-01-19"},{"geonameid":"866097","name":"Amberd","asciiname":"Amberd","alternatenames":["Amberd"],"latitude":"40.24192","longitude":"44.27227","feature_class":"P","feature_code":"PPL","country_code":"AM","cc2":"","admin1_code":"01","admin2_code":"","admin3_code":"","admin4_code":"","population":"1267","elevation":"","dem":"949","timezone":"Asia/Yerevan","modification_date":"2012-01-20"}]}