{"region_data":{"adminCode1":"03","lng":"44","geonameId":828260,"toponymName":"Armaviri Marz","countryId":"174982","fcl":"A","population":265770,"countryCode":"AM","name":"Armaviri Marz","fclName":"country, state, region,...","countryName":"Armenia","fcodeName":"first-order administrative division","adminName1":"Armavir","lat":"40.11667","fcode":"ADM1"},"country_data":{"ISO":"AM","ISO3":"ARM","ISO_Numeric":"051","fips":"AM","country":"Armenia","capital":"Yerevan","area":"29800","Population":"2968000","Continent":"AS","tld":".am","CurrencyCode":"AMD","CurrencyName":"Dram","Phone":"374","Postal_Code_Format":"######","Postal_Code_Regex":"^(\\d{6})$","Languages":"hy","geonameid":"174982","neighbours":"GE,IR,AZ,TR","EquivalentFipsCode":""},"cities":[{"geonameid":"613075","name":"Margara","asciiname":"Margara","alternatenames":["Margara","Markara","Маргара","Маркара"],"latitude":"40.03351","longitude":"44.17709","feature_class":"P","feature_code":"PPL","country_code":"AM","cc2":"","admin1_code":"03","admin2_code":"","admin3_code":"","admin4_code":"","population":"1360","elevation":"","dem":"848","timezone":"Asia/Yerevan","modification_date":"2012-01-17"},{"geonameid":"616055","name":"Yeraskhahun","asciiname":"Yeraskhahun","alternatenames":["Kuru-Araz","Yeraskhahun","Yeraskhaun"],"latitude":"40.07167","longitude":"44.21619","feature_class":"P","feature_code":"PPL","country_code":"AM","cc2":"","admin1_code":"03","admin2_code":"","admin3_code":"","admin4_code":"","population":"1346","elevation":"","dem":"841","timezone":"Asia/Yerevan","modification_date":"2012-01-17"},{"geonameid":"616061","name":"Yeghegnut","asciiname":"Yeghegnut","alternatenames":["Badal","Ekhegnut","Molla Badal","Yeghegnut","Yekheknut","Ехегнут"],"latitude":"40.09186","longitude":"44.16018","feature_class":"P","feature_code":"PPL","country_code":"AM","cc2":"","admin1_code":"03","admin2_code":"","admin3_code":"","admin4_code":"","population":"1746","elevation":"","dem":"846","timezone":"Asia/Yerevan","modification_date":"2012-01-17"},{"geonameid":"616062","name":"Ejmiatsin","asciiname":"Ejmiatsin","alternatenames":["Artemed","Avan Vardgesi","Echmiadzin","Echmiatsin","Ecmiadzin","Ejmiatsin","Etchmiadzin","Etjmiadzin","Etschmiadsin","Ečmiadzin","Iejmiatsin","Kaynepolis","Kayrak'aghak'","Kayrak’aghak’","Norak'aghak'","Norak’aghak’","Uch'k'ilisa","Uch’k’ilisa","Uckilise","Vagarsapat","Vagarshapat","Vagharsapat","Vagharshapat","Vagharšapat","Valeroktista","Vardgesavan","Wagharszapat","ehchmiadzin","vagharshapʼatʼi","wagharshapat","Üçkilise","Вагаршапат","Эчмиадзин","Վաղարշապատ","واغارشاپات","ვაღარშაპატი"],"latitude":"40.16557","longitude":"44.29462","feature_class":"P","feature_code":"PPL","country_code":"AM","cc2":"","admin1_code":"03","admin2_code":"","admin3_code":"","admin4_code":"","population":"49513","elevation":"","dem":"877","timezone":"Asia/Yerevan","modification_date":"2014-03-15"},{"geonameid":"616150","name":"Tsaghkunk’","asciiname":"Tsaghkunk'","alternatenames":["Tsaghkunk'","Tsaghkunk’","Tsakhkunk","Verin Aylanlu","Verkhnyaya Aylanlu"],"latitude":"40.18075","longitude":"44.27026","feature_class":"P","feature_code":"PPL","country_code":"AM","cc2":"","admin1_code":"03","admin2_code":"","admin3_code":"","admin4_code":"","population":"1089","elevation":"","dem":"884","timezone":"Asia/Yerevan","modification_date":"2012-01-17"},{"geonameid":"616184","name":"Tandzut","asciiname":"Tandzut","alternatenames":["Armutlu","Tandzut","Тандзут"],"latitude":"40.07015","longitude":"44.07476","feature_class":"P","feature_code":"PPL","country_code":"AM","cc2":"","admin1_code":"03","admin2_code":"","admin3_code":"","admin4_code":"","population":"1816","elevation":"","dem":"859","timezone":"Asia/Yerevan","modification_date":"2012-01-17"},{"geonameid":"616208","name":"Sovetakan","asciiname":"Sovetakan","alternatenames":["Kyarimarkh","Sovetakan","Советакан"],"latitude":"40.10712","longitude":"44.05108","feature_class":"P","feature_code":"PPL","country_code":"AM","cc2":"","admin1_code":"03","admin2_code":"","admin3_code":"","admin4_code":"","population":"1613","elevation":"","dem":"857","timezone":"Asia/Yerevan","modification_date":"2012-01-17"},{"geonameid":"616231","name":"Shenavan","asciiname":"Shenavan","alternatenames":["Kyalagarkh","Shenavan","Шенаван"],"latitude":"40.05486","longitude":"43.92876","feature_class":"P","feature_code":"PPL","country_code":"AM","cc2":"","admin1_code":"03","admin2_code":"","admin3_code":"","admin4_code":"","population":"1757","elevation":"","dem":"895","timezone":"Asia/Yerevan","modification_date":"2012-01-17"},{"geonameid":"616278","name":"Samaghar","asciiname":"Samaghar","alternatenames":["Gekhakert","Samagar","Samaghar","Samakhar","Самахар"],"latitude":"40.18516","longitude":"44.24331","feature_class":"P","feature_code":"PPL","country_code":"AM","cc2":"","admin1_code":"03","admin2_code":"","admin3_code":"","admin4_code":"","population":"2343","elevation":"","dem":"883","timezone":"Asia/Yerevan","modification_date":"2012-01-17"},{"geonameid":"616289","name":"Ptghunk’","asciiname":"Ptghunk'","alternatenames":["Ptghunk'","Ptghunk’","Ptkhunk"],"latitude":"40.16505","longitude":"44.36328","feature_class":"P","feature_code":"PPL","country_code":"AM","cc2":"","admin1_code":"03","admin2_code":"","admin3_code":"","admin4_code":"","population":"1345","elevation":"","dem":"869","timezone":"Asia/Yerevan","modification_date":"2012-01-17"},{"geonameid":"616290","name":"Pshatavan","asciiname":"Pshatavan","alternatenames":["Igdalu","Pshatavan","Пшатаван"],"latitude":"40.03865","longitude":"44.06629","feature_class":"P","feature_code":"PPL","country_code":"AM","cc2":"","admin1_code":"03","admin2_code":"","admin3_code":"","admin4_code":"","population":"2159","elevation":"","dem":"860","timezone":"Asia/Yerevan","modification_date":"2012-01-17"},{"geonameid":"616328","name":"Hoktember","asciiname":"Hoktember","alternatenames":["Hoktember","Oktember","Oktemberjan","Sardarapat","Октемберян"],"latitude":"40.13206","longitude":"44.00969","feature_class":"P","feature_code":"PPL","country_code":"AM","cc2":"","admin1_code":"03","admin2_code":"","admin3_code":"","admin4_code":"","population":"5348","elevation":"","dem":"862","timezone":"Asia/Yerevan","modification_date":"2014-06-26"},{"geonameid":"616352","name":"Nor Armavir","asciiname":"Nor Armavir","alternatenames":["Nor Armavir"],"latitude":"40.08563","longitude":"43.99242","feature_class":"P","feature_code":"PPL","country_code":"AM","cc2":"","admin1_code":"03","admin2_code":"","admin3_code":"","admin4_code":"","population":"1597","elevation":"","dem":"892","timezone":"Asia/Yerevan","modification_date":"2012-05-05"},{"geonameid":"616385","name":"Nalbandyan","asciiname":"Nalbandyan","alternatenames":["Mets Shagriar","Nalbandjan","Nalbandyan","Shagriar","Shagriar Bol'shoy","Shagriar Bol’shoy","Налбандян"],"latitude":"40.06236","longitude":"43.9869","feature_class":"P","feature_code":"PPL","country_code":"AM","cc2":"","admin1_code":"03","admin2_code":"","admin3_code":"","admin4_code":"","population":"4019","elevation":"","dem":"870","timezone":"Asia/Yerevan","modification_date":"2012-02-01"},{"geonameid":"616396","name":"Hovtamej","asciiname":"Hovtamej","alternatenames":["Hovtamej","Mugan","Ovtamech"],"latitude":"40.18347","longitude":"44.25863","feature_class":"P","feature_code":"PPL","country_code":"AM","cc2":"","admin1_code":"03","admin2_code":"","admin3_code":"","admin4_code":"","population":"1018","elevation":"","dem":"885","timezone":"Asia/Yerevan","modification_date":"2012-01-17"},{"geonameid":"616400","name":"Mrgashat","asciiname":"Mrgashat","alternatenames":["Gecherlau","Gechrlu","Mrgashat","Мргашат"],"latitude":"40.12462","longitude":"44.06584","feature_class":"P","feature_code":"PPL","country_code":"AM","cc2":"","admin1_code":"03","admin2_code":"","admin3_code":"","admin4_code":"","population":"4961","elevation":"","dem":"853","timezone":"Asia/Yerevan","modification_date":"2012-01-17"},{"geonameid":"616417","name":"Metsamor","asciiname":"Metsamor","alternatenames":["Kamarlu","Mecamor","Metsamor","Мецамор"],"latitude":"40.07302","longitude":"44.28962","feature_class":"P","feature_code":"PPL","country_code":"AM","cc2":"","admin1_code":"03","admin2_code":"","admin3_code":"","admin4_code":"","population":"8789","elevation":"","dem":"840","timezone":"Asia/Yerevan","modification_date":"2012-01-17"},{"geonameid":"616418","name":"Mertsavan","asciiname":"Mertsavan","alternatenames":["Merdzavan","Mertsavan","Мердзаван"],"latitude":"40.1814","longitude":"44.40033","feature_class":"P","feature_code":"PPL","country_code":"AM","cc2":"","admin1_code":"03","admin2_code":"","admin3_code":"","admin4_code":"","population":"2702","elevation":"","dem":"939","timezone":"Asia/Yerevan","modification_date":"2012-01-17"},{"geonameid":"616464","name":"Lukashin","asciiname":"Lukashin","alternatenames":["Imeni Mikoyana","Lukashin","Лукашин"],"latitude":"40.18726","longitude":"44.0039","feature_class":"P","feature_code":"PPL","country_code":"AM","cc2":"","admin1_code":"03","admin2_code":"","admin3_code":"","admin4_code":"","population":"2197","elevation":"","dem":"874","timezone":"Asia/Yerevan","modification_date":"2013-08-05"},{"geonameid":"616484","name":"Khoronk’","asciiname":"Khoronk'","alternatenames":["Khoronk'","Khoronk’","Lenughi","Lenugi","Nerkin Aylanlu","Nizhniy Aylanlu"],"latitude":"40.13507","longitude":"44.24541","feature_class":"P","feature_code":"PPL","country_code":"AM","cc2":"","admin1_code":"03","admin2_code":"","admin3_code":"","admin4_code":"","population":"2148","elevation":"","dem":"853","timezone":"Asia/Yerevan","modification_date":"2012-01-17"},{"geonameid":"616617","name":"Zhdanov","asciiname":"Zhdanov","alternatenames":["Imeni Beriya","Imeni Zhdanova","Zhdanov","Жданов"],"latitude":"40.15701","longitude":"44.09192","feature_class":"P","feature_code":"PPL","country_code":"AM","cc2":"","admin1_code":"03","admin2_code":"","admin3_code":"","admin4_code":"","population":"1512","elevation":"","dem":"874","timezone":"Asia/Yerevan","modification_date":"2012-01-17"},{"geonameid":"616631","name":"Armavir","asciiname":"Armavir","alternatenames":["Armavir","Armaviras","Armaviro","Armawir","Armawîr","Hoktemberyan","Oktember","Oktemberyan","Sardar-Abad","Sardarapat","Sərdarabad","a er ma wei er","aleumabileu","armaviri","armawyr","arumavu~iru","Армавир","Армавір","Октембер","Արմավիր","آرماویر","არმავირი","アルマヴィル","阿爾馬維爾","아르마비르"],"latitude":"40.15446","longitude":"44.03815","feature_class":"P","feature_code":"PPLA","country_code":"AM","cc2":"","admin1_code":"03","admin2_code":"","admin3_code":"","admin4_code":"","population":"25963","elevation":"","dem":"870","timezone":"Asia/Yerevan","modification_date":"2014-03-07"},{"geonameid":"616632","name":"Hayanist","asciiname":"Hayanist","alternatenames":["Dostlug","Hayanist"],"latitude":"40.12166","longitude":"44.37523","feature_class":"P","feature_code":"PPL","country_code":"AM","cc2":"","admin1_code":"03","admin2_code":"","admin3_code":"","admin4_code":"","population":"2031","elevation":"","dem":"841","timezone":"Asia/Yerevan","modification_date":"2012-01-17"},{"geonameid":"616650","name":"Tsiatsan","asciiname":"Tsiatsan","alternatenames":["Ciacan","Grampa","Tsiatsan","Циацан"],"latitude":"40.1869","longitude":"44.26608","feature_class":"P","feature_code":"PPL","country_code":"AM","cc2":"","admin1_code":"03","admin2_code":"","admin3_code":"","admin4_code":"","population":"1050","elevation":"","dem":"889","timezone":"Asia/Yerevan","modification_date":"2012-01-17"},{"geonameid":"616669","name":"Getashen","asciiname":"Getashen","alternatenames":["Dzhafarabat","Getashen","Kalagar","Геташен"],"latitude":"40.04405","longitude":"43.94203","feature_class":"P","feature_code":"PPL","country_code":"AM","cc2":"","admin1_code":"03","admin2_code":"","admin3_code":"","admin4_code":"","population":"2114","elevation":"","dem":"888","timezone":"Asia/Yerevan","modification_date":"2012-01-17"},{"geonameid":"616735","name":"Janfida","asciiname":"Janfida","alternatenames":["Dzhanfida","Janfida","Джанфида"],"latitude":"40.04391","longitude":"44.02334","feature_class":"P","feature_code":"PPL","country_code":"AM","cc2":"","admin1_code":"03","admin2_code":"","admin3_code":"","admin4_code":"","population":"2986","elevation":"","dem":"867","timezone":"Asia/Yerevan","modification_date":"2012-01-17"},{"geonameid":"616769","name":"Dalarik","asciiname":"Dalarik","alternatenames":["Dalarik","Mastara","Даларик"],"latitude":"40.22664","longitude":"43.87538","feature_class":"P","feature_code":"PPL","country_code":"AM","cc2":"","admin1_code":"03","admin2_code":"","admin3_code":"","admin4_code":"","population":"3080","elevation":"","dem":"1011","timezone":"Asia/Yerevan","modification_date":"2012-01-17"},{"geonameid":"616823","name":"Bambakashat","asciiname":"Bambakashat","alternatenames":["Bambakashat","Molla Bayazet","Бамбакашат"],"latitude":"40.10993","longitude":"44.01608","feature_class":"P","feature_code":"PPL","country_code":"AM","cc2":"","admin1_code":"03","admin2_code":"","admin3_code":"","admin4_code":"","population":"3089","elevation":"","dem":"865","timezone":"Asia/Yerevan","modification_date":"2012-01-17"},{"geonameid":"616851","name":"Aygeshat","asciiname":"Aygeshat","alternatenames":["Ajgeshat","Aygeshat","Kuzigidan","Айгешат"],"latitude":"40.07641","longitude":"44.05797","feature_class":"P","feature_code":"PPL","country_code":"AM","cc2":"","admin1_code":"03","admin2_code":"","admin3_code":"","admin4_code":"","population":"1606","elevation":"","dem":"859","timezone":"Asia/Yerevan","modification_date":"2012-01-17"},{"geonameid":"616853","name":"Aknalich","asciiname":"Aknalich","alternatenames":["Aknalich","Aygerlich","Акналич"],"latitude":"40.14315","longitude":"44.1498","feature_class":"P","feature_code":"PPL","country_code":"AM","cc2":"","admin1_code":"03","admin2_code":"","admin3_code":"","admin4_code":"","population":"2654","elevation":"","dem":"862","timezone":"Asia/Yerevan","modification_date":"2012-01-17"},{"geonameid":"616872","name":"Artimet","asciiname":"Artimet","alternatenames":["Alibeklu","Artimet","Atarbekyan","Артимет"],"latitude":"40.1508","longitude":"44.26543","feature_class":"P","feature_code":"PPL","country_code":"AM","cc2":"","admin1_code":"03","admin2_code":"","admin3_code":"","admin4_code":"","population":"1501","elevation":"","dem":"861","timezone":"Asia/Yerevan","modification_date":"2012-01-17"},{"geonameid":"616898","name":"Arshaluys","asciiname":"Arshaluys","alternatenames":["Arshalujs","Arshaluys","Kerpalu","Kërpalu","Аршалуйс"],"latitude":"40.1684","longitude":"44.21375","feature_class":"P","feature_code":"PPL","country_code":"AM","cc2":"","admin1_code":"03","admin2_code":"","admin3_code":"","admin4_code":"","population":"3808","elevation":"","dem":"864","timezone":"Asia/Yerevan","modification_date":"2012-01-17"},{"geonameid":"616914","name":"Argavand","asciiname":"Argavand","alternatenames":["Argavand","Uzunoba","Аргаванд"],"latitude":"40.06097","longitude":"44.09474","feature_class":"P","feature_code":"PPL","country_code":"AM","cc2":"","admin1_code":"03","admin2_code":"","admin3_code":"","admin4_code":"","population":"2047","elevation":"","dem":"858","timezone":"Asia/Yerevan","modification_date":"2012-01-17"},{"geonameid":"616918","name":"Arevik","asciiname":"Arevik","alternatenames":["Agdzharkh","Arevik","Аревик"],"latitude":"40.09945","longitude":"44.09127","feature_class":"P","feature_code":"PPL","country_code":"AM","cc2":"","admin1_code":"03","admin2_code":"","admin3_code":"","admin4_code":"","population":"2455","elevation":"","dem":"854","timezone":"Asia/Yerevan","modification_date":"2012-01-17"},{"geonameid":"616921","name":"Arevashat","asciiname":"Arevashat","alternatenames":["Arevashat","Arevashet","Varmaziar","Аревашат"],"latitude":"40.1425","longitude":"44.37068","feature_class":"P","feature_code":"PPL","country_code":"AM","cc2":"","admin1_code":"03","admin2_code":"","admin3_code":"","admin4_code":"","population":"1403","elevation":"","dem":"851","timezone":"Asia/Yerevan","modification_date":"2012-01-17"},{"geonameid":"616932","name":"Arbat’","asciiname":"Arbat'","alternatenames":["Arbat'","Arbat’"],"latitude":"40.13811","longitude":"44.402","feature_class":"P","feature_code":"PPL","country_code":"AM","cc2":"","admin1_code":"03","admin2_code":"","admin3_code":"","admin4_code":"","population":"1884","elevation":"","dem":"857","timezone":"Asia/Yerevan","modification_date":"2012-01-17"},{"geonameid":"616933","name":"Arazap","asciiname":"Arazap","alternatenames":["Arazap","Evdzhilar","Аразап"],"latitude":"40.04195","longitude":"44.14721","feature_class":"P","feature_code":"PPL","country_code":"AM","cc2":"","admin1_code":"03","admin2_code":"","admin3_code":"","admin4_code":"","population":"1373","elevation":"","dem":"847","timezone":"Asia/Yerevan","modification_date":"2012-01-17"},{"geonameid":"616938","name":"Arak’s","asciiname":"Arak's","alternatenames":["Arak's","Arak’s","Nerkin Karkhun","Nizhniy Karkhun"],"latitude":"40.0544","longitude":"44.30257","feature_class":"P","feature_code":"PPL","country_code":"AM","cc2":"","admin1_code":"03","admin2_code":"","admin3_code":"","admin4_code":"","population":"1442","elevation":"","dem":"841","timezone":"Asia/Yerevan","modification_date":"2012-01-17"},{"geonameid":"616954","name":"Apaga","asciiname":"Apaga","alternatenames":["Apaga","Verin Turkmenlu","Апага"],"latitude":"40.09666","longitude":"44.25157","feature_class":"P","feature_code":"PPL","country_code":"AM","cc2":"","admin1_code":"03","admin2_code":"","admin3_code":"","admin4_code":"","population":"1634","elevation":"","dem":"843","timezone":"Asia/Yerevan","modification_date":"2012-01-17"},{"geonameid":"823802","name":"Myasnikyan","asciiname":"Myasnikyan","alternatenames":["Mjasnikjan","Myasnikyan","Мясникян"],"latitude":"40.1775","longitude":"43.90639","feature_class":"P","feature_code":"PPL","country_code":"AM","cc2":"","admin1_code":"03","admin2_code":"","admin3_code":"","admin4_code":"","population":"3458","elevation":"","dem":"917","timezone":"Asia/Yerevan","modification_date":"2012-01-19"},{"geonameid":"823805","name":"Lenughi","asciiname":"Lenughi","alternatenames":["Lenughi"],"latitude":"40.12562","longitude":"43.96484","feature_class":"P","feature_code":"PPL","country_code":"AM","cc2":"","admin1_code":"03","admin2_code":"","admin3_code":"","admin4_code":"","population":"1499","elevation":"","dem":"888","timezone":"Asia/Yerevan","modification_date":"2012-05-06"},{"geonameid":"823808","name":"Gay","asciiname":"Gay","alternatenames":["Gay"],"latitude":"40.08444","longitude":"44.30528","feature_class":"P","feature_code":"PPL","country_code":"AM","cc2":"","admin1_code":"03","admin2_code":"","admin3_code":"","admin4_code":"","population":"3309","elevation":"","dem":"840","timezone":"Asia/Yerevan","modification_date":"2013-08-07"},{"geonameid":"823809","name":"Baghramyan","asciiname":"Baghramyan","alternatenames":["Baghramyan","Bagramyan"],"latitude":"40.19344","longitude":"44.36832","feature_class":"P","feature_code":"PPL","country_code":"AM","cc2":"","admin1_code":"03","admin2_code":"","admin3_code":"","admin4_code":"","population":"2346","elevation":"","dem":"943","timezone":"Asia/Yerevan","modification_date":"2012-01-19"},{"geonameid":"823810","name":"Musalerr","asciiname":"Musalerr","alternatenames":["Musaler","Musalerr"],"latitude":"40.15393","longitude":"44.37894","feature_class":"P","feature_code":"PPL","country_code":"AM","cc2":"","admin1_code":"03","admin2_code":"","admin3_code":"","admin4_code":"","population":"2323","elevation":"","dem":"864","timezone":"Asia/Yerevan","modification_date":"2012-01-19"},{"geonameid":"866081","name":"Taronik","asciiname":"Taronik","alternatenames":["Taronik"],"latitude":"40.13367","longitude":"44.19957","feature_class":"P","feature_code":"PPL","country_code":"AM","cc2":"","admin1_code":"03","admin2_code":"","admin3_code":"","admin4_code":"","population":"1874","elevation":"","dem":"851","timezone":"Asia/Yerevan","modification_date":"2012-01-20"},{"geonameid":"866089","name":"Aknashen","asciiname":"Aknashen","alternatenames":["Aknashen"],"latitude":"40.09551","longitude":"44.28604","feature_class":"P","feature_code":"PPL","country_code":"AM","cc2":"","admin1_code":"03","admin2_code":"","admin3_code":"","admin4_code":"","population":"1362","elevation":"","dem":"838","timezone":"Asia/Yerevan","modification_date":"2012-01-20"},{"geonameid":"866090","name":"Haykashen","asciiname":"Haykashen","alternatenames":["Aykashen","Haykashen"],"latitude":"40.07303","longitude":"44.30629","feature_class":"P","feature_code":"PPL","country_code":"AM","cc2":"","admin1_code":"03","admin2_code":"","admin3_code":"","admin4_code":"","population":"1140","elevation":"","dem":"838","timezone":"Asia/Yerevan","modification_date":"2012-01-20"},{"geonameid":"866093","name":"Voskehat","asciiname":"Voskehat","alternatenames":["Voskeat","Voskehat"],"latitude":"40.14158","longitude":"44.32917","feature_class":"P","feature_code":"PPL","country_code":"AM","cc2":"","admin1_code":"03","admin2_code":"","admin3_code":"","admin4_code":"","population":"2181","elevation":"","dem":"857","timezone":"Asia/Yerevan","modification_date":"2012-01-20"},{"geonameid":"866095","name":"Griboyedov","asciiname":"Griboyedov","alternatenames":["Griboyedov"],"latitude":"40.11307","longitude":"44.27169","feature_class":"P","feature_code":"PPL","country_code":"AM","cc2":"","admin1_code":"03","admin2_code":"","admin3_code":"","admin4_code":"","population":"1879","elevation":"","dem":"845","timezone":"Asia/Yerevan","modification_date":"2012-01-20"},{"geonameid":"866098","name":"Aygek","asciiname":"Aygek","alternatenames":["Aygek"],"latitude":"40.18861","longitude":"44.38333","feature_class":"P","feature_code":"PPL","country_code":"AM","cc2":"","admin1_code":"03","admin2_code":"","admin3_code":"","admin4_code":"","population":"1095","elevation":"","dem":"951","timezone":"Asia/Yerevan","modification_date":"2012-01-20"}]}