{"region_data":{"adminCode1":"04","lng":"45.41667","geonameId":828261,"toponymName":"Geghark’unik’i Marz","countryId":"174982","fcl":"A","population":235075,"numberOfChildren":1,"countryCode":"AM","name":"Geghark’unik’i Marz","fclName":"country, state, region,...","countryName":"Armenia","fcodeName":"first-order administrative division","adminName1":"Gegharkʼunikʼ","lat":"40.25","fcode":"ADM1"},"country_data":{"ISO":"AM","ISO3":"ARM","ISO_Numeric":"051","fips":"AM","country":"Armenia","capital":"Yerevan","area":"29800","Population":"2968000","Continent":"AS","tld":".am","CurrencyCode":"AMD","CurrencyName":"Dram","Phone":"374","Postal_Code_Format":"######","Postal_Code_Regex":"^(\\d{6})$","Languages":"hy","geonameid":"174982","neighbours":"GE,IR,AZ,TR","EquivalentFipsCode":""},"cities":[{"geonameid":"616037","name":"Zovaber","asciiname":"Zovaber","alternatenames":["Yaydzhi","Zovaber","Зовабер"],"latitude":"40.56693","longitude":"44.78827","feature_class":"P","feature_code":"PPL","country_code":"AM","cc2":"","admin1_code":"04","admin2_code":"","admin3_code":"","admin4_code":"","population":"1470","elevation":"","dem":"1763","timezone":"Asia/Yerevan","modification_date":"2012-01-17"},{"geonameid":"616056","name":"Yeranos","asciiname":"Yeranos","alternatenames":["Eranos","Yeranos","Еранос"],"latitude":"40.20428","longitude":"45.19209","feature_class":"P","feature_code":"PPL","country_code":"AM","cc2":"","admin1_code":"04","admin2_code":"","admin3_code":"","admin4_code":"","population":"4233","elevation":"","dem":"1982","timezone":"Asia/Yerevan","modification_date":"2012-01-17"},{"geonameid":"616094","name":"Verin Getashen","asciiname":"Verin Getashen","alternatenames":["Nerkin Getashen","Verin Adyaman","Verin Getashen","Verkhniy Adyaman","Неркин Геташен"],"latitude":"40.13328","longitude":"45.25068","feature_class":"P","feature_code":"PPL","country_code":"AM","cc2":"","admin1_code":"04","admin2_code":"","admin3_code":"","admin4_code":"","population":"4173","elevation":"","dem":"1976","timezone":"Asia/Yerevan","modification_date":"2012-01-17"},{"geonameid":"616103","name":"Varser","asciiname":"Varser","alternatenames":["Chirchir","Varser","Варсер"],"latitude":"40.5534","longitude":"44.9069","feature_class":"P","feature_code":"PPL","country_code":"AM","cc2":"","admin1_code":"04","admin2_code":"","admin3_code":"","admin4_code":"","population":"1614","elevation":"","dem":"1915","timezone":"Asia/Yerevan","modification_date":"2012-01-17"},{"geonameid":"616108","name":"Vardenis","asciiname":"Vardenis","alternatenames":["Basargech'ar","Basargech’ar","Vardenis","Варденис"],"latitude":"40.18272","longitude":"45.7311","feature_class":"P","feature_code":"PPL","country_code":"AM","cc2":"","admin1_code":"04","admin2_code":"","admin3_code":"","admin4_code":"","population":"11382","elevation":"","dem":"1940","timezone":"Asia/Yerevan","modification_date":"2014-06-27"},{"geonameid":"616109","name":"Vardenik","asciiname":"Vardenik","alternatenames":["Gezeldara","Nerkin Gezaldara","Nizhnyaya Gezaldara","Vardenik","Варденик"],"latitude":"40.13928","longitude":"45.43342","feature_class":"P","feature_code":"PPL","country_code":"AM","cc2":"","admin1_code":"04","admin2_code":"","admin3_code":"","admin4_code":"","population":"7709","elevation":"","dem":"1976","timezone":"Asia/Yerevan","modification_date":"2012-01-17"},{"geonameid":"616117","name":"Vahan","asciiname":"Vahan","alternatenames":["Ordzhonikidze","Vahan","Орджоникидзе"],"latitude":"40.57549","longitude":"45.39769","feature_class":"P","feature_code":"PPL","country_code":"AM","cc2":"","admin1_code":"04","admin2_code":"","admin3_code":"","admin4_code":"","population":"1153","elevation":"","dem":"1925","timezone":"Asia/Yerevan","modification_date":"2012-01-17"},{"geonameid":"616119","name":"Vaghashen","asciiname":"Vaghashen","alternatenames":["Avdalagalu","Vagashen","Vaghashen","Vakhashen","Вахашен"],"latitude":"40.13578","longitude":"45.32879","feature_class":"P","feature_code":"PPL","country_code":"AM","cc2":"","admin1_code":"04","admin2_code":"","admin3_code":"","admin4_code":"","population":"3235","elevation":"","dem":"1956","timezone":"Asia/Yerevan","modification_date":"2012-01-17"},{"geonameid":"616136","name":"Tsovinar","asciiname":"Tsovinar","alternatenames":["Covinar","Kolakran","Tsovinar","Цовинар"],"latitude":"40.15701","longitude":"45.46132","feature_class":"P","feature_code":"PPL","country_code":"AM","cc2":"","admin1_code":"04","admin2_code":"","admin3_code":"","admin4_code":"","population":"3968","elevation":"","dem":"1954","timezone":"Asia/Yerevan","modification_date":"2012-01-17"},{"geonameid":"616137","name":"Tsovazard","asciiname":"Tsovazard","alternatenames":["Covazard","Gadzhi Mukhan","Mukhan","Tsovazard","Цовазард"],"latitude":"40.47089","longitude":"45.05879","feature_class":"P","feature_code":"PPL","country_code":"AM","cc2":"","admin1_code":"04","admin2_code":"","admin3_code":"","admin4_code":"","population":"1949","elevation":"","dem":"1929","timezone":"Asia/Yerevan","modification_date":"2012-01-17"},{"geonameid":"616138","name":"Tsovak","asciiname":"Tsovak","alternatenames":["Covak","Nerkin Zagalu","Nizhniy Zagalu","Tsovak","Цовак"],"latitude":"40.18254","longitude":"45.63286","feature_class":"P","feature_code":"PPL","country_code":"AM","cc2":"","admin1_code":"04","admin2_code":"","admin3_code":"","admin4_code":"","population":"2531","elevation":"","dem":"1923","timezone":"Asia/Yerevan","modification_date":"2012-01-17"},{"geonameid":"616139","name":"Tsovagyugh","asciiname":"Tsovagyugh","alternatenames":["Chabukhly","Chibukhly","Chubukhly","Chubuli","Chubuliki","Covagjukh","Tsovagyugh","Tsovagyukh","Tzovagyugh","Цовагюх"],"latitude":"40.63029","longitude":"44.95738","feature_class":"P","feature_code":"PPL","country_code":"AM","cc2":"","admin1_code":"04","admin2_code":"","admin3_code":"","admin4_code":"","population":"3857","elevation":"","dem":"1976","timezone":"Asia/Yerevan","modification_date":"2012-08-27"},{"geonameid":"616174","name":"T’azagyugh","asciiname":"T'azagyugh","alternatenames":["T'azagyugh","Tazagyukh","T’azagyugh"],"latitude":"40.1382","longitude":"45.19096","feature_class":"P","feature_code":"PPL","country_code":"AM","cc2":"","admin1_code":"04","admin2_code":"","admin3_code":"","admin4_code":"","population":"2248","elevation":"","dem":"2100","timezone":"Asia/Yerevan","modification_date":"2012-01-17"},{"geonameid":"616250","name":"Sevan","asciiname":"Sevan","alternatenames":["Sevan","Ssewan","Yelenovka","Севан"],"latitude":"40.5484","longitude":"44.94868","feature_class":"P","feature_code":"PPL","country_code":"AM","cc2":"","admin1_code":"04","admin2_code":"","admin3_code":"","admin4_code":"","population":"17083","elevation":"","dem":"1921","timezone":"Asia/Yerevan","modification_date":"2014-06-27"},{"geonameid":"616255","name":"Sarukhan","asciiname":"Sarukhan","alternatenames":["Dalikardash","Sarukhan","Сарухан"],"latitude":"40.29053","longitude":"45.13059","feature_class":"P","feature_code":"PPL","country_code":"AM","cc2":"","admin1_code":"04","admin2_code":"","admin3_code":"","admin4_code":"","population":"6173","elevation":"","dem":"1990","timezone":"Asia/Yerevan","modification_date":"2012-01-17"},{"geonameid":"616361","name":"Noratus","asciiname":"Noratus","alternatenames":["Noraduz","Noratus","Норадуз"],"latitude":"40.37547","longitude":"45.17718","feature_class":"P","feature_code":"PPL","country_code":"AM","cc2":"","admin1_code":"04","admin2_code":"","admin3_code":"","admin4_code":"","population":"5426","elevation":"","dem":"1929","timezone":"Asia/Yerevan","modification_date":"2012-01-17"},{"geonameid":"616375","name":"Nerk’in Getashen","asciiname":"Nerk'in Getashen","alternatenames":["Nerk'in Getashen","Nerkin Adyaman","Nerk’in Getashen","Nizhniy Adyaman"],"latitude":"40.14046","longitude":"45.279","feature_class":"P","feature_code":"PPL","country_code":"AM","cc2":"","admin1_code":"04","admin2_code":"","admin3_code":"","admin4_code":"","population":"7010","elevation":"","dem":"1944","timezone":"Asia/Yerevan","modification_date":"2012-01-17"},{"geonameid":"616411","name":"Mets Masrik","asciiname":"Mets Masrik","alternatenames":["Bol'shaya Mazra","Bol’shaya Mazra","Mazra","Mec Mazra","Mets Masrik","Mets-Mazra","Мец Мазра"],"latitude":"40.21825","longitude":"45.76809","feature_class":"P","feature_code":"PPL","country_code":"AM","cc2":"","admin1_code":"04","admin2_code":"","admin3_code":"","admin4_code":"","population":"2570","elevation":"","dem":"1944","timezone":"Asia/Yerevan","modification_date":"2012-01-17"},{"geonameid":"616438","name":"Martuni","asciiname":"Martuni","alternatenames":["Karanlug","Martuki","Martuni","Martuny","Nerkin Karanlukh","Nizhniy-Karanlug","Мартуни"],"latitude":"40.13768","longitude":"45.3045","feature_class":"P","feature_code":"PPL","country_code":"AM","cc2":"","admin1_code":"04","admin2_code":"","admin3_code":"","admin4_code":"","population":"11037","elevation":"","dem":"1940","timezone":"Asia/Yerevan","modification_date":"2014-06-26"},{"geonameid":"616456","name":"Madina","asciiname":"Madina","alternatenames":["Madina","Мадина"],"latitude":"40.07637","longitude":"45.25507","feature_class":"P","feature_code":"PPL","country_code":"AM","cc2":"","admin1_code":"04","admin2_code":"","admin3_code":"","admin4_code":"","population":"1024","elevation":"","dem":"2169","timezone":"Asia/Yerevan","modification_date":"2012-01-17"},{"geonameid":"616471","name":"Lichk’","asciiname":"Lichk'","alternatenames":["Gel","Gël","Lichk","Lichk'","Lichk’","Личк"],"latitude":"40.15933","longitude":"45.23467","feature_class":"P","feature_code":"PPL","country_code":"AM","cc2":"","admin1_code":"04","admin2_code":"","admin3_code":"","admin4_code":"","population":"4105","elevation":"","dem":"1930","timezone":"Asia/Yerevan","modification_date":"2012-01-17"},{"geonameid":"616488","name":"Lchashen","asciiname":"Lchashen","alternatenames":["Lchashen","Ordaklu","Лчашен"],"latitude":"40.51757","longitude":"44.9319","feature_class":"P","feature_code":"PPL","country_code":"AM","cc2":"","admin1_code":"04","admin2_code":"","admin3_code":"","admin4_code":"","population":"4182","elevation":"","dem":"1926","timezone":"Asia/Yerevan","modification_date":"2012-01-17"},{"geonameid":"616492","name":"Lanjaghbyur","asciiname":"Lanjaghbyur","alternatenames":["Kyuzadzhik","Landzhakhbjur","Landzhakhpyur","Lanjaghbyur","Ланджахбюр"],"latitude":"40.27146","longitude":"45.14038","feature_class":"P","feature_code":"PPL","country_code":"AM","cc2":"","admin1_code":"04","admin2_code":"","admin3_code":"","admin4_code":"","population":"2097","elevation":"","dem":"2010","timezone":"Asia/Yerevan","modification_date":"2012-01-17"},{"geonameid":"616572","name":"Karchaghbyur","asciiname":"Karchaghbyur","alternatenames":["Gedakbulag","Karchaghbyur","Karchaghpyur","Karchakhpjur","Karchakhpyur","Карчахпюр"],"latitude":"40.17048","longitude":"45.57785","feature_class":"P","feature_code":"PPL","country_code":"AM","cc2":"","admin1_code":"04","admin2_code":"","admin3_code":"","admin4_code":"","population":"2274","elevation":"","dem":"1950","timezone":"Asia/Yerevan","modification_date":"2012-01-17"},{"geonameid":"616576","name":"Karanlukh","asciiname":"Karanlukh","alternatenames":["Karanlukh","Verkhniy Karanlug"],"latitude":"40.10444","longitude":"45.28972","feature_class":"P","feature_code":"PPL","country_code":"AM","cc2":"","admin1_code":"04","admin2_code":"","admin3_code":"","admin4_code":"","population":"5104","elevation":"","dem":"2111","timezone":"Asia/Yerevan","modification_date":"2012-01-17"},{"geonameid":"616599","name":"Gavarr","asciiname":"Gavarr","alternatenames":["Gavar","Gavarr","Kamo","Kyavar","Nor Bayazet","Nor-Bajaset","Novo Bayazet","Novyi Bayaset","Гавар","Камо"],"latitude":"40.35398","longitude":"45.12386","feature_class":"P","feature_code":"PPLA","country_code":"AM","cc2":"","admin1_code":"04","admin2_code":"","admin3_code":"","admin4_code":"","population":"21680","elevation":"","dem":"1953","timezone":"Asia/Yerevan","modification_date":"2014-03-07"},{"geonameid":"616646","name":"Geghamasar","asciiname":"Geghamasar","alternatenames":["Geghamasar","Gukarrich","Shishkaja","Shishkaya","Sisqaya","Şişqaya","Шишкая"],"latitude":"40.31091","longitude":"45.67924","feature_class":"P","feature_code":"PPL","country_code":"AM","cc2":"","admin1_code":"04","admin2_code":"","admin3_code":"","admin4_code":"","population":"1060","elevation":"","dem":"2047","timezone":"Asia/Yerevan","modification_date":"2012-01-17"},{"geonameid":"616692","name":"Geghamavan","asciiname":"Geghamavan","alternatenames":["Gegamavan","Geghamavan","Shagriz","Гегамаван"],"latitude":"40.5634","longitude":"44.8879","feature_class":"P","feature_code":"PPL","country_code":"AM","cc2":"","admin1_code":"04","admin2_code":"","admin3_code":"","admin4_code":"","population":"1597","elevation":"","dem":"1849","timezone":"Asia/Yerevan","modification_date":"2012-01-17"},{"geonameid":"616699","name":"Gagarin","asciiname":"Gagarin","alternatenames":["Gagarin","Гагарин"],"latitude":"40.54031","longitude":"44.86918","feature_class":"P","feature_code":"PPL","country_code":"AM","cc2":"","admin1_code":"04","admin2_code":"","admin3_code":"","admin4_code":"","population":"1305","elevation":"","dem":"1892","timezone":"Asia/Yerevan","modification_date":"2014-06-26"},{"geonameid":"616744","name":"Drakhtik","asciiname":"Drakhtik","alternatenames":["Drakhtik","Tokhludzha","Тохлуджа"],"latitude":"40.56497","longitude":"45.2367","feature_class":"P","feature_code":"PPL","country_code":"AM","cc2":"","admin1_code":"04","admin2_code":"","admin3_code":"","admin4_code":"","population":"1016","elevation":"","dem":"1983","timezone":"Asia/Yerevan","modification_date":"2012-01-17"},{"geonameid":"616757","name":"Ddmashen","asciiname":"Ddmashen","alternatenames":["Ddmashen","Dodmashen","Totmashen","Ддмашен"],"latitude":"40.56972","longitude":"44.81851","feature_class":"P","feature_code":"PPL","country_code":"AM","cc2":"","admin1_code":"04","admin2_code":"","admin3_code":"","admin4_code":"","population":"2157","elevation":"","dem":"1797","timezone":"Asia/Yerevan","modification_date":"2012-01-17"},{"geonameid":"616786","name":"Chambarak","asciiname":"Chambarak","alternatenames":["Chambarak","Kraside","Krasnosel'sk","Krasnosel’sk","Krasnoye","Mikhaylovka","Чамбарак"],"latitude":"40.59655","longitude":"45.35498","feature_class":"P","feature_code":"PPL","country_code":"AM","cc2":"","admin1_code":"04","admin2_code":"","admin3_code":"","admin4_code":"","population":"6153","elevation":"","dem":"1848","timezone":"Asia/Yerevan","modification_date":"2014-06-26"},{"geonameid":"616874","name":"Astghadzor","asciiname":"Astghadzor","alternatenames":["Alikrykh","Astghadzor","Astkhadzor","Астхадзор"],"latitude":"40.12248","longitude":"45.35698","feature_class":"P","feature_code":"PPL","country_code":"AM","cc2":"","admin1_code":"04","admin2_code":"","admin3_code":"","admin4_code":"","population":"3520","elevation":"","dem":"2037","timezone":"Asia/Yerevan","modification_date":"2012-01-17"},{"geonameid":"616982","name":"Akunk’","asciiname":"Akunk'","alternatenames":["Akunk'","Akunk’","Kirkhbulag"],"latitude":"40.15886","longitude":"45.72568","feature_class":"P","feature_code":"PPL","country_code":"AM","cc2":"","admin1_code":"04","admin2_code":"","admin3_code":"","admin4_code":"","population":"3444","elevation":"","dem":"1961","timezone":"Asia/Yerevan","modification_date":"2012-01-17"},{"geonameid":"823800","name":"Gandzak","asciiname":"Gandzak","alternatenames":["Gandzak"],"latitude":"40.31472","longitude":"45.11139","feature_class":"P","feature_code":"PPL","country_code":"AM","cc2":"","admin1_code":"04","admin2_code":"","admin3_code":"","admin4_code":"","population":"3841","elevation":"","dem":"1989","timezone":"Asia/Yerevan","modification_date":"2012-05-06"},{"geonameid":"823818","name":"Artsvanist","asciiname":"Artsvanist","alternatenames":["Artsvanist"],"latitude":"40.15444","longitude":"45.50222","feature_class":"P","feature_code":"PPL","country_code":"AM","cc2":"","admin1_code":"04","admin2_code":"","admin3_code":"","admin4_code":"","population":"2819","elevation":"","dem":"1940","timezone":"Asia/Yerevan","modification_date":"2012-01-19"}]}