{"region_data":{"adminCode1":"05","lng":"44.75","geonameId":828262,"toponymName":"Kotayk’i Marz","countryId":"174982","fcl":"A","population":254397,"countryCode":"AM","name":"Kotayk’i Marz","fclName":"country, state, region,...","countryName":"Armenia","fcodeName":"first-order administrative division","adminName1":"Kotaykʼ","lat":"40.41667","fcode":"ADM1"},"country_data":{"ISO":"AM","ISO3":"ARM","ISO_Numeric":"051","fips":"AM","country":"Armenia","capital":"Yerevan","area":"29800","Population":"2968000","Continent":"AS","tld":".am","CurrencyCode":"AMD","CurrencyName":"Dram","Phone":"374","Postal_Code_Format":"######","Postal_Code_Regex":"^(\\d{6})$","Languages":"hy","geonameid":"174982","neighbours":"GE,IR,AZ,TR","EquivalentFipsCode":""},"cities":[{"geonameid":"616046","name":"Zarr","asciiname":"Zarr","alternatenames":["Zar","Zarr","Зар"],"latitude":"40.2595","longitude":"44.73086","feature_class":"P","feature_code":"PPL","country_code":"AM","cc2":"","admin1_code":"05","admin2_code":"","admin3_code":"","admin4_code":"","population":"1340","elevation":"","dem":"1619","timezone":"Asia/Yerevan","modification_date":"2012-01-17"},{"geonameid":"616065","name":"Yeghvard","asciiname":"Yeghvard","alternatenames":["Egvard","Jegward","Yeghvard","Yegvard","Yegvart","Yevgard","Егвард"],"latitude":"40.32053","longitude":"44.48139","feature_class":"P","feature_code":"PPL","country_code":"AM","cc2":"","admin1_code":"05","admin2_code":"","admin3_code":"","admin4_code":"","population":"10705","elevation":"","dem":"1332","timezone":"Asia/Yerevan","modification_date":"2012-01-17"},{"geonameid":"616160","name":"Tsaghkadzor","asciiname":"Tsaghkadzor","alternatenames":["Cakhkadzor","Darachichag","Tsaghkadzor","Tsakhkadzor","Цахкадзор"],"latitude":"40.53259","longitude":"44.72025","feature_class":"P","feature_code":"PPL","country_code":"AM","cc2":"","admin1_code":"05","admin2_code":"","admin3_code":"","admin4_code":"","population":"1407","elevation":"","dem":"1861","timezone":"Asia/Yerevan","modification_date":"2014-06-26"},{"geonameid":"616211","name":"Solak","asciiname":"Solak","alternatenames":["Solak","Солак"],"latitude":"40.46439","longitude":"44.70796","feature_class":"P","feature_code":"PPL","country_code":"AM","cc2":"","admin1_code":"05","admin2_code":"","admin3_code":"","admin4_code":"","population":"2295","elevation":"","dem":"1655","timezone":"Asia/Yerevan","modification_date":"2012-01-17"},{"geonameid":"616288","name":"Ptghni","asciiname":"Ptghni","alternatenames":["Ptghni","Ptgni","Ptkhni","Ptykhni","Птхни"],"latitude":"40.25576","longitude":"44.58407","feature_class":"P","feature_code":"PPL","country_code":"AM","cc2":"","admin1_code":"05","admin2_code":"","admin3_code":"","admin4_code":"","population":"1231","elevation":"","dem":"1330","timezone":"Asia/Yerevan","modification_date":"2012-01-17"},{"geonameid":"616291","name":"Prroshyan","asciiname":"Prroshyan","alternatenames":["Proshian","Proshyan","Prroshyan"],"latitude":"40.24853","longitude":"44.41631","feature_class":"P","feature_code":"PPL","country_code":"AM","cc2":"","admin1_code":"05","admin2_code":"","admin3_code":"","admin4_code":"","population":"4333","elevation":"","dem":"1187","timezone":"Asia/Yerevan","modification_date":"2012-01-17"},{"geonameid":"616299","name":"Zoravan","asciiname":"Zoravan","alternatenames":["Kargavank","Pokravan","Zoravan","Зораван"],"latitude":"40.35326","longitude":"44.52319","feature_class":"P","feature_code":"PPL","country_code":"AM","cc2":"","admin1_code":"05","admin2_code":"","admin3_code":"","admin4_code":"","population":"1167","elevation":"","dem":"1466","timezone":"Asia/Yerevan","modification_date":"2012-01-17"},{"geonameid":"616340","name":"Nor Gyugh","asciiname":"Nor Gyugh","alternatenames":["Nor Gyugh","Nor Gyukh","Tazagyukh"],"latitude":"40.2673","longitude":"44.6563","feature_class":"P","feature_code":"PPL","country_code":"AM","cc2":"","admin1_code":"05","admin2_code":"","admin3_code":"","admin4_code":"","population":"1462","elevation":"","dem":"1435","timezone":"Asia/Yerevan","modification_date":"2012-01-17"},{"geonameid":"616341","name":"Nor Geghi","asciiname":"Nor Geghi","alternatenames":["Bazmavan","Chatkran","Nor Geghi","Nor Gekhi","Нор Гехи"],"latitude":"40.32105","longitude":"44.58027","feature_class":"P","feature_code":"PPL","country_code":"AM","cc2":"","admin1_code":"05","admin2_code":"","admin3_code":"","admin4_code":"","population":"4896","elevation":"","dem":"1347","timezone":"Asia/Yerevan","modification_date":"2012-01-17"},{"geonameid":"616399","name":"Mrgashen","asciiname":"Mrgashen","alternatenames":["Mrgashen"],"latitude":"40.28523","longitude":"44.54107","feature_class":"P","feature_code":"PPL","country_code":"AM","cc2":"","admin1_code":"05","admin2_code":"","admin3_code":"","admin4_code":"","population":"1623","elevation":"","dem":"1329","timezone":"Asia/Yerevan","modification_date":"2012-01-17"},{"geonameid":"616424","name":"Meghradzor","asciiname":"Meghradzor","alternatenames":["Meghradzor","Megradzor","Taycharukh","Меградзор"],"latitude":"40.60611","longitude":"44.65147","feature_class":"P","feature_code":"PPL","country_code":"AM","cc2":"","admin1_code":"05","admin2_code":"","admin3_code":"","admin4_code":"","population":"2659","elevation":"","dem":"1785","timezone":"Asia/Yerevan","modification_date":"2012-01-17"},{"geonameid":"616429","name":"Mayakovski","asciiname":"Mayakovski","alternatenames":["Majakovskij","Mayakovski","Mayakovskiy","Shaab","Маяковский"],"latitude":"40.25196","longitude":"44.63928","feature_class":"P","feature_code":"PPL","country_code":"AM","cc2":"","admin1_code":"05","admin2_code":"","admin3_code":"","admin4_code":"","population":"1727","elevation":"","dem":"1414","timezone":"Asia/Yerevan","modification_date":"2012-01-17"},{"geonameid":"616480","name":"Lerrnanist","asciiname":"Lerrnanist","alternatenames":["Lernanist","Lerrnanist","Verin Akhta","Verkhnyaya Akhta","Лернанист"],"latitude":"40.46676","longitude":"44.79249","feature_class":"P","feature_code":"PPL","country_code":"AM","cc2":"","admin1_code":"05","admin2_code":"","admin3_code":"","admin4_code":"","population":"2511","elevation":"","dem":"1922","timezone":"Asia/Yerevan","modification_date":"2012-01-17"},{"geonameid":"616522","name":"Kotayk’","asciiname":"Kotayk'","alternatenames":["Kotayk'","Kotayk’","Yelgovan"],"latitude":"40.27534","longitude":"44.66036","feature_class":"P","feature_code":"PPL","country_code":"AM","cc2":"","admin1_code":"05","admin2_code":"","admin3_code":"","admin4_code":"","population":"1510","elevation":"","dem":"1437","timezone":"Asia/Yerevan","modification_date":"2012-01-17"},{"geonameid":"616590","name":"Kaputan","asciiname":"Kaputan","alternatenames":["Geykilisa","Gëykilisa","Kaputan","Капутан"],"latitude":"40.32407","longitude":"44.69693","feature_class":"P","feature_code":"PPL","country_code":"AM","cc2":"","admin1_code":"05","admin2_code":"","admin3_code":"","admin4_code":"","population":"1252","elevation":"","dem":"1738","timezone":"Asia/Yerevan","modification_date":"2012-01-17"},{"geonameid":"616629","name":"Hrazdan","asciiname":"Hrazdan","alternatenames":["Akhta","Akhtala","Akhti","Axta","Hrasdan","Hrazdan","Hrazdanas","Khrazdan","Nerkin Akhta","Nizhne Akhti","Nizhniye Akhty","Nizhnyaya Akhta","Razdan","harajadana","he la zi dan","hrazdan","razdani","Раздан","Храздан","Հրազդան","هرازدان","ਹਰਾਜਦਾਨ","რაზდანი","赫拉茲丹"],"latitude":"40.49748","longitude":"44.7662","feature_class":"P","feature_code":"PPLA","country_code":"AM","cc2":"","admin1_code":"05","admin2_code":"","admin3_code":"","admin4_code":"","population":"40795","elevation":"","dem":"1762","timezone":"Asia/Yerevan","modification_date":"2011-03-28"},{"geonameid":"616657","name":"Goght’","asciiname":"Goght'","alternatenames":["Goght'","Goght’","Gokht"],"latitude":"40.13495","longitude":"44.78093","feature_class":"P","feature_code":"PPL","country_code":"AM","cc2":"","admin1_code":"05","admin2_code":"","admin3_code":"","admin4_code":"","population":"1877","elevation":"","dem":"1574","timezone":"Asia/Yerevan","modification_date":"2012-01-17"},{"geonameid":"616697","name":"Garrni","asciiname":"Garrni","alternatenames":["Bash Gyarni","Garni","Garrni","Гарни"],"latitude":"40.11931","longitude":"44.73442","feature_class":"P","feature_code":"PPL","country_code":"AM","cc2":"","admin1_code":"05","admin2_code":"","admin3_code":"","admin4_code":"","population":"6827","elevation":"","dem":"1413","timezone":"Asia/Yerevan","modification_date":"2012-01-17"},{"geonameid":"616701","name":"Fantan","asciiname":"Fantan","alternatenames":["Fantan","Fontan"],"latitude":"40.39438","longitude":"44.68476","feature_class":"P","feature_code":"PPL","country_code":"AM","cc2":"","admin1_code":"05","admin2_code":"","admin3_code":"","admin4_code":"","population":"1019","elevation":"","dem":"1801","timezone":"Asia/Yerevan","modification_date":"2012-01-17"},{"geonameid":"616712","name":"Dzoraghbyur","asciiname":"Dzoraghbyur","alternatenames":["Dzhorakhpyur","Dzoraghbyur","Dzoraghp'yur","Dzoraghp’yur","Dzorakhbjur","Dzorakhpyur","Tedshirabad","Tedzhirabad","Tedzhrabak","Дзорахбюр"],"latitude":"40.20412","longitude":"44.6415","feature_class":"P","feature_code":"PPL","country_code":"AM","cc2":"","admin1_code":"05","admin2_code":"","admin3_code":"","admin4_code":"","population":"2011","elevation":"","dem":"1549","timezone":"Asia/Yerevan","modification_date":"2012-01-17"},{"geonameid":"616789","name":"Bjni","asciiname":"Bjni","alternatenames":["Bjni","Bzhni"],"latitude":"40.45591","longitude":"44.64812","feature_class":"P","feature_code":"PPL","country_code":"AM","cc2":"","admin1_code":"05","admin2_code":"","admin3_code":"","admin4_code":"","population":"2771","elevation":"","dem":"1493","timezone":"Asia/Yerevan","modification_date":"2012-01-17"},{"geonameid":"616790","name":"Byureghavan","asciiname":"Byureghavan","alternatenames":["Bjuregavan","Byuregavan","Byureghavan","Бюрегаван"],"latitude":"40.31485","longitude":"44.59396","feature_class":"P","feature_code":"PPL","country_code":"AM","cc2":"","admin1_code":"05","admin2_code":"","admin3_code":"","admin4_code":"","population":"6972","elevation":"","dem":"1384","timezone":"Asia/Yerevan","modification_date":"2012-01-17"},{"geonameid":"616792","name":"Buzhakan","asciiname":"Buzhakan","alternatenames":["Babakishi","Buzhakan","Бужакан"],"latitude":"40.45294","longitude":"44.52105","feature_class":"P","feature_code":"PPL","country_code":"AM","cc2":"","admin1_code":"05","admin2_code":"","admin3_code":"","admin4_code":"","population":"1678","elevation":"","dem":"1824","timezone":"Asia/Yerevan","modification_date":"2012-01-17"},{"geonameid":"616824","name":"Balahovit","asciiname":"Balahovit","alternatenames":["Balahovit","Balakhovit","Balaovit","Mehub","Mekhub","Mgub","Балаовит","Балаховит"],"latitude":"40.25373","longitude":"44.60426","feature_class":"P","feature_code":"PPL","country_code":"AM","cc2":"","admin1_code":"05","admin2_code":"","admin3_code":"","admin4_code":"","population":"2982","elevation":"","dem":"1388","timezone":"Asia/Yerevan","modification_date":"2012-01-17"},{"geonameid":"616881","name":"Arzni","asciiname":"Arzni","alternatenames":["Arzni","Арзни"],"latitude":"40.29626","longitude":"44.59663","feature_class":"P","feature_code":"PPL","country_code":"AM","cc2":"","admin1_code":"05","admin2_code":"","admin3_code":"","admin4_code":"","population":"2244","elevation":"","dem":"1346","timezone":"Asia/Yerevan","modification_date":"2014-06-26"},{"geonameid":"616882","name":"Arzakan","asciiname":"Arzakan","alternatenames":["Arzakan","Arzakyand","Арзакан"],"latitude":"40.44997","longitude":"44.60648","feature_class":"P","feature_code":"PPL","country_code":"AM","cc2":"","admin1_code":"05","admin2_code":"","admin3_code":"","admin4_code":"","population":"2660","elevation":"","dem":"1489","timezone":"Asia/Yerevan","modification_date":"2012-01-17"},{"geonameid":"616912","name":"Argel","asciiname":"Argel","alternatenames":["Argel","Arkel","Lusakert","Аргел"],"latitude":"40.37943","longitude":"44.59828","feature_class":"P","feature_code":"PPL","country_code":"AM","cc2":"","admin1_code":"05","admin2_code":"","admin3_code":"","admin4_code":"","population":"2528","elevation":"","dem":"1438","timezone":"Asia/Yerevan","modification_date":"2014-06-26"},{"geonameid":"616936","name":"Aramus","asciiname":"Aramus","alternatenames":["Aramus"],"latitude":"40.25095","longitude":"44.66351","feature_class":"P","feature_code":"PPL","country_code":"AM","cc2":"","admin1_code":"05","admin2_code":"","admin3_code":"","admin4_code":"","population":"3214","elevation":"","dem":"1441","timezone":"Asia/Yerevan","modification_date":"2012-01-17"},{"geonameid":"616981","name":"Akunk’","asciiname":"Akunk'","alternatenames":["Akunk'","Akunk’","Bashgyukh"],"latitude":"40.26883","longitude":"44.68481","feature_class":"P","feature_code":"PPL","country_code":"AM","cc2":"","admin1_code":"05","admin2_code":"","admin3_code":"","admin4_code":"","population":"1787","elevation":"","dem":"1454","timezone":"Asia/Yerevan","modification_date":"2012-01-17"},{"geonameid":"617003","name":"Aghavnadzor","asciiname":"Aghavnadzor","alternatenames":["Agavnadzor","Aghavnadzor","Akhavnadzor","Babakishi","Агавнадзор"],"latitude":"40.58195","longitude":"44.69581","feature_class":"P","feature_code":"PPL","country_code":"AM","cc2":"","admin1_code":"05","admin2_code":"","admin3_code":"","admin4_code":"","population":"1252","elevation":"","dem":"1771","timezone":"Asia/Yerevan","modification_date":"2012-01-17"},{"geonameid":"617026","name":"Abovyan","asciiname":"Abovyan","alternatenames":["Abovian","Abovianas","Abovjan","Abovyan","Abowian","Abowjan","Abowyan","Elar","Ellər","a bo wei yang","aboviani","abwfyan  ararat","abwwyan","Абовян","Абовјан","Աբովյան","آبوویان","أبوفيان، أرارات","აბოვიანი","阿博維揚"],"latitude":"40.26741","longitude":"44.62656","feature_class":"P","feature_code":"PPL","country_code":"AM","cc2":"","admin1_code":"05","admin2_code":"","admin3_code":"","admin4_code":"","population":"35673","elevation":"","dem":"1409","timezone":"Asia/Yerevan","modification_date":"2014-06-27"},{"geonameid":"823791","name":"Nor Yerznka","asciiname":"Nor Yerznka","alternatenames":["Nor Yerznka"],"latitude":"40.31356","longitude":"44.40483","feature_class":"P","feature_code":"PPL","country_code":"AM","cc2":"","admin1_code":"05","admin2_code":"","admin3_code":"","admin4_code":"","population":"1459","elevation":"","dem":"1318","timezone":"Asia/Yerevan","modification_date":"2012-01-19"},{"geonameid":"823797","name":"Kamaris","asciiname":"Kamaris","alternatenames":["Kamaris"],"latitude":"40.23539","longitude":"44.69459","feature_class":"P","feature_code":"PPL","country_code":"AM","cc2":"","admin1_code":"05","admin2_code":"","admin3_code":"","admin4_code":"","population":"2064","elevation":"","dem":"1519","timezone":"Asia/Yerevan","modification_date":"2012-01-19"}]}