{"region_data":{"adminCode1":"06","lng":"44.5","geonameId":828263,"toponymName":"Lorru Marz","countryId":"174982","fcl":"A","population":235537,"countryCode":"AM","name":"Lorru Marz","fclName":"country, state, region,...","countryName":"Armenia","fcodeName":"first-order administrative division","adminName1":"Lorri","lat":"41","fcode":"ADM1"},"country_data":{"ISO":"AM","ISO3":"ARM","ISO_Numeric":"051","fips":"AM","country":"Armenia","capital":"Yerevan","area":"29800","Population":"2968000","Continent":"AS","tld":".am","CurrencyCode":"AMD","CurrencyName":"Dram","Phone":"374","Postal_Code_Format":"######","Postal_Code_Regex":"^(\\d{6})$","Languages":"hy","geonameid":"174982","neighbours":"GE,IR,AZ,TR","EquivalentFipsCode":""},"cities":[{"geonameid":"616060","name":"Yeghegnut","asciiname":"Yeghegnut","alternatenames":["Ekheknut","Kamyshkut","Yegegnut","Yeghegnut","Yekhegnut","Yekheknut","Ехекнут"],"latitude":"40.90302","longitude":"44.63155","feature_class":"P","feature_code":"PPL","country_code":"AM","cc2":"","admin1_code":"06","admin2_code":"","admin3_code":"","admin4_code":"","population":"1154","elevation":"","dem":"1096","timezone":"Asia/Yerevan","modification_date":"2012-01-17"},{"geonameid":"616101","name":"Verin Akhtala","asciiname":"Verin Akhtala","alternatenames":["Verin Akhtala","Verkhnyaya Akhtala"],"latitude":"41.16838","longitude":"44.75811","feature_class":"P","feature_code":"PPL","country_code":"AM","cc2":"","admin1_code":"06","admin2_code":"","admin3_code":"","admin4_code":"","population":"1989","elevation":"","dem":"1214","timezone":"Asia/Yerevan","modification_date":"2012-01-17"},{"geonameid":"616120","name":"Vahagni","asciiname":"Vahagni","alternatenames":["Shagali","Vaagni","Vahagni","Ваагни"],"latitude":"40.90698","longitude":"44.60873","feature_class":"P","feature_code":"PPL","country_code":"AM","cc2":"","admin1_code":"06","admin2_code":"","admin3_code":"","admin4_code":"","population":"1184","elevation":"","dem":"1076","timezone":"Asia/Yerevan","modification_date":"2012-01-17"},{"geonameid":"616123","name":"Urrut","asciiname":"Urrut","alternatenames":["Urrut","Urut","Урут"],"latitude":"41.06778","longitude":"44.39628","feature_class":"P","feature_code":"PPL","country_code":"AM","cc2":"","admin1_code":"06","admin2_code":"","admin3_code":"","admin4_code":"","population":"1102","elevation":"","dem":"1459","timezone":"Asia/Yerevan","modification_date":"2012-01-17"},{"geonameid":"616159","name":"Tsaghkaber","asciiname":"Tsaghkaber","alternatenames":["Avdibek","Cakhkaber","Tsaghkaber","Tsakhkaber","Tsakhkashen","Tzaghkaber","Цахкабер"],"latitude":"40.79849","longitude":"44.10144","feature_class":"P","feature_code":"PPL","country_code":"AM","cc2":"","admin1_code":"06","admin2_code":"","admin3_code":"","admin4_code":"","population":"1207","elevation":"","dem":"1762","timezone":"Asia/Yerevan","modification_date":"2012-01-17"},{"geonameid":"616178","name":"Tashir","asciiname":"Tashir","alternatenames":["Kaliniko","Kalinin","Kalinino","Tashir","Vorontsovka","Ташир"],"latitude":"41.12072","longitude":"44.28462","feature_class":"P","feature_code":"PPL","country_code":"AM","cc2":"","admin1_code":"06","admin2_code":"","admin3_code":"","admin4_code":"","population":"7318","elevation":"","dem":"1505","timezone":"Asia/Yerevan","modification_date":"2014-06-26"},{"geonameid":"616199","name":"Spitak","asciiname":"Spitak","alternatenames":["Amamlu","Amamth","Spitak","Спитак"],"latitude":"40.83221","longitude":"44.26731","feature_class":"P","feature_code":"PPL","country_code":"AM","cc2":"","admin1_code":"06","admin2_code":"","admin3_code":"","admin4_code":"","population":"15059","elevation":"","dem":"1548","timezone":"Asia/Yerevan","modification_date":"2012-01-17"},{"geonameid":"616220","name":"Shnogh","asciiname":"Shnogh","alternatenames":["Shnogh","Shnokh","Шнох"],"latitude":"41.14693","longitude":"44.84043","feature_class":"P","feature_code":"PPL","country_code":"AM","cc2":"","admin1_code":"06","admin2_code":"","admin3_code":"","admin4_code":"","population":"2872","elevation":"","dem":"640","timezone":"Asia/Yerevan","modification_date":"2012-01-17"},{"geonameid":"616265","name":"Saramech","asciiname":"Saramech","alternatenames":["Chotur","Saramech","Сарамеч"],"latitude":"40.77487","longitude":"44.2222","feature_class":"P","feature_code":"PPL","country_code":"AM","cc2":"","admin1_code":"06","admin2_code":"","admin3_code":"","admin4_code":"","population":"1111","elevation":"","dem":"1780","timezone":"Asia/Yerevan","modification_date":"2012-01-17"},{"geonameid":"616330","name":"Odzun","asciiname":"Odzun","alternatenames":["Dzun","Odzun","Usuklyar","Uzunlar","Одзун"],"latitude":"41.05321","longitude":"44.61341","feature_class":"P","feature_code":"PPL","country_code":"AM","cc2":"","admin1_code":"06","admin2_code":"","admin3_code":"","admin4_code":"","population":"4524","elevation":"","dem":"1107","timezone":"Asia/Yerevan","modification_date":"2012-01-17"},{"geonameid":"616345","name":"Norashen","asciiname":"Norashen","alternatenames":["Bogdanovka","Norashen","Норашен"],"latitude":"41.18886","longitude":"44.33336","feature_class":"P","feature_code":"PPL","country_code":"AM","cc2":"","admin1_code":"06","admin2_code":"","admin3_code":"","admin4_code":"","population":"1386","elevation":"","dem":"1586","timezone":"Asia/Yerevan","modification_date":"2012-01-17"},{"geonameid":"616410","name":"Mets Parni","asciiname":"Mets Parni","alternatenames":["Bekyand","Mec-Parni","Mets Parni","Parni","Мец-Парни"],"latitude":"40.83335","longitude":"44.11042","feature_class":"P","feature_code":"PPL","country_code":"AM","cc2":"","admin1_code":"06","admin2_code":"","admin3_code":"","admin4_code":"","population":"1934","elevation":"","dem":"1699","timezone":"Asia/Yerevan","modification_date":"2012-01-17"},{"geonameid":"616416","name":"Metsavan","asciiname":"Metsavan","alternatenames":["Mecavan","Metsavan","Shakhnazar","Мецаван"],"latitude":"41.20156","longitude":"44.22877","feature_class":"P","feature_code":"PPL","country_code":"AM","cc2":"","admin1_code":"06","admin2_code":"","admin3_code":"","admin4_code":"","population":"4767","elevation":"","dem":"1576","timezone":"Asia/Yerevan","modification_date":"2012-01-17"},{"geonameid":"616445","name":"Margahovit","asciiname":"Margahovit","alternatenames":["Bozigekh","Gamzachemanskaya","Gamzachiman","Hamgach'iman","Hamgach’iman","Margahovit","Margaovit","Маргаовит"],"latitude":"40.73381","longitude":"44.68474","feature_class":"P","feature_code":"PPL","country_code":"AM","cc2":"","admin1_code":"06","admin2_code":"","admin3_code":"","admin4_code":"","population":"3308","elevation":"","dem":"1752","timezone":"Asia/Yerevan","modification_date":"2012-01-17"},{"geonameid":"616465","name":"Lorut","asciiname":"Lorut","alternatenames":["Lorut","Лорут"],"latitude":"40.93717","longitude":"44.77142","feature_class":"P","feature_code":"PPL","country_code":"AM","cc2":"","admin1_code":"06","admin2_code":"","admin3_code":"","admin4_code":"","population":"1101","elevation":"","dem":"1499","timezone":"Asia/Yerevan","modification_date":"2012-01-17"},{"geonameid":"616474","name":"Lernavan","asciiname":"Lernavan","alternatenames":["Kachagan","Lernavan","Лернаван"],"latitude":"40.7882","longitude":"44.16024","feature_class":"P","feature_code":"PPL","country_code":"AM","cc2":"","admin1_code":"06","admin2_code":"","admin3_code":"","admin4_code":"","population":"1517","elevation":"","dem":"1778","timezone":"Asia/Yerevan","modification_date":"2012-01-17"},{"geonameid":"616476","name":"Lerrnapat","asciiname":"Lerrnapat","alternatenames":["Gadzhikara","Lernapat","Lerrnapat","Makarashen"],"latitude":"40.81538","longitude":"44.39344","feature_class":"P","feature_code":"PPL","country_code":"AM","cc2":"","admin1_code":"06","admin2_code":"","admin3_code":"","admin4_code":"","population":"1710","elevation":"","dem":"1524","timezone":"Asia/Yerevan","modification_date":"2012-01-17"},{"geonameid":"616530","name":"Vanadzor","asciiname":"Vanadzor","alternatenames":["Böyük Qarakilsə","Gharak'ilisa","Gharak’ilisa","Gorad Vanadzor","Karakhs","Karakilis","Karaklis","Kirovakan","Kirowakan","Korovakan","Mets Karakilisa","Vanadzor","Vanadzoras","Vanajor","Wanadsor","Wanadzor","banajoleu","vanadzori","vu~anazoru","wa na zuo er","wanadzwr","Ванадзор","Горад Ванадзор","Кировакан","Վանաձոր","وانادزور","ვანაძორი","ヴァナゾル","瓦纳佐尔","바나조르"],"latitude":"40.80456","longitude":"44.4939","feature_class":"P","feature_code":"PPLA","country_code":"AM","cc2":"","admin1_code":"06","admin2_code":"","admin3_code":"","admin4_code":"","population":"101098","elevation":"","dem":"1344","timezone":"Asia/Yerevan","modification_date":"2014-06-26"},{"geonameid":"616620","name":"Shahumyan","asciiname":"Shahumyan","alternatenames":["Imeni Shaumyana","Shahumian","Shahumyan","Shahumyani Anvan Avazan","Shaumjan","Shaumyan","Шаумян"],"latitude":"40.77482","longitude":"44.54596","feature_class":"P","feature_code":"PPL","country_code":"AM","cc2":"","admin1_code":"06","admin2_code":"","admin3_code":"","admin4_code":"","population":"1843","elevation":"","dem":"1520","timezone":"Asia/Yerevan","modification_date":"2012-01-17"},{"geonameid":"616639","name":"Gyulagarak","asciiname":"Gyulagarak","alternatenames":["Gjulagarak","Gyulabarrak","Gyulagarak","Gyulagorak","Гюлагарак"],"latitude":"40.96715","longitude":"44.47144","feature_class":"P","feature_code":"PPL","country_code":"AM","cc2":"","admin1_code":"06","admin2_code":"","admin3_code":"","admin4_code":"","population":"2109","elevation":"","dem":"1366","timezone":"Asia/Yerevan","modification_date":"2012-01-17"},{"geonameid":"616648","name":"Gugark’","asciiname":"Gugark'","alternatenames":["Gugark","Gugark'","Gugark’","Meghrut","Megrut","Yagublu","Гугарк"],"latitude":"40.8046","longitude":"44.54025","feature_class":"P","feature_code":"PPL","country_code":"AM","cc2":"","admin1_code":"06","admin2_code":"","admin3_code":"","admin4_code":"","population":"4705","elevation":"","dem":"1320","timezone":"Asia/Yerevan","modification_date":"2012-01-17"},{"geonameid":"616659","name":"Gogaran","asciiname":"Gogaran","alternatenames":["Geran","Gogaran","Gëran","Гогаран"],"latitude":"40.89255","longitude":"44.19915","feature_class":"P","feature_code":"PPL","country_code":"AM","cc2":"","admin1_code":"06","admin2_code":"","admin3_code":"","admin4_code":"","population":"1088","elevation":"","dem":"1849","timezone":"Asia/Yerevan","modification_date":"2012-01-17"},{"geonameid":"616702","name":"Fioletovo","asciiname":"Fioletovo","alternatenames":["Fioletovo","Nikitino","Фиолетово"],"latitude":"40.72241","longitude":"44.71769","feature_class":"P","feature_code":"PPL","country_code":"AM","cc2":"","admin1_code":"06","admin2_code":"","admin3_code":"","admin4_code":"","population":"1264","elevation":"","dem":"1686","timezone":"Asia/Yerevan","modification_date":"2012-01-17"},{"geonameid":"616722","name":"Jrashen","asciiname":"Jrashen","alternatenames":["Dzhrashen","Jrashen","Vardnav","Vordnav","Vortnav","Джрашен"],"latitude":"40.79028","longitude":"44.18664","feature_class":"P","feature_code":"PPL","country_code":"AM","cc2":"","admin1_code":"06","admin2_code":"","admin3_code":"","admin4_code":"","population":"3078","elevation":"","dem":"1676","timezone":"Asia/Yerevan","modification_date":"2012-01-17"},{"geonameid":"616742","name":"Dsegh","asciiname":"Dsegh","alternatenames":["Dsegh","Dsekh","Tumanyan","Дсех"],"latitude":"40.9617","longitude":"44.65003","feature_class":"P","feature_code":"PPL","country_code":"AM","cc2":"","admin1_code":"06","admin2_code":"","admin3_code":"","admin4_code":"","population":"2484","elevation":"","dem":"1216","timezone":"Asia/Yerevan","modification_date":"2012-01-17"},{"geonameid":"616763","name":"Darpas","asciiname":"Darpas","alternatenames":["Darbas","Darpas","Дарпас"],"latitude":"40.83674","longitude":"44.42494","feature_class":"P","feature_code":"PPL","country_code":"AM","cc2":"","admin1_code":"06","admin2_code":"","admin3_code":"","admin4_code":"","population":"1785","elevation":"","dem":"1377","timezone":"Asia/Yerevan","modification_date":"2012-01-17"},{"geonameid":"616773","name":"Chochkan","asciiname":"Chochkan","alternatenames":["Chochkan"],"latitude":"41.18118","longitude":"44.83217","feature_class":"P","feature_code":"PPL","country_code":"AM","cc2":"","admin1_code":"06","admin2_code":"","admin3_code":"","admin4_code":"","population":"1740","elevation":"","dem":"767","timezone":"Asia/Yerevan","modification_date":"2012-05-05"},{"geonameid":"616806","name":"Bazum","asciiname":"Bazum","alternatenames":["Bazum","Bzovdal","Базум"],"latitude":"40.86763","longitude":"44.43978","feature_class":"P","feature_code":"PPL","country_code":"AM","cc2":"","admin1_code":"06","admin2_code":"","admin3_code":"","admin4_code":"","population":"1114","elevation":"","dem":"1521","timezone":"Asia/Yerevan","modification_date":"2012-01-17"},{"geonameid":"616920","name":"Arevashogh","asciiname":"Arevashogh","alternatenames":["Arevashogh","Arevashokh","Chigdamal","Chikdamal","Аревашох"],"latitude":"40.86039","longitude":"44.27438","feature_class":"P","feature_code":"PPL","country_code":"AM","cc2":"","admin1_code":"06","admin2_code":"","admin3_code":"","admin4_code":"","population":"2435","elevation":"","dem":"1680","timezone":"Asia/Yerevan","modification_date":"2012-01-17"},{"geonameid":"616974","name":"Alaverdi","asciiname":"Alaverdi","alternatenames":["Alaverdi","Alaverdo","Alaverdy","Alawerdi","Alawerdy","Allahverdi","Allaverdy","Manes","a la wei er di","alaverdi","Алаверди","Алаверді","Ալավերդի","الله‌وردی","ალავერდი","阿拉韋爾迪"],"latitude":"41.09766","longitude":"44.67316","feature_class":"P","feature_code":"PPL","country_code":"AM","cc2":"","admin1_code":"06","admin2_code":"","admin3_code":"","admin4_code":"","population":"13184","elevation":"","dem":"699","timezone":"Asia/Yerevan","modification_date":"2011-01-29"},{"geonameid":"617018","name":"Agarak","asciiname":"Agarak","alternatenames":["Agarak"],"latitude":"41.01072","longitude":"44.46845","feature_class":"P","feature_code":"PPL","country_code":"AM","cc2":"","admin1_code":"06","admin2_code":"","admin3_code":"","admin4_code":"","population":"1278","elevation":"","dem":"1375","timezone":"Asia/Yerevan","modification_date":"2012-02-01"},{"geonameid":"793638","name":"Vardablur","asciiname":"Vardablur","alternatenames":["Vardablur","Verdablur","Вардаблур"],"latitude":"40.97083","longitude":"44.50889","feature_class":"P","feature_code":"PPL","country_code":"AM","cc2":"","admin1_code":"06","admin2_code":"","admin3_code":"","admin4_code":"","population":"1297","elevation":"","dem":"1318","timezone":"Asia/Yerevan","modification_date":"2012-01-19"},{"geonameid":"823745","name":"Shirakamut","asciiname":"Shirakamut","alternatenames":["Shirakamut","Ширакамут"],"latitude":"40.86056","longitude":"44.15278","feature_class":"P","feature_code":"PPL","country_code":"AM","cc2":"","admin1_code":"06","admin2_code":"","admin3_code":"","admin4_code":"","population":"2008","elevation":"","dem":"1766","timezone":"Asia/Yerevan","modification_date":"2012-01-19"}]}