{"region_data":{"adminCode1":"07","lng":"43.83333","geonameId":828264,"toponymName":"Shiraki Marz","countryId":"174982","fcl":"A","population":251941,"countryCode":"AM","name":"Shiraki Marz","fclName":"country, state, region,...","countryName":"Armenia","fcodeName":"first-order administrative division","adminName1":"Shirak","lat":"40.75","fcode":"ADM1"},"country_data":{"ISO":"AM","ISO3":"ARM","ISO_Numeric":"051","fips":"AM","country":"Armenia","capital":"Yerevan","area":"29800","Population":"2968000","Continent":"AS","tld":".am","CurrencyCode":"AMD","CurrencyName":"Dram","Phone":"374","Postal_Code_Format":"######","Postal_Code_Regex":"^(\\d{6})$","Languages":"hy","geonameid":"174982","neighbours":"GE,IR,AZ,TR","EquivalentFipsCode":""},"cities":[{"geonameid":"612561","name":"Horrom","asciiname":"Horrom","alternatenames":["Horom","Horrom","Orom","Ором"],"latitude":"40.66013","longitude":"43.88819","feature_class":"P","feature_code":"PPL","country_code":"AM","cc2":"","admin1_code":"07","admin2_code":"","admin3_code":"","admin4_code":"","population":"1893","elevation":"","dem":"1578","timezone":"Asia/Yerevan","modification_date":"2012-01-17"},{"geonameid":"616053","name":"Yerazgavors","asciiname":"Yerazgavors","alternatenames":["Aralykh","Erazgavors","Yerazgavors","Еразгаворс"],"latitude":"40.7","longitude":"43.75","feature_class":"P","feature_code":"PPLQ","country_code":"AM","cc2":"","admin1_code":"07","admin2_code":"","admin3_code":"","admin4_code":"","population":"1285","elevation":"","dem":"1454","timezone":"Asia/Yerevan","modification_date":"2012-01-17"},{"geonameid":"616076","name":"Voskehask","asciiname":"Voskehask","alternatenames":["Molla Musa","Musakan","Voskeask","Voskehask","Воскеаск"],"latitude":"40.76426","longitude":"43.77474","feature_class":"P","feature_code":"PPL","country_code":"AM","cc2":"","admin1_code":"07","admin2_code":"","admin3_code":"","admin4_code":"","population":"1803","elevation":"","dem":"1495","timezone":"Asia/Yerevan","modification_date":"2012-01-17"},{"geonameid":"616202","name":"Spandaryan","asciiname":"Spandaryan","alternatenames":["Kulidzhan","Spandarjan","Spandaryan","Спандарян"],"latitude":"40.66105","longitude":"44.01551","feature_class":"P","feature_code":"PPL","country_code":"AM","cc2":"","admin1_code":"07","admin2_code":"","admin3_code":"","admin4_code":"","population":"1226","elevation":"","dem":"1825","timezone":"Asia/Yerevan","modification_date":"2012-01-17"},{"geonameid":"616224","name":"Shirak","asciiname":"Shirak","alternatenames":["Konakhkran","Kunakhkran","Shirak","Ширак"],"latitude":"40.84042","longitude":"43.91582","feature_class":"P","feature_code":"PPL","country_code":"AM","cc2":"","admin1_code":"07","admin2_code":"","admin3_code":"","admin4_code":"","population":"1007","elevation":"","dem":"1634","timezone":"Asia/Yerevan","modification_date":"2012-01-17"},{"geonameid":"616262","name":"Saratak","asciiname":"Saratak","alternatenames":["Imrkhan","Saratak","Саратак"],"latitude":"40.66992","longitude":"43.86915","feature_class":"P","feature_code":"PPL","country_code":"AM","cc2":"","admin1_code":"07","admin2_code":"","admin3_code":"","admin4_code":"","population":"1115","elevation":"","dem":"1560","timezone":"Asia/Yerevan","modification_date":"2012-01-17"},{"geonameid":"616297","name":"Pokr Mantash","asciiname":"Pokr Mantash","alternatenames":["Malyy Mantash","Pokr Arkhvali","Pokr Mantash","Покр Манташ"],"latitude":"40.64026","longitude":"44.04666","feature_class":"P","feature_code":"PPL","country_code":"AM","cc2":"","admin1_code":"07","admin2_code":"","admin3_code":"","admin4_code":"","population":"1838","elevation":"","dem":"1977","timezone":"Asia/Yerevan","modification_date":"2012-01-17"},{"geonameid":"616303","name":"Pemzashen","asciiname":"Pemzashen","alternatenames":["Magmudzhuk","Mahmutcuk","Makhmudzhug","Pemzashen","Пемзашен"],"latitude":"40.5851","longitude":"43.94021","feature_class":"P","feature_code":"PPL","country_code":"AM","cc2":"","admin1_code":"07","admin2_code":"","admin3_code":"","admin4_code":"","population":"2436","elevation":"","dem":"1793","timezone":"Asia/Yerevan","modification_date":"2014-06-27"},{"geonameid":"616391","name":"Musayelyan","asciiname":"Musayelyan","alternatenames":["Mets Kyapanak","Musaeljan","Musayelyan","Мусаелян"],"latitude":"40.75767","longitude":"43.99274","feature_class":"P","feature_code":"PPL","country_code":"AM","cc2":"","admin1_code":"07","admin2_code":"","admin3_code":"","admin4_code":"","population":"1499","elevation":"","dem":"1638","timezone":"Asia/Yerevan","modification_date":"2012-01-17"},{"geonameid":"616412","name":"Mets Mant’ash","asciiname":"Mets Mant'ash","alternatenames":["Bol'shoy Mantash","Bol’shoy Mantash","Mantash","Mec-Mantash","Mets Arikhvali","Mets Mant'ash","Mets Mant’ash","Metz Mantash","Мец-Манташ"],"latitude":"40.64376","longitude":"44.05653","feature_class":"P","feature_code":"PPL","country_code":"AM","cc2":"","admin1_code":"07","admin2_code":"","admin3_code":"","admin4_code":"","population":"1973","elevation":"","dem":"1962","timezone":"Asia/Yerevan","modification_date":"2012-01-17"},{"geonameid":"616421","name":"Meghrashen","asciiname":"Meghrashen","alternatenames":["Kazanchi","Meghrashen","Megrashen","Меграшен"],"latitude":"40.67259","longitude":"43.95783","feature_class":"P","feature_code":"PPL","country_code":"AM","cc2":"","admin1_code":"07","admin2_code":"","admin3_code":"","admin4_code":"","population":"1107","elevation":"","dem":"1661","timezone":"Asia/Yerevan","modification_date":"2012-01-17"},{"geonameid":"616442","name":"Marmashen","asciiname":"Marmashen","alternatenames":["Kanlidzha","Marmashen","Verin Kanlidzha","Мармашен"],"latitude":"40.83486","longitude":"43.7779","feature_class":"P","feature_code":"PPL","country_code":"AM","cc2":"","admin1_code":"07","admin2_code":"","admin3_code":"","admin4_code":"","population":"1644","elevation":"","dem":"1619","timezone":"Asia/Yerevan","modification_date":"2012-01-17"},{"geonameid":"616446","name":"Maralik","asciiname":"Maralik","alternatenames":["Maralik","Molla Gekcha","Molla Gëkcha","Маралик"],"latitude":"40.57453","longitude":"43.86862","feature_class":"P","feature_code":"PPL","country_code":"AM","cc2":"","admin1_code":"07","admin2_code":"","admin3_code":"","admin4_code":"","population":"4959","elevation":"","dem":"1713","timezone":"Asia/Yerevan","modification_date":"2014-06-26"},{"geonameid":"616481","name":"Lerrnakert","asciiname":"Lerrnakert","alternatenames":["Lernakert","Lerrnakert","Shirvan","Shirvandzhug"],"latitude":"40.56118","longitude":"43.93851","feature_class":"P","feature_code":"PPL","country_code":"AM","cc2":"","admin1_code":"07","admin2_code":"","admin3_code":"","admin4_code":"","population":"1306","elevation":"","dem":"1985","timezone":"Asia/Yerevan","modification_date":"2012-01-17"},{"geonameid":"616598","name":"Kamo","asciiname":"Kamo","alternatenames":["Gadzhi Nazar","Kamo","Камо"],"latitude":"40.82572","longitude":"43.95071","feature_class":"P","feature_code":"PPL","country_code":"AM","cc2":"","admin1_code":"07","admin2_code":"","admin3_code":"","admin4_code":"","population":"1340","elevation":"","dem":"1642","timezone":"Asia/Yerevan","modification_date":"2012-01-17"},{"geonameid":"616635","name":"Gyumri","asciiname":"Gyumri","alternatenames":["Alek'pol","Alek'sandrapol","Alek'sandrobol","Aleksandropol'","Aleksandropol’","Alek’pol","Alek’sandrapol","Alek’sandrobol","Alexandropol'","Alexandropol’","Ghiumri","Gimri","Giumri","Gjoemri","Gjumri","Gorad Gjumry","Guemrue","Gumri","Gumru","Gumry","Gyumri","Gümrü","Kumayri","Kumri","Kyumayri","Kyumri","Kümri","LWN","Leninakan","ghywmry","giumri","gyumeuli","gyumuri","gywmry","jiu mu li","Горад Гюмры","Гюмри","Гјумри","Ґюмрі","Գյումրի","غيومري","گیومری","გიუმრი","ギュムリ","久姆里","규므리"],"latitude":"40.7942","longitude":"43.84528","feature_class":"P","feature_code":"PPLA","country_code":"AM","cc2":"","admin1_code":"07","admin2_code":"","admin3_code":"","admin4_code":"","population":"148381","elevation":"","dem":"1549","timezone":"Asia/Yerevan","modification_date":"2012-01-17"},{"geonameid":"616719","name":"Dzit’hank’ov","asciiname":"Dzit'hank'ov","alternatenames":["Bazirkhana","Dzit'hank'ov","Dzitankov","Dzitkhankov","Dzit’hank’ov","Дзитанков"],"latitude":"40.50891","longitude":"43.82107","feature_class":"P","feature_code":"PPL","country_code":"AM","cc2":"","admin1_code":"07","admin2_code":"","admin3_code":"","admin4_code":"","population":"1162","elevation":"","dem":"1749","timezone":"Asia/Yerevan","modification_date":"2012-01-17"},{"geonameid":"616835","name":"Azatan","asciiname":"Azatan","alternatenames":["Azatan","Karakhs","Karakilisa","Pokr Karakilisa","Азатан"],"latitude":"40.71959","longitude":"43.82727","feature_class":"P","feature_code":"PPL","country_code":"AM","cc2":"","admin1_code":"07","admin2_code":"","admin3_code":"","admin4_code":"","population":"4448","elevation":"","dem":"1498","timezone":"Asia/Yerevan","modification_date":"2012-01-17"},{"geonameid":"616844","name":"Haykavan","asciiname":"Haykavan","alternatenames":["Ajkavan","Aykavan","Badzhogli","Haykavan","Айкаван"],"latitude":"40.80312","longitude":"43.75173","feature_class":"P","feature_code":"PPL","country_code":"AM","cc2":"","admin1_code":"07","admin2_code":"","admin3_code":"","admin4_code":"","population":"1201","elevation":"","dem":"1557","timezone":"Asia/Yerevan","modification_date":"2012-01-17"},{"geonameid":"616915","name":"Arevshat","asciiname":"Arevshat","alternatenames":["Arevshat","Yekan","Yekanlar","Аревшат"],"latitude":"40.65345","longitude":"44.04419","feature_class":"P","feature_code":"PPL","country_code":"AM","cc2":"","admin1_code":"07","admin2_code":"","admin3_code":"","admin4_code":"","population":"1623","elevation":"","dem":"1913","timezone":"Asia/Yerevan","modification_date":"2012-01-17"},{"geonameid":"616917","name":"Arevik","asciiname":"Arevik","alternatenames":["Arevik","Tapadolag","Tapadolak","Аревик"],"latitude":"40.74226","longitude":"43.9029","feature_class":"P","feature_code":"PPL","country_code":"AM","cc2":"","admin1_code":"07","admin2_code":"","admin3_code":"","admin4_code":"","population":"1522","elevation":"","dem":"1528","timezone":"Asia/Yerevan","modification_date":"2012-01-17"},{"geonameid":"616935","name":"Arrap’i","asciiname":"Arrap'i","alternatenames":["Arapi","Arrap'i","Arrap’i","Odzhakhkuli"],"latitude":"40.78276","longitude":"43.80583","feature_class":"P","feature_code":"PPL","country_code":"AM","cc2":"","admin1_code":"07","admin2_code":"","admin3_code":"","admin4_code":"","population":"1738","elevation":"","dem":"1487","timezone":"Asia/Yerevan","modification_date":"2012-01-17"},{"geonameid":"616955","name":"Anushavan","asciiname":"Anushavan","alternatenames":["Anushavan","Parni","Pokr Parni","Анушаван"],"latitude":"40.65013","longitude":"43.97756","feature_class":"P","feature_code":"PPL","country_code":"AM","cc2":"","admin1_code":"07","admin2_code":"","admin3_code":"","admin4_code":"","population":"1532","elevation":"","dem":"1715","timezone":"Asia/Yerevan","modification_date":"2012-01-17"},{"geonameid":"616971","name":"Amasia","asciiname":"Amasia","alternatenames":["Amasia","Amasija","Amasiya","Gukasyan","Амасия"],"latitude":"40.95442","longitude":"43.7872","feature_class":"P","feature_code":"PPL","country_code":"AM","cc2":"","admin1_code":"07","admin2_code":"","admin3_code":"","admin4_code":"","population":"1675","elevation":"","dem":"1877","timezone":"Asia/Yerevan","modification_date":"2012-01-17"},{"geonameid":"616989","name":"Akhuryan","asciiname":"Akhuryan","alternatenames":["Akhurjan","Akhuryan","Duzk'end","Duzk'end Mets","Duzk'yand","Duzk’end","Duzk’end Mets","Duzk’yand","Ахурян"],"latitude":"40.78003","longitude":"43.90027","feature_class":"P","feature_code":"PPL","country_code":"AM","cc2":"","admin1_code":"07","admin2_code":"","admin3_code":"","admin4_code":"","population":"7672","elevation":"","dem":"1544","timezone":"Asia/Yerevan","modification_date":"2012-01-17"}]}