{"region_data":{"adminCode1":"08","lng":"46.25","geonameId":409314,"toponymName":"Syunik’i Marz","countryId":"174982","fcl":"A","population":141771,"numberOfChildren":1,"countryCode":"AM","name":"Syunik’i Marz","fclName":"country, state, region,...","countryName":"Armenia","fcodeName":"first-order administrative division","adminName1":"Syunikʼ","lat":"39.33333","fcode":"ADM1"},"country_data":{"ISO":"AM","ISO3":"ARM","ISO_Numeric":"051","fips":"AM","country":"Armenia","capital":"Yerevan","area":"29800","Population":"2968000","Continent":"AS","tld":".am","CurrencyCode":"AMD","CurrencyName":"Dram","Phone":"374","Postal_Code_Format":"######","Postal_Code_Regex":"^(\\d{6})$","Languages":"hy","geonameid":"174982","neighbours":"GE,IR,AZ,TR","EquivalentFipsCode":""},"cities":[{"geonameid":"174717","name":"Verishen","asciiname":"Verishen","alternatenames":["Verishen"],"latitude":"39.53557","longitude":"46.31221","feature_class":"P","feature_code":"PPL","country_code":"AM","cc2":"","admin1_code":"08","admin2_code":"","admin3_code":"","admin4_code":"","population":"2114","elevation":"","dem":"1613","timezone":"Asia/Yerevan","modification_date":"2012-01-17"},{"geonameid":"174743","name":"Tegh","asciiname":"Tegh","alternatenames":["Dyg","Lekh","Teg","Tegh","Tekh","Тех","Տեղ"],"latitude":"39.55792","longitude":"46.47723","feature_class":"P","feature_code":"PPL","country_code":"AM","cc2":"","admin1_code":"08","admin2_code":"","admin3_code":"","admin4_code":"","population":"2120","elevation":"","dem":"1350","timezone":"Asia/Yerevan","modification_date":"2012-01-17"},{"geonameid":"174769","name":"Shinuhayr","asciiname":"Shinuhayr","alternatenames":["Shinuair","Shinuajr","Shinuayr","Shinuhayr","Sinuayr","Sinuhayr","Şinuayr","Шинуайр","Շինուհայր"],"latitude":"39.4367","longitude":"46.31787","feature_class":"P","feature_code":"PPL","country_code":"AM","cc2":"","admin1_code":"08","admin2_code":"","admin3_code":"","admin4_code":"","population":"2206","elevation":"","dem":"1500","timezone":"Asia/Yerevan","modification_date":"2012-01-17"},{"geonameid":"174782","name":"Shaghat","asciiname":"Shaghat","alternatenames":["Shagat","Shaghat"],"latitude":"39.56253","longitude":"45.91433","feature_class":"P","feature_code":"PPL","country_code":"AM","cc2":"","admin1_code":"08","admin2_code":"","admin3_code":"","admin4_code":"","population":"1011","elevation":"","dem":"1708","timezone":"Asia/Yerevan","modification_date":"2012-01-17"},{"geonameid":"174823","name":"Meghri","asciiname":"Meghri","alternatenames":["Meghri","Megri","Megry","Mergi","Mogri","Мегри"],"latitude":"38.90292","longitude":"46.24458","feature_class":"P","feature_code":"PPL","country_code":"AM","cc2":"","admin1_code":"08","admin2_code":"","admin3_code":"","admin4_code":"","population":"4540","elevation":"","dem":"657","timezone":"Asia/Yerevan","modification_date":"2012-01-17"},{"geonameid":"174849","name":"Khndzoresk","asciiname":"Khndzoresk","alternatenames":["Khndzoresk","Xnjoresk","Խնձորեսկ"],"latitude":"39.51224","longitude":"46.43284","feature_class":"P","feature_code":"PPL","country_code":"AM","cc2":"","admin1_code":"08","admin2_code":"","admin3_code":"","admin4_code":"","population":"1940","elevation":"","dem":"1524","timezone":"Asia/Yerevan","modification_date":"2012-01-17"},{"geonameid":"174875","name":"Kapan","asciiname":"Kapan","alternatenames":["Ghap'an","Ghap’an","Kafan","Kafin","Kapan","Kapanas","Katan","Madan","Qafan","Zangezur","ka pan","kapan","kapana","Капан","Կապան","کاپان","ਕਪਾਨ","კაპანი","カパン","卡潘","카판"],"latitude":"39.20755","longitude":"46.40576","feature_class":"P","feature_code":"PPLA","country_code":"AM","cc2":"","admin1_code":"08","admin2_code":"","admin3_code":"","admin4_code":"","population":"33160","elevation":"","dem":"774","timezone":"Asia/Yerevan","modification_date":"2012-01-17"},{"geonameid":"174895","name":"Goris","asciiname":"Goris","alternatenames":["Geryusy","Goris","Горис","Գորիս"],"latitude":"39.51288","longitude":"46.33816","feature_class":"P","feature_code":"PPL","country_code":"AM","cc2":"","admin1_code":"08","admin2_code":"","admin3_code":"","admin4_code":"","population":"20379","elevation":"","dem":"1377","timezone":"Asia/Yerevan","modification_date":"2012-01-17"},{"geonameid":"174918","name":"Dzorastan","asciiname":"Dzorastan","alternatenames":["Akhtakhana","Dzorastan","Khlatag"],"latitude":"39.27059","longitude":"46.3572","feature_class":"P","feature_code":"PPL","country_code":"AM","cc2":"","admin1_code":"08","admin2_code":"","admin3_code":"","admin4_code":"","population":"1034","elevation":"","dem":"1206","timezone":"Asia/Yerevan","modification_date":"2012-01-17"},{"geonameid":"174941","name":"Brun","asciiname":"Brun","alternatenames":["Brun","Բրուն"],"latitude":"39.53491","longitude":"46.30732","feature_class":"P","feature_code":"PPL","country_code":"AM","cc2":"","admin1_code":"08","admin2_code":"","admin3_code":"","admin4_code":"","population":"1028","elevation":"","dem":"1641","timezone":"Asia/Yerevan","modification_date":"2012-01-17"},{"geonameid":"174942","name":"Brrnakot’","asciiname":"Brrnakot'","alternatenames":["Brnakot","Brrnakot'","Brrnakot’"],"latitude":"39.49742","longitude":"45.97241","feature_class":"P","feature_code":"PPL","country_code":"AM","cc2":"","admin1_code":"08","admin2_code":"","admin3_code":"","admin4_code":"","population":"1912","elevation":"","dem":"1698","timezone":"Asia/Yerevan","modification_date":"2012-01-17"},{"geonameid":"174972","name":"Hats’avan","asciiname":"Hats'avan","alternatenames":["Acavan","Atsavan","Hats'avan","Hats’avan","Sisian","Ацаван"],"latitude":"39.46405","longitude":"45.97047","feature_class":"P","feature_code":"PPL","country_code":"AM","cc2":"","admin1_code":"08","admin2_code":"","admin3_code":"","admin4_code":"","population":"15208","elevation":"","dem":"1761","timezone":"Asia/Yerevan","modification_date":"2012-01-17"},{"geonameid":"174997","name":"Angeghakot’","asciiname":"Angeghakot'","alternatenames":["Angeghakot'","Angeghakot’","Angekhakot","Angelaut"],"latitude":"39.57017","longitude":"45.94123","feature_class":"P","feature_code":"PPL","country_code":"AM","cc2":"","admin1_code":"08","admin2_code":"","admin3_code":"","admin4_code":"","population":"1726","elevation":"","dem":"1837","timezone":"Asia/Yerevan","modification_date":"2012-01-17"},{"geonameid":"175007","name":"Agarak","asciiname":"Agarak","alternatenames":["Agarak","Aqarak","Агарак"],"latitude":"39.20684","longitude":"46.5446","feature_class":"P","feature_code":"PPL","country_code":"AM","cc2":"","admin1_code":"08","admin2_code":"","admin3_code":"","admin4_code":"","population":"4707","elevation":"","dem":"998","timezone":"Asia/Yerevan","modification_date":"2012-01-17"}]}