{"region_data":{"adminCode1":"09","lng":"45.16667","geonameId":828265,"toponymName":"Tavushi Marz","countryId":"174982","fcl":"A","population":128609,"countryCode":"AM","name":"Tavushi Marz","fclName":"country, state, region,...","countryName":"Armenia","fcodeName":"first-order administrative division","adminName1":"Tavush","lat":"40.91667","fcode":"ADM1"},"country_data":{"ISO":"AM","ISO3":"ARM","ISO_Numeric":"051","fips":"AM","country":"Armenia","capital":"Yerevan","area":"29800","Population":"2968000","Continent":"AS","tld":".am","CurrencyCode":"AMD","CurrencyName":"Dram","Phone":"374","Postal_Code_Format":"######","Postal_Code_Regex":"^(\\d{6})$","Languages":"hy","geonameid":"174982","neighbours":"GE,IR,AZ,TR","EquivalentFipsCode":""},"cities":[{"geonameid":"616072","name":"Voskevan","asciiname":"Voskevan","alternatenames":["Koshkotan","Voskevan","Воскеван"],"latitude":"41.12081","longitude":"45.06381","feature_class":"P","feature_code":"PPL","country_code":"AM","cc2":"","admin1_code":"09","admin2_code":"","admin3_code":"","admin4_code":"","population":"1287","elevation":"","dem":"946","timezone":"Asia/Yerevan","modification_date":"2013-09-06"},{"geonameid":"616259","name":"Sarigyugh","asciiname":"Sarigyugh","alternatenames":["Sariguh","Sarigyugh","Sarigyukh","Sarıgüh","Srigekh","Srygekh"],"latitude":"41.03531","longitude":"45.14486","feature_class":"P","feature_code":"PPL","country_code":"AM","cc2":"","admin1_code":"09","admin2_code":"","admin3_code":"","admin4_code":"","population":"1096","elevation":"","dem":"828","timezone":"Asia/Yerevan","modification_date":"2013-09-06"},{"geonameid":"616333","name":"Noyemberyan","asciiname":"Noyemberyan","alternatenames":["Baran","Barana","Noemberjan","Noyemberyan","Ноемберян"],"latitude":"41.17244","longitude":"44.99917","feature_class":"P","feature_code":"PPL","country_code":"AM","cc2":"","admin1_code":"09","admin2_code":"","admin3_code":"","admin4_code":"","population":"5119","elevation":"","dem":"842","timezone":"Asia/Yerevan","modification_date":"2014-06-26"},{"geonameid":"616383","name":"Navur","asciiname":"Navur","alternatenames":["Navur","Навур"],"latitude":"40.86695","longitude":"45.34179","feature_class":"P","feature_code":"PPL","country_code":"AM","cc2":"","admin1_code":"09","admin2_code":"","admin3_code":"","admin4_code":"","population":"1227","elevation":"","dem":"1482","timezone":"Asia/Yerevan","modification_date":"2012-01-17"},{"geonameid":"616403","name":"Mosesgegh","asciiname":"Mosesgegh","alternatenames":["Mosesgegh","Mosesgekh","Mosesgex","Movses","Мосесгех"],"latitude":"40.90534","longitude":"45.48838","feature_class":"P","feature_code":"PPL","country_code":"AM","cc2":"","admin1_code":"09","admin2_code":"","admin3_code":"","admin4_code":"","population":"1964","elevation":"","dem":"817","timezone":"Asia/Yerevan","modification_date":"2013-09-06"},{"geonameid":"616537","name":"Khasht’arrak","asciiname":"Khasht'arrak","alternatenames":["Hastarak","Həştərək","Khasht'arrak","Khashtarak","Khasht’arrak","Хаштарак"],"latitude":"40.93668","longitude":"45.1821","feature_class":"P","feature_code":"PPL","country_code":"AM","cc2":"","admin1_code":"09","admin2_code":"","admin3_code":"","admin4_code":"","population":"1728","elevation":"","dem":"816","timezone":"Asia/Yerevan","modification_date":"2013-09-06"},{"geonameid":"616627","name":"Ijevan","asciiname":"Ijevan","alternatenames":["Icevan","Iczewan","Idjevan","Idschewan","Idzevan","Idzevanas","Idzhevan","Idževan","Idževanas","Igevano","Ijevan","Istibulagh","Iĝevano","K'aravansaray","K'arvansara","Karavan Savan","Karavansarai","Karvansara","Karvansaray","K’aravansaray","K’arvansara","ayjwan","ijeban","ijevana","ijevani","ijevu~an","yi jie wan","İcevan","Іджеван","Иджеван","Иџеван","Իջևան","ایجوان","ਇਜੇਵਾਨ","იჯევანი","イジェヴァン","伊杰万","이제반"],"latitude":"40.87877","longitude":"45.14851","feature_class":"P","feature_code":"PPLA","country_code":"AM","cc2":"","admin1_code":"09","admin2_code":"","admin3_code":"","admin4_code":"","population":"14737","elevation":"","dem":"677","timezone":"Asia/Yerevan","modification_date":"2014-03-07"},{"geonameid":"616634","name":"Haghartsin","asciiname":"Haghartsin","alternatenames":["Dzharkhech","Dzharkhedzh","Haghardzin","Haghartsin","Kujbyshev","Kuybishev","Kuybyshev","Куйбышев"],"latitude":"40.77614","longitude":"44.96847","feature_class":"P","feature_code":"PPL","country_code":"AM","cc2":"","admin1_code":"09","admin2_code":"","admin3_code":"","admin4_code":"","population":"3370","elevation":"","dem":"1015","timezone":"Asia/Yerevan","modification_date":"2012-01-17"},{"geonameid":"616752","name":"Dilijan","asciiname":"Dilijan","alternatenames":["Delijan","Delishan","Delizhan","Dili","Dili P'ok'r","Dili P’ok’r","Dilican","Dilichan","Dilidjan","Dilidschan","Dilidzan","Dilidzhan","Dilidżan","Dilidžan","Diligano","Dilijan","Dilishan","Dilizanas","Dilizhan","Diliĝano","Diližanas","Hin","Tili","Tilichan","di li ran","dilijani","dylyjan","Дилиджан","Дилижан","Дилиџан","Діліжан","Դիլիջան","دیلیجان","დილიჯანი","迪利然"],"latitude":"40.74103","longitude":"44.86362","feature_class":"P","feature_code":"PPL","country_code":"AM","cc2":"","admin1_code":"09","admin2_code":"","admin3_code":"","admin4_code":"","population":"13478","elevation":"","dem":"1254","timezone":"Asia/Yerevan","modification_date":"2014-06-27"},{"geonameid":"616802","name":"Berd","asciiname":"Berd","alternatenames":["Berd","Berrdagyugh","Berrdgyugh","Bert","Ghalak'yand","Ghalak’yand","Shlorut","T'auzk'end","T'auzkala","T'avuzghala","T'ous","T'ous Gale","T'ovuz","T'uzukala","Taua Kale","Taya-Kala","Tovuz","Tovuzkala","Tovuzqala","T’auzkala","T’auzk’end","T’avuzghala","T’ous","T’ous Gale","T’ovuz","T’uzukala","Volorut","Берд","Товуз"],"latitude":"40.88135","longitude":"45.38901","feature_class":"P","feature_code":"PPL","country_code":"AM","cc2":"","admin1_code":"09","admin2_code":"","admin3_code":"","admin4_code":"","population":"8374","elevation":"","dem":"949","timezone":"Asia/Yerevan","modification_date":"2014-06-27"},{"geonameid":"616828","name":"Bagratashen","asciiname":"Bagratashen","alternatenames":["Bagratasen","Bagratashen","Debedashen","Debetashen","Lambalu","Баграташен","Բագրատաշեն"],"latitude":"41.24358","longitude":"44.81737","feature_class":"P","feature_code":"PPL","country_code":"AM","cc2":"","admin1_code":"09","admin2_code":"","admin3_code":"","admin4_code":"","population":"3024","elevation":"","dem":"440","timezone":"Asia/Yerevan","modification_date":"2013-11-29"},{"geonameid":"616855","name":"Aygehovit","asciiname":"Aygehovit","alternatenames":["Ajgeovit","Aygehovit","Aygeovit","Ayqeovit","Onut","Uzuntala","Айгеовит"],"latitude":"40.97951","longitude":"45.25033","feature_class":"P","feature_code":"PPL","country_code":"AM","cc2":"","admin1_code":"09","admin2_code":"","admin3_code":"","admin4_code":"","population":"2888","elevation":"","dem":"697","timezone":"Asia/Yerevan","modification_date":"2013-09-06"},{"geonameid":"616931","name":"Archis","asciiname":"Archis","alternatenames":["Archis"],"latitude":"41.16351","longitude":"44.87631","feature_class":"P","feature_code":"PPL","country_code":"AM","cc2":"","admin1_code":"09","admin2_code":"","admin3_code":"","admin4_code":"","population":"1235","elevation":"","dem":"754","timezone":"Asia/Yerevan","modification_date":"2012-02-01"},{"geonameid":"823723","name":"Berdavan","asciiname":"Berdavan","alternatenames":["Berdavan"],"latitude":"41.20503","longitude":"44.99967","feature_class":"P","feature_code":"PPL","country_code":"AM","cc2":"","admin1_code":"09","admin2_code":"","admin3_code":"","admin4_code":"","population":"3150","elevation":"","dem":"705","timezone":"Asia/Yerevan","modification_date":"2012-01-19"},{"geonameid":"823748","name":"Azatamut","asciiname":"Azatamut","alternatenames":["Azanut","Azatamut","Азанут"],"latitude":"40.98204","longitude":"45.18551","feature_class":"P","feature_code":"PPL","country_code":"AM","cc2":"","admin1_code":"09","admin2_code":"","admin3_code":"","admin4_code":"","population":"1850","elevation":"","dem":"547","timezone":"Asia/Yerevan","modification_date":"2014-06-27"},{"geonameid":"823749","name":"Getahovit","asciiname":"Getahovit","alternatenames":["Getahovit","Getaovit"],"latitude":"40.89784","longitude":"45.13971","feature_class":"P","feature_code":"PPL","country_code":"AM","cc2":"","admin1_code":"09","admin2_code":"","admin3_code":"","admin4_code":"","population":"2005","elevation":"","dem":"732","timezone":"Asia/Yerevan","modification_date":"2013-09-09"},{"geonameid":"823755","name":"Artsvaberd","asciiname":"Artsvaberd","alternatenames":["Arcvaberd","Artsvaberd","Арцваберд"],"latitude":"40.83947","longitude":"45.47033","feature_class":"P","feature_code":"PPL","country_code":"AM","cc2":"","admin1_code":"09","admin2_code":"","admin3_code":"","admin4_code":"","population":"3193","elevation":"","dem":"1285","timezone":"Asia/Yerevan","modification_date":"2013-09-09"}]}