{"region_data":{"adminCode1":"10","lng":"45.41667","geonameId":409315,"toponymName":"Vayots’ Dzori Marz","countryId":"174982","fcl":"A","population":52846,"numberOfChildren":1,"countryCode":"AM","name":"Vayots’ Dzori Marz","fclName":"country, state, region,...","countryName":"Armenia","fcodeName":"first-order administrative division","adminName1":"Vayotsʼ Dzor","lat":"39.75","fcode":"ADM1"},"country_data":{"ISO":"AM","ISO3":"ARM","ISO_Numeric":"051","fips":"AM","country":"Armenia","capital":"Yerevan","area":"29800","Population":"2968000","Continent":"AS","tld":".am","CurrencyCode":"AMD","CurrencyName":"Dram","Phone":"374","Postal_Code_Format":"######","Postal_Code_Regex":"^(\\d{6})$","Languages":"hy","geonameid":"174982","neighbours":"GE,IR,AZ,TR","EquivalentFipsCode":""},"cities":[{"geonameid":"174703","name":"Zarrit’ap’","asciiname":"Zarrit'ap'","alternatenames":["Azizbekov","Pashaghu","Pashalu","Zaritap","Zarrit'ap'","Zarrit’ap’"],"latitude":"39.63732","longitude":"45.51162","feature_class":"P","feature_code":"PPL","country_code":"AM","cc2":"","admin1_code":"10","admin2_code":"","admin3_code":"","admin4_code":"","population":"1323","elevation":"","dem":"1518","timezone":"Asia/Yerevan","modification_date":"2012-01-17"},{"geonameid":"174710","name":"Yeghegnadzor","asciiname":"Yeghegnadzor","alternatenames":["Egegnajor","Eghegnazor","Ehegnadzor","Ekhegnadzor","Jeghegnadsor","Jeghegnadzor","Jeghegnadzoras","Jekhegnadzor","Keshishkend","Keshishkent","Keşişkənd","Mikoyan","Yegegnadzor","Yeghegik","Yeghegnadzor","Yekhegnadzor","Yeğegnadzor","eghegnadzori","ye hai ge na zuo er","yegeganadajora","yghgnadzwr","Єхегнадзор","Јехегнаџор","Ехегнадзор","Եղեգնաձոր","یغگنادزور","ਯੇਗੇਗਨਾਦਜੋਰ","ეღეგნაძორი","葉海格納佐爾"],"latitude":"39.76389","longitude":"45.33239","feature_class":"P","feature_code":"PPLA","country_code":"AM","cc2":"","admin1_code":"10","admin2_code":"","admin3_code":"","admin4_code":"","population":"8200","elevation":"","dem":"1242","timezone":"Asia/Yerevan","modification_date":"2012-01-17"},{"geonameid":"174716","name":"Vernashen","asciiname":"Vernashen","alternatenames":["Bashkend","Vernashen","Вернашен"],"latitude":"39.79236","longitude":"45.36389","feature_class":"P","feature_code":"PPL","country_code":"AM","cc2":"","admin1_code":"10","admin2_code":"","admin3_code":"","admin4_code":"","population":"1162","elevation":"","dem":"1543","timezone":"Asia/Yerevan","modification_date":"2012-01-17"},{"geonameid":"174726","name":"Vayk’","asciiname":"Vayk'","alternatenames":["Azizbekov","Soylan","Vajk","Vayk'","Vayk’","Вайк"],"latitude":"39.691","longitude":"45.46653","feature_class":"P","feature_code":"PPL","country_code":"AM","cc2":"","admin1_code":"10","admin2_code":"","admin3_code":"","admin4_code":"","population":"5419","elevation":"","dem":"1239","timezone":"Asia/Yerevan","modification_date":"2014-05-14"},{"geonameid":"174755","name":"Surenavan","asciiname":"Surenavan","alternatenames":["Surenavan"],"latitude":"39.79759","longitude":"44.77397","feature_class":"P","feature_code":"PPL","country_code":"AM","cc2":"","admin1_code":"10","admin2_code":"","admin3_code":"","admin4_code":"","population":"2241","elevation":"","dem":"825","timezone":"Asia/Yerevan","modification_date":"2012-12-05"},{"geonameid":"174776","name":"Shatin","asciiname":"Shatin","alternatenames":["Gasankend","Hasankand","Hesan Kand","Shatik","Shatin","Шатин"],"latitude":"39.83568","longitude":"45.30186","feature_class":"P","feature_code":"PPL","country_code":"AM","cc2":"","admin1_code":"10","admin2_code":"","admin3_code":"","admin4_code":"","population":"1671","elevation":"","dem":"1284","timezone":"Asia/Yerevan","modification_date":"2012-01-17"},{"geonameid":"174794","name":"Rrind","asciiname":"Rrind","alternatenames":["Rind","Rrind"],"latitude":"39.76022","longitude":"45.17907","feature_class":"P","feature_code":"PPL","country_code":"AM","cc2":"","admin1_code":"10","admin2_code":"","admin3_code":"","admin4_code":"","population":"1368","elevation":"","dem":"1306","timezone":"Asia/Yerevan","modification_date":"2012-01-17"},{"geonameid":"174828","name":"Malishka","asciiname":"Malishka","alternatenames":["Malishka"],"latitude":"39.73758","longitude":"45.39004","feature_class":"P","feature_code":"PPL","country_code":"AM","cc2":"","admin1_code":"10","admin2_code":"","admin3_code":"","admin4_code":"","population":"4174","elevation":"","dem":"1186","timezone":"Asia/Yerevan","modification_date":"2012-01-17"},{"geonameid":"174884","name":"Jermuk","asciiname":"Jermuk","alternatenames":["Dzhermuk","Jermuk","Джермук"],"latitude":"39.84173","longitude":"45.6723","feature_class":"P","feature_code":"PPL","country_code":"AM","cc2":"","admin1_code":"10","admin2_code":"","admin3_code":"","admin4_code":"","population":"4582","elevation":"","dem":"2111","timezone":"Asia/Yerevan","modification_date":"2012-01-17"},{"geonameid":"174904","name":"Gladzor","asciiname":"Gladzor","alternatenames":["Gladzor","Ortakend","Гладзор"],"latitude":"39.78123","longitude":"45.35043","feature_class":"P","feature_code":"PPL","country_code":"AM","cc2":"","admin1_code":"10","admin2_code":"","admin3_code":"","admin4_code":"","population":"2080","elevation":"","dem":"1400","timezone":"Asia/Yerevan","modification_date":"2012-01-17"},{"geonameid":"174907","name":"Getap’","asciiname":"Getap'","alternatenames":["Getap'","Getap’","Ghyotur","Koytur"],"latitude":"39.76306","longitude":"45.30664","feature_class":"P","feature_code":"PPL","country_code":"AM","cc2":"","admin1_code":"10","admin2_code":"","admin3_code":"","admin4_code":"","population":"1842","elevation":"","dem":"1134","timezone":"Asia/Yerevan","modification_date":"2012-01-17"},{"geonameid":"174980","name":"Yeghegis","asciiname":"Yeghegis","alternatenames":["Alagyaz","Alayaz","Artabuynk","Artabuynk'","Artabuynk’","Erdapin","Yeghegis","Yekhegis"],"latitude":"39.87181","longitude":"45.36002","feature_class":"P","feature_code":"PPL","country_code":"AM","cc2":"","admin1_code":"10","admin2_code":"","admin3_code":"","admin4_code":"","population":"1045","elevation":"","dem":"1579","timezone":"Asia/Yerevan","modification_date":"2012-01-17"},{"geonameid":"174983","name":"Armash","asciiname":"Armash","alternatenames":["Armash"],"latitude":"39.76532","longitude":"44.80902","feature_class":"P","feature_code":"PPL","country_code":"AM","cc2":"","admin1_code":"10","admin2_code":"","admin3_code":"","admin4_code":"","population":"2434","elevation":"","dem":"832","timezone":"Asia/Yerevan","modification_date":"2012-05-05"},{"geonameid":"174984","name":"Areni","asciiname":"Areni","alternatenames":["Areni","Arpa","Арени"],"latitude":"39.71913","longitude":"45.17991","feature_class":"P","feature_code":"PPL","country_code":"AM","cc2":"","admin1_code":"10","admin2_code":"","admin3_code":"","admin4_code":"","population":"1718","elevation":"","dem":"989","timezone":"Asia/Yerevan","modification_date":"2012-01-17"},{"geonameid":"175002","name":"Aghavnadzor","asciiname":"Aghavnadzor","alternatenames":["Agavnadzor","Aghavnadzor","Akhavnadzor","Aynadzor","Агавнадзор"],"latitude":"39.78222","longitude":"45.22753","feature_class":"P","feature_code":"PPL","country_code":"AM","cc2":"","admin1_code":"10","admin2_code":"","admin3_code":"","admin4_code":"","population":"1925","elevation":"","dem":"1548","timezone":"Asia/Yerevan","modification_date":"2012-01-17"},{"geonameid":"175006","name":"Agarakadzor","asciiname":"Agarakadzor","alternatenames":["Agarakadzor","Ayar","Агаракадзор"],"latitude":"39.73405","longitude":"45.35274","feature_class":"P","feature_code":"PPL","country_code":"AM","cc2":"","admin1_code":"10","admin2_code":"","admin3_code":"","admin4_code":"","population":"1195","elevation":"","dem":"1153","timezone":"Asia/Yerevan","modification_date":"2012-01-17"}]}