{"region_data":{"countryId":"3577279","countryName":"Aruba","fclName":"city, village,...","countryCode":"AW","lng":"-70.05064","fcodeName":"populated place","toponymName":"Malmok","fcl":"P","name":"Malmok","fcode":"PPL","geonameId":9179507,"lat":"12.60087","adminName1":"","population":0},"country_data":{"ISO":"AW","ISO3":"ABW","ISO_Numeric":"533","fips":"AA","country":"Aruba","capital":"Oranjestad","area":"193","Population":"71566","Continent":"NA","tld":".aw","CurrencyCode":"AWG","CurrencyName":"Guilder","Phone":"297","Postal_Code_Format":"","Postal_Code_Regex":"","Languages":"nl-AW,es,en","geonameid":"3577279","neighbours":"","EquivalentFipsCode":""},"cities":[]}