{"region_data":{"countryId":"3577279","adminCode1":"00","countryName":"Aruba","fclName":"city, village,...","countryCode":"AW","lng":"-70.03333","fcodeName":"populated locality","toponymName":"Ponton","fcl":"P","name":"Ponton","fcode":"PPLL","geonameId":3577138,"lat":"12.53333","adminName1":"","population":0},"country_data":{"ISO":"AW","ISO3":"ABW","ISO_Numeric":"533","fips":"AA","country":"Aruba","capital":"Oranjestad","area":"193","Population":"71566","Continent":"NA","tld":".aw","CurrencyCode":"AWG","CurrencyName":"Guilder","Phone":"297","Postal_Code_Format":"","Postal_Code_Regex":"","Languages":"nl-AW,es,en","geonameid":"3577279","neighbours":"","EquivalentFipsCode":""},"cities":[{"geonameid":"3577154","name":"Oranjestad","asciiname":"Oranjestad","alternatenames":["Gorad Aran'estad","Oran'estad","Oranestad","Oraniestat","Oranjestad","Oranjestad pa Aruba","Oranjestad på Aruba","Oranjestadas","Oranjestado","Oranjested","Oranjestêd","ao la nie si ta de","awrnjstad","olanyeseutateu","oraniesutaddo","oranjestada","xo ran yes tad","Οράνιεστατ","Горад Араньестад","Оранестад","Ораньестад","Ораньєстад","Орањестад","אורנייסטאד","أورنجستاد","اورنجسٹیڈ، اروبا","ओरांजेश्टाड","โอรันเยสตัด","ორანესტადი","オラニエスタッド","奥腊涅斯塔德","오라녜스타트"],"latitude":"12.52398","longitude":"-70.02703","feature_class":"P","feature_code":"PPLC","country_code":"AW","cc2":"","admin1_code":"00","admin2_code":"","admin3_code":"","admin4_code":"","population":"29998","elevation":"5","dem":"22","timezone":"America/Aruba","modification_date":"2010-12-07"},{"geonameid":"3577277","name":"Babijn","asciiname":"Babijn","alternatenames":["Babijn"],"latitude":"12.53333","longitude":"-69.98333","feature_class":"P","feature_code":"PPLL","country_code":"AW","cc2":"","admin1_code":"00","admin2_code":"","admin3_code":"","admin4_code":"","population":"40627","elevation":"","dem":"28","timezone":"America/Aruba","modification_date":"2013-04-04"},{"geonameid":"3577282","name":"Arasji","asciiname":"Arasji","alternatenames":["Arashi","Arasji"],"latitude":"12.61667","longitude":"-70.06667","feature_class":"P","feature_code":"PPL","country_code":"AW","cc2":"","admin1_code":"00","admin2_code":"","admin3_code":"","admin4_code":"","population":"14649","elevation":"","dem":"-9999","timezone":"America/Aruba","modification_date":"2012-01-18"},{"geonameid":"3577284","name":"Angochi","asciiname":"Angochi","alternatenames":["Angochi"],"latitude":"12.51667","longitude":"-69.95","feature_class":"P","feature_code":"PPLL","country_code":"AW","cc2":"","admin1_code":"00","admin2_code":"","admin3_code":"","admin4_code":"","population":"29442","elevation":"","dem":"83","timezone":"America/Aruba","modification_date":"2012-01-18"}]}